{"formatVersion":1,"offset":0.0,"judgeLineList":[{"bpm":154.0,"notesAbove":[{"type":1,"time":128,"positionX":-3.0,"holdTime":0.0,"speed":1.0,"floorPosition":1.5584415},{"type":1,"time":192,"positionX":3.0,"holdTime":0.0,"speed":1.0,"floorPosition":2.3376622},{"type":1,"time":320,"positionX":3.0,"holdTime":0.0,"speed":1.0,"floorPosition":3.8961039},{"type":1,"time":384,"positionX":3.0,"holdTime":0.0,"speed":1.0,"floorPosition":4.6753244},{"type":1,"time":448,"positionX":-3.0,"holdTime":0.0,"speed":1.0,"floorPosition":5.4545455},{"type":1,"time":576,"positionX":-3.0,"holdTime":0.0,"speed":1.0,"floorPosition":7.012987},{"type":1,"time":640,"positionX":-3.0,"holdTime":0.0,"speed":1.0,"floorPosition":7.7922077},{"type":1,"time":704,"positionX":3.0,"holdTime":0.0,"speed":1.0,"floorPosition":8.571428},{"type":1,"time":832,"positionX":3.0,"holdTime":0.0,"speed":1.0,"floorPosition":10.12987},{"type":1,"time":896,"positionX":3.0,"holdTime":0.0,"speed":1.0,"floorPosition":10.909091},{"type":1,"time":960,"positionX":-3.0,"holdTime":0.0,"speed":1.0,"floorPosition":11.688312},{"type":1,"time":1088,"positionX":-3.0,"holdTime":0.0,"speed":1.0,"floorPosition":13.246754},{"type":1,"time":1152,"positionX":3.0,"holdTime":0.0,"speed":1.0,"floorPosition":14.025974},{"type":1,"time":1200,"positionX":3.0,"holdTime":0.0,"speed":1.0,"floorPosition":14.61039},{"type":1,"time":1248,"positionX":-3.0,"holdTime":0.0,"speed":1.0,"floorPosition":15.194805},{"type":1,"time":1296,"positionX":-3.0,"holdTime":0.0,"speed":1.0,"floorPosition":15.779221},{"type":1,"time":1344,"positionX":3.0,"holdTime":0.0,"speed":1.0,"floorPosition":16.363636},{"type":1,"time":1408,"positionX":-4.0,"holdTime":0.0,"speed":1.0,"floorPosition":17.142857},{"type":1,"time":1456,"positionX":-4.0,"holdTime":0.0,"speed":1.0,"floorPosition":17.727272},{"type":1,"time":1504,"positionX":3.0,"holdTime":0.0,"speed":1.0,"floorPosition":18.311687},{"type":1,"time":1552,"positionX":3.0,"holdTime":0.0,"speed":1.0,"floorPosition":18.896105},{"type":1,"time":1600,"positionX":-2.0,"holdTime":0.0,"speed":1.0,"floorPosition":19.48052},{"type":1,"time":1664,"positionX":4.0,"holdTime":0.0,"speed":1.0,"floorPosition":20.25974},{"type":1,"time":1712,"positionX":4.0,"holdTime":0.0,"speed":1.0,"floorPosition":20.844156},{"type":1,"time":1760,"positionX":-1.0,"holdTime":0.0,"speed":1.0,"floorPosition":21.428572},{"type":1,"time":1808,"positionX":-1.0,"holdTime":0.0,"speed":1.0,"floorPosition":22.012987},{"type":1,"time":1856,"positionX":4.0,"holdTime":0.0,"speed":1.0,"floorPosition":22.597403},{"type":1,"time":1920,"positionX":-4.0,"holdTime":0.0,"speed":1.0,"floorPosition":23.376623},{"type":2,"time":1952,"positionX":-3.0,"holdTime":0.0,"speed":1.0,"floorPosition":23.766233},{"type":1,"time":2000,"positionX":4.0,"holdTime":0.0,"speed":1.0,"floorPosition":24.350649},{"type":2,"time":2032,"positionX":4.0,"holdTime":0.0,"speed":1.0,"floorPosition":24.74026},{"type":2,"time":2080,"positionX":4.0,"holdTime":0.0,"speed":1.0,"floorPosition":25.324675},{"type":2,"time":2112,"positionX":4.0,"holdTime":0.0,"speed":1.0,"floorPosition":25.714285},{"type":1,"time":2176,"positionX":-3.0,"holdTime":0.0,"speed":1.0,"floorPosition":26.493507},{"type":1,"time":2224,"positionX":-3.0,"holdTime":0.0,"speed":1.0,"floorPosition":27.077923},{"type":1,"time":2272,"positionX":3.0,"holdTime":0.0,"speed":1.0,"floorPosition":27.662338},{"type":1,"time":2320,"positionX":3.0,"holdTime":0.0,"speed":1.0,"floorPosition":28.246754},{"type":1,"time":2368,"positionX":-2.0,"holdTime":0.0,"speed":1.0,"floorPosition":28.83117},{"type":1,"time":2432,"positionX":3.0,"holdTime":0.0,"speed":1.0,"floorPosition":29.61039},{"type":1,"time":2480,"positionX":3.0,"holdTime":0.0,"speed":1.0,"floorPosition":30.194805},{"type":1,"time":2528,"positionX":-2.0,"holdTime":0.0,"speed":1.0,"floorPosition":30.77922},{"type":1,"time":2576,"positionX":-2.0,"holdTime":0.0,"speed":1.0,"floorPosition":31.363636},{"type":1,"time":2624,"positionX":2.0,"holdTime":0.0,"speed":1.0,"floorPosition":31.948051},{"type":1,"time":2688,"positionX":-3.0,"holdTime":0.0,"speed":1.0,"floorPosition":32.727272},{"type":1,"time":2736,"positionX":-3.0,"holdTime":0.0,"speed":1.0,"floorPosition":33.311687},{"type":1,"time":2784,"positionX":2.0,"holdTime":0.0,"speed":1.0,"floorPosition":33.896103},{"type":1,"time":2832,"positionX":2.0,"holdTime":0.0,"speed":1.0,"floorPosition":34.48052},{"type":1,"time":2880,"positionX":-2.0,"holdTime":0.0,"speed":1.0,"floorPosition":35.064934},{"type":1,"time":2944,"positionX":4.0,"holdTime":0.0,"speed":1.0,"floorPosition":35.844154},{"type":2,"time":2976,"positionX":3.0,"holdTime":0.0,"speed":1.0,"floorPosition":36.233765},{"type":1,"time":3024,"positionX":-3.0,"holdTime":0.0,"speed":1.0,"floorPosition":36.81818},{"type":2,"time":3056,"positionX":-3.0,"holdTime":0.0,"speed":1.0,"floorPosition":37.20779},{"type":2,"time":3104,"positionX":-3.0,"holdTime":0.0,"speed":1.0,"floorPosition":37.79221},{"type":3,"time":3136,"positionX":3.0,"holdTime":32.0,"speed":1.0,"floorPosition":38.18182},{"type":4,"time":3296,"positionX":-3.0,"holdTime":0.0,"speed":1.0,"floorPosition":40.12987},{"type":4,"time":3424,"positionX":-3.0,"holdTime":0.0,"speed":1.0,"floorPosition":41.688313},{"type":4,"time":3552,"positionX":-3.0,"holdTime":0.0,"speed":1.0,"floorPosition":43.246754},{"type":4,"time":3680,"positionX":-3.0,"holdTime":0.0,"speed":1.0,"floorPosition":44.805195},{"type":4,"time":3808,"positionX":3.0,"holdTime":0.0,"speed":1.0,"floorPosition":46.363636},{"type":4,"time":3936,"positionX":3.0,"holdTime":0.0,"speed":1.0,"floorPosition":47.922077},{"type":4,"time":4064,"positionX":3.0,"holdTime":0.0,"speed":1.0,"floorPosition":49.48052},{"type":4,"time":4192,"positionX":3.0,"holdTime":0.0,"speed":1.0,"floorPosition":51.03896},{"type":4,"time":4320,"positionX":-5.0,"holdTime":0.0,"speed":1.0,"floorPosition":52.597404},{"type":4,"time":4448,"positionX":-5.0,"holdTime":0.0,"speed":1.0,"floorPosition":54.155846},{"type":4,"time":4576,"positionX":5.0,"holdTime":0.0,"speed":1.0,"floorPosition":55.714287},{"type":4,"time":4704,"positionX":5.0,"holdTime":0.0,"speed":1.0,"floorPosition":57.272728},{"type":4,"time":4832,"positionX":-5.0,"holdTime":0.0,"speed":1.0,"floorPosition":58.83117},{"type":4,"time":4960,"positionX":-5.0,"holdTime":0.0,"speed":1.0,"floorPosition":60.38961},{"type":4,"time":5088,"positionX":5.0,"holdTime":0.0,"speed":1.0,"floorPosition":61.94805},{"type":4,"time":5216,"positionX":5.0,"holdTime":0.0,"speed":1.0,"floorPosition":63.506493},{"type":3,"time":5280,"positionX":-4.0,"holdTime":224.0,"speed":1.0,"floorPosition":64.28571},{"type":3,"time":5536,"positionX":4.0,"holdTime":224.0,"speed":1.0,"floorPosition":67.402596},{"type":3,"time":5792,"positionX":-3.0,"holdTime":224.0,"speed":1.0,"floorPosition":70.51948},{"type":3,"time":6048,"positionX":3.0,"holdTime":224.0,"speed":1.0,"floorPosition":73.63636},{"type":3,"time":6304,"positionX":0.0,"holdTime":64.0,"speed":1.0,"floorPosition":76.75325},{"type":3,"time":6400,"positionX":-3.0,"holdTime":96.0,"speed":1.0,"floorPosition":77.92208},{"type":3,"time":6560,"positionX":0.0,"holdTime":64.0,"speed":1.0,"floorPosition":79.87013},{"type":3,"time":6656,"positionX":3.0,"holdTime":96.0,"speed":1.0,"floorPosition":81.03896},{"type":3,"time":6816,"positionX":-4.0,"holdTime":64.0,"speed":1.0,"floorPosition":82.987015},{"type":3,"time":6912,"positionX":-4.0,"holdTime":96.0,"speed":1.0,"floorPosition":84.155846},{"type":3,"time":7072,"positionX":4.0,"holdTime":64.0,"speed":1.0,"floorPosition":86.1039},{"type":3,"time":7168,"positionX":4.0,"holdTime":96.0,"speed":1.0,"floorPosition":87.27273},{"type":3,"time":7328,"positionX":-3.0,"holdTime":64.0,"speed":1.0,"floorPosition":89.22078},{"type":3,"time":7424,"positionX":-3.0,"holdTime":96.0,"speed":1.0,"floorPosition":90.38961},{"type":3,"time":7584,"positionX":3.0,"holdTime":64.0,"speed":1.0,"floorPosition":92.33766},{"type":3,"time":7680,"positionX":3.0,"holdTime":96.0,"speed":1.0,"floorPosition":93.50649},{"type":3,"time":7840,"positionX":-2.0,"holdTime":64.0,"speed":1.0,"floorPosition":95.454544},{"type":3,"time":7936,"positionX":-3.0,"holdTime":96.0,"speed":1.0,"floorPosition":96.623375},{"type":3,"time":8096,"positionX":2.0,"holdTime":64.0,"speed":1.0,"floorPosition":98.57143},{"type":3,"time":8192,"positionX":3.0,"holdTime":96.0,"speed":1.0,"floorPosition":99.74026},{"type":4,"time":8448,"positionX":-4.0,"holdTime":0.0,"speed":1.0,"floorPosition":102.85714},{"type":4,"time":8576,"positionX":-4.0,"holdTime":0.0,"speed":1.0,"floorPosition":104.41558},{"type":4,"time":8704,"positionX":4.0,"holdTime":0.0,"speed":1.0,"floorPosition":105.97403},{"type":4,"time":8832,"positionX":4.0,"holdTime":0.0,"speed":1.0,"floorPosition":107.53247},{"type":1,"time":8960,"positionX":-3.0,"holdTime":0.0,"speed":1.0,"floorPosition":109.09091},{"type":1,"time":8960,"positionX":0.0,"holdTime":0.0,"speed":1.0,"floorPosition":109.09091},{"type":1,"time":9088,"positionX":0.0,"holdTime":0.0,"speed":1.0,"floorPosition":110.64935},{"type":1,"time":9088,"positionX":3.0,"holdTime":0.0,"speed":1.0,"floorPosition":110.64935},{"type":1,"time":9216,"positionX":0.0,"holdTime":0.0,"speed":1.0,"floorPosition":112.207794},{"type":1,"time":9216,"positionX":-4.0,"holdTime":0.0,"speed":1.0,"floorPosition":112.207794},{"type":1,"time":9344,"positionX":0.0,"holdTime":0.0,"speed":1.0,"floorPosition":113.766235},{"type":1,"time":9344,"positionX":4.0,"holdTime":0.0,"speed":1.0,"floorPosition":113.766235},{"type":4,"time":9472,"positionX":-3.0,"holdTime":0.0,"speed":1.0,"floorPosition":115.32468},{"type":4,"time":9600,"positionX":-3.0,"holdTime":0.0,"speed":1.0,"floorPosition":116.88312},{"type":4,"time":9728,"positionX":3.0,"holdTime":0.0,"speed":1.0,"floorPosition":118.44156},{"type":4,"time":9856,"positionX":3.0,"holdTime":0.0,"speed":1.0,"floorPosition":120.0},{"type":2,"time":10496,"positionX":-4.0,"holdTime":0.0,"speed":1.0,"floorPosition":127.792206},{"type":2,"time":10624,"positionX":-4.0,"holdTime":0.0,"speed":1.0,"floorPosition":129.35065},{"type":2,"time":10752,"positionX":0.0,"holdTime":0.0,"speed":1.0,"floorPosition":130.90909},{"type":2,"time":10880,"positionX":0.0,"holdTime":0.0,"speed":1.0,"floorPosition":132.46753},{"type":2,"time":11008,"positionX":4.0,"holdTime":0.0,"speed":1.0,"floorPosition":134.02597},{"type":2,"time":11136,"positionX":4.0,"holdTime":0.0,"speed":1.0,"floorPosition":135.58441},{"type":2,"time":11264,"positionX":0.0,"holdTime":0.0,"speed":1.0,"floorPosition":137.14285},{"type":2,"time":11392,"positionX":0.0,"holdTime":0.0,"speed":1.0,"floorPosition":138.7013},{"type":3,"time":11456,"positionX":-2.0,"holdTime":192.0,"speed":1.0,"floorPosition":139.48051},{"type":3,"time":11712,"positionX":2.0,"holdTime":192.0,"speed":1.0,"floorPosition":142.5974},{"type":3,"time":11968,"positionX":-1.0,"holdTime":192.0,"speed":1.0,"floorPosition":145.71428},{"type":3,"time":12224,"positionX":1.0,"holdTime":192.0,"speed":1.0,"floorPosition":148.83116}],"notesBelow":[{"type":1,"time":9984,"positionX":-3.0,"holdTime":0.0,"speed":1.0,"floorPosition":121.55844},{"type":1,"time":10112,"positionX":-3.0,"holdTime":0.0,"speed":1.0,"floorPosition":123.11688},{"type":1,"time":10240,"positionX":3.0,"holdTime":0.0,"speed":1.0,"floorPosition":124.67532},{"type":1,"time":10368,"positionX":3.0,"holdTime":0.0,"speed":1.0,"floorPosition":126.233765}],"speedEvents":[{"startTime":0.0,"endTime":1000000000.0,"value":1.0}],"judgeLineMoveEvents":[{"startTime":-999999.0,"endTime":128.0,"start":440260.0,"end":440260.0},{"startTime":128.0,"endTime":160.0,"start":440260.0,"end":440258.0},{"startTime":160.0,"endTime":176.0,"start":440258.0,"end":440256.0},{"startTime":176.0,"endTime":192.0,"start":440256.0,"end":440253.0},{"startTime":192.0,"endTime":224.0,"start":440253.0,"end":440245.0},{"startTime":224.0,"endTime":240.0,"start":440245.0,"end":440240.0},{"startTime":240.0,"endTime":256.0,"start":440240.0,"end":440233.0},{"startTime":256.0,"endTime":272.0,"start":440233.0,"end":440227.0},{"startTime":272.0,"endTime":288.0,"start":440227.0,"end":440219.0},{"startTime":288.0,"endTime":304.0,"start":440219.0,"end":440210.0},{"startTime":304.0,"endTime":320.0,"start":440210.0,"end":440201.0},{"startTime":320.0,"endTime":336.0,"start":440201.0,"end":440191.0},{"startTime":336.0,"endTime":352.0,"start":440191.0,"end":440180.0},{"startTime":352.0,"endTime":384.0,"start":440180.0,"end":440156.0},{"startTime":384.0,"endTime":400.0,"start":440156.0,"end":440143.0},{"startTime":400.0,"endTime":416.0,"start":440143.0,"end":440131.0},{"startTime":416.0,"endTime":432.0,"start":440131.0,"end":440120.0},{"startTime":432.0,"endTime":448.0,"start":440120.0,"end":440110.0},{"startTime":448.0,"endTime":464.0,"start":440110.0,"end":440101.0},{"startTime":464.0,"endTime":480.0,"start":440101.0,"end":440092.0},{"startTime":480.0,"endTime":496.0,"start":440092.0,"end":440084.0},{"startTime":496.0,"endTime":512.0,"start":440084.0,"end":440077.0},{"startTime":512.0,"endTime":528.0,"start":440077.0,"end":440071.0},{"startTime":528.0,"endTime":544.0,"start":440071.0,"end":440066.0},{"startTime":544.0,"endTime":560.0,"start":440066.0,"end":440062.0},{"startTime":560.0,"endTime":576.0,"start":440062.0,"end":440058.0},{"startTime":576.0,"endTime":592.0,"start":440058.0,"end":440055.0},{"startTime":592.0,"endTime":608.0,"start":440055.0,"end":440053.0},{"startTime":608.0,"endTime":640.0,"start":440053.0,"end":440051.0},{"startTime":640.0,"endTime":656.0,"start":440051.0,"end":440052.0},{"startTime":656.0,"endTime":672.0,"start":440052.0,"end":440052.0},{"startTime":672.0,"endTime":688.0,"start":440052.0,"end":440053.0},{"startTime":688.0,"endTime":752.0,"start":440053.0,"end":440061.0},{"startTime":752.0,"endTime":768.0,"start":440061.0,"end":440064.0},{"startTime":768.0,"endTime":784.0,"start":440064.0,"end":440068.0},{"startTime":784.0,"endTime":816.0,"start":440068.0,"end":440076.0},{"startTime":816.0,"endTime":832.0,"start":440076.0,"end":440081.0},{"startTime":832.0,"endTime":848.0,"start":440081.0,"end":440086.0},{"startTime":848.0,"endTime":864.0,"start":440086.0,"end":440091.0},{"startTime":864.0,"endTime":896.0,"start":440091.0,"end":440103.0},{"startTime":896.0,"endTime":912.0,"start":440103.0,"end":440110.0},{"startTime":912.0,"endTime":928.0,"start":440110.0,"end":440116.0},{"startTime":928.0,"endTime":944.0,"start":440116.0,"end":440121.0},{"startTime":944.0,"endTime":976.0,"start":440121.0,"end":440131.0},{"startTime":976.0,"endTime":1008.0,"start":440131.0,"end":440139.0},{"startTime":1008.0,"endTime":1024.0,"start":440139.0,"end":440142.0},{"startTime":1024.0,"endTime":1040.0,"start":440142.0,"end":440146.0},{"startTime":1040.0,"endTime":1056.0,"start":440146.0,"end":440148.0},{"startTime":1056.0,"endTime":1072.0,"start":440148.0,"end":440150.0},{"startTime":1072.0,"endTime":1088.0,"start":440150.0,"end":440152.0},{"startTime":1088.0,"endTime":1104.0,"start":440152.0,"end":440154.0},{"startTime":1104.0,"endTime":1120.0,"start":440154.0,"end":440155.0},{"startTime":1120.0,"endTime":1216.0,"start":440155.0,"end":440155.0},{"startTime":1216.0,"endTime":1248.0,"start":440155.0,"end":440153.0},{"startTime":1248.0,"endTime":1264.0,"start":440153.0,"end":440151.0},{"startTime":1264.0,"endTime":1280.0,"start":440151.0,"end":440149.0},{"startTime":1280.0,"endTime":1312.0,"start":440149.0,"end":440143.0},{"startTime":1312.0,"endTime":1328.0,"start":440143.0,"end":440139.0},{"startTime":1328.0,"endTime":1344.0,"start":440139.0,"end":440134.0},{"startTime":1344.0,"endTime":1360.0,"start":440134.0,"end":440128.0},{"startTime":1360.0,"endTime":1376.0,"start":440128.0,"end":440121.0},{"startTime":1376.0,"endTime":1392.0,"start":440121.0,"end":440113.0},{"startTime":1392.0,"endTime":1408.0,"start":440113.0,"end":440103.0},{"startTime":1408.0,"endTime":1424.0,"start":440103.0,"end":440094.0},{"startTime":1424.0,"endTime":1440.0,"start":440094.0,"end":440086.0},{"startTime":1440.0,"endTime":1456.0,"start":440086.0,"end":440079.0},{"startTime":1456.0,"endTime":1472.0,"start":440079.0,"end":440073.0},{"startTime":1472.0,"endTime":1488.0,"start":440073.0,"end":440068.0},{"startTime":1488.0,"endTime":1504.0,"start":440068.0,"end":440064.0},{"startTime":1504.0,"endTime":1536.0,"start":440064.0,"end":440058.0},{"startTime":1536.0,"endTime":1568.0,"start":440058.0,"end":440054.0},{"startTime":1568.0,"endTime":1600.0,"start":440054.0,"end":440052.0},{"startTime":1600.0,"endTime":1648.0,"start":440052.0,"end":440052.0},{"startTime":1648.0,"endTime":1664.0,"start":440052.0,"end":440051.0},{"startTime":1664.0,"endTime":1680.0,"start":440051.0,"end":440052.0},{"startTime":1680.0,"endTime":1728.0,"start":440052.0,"end":440052.0},{"startTime":1728.0,"endTime":1760.0,"start":440052.0,"end":440054.0},{"startTime":1760.0,"endTime":1792.0,"start":440054.0,"end":440058.0},{"startTime":1792.0,"endTime":1824.0,"start":440058.0,"end":440064.0},{"startTime":1824.0,"endTime":1840.0,"start":440064.0,"end":440068.0},{"startTime":1840.0,"endTime":1856.0,"start":440068.0,"end":440073.0},{"startTime":1856.0,"endTime":1872.0,"start":440073.0,"end":440079.0},{"startTime":1872.0,"endTime":1888.0,"start":440079.0,"end":440086.0},{"startTime":1888.0,"endTime":1904.0,"start":440086.0,"end":440094.0},{"startTime":1904.0,"endTime":1920.0,"start":440094.0,"end":440103.0},{"startTime":1920.0,"endTime":1936.0,"start":440103.0,"end":440113.0},{"startTime":1936.0,"endTime":1952.0,"start":440113.0,"end":440121.0},{"startTime":1952.0,"endTime":1968.0,"start":440121.0,"end":440128.0},{"startTime":1968.0,"endTime":1984.0,"start":440128.0,"end":440134.0},{"startTime":1984.0,"endTime":2000.0,"start":440134.0,"end":440139.0},{"startTime":2000.0,"endTime":2016.0,"start":440139.0,"end":440143.0},{"startTime":2016.0,"endTime":2048.0,"start":440143.0,"end":440149.0},{"startTime":2048.0,"endTime":2064.0,"start":440149.0,"end":440151.0},{"startTime":2064.0,"endTime":2080.0,"start":440151.0,"end":440153.0},{"startTime":2080.0,"endTime":2112.0,"start":440153.0,"end":440155.0},{"startTime":2112.0,"endTime":2232.0,"start":440155.0,"end":440155.0},{"startTime":2232.0,"endTime":2240.0,"start":440155.0,"end":441155.0},{"startTime":2240.0,"endTime":2248.0,"start":441155.0,"end":442154.0},{"startTime":2248.0,"endTime":2256.0,"start":442154.0,"end":444153.0},{"startTime":2256.0,"endTime":2264.0,"start":444153.0,"end":446151.0},{"startTime":2264.0,"endTime":2272.0,"start":446151.0,"end":450149.0},{"startTime":2272.0,"endTime":2280.0,"start":450149.0,"end":455146.0},{"startTime":2280.0,"endTime":2288.0,"start":455146.0,"end":462142.0},{"startTime":2288.0,"endTime":2296.0,"start":462142.0,"end":471137.0},{"startTime":2296.0,"endTime":2304.0,"start":471137.0,"end":483129.0},{"startTime":2304.0,"endTime":2312.0,"start":483129.0,"end":496122.0},{"startTime":2312.0,"endTime":2320.0,"start":496122.0,"end":505117.0},{"startTime":2320.0,"endTime":2328.0,"start":505117.0,"end":512113.0},{"startTime":2328.0,"endTime":2336.0,"start":512113.0,"end":517110.0},{"startTime":2336.0,"endTime":2344.0,"start":517110.0,"end":521108.0},{"startTime":2344.0,"endTime":2352.0,"start":521108.0,"end":523106.0},{"startTime":2352.0,"endTime":2360.0,"start":523106.0,"end":525105.0},{"startTime":2360.0,"endTime":2368.0,"start":525105.0,"end":526104.0},{"startTime":2368.0,"endTime":2376.0,"start":526104.0,"end":527104.0},{"startTime":2376.0,"endTime":2424.0,"start":527104.0,"end":527104.0},{"startTime":2424.0,"endTime":2432.0,"start":527104.0,"end":527103.0},{"startTime":2432.0,"endTime":2440.0,"start":527103.0,"end":527104.0},{"startTime":2440.0,"endTime":2488.0,"start":527104.0,"end":527104.0},{"startTime":2488.0,"endTime":2496.0,"start":527104.0,"end":526104.0},{"startTime":2496.0,"endTime":2504.0,"start":526104.0,"end":525105.0},{"startTime":2504.0,"endTime":2512.0,"start":525105.0,"end":523106.0},{"startTime":2512.0,"endTime":2520.0,"start":523106.0,"end":521108.0},{"startTime":2520.0,"endTime":2528.0,"start":521108.0,"end":517110.0},{"startTime":2528.0,"endTime":2536.0,"start":517110.0,"end":512113.0},{"startTime":2536.0,"endTime":2544.0,"start":512113.0,"end":505117.0},{"startTime":2544.0,"endTime":2552.0,"start":505117.0,"end":496122.0},{"startTime":2552.0,"endTime":2560.0,"start":496122.0,"end":483129.0},{"startTime":2560.0,"endTime":2568.0,"start":483129.0,"end":471137.0},{"startTime":2568.0,"endTime":2576.0,"start":471137.0,"end":462142.0},{"startTime":2576.0,"endTime":2584.0,"start":462142.0,"end":455146.0},{"startTime":2584.0,"endTime":2592.0,"start":455146.0,"end":450149.0},{"startTime":2592.0,"endTime":2600.0,"start":450149.0,"end":446151.0},{"startTime":2600.0,"endTime":2608.0,"start":446151.0,"end":444153.0},{"startTime":2608.0,"endTime":2616.0,"start":444153.0,"end":442154.0},{"startTime":2616.0,"endTime":2624.0,"start":442154.0,"end":441155.0},{"startTime":2624.0,"endTime":2632.0,"start":441155.0,"end":440155.0},{"startTime":2632.0,"endTime":2688.0,"start":440155.0,"end":440155.0},{"startTime":2688.0,"endTime":2696.0,"start":440155.0,"end":439155.0},{"startTime":2696.0,"endTime":2744.0,"start":439155.0,"end":439155.0},{"startTime":2744.0,"endTime":2752.0,"start":439155.0,"end":438155.0},{"startTime":2752.0,"endTime":2760.0,"start":438155.0,"end":437154.0},{"startTime":2760.0,"endTime":2768.0,"start":437154.0,"end":435153.0},{"startTime":2768.0,"endTime":2776.0,"start":435153.0,"end":433151.0},{"startTime":2776.0,"endTime":2784.0,"start":433151.0,"end":429149.0},{"startTime":2784.0,"endTime":2792.0,"start":429149.0,"end":424146.0},{"startTime":2792.0,"endTime":2800.0,"start":424146.0,"end":417142.0},{"startTime":2800.0,"endTime":2808.0,"start":417142.0,"end":408137.0},{"startTime":2808.0,"endTime":2816.0,"start":408137.0,"end":395129.0},{"startTime":2816.0,"endTime":2824.0,"start":395129.0,"end":383122.0},{"startTime":2824.0,"endTime":2832.0,"start":383122.0,"end":374117.0},{"startTime":2832.0,"endTime":2840.0,"start":374117.0,"end":367113.0},{"startTime":2840.0,"endTime":2848.0,"start":367113.0,"end":362110.0},{"startTime":2848.0,"endTime":2856.0,"start":362110.0,"end":358108.0},{"startTime":2856.0,"endTime":2864.0,"start":358108.0,"end":356106.0},{"startTime":2864.0,"endTime":2872.0,"start":356106.0,"end":354105.0},{"startTime":2872.0,"endTime":2880.0,"start":354105.0,"end":353104.0},{"startTime":2880.0,"endTime":2888.0,"start":353104.0,"end":352104.0},{"startTime":2888.0,"endTime":2936.0,"start":352104.0,"end":352104.0},{"startTime":2936.0,"endTime":2944.0,"start":352104.0,"end":351103.0},{"startTime":2944.0,"endTime":2952.0,"start":351103.0,"end":352104.0},{"startTime":2952.0,"endTime":3000.0,"start":352104.0,"end":352104.0},{"startTime":3000.0,"endTime":3008.0,"start":352104.0,"end":353104.0},{"startTime":3008.0,"endTime":3016.0,"start":353104.0,"end":354105.0},{"startTime":3016.0,"endTime":3024.0,"start":354105.0,"end":356106.0},{"startTime":3024.0,"endTime":3032.0,"start":356106.0,"end":358108.0},{"startTime":3032.0,"endTime":3040.0,"start":358108.0,"end":362110.0},{"startTime":3040.0,"endTime":3048.0,"start":362110.0,"end":367113.0},{"startTime":3048.0,"endTime":3056.0,"start":367113.0,"end":374117.0},{"startTime":3056.0,"endTime":3064.0,"start":374117.0,"end":383122.0},{"startTime":3064.0,"endTime":3072.0,"start":383122.0,"end":395129.0},{"startTime":3072.0,"endTime":3080.0,"start":395129.0,"end":408137.0},{"startTime":3080.0,"endTime":3088.0,"start":408137.0,"end":417142.0},{"startTime":3088.0,"endTime":3096.0,"start":417142.0,"end":424146.0},{"startTime":3096.0,"endTime":3104.0,"start":424146.0,"end":429149.0},{"startTime":3104.0,"endTime":3112.0,"start":429149.0,"end":433151.0},{"startTime":3112.0,"endTime":3120.0,"start":433151.0,"end":435153.0},{"startTime":3120.0,"endTime":3128.0,"start":435153.0,"end":437154.0},{"startTime":3128.0,"endTime":3136.0,"start":437154.0,"end":438155.0},{"startTime":3136.0,"endTime":3144.0,"start":438155.0,"end":439155.0},{"startTime":3144.0,"endTime":3192.0,"start":439155.0,"end":439155.0},{"startTime":3192.0,"endTime":3200.0,"start":439155.0,"end":440155.0},{"startTime":3200.0,"endTime":3208.0,"start":440155.0,"end":440155.0},{"startTime":3208.0,"endTime":3210.0,"start":440155.0,"end":440153.0},{"startTime":3210.0,"endTime":3211.0,"start":440153.0,"end":440151.0},{"startTime":3211.0,"endTime":3212.0,"start":440151.0,"end":440149.0},{"startTime":3212.0,"endTime":3213.0,"start":440149.0,"end":440146.0},{"startTime":3213.0,"endTime":3214.0,"start":440146.0,"end":440142.0},{"startTime":3214.0,"endTime":3215.0,"start":440142.0,"end":440137.0},{"startTime":3215.0,"endTime":3216.0,"start":440137.0,"end":440129.0},{"startTime":3216.0,"endTime":3217.0,"start":440129.0,"end":440122.0},{"startTime":3217.0,"endTime":3218.0,"start":440122.0,"end":440117.0},{"startTime":3218.0,"endTime":3219.0,"start":440117.0,"end":440113.0},{"startTime":3219.0,"endTime":3220.0,"start":440113.0,"end":440110.0},{"startTime":3220.0,"endTime":3222.0,"start":440110.0,"end":440106.0},{"startTime":3222.0,"endTime":3223.0,"start":440106.0,"end":440105.0},{"startTime":3223.0,"endTime":3224.0,"start":440105.0,"end":440104.0},{"startTime":3224.0,"endTime":3231.0,"start":440104.0,"end":440104.0},{"startTime":3231.0,"endTime":3232.0,"start":440104.0,"end":440103.0},{"startTime":3232.0,"endTime":3488.0,"start":440103.0,"end":440051.0},{"startTime":3488.0,"endTime":3744.0,"start":440051.0,"end":440103.0},{"startTime":3744.0,"endTime":4000.0,"start":440103.0,"end":440051.0},{"startTime":4000.0,"endTime":4256.0,"start":440051.0,"end":440103.0},{"startTime":4256.0,"endTime":4512.0,"start":440103.0,"end":440051.0},{"startTime":4512.0,"endTime":4768.0,"start":440051.0,"end":440103.0},{"startTime":4768.0,"endTime":5024.0,"start":440103.0,"end":440051.0},{"startTime":5024.0,"endTime":5280.0,"start":440051.0,"end":440103.0},{"startTime":5280.0,"endTime":6304.0,"start":440103.0,"end":440104.0},{"startTime":6304.0,"endTime":6560.0,"start":440104.0,"end":440051.0},{"startTime":6560.0,"endTime":6816.0,"start":440051.0,"end":440103.0},{"startTime":6816.0,"endTime":7072.0,"start":440103.0,"end":440051.0},{"startTime":7072.0,"endTime":7328.0,"start":440051.0,"end":440103.0},{"startTime":7328.0,"endTime":7584.0,"start":440103.0,"end":440051.0},{"startTime":7584.0,"endTime":7840.0,"start":440051.0,"end":440103.0},{"startTime":7840.0,"endTime":8096.0,"start":440103.0,"end":440051.0},{"startTime":8096.0,"endTime":8352.0,"start":440051.0,"end":440103.0},{"startTime":8352.0,"endTime":8360.0,"start":440103.0,"end":440103.0},{"startTime":8360.0,"endTime":8361.0,"start":440103.0,"end":440102.0},{"startTime":8361.0,"endTime":8362.0,"start":440102.0,"end":440101.0},{"startTime":8362.0,"endTime":8364.0,"start":440101.0,"end":440097.0},{"startTime":8364.0,"endTime":8365.0,"start":440097.0,"end":440094.0},{"startTime":8365.0,"endTime":8366.0,"start":440094.0,"end":440090.0},{"startTime":8366.0,"endTime":8367.0,"start":440090.0,"end":440085.0},{"startTime":8367.0,"endTime":8368.0,"start":440085.0,"end":440077.0},{"startTime":8368.0,"endTime":8369.0,"start":440077.0,"end":440070.0},{"startTime":8369.0,"endTime":8370.0,"start":440070.0,"end":440065.0},{"startTime":8370.0,"endTime":8371.0,"start":440065.0,"end":440061.0},{"startTime":8371.0,"endTime":8372.0,"start":440061.0,"end":440058.0},{"startTime":8372.0,"endTime":8374.0,"start":440058.0,"end":440054.0},{"startTime":8374.0,"endTime":8376.0,"start":440054.0,"end":440052.0},{"startTime":8376.0,"endTime":8383.0,"start":440052.0,"end":440052.0},{"startTime":8383.0,"endTime":8384.0,"start":440052.0,"end":440051.0},{"startTime":8384.0,"endTime":8640.0,"start":440051.0,"end":351051.0},{"startTime":8640.0,"endTime":8896.0,"start":351051.0,"end":440051.0},{"startTime":8896.0,"endTime":9152.0,"start":440051.0,"end":527051.0},{"startTime":9152.0,"endTime":9408.0,"start":527051.0,"end":440051.0},{"startTime":9408.0,"endTime":9416.0,"start":440051.0,"end":439052.0},{"startTime":9416.0,"endTime":9464.0,"start":439052.0,"end":439052.0},{"startTime":9464.0,"endTime":9472.0,"start":439052.0,"end":438052.0},{"startTime":9472.0,"endTime":9480.0,"start":438052.0,"end":437053.0},{"startTime":9480.0,"endTime":9488.0,"start":437053.0,"end":435054.0},{"startTime":9488.0,"endTime":9496.0,"start":435054.0,"end":433056.0},{"startTime":9496.0,"endTime":9504.0,"start":433056.0,"end":429058.0},{"startTime":9504.0,"endTime":9512.0,"start":429058.0,"end":424061.0},{"startTime":9512.0,"endTime":9520.0,"start":424061.0,"end":417065.0},{"startTime":9520.0,"endTime":9528.0,"start":417065.0,"end":408070.0},{"startTime":9528.0,"endTime":9536.0,"start":408070.0,"end":395077.0},{"startTime":9536.0,"endTime":9544.0,"start":395077.0,"end":383085.0},{"startTime":9544.0,"endTime":9552.0,"start":383085.0,"end":374090.0},{"startTime":9552.0,"endTime":9560.0,"start":374090.0,"end":367094.0},{"startTime":9560.0,"endTime":9568.0,"start":367094.0,"end":362097.0},{"startTime":9568.0,"endTime":9576.0,"start":362097.0,"end":358099.0},{"startTime":9576.0,"endTime":9584.0,"start":358099.0,"end":356101.0},{"startTime":9584.0,"endTime":9592.0,"start":356101.0,"end":354102.0},{"startTime":9592.0,"endTime":9600.0,"start":354102.0,"end":353103.0},{"startTime":9600.0,"endTime":9608.0,"start":353103.0,"end":352103.0},{"startTime":9608.0,"endTime":9656.0,"start":352103.0,"end":352103.0},{"startTime":9656.0,"endTime":9664.0,"start":352103.0,"end":351103.0},{"startTime":9664.0,"endTime":9668.0,"start":351103.0,"end":351103.0},{"startTime":9668.0,"endTime":9672.0,"start":351103.0,"end":352103.0},{"startTime":9672.0,"endTime":9708.0,"start":352103.0,"end":352103.0},{"startTime":9708.0,"endTime":9712.0,"start":352103.0,"end":353103.0},{"startTime":9712.0,"endTime":9716.0,"start":353103.0,"end":354102.0},{"startTime":9716.0,"endTime":9720.0,"start":354102.0,"end":354102.0},{"startTime":9720.0,"endTime":9724.0,"start":354102.0,"end":356101.0},{"startTime":9724.0,"endTime":9728.0,"start":356101.0,"end":357100.0},{"startTime":9728.0,"endTime":9732.0,"start":357100.0,"end":359099.0},{"startTime":9732.0,"endTime":9740.0,"start":359099.0,"end":365095.0},{"startTime":9740.0,"endTime":9744.0,"start":365095.0,"end":369093.0},{"startTime":9744.0,"endTime":9748.0,"start":369093.0,"end":374090.0},{"startTime":9748.0,"endTime":9752.0,"start":374090.0,"end":380087.0},{"startTime":9752.0,"endTime":9756.0,"start":380087.0,"end":387082.0},{"startTime":9756.0,"endTime":9760.0,"start":387082.0,"end":395077.0},{"startTime":9760.0,"endTime":9764.0,"start":395077.0,"end":404073.0},{"startTime":9764.0,"endTime":9768.0,"start":404073.0,"end":411068.0},{"startTime":9768.0,"endTime":9772.0,"start":411068.0,"end":417065.0},{"startTime":9772.0,"endTime":9776.0,"start":417065.0,"end":422062.0},{"startTime":9776.0,"endTime":9780.0,"start":422062.0,"end":426060.0},{"startTime":9780.0,"endTime":9784.0,"start":426060.0,"end":429058.0},{"startTime":9784.0,"endTime":9788.0,"start":429058.0,"end":432056.0},{"startTime":9788.0,"endTime":9792.0,"start":432056.0,"end":434055.0},{"startTime":9792.0,"endTime":9796.0,"start":434055.0,"end":435054.0},{"startTime":9796.0,"endTime":9800.0,"start":435054.0,"end":437053.0},{"startTime":9800.0,"endTime":9804.0,"start":437053.0,"end":437053.0},{"startTime":9804.0,"endTime":9808.0,"start":437053.0,"end":438052.0},{"startTime":9808.0,"endTime":9812.0,"start":438052.0,"end":439052.0},{"startTime":9812.0,"endTime":9848.0,"start":439052.0,"end":439052.0},{"startTime":9848.0,"endTime":9852.0,"start":439052.0,"end":440052.0},{"startTime":9852.0,"endTime":9856.0,"start":440052.0,"end":440051.0},{"startTime":9856.0,"endTime":9857.0,"start":440051.0,"end":440083.0},{"startTime":9857.0,"endTime":9858.0,"start":440083.0,"end":440113.0},{"startTime":9858.0,"endTime":9859.0,"start":440113.0,"end":440140.0},{"startTime":9859.0,"endTime":9860.0,"start":440140.0,"end":440166.0},{"startTime":9860.0,"endTime":9861.0,"start":440166.0,"end":440190.0},{"startTime":9861.0,"endTime":9862.0,"start":440190.0,"end":440213.0},{"startTime":9862.0,"endTime":9863.0,"start":440213.0,"end":440234.0},{"startTime":9863.0,"endTime":9864.0,"start":440234.0,"end":440254.0},{"startTime":9864.0,"endTime":9865.0,"start":440254.0,"end":440272.0},{"startTime":9865.0,"endTime":9866.0,"start":440272.0,"end":440290.0},{"startTime":9866.0,"endTime":9867.0,"start":440290.0,"end":440305.0},{"startTime":9867.0,"endTime":9868.0,"start":440305.0,"end":440320.0},{"startTime":9868.0,"endTime":9869.0,"start":440320.0,"end":440334.0},{"startTime":9869.0,"endTime":9870.0,"start":440334.0,"end":440346.0},{"startTime":9870.0,"endTime":9871.0,"start":440346.0,"end":440358.0},{"startTime":9871.0,"endTime":9872.0,"start":440358.0,"end":440369.0},{"startTime":9872.0,"endTime":9873.0,"start":440369.0,"end":440379.0},{"startTime":9873.0,"endTime":9874.0,"start":440379.0,"end":440388.0},{"startTime":9874.0,"endTime":9876.0,"start":440388.0,"end":440404.0},{"startTime":9876.0,"endTime":9877.0,"start":440404.0,"end":440411.0},{"startTime":9877.0,"endTime":9878.0,"start":440411.0,"end":440417.0},{"startTime":9878.0,"endTime":9879.0,"start":440417.0,"end":440423.0},{"startTime":9879.0,"endTime":9880.0,"start":440423.0,"end":440428.0},{"startTime":9880.0,"endTime":9881.0,"start":440428.0,"end":440433.0},{"startTime":9881.0,"endTime":9882.0,"start":440433.0,"end":440437.0},{"startTime":9882.0,"endTime":9883.0,"start":440437.0,"end":440441.0},{"startTime":9883.0,"endTime":9884.0,"start":440441.0,"end":440444.0},{"startTime":9884.0,"endTime":9886.0,"start":440444.0,"end":440450.0},{"startTime":9886.0,"endTime":9887.0,"start":440450.0,"end":440452.0},{"startTime":9887.0,"endTime":9888.0,"start":440452.0,"end":440455.0},{"startTime":9888.0,"endTime":9889.0,"start":440455.0,"end":440456.0},{"startTime":9889.0,"endTime":9890.0,"start":440456.0,"end":440458.0},{"startTime":9890.0,"endTime":9891.0,"start":440458.0,"end":440460.0},{"startTime":9891.0,"endTime":9895.0,"start":440460.0,"end":440464.0},{"startTime":9895.0,"endTime":9896.0,"start":440464.0,"end":440464.0},{"startTime":9896.0,"endTime":9897.0,"start":440464.0,"end":440465.0},{"startTime":9897.0,"endTime":9898.0,"start":440465.0,"end":440465.0},{"startTime":9898.0,"endTime":9899.0,"start":440465.0,"end":440466.0},{"startTime":9899.0,"endTime":9900.0,"start":440466.0,"end":440466.0},{"startTime":9900.0,"endTime":9901.0,"start":440466.0,"end":440467.0},{"startTime":9901.0,"endTime":9920.0,"start":440467.0,"end":440467.0},{"startTime":9920.0,"endTime":10176.0,"start":440467.0,"end":440415.0},{"startTime":10176.0,"endTime":10368.0,"start":440415.0,"end":440467.0},{"startTime":10368.0,"endTime":10369.0,"start":440467.0,"end":440452.0},{"startTime":10369.0,"endTime":10370.0,"start":440452.0,"end":440437.0},{"startTime":10370.0,"endTime":10371.0,"start":440437.0,"end":440423.0},{"startTime":10371.0,"endTime":10372.0,"start":440423.0,"end":440410.0},{"startTime":10372.0,"endTime":10373.0,"start":440410.0,"end":440398.0},{"startTime":10373.0,"endTime":10374.0,"start":440398.0,"end":440387.0},{"startTime":10374.0,"endTime":10375.0,"start":440387.0,"end":440376.0},{"startTime":10375.0,"endTime":10376.0,"start":440376.0,"end":440366.0},{"startTime":10376.0,"endTime":10378.0,"start":440366.0,"end":440348.0},{"startTime":10378.0,"endTime":10379.0,"start":440348.0,"end":440341.0},{"startTime":10379.0,"endTime":10380.0,"start":440341.0,"end":440333.0},{"startTime":10380.0,"endTime":10381.0,"start":440333.0,"end":440326.0},{"startTime":10381.0,"endTime":10382.0,"start":440326.0,"end":440320.0},{"startTime":10382.0,"endTime":10383.0,"start":440320.0,"end":440314.0},{"startTime":10383.0,"endTime":10385.0,"start":440314.0,"end":440304.0},{"startTime":10385.0,"endTime":10386.0,"start":440304.0,"end":440299.0},{"startTime":10386.0,"endTime":10387.0,"start":440299.0,"end":440295.0},{"startTime":10387.0,"endTime":10388.0,"start":440295.0,"end":440291.0},{"startTime":10388.0,"endTime":10389.0,"start":440291.0,"end":440288.0},{"startTime":10389.0,"endTime":10391.0,"start":440288.0,"end":440282.0},{"startTime":10391.0,"endTime":10392.0,"start":440282.0,"end":440279.0},{"startTime":10392.0,"endTime":10395.0,"start":440279.0,"end":440273.0},{"startTime":10395.0,"endTime":10396.0,"start":440273.0,"end":440271.0},{"startTime":10396.0,"endTime":10397.0,"start":440271.0,"end":440270.0},{"startTime":10397.0,"endTime":10398.0,"start":440270.0,"end":440268.0},{"startTime":10398.0,"endTime":10401.0,"start":440268.0,"end":440265.0},{"startTime":10401.0,"endTime":10402.0,"start":440265.0,"end":440264.0},{"startTime":10402.0,"endTime":10403.0,"start":440264.0,"end":440263.0},{"startTime":10403.0,"endTime":10404.0,"start":440263.0,"end":440263.0},{"startTime":10404.0,"endTime":10405.0,"start":440263.0,"end":440262.0},{"startTime":10405.0,"endTime":10406.0,"start":440262.0,"end":440262.0},{"startTime":10406.0,"endTime":10407.0,"start":440262.0,"end":440261.0},{"startTime":10407.0,"endTime":10410.0,"start":440261.0,"end":440261.0},{"startTime":10410.0,"endTime":10411.0,"start":440261.0,"end":440260.0},{"startTime":10411.0,"endTime":12512.0,"start":440260.0,"end":440260.0},{"startTime":12512.0,"endTime":12513.0,"start":440260.0,"end":440240.0},{"startTime":12513.0,"endTime":12514.0,"start":440240.0,"end":440221.0},{"startTime":12514.0,"endTime":12515.0,"start":440221.0,"end":440204.0},{"startTime":12515.0,"endTime":12516.0,"start":440204.0,"end":440188.0},{"startTime":12516.0,"endTime":12517.0,"start":440188.0,"end":440173.0},{"startTime":12517.0,"endTime":12518.0,"start":440173.0,"end":440158.0},{"startTime":12518.0,"endTime":12519.0,"start":440158.0,"end":440145.0},{"startTime":12519.0,"endTime":12521.0,"start":440145.0,"end":440121.0},{"startTime":12521.0,"endTime":12523.0,"start":440121.0,"end":440101.0},{"startTime":12523.0,"endTime":12524.0,"start":440101.0,"end":440092.0},{"startTime":12524.0,"endTime":12525.0,"start":440092.0,"end":440083.0},{"startTime":12525.0,"endTime":12526.0,"start":440083.0,"end":440075.0},{"startTime":12526.0,"endTime":12527.0,"start":440075.0,"end":440068.0},{"startTime":12527.0,"endTime":12528.0,"start":440068.0,"end":440061.0},{"startTime":12528.0,"endTime":12530.0,"start":440061.0,"end":440049.0},{"startTime":12530.0,"endTime":12532.0,"start":440049.0,"end":440039.0},{"startTime":12532.0,"endTime":12533.0,"start":440039.0,"end":440035.0},{"startTime":12533.0,"endTime":12534.0,"start":440035.0,"end":440031.0},{"startTime":12534.0,"endTime":12535.0,"start":440031.0,"end":440028.0},{"startTime":12535.0,"endTime":12536.0,"start":440028.0,"end":440024.0},{"startTime":12536.0,"endTime":12537.0,"start":440024.0,"end":440021.0},{"startTime":12537.0,"endTime":12538.0,"start":440021.0,"end":440019.0},{"startTime":12538.0,"endTime":12539.0,"start":440019.0,"end":440016.0},{"startTime":12539.0,"endTime":12541.0,"start":440016.0,"end":440012.0},{"startTime":12541.0,"endTime":12542.0,"start":440012.0,"end":440011.0},{"startTime":12542.0,"endTime":12543.0,"start":440011.0,"end":440009.0},{"startTime":12543.0,"endTime":12544.0,"start":440009.0,"end":440008.0},{"startTime":12544.0,"endTime":12545.0,"start":440008.0,"end":440006.0},{"startTime":12545.0,"endTime":12546.0,"start":440006.0,"end":440005.0},{"startTime":12546.0,"endTime":12547.0,"start":440005.0,"end":440004.0},{"startTime":12547.0,"endTime":12548.0,"start":440004.0,"end":440004.0},{"startTime":12548.0,"endTime":12549.0,"start":440004.0,"end":440003.0},{"startTime":12549.0,"endTime":12550.0,"start":440003.0,"end":440002.0},{"startTime":12550.0,"endTime":12551.0,"start":440002.0,"end":440002.0},{"startTime":12551.0,"endTime":12552.0,"start":440002.0,"end":440001.0},{"startTime":12552.0,"endTime":12554.0,"start":440001.0,"end":440001.0},{"startTime":12554.0,"endTime":12555.0,"start":440001.0,"end":440000.0},{"startTime":12555.0,"endTime":1000000000.0,"start":440000.0,"end":440000.0}],"judgeLineRotateEvents":[{"startTime":-999999.0,"endTime":2176.0,"start":0.0,"end":0.0},{"startTime":2176.0,"endTime":2184.0,"start":0.0,"end":0.000008719999},{"startTime":2184.0,"endTime":2192.0,"start":0.000008719999,"end":0.00025686398},{"startTime":2192.0,"endTime":2200.0,"start":0.00025686398,"end":0.0019047842},{"startTime":2200.0,"endTime":2208.0,"start":0.0019047842,"end":0.007937599},{"startTime":2208.0,"endTime":2216.0,"start":0.007937599,"end":0.024067216},{"startTime":2216.0,"endTime":2224.0,"start":0.024067216,"end":0.059634335},{"startTime":2224.0,"endTime":2232.0,"start":0.059634335,"end":0.12851048},{"startTime":2232.0,"endTime":2240.0,"start":0.12851048,"end":0.25},{"startTime":2240.0,"endTime":2248.0,"start":0.25,"end":0.4511479},{"startTime":2248.0,"endTime":2256.0,"start":0.4511479,"end":0.764428},{"startTime":2256.0,"endTime":2264.0,"start":0.764428,"end":1.2311769},{"startTime":2264.0,"endTime":2272.0,"start":1.2311769,"end":1.9018128},{"startTime":2272.0,"endTime":2280.0,"start":1.9018128,"end":2.836739},{"startTime":2280.0,"endTime":2288.0,"start":2.836739,"end":4.1072454},{"startTime":2288.0,"endTime":2296.0,"start":4.1072454,"end":5.7964096},{"startTime":2296.0,"endTime":2312.0,"start":5.7964096,"end":10.20359},{"startTime":2312.0,"endTime":2320.0,"start":10.20359,"end":11.892755},{"startTime":2320.0,"endTime":2328.0,"start":11.892755,"end":13.163261},{"startTime":2328.0,"endTime":2336.0,"start":13.163261,"end":14.0981865},{"startTime":2336.0,"endTime":2344.0,"start":14.0981865,"end":14.768824},{"startTime":2344.0,"endTime":2352.0,"start":14.768824,"end":15.235572},{"startTime":2352.0,"endTime":2360.0,"start":15.235572,"end":15.548851},{"startTime":2360.0,"endTime":2368.0,"start":15.548851,"end":15.75},{"startTime":2368.0,"endTime":2376.0,"start":15.75,"end":15.87149},{"startTime":2376.0,"endTime":2384.0,"start":15.87149,"end":15.940365},{"startTime":2384.0,"endTime":2392.0,"start":15.940365,"end":15.975933},{"startTime":2392.0,"endTime":2400.0,"start":15.975933,"end":15.992062},{"startTime":2400.0,"endTime":2408.0,"start":15.992062,"end":15.9980955},{"startTime":2408.0,"endTime":2416.0,"start":15.9980955,"end":15.999743},{"startTime":2416.0,"endTime":2424.0,"start":15.999743,"end":15.999991},{"startTime":2424.0,"endTime":2432.0,"start":15.999991,"end":16.0},{"startTime":2432.0,"endTime":2440.0,"start":16.0,"end":15.999991},{"startTime":2440.0,"endTime":2448.0,"start":15.999991,"end":15.999743},{"startTime":2448.0,"endTime":2456.0,"start":15.999743,"end":15.9980955},{"startTime":2456.0,"endTime":2464.0,"start":15.9980955,"end":15.992063},{"startTime":2464.0,"endTime":2472.0,"start":15.992063,"end":15.975933},{"startTime":2472.0,"endTime":2480.0,"start":15.975933,"end":15.940366},{"startTime":2480.0,"endTime":2488.0,"start":15.940366,"end":15.87149},{"startTime":2488.0,"endTime":2496.0,"start":15.87149,"end":15.75},{"startTime":2496.0,"endTime":2504.0,"start":15.75,"end":15.548852},{"startTime":2504.0,"endTime":2512.0,"start":15.548852,"end":15.235572},{"startTime":2512.0,"endTime":2520.0,"start":15.235572,"end":14.768824},{"startTime":2520.0,"endTime":2528.0,"start":14.768824,"end":14.098187},{"startTime":2528.0,"endTime":2536.0,"start":14.098187,"end":13.163261},{"startTime":2536.0,"endTime":2544.0,"start":13.163261,"end":11.892755},{"startTime":2544.0,"endTime":2552.0,"start":11.892755,"end":10.20359},{"startTime":2552.0,"endTime":2568.0,"start":10.20359,"end":5.7964096},{"startTime":2568.0,"endTime":2576.0,"start":5.7964096,"end":4.1072454},{"startTime":2576.0,"endTime":2584.0,"start":4.1072454,"end":2.8367386},{"startTime":2584.0,"endTime":2592.0,"start":2.8367386,"end":1.9018135},{"startTime":2592.0,"endTime":2600.0,"start":1.9018135,"end":1.2311764},{"startTime":2600.0,"endTime":2608.0,"start":1.2311764,"end":0.76442814},{"startTime":2608.0,"endTime":2616.0,"start":0.76442814,"end":0.451149},{"startTime":2616.0,"endTime":2624.0,"start":0.451149,"end":0.25},{"startTime":2624.0,"endTime":2632.0,"start":0.25,"end":0.12851048},{"startTime":2632.0,"endTime":2640.0,"start":0.12851048,"end":0.059635162},{"startTime":2640.0,"endTime":2648.0,"start":0.059635162,"end":0.024066925},{"startTime":2648.0,"endTime":2656.0,"start":0.024066925,"end":0.007938385},{"startTime":2656.0,"endTime":2664.0,"start":0.007938385,"end":0.0019044876},{"startTime":2664.0,"endTime":2672.0,"start":0.0019044876,"end":0.0002565384},{"startTime":2672.0,"endTime":2680.0,"start":0.0002565384,"end":0.000008583069},{"startTime":2680.0,"endTime":2688.0,"start":0.000008583069,"end":0.0},{"startTime":2688.0,"endTime":2696.0,"start":0.0,"end":-0.000008719999},{"startTime":2696.0,"endTime":2704.0,"start":-0.000008719999,"end":-0.00025686398},{"startTime":2704.0,"endTime":2712.0,"start":-0.00025686398,"end":-0.0019047842},{"startTime":2712.0,"endTime":2720.0,"start":-0.0019047842,"end":-0.007937599},{"startTime":2720.0,"endTime":2728.0,"start":-0.007937599,"end":-0.024067216},{"startTime":2728.0,"endTime":2736.0,"start":-0.024067216,"end":-0.059634335},{"startTime":2736.0,"endTime":2744.0,"start":-0.059634335,"end":-0.12851048},{"startTime":2744.0,"endTime":2752.0,"start":-0.12851048,"end":-0.25},{"startTime":2752.0,"endTime":2760.0,"start":-0.25,"end":-0.4511479},{"startTime":2760.0,"endTime":2768.0,"start":-0.4511479,"end":-0.764428},{"startTime":2768.0,"endTime":2776.0,"start":-0.764428,"end":-1.2311769},{"startTime":2776.0,"endTime":2784.0,"start":-1.2311769,"end":-1.9018128},{"startTime":2784.0,"endTime":2792.0,"start":-1.9018128,"end":-2.836739},{"startTime":2792.0,"endTime":2800.0,"start":-2.836739,"end":-4.1072454},{"startTime":2800.0,"endTime":2808.0,"start":-4.1072454,"end":-5.7964096},{"startTime":2808.0,"endTime":2824.0,"start":-5.7964096,"end":-10.20359},{"startTime":2824.0,"endTime":2832.0,"start":-10.20359,"end":-11.892755},{"startTime":2832.0,"endTime":2840.0,"start":-11.892755,"end":-13.163261},{"startTime":2840.0,"endTime":2848.0,"start":-13.163261,"end":-14.0981865},{"startTime":2848.0,"endTime":2856.0,"start":-14.0981865,"end":-14.768824},{"startTime":2856.0,"endTime":2864.0,"start":-14.768824,"end":-15.235572},{"startTime":2864.0,"endTime":2872.0,"start":-15.235572,"end":-15.548851},{"startTime":2872.0,"endTime":2880.0,"start":-15.548851,"end":-15.75},{"startTime":2880.0,"endTime":2888.0,"start":-15.75,"end":-15.87149},{"startTime":2888.0,"endTime":2896.0,"start":-15.87149,"end":-15.940365},{"startTime":2896.0,"endTime":2904.0,"start":-15.940365,"end":-15.975933},{"startTime":2904.0,"endTime":2912.0,"start":-15.975933,"end":-15.992062},{"startTime":2912.0,"endTime":2920.0,"start":-15.992062,"end":-15.9980955},{"startTime":2920.0,"endTime":2928.0,"start":-15.9980955,"end":-15.999743},{"startTime":2928.0,"endTime":2936.0,"start":-15.999743,"end":-15.999991},{"startTime":2936.0,"endTime":2944.0,"start":-15.999991,"end":-16.0},{"startTime":2944.0,"endTime":2952.0,"start":-16.0,"end":-15.999991},{"startTime":2952.0,"endTime":2960.0,"start":-15.999991,"end":-15.999743},{"startTime":2960.0,"endTime":2968.0,"start":-15.999743,"end":-15.9980955},{"startTime":2968.0,"endTime":2976.0,"start":-15.9980955,"end":-15.992063},{"startTime":2976.0,"endTime":2984.0,"start":-15.992063,"end":-15.975933},{"startTime":2984.0,"endTime":2992.0,"start":-15.975933,"end":-15.940366},{"startTime":2992.0,"endTime":3000.0,"start":-15.940366,"end":-15.87149},{"startTime":3000.0,"endTime":3008.0,"start":-15.87149,"end":-15.75},{"startTime":3008.0,"endTime":3016.0,"start":-15.75,"end":-15.548852},{"startTime":3016.0,"endTime":3024.0,"start":-15.548852,"end":-15.235572},{"startTime":3024.0,"endTime":3032.0,"start":-15.235572,"end":-14.768824},{"startTime":3032.0,"endTime":3040.0,"start":-14.768824,"end":-14.098187},{"startTime":3040.0,"endTime":3048.0,"start":-14.098187,"end":-13.163261},{"startTime":3048.0,"endTime":3056.0,"start":-13.163261,"end":-11.892755},{"startTime":3056.0,"endTime":3064.0,"start":-11.892755,"end":-10.20359},{"startTime":3064.0,"endTime":3080.0,"start":-10.20359,"end":-5.7964096},{"startTime":3080.0,"endTime":3088.0,"start":-5.7964096,"end":-4.1072454},{"startTime":3088.0,"endTime":3096.0,"start":-4.1072454,"end":-2.8367386},{"startTime":3096.0,"endTime":3104.0,"start":-2.8367386,"end":-1.9018135},{"startTime":3104.0,"endTime":3112.0,"start":-1.9018135,"end":-1.2311764},{"startTime":3112.0,"endTime":3120.0,"start":-1.2311764,"end":-0.76442814},{"startTime":3120.0,"endTime":3128.0,"start":-0.76442814,"end":-0.451149},{"startTime":3128.0,"endTime":3136.0,"start":-0.451149,"end":-0.25},{"startTime":3136.0,"endTime":3144.0,"start":-0.25,"end":-0.12851048},{"startTime":3144.0,"endTime":3152.0,"start":-0.12851048,"end":-0.059635162},{"startTime":3152.0,"endTime":3160.0,"start":-0.059635162,"end":-0.024066925},{"startTime":3160.0,"endTime":3168.0,"start":-0.024066925,"end":-0.007938385},{"startTime":3168.0,"endTime":3176.0,"start":-0.007938385,"end":-0.0019044876},{"startTime":3176.0,"endTime":3184.0,"start":-0.0019044876,"end":-0.0002565384},{"startTime":3184.0,"endTime":3192.0,"start":-0.0002565384,"end":-0.000008583069},{"startTime":3192.0,"endTime":3200.0,"start":-0.000008583069,"end":0.0},{"startTime":3200.0,"endTime":5280.0,"start":0.0,"end":0.0},{"startTime":5280.0,"endTime":5536.0,"start":0.0,"end":12.0},{"startTime":5536.0,"endTime":6048.0,"start":12.0,"end":-12.0},{"startTime":6048.0,"endTime":6304.0,"start":-12.0,"end":0.0},{"startTime":6304.0,"endTime":7328.0,"start":0.0,"end":0.0},{"startTime":7328.0,"endTime":7584.0,"start":0.0,"end":6.0},{"startTime":7584.0,"endTime":8096.0,"start":6.0,"end":-6.0},{"startTime":8096.0,"endTime":8352.0,"start":-6.0,"end":0.0},{"startTime":8352.0,"endTime":9408.0,"start":0.0,"end":0.0},{"startTime":9408.0,"endTime":9416.0,"start":0.0,"end":-0.0000027249996},{"startTime":9416.0,"endTime":9424.0,"start":-0.0000027249996,"end":-0.000080269994},{"startTime":9424.0,"endTime":9432.0,"start":-0.000080269994,"end":-0.00059524504},{"startTime":9432.0,"endTime":9440.0,"start":-0.00059524504,"end":-0.0024804997},{"startTime":9440.0,"endTime":9448.0,"start":-0.0024804997,"end":-0.007521005},{"startTime":9448.0,"endTime":9456.0,"start":-0.007521005,"end":-0.01863573},{"startTime":9456.0,"endTime":9464.0,"start":-0.01863573,"end":-0.040159523},{"startTime":9464.0,"endTime":9472.0,"start":-0.040159523,"end":-0.078125},{"startTime":9472.0,"endTime":9480.0,"start":-0.078125,"end":-0.14098373},{"startTime":9480.0,"endTime":9488.0,"start":-0.14098373,"end":-0.23888376},{"startTime":9488.0,"endTime":9496.0,"start":-0.23888376,"end":-0.38474277},{"startTime":9496.0,"endTime":9504.0,"start":-0.38474277,"end":-0.5943165},{"startTime":9504.0,"endTime":9512.0,"start":-0.5943165,"end":-0.8864809},{"startTime":9512.0,"endTime":9520.0,"start":-0.8864809,"end":-1.2835143},{"startTime":9520.0,"endTime":9528.0,"start":-1.2835143,"end":-1.811378},{"startTime":9528.0,"endTime":9544.0,"start":-1.811378,"end":-3.188622},{"startTime":9544.0,"endTime":9552.0,"start":-3.188622,"end":-3.7164857},{"startTime":9552.0,"endTime":9560.0,"start":-3.7164857,"end":-4.113519},{"startTime":9560.0,"endTime":9568.0,"start":-4.113519,"end":-4.4056835},{"startTime":9568.0,"endTime":9576.0,"start":-4.4056835,"end":-4.6152573},{"startTime":9576.0,"endTime":9584.0,"start":-4.6152573,"end":-4.761116},{"startTime":9584.0,"endTime":9592.0,"start":-4.761116,"end":-4.859016},{"startTime":9592.0,"endTime":9600.0,"start":-4.859016,"end":-4.921875},{"startTime":9600.0,"endTime":9608.0,"start":-4.921875,"end":-4.9598403},{"startTime":9608.0,"endTime":9616.0,"start":-4.9598403,"end":-4.9813643},{"startTime":9616.0,"endTime":9624.0,"start":-4.9813643,"end":-4.9924793},{"startTime":9624.0,"endTime":9632.0,"start":-4.9924793,"end":-4.9975195},{"startTime":9632.0,"endTime":9640.0,"start":-4.9975195,"end":-4.999405},{"startTime":9640.0,"endTime":9648.0,"start":-4.999405,"end":-4.99992},{"startTime":9648.0,"endTime":9656.0,"start":-4.99992,"end":-4.999997},{"startTime":9656.0,"endTime":9664.0,"start":-4.999997,"end":-5.0},{"startTime":9664.0,"endTime":9668.0,"start":-5.0,"end":-4.9999995},{"startTime":9668.0,"endTime":9672.0,"start":-4.9999995,"end":-4.999989},{"startTime":9672.0,"endTime":9676.0,"start":-4.999989,"end":-4.99992},{"startTime":9676.0,"endTime":9680.0,"start":-4.99992,"end":-4.9996676},{"startTime":9680.0,"endTime":9684.0,"start":-4.9996676,"end":-4.9989967},{"startTime":9684.0,"endTime":9688.0,"start":-4.9989967,"end":-4.9975195},{"startTime":9688.0,"endTime":9692.0,"start":-4.9975195,"end":-4.9946637},{"startTime":9692.0,"endTime":9696.0,"start":-4.9946637,"end":-4.989631},{"startTime":9696.0,"endTime":9700.0,"start":-4.989631,"end":-4.9813643},{"startTime":9700.0,"endTime":9704.0,"start":-4.9813643,"end":-4.968506},{"startTime":9704.0,"endTime":9708.0,"start":-4.968506,"end":-4.949364},{"startTime":9708.0,"endTime":9712.0,"start":-4.949364,"end":-4.921875},{"startTime":9712.0,"endTime":9716.0,"start":-4.921875,"end":-4.8833013},{"startTime":9716.0,"endTime":9720.0,"start":-4.8833013,"end":-4.830859},{"startTime":9720.0,"endTime":9724.0,"start":-4.830859,"end":-4.761116},{"startTime":9724.0,"endTime":9728.0,"start":-4.761116,"end":-4.6701164},{"startTime":9728.0,"endTime":9732.0,"start":-4.6701164,"end":-4.5533442},{"startTime":9732.0,"endTime":9736.0,"start":-4.5533442,"end":-4.4056835},{"startTime":9736.0,"endTime":9740.0,"start":-4.4056835,"end":-4.221386},{"startTime":9740.0,"endTime":9744.0,"start":-4.221386,"end":-3.9940307},{"startTime":9744.0,"endTime":9748.0,"start":-3.9940307,"end":-3.7164857},{"startTime":9748.0,"endTime":9752.0,"start":-3.7164857,"end":-3.3808753},{"startTime":9752.0,"endTime":9756.0,"start":-3.3808753,"end":-2.9785416},{"startTime":9756.0,"endTime":9760.0,"start":-2.9785416,"end":-2.5},{"startTime":9760.0,"endTime":9764.0,"start":-2.5,"end":-2.021459},{"startTime":9764.0,"endTime":9768.0,"start":-2.021459,"end":-1.6191238},{"startTime":9768.0,"endTime":9772.0,"start":-1.6191238,"end":-1.2835143},{"startTime":9772.0,"endTime":9776.0,"start":-1.2835143,"end":-1.00597},{"startTime":9776.0,"endTime":9780.0,"start":-1.00597,"end":-0.7786137},{"startTime":9780.0,"endTime":9784.0,"start":-0.7786137,"end":-0.5943167},{"startTime":9784.0,"endTime":9788.0,"start":-0.5943167,"end":-0.44665635},{"startTime":9788.0,"endTime":9792.0,"start":-0.44665635,"end":-0.3298831},{"startTime":9792.0,"endTime":9796.0,"start":-0.3298831,"end":-0.2388838},{"startTime":9796.0,"endTime":9800.0,"start":-0.2388838,"end":-0.1691413},{"startTime":9800.0,"endTime":9804.0,"start":-0.1691413,"end":-0.11669904},{"startTime":9804.0,"endTime":9808.0,"start":-0.11669904,"end":-0.078125},{"startTime":9808.0,"endTime":9812.0,"start":-0.078125,"end":-0.050635636},{"startTime":9812.0,"endTime":9816.0,"start":-0.050635636,"end":-0.0314942},{"startTime":9816.0,"endTime":9820.0,"start":-0.0314942,"end":-0.018635988},{"startTime":9820.0,"endTime":9824.0,"start":-0.018635988,"end":-0.010368824},{"startTime":9824.0,"endTime":9828.0,"start":-0.010368824,"end":-0.005336404},{"startTime":9828.0,"endTime":9832.0,"start":-0.005336404,"end":-0.0024807453},{"startTime":9832.0,"endTime":9836.0,"start":-0.0024807453,"end":-0.0010034442},{"startTime":9836.0,"endTime":9840.0,"start":-0.0010034442,"end":-0.0003322959},{"startTime":9840.0,"endTime":9844.0,"start":-0.0003322959,"end":-0.00008016825},{"startTime":9844.0,"endTime":9848.0,"start":-0.00008016825,"end":-0.000011026859},{"startTime":9848.0,"endTime":9852.0,"start":-0.000011026859,"end":-2.9802322e-7},{"startTime":9852.0,"endTime":9856.0,"start":-2.9802322e-7,"end":0.0},{"startTime":9856.0,"endTime":11456.0,"start":0.0,"end":0.0},{"startTime":11456.0,"endTime":11712.0,"start":0.0,"end":29.0},{"startTime":11712.0,"endTime":12224.0,"start":29.0,"end":151.0},{"startTime":12224.0,"endTime":12480.0,"start":151.0,"end":180.0},{"startTime":12480.0,"endTime":1000000000.0,"start":180.0,"end":180.0}],"judgeLineDisappearEvents":[{"startTime":-999999.0,"endTime":12512.0,"start":1.0,"end":1.0},{"startTime":12512.0,"endTime":12576.0,"start":1.0,"end":0.0},{"startTime":12576.0,"endTime":1000000000.0,"start":0.0,"end":0.0}]}]}