{"formatVersion":3,"offset":0.0,"judgeLineList":[{"bpm":186.0,"notesAbove":[{"type":1,"time":176,"positionX":-2.087719,"holdTime":0.0,"speed":1.0,"floorPosition":3.1935482},{"type":1,"time":192,"positionX":3.070176,"holdTime":0.0,"speed":1.0,"floorPosition":3.483871},{"type":1,"time":208,"positionX":-2.824561,"holdTime":0.0,"speed":1.0,"floorPosition":3.7741935},{"type":1,"time":224,"positionX":1.017544,"holdTime":0.0,"speed":1.0,"floorPosition":4.064516},{"type":1,"time":240,"positionX":-4.438597,"holdTime":0.0,"speed":1.0,"floorPosition":4.3548384},{"type":1,"time":256,"positionX":1.614036,"holdTime":0.0,"speed":1.0,"floorPosition":4.645161},{"type":1,"time":288,"positionX":-2.684211,"holdTime":0.0,"speed":1.0,"floorPosition":5.225806},{"type":1,"time":320,"positionX":2.596492,"holdTime":0.0,"speed":1.0,"floorPosition":5.8064513},{"type":1,"time":352,"positionX":-4.315789,"holdTime":0.0,"speed":1.0,"floorPosition":6.3870964},{"type":1,"time":368,"positionX":0.7543859,"holdTime":0.0,"speed":1.0,"floorPosition":6.677419},{"type":1,"time":400,"positionX":-2.438597,"holdTime":0.0,"speed":1.0,"floorPosition":7.2580643},{"type":1,"time":432,"positionX":2.175438,"holdTime":0.0,"speed":1.0,"floorPosition":7.8387094},{"type":1,"time":448,"positionX":-3.719298,"holdTime":0.0,"speed":1.0,"floorPosition":8.129032},{"type":1,"time":480,"positionX":1.298246,"holdTime":0.0,"speed":1.0,"floorPosition":8.709677},{"type":1,"time":512,"positionX":-3.245614,"holdTime":0.0,"speed":1.0,"floorPosition":9.290322},{"type":1,"time":544,"positionX":2.789474,"holdTime":0.0,"speed":1.0,"floorPosition":9.870968},{"type":1,"time":576,"positionX":-0.6315794,"holdTime":0.0,"speed":1.0,"floorPosition":10.451612},{"type":1,"time":608,"positionX":-1.403509,"holdTime":0.0,"speed":1.0,"floorPosition":11.032258},{"type":1,"time":624,"positionX":-4.438597,"holdTime":0.0,"speed":1.0,"floorPosition":11.32258},{"type":1,"time":656,"positionX":-0.1052628,"holdTime":0.0,"speed":1.0,"floorPosition":11.903226},{"type":1,"time":688,"positionX":-3.438597,"holdTime":0.0,"speed":1.0,"floorPosition":12.4838705},{"type":1,"time":704,"positionX":0.8070183,"holdTime":0.0,"speed":1.0,"floorPosition":12.774193},{"type":1,"time":736,"positionX":-2.964912,"holdTime":0.0,"speed":1.0,"floorPosition":13.354838},{"type":1,"time":768,"positionX":2.263157,"holdTime":0.0,"speed":1.0,"floorPosition":13.935484},{"type":1,"time":800,"positionX":-3.035088,"holdTime":0.0,"speed":1.0,"floorPosition":14.516129},{"type":1,"time":832,"positionX":1.035089,"holdTime":0.0,"speed":1.0,"floorPosition":15.096774},{"type":1,"time":864,"positionX":-3.035088,"holdTime":0.0,"speed":1.0,"floorPosition":15.677419},{"type":1,"time":880,"positionX":2.754385,"holdTime":0.0,"speed":1.0,"floorPosition":15.967742},{"type":1,"time":912,"positionX":-2.754386,"holdTime":0.0,"speed":1.0,"floorPosition":16.548388},{"type":1,"time":944,"positionX":0.05263233,"holdTime":0.0,"speed":1.0,"floorPosition":17.129032},{"type":1,"time":960,"positionX":3.08772,"holdTime":0.0,"speed":1.0,"floorPosition":17.419353},{"type":1,"time":992,"positionX":-2.368422,"holdTime":0.0,"speed":1.0,"floorPosition":18.0},{"type":1,"time":1024,"positionX":1.070176,"holdTime":0.0,"speed":1.0,"floorPosition":18.580645},{"type":1,"time":1056,"positionX":-2.473684,"holdTime":0.0,"speed":1.0,"floorPosition":19.16129},{"type":1,"time":1088,"positionX":0.03508759,"holdTime":0.0,"speed":1.0,"floorPosition":19.741936},{"type":1,"time":1120,"positionX":-2.315789,"holdTime":0.0,"speed":1.0,"floorPosition":20.32258},{"type":1,"time":1136,"positionX":0.2280703,"holdTime":0.0,"speed":1.0,"floorPosition":20.612904},{"type":1,"time":1184,"positionX":-2.421053,"holdTime":0.0,"speed":1.0,"floorPosition":21.48387},{"type":1,"time":1216,"positionX":2.175438,"holdTime":0.0,"speed":1.0,"floorPosition":22.064516},{"type":1,"time":1280,"positionX":-0.07017517,"holdTime":0.0,"speed":1.0,"floorPosition":23.225805},{"type":1,"time":1296,"positionX":-0.4561405,"holdTime":0.0,"speed":1.0,"floorPosition":23.516129},{"type":1,"time":1328,"positionX":-0.1754389,"holdTime":0.0,"speed":1.0,"floorPosition":24.096773},{"type":1,"time":1344,"positionX":-0.2105255,"holdTime":0.0,"speed":1.0,"floorPosition":24.387096},{"type":1,"time":1376,"positionX":-0.2280703,"holdTime":0.0,"speed":1.0,"floorPosition":24.967741},{"type":1,"time":1392,"positionX":-0.2280703,"holdTime":0.0,"speed":1.0,"floorPosition":25.258064},{"type":1,"time":1536,"positionX":-0.4385958,"holdTime":0.0,"speed":1.0,"floorPosition":27.870968},{"type":1,"time":1552,"positionX":-0.4210529,"holdTime":0.0,"speed":1.0,"floorPosition":28.16129},{"type":1,"time":1584,"positionX":-3.052631,"holdTime":0.0,"speed":1.0,"floorPosition":28.741934},{"type":1,"time":1600,"positionX":-2.771931,"holdTime":0.0,"speed":1.0,"floorPosition":29.032257},{"type":1,"time":1632,"positionX":1.929825,"holdTime":0.0,"speed":1.0,"floorPosition":29.612902},{"type":1,"time":1648,"positionX":2.017545,"holdTime":0.0,"speed":1.0,"floorPosition":29.903225},{"type":1,"time":1760,"positionX":-0.2982464,"holdTime":0.0,"speed":1.0,"floorPosition":31.935484},{"type":1,"time":1792,"positionX":1.719298,"holdTime":0.0,"speed":1.0,"floorPosition":32.51613},{"type":1,"time":1824,"positionX":-2.508772,"holdTime":0.0,"speed":1.0,"floorPosition":33.096775},{"type":1,"time":1856,"positionX":1.263159,"holdTime":0.0,"speed":1.0,"floorPosition":33.677418},{"type":1,"time":1888,"positionX":-2.438597,"holdTime":0.0,"speed":1.0,"floorPosition":34.258064},{"type":1,"time":1904,"positionX":0.8947363,"holdTime":0.0,"speed":1.0,"floorPosition":34.548386},{"type":1,"time":1952,"positionX":-1.456141,"holdTime":0.0,"speed":1.0,"floorPosition":35.419353},{"type":1,"time":2016,"positionX":1.649122,"holdTime":0.0,"speed":1.0,"floorPosition":36.580643},{"type":1,"time":2048,"positionX":-1.859649,"holdTime":0.0,"speed":1.0,"floorPosition":37.16129},{"type":1,"time":2080,"positionX":2.14035,"holdTime":0.0,"speed":1.0,"floorPosition":37.741936},{"type":1,"time":2112,"positionX":-3.157894,"holdTime":0.0,"speed":1.0,"floorPosition":38.32258},{"type":1,"time":2144,"positionX":1.947369,"holdTime":0.0,"speed":1.0,"floorPosition":38.903225},{"type":3,"time":2160,"positionX":-1.280702,"holdTime":48.0,"speed":1.8,"floorPosition":39.193546},{"type":1,"time":2272,"positionX":1.508772,"holdTime":0.0,"speed":1.0,"floorPosition":41.225807},{"type":1,"time":2304,"positionX":-1.842106,"holdTime":0.0,"speed":1.0,"floorPosition":41.80645},{"type":1,"time":2336,"positionX":2.614036,"holdTime":0.0,"speed":1.0,"floorPosition":42.387096},{"type":1,"time":2368,"positionX":-3.070175,"holdTime":0.0,"speed":1.0,"floorPosition":42.96774},{"type":1,"time":2400,"positionX":1.929825,"holdTime":0.0,"speed":1.0,"floorPosition":43.548386},{"type":1,"time":2464,"positionX":-1.438597,"holdTime":0.0,"speed":1.0,"floorPosition":44.709675},{"type":1,"time":2528,"positionX":0.8771915,"holdTime":0.0,"speed":1.0,"floorPosition":45.870968},{"type":1,"time":2560,"positionX":-2.684211,"holdTime":0.0,"speed":1.0,"floorPosition":46.45161},{"type":1,"time":2592,"positionX":1.789474,"holdTime":0.0,"speed":1.0,"floorPosition":47.032257},{"type":1,"time":2624,"positionX":-3.157894,"holdTime":0.0,"speed":1.0,"floorPosition":47.612904},{"type":1,"time":2656,"positionX":1.719298,"holdTime":0.0,"speed":1.0,"floorPosition":48.193546},{"type":1,"time":2784,"positionX":0.03508759,"holdTime":0.0,"speed":1.0,"floorPosition":50.51613},{"type":1,"time":2816,"positionX":-2.192983,"holdTime":0.0,"speed":1.0,"floorPosition":51.09677},{"type":1,"time":2848,"positionX":1.789474,"holdTime":0.0,"speed":1.0,"floorPosition":51.677418},{"type":1,"time":2880,"positionX":-1.877192,"holdTime":0.0,"speed":1.0,"floorPosition":52.258064},{"type":1,"time":2912,"positionX":1.894736,"holdTime":0.0,"speed":1.0,"floorPosition":52.838707},{"type":1,"time":2928,"positionX":-1.877192,"holdTime":0.0,"speed":1.0,"floorPosition":53.129032},{"type":1,"time":2976,"positionX":2.105264,"holdTime":0.0,"speed":1.0,"floorPosition":54.0},{"type":1,"time":3008,"positionX":-1.122808,"holdTime":0.0,"speed":1.0,"floorPosition":54.580643},{"type":1,"time":3040,"positionX":-3.561403,"holdTime":0.0,"speed":1.0,"floorPosition":55.16129},{"type":1,"time":3072,"positionX":4.526316,"holdTime":0.0,"speed":1.0,"floorPosition":55.741936},{"type":1,"time":3104,"positionX":2.070175,"holdTime":0.0,"speed":1.0,"floorPosition":56.32258},{"type":1,"time":3136,"positionX":0.1929817,"holdTime":0.0,"speed":1.0,"floorPosition":56.903225},{"type":1,"time":3168,"positionX":2.508771,"holdTime":0.0,"speed":1.0,"floorPosition":57.483868},{"type":1,"time":3264,"positionX":1.701755,"holdTime":0.0,"speed":1.0,"floorPosition":59.225803},{"type":1,"time":3296,"positionX":1.526317,"holdTime":0.0,"speed":1.0,"floorPosition":59.80645},{"type":1,"time":3328,"positionX":-2.298246,"holdTime":0.0,"speed":1.0,"floorPosition":60.387096},{"type":1,"time":3360,"positionX":0.6491222,"holdTime":0.0,"speed":1.0,"floorPosition":60.96774},{"type":1,"time":3392,"positionX":-2.122807,"holdTime":0.0,"speed":1.0,"floorPosition":61.548386},{"type":1,"time":3456,"positionX":1.596491,"holdTime":0.0,"speed":1.0,"floorPosition":62.709675},{"type":1,"time":3504,"positionX":-1.280702,"holdTime":0.0,"speed":1.0,"floorPosition":63.580643},{"type":1,"time":3552,"positionX":2.315789,"holdTime":0.0,"speed":1.0,"floorPosition":64.451614},{"type":3,"time":3584,"positionX":-2.543859,"holdTime":160.0,"speed":1.8,"floorPosition":65.03226},{"type":3,"time":3620,"positionX":2.543859,"holdTime":112.0,"speed":1.8,"floorPosition":65.685486},{"type":1,"time":3808,"positionX":-1.298245,"holdTime":0.0,"speed":1.0,"floorPosition":69.09677},{"type":1,"time":3824,"positionX":2.85965,"holdTime":0.0,"speed":1.0,"floorPosition":69.38709},{"type":1,"time":3840,"positionX":-2.473684,"holdTime":0.0,"speed":1.0,"floorPosition":69.677414},{"type":1,"time":3888,"positionX":2.385964,"holdTime":0.0,"speed":1.0,"floorPosition":70.548386},{"type":1,"time":3936,"positionX":-4.508772,"holdTime":0.0,"speed":1.0,"floorPosition":71.41935},{"type":1,"time":3968,"positionX":1.631578,"holdTime":0.0,"speed":1.0,"floorPosition":72.0},{"type":1,"time":4032,"positionX":-0.912281,"holdTime":0.0,"speed":1.0,"floorPosition":73.161285},{"type":1,"time":4096,"positionX":1.842106,"holdTime":0.0,"speed":1.0,"floorPosition":74.32258},{"type":1,"time":4128,"positionX":-1.526316,"holdTime":0.0,"speed":1.0,"floorPosition":74.90322},{"type":1,"time":4160,"positionX":1.964912,"holdTime":0.0,"speed":1.0,"floorPosition":75.48387},{"type":1,"time":4192,"positionX":-1.77193,"holdTime":0.0,"speed":1.0,"floorPosition":76.064514},{"type":1,"time":4208,"positionX":1.245614,"holdTime":0.0,"speed":1.0,"floorPosition":76.354836},{"type":1,"time":4304,"positionX":-0.6140347,"holdTime":0.0,"speed":1.0,"floorPosition":78.09677},{"type":1,"time":4320,"positionX":1.877192,"holdTime":0.0,"speed":1.0,"floorPosition":78.38709},{"type":1,"time":4336,"positionX":-3.385965,"holdTime":0.0,"speed":1.0,"floorPosition":78.677414},{"type":1,"time":4352,"positionX":0.5087719,"holdTime":0.0,"speed":1.0,"floorPosition":78.96774},{"type":1,"time":4384,"positionX":-2.245614,"holdTime":0.0,"speed":1.0,"floorPosition":79.548386},{"type":1,"time":4416,"positionX":2.175438,"holdTime":0.0,"speed":1.0,"floorPosition":80.12903},{"type":1,"time":4448,"positionX":-1.859649,"holdTime":0.0,"speed":1.0,"floorPosition":80.70968},{"type":1,"time":4480,"positionX":2.614036,"holdTime":0.0,"speed":1.0,"floorPosition":81.29032},{"type":1,"time":4512,"positionX":-1.473684,"holdTime":0.0,"speed":1.0,"floorPosition":81.870964},{"type":1,"time":4544,"positionX":-4.385965,"holdTime":0.0,"speed":1.0,"floorPosition":82.451614},{"type":1,"time":4576,"positionX":0.2456141,"holdTime":0.0,"speed":1.0,"floorPosition":83.03226},{"type":1,"time":4608,"positionX":2.719298,"holdTime":0.0,"speed":1.0,"floorPosition":83.6129},{"type":1,"time":4640,"positionX":2.368422,"holdTime":0.0,"speed":1.0,"floorPosition":84.19354},{"type":1,"time":4672,"positionX":2.298245,"holdTime":0.0,"speed":1.0,"floorPosition":84.77419},{"type":1,"time":4704,"positionX":2.350878,"holdTime":0.0,"speed":1.0,"floorPosition":85.354836},{"type":1,"time":4736,"positionX":-0.4210529,"holdTime":0.0,"speed":1.0,"floorPosition":85.93548},{"type":1,"time":4864,"positionX":2.070175,"holdTime":0.0,"speed":1.0,"floorPosition":88.258064},{"type":1,"time":4896,"positionX":-1.350878,"holdTime":0.0,"speed":1.0,"floorPosition":88.83871},{"type":1,"time":4928,"positionX":2.105264,"holdTime":0.0,"speed":1.0,"floorPosition":89.41935},{"type":1,"time":4960,"positionX":-1.578947,"holdTime":0.0,"speed":1.0,"floorPosition":90.0},{"type":1,"time":4976,"positionX":1.0,"holdTime":0.0,"speed":1.0,"floorPosition":90.29032},{"type":1,"time":5024,"positionX":-2.385965,"holdTime":0.0,"speed":1.0,"floorPosition":91.161285},{"type":1,"time":5056,"positionX":2.473684,"holdTime":0.0,"speed":1.0,"floorPosition":91.741936},{"type":1,"time":5088,"positionX":1.473684,"holdTime":0.0,"speed":1.0,"floorPosition":92.32258},{"type":1,"time":5120,"positionX":-1.157895,"holdTime":0.0,"speed":1.0,"floorPosition":92.90322},{"type":1,"time":5152,"positionX":2.017545,"holdTime":0.0,"speed":1.0,"floorPosition":93.48387},{"type":1,"time":5184,"positionX":-1.859649,"holdTime":0.0,"speed":1.0,"floorPosition":94.064514},{"type":1,"time":5200,"positionX":1.508772,"holdTime":0.0,"speed":1.0,"floorPosition":94.354836},{"type":1,"time":5232,"positionX":-2.491228,"holdTime":0.0,"speed":1.0,"floorPosition":94.93548},{"type":1,"time":5344,"positionX":-0.4912281,"holdTime":0.0,"speed":1.0,"floorPosition":96.96774},{"type":1,"time":5360,"positionX":2.877192,"holdTime":0.0,"speed":1.0,"floorPosition":97.258064},{"type":1,"time":5376,"positionX":-2.596491,"holdTime":0.0,"speed":1.0,"floorPosition":97.548386},{"type":1,"time":5408,"positionX":2.526316,"holdTime":0.0,"speed":1.0,"floorPosition":98.12903},{"type":1,"time":5440,"positionX":-2.824561,"holdTime":0.0,"speed":1.0,"floorPosition":98.70967},{"type":1,"time":5472,"positionX":2.684211,"holdTime":0.0,"speed":1.0,"floorPosition":99.29032},{"type":1,"time":5488,"positionX":-2.350877,"holdTime":0.0,"speed":1.0,"floorPosition":99.58064},{"type":1,"time":5520,"positionX":2.017545,"holdTime":0.0,"speed":1.0,"floorPosition":100.161285},{"type":1,"time":5552,"positionX":-1.052631,"holdTime":0.0,"speed":1.0,"floorPosition":100.741936},{"type":1,"time":5568,"positionX":2.684211,"holdTime":0.0,"speed":1.0,"floorPosition":101.03226},{"type":1,"time":5584,"positionX":-1.719298,"holdTime":0.0,"speed":1.0,"floorPosition":101.32258},{"type":1,"time":5600,"positionX":-4.298246,"holdTime":0.0,"speed":1.0,"floorPosition":101.6129},{"type":1,"time":5616,"positionX":0.5614042,"holdTime":0.0,"speed":1.0,"floorPosition":101.90322},{"type":1,"time":5632,"positionX":-2.087719,"holdTime":0.0,"speed":1.0,"floorPosition":102.19354},{"type":1,"time":5664,"positionX":-1.877192,"holdTime":0.0,"speed":1.0,"floorPosition":102.77419},{"type":1,"time":5696,"positionX":1.754387,"holdTime":0.0,"speed":1.0,"floorPosition":103.354836},{"type":1,"time":5728,"positionX":2.017545,"holdTime":0.0,"speed":1.0,"floorPosition":103.93548},{"type":1,"time":5760,"positionX":-2.385965,"holdTime":0.0,"speed":1.0,"floorPosition":104.51613},{"type":1,"time":5840,"positionX":1.807017,"holdTime":0.0,"speed":1.0,"floorPosition":105.96774},{"type":2,"time":5856,"positionX":1.157894,"holdTime":0.0,"speed":1.0,"floorPosition":106.258064},{"type":2,"time":5872,"positionX":0.2210531,"holdTime":0.0,"speed":1.0,"floorPosition":106.548386},{"type":2,"time":5888,"positionX":-1.614035,"holdTime":0.0,"speed":1.0,"floorPosition":106.83871},{"type":1,"time":5920,"positionX":-3.807018,"holdTime":0.0,"speed":1.0,"floorPosition":107.41935},{"type":2,"time":5936,"positionX":-3.070175,"holdTime":0.0,"speed":1.0,"floorPosition":107.70967},{"type":2,"time":5952,"positionX":-1.641604,"holdTime":0.0,"speed":1.0,"floorPosition":108.0},{"type":1,"time":5984,"positionX":3.0,"holdTime":0.0,"speed":1.0,"floorPosition":108.58064},{"type":2,"time":6000,"positionX":2.3621616,"holdTime":0.0,"speed":1.0,"floorPosition":108.870964},{"type":2,"time":6016,"positionX":0.6717043,"holdTime":0.0,"speed":1.0,"floorPosition":109.161285},{"type":2,"time":6032,"positionX":-1.1754827,"holdTime":0.0,"speed":1.0,"floorPosition":109.45161},{"type":2,"time":6048,"positionX":-2.947369,"holdTime":0.0,"speed":1.0,"floorPosition":109.741936},{"type":2,"time":6064,"positionX":-3.350878,"holdTime":0.0,"speed":1.0,"floorPosition":110.03226},{"type":2,"time":6080,"positionX":-3.384016,"holdTime":0.0,"speed":1.0,"floorPosition":110.32258},{"type":1,"time":6144,"positionX":1.385964,"holdTime":0.0,"speed":1.0,"floorPosition":111.48387},{"type":1,"time":6176,"positionX":-2.964912,"holdTime":0.0,"speed":1.0,"floorPosition":112.064514},{"type":1,"time":6192,"positionX":1.947369,"holdTime":0.0,"speed":1.0,"floorPosition":112.354836},{"type":1,"time":6208,"positionX":-2.701754,"holdTime":0.0,"speed":1.0,"floorPosition":112.64516},{"type":1,"time":6240,"positionX":1.070176,"holdTime":0.0,"speed":1.0,"floorPosition":113.22581},{"type":1,"time":6272,"positionX":-2.964912,"holdTime":0.0,"speed":1.0,"floorPosition":113.80645},{"type":1,"time":6304,"positionX":1.596491,"holdTime":0.0,"speed":1.0,"floorPosition":114.38709},{"type":1,"time":6368,"positionX":1.263159,"holdTime":0.0,"speed":1.0,"floorPosition":115.548386},{"type":1,"time":6384,"positionX":-3.192982,"holdTime":0.0,"speed":1.0,"floorPosition":115.83871},{"type":1,"time":6400,"positionX":1.666666,"holdTime":0.0,"speed":1.0,"floorPosition":116.12903},{"type":2,"time":6432,"positionX":-0.4561405,"holdTime":0.0,"speed":1.0,"floorPosition":116.70967},{"type":2,"time":6448,"positionX":-2.112281,"holdTime":0.0,"speed":1.0,"floorPosition":117.0},{"type":2,"time":6464,"positionX":-3.070175,"holdTime":0.0,"speed":1.0,"floorPosition":117.29032},{"type":2,"time":6496,"positionX":-0.03508759,"holdTime":0.0,"speed":1.0,"floorPosition":117.870964},{"type":2,"time":6512,"positionX":0.918129,"holdTime":0.0,"speed":1.0,"floorPosition":118.161285},{"type":2,"time":6528,"positionX":1.982456,"holdTime":0.0,"speed":1.0,"floorPosition":118.45161},{"type":1,"time":6560,"positionX":3.105264,"holdTime":0.0,"speed":1.0,"floorPosition":119.03226},{"type":1,"time":6592,"positionX":-1.280702,"holdTime":0.0,"speed":1.0,"floorPosition":119.6129},{"type":1,"time":6624,"positionX":2.368422,"holdTime":0.0,"speed":1.0,"floorPosition":120.19354},{"type":1,"time":6656,"positionX":-2.280703,"holdTime":0.0,"speed":1.0,"floorPosition":120.77419},{"type":2,"time":6688,"positionX":2.017545,"holdTime":0.0,"speed":1.0,"floorPosition":121.354836},{"type":2,"time":6704,"positionX":2.366228,"holdTime":0.0,"speed":1.0,"floorPosition":121.64516},{"type":2,"time":6720,"positionX":2.789474,"holdTime":0.0,"speed":1.0,"floorPosition":121.93548},{"type":1,"time":6752,"positionX":-2.105263,"holdTime":0.0,"speed":1.0,"floorPosition":122.51613},{"type":3,"time":6784,"positionX":0.0,"holdTime":96.0,"speed":1.8,"floorPosition":123.09677},{"type":2,"time":6912,"positionX":0.0,"holdTime":0.0,"speed":1.0,"floorPosition":125.6129},{"type":2,"time":6944,"positionX":-1.877192,"holdTime":0.0,"speed":1.0,"floorPosition":126.25806},{"type":2,"time":6960,"positionX":-1.432748,"holdTime":0.0,"speed":1.0,"floorPosition":126.58064},{"type":2,"time":6976,"positionX":-0.8771935,"holdTime":0.0,"speed":1.0,"floorPosition":126.90322},{"type":1,"time":7008,"positionX":2.385964,"holdTime":0.0,"speed":1.0,"floorPosition":127.54838},{"type":1,"time":7024,"positionX":-1.052631,"holdTime":0.0,"speed":1.0,"floorPosition":127.870964},{"type":1,"time":7040,"positionX":2.175438,"holdTime":0.0,"speed":1.0,"floorPosition":128.19354},{"type":1,"time":7056,"positionX":-2.649123,"holdTime":0.0,"speed":1.0,"floorPosition":128.51613},{"type":1,"time":7072,"positionX":2.491229,"holdTime":0.0,"speed":1.0,"floorPosition":128.8387},{"type":1,"time":7088,"positionX":-3.877192,"holdTime":0.0,"speed":1.0,"floorPosition":129.16129},{"type":1,"time":7120,"positionX":3.192983,"holdTime":0.0,"speed":1.0,"floorPosition":129.80644},{"type":1,"time":7136,"positionX":-1.666667,"holdTime":0.0,"speed":1.0,"floorPosition":130.12903},{"type":1,"time":7152,"positionX":-3.77193,"holdTime":0.0,"speed":1.0,"floorPosition":130.45161},{"type":1,"time":7168,"positionX":2.245615,"holdTime":0.0,"speed":1.0,"floorPosition":130.77419},{"type":1,"time":7200,"positionX":-1.456141,"holdTime":0.0,"speed":1.0,"floorPosition":131.41934},{"type":1,"time":7216,"positionX":2.912281,"holdTime":0.0,"speed":1.0,"floorPosition":131.74193},{"type":1,"time":7248,"positionX":-2.368422,"holdTime":0.0,"speed":1.0,"floorPosition":132.38708},{"type":1,"time":7280,"positionX":2.245615,"holdTime":0.0,"speed":1.0,"floorPosition":133.03226},{"type":1,"time":7296,"positionX":-1.859649,"holdTime":0.0,"speed":1.0,"floorPosition":133.35483},{"type":1,"time":7312,"positionX":1.385964,"holdTime":0.0,"speed":1.0,"floorPosition":133.67741},{"type":1,"time":7328,"positionX":-2.877193,"holdTime":0.0,"speed":1.0,"floorPosition":134.0},{"type":1,"time":7344,"positionX":1.54386,"holdTime":0.0,"speed":1.0,"floorPosition":134.32257},{"type":1,"time":7376,"positionX":-1.333333,"holdTime":0.0,"speed":1.0,"floorPosition":134.96774},{"type":1,"time":7392,"positionX":1.964912,"holdTime":0.0,"speed":1.0,"floorPosition":135.29031},{"type":1,"time":7408,"positionX":4.052632,"holdTime":0.0,"speed":1.0,"floorPosition":135.6129},{"type":1,"time":7424,"positionX":-2.85965,"holdTime":0.0,"speed":1.0,"floorPosition":135.93549},{"type":1,"time":7440,"positionX":1.719298,"holdTime":0.0,"speed":1.0,"floorPosition":136.25806},{"type":1,"time":7456,"positionX":-2.14035,"holdTime":0.0,"speed":1.0,"floorPosition":136.58064},{"type":1,"time":7472,"positionX":2.789474,"holdTime":0.0,"speed":1.0,"floorPosition":136.90321},{"type":1,"time":7504,"positionX":-2.403509,"holdTime":0.0,"speed":1.0,"floorPosition":137.54839},{"type":1,"time":7536,"positionX":1.771931,"holdTime":0.0,"speed":1.0,"floorPosition":138.19354},{"type":1,"time":7552,"positionX":-2.754386,"holdTime":0.0,"speed":1.0,"floorPosition":138.51613},{"type":1,"time":7568,"positionX":1.824561,"holdTime":0.0,"speed":1.0,"floorPosition":138.8387},{"type":1,"time":7584,"positionX":-0.5964909,"holdTime":0.0,"speed":1.0,"floorPosition":139.16129},{"type":1,"time":7600,"positionX":-4.0,"holdTime":0.0,"speed":1.0,"floorPosition":139.48387},{"type":1,"time":7632,"positionX":3.666667,"holdTime":0.0,"speed":1.0,"floorPosition":140.12903},{"type":1,"time":7648,"positionX":-0.6842108,"holdTime":0.0,"speed":1.0,"floorPosition":140.45161},{"type":1,"time":7664,"positionX":-3.175439,"holdTime":0.0,"speed":1.0,"floorPosition":140.77419},{"type":1,"time":7680,"positionX":3.421053,"holdTime":0.0,"speed":1.0,"floorPosition":141.09677},{"type":1,"time":7712,"positionX":-1.210526,"holdTime":0.0,"speed":1.0,"floorPosition":141.74193},{"type":1,"time":7728,"positionX":2.77193,"holdTime":0.0,"speed":1.0,"floorPosition":142.06451},{"type":1,"time":7760,"positionX":-1.175439,"holdTime":0.0,"speed":1.0,"floorPosition":142.70967},{"type":1,"time":7776,"positionX":2.0,"holdTime":0.0,"speed":1.0,"floorPosition":143.03226},{"type":1,"time":7792,"positionX":-1.210526,"holdTime":0.0,"speed":1.0,"floorPosition":143.35483},{"type":1,"time":7808,"positionX":3.157895,"holdTime":0.0,"speed":1.0,"floorPosition":143.67741},{"type":1,"time":7824,"positionX":-1.842106,"holdTime":0.0,"speed":1.0,"floorPosition":144.0},{"type":2,"time":7936,"positionX":0.0,"holdTime":0.0,"speed":1.0,"floorPosition":145.67741},{"type":1,"time":7984,"positionX":0.0,"holdTime":0.0,"speed":1.0,"floorPosition":146.35483},{"type":1,"time":8032,"positionX":-2.333333,"holdTime":0.0,"speed":1.0,"floorPosition":147.03224},{"type":1,"time":8080,"positionX":-2.491228,"holdTime":0.0,"speed":1.0,"floorPosition":147.70967},{"type":1,"time":8128,"positionX":1.421052,"holdTime":0.0,"speed":1.0,"floorPosition":148.38708},{"type":1,"time":8160,"positionX":3.491228,"holdTime":0.0,"speed":1.0,"floorPosition":148.8387},{"type":1,"time":8192,"positionX":-0.8421049,"holdTime":0.0,"speed":1.0,"floorPosition":149.29031},{"type":1,"time":8240,"positionX":-1.526316,"holdTime":0.0,"speed":1.0,"floorPosition":149.96773},{"type":1,"time":8288,"positionX":0.8596497,"holdTime":0.0,"speed":1.0,"floorPosition":150.64516},{"type":1,"time":8336,"positionX":3.105264,"holdTime":0.0,"speed":1.0,"floorPosition":151.32257},{"type":1,"time":8384,"positionX":0.1578951,"holdTime":0.0,"speed":1.0,"floorPosition":151.99998},{"type":1,"time":8448,"positionX":-2.245614,"holdTime":0.0,"speed":1.0,"floorPosition":152.90321},{"type":1,"time":8496,"positionX":1.263159,"holdTime":0.0,"speed":1.0,"floorPosition":153.58064},{"type":1,"time":8544,"positionX":3.526316,"holdTime":0.0,"speed":1.0,"floorPosition":154.25806},{"type":1,"time":8592,"positionX":-0.5087719,"holdTime":0.0,"speed":1.0,"floorPosition":154.93547},{"type":1,"time":8640,"positionX":-2.666667,"holdTime":0.0,"speed":1.0,"floorPosition":155.6129},{"type":1,"time":8672,"positionX":0.6491222,"holdTime":0.0,"speed":1.0,"floorPosition":156.0645},{"type":1,"time":8704,"positionX":3.508772,"holdTime":0.0,"speed":1.0,"floorPosition":156.51611},{"type":1,"time":8752,"positionX":1.91228,"holdTime":0.0,"speed":1.0,"floorPosition":157.19354},{"type":1,"time":8800,"positionX":0.8070183,"holdTime":0.0,"speed":1.0,"floorPosition":157.87096}],"notesBelow":[],"speedEvents":[{"startTime":0.0,"endTime":6816.0,"value":1.8},{"startTime":6816.0,"endTime":7840.0,"value":2.0},{"startTime":7840.0,"endTime":1000000000.0,"value":1.4}],"judgeLineMoveEvents":[{"startTime":-999999.0,"endTime":32.0,"start":0.5,"end":0.5,"start2":0.5,"end2":0.5},{"startTime":32.0,"endTime":36.0,"start":0.5,"end":0.5,"start2":0.5,"end2":0.47275427},{"startTime":36.0,"endTime":40.0,"start":0.5,"end":0.5,"start2":0.47275427,"end2":0.44720817},{"startTime":40.0,"endTime":44.0,"start":0.5,"end":0.5,"start2":0.44720817,"end2":0.42330706},{"startTime":44.0,"endTime":48.0,"start":0.5,"end":0.5,"start2":0.42330706,"end2":0.40099624},{"startTime":48.0,"endTime":52.0,"start":0.5,"end":0.5,"start2":0.40099624,"end2":0.38022104},{"startTime":52.0,"endTime":56.0,"start":0.5,"end":0.5,"start2":0.38022104,"end2":0.36092684},{"startTime":56.0,"endTime":60.0,"start":0.5,"end":0.5,"start2":0.36092684,"end2":0.34305882},{"startTime":60.0,"endTime":64.0,"start":0.5,"end":0.5,"start2":0.34305882,"end2":0.3265625},{"startTime":64.0,"endTime":68.0,"start":0.5,"end":0.5,"start2":0.3265625,"end2":0.31139928},{"startTime":68.0,"endTime":72.0,"start":0.5,"end":0.5,"start2":0.31139928,"end2":0.2974969},{"startTime":72.0,"endTime":76.0,"start":0.5,"end":0.5,"start2":0.2974969,"end2":0.2848008},{"startTime":76.0,"endTime":80.0,"start":0.5,"end":0.5,"start2":0.2848008,"end2":0.27325624},{"startTime":80.0,"endTime":84.0,"start":0.5,"end":0.5,"start2":0.27325624,"end2":0.26280856},{"startTime":84.0,"endTime":88.0,"start":0.5,"end":0.5,"start2":0.26280856,"end2":0.25340307},{"startTime":88.0,"endTime":92.0,"start":0.5,"end":0.5,"start2":0.25340307,"end2":0.24498509},{"startTime":92.0,"endTime":96.0,"start":0.5,"end":0.5,"start2":0.24498509,"end2":0.23749998},{"startTime":96.0,"endTime":100.0,"start":0.5,"end":0.5,"start2":0.23749998,"end2":0.23090363},{"startTime":100.0,"endTime":104.0,"start":0.5,"end":0.5,"start2":0.23090363,"end2":0.22512941},{"startTime":104.0,"endTime":108.0,"start":0.5,"end":0.5,"start2":0.22512941,"end2":0.22012267},{"startTime":108.0,"endTime":112.0,"start":0.5,"end":0.5,"start2":0.22012267,"end2":0.21582875},{"startTime":112.0,"endTime":116.0,"start":0.5,"end":0.5,"start2":0.21582875,"end2":0.21219294},{"startTime":116.0,"endTime":120.0,"start":0.5,"end":0.5,"start2":0.21219294,"end2":0.20916055},{"startTime":120.0,"endTime":124.0,"start":0.5,"end":0.5,"start2":0.20916055,"end2":0.20667697},{"startTime":124.0,"endTime":128.0,"start":0.5,"end":0.5,"start2":0.20667697,"end2":0.20468749},{"startTime":128.0,"endTime":132.0,"start":0.5,"end":0.5,"start2":0.20468749,"end2":0.20314237},{"startTime":132.0,"endTime":136.0,"start":0.5,"end":0.5,"start2":0.20314237,"end2":0.20198068},{"startTime":136.0,"endTime":140.0,"start":0.5,"end":0.5,"start2":0.20198068,"end2":0.20114768},{"startTime":140.0,"endTime":144.0,"start":0.5,"end":0.5,"start2":0.20114768,"end2":0.20058875},{"startTime":144.0,"endTime":148.0,"start":0.5,"end":0.5,"start2":0.20058875,"end2":0.20024918},{"startTime":148.0,"endTime":152.0,"start":0.5,"end":0.5,"start2":0.20024918,"end2":0.20007432},{"startTime":152.0,"endTime":156.0,"start":0.5,"end":0.5,"start2":0.20007432,"end2":0.20000948},{"startTime":156.0,"endTime":160.0,"start":0.5,"end":0.5,"start2":0.20000948,"end2":0.19999999},{"startTime":160.0,"endTime":4752.0,"start":0.5,"end":0.5,"start2":0.19999999,"end2":0.19999999},{"startTime":4752.0,"endTime":4768.0,"start":0.5,"end":0.5,"start2":0.29999998,"end2":0.29999998},{"startTime":4768.0,"endTime":4784.0,"start":0.5,"end":0.5,"start2":0.39999998,"end2":0.39999998},{"startTime":4784.0,"endTime":4800.0,"start":0.5,"end":0.5,"start2":0.29999998,"end2":0.29999998},{"startTime":4800.0,"endTime":5632.0,"start":0.5,"end":0.5,"start2":0.19999999,"end2":0.19999999},{"startTime":5632.0,"endTime":5640.0,"start":0.5,"end":0.49998736,"start2":0.2,"end2":0.2},{"startTime":5640.0,"endTime":5648.0,"start":0.49998736,"end":0.4999009,"start2":0.2,"end2":0.2},{"startTime":5648.0,"endTime":5656.0,"start":0.4999009,"end":0.49966776,"start2":0.2,"end2":0.2},{"startTime":5656.0,"endTime":5664.0,"start":0.49966776,"end":0.499215,"start2":0.2,"end2":0.2},{"startTime":5664.0,"endTime":5672.0,"start":0.499215,"end":0.49846974,"start2":0.2,"end2":0.2},{"startTime":5672.0,"endTime":5680.0,"start":0.49846974,"end":0.4973591,"start2":0.2,"end2":0.2},{"startTime":5680.0,"endTime":5688.0,"start":0.4973591,"end":0.49581015,"start2":0.2,"end2":0.2},{"startTime":5688.0,"endTime":5696.0,"start":0.49581015,"end":0.49375,"start2":0.2,"end2":0.2},{"startTime":5696.0,"endTime":5704.0,"start":0.49375,"end":0.49109736,"start2":0.2,"end2":0.2},{"startTime":5704.0,"endTime":5712.0,"start":0.49109736,"end":0.4877859,"start2":0.2,"end2":0.2},{"startTime":5712.0,"endTime":5720.0,"start":0.4877859,"end":0.48374274,"start2":0.2,"end2":0.2},{"startTime":5720.0,"endTime":5728.0,"start":0.48374274,"end":0.478895,"start2":0.2,"end2":0.2},{"startTime":5728.0,"endTime":5736.0,"start":0.478895,"end":0.47316974,"start2":0.2,"end2":0.2},{"startTime":5736.0,"endTime":5744.0,"start":0.47316974,"end":0.4664941,"start2":0.2,"end2":0.2},{"startTime":5744.0,"endTime":5752.0,"start":0.4664941,"end":0.45879516,"start2":0.2,"end2":0.2},{"startTime":5752.0,"endTime":5760.0,"start":0.45879516,"end":0.45,"start2":0.2,"end2":0.2},{"startTime":5760.0,"endTime":5768.0,"start":0.45,"end":0.44120485,"start2":0.2,"end2":0.2},{"startTime":5768.0,"endTime":5776.0,"start":0.44120485,"end":0.43350592,"start2":0.2,"end2":0.2},{"startTime":5776.0,"endTime":5784.0,"start":0.43350592,"end":0.42683026,"start2":0.2,"end2":0.2},{"startTime":5784.0,"endTime":5792.0,"start":0.42683026,"end":0.421105,"start2":0.2,"end2":0.2},{"startTime":5792.0,"endTime":5800.0,"start":0.421105,"end":0.41625726,"start2":0.2,"end2":0.2},{"startTime":5800.0,"endTime":5808.0,"start":0.41625726,"end":0.4122141,"start2":0.2,"end2":0.2},{"startTime":5808.0,"endTime":5816.0,"start":0.4122141,"end":0.40890265,"start2":0.2,"end2":0.2},{"startTime":5816.0,"endTime":5824.0,"start":0.40890265,"end":0.40625,"start2":0.2,"end2":0.2},{"startTime":5824.0,"endTime":5832.0,"start":0.40625,"end":0.40418985,"start2":0.2,"end2":0.2},{"startTime":5832.0,"endTime":5840.0,"start":0.40418985,"end":0.4026409,"start2":0.2,"end2":0.2},{"startTime":5840.0,"endTime":5848.0,"start":0.4026409,"end":0.40153027,"start2":0.2,"end2":0.2},{"startTime":5848.0,"endTime":5856.0,"start":0.40153027,"end":0.400785,"start2":0.2,"end2":0.2},{"startTime":5856.0,"endTime":5864.0,"start":0.400785,"end":0.40033224,"start2":0.2,"end2":0.2},{"startTime":5864.0,"endTime":5872.0,"start":0.40033224,"end":0.4000991,"start2":0.2,"end2":0.2},{"startTime":5872.0,"endTime":5880.0,"start":0.4000991,"end":0.40001264,"start2":0.2,"end2":0.2},{"startTime":5880.0,"endTime":5888.0,"start":0.40001264,"end":0.4,"start2":0.2,"end2":0.2},{"startTime":5888.0,"endTime":5904.0,"start":0.4,"end":0.40003783,"start2":0.2,"end2":0.2},{"startTime":5904.0,"endTime":5920.0,"start":0.40003783,"end":0.40029618,"start2":0.2,"end2":0.2},{"startTime":5920.0,"endTime":5936.0,"start":0.40029618,"end":0.400993,"start2":0.2,"end2":0.2},{"startTime":5936.0,"endTime":5952.0,"start":0.400993,"end":0.40234607,"start2":0.2,"end2":0.2},{"startTime":5952.0,"endTime":5968.0,"start":0.40234607,"end":0.40457338,"start2":0.2,"end2":0.2},{"startTime":5968.0,"endTime":5984.0,"start":0.40457338,"end":0.4078927,"start2":0.2,"end2":0.2},{"startTime":5984.0,"endTime":6000.0,"start":0.4078927,"end":0.41252193,"start2":0.2,"end2":0.2},{"startTime":6000.0,"endTime":6016.0,"start":0.41252193,"end":0.41867897,"start2":0.2,"end2":0.2},{"startTime":6016.0,"endTime":6032.0,"start":0.41867897,"end":0.42660677,"start2":0.2,"end2":0.2},{"startTime":6032.0,"endTime":6048.0,"start":0.42660677,"end":0.4365035,"start2":0.2,"end2":0.2},{"startTime":6048.0,"endTime":6064.0,"start":0.4365035,"end":0.448587,"start2":0.2,"end2":0.2},{"startTime":6064.0,"endTime":6080.0,"start":0.448587,"end":0.46307516,"start2":0.2,"end2":0.2},{"startTime":6080.0,"endTime":6096.0,"start":0.46307516,"end":0.48018587,"start2":0.2,"end2":0.2},{"startTime":6096.0,"endTime":6112.0,"start":0.48018587,"end":0.500137,"start2":0.2,"end2":0.2},{"startTime":6112.0,"endTime":6128.0,"start":0.500137,"end":0.52314633,"start2":0.2,"end2":0.2},{"startTime":6128.0,"endTime":6144.0,"start":0.52314633,"end":0.5494318,"start2":0.2,"end2":0.2},{"startTime":6144.0,"endTime":6160.0,"start":0.5494318,"end":0.57571733,"start2":0.2,"end2":0.2},{"startTime":6160.0,"endTime":6176.0,"start":0.57571733,"end":0.5987267,"start2":0.2,"end2":0.2},{"startTime":6176.0,"endTime":6192.0,"start":0.5987267,"end":0.6186778,"start2":0.2,"end2":0.2},{"startTime":6192.0,"endTime":6208.0,"start":0.6186778,"end":0.63578844,"start2":0.2,"end2":0.2},{"startTime":6208.0,"endTime":6224.0,"start":0.63578844,"end":0.6502766,"start2":0.2,"end2":0.2},{"startTime":6224.0,"endTime":6240.0,"start":0.6502766,"end":0.66236013,"start2":0.2,"end2":0.2},{"startTime":6240.0,"endTime":6256.0,"start":0.66236013,"end":0.6722568,"start2":0.2,"end2":0.2},{"startTime":6256.0,"endTime":6272.0,"start":0.6722568,"end":0.68018466,"start2":0.2,"end2":0.2},{"startTime":6272.0,"endTime":6288.0,"start":0.68018466,"end":0.6863417,"start2":0.2,"end2":0.2},{"startTime":6288.0,"endTime":6304.0,"start":0.6863417,"end":0.6909709,"start2":0.2,"end2":0.2},{"startTime":6304.0,"endTime":6320.0,"start":0.6909709,"end":0.6942903,"start2":0.2,"end2":0.2},{"startTime":6320.0,"endTime":6336.0,"start":0.6942903,"end":0.6965175,"start2":0.2,"end2":0.2},{"startTime":6336.0,"endTime":6352.0,"start":0.6965175,"end":0.6978707,"start2":0.2,"end2":0.2},{"startTime":6352.0,"endTime":6368.0,"start":0.6978707,"end":0.69856745,"start2":0.2,"end2":0.2},{"startTime":6368.0,"endTime":6384.0,"start":0.69856745,"end":0.69882584,"start2":0.2,"end2":0.2},{"startTime":6384.0,"endTime":6400.0,"start":0.69882584,"end":0.6988636,"start2":0.2,"end2":0.2},{"startTime":6400.0,"endTime":6408.0,"start":0.6988636,"end":0.698856,"start2":0.2,"end2":0.2},{"startTime":6408.0,"endTime":6416.0,"start":0.698856,"end":0.6988046,"start2":0.2,"end2":0.2},{"startTime":6416.0,"endTime":6424.0,"start":0.6988046,"end":0.6986666,"start2":0.2,"end2":0.2},{"startTime":6424.0,"endTime":6432.0,"start":0.6986666,"end":0.6983988,"start2":0.2,"end2":0.2},{"startTime":6432.0,"endTime":6440.0,"start":0.6983988,"end":0.69795847,"start2":0.2,"end2":0.2},{"startTime":6440.0,"endTime":6448.0,"start":0.69795847,"end":0.6973025,"start2":0.2,"end2":0.2},{"startTime":6448.0,"endTime":6456.0,"start":0.6973025,"end":0.6963881,"start2":0.2,"end2":0.2},{"startTime":6456.0,"endTime":6464.0,"start":0.6963881,"end":0.6951722,"start2":0.2,"end2":0.2},{"startTime":6464.0,"endTime":6472.0,"start":0.6951722,"end":0.69361186,"start2":0.2,"end2":0.2},{"startTime":6472.0,"endTime":6480.0,"start":0.69361186,"end":0.6916641,"start2":0.2,"end2":0.2},{"startTime":6480.0,"endTime":6488.0,"start":0.6916641,"end":0.689286,"start2":0.2,"end2":0.2},{"startTime":6488.0,"endTime":6496.0,"start":0.689286,"end":0.6864346,"start2":0.2,"end2":0.2},{"startTime":6496.0,"endTime":6504.0,"start":0.6864346,"end":0.6830563,"start2":0.2,"end2":0.2},{"startTime":6504.0,"endTime":6512.0,"start":0.6830563,"end":0.67911714,"start2":0.2,"end2":0.2},{"startTime":6512.0,"endTime":6520.0,"start":0.67911714,"end":0.6745742,"start2":0.2,"end2":0.2},{"startTime":6520.0,"endTime":6528.0,"start":0.6745742,"end":0.6693846,"start2":0.2,"end2":0.2},{"startTime":6528.0,"endTime":6536.0,"start":0.6693846,"end":0.6635054,"start2":0.2,"end2":0.2},{"startTime":6536.0,"endTime":6544.0,"start":0.6635054,"end":0.65689343,"start2":0.2,"end2":0.2},{"startTime":6544.0,"endTime":6552.0,"start":0.65689343,"end":0.649506,"start2":0.2,"end2":0.2},{"startTime":6552.0,"endTime":6560.0,"start":0.649506,"end":0.6413,"start2":0.2,"end2":0.2},{"startTime":6560.0,"endTime":6568.0,"start":0.6413,"end":0.6322326,"start2":0.2,"end2":0.2},{"startTime":6568.0,"endTime":6576.0,"start":0.6322326,"end":0.6222607,"start2":0.2,"end2":0.2},{"startTime":6576.0,"endTime":6584.0,"start":0.6222607,"end":0.6113414,"start2":0.2,"end2":0.2},{"startTime":6584.0,"endTime":6600.0,"start":0.6113414,"end":0.5875222,"start2":0.2,"end2":0.2},{"startTime":6600.0,"endTime":6608.0,"start":0.5875222,"end":0.57660294,"start2":0.2,"end2":0.2},{"startTime":6608.0,"endTime":6616.0,"start":0.57660294,"end":0.5666311,"start2":0.2,"end2":0.2},{"startTime":6616.0,"endTime":6624.0,"start":0.5666311,"end":0.5575636,"start2":0.2,"end2":0.2},{"startTime":6624.0,"endTime":6632.0,"start":0.5575636,"end":0.5493576,"start2":0.2,"end2":0.2},{"startTime":6632.0,"endTime":6640.0,"start":0.5493576,"end":0.5419702,"start2":0.2,"end2":0.2},{"startTime":6640.0,"endTime":6648.0,"start":0.5419702,"end":0.5353583,"start2":0.2,"end2":0.2},{"startTime":6648.0,"endTime":6656.0,"start":0.5353583,"end":0.529479,"start2":0.2,"end2":0.2},{"startTime":6656.0,"endTime":6664.0,"start":0.529479,"end":0.5242894,"start2":0.2,"end2":0.2},{"startTime":6664.0,"endTime":6672.0,"start":0.5242894,"end":0.5197465,"start2":0.2,"end2":0.2},{"startTime":6672.0,"endTime":6680.0,"start":0.5197465,"end":0.51580733,"start2":0.2,"end2":0.2},{"startTime":6680.0,"endTime":6688.0,"start":0.51580733,"end":0.512429,"start2":0.2,"end2":0.2},{"startTime":6688.0,"endTime":6696.0,"start":0.512429,"end":0.50957763,"start2":0.2,"end2":0.2},{"startTime":6696.0,"endTime":6704.0,"start":0.50957763,"end":0.5071995,"start2":0.2,"end2":0.2},{"startTime":6704.0,"endTime":6712.0,"start":0.5071995,"end":0.5052518,"start2":0.2,"end2":0.2},{"startTime":6712.0,"endTime":6720.0,"start":0.5052518,"end":0.50369143,"start2":0.2,"end2":0.2},{"startTime":6720.0,"endTime":6728.0,"start":0.50369143,"end":0.5024755,"start2":0.2,"end2":0.2},{"startTime":6728.0,"endTime":6736.0,"start":0.5024755,"end":0.5015611,"start2":0.2,"end2":0.2},{"startTime":6736.0,"endTime":6744.0,"start":0.5015611,"end":0.50090516,"start2":0.2,"end2":0.2},{"startTime":6744.0,"endTime":6752.0,"start":0.50090516,"end":0.5004648,"start2":0.2,"end2":0.2},{"startTime":6752.0,"endTime":6760.0,"start":0.5004648,"end":0.50019705,"start2":0.2,"end2":0.2},{"startTime":6760.0,"endTime":6768.0,"start":0.50019705,"end":0.500059,"start2":0.2,"end2":0.2},{"startTime":6768.0,"endTime":6776.0,"start":0.500059,"end":0.5000076,"start2":0.2,"end2":0.2},{"startTime":6776.0,"endTime":6784.0,"start":0.5000076,"end":0.5,"start2":0.2,"end2":0.2},{"startTime":6784.0,"endTime":6800.0,"start":0.5,"end":0.5,"start2":0.25,"end2":0.25},{"startTime":6800.0,"endTime":6816.0,"start":0.5,"end":0.5,"start2":0.3,"end2":0.3},{"startTime":6816.0,"endTime":6832.0,"start":0.5,"end":0.5,"start2":0.3480769,"end2":0.3480769},{"startTime":6832.0,"endTime":6848.0,"start":0.5,"end":0.5,"start2":0.4,"end2":0.4},{"startTime":6848.0,"endTime":6864.0,"start":0.5,"end":0.5,"start2":0.44807693,"end2":0.44807693},{"startTime":6864.0,"endTime":6880.0,"start":0.5,"end":0.5,"start2":0.35,"end2":0.35},{"startTime":6880.0,"endTime":6896.0,"start":0.5,"end":0.5,"start2":0.29999998,"end2":0.3},{"startTime":6896.0,"endTime":6912.0,"start":0.5,"end":0.5,"start2":0.25,"end2":0.25},{"startTime":6912.0,"endTime":6913.0,"start":0.5,"end":0.5,"start2":0.2,"end2":0.19539264},{"startTime":6913.0,"endTime":6914.0,"start":0.5,"end":0.5,"start2":0.19539264,"end2":0.19091809},{"startTime":6914.0,"endTime":6915.0,"start":0.5,"end":0.5,"start2":0.19091809,"end2":0.18659253},{"startTime":6915.0,"endTime":6916.0,"start":0.5,"end":0.5,"start2":0.18659253,"end2":0.18240273},{"startTime":6916.0,"endTime":6917.0,"start":0.5,"end":0.5,"start2":0.18240273,"end2":0.17835009},{"startTime":6917.0,"endTime":6918.0,"start":0.5,"end":0.5,"start2":0.17835009,"end2":0.17443569},{"startTime":6918.0,"endTime":6919.0,"start":0.5,"end":0.5,"start2":0.17443569,"end2":0.17064708},{"startTime":6919.0,"endTime":6920.0,"start":0.5,"end":0.5,"start2":0.17064708,"end2":0.16699874},{"startTime":6920.0,"endTime":6921.0,"start":0.5,"end":0.5,"start2":0.16699874,"end2":0.16346854},{"startTime":6921.0,"endTime":6922.0,"start":0.5,"end":0.5,"start2":0.16346854,"end2":0.16007368},{"startTime":6922.0,"endTime":6923.0,"start":0.5,"end":0.5,"start2":0.16007368,"end2":0.15679584},{"startTime":6923.0,"endTime":6924.0,"start":0.5,"end":0.5,"start2":0.15679584,"end2":0.15364228},{"startTime":6924.0,"endTime":6925.0,"start":0.5,"end":0.5,"start2":0.15364228,"end2":0.15060747},{"startTime":6925.0,"endTime":6926.0,"start":0.5,"end":0.5,"start2":0.15060747,"end2":0.14768627},{"startTime":6926.0,"endTime":6927.0,"start":0.5,"end":0.5,"start2":0.14768627,"end2":0.14488517},{"startTime":6927.0,"endTime":6928.0,"start":0.5,"end":0.5,"start2":0.14488517,"end2":0.14218749},{"startTime":6928.0,"endTime":6929.0,"start":0.5,"end":0.5,"start2":0.14218749,"end2":0.13961075},{"startTime":6929.0,"endTime":6930.0,"start":0.5,"end":0.5,"start2":0.13961075,"end2":0.13713309},{"startTime":6930.0,"endTime":6931.0,"start":0.5,"end":0.5,"start2":0.13713309,"end2":0.13476597},{"startTime":6931.0,"endTime":6932.0,"start":0.5,"end":0.5,"start2":0.13476597,"end2":0.13249896},{"startTime":6932.0,"endTime":6933.0,"start":0.5,"end":0.5,"start2":0.13249896,"end2":0.13033259},{"startTime":6933.0,"endTime":6934.0,"start":0.5,"end":0.5,"start2":0.13033259,"end2":0.12826693},{"startTime":6934.0,"endTime":6935.0,"start":0.5,"end":0.5,"start2":0.12826693,"end2":0.1262924},{"startTime":6935.0,"endTime":6936.0,"start":0.5,"end":0.5,"start2":0.1262924,"end2":0.12441874},{"startTime":6936.0,"endTime":6937.0,"start":0.5,"end":0.5,"start2":0.12441874,"end2":0.12262947},{"startTime":6937.0,"endTime":6938.0,"start":0.5,"end":0.5,"start2":0.12262947,"end2":0.120936185},{"startTime":6938.0,"endTime":6939.0,"start":0.5,"end":0.5,"start2":0.120936185,"end2":0.11932521},{"startTime":6939.0,"endTime":6940.0,"start":0.5,"end":0.5,"start2":0.11932521,"end2":0.117801026},{"startTime":6940.0,"endTime":6941.0,"start":0.5,"end":0.5,"start2":0.117801026,"end2":0.11635903},{"startTime":6941.0,"endTime":6942.0,"start":0.5,"end":0.5,"start2":0.11635903,"end2":0.114995025},{"startTime":6942.0,"endTime":6943.0,"start":0.5,"end":0.5,"start2":0.114995025,"end2":0.113712676},{"startTime":6943.0,"endTime":6944.0,"start":0.5,"end":0.5,"start2":0.113712676,"end2":0.1125},{"startTime":6944.0,"endTime":6945.0,"start":0.5,"end":0.5,"start2":0.1125,"end2":0.11136794},{"startTime":6945.0,"endTime":6946.0,"start":0.5,"end":0.5,"start2":0.11136794,"end2":0.11030121},{"startTime":6946.0,"endTime":6947.0,"start":0.5,"end":0.5,"start2":0.11030121,"end2":0.10930659},{"startTime":6947.0,"endTime":6948.0,"start":0.5,"end":0.5,"start2":0.10930659,"end2":0.108376466},{"startTime":6948.0,"endTime":6949.0,"start":0.5,"end":0.5,"start2":0.108376466,"end2":0.1075104},{"startTime":6949.0,"endTime":6950.0,"start":0.5,"end":0.5,"start2":0.1075104,"end2":0.10670756},{"startTime":6950.0,"endTime":6951.0,"start":0.5,"end":0.5,"start2":0.10670756,"end2":0.10596115},{"startTime":6951.0,"endTime":6952.0,"start":0.5,"end":0.5,"start2":0.10596115,"end2":0.10527624},{"startTime":6952.0,"endTime":6953.0,"start":0.5,"end":0.5,"start2":0.10527624,"end2":0.10464196},{"startTime":6953.0,"endTime":6954.0,"start":0.5,"end":0.5,"start2":0.10464196,"end2":0.10406431},{"startTime":6954.0,"endTime":6955.0,"start":0.5,"end":0.5,"start2":0.10406431,"end2":0.103534274},{"startTime":6955.0,"endTime":6956.0,"start":0.5,"end":0.5,"start2":0.103534274,"end2":0.10305352},{"startTime":6956.0,"endTime":6957.0,"start":0.5,"end":0.5,"start2":0.10305352,"end2":0.102618404},{"startTime":6957.0,"endTime":6958.0,"start":0.5,"end":0.5,"start2":0.102618404,"end2":0.102225654},{"startTime":6958.0,"endTime":6959.0,"start":0.5,"end":0.5,"start2":0.102225654,"end2":0.10187611},{"startTime":6959.0,"endTime":6960.0,"start":0.5,"end":0.5,"start2":0.10187611,"end2":0.10156249},{"startTime":6960.0,"endTime":6961.0,"start":0.5,"end":0.5,"start2":0.10156249,"end2":0.10128918},{"startTime":6961.0,"endTime":6962.0,"start":0.5,"end":0.5,"start2":0.10128918,"end2":0.101047456},{"startTime":6962.0,"endTime":6963.0,"start":0.5,"end":0.5,"start2":0.101047456,"end2":0.1008394},{"startTime":6963.0,"endTime":6964.0,"start":0.5,"end":0.5,"start2":0.1008394,"end2":0.10066022},{"startTime":6964.0,"endTime":6965.0,"start":0.5,"end":0.5,"start2":0.10066022,"end2":0.100508526},{"startTime":6965.0,"endTime":6966.0,"start":0.5,"end":0.5,"start2":0.100508526,"end2":0.10038255},{"startTime":6966.0,"endTime":6967.0,"start":0.5,"end":0.5,"start2":0.10038255,"end2":0.10027834},{"startTime":6967.0,"endTime":6968.0,"start":0.5,"end":0.5,"start2":0.10027834,"end2":0.10019625},{"startTime":6968.0,"endTime":6969.0,"start":0.5,"end":0.5,"start2":0.10019625,"end2":0.10013102},{"startTime":6969.0,"endTime":6970.0,"start":0.5,"end":0.5,"start2":0.10013102,"end2":0.10008306},{"startTime":6970.0,"endTime":6971.0,"start":0.5,"end":0.5,"start2":0.10008306,"end2":0.10004802},{"startTime":6971.0,"endTime":6972.0,"start":0.5,"end":0.5,"start2":0.10004802,"end2":0.100024775},{"startTime":6972.0,"endTime":6973.0,"start":0.5,"end":0.5,"start2":0.100024775,"end2":0.10001059},{"startTime":6973.0,"endTime":6974.0,"start":0.5,"end":0.5,"start2":0.10001059,"end2":0.10000316},{"startTime":6974.0,"endTime":6975.0,"start":0.5,"end":0.5,"start2":0.10000316,"end2":0.100000486},{"startTime":6975.0,"endTime":6976.0,"start":0.5,"end":0.5,"start2":0.100000486,"end2":0.099999994},{"startTime":6976.0,"endTime":7808.0,"start":0.5,"end":0.5,"start2":0.099999994,"end2":0.099999994},{"startTime":7808.0,"endTime":7824.0,"start":0.5,"end":0.5,"start2":0.15,"end2":0.15},{"startTime":7824.0,"endTime":7840.0,"start":0.5,"end":0.5,"start2":0.2,"end2":0.2},{"startTime":7840.0,"endTime":7856.0,"start":0.5,"end":0.5,"start2":0.25,"end2":0.25},{"startTime":7856.0,"endTime":7872.0,"start":0.5,"end":0.5,"start2":0.3,"end2":0.3},{"startTime":7872.0,"endTime":7888.0,"start":0.5,"end":0.5,"start2":0.3480769,"end2":0.3480769},{"startTime":7888.0,"endTime":7904.0,"start":0.5,"end":0.5,"start2":0.4,"end2":0.4},{"startTime":7904.0,"endTime":7920.0,"start":0.5,"end":0.5,"start2":0.44807693,"end2":0.44807693},{"startTime":7920.0,"endTime":1000000000.0,"start":0.5,"end":0.5,"start2":0.5,"end2":0.5}],"judgeLineRotateEvents":[{"startTime":-999999.0,"endTime":1280.0,"start":0.0,"end":0.0},{"startTime":1280.0,"endTime":1281.0,"start":0.0,"end":0.90819085},{"startTime":1281.0,"endTime":1282.0,"start":0.90819085,"end":1.7597276},{"startTime":1282.0,"endTime":1283.0,"start":1.7597276,"end":2.556431},{"startTime":1283.0,"endTime":1284.0,"start":2.556431,"end":3.3001251},{"startTime":1284.0,"endTime":1285.0,"start":3.3001251,"end":3.9926314},{"startTime":1285.0,"endTime":1286.0,"start":3.9926314,"end":4.635772},{"startTime":1286.0,"endTime":1287.0,"start":4.635772,"end":5.231372},{"startTime":1287.0,"endTime":1288.0,"start":5.231372,"end":5.78125},{"startTime":1288.0,"endTime":1289.0,"start":5.78125,"end":6.2866907},{"startTime":1289.0,"endTime":1290.0,"start":6.2866907,"end":6.7501025},{"startTime":1290.0,"endTime":1291.0,"start":6.7501025,"end":7.1733065},{"startTime":1291.0,"endTime":1292.0,"start":7.1733065,"end":7.5581255},{"startTime":1292.0,"endTime":1293.0,"start":7.5581255,"end":7.9063807},{"startTime":1293.0,"endTime":1294.0,"start":7.9063807,"end":8.219897},{"startTime":1294.0,"endTime":1295.0,"start":8.219897,"end":8.500497},{"startTime":1295.0,"endTime":1296.0,"start":8.500497,"end":8.75},{"startTime":1296.0,"endTime":1297.0,"start":8.75,"end":8.969878},{"startTime":1297.0,"endTime":1298.0,"start":8.969878,"end":9.162353},{"startTime":1298.0,"endTime":1299.0,"start":9.162353,"end":9.329244},{"startTime":1299.0,"endTime":1300.0,"start":9.329244,"end":9.472375},{"startTime":1300.0,"endTime":1301.0,"start":9.472375,"end":9.593569},{"startTime":1301.0,"endTime":1302.0,"start":9.593569,"end":9.694648},{"startTime":1302.0,"endTime":1303.0,"start":9.694648,"end":9.777433},{"startTime":1303.0,"endTime":1304.0,"start":9.777433,"end":9.84375},{"startTime":1304.0,"endTime":1305.0,"start":9.84375,"end":9.895254},{"startTime":1305.0,"endTime":1306.0,"start":9.895254,"end":9.933977},{"startTime":1306.0,"endTime":1307.0,"start":9.933977,"end":9.961744},{"startTime":1307.0,"endTime":1308.0,"start":9.961744,"end":9.980374},{"startTime":1308.0,"endTime":1309.0,"start":9.980374,"end":9.9916935},{"startTime":1309.0,"endTime":1310.0,"start":9.9916935,"end":9.997522},{"startTime":1310.0,"endTime":1311.0,"start":9.997522,"end":9.999683},{"startTime":1311.0,"endTime":1312.0,"start":9.999683,"end":10.0},{"startTime":1312.0,"endTime":1328.0,"start":10.0,"end":10.0},{"startTime":1328.0,"endTime":1329.0,"start":10.0,"end":10.908191},{"startTime":1329.0,"endTime":1330.0,"start":10.908191,"end":11.7597275},{"startTime":1330.0,"endTime":1331.0,"start":11.7597275,"end":12.556431},{"startTime":1331.0,"endTime":1332.0,"start":12.556431,"end":13.300125},{"startTime":1332.0,"endTime":1333.0,"start":13.300125,"end":13.992632},{"startTime":1333.0,"endTime":1334.0,"start":13.992632,"end":14.635772},{"startTime":1334.0,"endTime":1335.0,"start":14.635772,"end":15.231372},{"startTime":1335.0,"endTime":1336.0,"start":15.231372,"end":15.78125},{"startTime":1336.0,"endTime":1337.0,"start":15.78125,"end":16.286692},{"startTime":1337.0,"endTime":1338.0,"start":16.286692,"end":16.750103},{"startTime":1338.0,"endTime":1339.0,"start":16.750103,"end":17.173306},{"startTime":1339.0,"endTime":1340.0,"start":17.173306,"end":17.558125},{"startTime":1340.0,"endTime":1341.0,"start":17.558125,"end":17.906382},{"startTime":1341.0,"endTime":1342.0,"start":17.906382,"end":18.219896},{"startTime":1342.0,"endTime":1343.0,"start":18.219896,"end":18.500496},{"startTime":1343.0,"endTime":1344.0,"start":18.500496,"end":18.75},{"startTime":1344.0,"endTime":1345.0,"start":18.75,"end":18.96988},{"startTime":1345.0,"endTime":1346.0,"start":18.96988,"end":19.162354},{"startTime":1346.0,"endTime":1347.0,"start":19.162354,"end":19.329245},{"startTime":1347.0,"endTime":1348.0,"start":19.329245,"end":19.472374},{"startTime":1348.0,"endTime":1349.0,"start":19.472374,"end":19.593569},{"startTime":1349.0,"endTime":1350.0,"start":19.593569,"end":19.694649},{"startTime":1350.0,"endTime":1351.0,"start":19.694649,"end":19.777433},{"startTime":1351.0,"endTime":1352.0,"start":19.777433,"end":19.84375},{"startTime":1352.0,"endTime":1353.0,"start":19.84375,"end":19.895254},{"startTime":1353.0,"endTime":1354.0,"start":19.895254,"end":19.933977},{"startTime":1354.0,"endTime":1355.0,"start":19.933977,"end":19.961744},{"startTime":1355.0,"endTime":1356.0,"start":19.961744,"end":19.980375},{"startTime":1356.0,"endTime":1357.0,"start":19.980375,"end":19.991693},{"startTime":1357.0,"endTime":1358.0,"start":19.991693,"end":19.997522},{"startTime":1358.0,"endTime":1359.0,"start":19.997522,"end":19.999683},{"startTime":1359.0,"endTime":1360.0,"start":19.999683,"end":20.0},{"startTime":1360.0,"endTime":1376.0,"start":20.0,"end":20.0},{"startTime":1376.0,"endTime":1377.0,"start":20.0,"end":19.091808},{"startTime":1377.0,"endTime":1378.0,"start":19.091808,"end":18.240273},{"startTime":1378.0,"endTime":1379.0,"start":18.240273,"end":17.44357},{"startTime":1379.0,"endTime":1380.0,"start":17.44357,"end":16.699875},{"startTime":1380.0,"endTime":1381.0,"start":16.699875,"end":16.007368},{"startTime":1381.0,"endTime":1382.0,"start":16.007368,"end":15.364228},{"startTime":1382.0,"endTime":1383.0,"start":15.364228,"end":14.768628},{"startTime":1383.0,"endTime":1384.0,"start":14.768628,"end":14.21875},{"startTime":1384.0,"endTime":1385.0,"start":14.21875,"end":13.713309},{"startTime":1385.0,"endTime":1386.0,"start":13.713309,"end":13.249897},{"startTime":1386.0,"endTime":1387.0,"start":13.249897,"end":12.826694},{"startTime":1387.0,"endTime":1388.0,"start":12.826694,"end":12.4418745},{"startTime":1388.0,"endTime":1389.0,"start":12.4418745,"end":12.093619},{"startTime":1389.0,"endTime":1390.0,"start":12.093619,"end":11.780103},{"startTime":1390.0,"endTime":1391.0,"start":11.780103,"end":11.499503},{"startTime":1391.0,"endTime":1392.0,"start":11.499503,"end":11.25},{"startTime":1392.0,"endTime":1393.0,"start":11.25,"end":11.030122},{"startTime":1393.0,"endTime":1394.0,"start":11.030122,"end":10.837647},{"startTime":1394.0,"endTime":1395.0,"start":10.837647,"end":10.670756},{"startTime":1395.0,"endTime":1396.0,"start":10.670756,"end":10.527625},{"startTime":1396.0,"endTime":1397.0,"start":10.527625,"end":10.406431},{"startTime":1397.0,"endTime":1398.0,"start":10.406431,"end":10.305352},{"startTime":1398.0,"endTime":1399.0,"start":10.305352,"end":10.222567},{"startTime":1399.0,"endTime":1400.0,"start":10.222567,"end":10.15625},{"startTime":1400.0,"endTime":1401.0,"start":10.15625,"end":10.104746},{"startTime":1401.0,"endTime":1402.0,"start":10.104746,"end":10.066023},{"startTime":1402.0,"endTime":1403.0,"start":10.066023,"end":10.038256},{"startTime":1403.0,"endTime":1404.0,"start":10.038256,"end":10.019626},{"startTime":1404.0,"endTime":1405.0,"start":10.019626,"end":10.0083065},{"startTime":1405.0,"endTime":1406.0,"start":10.0083065,"end":10.002478},{"startTime":1406.0,"endTime":1407.0,"start":10.002478,"end":10.000317},{"startTime":1407.0,"endTime":1408.0,"start":10.000317,"end":10.0},{"startTime":1408.0,"endTime":1409.0,"start":10.0,"end":9.539264},{"startTime":1409.0,"endTime":1410.0,"start":9.539264,"end":9.091809},{"startTime":1410.0,"endTime":1411.0,"start":9.091809,"end":8.659253},{"startTime":1411.0,"endTime":1412.0,"start":8.659253,"end":8.2402725},{"startTime":1412.0,"endTime":1413.0,"start":8.2402725,"end":7.8350096},{"startTime":1413.0,"endTime":1414.0,"start":7.8350096,"end":7.443569},{"startTime":1414.0,"endTime":1415.0,"start":7.443569,"end":7.064709},{"startTime":1415.0,"endTime":1416.0,"start":7.064709,"end":6.699875},{"startTime":1416.0,"endTime":1417.0,"start":6.699875,"end":6.3468533},{"startTime":1417.0,"endTime":1418.0,"start":6.3468533,"end":6.0073686},{"startTime":1418.0,"endTime":1419.0,"start":6.0073686,"end":5.679584},{"startTime":1419.0,"endTime":1420.0,"start":5.679584,"end":5.364228},{"startTime":1420.0,"endTime":1421.0,"start":5.364228,"end":5.060747},{"startTime":1421.0,"endTime":1422.0,"start":5.060747,"end":4.768628},{"startTime":1422.0,"endTime":1423.0,"start":4.768628,"end":4.4885178},{"startTime":1423.0,"endTime":1424.0,"start":4.4885178,"end":4.21875},{"startTime":1424.0,"endTime":1425.0,"start":4.21875,"end":3.9610755},{"startTime":1425.0,"endTime":1426.0,"start":3.9610755,"end":3.7133093},{"startTime":1426.0,"endTime":1427.0,"start":3.7133093,"end":3.476597},{"startTime":1427.0,"endTime":1428.0,"start":3.476597,"end":3.2498975},{"startTime":1428.0,"endTime":1429.0,"start":3.2498975,"end":3.0332594},{"startTime":1429.0,"endTime":1430.0,"start":3.0332594,"end":2.8266935},{"startTime":1430.0,"endTime":1431.0,"start":2.8266935,"end":2.62924},{"startTime":1431.0,"endTime":1432.0,"start":2.62924,"end":2.4418747},{"startTime":1432.0,"endTime":1433.0,"start":2.4418747,"end":2.2629476},{"startTime":1433.0,"endTime":1434.0,"start":2.2629476,"end":2.093619},{"startTime":1434.0,"endTime":1435.0,"start":2.093619,"end":1.932522},{"startTime":1435.0,"endTime":1436.0,"start":1.932522,"end":1.7801028},{"startTime":1436.0,"endTime":1437.0,"start":1.7801028,"end":1.6359037},{"startTime":1437.0,"endTime":1438.0,"start":1.6359037,"end":1.4995033},{"startTime":1438.0,"endTime":1439.0,"start":1.4995033,"end":1.371268},{"startTime":1439.0,"endTime":1440.0,"start":1.371268,"end":1.25},{"startTime":1440.0,"endTime":1441.0,"start":1.25,"end":1.1367947},{"startTime":1441.0,"endTime":1442.0,"start":1.1367947,"end":1.0301214},{"startTime":1442.0,"endTime":1443.0,"start":1.0301214,"end":0.9306592},{"startTime":1443.0,"endTime":1444.0,"start":0.9306592,"end":0.8376473},{"startTime":1444.0,"endTime":1445.0,"start":0.8376473,"end":0.7510406},{"startTime":1445.0,"endTime":1446.0,"start":0.7510406,"end":0.6707561},{"startTime":1446.0,"endTime":1447.0,"start":0.6707561,"end":0.5961156},{"startTime":1447.0,"endTime":1448.0,"start":0.5961156,"end":0.5276251},{"startTime":1448.0,"endTime":1449.0,"start":0.5276251,"end":0.4641968},{"startTime":1449.0,"endTime":1450.0,"start":0.4641968,"end":0.40643156},{"startTime":1450.0,"endTime":1451.0,"start":0.40643156,"end":0.35342813},{"startTime":1451.0,"endTime":1452.0,"start":0.35342813,"end":0.3053522},{"startTime":1452.0,"endTime":1453.0,"start":0.3053522,"end":0.26184082},{"startTime":1453.0,"endTime":1454.0,"start":0.26184082,"end":0.22256613},{"startTime":1454.0,"endTime":1455.0,"start":0.22256613,"end":0.18761158},{"startTime":1455.0,"endTime":1456.0,"start":0.18761158,"end":0.15625},{"startTime":1456.0,"endTime":1457.0,"start":0.15625,"end":0.12891889},{"startTime":1457.0,"endTime":1458.0,"start":0.12891889,"end":0.10474622},{"startTime":1458.0,"endTime":1459.0,"start":0.10474622,"end":0.083940625},{"startTime":1459.0,"endTime":1460.0,"start":0.083940625,"end":0.06602287},{"startTime":1460.0,"endTime":1461.0,"start":0.06602287,"end":0.050852895},{"startTime":1461.0,"endTime":1462.0,"start":0.050852895,"end":0.03825605},{"startTime":1462.0,"endTime":1463.0,"start":0.03825605,"end":0.027834773},{"startTime":1463.0,"endTime":1464.0,"start":0.027834773,"end":0.019625425},{"startTime":1464.0,"endTime":1465.0,"start":0.019625425,"end":0.013102889},{"startTime":1465.0,"endTime":1466.0,"start":0.013102889,"end":0.008306503},{"startTime":1466.0,"endTime":1467.0,"start":0.008306503,"end":0.0048029423},{"startTime":1467.0,"endTime":1468.0,"start":0.0048029423,"end":0.002477765},{"startTime":1468.0,"endTime":1469.0,"start":0.002477765,"end":0.0010591745},{"startTime":1469.0,"endTime":1470.0,"start":0.0010591745,"end":0.00031650066},{"startTime":1470.0,"endTime":1471.0,"start":0.00031650066,"end":0.000049471855},{"startTime":1471.0,"endTime":1472.0,"start":0.000049471855,"end":0.0},{"startTime":1472.0,"endTime":1536.0,"start":0.0,"end":0.0},{"startTime":1536.0,"endTime":1537.0,"start":0.0,"end":-0.90819085},{"startTime":1537.0,"endTime":1538.0,"start":-0.90819085,"end":-1.7597276},{"startTime":1538.0,"endTime":1539.0,"start":-1.7597276,"end":-2.556431},{"startTime":1539.0,"endTime":1540.0,"start":-2.556431,"end":-3.3001251},{"startTime":1540.0,"endTime":1541.0,"start":-3.3001251,"end":-3.9926314},{"startTime":1541.0,"endTime":1542.0,"start":-3.9926314,"end":-4.635772},{"startTime":1542.0,"endTime":1543.0,"start":-4.635772,"end":-5.231372},{"startTime":1543.0,"endTime":1544.0,"start":-5.231372,"end":-5.78125},{"startTime":1544.0,"endTime":1545.0,"start":-5.78125,"end":-6.2866907},{"startTime":1545.0,"endTime":1546.0,"start":-6.2866907,"end":-6.7501025},{"startTime":1546.0,"endTime":1547.0,"start":-6.7501025,"end":-7.1733065},{"startTime":1547.0,"endTime":1548.0,"start":-7.1733065,"end":-7.5581255},{"startTime":1548.0,"endTime":1549.0,"start":-7.5581255,"end":-7.9063807},{"startTime":1549.0,"endTime":1550.0,"start":-7.9063807,"end":-8.219897},{"startTime":1550.0,"endTime":1551.0,"start":-8.219897,"end":-8.500497},{"startTime":1551.0,"endTime":1552.0,"start":-8.500497,"end":-8.75},{"startTime":1552.0,"endTime":1553.0,"start":-8.75,"end":-8.969878},{"startTime":1553.0,"endTime":1554.0,"start":-8.969878,"end":-9.162353},{"startTime":1554.0,"endTime":1555.0,"start":-9.162353,"end":-9.329244},{"startTime":1555.0,"endTime":1556.0,"start":-9.329244,"end":-9.472375},{"startTime":1556.0,"endTime":1557.0,"start":-9.472375,"end":-9.593569},{"startTime":1557.0,"endTime":1558.0,"start":-9.593569,"end":-9.694648},{"startTime":1558.0,"endTime":1559.0,"start":-9.694648,"end":-9.777433},{"startTime":1559.0,"endTime":1560.0,"start":-9.777433,"end":-9.84375},{"startTime":1560.0,"endTime":1561.0,"start":-9.84375,"end":-9.895254},{"startTime":1561.0,"endTime":1562.0,"start":-9.895254,"end":-9.933977},{"startTime":1562.0,"endTime":1563.0,"start":-9.933977,"end":-9.961744},{"startTime":1563.0,"endTime":1564.0,"start":-9.961744,"end":-9.980374},{"startTime":1564.0,"endTime":1565.0,"start":-9.980374,"end":-9.9916935},{"startTime":1565.0,"endTime":1566.0,"start":-9.9916935,"end":-9.997522},{"startTime":1566.0,"endTime":1567.0,"start":-9.997522,"end":-9.999683},{"startTime":1567.0,"endTime":1568.0,"start":-9.999683,"end":-10.0},{"startTime":1568.0,"endTime":1584.0,"start":-10.0,"end":-10.0},{"startTime":1584.0,"endTime":1585.0,"start":-10.0,"end":-10.908191},{"startTime":1585.0,"endTime":1586.0,"start":-10.908191,"end":-11.7597275},{"startTime":1586.0,"endTime":1587.0,"start":-11.7597275,"end":-12.556431},{"startTime":1587.0,"endTime":1588.0,"start":-12.556431,"end":-13.300125},{"startTime":1588.0,"endTime":1589.0,"start":-13.300125,"end":-13.992632},{"startTime":1589.0,"endTime":1590.0,"start":-13.992632,"end":-14.635772},{"startTime":1590.0,"endTime":1591.0,"start":-14.635772,"end":-15.231372},{"startTime":1591.0,"endTime":1592.0,"start":-15.231372,"end":-15.78125},{"startTime":1592.0,"endTime":1593.0,"start":-15.78125,"end":-16.286692},{"startTime":1593.0,"endTime":1594.0,"start":-16.286692,"end":-16.750103},{"startTime":1594.0,"endTime":1595.0,"start":-16.750103,"end":-17.173306},{"startTime":1595.0,"endTime":1596.0,"start":-17.173306,"end":-17.558125},{"startTime":1596.0,"endTime":1597.0,"start":-17.558125,"end":-17.906382},{"startTime":1597.0,"endTime":1598.0,"start":-17.906382,"end":-18.219896},{"startTime":1598.0,"endTime":1599.0,"start":-18.219896,"end":-18.500496},{"startTime":1599.0,"endTime":1600.0,"start":-18.500496,"end":-18.75},{"startTime":1600.0,"endTime":1601.0,"start":-18.75,"end":-18.96988},{"startTime":1601.0,"endTime":1602.0,"start":-18.96988,"end":-19.162354},{"startTime":1602.0,"endTime":1603.0,"start":-19.162354,"end":-19.329245},{"startTime":1603.0,"endTime":1604.0,"start":-19.329245,"end":-19.472374},{"startTime":1604.0,"endTime":1605.0,"start":-19.472374,"end":-19.593569},{"startTime":1605.0,"endTime":1606.0,"start":-19.593569,"end":-19.694649},{"startTime":1606.0,"endTime":1607.0,"start":-19.694649,"end":-19.777433},{"startTime":1607.0,"endTime":1608.0,"start":-19.777433,"end":-19.84375},{"startTime":1608.0,"endTime":1609.0,"start":-19.84375,"end":-19.895254},{"startTime":1609.0,"endTime":1610.0,"start":-19.895254,"end":-19.933977},{"startTime":1610.0,"endTime":1611.0,"start":-19.933977,"end":-19.961744},{"startTime":1611.0,"endTime":1612.0,"start":-19.961744,"end":-19.980375},{"startTime":1612.0,"endTime":1613.0,"start":-19.980375,"end":-19.991693},{"startTime":1613.0,"endTime":1614.0,"start":-19.991693,"end":-19.997522},{"startTime":1614.0,"endTime":1615.0,"start":-19.997522,"end":-19.999683},{"startTime":1615.0,"endTime":1616.0,"start":-19.999683,"end":-20.0},{"startTime":1616.0,"endTime":1632.0,"start":-20.0,"end":-20.0},{"startTime":1632.0,"endTime":1633.0,"start":-20.0,"end":-19.091808},{"startTime":1633.0,"endTime":1634.0,"start":-19.091808,"end":-18.240273},{"startTime":1634.0,"endTime":1635.0,"start":-18.240273,"end":-17.44357},{"startTime":1635.0,"endTime":1636.0,"start":-17.44357,"end":-16.699875},{"startTime":1636.0,"endTime":1637.0,"start":-16.699875,"end":-16.007368},{"startTime":1637.0,"endTime":1638.0,"start":-16.007368,"end":-15.364228},{"startTime":1638.0,"endTime":1639.0,"start":-15.364228,"end":-14.768628},{"startTime":1639.0,"endTime":1640.0,"start":-14.768628,"end":-14.21875},{"startTime":1640.0,"endTime":1641.0,"start":-14.21875,"end":-13.713309},{"startTime":1641.0,"endTime":1642.0,"start":-13.713309,"end":-13.249897},{"startTime":1642.0,"endTime":1643.0,"start":-13.249897,"end":-12.826694},{"startTime":1643.0,"endTime":1644.0,"start":-12.826694,"end":-12.4418745},{"startTime":1644.0,"endTime":1645.0,"start":-12.4418745,"end":-12.093619},{"startTime":1645.0,"endTime":1646.0,"start":-12.093619,"end":-11.780103},{"startTime":1646.0,"endTime":1647.0,"start":-11.780103,"end":-11.499503},{"startTime":1647.0,"endTime":1648.0,"start":-11.499503,"end":-11.25},{"startTime":1648.0,"endTime":1649.0,"start":-11.25,"end":-11.030122},{"startTime":1649.0,"endTime":1650.0,"start":-11.030122,"end":-10.837647},{"startTime":1650.0,"endTime":1651.0,"start":-10.837647,"end":-10.670756},{"startTime":1651.0,"endTime":1652.0,"start":-10.670756,"end":-10.527625},{"startTime":1652.0,"endTime":1653.0,"start":-10.527625,"end":-10.406431},{"startTime":1653.0,"endTime":1654.0,"start":-10.406431,"end":-10.305352},{"startTime":1654.0,"endTime":1655.0,"start":-10.305352,"end":-10.222567},{"startTime":1655.0,"endTime":1656.0,"start":-10.222567,"end":-10.15625},{"startTime":1656.0,"endTime":1657.0,"start":-10.15625,"end":-10.104746},{"startTime":1657.0,"endTime":1658.0,"start":-10.104746,"end":-10.066023},{"startTime":1658.0,"endTime":1659.0,"start":-10.066023,"end":-10.038256},{"startTime":1659.0,"endTime":1660.0,"start":-10.038256,"end":-10.019626},{"startTime":1660.0,"endTime":1661.0,"start":-10.019626,"end":-10.0083065},{"startTime":1661.0,"endTime":1662.0,"start":-10.0083065,"end":-10.002478},{"startTime":1662.0,"endTime":1663.0,"start":-10.002478,"end":-10.000317},{"startTime":1663.0,"endTime":1664.0,"start":-10.000317,"end":-10.0},{"startTime":1664.0,"endTime":1665.0,"start":-10.0,"end":-9.539264},{"startTime":1665.0,"endTime":1666.0,"start":-9.539264,"end":-9.091809},{"startTime":1666.0,"endTime":1667.0,"start":-9.091809,"end":-8.659253},{"startTime":1667.0,"endTime":1668.0,"start":-8.659253,"end":-8.2402725},{"startTime":1668.0,"endTime":1669.0,"start":-8.2402725,"end":-7.8350096},{"startTime":1669.0,"endTime":1670.0,"start":-7.8350096,"end":-7.443569},{"startTime":1670.0,"endTime":1671.0,"start":-7.443569,"end":-7.064709},{"startTime":1671.0,"endTime":1672.0,"start":-7.064709,"end":-6.699875},{"startTime":1672.0,"endTime":1673.0,"start":-6.699875,"end":-6.3468533},{"startTime":1673.0,"endTime":1674.0,"start":-6.3468533,"end":-6.0073686},{"startTime":1674.0,"endTime":1675.0,"start":-6.0073686,"end":-5.679584},{"startTime":1675.0,"endTime":1676.0,"start":-5.679584,"end":-5.364228},{"startTime":1676.0,"endTime":1677.0,"start":-5.364228,"end":-5.060747},{"startTime":1677.0,"endTime":1678.0,"start":-5.060747,"end":-4.768628},{"startTime":1678.0,"endTime":1679.0,"start":-4.768628,"end":-4.4885178},{"startTime":1679.0,"endTime":1680.0,"start":-4.4885178,"end":-4.21875},{"startTime":1680.0,"endTime":1681.0,"start":-4.21875,"end":-3.9610755},{"startTime":1681.0,"endTime":1682.0,"start":-3.9610755,"end":-3.7133093},{"startTime":1682.0,"endTime":1683.0,"start":-3.7133093,"end":-3.476597},{"startTime":1683.0,"endTime":1684.0,"start":-3.476597,"end":-3.2498975},{"startTime":1684.0,"endTime":1685.0,"start":-3.2498975,"end":-3.0332594},{"startTime":1685.0,"endTime":1686.0,"start":-3.0332594,"end":-2.8266935},{"startTime":1686.0,"endTime":1687.0,"start":-2.8266935,"end":-2.62924},{"startTime":1687.0,"endTime":1688.0,"start":-2.62924,"end":-2.4418747},{"startTime":1688.0,"endTime":1689.0,"start":-2.4418747,"end":-2.2629476},{"startTime":1689.0,"endTime":1690.0,"start":-2.2629476,"end":-2.093619},{"startTime":1690.0,"endTime":1691.0,"start":-2.093619,"end":-1.932522},{"startTime":1691.0,"endTime":1692.0,"start":-1.932522,"end":-1.7801028},{"startTime":1692.0,"endTime":1693.0,"start":-1.7801028,"end":-1.6359037},{"startTime":1693.0,"endTime":1694.0,"start":-1.6359037,"end":-1.4995033},{"startTime":1694.0,"endTime":1695.0,"start":-1.4995033,"end":-1.371268},{"startTime":1695.0,"endTime":1696.0,"start":-1.371268,"end":-1.25},{"startTime":1696.0,"endTime":1697.0,"start":-1.25,"end":-1.1367947},{"startTime":1697.0,"endTime":1698.0,"start":-1.1367947,"end":-1.0301214},{"startTime":1698.0,"endTime":1699.0,"start":-1.0301214,"end":-0.9306592},{"startTime":1699.0,"endTime":1700.0,"start":-0.9306592,"end":-0.8376473},{"startTime":1700.0,"endTime":1701.0,"start":-0.8376473,"end":-0.7510406},{"startTime":1701.0,"endTime":1702.0,"start":-0.7510406,"end":-0.6707561},{"startTime":1702.0,"endTime":1703.0,"start":-0.6707561,"end":-0.5961156},{"startTime":1703.0,"endTime":1704.0,"start":-0.5961156,"end":-0.5276251},{"startTime":1704.0,"endTime":1705.0,"start":-0.5276251,"end":-0.4641968},{"startTime":1705.0,"endTime":1706.0,"start":-0.4641968,"end":-0.40643156},{"startTime":1706.0,"endTime":1707.0,"start":-0.40643156,"end":-0.35342813},{"startTime":1707.0,"endTime":1708.0,"start":-0.35342813,"end":-0.3053522},{"startTime":1708.0,"endTime":1709.0,"start":-0.3053522,"end":-0.26184082},{"startTime":1709.0,"endTime":1710.0,"start":-0.26184082,"end":-0.22256613},{"startTime":1710.0,"endTime":1711.0,"start":-0.22256613,"end":-0.18761158},{"startTime":1711.0,"endTime":1712.0,"start":-0.18761158,"end":-0.15625},{"startTime":1712.0,"endTime":1713.0,"start":-0.15625,"end":-0.12891889},{"startTime":1713.0,"endTime":1714.0,"start":-0.12891889,"end":-0.10474622},{"startTime":1714.0,"endTime":1715.0,"start":-0.10474622,"end":-0.083940625},{"startTime":1715.0,"endTime":1716.0,"start":-0.083940625,"end":-0.06602287},{"startTime":1716.0,"endTime":1717.0,"start":-0.06602287,"end":-0.050852895},{"startTime":1717.0,"endTime":1718.0,"start":-0.050852895,"end":-0.03825605},{"startTime":1718.0,"endTime":1719.0,"start":-0.03825605,"end":-0.027834773},{"startTime":1719.0,"endTime":1720.0,"start":-0.027834773,"end":-0.019625425},{"startTime":1720.0,"endTime":1721.0,"start":-0.019625425,"end":-0.013102889},{"startTime":1721.0,"endTime":1722.0,"start":-0.013102889,"end":-0.008306503},{"startTime":1722.0,"endTime":1723.0,"start":-0.008306503,"end":-0.0048029423},{"startTime":1723.0,"endTime":1724.0,"start":-0.0048029423,"end":-0.002477765},{"startTime":1724.0,"endTime":1725.0,"start":-0.002477765,"end":-0.0010591745},{"startTime":1725.0,"endTime":1726.0,"start":-0.0010591745,"end":-0.00031650066},{"startTime":1726.0,"endTime":1727.0,"start":-0.00031650066,"end":-0.000049471855},{"startTime":1727.0,"endTime":1728.0,"start":-0.000049471855,"end":0.0},{"startTime":1728.0,"endTime":2816.0,"start":0.0,"end":0.0},{"startTime":2816.0,"endTime":2824.0,"start":0.0,"end":-1.8163817},{"startTime":2824.0,"endTime":2832.0,"start":-1.8163817,"end":-3.5194552},{"startTime":2832.0,"endTime":2840.0,"start":-3.5194552,"end":-5.112862},{"startTime":2840.0,"endTime":2848.0,"start":-5.112862,"end":-6.6002502},{"startTime":2848.0,"endTime":2856.0,"start":-6.6002502,"end":-7.985263},{"startTime":2856.0,"endTime":2864.0,"start":-7.985263,"end":-9.271544},{"startTime":2864.0,"endTime":2872.0,"start":-9.271544,"end":-10.462744},{"startTime":2872.0,"endTime":2880.0,"start":-10.462744,"end":-11.5625},{"startTime":2880.0,"endTime":2888.0,"start":-11.5625,"end":-12.573381},{"startTime":2888.0,"endTime":2896.0,"start":-12.573381,"end":-13.500205},{"startTime":2896.0,"endTime":2904.0,"start":-13.500205,"end":-14.346613},{"startTime":2904.0,"endTime":2912.0,"start":-14.346613,"end":-15.116251},{"startTime":2912.0,"endTime":2920.0,"start":-15.116251,"end":-15.812761},{"startTime":2920.0,"endTime":2928.0,"start":-15.812761,"end":-16.439795},{"startTime":2928.0,"endTime":2936.0,"start":-16.439795,"end":-17.000994},{"startTime":2936.0,"endTime":2944.0,"start":-17.000994,"end":-17.5},{"startTime":2944.0,"endTime":2952.0,"start":-17.5,"end":-17.939756},{"startTime":2952.0,"endTime":2960.0,"start":-17.939756,"end":-18.324705},{"startTime":2960.0,"endTime":2968.0,"start":-18.324705,"end":-18.658487},{"startTime":2968.0,"endTime":2976.0,"start":-18.658487,"end":-18.94475},{"startTime":2976.0,"endTime":2984.0,"start":-18.94475,"end":-19.187138},{"startTime":2984.0,"endTime":2992.0,"start":-19.187138,"end":-19.389296},{"startTime":2992.0,"endTime":3000.0,"start":-19.389296,"end":-19.554867},{"startTime":3000.0,"endTime":3008.0,"start":-19.554867,"end":-19.6875},{"startTime":3008.0,"endTime":3016.0,"start":-19.6875,"end":-19.790508},{"startTime":3016.0,"endTime":3024.0,"start":-19.790508,"end":-19.867954},{"startTime":3024.0,"endTime":3032.0,"start":-19.867954,"end":-19.923489},{"startTime":3032.0,"endTime":3040.0,"start":-19.923489,"end":-19.960749},{"startTime":3040.0,"endTime":3048.0,"start":-19.960749,"end":-19.983387},{"startTime":3048.0,"endTime":3056.0,"start":-19.983387,"end":-19.995045},{"startTime":3056.0,"endTime":3064.0,"start":-19.995045,"end":-19.999367},{"startTime":3064.0,"endTime":3072.0,"start":-19.999367,"end":-20.0},{"startTime":3072.0,"endTime":3080.0,"start":-20.0,"end":-18.183619},{"startTime":3080.0,"endTime":3088.0,"start":-18.183619,"end":-16.480545},{"startTime":3088.0,"endTime":3096.0,"start":-16.480545,"end":-14.887138},{"startTime":3096.0,"endTime":3104.0,"start":-14.887138,"end":-13.39975},{"startTime":3104.0,"endTime":3112.0,"start":-13.39975,"end":-12.014737},{"startTime":3112.0,"endTime":3120.0,"start":-12.014737,"end":-10.728456},{"startTime":3120.0,"endTime":3128.0,"start":-10.728456,"end":-9.537256},{"startTime":3128.0,"endTime":3136.0,"start":-9.537256,"end":-8.4375},{"startTime":3136.0,"endTime":3144.0,"start":-8.4375,"end":-7.4266186},{"startTime":3144.0,"endTime":3152.0,"start":-7.4266186,"end":-6.499795},{"startTime":3152.0,"endTime":3160.0,"start":-6.499795,"end":-5.653387},{"startTime":3160.0,"endTime":3168.0,"start":-5.653387,"end":-4.8837495},{"startTime":3168.0,"endTime":3176.0,"start":-4.8837495,"end":-4.187238},{"startTime":3176.0,"endTime":3184.0,"start":-4.187238,"end":-3.5602057},{"startTime":3184.0,"endTime":3192.0,"start":-3.5602057,"end":-2.9990065},{"startTime":3192.0,"endTime":3200.0,"start":-2.9990065,"end":-2.5},{"startTime":3200.0,"endTime":3208.0,"start":-2.5,"end":-2.060243},{"startTime":3208.0,"endTime":3216.0,"start":-2.060243,"end":-1.6752946},{"startTime":3216.0,"endTime":3224.0,"start":-1.6752946,"end":-1.3415122},{"startTime":3224.0,"endTime":3232.0,"start":-1.3415122,"end":-1.0552502},{"startTime":3232.0,"endTime":3240.0,"start":-1.0552502,"end":-0.8128631},{"startTime":3240.0,"endTime":3248.0,"start":-0.8128631,"end":-0.6107044},{"startTime":3248.0,"endTime":3256.0,"start":-0.6107044,"end":-0.44513226},{"startTime":3256.0,"endTime":3264.0,"start":-0.44513226,"end":-0.3125},{"startTime":3264.0,"endTime":3272.0,"start":-0.3125,"end":-0.20949244},{"startTime":3272.0,"endTime":3280.0,"start":-0.20949244,"end":-0.13204575},{"startTime":3280.0,"endTime":3288.0,"start":-0.13204575,"end":-0.0765121},{"startTime":3288.0,"endTime":3296.0,"start":-0.0765121,"end":-0.03925085},{"startTime":3296.0,"endTime":3304.0,"start":-0.03925085,"end":-0.016613007},{"startTime":3304.0,"endTime":3312.0,"start":-0.016613007,"end":-0.00495553},{"startTime":3312.0,"endTime":3320.0,"start":-0.00495553,"end":-0.0006330013},{"startTime":3320.0,"endTime":3328.0,"start":-0.0006330013,"end":0.0},{"startTime":3328.0,"endTime":3336.0,"start":0.0,"end":1.8163817},{"startTime":3336.0,"endTime":3344.0,"start":1.8163817,"end":3.5194552},{"startTime":3344.0,"endTime":3352.0,"start":3.5194552,"end":5.112862},{"startTime":3352.0,"endTime":3360.0,"start":5.112862,"end":6.6002502},{"startTime":3360.0,"endTime":3368.0,"start":6.6002502,"end":7.985263},{"startTime":3368.0,"endTime":3376.0,"start":7.985263,"end":9.271544},{"startTime":3376.0,"endTime":3384.0,"start":9.271544,"end":10.462744},{"startTime":3384.0,"endTime":3392.0,"start":10.462744,"end":11.5625},{"startTime":3392.0,"endTime":3400.0,"start":11.5625,"end":12.573381},{"startTime":3400.0,"endTime":3408.0,"start":12.573381,"end":13.500205},{"startTime":3408.0,"endTime":3416.0,"start":13.500205,"end":14.346613},{"startTime":3416.0,"endTime":3424.0,"start":14.346613,"end":15.116251},{"startTime":3424.0,"endTime":3432.0,"start":15.116251,"end":15.812761},{"startTime":3432.0,"endTime":3440.0,"start":15.812761,"end":16.439795},{"startTime":3440.0,"endTime":3448.0,"start":16.439795,"end":17.000994},{"startTime":3448.0,"endTime":3456.0,"start":17.000994,"end":17.5},{"startTime":3456.0,"endTime":3464.0,"start":17.5,"end":17.939756},{"startTime":3464.0,"endTime":3472.0,"start":17.939756,"end":18.324705},{"startTime":3472.0,"endTime":3480.0,"start":18.324705,"end":18.658487},{"startTime":3480.0,"endTime":3488.0,"start":18.658487,"end":18.94475},{"startTime":3488.0,"endTime":3496.0,"start":18.94475,"end":19.187138},{"startTime":3496.0,"endTime":3504.0,"start":19.187138,"end":19.389296},{"startTime":3504.0,"endTime":3512.0,"start":19.389296,"end":19.554867},{"startTime":3512.0,"endTime":3520.0,"start":19.554867,"end":19.6875},{"startTime":3520.0,"endTime":3528.0,"start":19.6875,"end":19.790508},{"startTime":3528.0,"endTime":3536.0,"start":19.790508,"end":19.867954},{"startTime":3536.0,"endTime":3544.0,"start":19.867954,"end":19.923489},{"startTime":3544.0,"endTime":3552.0,"start":19.923489,"end":19.960749},{"startTime":3552.0,"endTime":3560.0,"start":19.960749,"end":19.983387},{"startTime":3560.0,"endTime":3568.0,"start":19.983387,"end":19.995045},{"startTime":3568.0,"endTime":3576.0,"start":19.995045,"end":19.999367},{"startTime":3576.0,"endTime":3584.0,"start":19.999367,"end":20.0},{"startTime":3584.0,"endTime":3592.0,"start":20.0,"end":18.183619},{"startTime":3592.0,"endTime":3600.0,"start":18.183619,"end":16.480545},{"startTime":3600.0,"endTime":3608.0,"start":16.480545,"end":14.887138},{"startTime":3608.0,"endTime":3616.0,"start":14.887138,"end":13.39975},{"startTime":3616.0,"endTime":3624.0,"start":13.39975,"end":12.014737},{"startTime":3624.0,"endTime":3632.0,"start":12.014737,"end":10.728456},{"startTime":3632.0,"endTime":3640.0,"start":10.728456,"end":9.537256},{"startTime":3640.0,"endTime":3648.0,"start":9.537256,"end":8.4375},{"startTime":3648.0,"endTime":3656.0,"start":8.4375,"end":7.4266186},{"startTime":3656.0,"endTime":3664.0,"start":7.4266186,"end":6.499795},{"startTime":3664.0,"endTime":3672.0,"start":6.499795,"end":5.653387},{"startTime":3672.0,"endTime":3680.0,"start":5.653387,"end":4.8837495},{"startTime":3680.0,"endTime":3688.0,"start":4.8837495,"end":4.187238},{"startTime":3688.0,"endTime":3696.0,"start":4.187238,"end":3.5602057},{"startTime":3696.0,"endTime":3704.0,"start":3.5602057,"end":2.9990065},{"startTime":3704.0,"endTime":3712.0,"start":2.9990065,"end":2.5},{"startTime":3712.0,"endTime":3720.0,"start":2.5,"end":2.060243},{"startTime":3720.0,"endTime":3728.0,"start":2.060243,"end":1.6752946},{"startTime":3728.0,"endTime":3736.0,"start":1.6752946,"end":1.3415122},{"startTime":3736.0,"endTime":3744.0,"start":1.3415122,"end":1.0552502},{"startTime":3744.0,"endTime":3752.0,"start":1.0552502,"end":0.8128631},{"startTime":3752.0,"endTime":3760.0,"start":0.8128631,"end":0.6107044},{"startTime":3760.0,"endTime":3768.0,"start":0.6107044,"end":0.44513226},{"startTime":3768.0,"endTime":3776.0,"start":0.44513226,"end":0.3125},{"startTime":3776.0,"endTime":3784.0,"start":0.3125,"end":0.20949244},{"startTime":3784.0,"endTime":3792.0,"start":0.20949244,"end":0.13204575},{"startTime":3792.0,"endTime":3800.0,"start":0.13204575,"end":0.0765121},{"startTime":3800.0,"endTime":3808.0,"start":0.0765121,"end":0.03925085},{"startTime":3808.0,"endTime":3816.0,"start":0.03925085,"end":0.016613007},{"startTime":3816.0,"endTime":3824.0,"start":0.016613007,"end":0.00495553},{"startTime":3824.0,"endTime":3832.0,"start":0.00495553,"end":0.0006330013},{"startTime":3832.0,"endTime":3840.0,"start":0.0006330013,"end":0.0},{"startTime":3840.0,"endTime":5632.0,"start":0.0,"end":0.0},{"startTime":5632.0,"endTime":5640.0,"start":0.0,"end":-0.0025299997},{"startTime":5640.0,"endTime":5648.0,"start":-0.0025299997,"end":-0.01982},{"startTime":5648.0,"endTime":5656.0,"start":-0.01982,"end":-0.06645001},{"startTime":5656.0,"endTime":5664.0,"start":-0.06645001,"end":-0.15699998},{"startTime":5664.0,"endTime":5672.0,"start":-0.15699998,"end":-0.30605},{"startTime":5672.0,"endTime":5680.0,"start":-0.30605,"end":-0.52818},{"startTime":5680.0,"endTime":5688.0,"start":-0.52818,"end":-0.83797},{"startTime":5688.0,"endTime":5696.0,"start":-0.83797,"end":-1.25},{"startTime":5696.0,"endTime":5704.0,"start":-1.25,"end":-1.78053},{"startTime":5704.0,"endTime":5712.0,"start":-1.78053,"end":-2.44282},{"startTime":5712.0,"endTime":5720.0,"start":-2.44282,"end":-3.25145},{"startTime":5720.0,"endTime":5728.0,"start":-3.25145,"end":-4.221},{"startTime":5728.0,"endTime":5736.0,"start":-4.221,"end":-5.36605},{"startTime":5736.0,"endTime":5744.0,"start":-5.36605,"end":-6.7011795},{"startTime":5744.0,"endTime":5752.0,"start":-6.7011795,"end":-8.24097},{"startTime":5752.0,"endTime":5760.0,"start":-8.24097,"end":-10.0},{"startTime":5760.0,"endTime":5768.0,"start":-10.0,"end":-11.759029},{"startTime":5768.0,"endTime":5776.0,"start":-11.759029,"end":-13.298819},{"startTime":5776.0,"endTime":5784.0,"start":-13.298819,"end":-14.63395},{"startTime":5784.0,"endTime":5792.0,"start":-14.63395,"end":-15.778999},{"startTime":5792.0,"endTime":5800.0,"start":-15.778999,"end":-16.74855},{"startTime":5800.0,"endTime":5808.0,"start":-16.74855,"end":-17.55718},{"startTime":5808.0,"endTime":5816.0,"start":-17.55718,"end":-18.21947},{"startTime":5816.0,"endTime":5824.0,"start":-18.21947,"end":-18.75},{"startTime":5824.0,"endTime":5832.0,"start":-18.75,"end":-19.16203},{"startTime":5832.0,"endTime":5840.0,"start":-19.16203,"end":-19.471819},{"startTime":5840.0,"endTime":5848.0,"start":-19.471819,"end":-19.69395},{"startTime":5848.0,"endTime":5856.0,"start":-19.69395,"end":-19.843},{"startTime":5856.0,"endTime":5864.0,"start":-19.843,"end":-19.93355},{"startTime":5864.0,"endTime":5872.0,"start":-19.93355,"end":-19.98018},{"startTime":5872.0,"endTime":5880.0,"start":-19.98018,"end":-19.99747},{"startTime":5880.0,"endTime":5888.0,"start":-19.99747,"end":-20.0},{"startTime":5888.0,"endTime":5904.0,"start":-20.0,"end":-19.99494},{"startTime":5904.0,"endTime":5920.0,"start":-19.99494,"end":-19.96036},{"startTime":5920.0,"endTime":5936.0,"start":-19.96036,"end":-19.8671},{"startTime":5936.0,"endTime":5952.0,"start":-19.8671,"end":-19.686},{"startTime":5952.0,"endTime":5968.0,"start":-19.686,"end":-19.3879},{"startTime":5968.0,"endTime":5984.0,"start":-19.3879,"end":-18.94364},{"startTime":5984.0,"endTime":6000.0,"start":-18.94364,"end":-18.32406},{"startTime":6000.0,"endTime":6016.0,"start":-18.32406,"end":-17.5},{"startTime":6016.0,"endTime":6032.0,"start":-17.5,"end":-16.43894},{"startTime":6032.0,"endTime":6048.0,"start":-16.43894,"end":-15.11436},{"startTime":6048.0,"endTime":6064.0,"start":-15.11436,"end":-13.4971},{"startTime":6064.0,"endTime":6080.0,"start":-13.4971,"end":-11.558},{"startTime":6080.0,"endTime":6096.0,"start":-11.558,"end":-9.2679},{"startTime":6096.0,"endTime":6112.0,"start":-9.2679,"end":-6.5976405},{"startTime":6112.0,"endTime":6128.0,"start":-6.5976405,"end":-3.5180604},{"startTime":6128.0,"endTime":6144.0,"start":-3.5180604,"end":0.0},{"startTime":6144.0,"endTime":6160.0,"start":0.0,"end":3.5180593},{"startTime":6160.0,"endTime":6176.0,"start":3.5180593,"end":6.597638},{"startTime":6176.0,"endTime":6192.0,"start":6.597638,"end":9.2679},{"startTime":6192.0,"endTime":6208.0,"start":9.2679,"end":11.557999},{"startTime":6208.0,"endTime":6224.0,"start":11.557999,"end":13.4971},{"startTime":6224.0,"endTime":6240.0,"start":13.4971,"end":15.11436},{"startTime":6240.0,"endTime":6256.0,"start":15.11436,"end":16.43894},{"startTime":6256.0,"endTime":6272.0,"start":16.43894,"end":17.5},{"startTime":6272.0,"endTime":6288.0,"start":17.5,"end":18.32406},{"startTime":6288.0,"endTime":6304.0,"start":18.32406,"end":18.943638},{"startTime":6304.0,"endTime":6320.0,"start":18.943638,"end":19.387901},{"startTime":6320.0,"endTime":6336.0,"start":19.387901,"end":19.686},{"startTime":6336.0,"endTime":6352.0,"start":19.686,"end":19.8671},{"startTime":6352.0,"endTime":6368.0,"start":19.8671,"end":19.960361},{"startTime":6368.0,"endTime":6384.0,"start":19.960361,"end":19.994942},{"startTime":6384.0,"endTime":6400.0,"start":19.994942,"end":20.0},{"startTime":6400.0,"endTime":6408.0,"start":20.0,"end":19.999233},{"startTime":6408.0,"endTime":6416.0,"start":19.999233,"end":19.994066},{"startTime":6416.0,"endTime":6424.0,"start":19.994066,"end":19.98018},{"startTime":6424.0,"endTime":6432.0,"start":19.98018,"end":19.953253},{"startTime":6432.0,"endTime":6440.0,"start":19.953253,"end":19.908966},{"startTime":6440.0,"endTime":6448.0,"start":19.908966,"end":19.843},{"startTime":6448.0,"endTime":6456.0,"start":19.843,"end":19.751034},{"startTime":6456.0,"endTime":6464.0,"start":19.751034,"end":19.628746},{"startTime":6464.0,"endTime":6472.0,"start":19.628746,"end":19.47182},{"startTime":6472.0,"endTime":6480.0,"start":19.47182,"end":19.275934},{"startTime":6480.0,"endTime":6488.0,"start":19.275934,"end":19.036766},{"startTime":6488.0,"endTime":6496.0,"start":19.036766,"end":18.75},{"startTime":6496.0,"endTime":6504.0,"start":18.75,"end":18.410233},{"startTime":6504.0,"endTime":6512.0,"start":18.410233,"end":18.014067},{"startTime":6512.0,"endTime":6520.0,"start":18.014067,"end":17.55718},{"startTime":6520.0,"endTime":6528.0,"start":17.55718,"end":17.035252},{"startTime":6528.0,"endTime":6536.0,"start":17.035252,"end":16.443968},{"startTime":6536.0,"endTime":6544.0,"start":16.443968,"end":15.779},{"startTime":6544.0,"endTime":6552.0,"start":15.779,"end":15.036033},{"startTime":6552.0,"endTime":6560.0,"start":15.036033,"end":14.210748},{"startTime":6560.0,"endTime":6568.0,"start":14.210748,"end":13.2988205},{"startTime":6568.0,"endTime":6576.0,"start":13.2988205,"end":12.295932},{"startTime":6576.0,"endTime":6584.0,"start":12.295932,"end":11.197768},{"startTime":6584.0,"endTime":6592.0,"start":11.197768,"end":10.0},{"startTime":6592.0,"endTime":6600.0,"start":10.0,"end":8.802234},{"startTime":6600.0,"endTime":6608.0,"start":8.802234,"end":7.704065},{"startTime":6608.0,"endTime":6616.0,"start":7.704065,"end":6.701181},{"startTime":6616.0,"endTime":6624.0,"start":6.701181,"end":5.7892537},{"startTime":6624.0,"endTime":6632.0,"start":5.7892537,"end":4.9639664},{"startTime":6632.0,"endTime":6640.0,"start":4.9639664,"end":4.2210007},{"startTime":6640.0,"endTime":6648.0,"start":4.2210007,"end":3.5560346},{"startTime":6648.0,"endTime":6656.0,"start":3.5560346,"end":2.9647458},{"startTime":6656.0,"endTime":6664.0,"start":2.9647458,"end":2.44282},{"startTime":6664.0,"endTime":6672.0,"start":2.44282,"end":1.985935},{"startTime":6672.0,"endTime":6680.0,"start":1.985935,"end":1.5897655},{"startTime":6680.0,"endTime":6688.0,"start":1.5897655,"end":1.25},{"startTime":6688.0,"endTime":6696.0,"start":1.25,"end":0.9632349},{"startTime":6696.0,"endTime":6704.0,"start":0.9632349,"end":0.7240665},{"startTime":6704.0,"endTime":6712.0,"start":0.7240665,"end":0.5281806},{"startTime":6712.0,"endTime":6720.0,"start":0.5281806,"end":0.3712535},{"startTime":6720.0,"endTime":6728.0,"start":0.3712535,"end":0.24896622},{"startTime":6728.0,"endTime":6736.0,"start":0.24896622,"end":0.15699983},{"startTime":6736.0,"endTime":6744.0,"start":0.15699983,"end":0.091034174},{"startTime":6744.0,"endTime":6752.0,"start":0.091034174,"end":0.04674673},{"startTime":6752.0,"endTime":6760.0,"start":0.04674673,"end":0.019819736},{"startTime":6760.0,"endTime":6768.0,"start":0.019819736,"end":0.0059330463},{"startTime":6768.0,"endTime":6776.0,"start":0.0059330463,"end":0.00076651573},{"startTime":6776.0,"endTime":6784.0,"start":0.00076651573,"end":0.0},{"startTime":6784.0,"endTime":1000000000.0,"start":0.0,"end":0.0}],"judgeLineDisappearEvents":[{"startTime":-999999.0,"endTime":1000000000.0,"start":1.0,"end":1.0}]}]}