{"formatVersion":3,"offset":0.0,"judgeLineList":[{"bpm":155.0,"notesAbove":[{"type":1,"time":208,"positionX":4.0,"holdTime":0.0,"speed":1.0,"floorPosition":4.0258064},{"type":1,"time":272,"positionX":-3.0,"holdTime":0.0,"speed":1.0,"floorPosition":5.2645164},{"type":1,"time":336,"positionX":2.0,"holdTime":0.0,"speed":1.0,"floorPosition":6.503226},{"type":1,"time":400,"positionX":-2.0,"holdTime":0.0,"speed":1.0,"floorPosition":7.7419357},{"type":1,"time":464,"positionX":0.0,"holdTime":0.0,"speed":1.0,"floorPosition":8.980645},{"type":1,"time":528,"positionX":-4.0,"holdTime":0.0,"speed":1.0,"floorPosition":10.219355},{"type":1,"time":592,"positionX":4.0,"holdTime":0.0,"speed":1.0,"floorPosition":11.458065},{"type":1,"time":656,"positionX":-2.0,"holdTime":0.0,"speed":1.0,"floorPosition":12.6967745},{"type":1,"time":720,"positionX":2.0,"holdTime":0.0,"speed":1.0,"floorPosition":13.935484},{"type":1,"time":784,"positionX":0.0,"holdTime":0.0,"speed":1.0,"floorPosition":15.174193},{"type":1,"time":848,"positionX":4.0,"holdTime":0.0,"speed":1.0,"floorPosition":16.412903},{"type":1,"time":912,"positionX":-4.0,"holdTime":0.0,"speed":1.0,"floorPosition":17.651613},{"type":1,"time":976,"positionX":0.0,"holdTime":0.0,"speed":1.0,"floorPosition":18.890324},{"type":4,"time":1040,"positionX":-4.0,"holdTime":0.0,"speed":1.0,"floorPosition":20.129032},{"type":4,"time":1088,"positionX":4.0,"holdTime":0.0,"speed":1.0,"floorPosition":21.058065},{"type":4,"time":1136,"positionX":-4.0,"holdTime":0.0,"speed":1.0,"floorPosition":21.987097},{"type":4,"time":1184,"positionX":4.0,"holdTime":0.0,"speed":1.0,"floorPosition":22.91613},{"type":2,"time":1312,"positionX":0.0,"holdTime":0.0,"speed":1.0,"floorPosition":25.393549},{"type":2,"time":1328,"positionX":0.0,"holdTime":0.0,"speed":1.0,"floorPosition":25.703226},{"type":2,"time":1344,"positionX":0.0,"holdTime":0.0,"speed":1.0,"floorPosition":26.012903},{"type":2,"time":1360,"positionX":0.0,"holdTime":0.0,"speed":1.0,"floorPosition":26.32258},{"type":2,"time":1376,"positionX":0.0,"holdTime":0.0,"speed":1.0,"floorPosition":26.63226},{"type":3,"time":1440,"positionX":4.0,"holdTime":32.0,"speed":1.6,"floorPosition":27.870968},{"type":1,"time":1504,"positionX":-2.0,"holdTime":0.0,"speed":1.0,"floorPosition":29.109678},{"type":1,"time":1520,"positionX":-2.0,"holdTime":0.0,"speed":1.0,"floorPosition":29.419355},{"type":3,"time":1568,"positionX":4.0,"holdTime":32.0,"speed":1.6,"floorPosition":30.348387},{"type":1,"time":1616,"positionX":-2.0,"holdTime":0.0,"speed":1.0,"floorPosition":31.27742},{"type":1,"time":1632,"positionX":2.0,"holdTime":0.0,"speed":1.0,"floorPosition":31.587097},{"type":3,"time":1696,"positionX":-4.0,"holdTime":32.0,"speed":1.6,"floorPosition":32.825806},{"type":1,"time":1744,"positionX":2.0,"holdTime":0.0,"speed":1.0,"floorPosition":33.75484},{"type":1,"time":1760,"positionX":2.0,"holdTime":0.0,"speed":1.0,"floorPosition":34.064518},{"type":1,"time":1776,"positionX":-2.0,"holdTime":0.0,"speed":1.0,"floorPosition":34.374195},{"type":2,"time":1824,"positionX":0.0,"holdTime":0.0,"speed":1.0,"floorPosition":35.303226},{"type":2,"time":1840,"positionX":0.0,"holdTime":0.0,"speed":1.0,"floorPosition":35.612904},{"type":2,"time":1856,"positionX":0.0,"holdTime":0.0,"speed":1.0,"floorPosition":35.92258},{"type":2,"time":1872,"positionX":0.0,"holdTime":0.0,"speed":1.0,"floorPosition":36.232258},{"type":2,"time":1888,"positionX":0.0,"holdTime":0.0,"speed":1.0,"floorPosition":36.541935},{"type":3,"time":1952,"positionX":-4.0,"holdTime":32.0,"speed":1.6,"floorPosition":37.780647},{"type":1,"time":2000,"positionX":2.0,"holdTime":0.0,"speed":1.0,"floorPosition":38.70968},{"type":1,"time":2016,"positionX":2.0,"holdTime":0.0,"speed":1.0,"floorPosition":39.019356},{"type":3,"time":2080,"positionX":-4.0,"holdTime":32.0,"speed":1.6,"floorPosition":40.258064},{"type":1,"time":2128,"positionX":2.0,"holdTime":0.0,"speed":1.0,"floorPosition":41.187096},{"type":1,"time":2144,"positionX":-2.0,"holdTime":0.0,"speed":1.0,"floorPosition":41.496777},{"type":1,"time":2176,"positionX":-2.0,"holdTime":0.0,"speed":1.0,"floorPosition":42.11613},{"type":3,"time":2208,"positionX":4.0,"holdTime":32.0,"speed":1.6,"floorPosition":42.735485},{"type":1,"time":2256,"positionX":-2.0,"holdTime":0.0,"speed":1.0,"floorPosition":43.664516},{"type":1,"time":2272,"positionX":2.0,"holdTime":0.0,"speed":1.0,"floorPosition":43.974194},{"type":2,"time":2336,"positionX":0.0,"holdTime":0.0,"speed":1.0,"floorPosition":45.212902},{"type":2,"time":2352,"positionX":0.0,"holdTime":0.0,"speed":1.0,"floorPosition":45.522583},{"type":2,"time":2368,"positionX":0.0,"holdTime":0.0,"speed":1.0,"floorPosition":45.83226},{"type":2,"time":2384,"positionX":0.0,"holdTime":0.0,"speed":1.0,"floorPosition":46.141937},{"type":2,"time":2400,"positionX":0.0,"holdTime":0.0,"speed":1.0,"floorPosition":46.451614},{"type":2,"time":2464,"positionX":-0.02114105,"holdTime":0.0,"speed":1.0,"floorPosition":47.690323},{"type":1,"time":3104,"positionX":-0.8668079,"holdTime":0.0,"speed":1.0,"floorPosition":60.07742},{"type":1,"time":3168,"positionX":4.02396,"holdTime":0.0,"speed":1.0,"floorPosition":61.31613},{"type":1,"time":3232,"positionX":-3.671599,"holdTime":0.0,"speed":1.0,"floorPosition":62.55484},{"type":1,"time":3296,"positionX":3.121916,"holdTime":0.0,"speed":1.0,"floorPosition":63.79355},{"type":3,"time":3360,"positionX":0.0,"holdTime":128.0,"speed":1.6,"floorPosition":65.03226},{"type":1,"time":4512,"positionX":0.0,"holdTime":0.0,"speed":1.0,"floorPosition":84.851616},{"type":1,"time":4640,"positionX":0.0,"holdTime":0.0,"speed":1.0,"floorPosition":87.019356},{"type":1,"time":4768,"positionX":3.0,"holdTime":0.0,"speed":1.0,"floorPosition":89.1871},{"type":1,"time":4800,"positionX":3.0,"holdTime":0.0,"speed":1.0,"floorPosition":89.729034},{"type":1,"time":4832,"positionX":-4.0,"holdTime":0.0,"speed":1.0,"floorPosition":90.27097},{"type":1,"time":4864,"positionX":-4.0,"holdTime":0.0,"speed":1.0,"floorPosition":90.812904},{"type":3,"time":4896,"positionX":0.0,"holdTime":96.0,"speed":1.6,"floorPosition":91.35484},{"type":1,"time":5024,"positionX":-4.0,"holdTime":0.0,"speed":1.0,"floorPosition":93.83226},{"type":1,"time":5072,"positionX":4.0,"holdTime":0.0,"speed":1.0,"floorPosition":94.76129},{"type":1,"time":5120,"positionX":-2.0,"holdTime":0.0,"speed":1.0,"floorPosition":95.69033},{"type":1,"time":5152,"positionX":2.0,"holdTime":0.0,"speed":1.0,"floorPosition":96.309685},{"type":1,"time":5216,"positionX":0.0,"holdTime":0.0,"speed":1.0,"floorPosition":97.54839},{"type":3,"time":5280,"positionX":-0.03523636,"holdTime":96.0,"speed":1.6,"floorPosition":98.7871},{"type":1,"time":5408,"positionX":4.0,"holdTime":0.0,"speed":1.0,"floorPosition":101.26452},{"type":1,"time":5456,"positionX":-4.0,"holdTime":0.0,"speed":1.0,"floorPosition":102.19355},{"type":1,"time":5504,"positionX":2.0,"holdTime":0.0,"speed":1.0,"floorPosition":103.12258},{"type":1,"time":5536,"positionX":-2.0,"holdTime":0.0,"speed":1.0,"floorPosition":103.74194},{"type":1,"time":5600,"positionX":0.0,"holdTime":0.0,"speed":1.0,"floorPosition":104.98065},{"type":3,"time":5664,"positionX":5.0,"holdTime":128.0,"speed":1.6,"floorPosition":106.21936},{"type":3,"time":5792,"positionX":-5.0,"holdTime":128.0,"speed":1.6,"floorPosition":108.69678},{"type":3,"time":5920,"positionX":2.0,"holdTime":96.0,"speed":1.6,"floorPosition":111.1742},{"type":1,"time":6176,"positionX":-2.149401,"holdTime":0.0,"speed":1.0,"floorPosition":116.129036},{"type":1,"time":6240,"positionX":2.78365,"holdTime":0.0,"speed":1.0,"floorPosition":117.367744},{"type":1,"time":6304,"positionX":-4.164906,"holdTime":0.0,"speed":1.0,"floorPosition":118.60645},{"type":1,"time":6368,"positionX":2.769556,"holdTime":0.0,"speed":1.0,"floorPosition":119.84517},{"type":1,"time":6400,"positionX":-4.0,"holdTime":0.0,"speed":1.0,"floorPosition":120.46452},{"type":1,"time":6432,"positionX":4.0,"holdTime":0.0,"speed":1.0,"floorPosition":121.08388},{"type":1,"time":6496,"positionX":-2.0,"holdTime":0.0,"speed":1.0,"floorPosition":122.322586},{"type":2,"time":6560,"positionX":0.0,"holdTime":0.0,"speed":1.0,"floorPosition":123.561295},{"type":2,"time":6576,"positionX":0.0,"holdTime":0.0,"speed":1.0,"floorPosition":123.87097},{"type":2,"time":6592,"positionX":0.0,"holdTime":0.0,"speed":1.0,"floorPosition":124.18065},{"type":2,"time":6608,"positionX":0.0,"holdTime":0.0,"speed":1.0,"floorPosition":124.490326},{"type":2,"time":6624,"positionX":0.0,"holdTime":0.0,"speed":1.0,"floorPosition":124.8},{"type":1,"time":6688,"positionX":4.108527,"holdTime":0.0,"speed":1.0,"floorPosition":126.03871},{"type":1,"time":6752,"positionX":-2.0,"holdTime":0.0,"speed":1.0,"floorPosition":127.27743},{"type":1,"time":6816,"positionX":3.460183,"holdTime":0.0,"speed":1.0,"floorPosition":128.51613},{"type":1,"time":6880,"positionX":-3.657505,"holdTime":0.0,"speed":1.0,"floorPosition":129.75484},{"type":1,"time":6912,"positionX":2.459478,"holdTime":0.0,"speed":1.0,"floorPosition":130.37419},{"type":1,"time":6944,"positionX":-1.430585,"holdTime":0.0,"speed":1.0,"floorPosition":130.99356},{"type":1,"time":7008,"positionX":3.516561,"holdTime":0.0,"speed":1.0,"floorPosition":132.23227},{"type":2,"time":7072,"positionX":0.0,"holdTime":0.0,"speed":1.0,"floorPosition":133.47098},{"type":2,"time":7088,"positionX":0.0,"holdTime":0.0,"speed":1.0,"floorPosition":133.78065},{"type":2,"time":7104,"positionX":0.0,"holdTime":0.0,"speed":1.0,"floorPosition":134.09033},{"type":2,"time":7120,"positionX":0.0,"holdTime":0.0,"speed":1.0,"floorPosition":134.40001},{"type":2,"time":7136,"positionX":0.0,"holdTime":0.0,"speed":1.0,"floorPosition":134.70969},{"type":1,"time":7200,"positionX":-4.0,"holdTime":0.0,"speed":1.0,"floorPosition":135.9484},{"type":1,"time":7248,"positionX":2.0,"holdTime":0.0,"speed":1.0,"floorPosition":136.87743},{"type":1,"time":7264,"positionX":-4.0,"holdTime":0.0,"speed":1.0,"floorPosition":137.1871},{"type":1,"time":7296,"positionX":2.0,"holdTime":0.0,"speed":1.0,"floorPosition":137.80646},{"type":1,"time":7328,"positionX":-4.0,"holdTime":0.0,"speed":1.0,"floorPosition":138.42581},{"type":1,"time":7376,"positionX":-1.0,"holdTime":0.0,"speed":1.0,"floorPosition":139.35484},{"type":1,"time":7392,"positionX":4.0,"holdTime":0.0,"speed":1.0,"floorPosition":139.66452},{"type":1,"time":7424,"positionX":-1.0,"holdTime":0.0,"speed":1.0,"floorPosition":140.28387},{"type":1,"time":7456,"positionX":4.0,"holdTime":0.0,"speed":1.0,"floorPosition":140.90323},{"type":1,"time":7504,"positionX":-2.0,"holdTime":0.0,"speed":1.0,"floorPosition":141.83226},{"type":1,"time":7520,"positionX":2.0,"holdTime":0.0,"speed":1.0,"floorPosition":142.14194},{"type":1,"time":7552,"positionX":0.0,"holdTime":0.0,"speed":1.0,"floorPosition":142.76129},{"type":3,"time":7584,"positionX":0.0,"holdTime":96.0,"speed":1.6,"floorPosition":143.38065},{"type":1,"time":7712,"positionX":4.0,"holdTime":0.0,"speed":1.0,"floorPosition":145.85806},{"type":1,"time":7776,"positionX":-4.0,"holdTime":0.0,"speed":1.0,"floorPosition":147.09679},{"type":1,"time":7840,"positionX":4.0,"holdTime":0.0,"speed":1.0,"floorPosition":148.3355},{"type":1,"time":7904,"positionX":-4.0,"holdTime":0.0,"speed":1.0,"floorPosition":149.5742},{"type":1,"time":7968,"positionX":0.0,"holdTime":0.0,"speed":1.0,"floorPosition":150.81291},{"type":1,"time":8000,"positionX":0.0,"holdTime":0.0,"speed":1.0,"floorPosition":151.43227},{"type":2,"time":8032,"positionX":0.0,"holdTime":0.0,"speed":1.0,"floorPosition":152.05162},{"type":2,"time":8036,"positionX":0.0,"holdTime":0.0,"speed":1.0,"floorPosition":152.12904},{"type":2,"time":8040,"positionX":0.0,"holdTime":0.0,"speed":1.0,"floorPosition":152.20645},{"type":2,"time":8044,"positionX":0.0,"holdTime":0.0,"speed":1.0,"floorPosition":152.28387},{"type":2,"time":8048,"positionX":0.0,"holdTime":0.0,"speed":1.0,"floorPosition":152.3613},{"type":2,"time":8052,"positionX":0.0,"holdTime":0.0,"speed":1.0,"floorPosition":152.43872},{"type":2,"time":8056,"positionX":0.0,"holdTime":0.0,"speed":1.0,"floorPosition":152.51613},{"type":2,"time":8060,"positionX":0.0,"holdTime":0.0,"speed":1.0,"floorPosition":152.59355},{"type":2,"time":8064,"positionX":0.0,"holdTime":0.0,"speed":1.0,"floorPosition":152.67097},{"type":2,"time":8075,"positionX":-0.02114105,"holdTime":0.0,"speed":1.0,"floorPosition":152.88388},{"type":2,"time":8085,"positionX":-0.02114105,"holdTime":0.0,"speed":1.0,"floorPosition":153.07742},{"type":3,"time":8096,"positionX":-4.0,"holdTime":32.0,"speed":1.6,"floorPosition":153.29033},{"type":3,"time":8128,"positionX":4.0,"holdTime":32.0,"speed":1.6,"floorPosition":153.90968},{"type":3,"time":8160,"positionX":0.0,"holdTime":64.0,"speed":1.6,"floorPosition":154.52904},{"type":2,"time":8288,"positionX":2.0,"holdTime":0.0,"speed":1.0,"floorPosition":156.85162},{"type":2,"time":8352,"positionX":0.0,"holdTime":0.0,"speed":1.0,"floorPosition":157.93549},{"type":2,"time":8416,"positionX":4.0,"holdTime":0.0,"speed":1.0,"floorPosition":159.01936},{"type":2,"time":8944,"positionX":-2.0,"holdTime":0.0,"speed":1.0,"floorPosition":167.96129},{"type":2,"time":8960,"positionX":-0.5,"holdTime":0.0,"speed":1.0,"floorPosition":168.23227},{"type":2,"time":8976,"positionX":0.5,"holdTime":0.0,"speed":1.0,"floorPosition":168.50323},{"type":2,"time":8992,"positionX":2.0,"holdTime":0.0,"speed":1.0,"floorPosition":168.7742},{"type":3,"time":9120,"positionX":-0.02820873,"holdTime":128.0,"speed":1.4,"floorPosition":170.94194}],"notesBelow":[{"type":1,"time":2592,"positionX":2.55814,"holdTime":0.0,"speed":1.0,"floorPosition":50.167744},{"type":1,"time":2656,"positionX":-2.0,"holdTime":0.0,"speed":1.0,"floorPosition":51.406452},{"type":1,"time":2720,"positionX":4.0,"holdTime":0.0,"speed":1.0,"floorPosition":52.64516},{"type":1,"time":2784,"positionX":-3.742073,"holdTime":0.0,"speed":1.0,"floorPosition":53.883873},{"type":3,"time":2848,"positionX":0.0,"holdTime":128.0,"speed":1.6,"floorPosition":55.12258},{"type":1,"time":4576,"positionX":0.0,"holdTime":0.0,"speed":1.0,"floorPosition":85.935486},{"type":1,"time":4704,"positionX":0.0,"holdTime":0.0,"speed":1.0,"floorPosition":88.10323},{"type":3,"time":6048,"positionX":-2.0,"holdTime":96.0,"speed":1.6,"floorPosition":113.65162},{"type":2,"time":8480,"positionX":0.0,"holdTime":0.0,"speed":1.0,"floorPosition":160.10323},{"type":2,"time":8544,"positionX":4.0,"holdTime":0.0,"speed":1.0,"floorPosition":161.1871},{"type":2,"time":8608,"positionX":1.5,"holdTime":0.0,"speed":1.0,"floorPosition":162.27097},{"type":2,"time":8672,"positionX":-1.5,"holdTime":0.0,"speed":1.0,"floorPosition":163.35484},{"type":2,"time":8736,"positionX":-4.0,"holdTime":0.0,"speed":1.0,"floorPosition":164.43872},{"type":2,"time":8800,"positionX":-1.5,"holdTime":0.0,"speed":1.0,"floorPosition":165.52258},{"type":2,"time":8864,"positionX":1.5,"holdTime":0.0,"speed":1.0,"floorPosition":166.60646}],"speedEvents":[{"startTime":0.0,"endTime":3488.0,"value":1.6},{"startTime":3488.0,"endTime":4896.0,"value":1.4},{"startTime":4896.0,"endTime":8224.0,"value":1.6},{"startTime":8224.0,"endTime":1000000000.0,"value":1.4}],"judgeLineMoveEvents":[{"startTime":-999999.0,"endTime":16.0,"start":0.5,"end":0.5,"start2":0.5,"end2":0.5},{"startTime":16.0,"endTime":32.0,"start":0.5,"end":0.5,"start2":0.5,"end2":0.4},{"startTime":32.0,"endTime":64.0,"start":0.5,"end":0.5,"start2":0.4,"end2":0.4},{"startTime":64.0,"endTime":80.0,"start":0.5,"end":0.5,"start2":0.4,"end2":0.3},{"startTime":80.0,"endTime":112.0,"start":0.5,"end":0.5,"start2":0.3,"end2":0.3},{"startTime":112.0,"endTime":128.0,"start":0.5,"end":0.5,"start2":0.3,"end2":0.2},{"startTime":128.0,"endTime":1040.0,"start":0.5,"end":0.5,"start2":0.2,"end2":0.2},{"startTime":1040.0,"endTime":1056.0,"start":0.5,"end":0.5,"start2":0.2,"end2":0.3},{"startTime":1056.0,"endTime":1088.0,"start":0.5,"end":0.5,"start2":0.3,"end2":0.3},{"startTime":1088.0,"endTime":1104.0,"start":0.5,"end":0.5,"start2":0.3,"end2":0.2},{"startTime":1104.0,"endTime":1136.0,"start":0.5,"end":0.5,"start2":0.2,"end2":0.2},{"startTime":1136.0,"endTime":1152.0,"start":0.5,"end":0.5,"start2":0.2,"end2":0.3},{"startTime":1152.0,"endTime":1184.0,"start":0.5,"end":0.5,"start2":0.3,"end2":0.3},{"startTime":1184.0,"endTime":1200.0,"start":0.5,"end":0.5,"start2":0.3,"end2":0.2},{"startTime":1200.0,"endTime":3488.0,"start":0.5,"end":0.5,"start2":0.2,"end2":0.2},{"startTime":3488.0,"endTime":3504.0,"start":0.5,"end":0.5,"start2":0.2,"end2":0.21577123},{"startTime":3504.0,"endTime":3520.0,"start":0.5,"end":0.5,"start2":0.21577123,"end2":0.23098731},{"startTime":3520.0,"endTime":3536.0,"start":0.5,"end":0.5,"start2":0.23098731,"end2":0.24565798},{"startTime":3536.0,"endTime":3552.0,"start":0.5,"end":0.5,"start2":0.24565798,"end2":0.259793},{"startTime":3552.0,"endTime":3568.0,"start":0.5,"end":0.5,"start2":0.259793,"end2":0.27339047},{"startTime":3568.0,"endTime":3584.0,"start":0.5,"end":0.5,"start2":0.27339047,"end2":0.28644952},{"startTime":3584.0,"endTime":3600.0,"start":0.5,"end":0.5,"start2":0.28644952,"end2":0.29900375},{"startTime":3600.0,"endTime":3616.0,"start":0.5,"end":0.5,"start2":0.29900375,"end2":0.311063},{"startTime":3616.0,"endTime":3632.0,"start":0.5,"end":0.5,"start2":0.311063,"end2":0.32263705},{"startTime":3632.0,"endTime":3648.0,"start":0.5,"end":0.5,"start2":0.32263705,"end2":0.33371451},{"startTime":3648.0,"endTime":3664.0,"start":0.5,"end":0.5,"start2":0.33371451,"end2":0.34431702},{"startTime":3664.0,"endTime":3680.0,"start":0.5,"end":0.5,"start2":0.34431702,"end2":0.35446522},{"startTime":3680.0,"endTime":3696.0,"start":0.5,"end":0.5,"start2":0.35446522,"end2":0.36416876},{"startTime":3696.0,"endTime":3712.0,"start":0.5,"end":0.5,"start2":0.36416876,"end2":0.3734375},{"startTime":3712.0,"endTime":3728.0,"start":0.5,"end":0.5,"start2":0.3734375,"end2":0.38225302},{"startTime":3728.0,"endTime":3744.0,"start":0.5,"end":0.5,"start2":0.38225302,"end2":0.3906548},{"startTime":3744.0,"endTime":3760.0,"start":0.5,"end":0.5,"start2":0.3906548,"end2":0.3986526},{"startTime":3760.0,"endTime":3776.0,"start":0.5,"end":0.5,"start2":0.3986526,"end2":0.4062562},{"startTime":3776.0,"endTime":3792.0,"start":0.5,"end":0.5,"start2":0.4062562,"end2":0.4134669},{"startTime":3792.0,"endTime":3808.0,"start":0.5,"end":0.5,"start2":0.4134669,"end2":0.420287},{"startTime":3808.0,"endTime":3824.0,"start":0.5,"end":0.5,"start2":0.420287,"end2":0.42674375},{"startTime":3824.0,"endTime":3840.0,"start":0.5,"end":0.5,"start2":0.42674375,"end2":0.4328469},{"startTime":3840.0,"endTime":3856.0,"start":0.5,"end":0.5,"start2":0.4328469,"end2":0.43860632},{"startTime":3856.0,"endTime":3872.0,"start":0.5,"end":0.5,"start2":0.43860632,"end2":0.444017},{"startTime":3872.0,"endTime":3888.0,"start":0.5,"end":0.5,"start2":0.444017,"end2":0.44909737},{"startTime":3888.0,"endTime":3904.0,"start":0.5,"end":0.5,"start2":0.44909737,"end2":0.45386484},{"startTime":3904.0,"endTime":3920.0,"start":0.5,"end":0.5,"start2":0.45386484,"end2":0.45832914},{"startTime":3920.0,"endTime":3936.0,"start":0.5,"end":0.5,"start2":0.45832914,"end2":0.4625},{"startTime":3936.0,"endTime":3952.0,"start":0.5,"end":0.5,"start2":0.4625,"end2":0.46636873},{"startTime":3952.0,"endTime":3968.0,"start":0.5,"end":0.5,"start2":0.46636873,"end2":0.46996516},{"startTime":3968.0,"endTime":3984.0,"start":0.5,"end":0.5,"start2":0.46996516,"end2":0.47329903},{"startTime":3984.0,"endTime":4000.0,"start":0.5,"end":0.5,"start2":0.47329903,"end2":0.47638014},{"startTime":4000.0,"endTime":4016.0,"start":0.5,"end":0.5,"start2":0.47638014,"end2":0.479213},{"startTime":4016.0,"endTime":4032.0,"start":0.5,"end":0.5,"start2":0.479213,"end2":0.48180306},{"startTime":4032.0,"endTime":4048.0,"start":0.5,"end":0.5,"start2":0.48180306,"end2":0.48417124},{"startTime":4048.0,"endTime":4064.0,"start":0.5,"end":0.5,"start2":0.48417124,"end2":0.4863273},{"startTime":4064.0,"endTime":4080.0,"start":0.5,"end":0.5,"start2":0.4863273,"end2":0.48828095},{"startTime":4080.0,"endTime":4096.0,"start":0.5,"end":0.5,"start2":0.48828095,"end2":0.49003378},{"startTime":4096.0,"endTime":4112.0,"start":0.5,"end":0.5,"start2":0.49003378,"end2":0.49160096},{"startTime":4112.0,"endTime":4128.0,"start":0.5,"end":0.5,"start2":0.49160096,"end2":0.49299663},{"startTime":4128.0,"endTime":4144.0,"start":0.5,"end":0.5,"start2":0.49299663,"end2":0.49423054},{"startTime":4144.0,"endTime":4160.0,"start":0.5,"end":0.5,"start2":0.49423054,"end2":0.4953125},{"startTime":4160.0,"endTime":4176.0,"start":0.5,"end":0.5,"start2":0.4953125,"end2":0.4962434},{"startTime":4176.0,"endTime":4192.0,"start":0.5,"end":0.5,"start2":0.4962434,"end2":0.49704337},{"startTime":4192.0,"endTime":4208.0,"start":0.5,"end":0.5,"start2":0.49704337,"end2":0.49772224},{"startTime":4208.0,"endTime":4224.0,"start":0.5,"end":0.5,"start2":0.49772224,"end2":0.4982898},{"startTime":4224.0,"endTime":4240.0,"start":0.5,"end":0.5,"start2":0.4982898,"end2":0.4987537},{"startTime":4240.0,"endTime":4256.0,"start":0.5,"end":0.5,"start2":0.4987537,"end2":0.4991227},{"startTime":4256.0,"endTime":4272.0,"start":0.5,"end":0.5,"start2":0.4991227,"end2":0.49941123},{"startTime":4272.0,"endTime":4288.0,"start":0.5,"end":0.5,"start2":0.49941123,"end2":0.49962908},{"startTime":4288.0,"endTime":4304.0,"start":0.5,"end":0.5,"start2":0.49962908,"end2":0.49978593},{"startTime":4304.0,"endTime":4320.0,"start":0.5,"end":0.5,"start2":0.49978593,"end2":0.49988985},{"startTime":4320.0,"endTime":4336.0,"start":0.5,"end":0.5,"start2":0.49988985,"end2":0.49995276},{"startTime":4336.0,"endTime":4352.0,"start":0.5,"end":0.5,"start2":0.49995276,"end2":0.49998555},{"startTime":4352.0,"endTime":4368.0,"start":0.5,"end":0.5,"start2":0.49998555,"end2":0.49999806},{"startTime":4368.0,"endTime":4384.0,"start":0.5,"end":0.5,"start2":0.49999806,"end2":0.5},{"startTime":4384.0,"endTime":4768.0,"start":0.5,"end":0.5,"start2":0.5,"end2":0.5},{"startTime":4768.0,"endTime":4992.0,"start":0.5,"end":0.5,"start2":0.5,"end2":0.2},{"startTime":4992.0,"endTime":5920.0,"start":0.5,"end":0.5,"start2":0.2,"end2":0.2},{"startTime":5920.0,"endTime":5921.0,"start":0.5,"end":0.5,"start2":0.2,"end2":0.21854827},{"startTime":5921.0,"endTime":5922.0,"start":0.5,"end":0.5,"start2":0.21854827,"end2":0.23671074},{"startTime":5922.0,"endTime":5923.0,"start":0.5,"end":0.5,"start2":0.23671074,"end2":0.25449145},{"startTime":5923.0,"endTime":5924.0,"start":0.5,"end":0.5,"start2":0.25449145,"end2":0.27189454},{"startTime":5924.0,"endTime":5925.0,"start":0.5,"end":0.5,"start2":0.27189454,"end2":0.2889239},{"startTime":5925.0,"endTime":5926.0,"start":0.5,"end":0.5,"start2":0.2889239,"end2":0.30558366},{"startTime":5926.0,"endTime":5927.0,"start":0.5,"end":0.5,"start2":0.30558366,"end2":0.32187787},{"startTime":5927.0,"endTime":5928.0,"start":0.5,"end":0.5,"start2":0.32187787,"end2":0.33781058},{"startTime":5928.0,"endTime":5929.0,"start":0.5,"end":0.5,"start2":0.33781058,"end2":0.35338587},{"startTime":5929.0,"endTime":5930.0,"start":0.5,"end":0.5,"start2":0.35338587,"end2":0.3686078},{"startTime":5930.0,"endTime":5931.0,"start":0.5,"end":0.5,"start2":0.3686078,"end2":0.38348028},{"startTime":5931.0,"endTime":5932.0,"start":0.5,"end":0.5,"start2":0.38348028,"end2":0.3980075},{"startTime":5932.0,"endTime":5933.0,"start":0.5,"end":0.5,"start2":0.3980075,"end2":0.41219348},{"startTime":5933.0,"endTime":5934.0,"start":0.5,"end":0.5,"start2":0.41219348,"end2":0.42604223},{"startTime":5934.0,"endTime":5935.0,"start":0.5,"end":0.5,"start2":0.42604223,"end2":0.43955788},{"startTime":5935.0,"endTime":5936.0,"start":0.5,"end":0.5,"start2":0.43955788,"end2":0.45274445},{"startTime":5936.0,"endTime":5937.0,"start":0.5,"end":0.5,"start2":0.45274445,"end2":0.46560588},{"startTime":5937.0,"endTime":5938.0,"start":0.5,"end":0.5,"start2":0.46560588,"end2":0.47814634},{"startTime":5938.0,"endTime":5939.0,"start":0.5,"end":0.5,"start2":0.47814634,"end2":0.4903699},{"startTime":5939.0,"endTime":5940.0,"start":0.5,"end":0.5,"start2":0.4903699,"end2":0.5022805},{"startTime":5940.0,"endTime":5941.0,"start":0.5,"end":0.5,"start2":0.5022805,"end2":0.51388234},{"startTime":5941.0,"endTime":5942.0,"start":0.5,"end":0.5,"start2":0.51388234,"end2":0.5251793},{"startTime":5942.0,"endTime":5943.0,"start":0.5,"end":0.5,"start2":0.5251793,"end2":0.5361755},{"startTime":5943.0,"endTime":5944.0,"start":0.5,"end":0.5,"start2":0.5361755,"end2":0.546875},{"startTime":5944.0,"endTime":5945.0,"start":0.5,"end":0.5,"start2":0.546875,"end2":0.55727077},{"startTime":5945.0,"endTime":5946.0,"start":0.5,"end":0.5,"start2":0.55727077,"end2":0.5673783},{"startTime":5946.0,"endTime":5947.0,"start":0.5,"end":0.5,"start2":0.5673783,"end2":0.5772015},{"startTime":5947.0,"endTime":5948.0,"start":0.5,"end":0.5,"start2":0.5772015,"end2":0.5867445},{"startTime":5948.0,"endTime":5949.0,"start":0.5,"end":0.5,"start2":0.5867445,"end2":0.5960114},{"startTime":5949.0,"endTime":5950.0,"start":0.5,"end":0.5,"start2":0.5960114,"end2":0.60500616},{"startTime":5950.0,"endTime":5951.0,"start":0.5,"end":0.5,"start2":0.60500616,"end2":0.6137329},{"startTime":5951.0,"endTime":5952.0,"start":0.5,"end":0.5,"start2":0.6137329,"end2":0.6221956},{"startTime":5952.0,"endTime":5953.0,"start":0.5,"end":0.5,"start2":0.6221956,"end2":0.6303984},{"startTime":5953.0,"endTime":5954.0,"start":0.5,"end":0.5,"start2":0.6303984,"end2":0.6383453},{"startTime":5954.0,"endTime":5955.0,"start":0.5,"end":0.5,"start2":0.6383453,"end2":0.6460403},{"startTime":5955.0,"endTime":5956.0,"start":0.5,"end":0.5,"start2":0.6460403,"end2":0.6534875},{"startTime":5956.0,"endTime":5957.0,"start":0.5,"end":0.5,"start2":0.6534875,"end2":0.66069096},{"startTime":5957.0,"endTime":5958.0,"start":0.5,"end":0.5,"start2":0.66069096,"end2":0.66765475},{"startTime":5958.0,"endTime":5959.0,"start":0.5,"end":0.5,"start2":0.66765475,"end2":0.67438287},{"startTime":5959.0,"endTime":5960.0,"start":0.5,"end":0.5,"start2":0.67438287,"end2":0.6808794},{"startTime":5960.0,"endTime":5961.0,"start":0.5,"end":0.5,"start2":0.6808794,"end2":0.6871484},{"startTime":5961.0,"endTime":5962.0,"start":0.5,"end":0.5,"start2":0.6871484,"end2":0.69319385},{"startTime":5962.0,"endTime":5963.0,"start":0.5,"end":0.5,"start2":0.69319385,"end2":0.69901985},{"startTime":5963.0,"endTime":5964.0,"start":0.5,"end":0.5,"start2":0.69901985,"end2":0.7046305},{"startTime":5964.0,"endTime":5965.0,"start":0.5,"end":0.5,"start2":0.7046305,"end2":0.71002984},{"startTime":5965.0,"endTime":5966.0,"start":0.5,"end":0.5,"start2":0.71002984,"end2":0.71522176},{"startTime":5966.0,"endTime":5967.0,"start":0.5,"end":0.5,"start2":0.71522176,"end2":0.7202105},{"startTime":5967.0,"endTime":5968.0,"start":0.5,"end":0.5,"start2":0.7202105,"end2":0.725},{"startTime":5968.0,"endTime":5969.0,"start":0.5,"end":0.5,"start2":0.725,"end2":0.729587},{"startTime":5969.0,"endTime":5970.0,"start":0.5,"end":0.5,"start2":0.729587,"end2":0.7339833},{"startTime":5970.0,"endTime":5971.0,"start":0.5,"end":0.5,"start2":0.7339833,"end2":0.73819274},{"startTime":5971.0,"endTime":5972.0,"start":0.5,"end":0.5,"start2":0.73819274,"end2":0.7422195},{"startTime":5972.0,"endTime":5973.0,"start":0.5,"end":0.5,"start2":0.7422195,"end2":0.74606764},{"startTime":5973.0,"endTime":5974.0,"start":0.5,"end":0.5,"start2":0.74606764,"end2":0.7497412},{"startTime":5974.0,"endTime":5975.0,"start":0.5,"end":0.5,"start2":0.7497412,"end2":0.75324416},{"startTime":5975.0,"endTime":5976.0,"start":0.5,"end":0.5,"start2":0.75324416,"end2":0.75658065},{"startTime":5976.0,"endTime":5977.0,"start":0.5,"end":0.5,"start2":0.75658065,"end2":0.75975466},{"startTime":5977.0,"endTime":5978.0,"start":0.5,"end":0.5,"start2":0.75975466,"end2":0.7627703},{"startTime":5978.0,"endTime":5979.0,"start":0.5,"end":0.5,"start2":0.7627703,"end2":0.76563156},{"startTime":5979.0,"endTime":5980.0,"start":0.5,"end":0.5,"start2":0.76563156,"end2":0.7683425},{"startTime":5980.0,"endTime":5981.0,"start":0.5,"end":0.5,"start2":0.7683425,"end2":0.7709072},{"startTime":5981.0,"endTime":5982.0,"start":0.5,"end":0.5,"start2":0.7709072,"end2":0.77332973},{"startTime":5982.0,"endTime":5983.0,"start":0.5,"end":0.5,"start2":0.77332973,"end2":0.77561414},{"startTime":5983.0,"endTime":5984.0,"start":0.5,"end":0.5,"start2":0.77561414,"end2":0.77776444},{"startTime":5984.0,"endTime":5985.0,"start":0.5,"end":0.5,"start2":0.77776444,"end2":0.7797846},{"startTime":5985.0,"endTime":5986.0,"start":0.5,"end":0.5,"start2":0.7797846,"end2":0.78167886},{"startTime":5986.0,"endTime":5987.0,"start":0.5,"end":0.5,"start2":0.78167886,"end2":0.78345114},{"startTime":5987.0,"endTime":5988.0,"start":0.5,"end":0.5,"start2":0.78345114,"end2":0.78510547},{"startTime":5988.0,"endTime":5989.0,"start":0.5,"end":0.5,"start2":0.78510547,"end2":0.78664607},{"startTime":5989.0,"endTime":5990.0,"start":0.5,"end":0.5,"start2":0.78664607,"end2":0.78807676},{"startTime":5990.0,"endTime":5991.0,"start":0.5,"end":0.5,"start2":0.78807676,"end2":0.78940177},{"startTime":5991.0,"endTime":5992.0,"start":0.5,"end":0.5,"start2":0.78940177,"end2":0.79062504},{"startTime":5992.0,"endTime":5993.0,"start":0.5,"end":0.5,"start2":0.79062504,"end2":0.79174703},{"startTime":5993.0,"endTime":5994.0,"start":0.5,"end":0.5,"start2":0.79174703,"end2":0.7927758},{"startTime":5994.0,"endTime":5995.0,"start":0.5,"end":0.5,"start2":0.7927758,"end2":0.79371524},{"startTime":5995.0,"endTime":5996.0,"start":0.5,"end":0.5,"start2":0.79371524,"end2":0.7945695},{"startTime":5996.0,"endTime":5997.0,"start":0.5,"end":0.5,"start2":0.7945695,"end2":0.7953426},{"startTime":5997.0,"endTime":5998.0,"start":0.5,"end":0.5,"start2":0.7953426,"end2":0.7960386},{"startTime":5998.0,"endTime":5999.0,"start":0.5,"end":0.5,"start2":0.7960386,"end2":0.7966616},{"startTime":5999.0,"endTime":6000.0,"start":0.5,"end":0.5,"start2":0.7966616,"end2":0.79721564},{"startTime":6000.0,"endTime":6001.0,"start":0.5,"end":0.5,"start2":0.79721564,"end2":0.79770464},{"startTime":6001.0,"endTime":6002.0,"start":0.5,"end":0.5,"start2":0.79770464,"end2":0.7981328},{"startTime":6002.0,"endTime":6003.0,"start":0.5,"end":0.5,"start2":0.7981328,"end2":0.798504},{"startTime":6003.0,"endTime":6004.0,"start":0.5,"end":0.5,"start2":0.798504,"end2":0.79882246},{"startTime":6004.0,"endTime":6005.0,"start":0.5,"end":0.5,"start2":0.79882246,"end2":0.79909223},{"startTime":6005.0,"endTime":6006.0,"start":0.5,"end":0.5,"start2":0.79909223,"end2":0.79931724},{"startTime":6006.0,"endTime":6007.0,"start":0.5,"end":0.5,"start2":0.79931724,"end2":0.7995016},{"startTime":6007.0,"endTime":6008.0,"start":0.5,"end":0.5,"start2":0.7995016,"end2":0.7996494},{"startTime":6008.0,"endTime":6009.0,"start":0.5,"end":0.5,"start2":0.7996494,"end2":0.79976463},{"startTime":6009.0,"endTime":6010.0,"start":0.5,"end":0.5,"start2":0.79976463,"end2":0.79985136},{"startTime":6010.0,"endTime":6011.0,"start":0.5,"end":0.5,"start2":0.79985136,"end2":0.79991364},{"startTime":6011.0,"endTime":6012.0,"start":0.5,"end":0.5,"start2":0.79991364,"end2":0.7999555},{"startTime":6012.0,"endTime":6013.0,"start":0.5,"end":0.5,"start2":0.7999555,"end2":0.799981},{"startTime":6013.0,"endTime":6014.0,"start":0.5,"end":0.5,"start2":0.799981,"end2":0.79999423},{"startTime":6014.0,"endTime":6015.0,"start":0.5,"end":0.5,"start2":0.79999423,"end2":0.79999924},{"startTime":6015.0,"endTime":6016.0,"start":0.5,"end":0.5,"start2":0.79999924,"end2":0.8},{"startTime":6016.0,"endTime":6048.0,"start":0.5,"end":0.5,"start2":0.8,"end2":0.8},{"startTime":6048.0,"endTime":6049.0,"start":0.5,"end":0.5,"start2":0.8,"end2":0.7840888},{"startTime":6049.0,"endTime":6050.0,"start":0.5,"end":0.5,"start2":0.7840888,"end2":0.76845753},{"startTime":6050.0,"endTime":6051.0,"start":0.5,"end":0.5,"start2":0.76845753,"end2":0.7531039},{"startTime":6051.0,"endTime":6052.0,"start":0.5,"end":0.5,"start2":0.7531039,"end2":0.7380254},{"startTime":6052.0,"endTime":6053.0,"start":0.5,"end":0.5,"start2":0.7380254,"end2":0.7232196},{"startTime":6053.0,"endTime":6054.0,"start":0.5,"end":0.5,"start2":0.7232196,"end2":0.7086841},{"startTime":6054.0,"endTime":6055.0,"start":0.5,"end":0.5,"start2":0.7086841,"end2":0.69441634},{"startTime":6055.0,"endTime":6056.0,"start":0.5,"end":0.5,"start2":0.69441634,"end2":0.680414},{"startTime":6056.0,"endTime":6057.0,"start":0.5,"end":0.5,"start2":0.680414,"end2":0.6666746},{"startTime":6057.0,"endTime":6058.0,"start":0.5,"end":0.5,"start2":0.6666746,"end2":0.6532191},{"startTime":6058.0,"endTime":6059.0,"start":0.5,"end":0.5,"start2":0.6532191,"end2":0.6400326},{"startTime":6059.0,"endTime":6060.0,"start":0.5,"end":0.5,"start2":0.6400326,"end2":0.627101},{"startTime":6060.0,"endTime":6061.0,"start":0.5,"end":0.5,"start2":0.627101,"end2":0.6144218},{"startTime":6061.0,"endTime":6062.0,"start":0.5,"end":0.5,"start2":0.6144218,"end2":0.6019925},{"startTime":6062.0,"endTime":6063.0,"start":0.5,"end":0.5,"start2":0.6019925,"end2":0.5898107},{"startTime":6063.0,"endTime":6064.0,"start":0.5,"end":0.5,"start2":0.5898107,"end2":0.577874},{"startTime":6064.0,"endTime":6065.0,"start":0.5,"end":0.5,"start2":0.577874,"end2":0.56617993},{"startTime":6065.0,"endTime":6066.0,"start":0.5,"end":0.5,"start2":0.56617993,"end2":0.55472594},{"startTime":6066.0,"endTime":6067.0,"start":0.5,"end":0.5,"start2":0.55472594,"end2":0.5435204},{"startTime":6067.0,"endTime":6068.0,"start":0.5,"end":0.5,"start2":0.5435204,"end2":0.532571},{"startTime":6068.0,"endTime":6069.0,"start":0.5,"end":0.5,"start2":0.532571,"end2":0.5218537},{"startTime":6069.0,"endTime":6070.0,"start":0.5,"end":0.5,"start2":0.5218537,"end2":0.51136595},{"startTime":6070.0,"endTime":6071.0,"start":0.5,"end":0.5,"start2":0.51136595,"end2":0.5011054},{"startTime":6071.0,"endTime":6072.0,"start":0.5,"end":0.5,"start2":0.5011054,"end2":0.49106959},{"startTime":6072.0,"endTime":6073.0,"start":0.5,"end":0.5,"start2":0.49106959,"end2":0.4812561},{"startTime":6073.0,"endTime":6074.0,"start":0.5,"end":0.5,"start2":0.4812561,"end2":0.47166246},{"startTime":6074.0,"endTime":6075.0,"start":0.5,"end":0.5,"start2":0.47166246,"end2":0.46228626},{"startTime":6075.0,"endTime":6076.0,"start":0.5,"end":0.5,"start2":0.46228626,"end2":0.453125},{"startTime":6076.0,"endTime":6077.0,"start":0.5,"end":0.5,"start2":0.453125,"end2":0.44420484},{"startTime":6077.0,"endTime":6078.0,"start":0.5,"end":0.5,"start2":0.44420484,"end2":0.43549398},{"startTime":6078.0,"endTime":6079.0,"start":0.5,"end":0.5,"start2":0.43549398,"end2":0.42699},{"startTime":6079.0,"endTime":6080.0,"start":0.5,"end":0.5,"start2":0.42699,"end2":0.4186904},{"startTime":6080.0,"endTime":6081.0,"start":0.5,"end":0.5,"start2":0.4186904,"end2":0.41059282},{"startTime":6081.0,"endTime":6082.0,"start":0.5,"end":0.5,"start2":0.41059282,"end2":0.4026948},{"startTime":6082.0,"endTime":6083.0,"start":0.5,"end":0.5,"start2":0.4026948,"end2":0.39499384},{"startTime":6083.0,"endTime":6084.0,"start":0.5,"end":0.5,"start2":0.39499384,"end2":0.3874876},{"startTime":6084.0,"endTime":6085.0,"start":0.5,"end":0.5,"start2":0.3874876,"end2":0.38017353},{"startTime":6085.0,"endTime":6086.0,"start":0.5,"end":0.5,"start2":0.38017353,"end2":0.37306622},{"startTime":6086.0,"endTime":6087.0,"start":0.5,"end":0.5,"start2":0.37306622,"end2":0.36615402},{"startTime":6087.0,"endTime":6088.0,"start":0.5,"end":0.5,"start2":0.36615402,"end2":0.35942596},{"startTime":6088.0,"endTime":6089.0,"start":0.5,"end":0.5,"start2":0.35942596,"end2":0.3528796},{"startTime":6089.0,"endTime":6090.0,"start":0.5,"end":0.5,"start2":0.3528796,"end2":0.3465125},{"startTime":6090.0,"endTime":6091.0,"start":0.5,"end":0.5,"start2":0.3465125,"end2":0.34032217},{"startTime":6091.0,"endTime":6092.0,"start":0.5,"end":0.5,"start2":0.34032217,"end2":0.33430618},{"startTime":6092.0,"endTime":6093.0,"start":0.5,"end":0.5,"start2":0.33430618,"end2":0.32846203},{"startTime":6093.0,"endTime":6094.0,"start":0.5,"end":0.5,"start2":0.32846203,"end2":0.32278737},{"startTime":6094.0,"endTime":6095.0,"start":0.5,"end":0.5,"start2":0.32278737,"end2":0.3172872},{"startTime":6095.0,"endTime":6096.0,"start":0.5,"end":0.5,"start2":0.3172872,"end2":0.311966},{"startTime":6096.0,"endTime":6097.0,"start":0.5,"end":0.5,"start2":0.311966,"end2":0.30680618},{"startTime":6097.0,"endTime":6098.0,"start":0.5,"end":0.5,"start2":0.30680618,"end2":0.30180526},{"startTime":6098.0,"endTime":6099.0,"start":0.5,"end":0.5,"start2":0.30180526,"end2":0.2969608},{"startTime":6099.0,"endTime":6100.0,"start":0.5,"end":0.5,"start2":0.2969608,"end2":0.29227033},{"startTime":6100.0,"endTime":6101.0,"start":0.5,"end":0.5,"start2":0.29227033,"end2":0.28773144},{"startTime":6101.0,"endTime":6102.0,"start":0.5,"end":0.5,"start2":0.28773144,"end2":0.28334174},{"startTime":6102.0,"endTime":6103.0,"start":0.5,"end":0.5,"start2":0.28334174,"end2":0.27909875},{"startTime":6103.0,"endTime":6104.0,"start":0.5,"end":0.5,"start2":0.27909875,"end2":0.275},{"startTime":6104.0,"endTime":6105.0,"start":0.5,"end":0.5,"start2":0.275,"end2":0.27106196},{"startTime":6105.0,"endTime":6106.0,"start":0.5,"end":0.5,"start2":0.27106196,"end2":0.26726255},{"startTime":6106.0,"endTime":6107.0,"start":0.5,"end":0.5,"start2":0.26726255,"end2":0.26359925},{"startTime":6107.0,"endTime":6108.0,"start":0.5,"end":0.5,"start2":0.26359925,"end2":0.2600697},{"startTime":6108.0,"endTime":6109.0,"start":0.5,"end":0.5,"start2":0.2600697,"end2":0.2566714},{"startTime":6109.0,"endTime":6110.0,"start":0.5,"end":0.5,"start2":0.2566714,"end2":0.25340194},{"startTime":6110.0,"endTime":6111.0,"start":0.5,"end":0.5,"start2":0.25340194,"end2":0.25025883},{"startTime":6111.0,"endTime":6112.0,"start":0.5,"end":0.5,"start2":0.25025883,"end2":0.24723971},{"startTime":6112.0,"endTime":6113.0,"start":0.5,"end":0.5,"start2":0.24723971,"end2":0.24434207},{"startTime":6113.0,"endTime":6114.0,"start":0.5,"end":0.5,"start2":0.24434207,"end2":0.24157403},{"startTime":6114.0,"endTime":6115.0,"start":0.5,"end":0.5,"start2":0.24157403,"end2":0.23892726},{"startTime":6115.0,"endTime":6116.0,"start":0.5,"end":0.5,"start2":0.23892726,"end2":0.23639385},{"startTime":6116.0,"endTime":6117.0,"start":0.5,"end":0.5,"start2":0.23639385,"end2":0.23397143},{"startTime":6117.0,"endTime":6118.0,"start":0.5,"end":0.5,"start2":0.23397143,"end2":0.2316575},{"startTime":6118.0,"endTime":6119.0,"start":0.5,"end":0.5,"start2":0.2316575,"end2":0.22944966},{"startTime":6119.0,"endTime":6120.0,"start":0.5,"end":0.5,"start2":0.22944966,"end2":0.22734545},{"startTime":6120.0,"endTime":6121.0,"start":0.5,"end":0.5,"start2":0.22734545,"end2":0.22534238},{"startTime":6121.0,"endTime":6122.0,"start":0.5,"end":0.5,"start2":0.22534238,"end2":0.22343811},{"startTime":6122.0,"endTime":6123.0,"start":0.5,"end":0.5,"start2":0.22343811,"end2":0.22163434},{"startTime":6123.0,"endTime":6124.0,"start":0.5,"end":0.5,"start2":0.22163434,"end2":0.21993242},{"startTime":6124.0,"endTime":6125.0,"start":0.5,"end":0.5,"start2":0.21993242,"end2":0.21832113},{"startTime":6125.0,"endTime":6126.0,"start":0.5,"end":0.5,"start2":0.21832113,"end2":0.21679807},{"startTime":6126.0,"endTime":6127.0,"start":0.5,"end":0.5,"start2":0.21679807,"end2":0.21536076},{"startTime":6127.0,"endTime":6128.0,"start":0.5,"end":0.5,"start2":0.21536076,"end2":0.21400675},{"startTime":6128.0,"endTime":6129.0,"start":0.5,"end":0.5,"start2":0.21400675,"end2":0.2127336},{"startTime":6129.0,"endTime":6130.0,"start":0.5,"end":0.5,"start2":0.2127336,"end2":0.2115389},{"startTime":6130.0,"endTime":6131.0,"start":0.5,"end":0.5,"start2":0.2115389,"end2":0.21042018},{"startTime":6131.0,"endTime":6132.0,"start":0.5,"end":0.5,"start2":0.21042018,"end2":0.20937501},{"startTime":6132.0,"endTime":6133.0,"start":0.5,"end":0.5,"start2":0.20937501,"end2":0.20841016},{"startTime":6133.0,"endTime":6134.0,"start":0.5,"end":0.5,"start2":0.20841016,"end2":0.20751323},{"startTime":6134.0,"endTime":6135.0,"start":0.5,"end":0.5,"start2":0.20751323,"end2":0.20668174},{"startTime":6135.0,"endTime":6136.0,"start":0.5,"end":0.5,"start2":0.20668174,"end2":0.20591328},{"startTime":6136.0,"endTime":6137.0,"start":0.5,"end":0.5,"start2":0.20591328,"end2":0.20520535},{"startTime":6137.0,"endTime":6138.0,"start":0.5,"end":0.5,"start2":0.20520535,"end2":0.2045555},{"startTime":6138.0,"endTime":6139.0,"start":0.5,"end":0.5,"start2":0.2045555,"end2":0.20396137},{"startTime":6139.0,"endTime":6140.0,"start":0.5,"end":0.5,"start2":0.20396137,"end2":0.20342043},{"startTime":6140.0,"endTime":6141.0,"start":0.5,"end":0.5,"start2":0.20342043,"end2":0.20293026},{"startTime":6141.0,"endTime":6142.0,"start":0.5,"end":0.5,"start2":0.20293026,"end2":0.2024926},{"startTime":6142.0,"endTime":6143.0,"start":0.5,"end":0.5,"start2":0.2024926,"end2":0.20210224},{"startTime":6143.0,"endTime":6144.0,"start":0.5,"end":0.5,"start2":0.20210224,"end2":0.2017546},{"startTime":6144.0,"endTime":6145.0,"start":0.5,"end":0.5,"start2":0.2017546,"end2":0.20144714},{"startTime":6145.0,"endTime":6146.0,"start":0.5,"end":0.5,"start2":0.20144714,"end2":0.20117752},{"startTime":6146.0,"endTime":6147.0,"start":0.5,"end":0.5,"start2":0.20117752,"end2":0.20094322},{"startTime":6147.0,"endTime":6148.0,"start":0.5,"end":0.5,"start2":0.20094322,"end2":0.20074183},{"startTime":6148.0,"endTime":6149.0,"start":0.5,"end":0.5,"start2":0.20074183,"end2":0.20057096},{"startTime":6149.0,"endTime":6150.0,"start":0.5,"end":0.5,"start2":0.20057096,"end2":0.20042811},{"startTime":6150.0,"endTime":6151.0,"start":0.5,"end":0.5,"start2":0.20042811,"end2":0.20031185},{"startTime":6151.0,"endTime":6152.0,"start":0.5,"end":0.5,"start2":0.20031185,"end2":0.2002203},{"startTime":6152.0,"endTime":6153.0,"start":0.5,"end":0.5,"start2":0.2002203,"end2":0.20014867},{"startTime":6153.0,"endTime":6154.0,"start":0.5,"end":0.5,"start2":0.20014867,"end2":0.20009449},{"startTime":6154.0,"endTime":6155.0,"start":0.5,"end":0.5,"start2":0.20009449,"end2":0.2000554},{"startTime":6155.0,"endTime":6156.0,"start":0.5,"end":0.5,"start2":0.2000554,"end2":0.2000289},{"startTime":6156.0,"endTime":6157.0,"start":0.5,"end":0.5,"start2":0.2000289,"end2":0.20001252},{"startTime":6157.0,"endTime":6158.0,"start":0.5,"end":0.5,"start2":0.20001252,"end2":0.2000039},{"startTime":6158.0,"endTime":6159.0,"start":0.5,"end":0.5,"start2":0.2000039,"end2":0.20000054},{"startTime":6159.0,"endTime":6160.0,"start":0.5,"end":0.5,"start2":0.20000054,"end2":0.2},{"startTime":6160.0,"endTime":7232.0,"start":0.5,"end":0.5,"start2":0.2,"end2":0.2},{"startTime":7232.0,"endTime":7264.0,"start":0.5,"end":0.5,"start2":0.2,"end2":0.3},{"startTime":7264.0,"endTime":7296.0,"start":0.5,"end":0.5,"start2":0.3,"end2":0.3},{"startTime":7296.0,"endTime":7328.0,"start":0.5,"end":0.5,"start2":0.3,"end2":0.2},{"startTime":7328.0,"endTime":7360.0,"start":0.5,"end":0.5,"start2":0.2,"end2":0.2},{"startTime":7360.0,"endTime":7392.0,"start":0.5,"end":0.5,"start2":0.2,"end2":0.3},{"startTime":7392.0,"endTime":7424.0,"start":0.5,"end":0.5,"start2":0.3,"end2":0.3},{"startTime":7424.0,"endTime":7456.0,"start":0.5,"end":0.5,"start2":0.3,"end2":0.2},{"startTime":7456.0,"endTime":7488.0,"start":0.5,"end":0.5,"start2":0.2,"end2":0.2},{"startTime":7488.0,"endTime":7520.0,"start":0.5,"end":0.5,"start2":0.2,"end2":0.3},{"startTime":7520.0,"endTime":7552.0,"start":0.5,"end":0.5,"start2":0.3,"end2":0.3},{"startTime":7552.0,"endTime":7584.0,"start":0.5,"end":0.5,"start2":0.3,"end2":0.2},{"startTime":7584.0,"endTime":7712.0,"start":0.5,"end":0.5,"start2":0.2,"end2":0.2},{"startTime":7712.0,"endTime":7776.0,"start":0.5,"end":0.5,"start2":0.2,"end2":0.3},{"startTime":7776.0,"endTime":7840.0,"start":0.5,"end":0.5,"start2":0.3,"end2":0.2},{"startTime":7840.0,"endTime":7904.0,"start":0.5,"end":0.5,"start2":0.2,"end2":0.3},{"startTime":7904.0,"endTime":7968.0,"start":0.5,"end":0.5,"start2":0.3,"end2":0.2},{"startTime":7968.0,"endTime":8224.0,"start":0.5,"end":0.5,"start2":0.2,"end2":0.2},{"startTime":8224.0,"endTime":9120.0,"start":0.5,"end":0.5,"start2":0.2,"end2":0.5},{"startTime":9120.0,"endTime":1000000000.0,"start":0.5,"end":0.5,"start2":0.5,"end2":0.5}],"judgeLineRotateEvents":[{"startTime":-999999.0,"endTime":1312.0,"start":0.0,"end":0.0},{"startTime":1312.0,"endTime":1328.0,"start":0.0,"end":-10.0},{"startTime":1328.0,"endTime":1344.0,"start":-9.0,"end":10.0},{"startTime":1344.0,"endTime":1360.0,"start":10.0,"end":-5.0},{"startTime":1360.0,"endTime":1376.0,"start":-4.0,"end":5.0},{"startTime":1376.0,"endTime":1424.0,"start":5.0,"end":0.0},{"startTime":1424.0,"endTime":1440.0,"start":0.0,"end":0.0},{"startTime":1440.0,"endTime":1504.0,"start":0.0,"end":5.0},{"startTime":1504.0,"endTime":1632.0,"start":5.0,"end":-5.0},{"startTime":1632.0,"endTime":1760.0,"start":-5.0,"end":5.0},{"startTime":1760.0,"endTime":1824.0,"start":5.0,"end":0.0},{"startTime":1824.0,"endTime":1952.0,"start":0.0,"end":0.0},{"startTime":1952.0,"endTime":2016.0,"start":0.0,"end":-5.0},{"startTime":2016.0,"endTime":2144.0,"start":-5.0,"end":5.0},{"startTime":2144.0,"endTime":2272.0,"start":5.0,"end":-5.0},{"startTime":2272.0,"endTime":2336.0,"start":-5.0,"end":0.0},{"startTime":2336.0,"endTime":2464.0,"start":0.0,"end":0.0},{"startTime":2464.0,"endTime":2465.0,"start":0.0,"end":8.293261},{"startTime":2465.0,"endTime":2466.0,"start":8.293261,"end":16.347435},{"startTime":2466.0,"endTime":2467.0,"start":16.347435,"end":24.133451},{"startTime":2467.0,"endTime":2468.0,"start":24.133451,"end":31.675097},{"startTime":2468.0,"endTime":2469.0,"start":31.675097,"end":38.96983},{"startTime":2469.0,"endTime":2470.0,"start":38.96983,"end":46.01576},{"startTime":2470.0,"endTime":2471.0,"start":46.01576,"end":52.835236},{"startTime":2471.0,"endTime":2472.0,"start":52.835236,"end":59.40225},{"startTime":2472.0,"endTime":2473.0,"start":59.40225,"end":65.75664},{"startTime":2473.0,"endTime":2474.0,"start":65.75664,"end":71.86736},{"startTime":2474.0,"endTime":2475.0,"start":71.86736,"end":77.767494},{"startTime":2475.0,"endTime":2476.0,"start":77.767494,"end":83.4439},{"startTime":2476.0,"endTime":2477.0,"start":83.4439,"end":88.906555},{"startTime":2477.0,"endTime":2478.0,"start":88.906555,"end":94.164696},{"startTime":2478.0,"endTime":2479.0,"start":94.164696,"end":99.20668},{"startTime":2479.0,"endTime":2480.0,"start":99.20668,"end":104.0625},{"startTime":2480.0,"endTime":2481.0,"start":104.0625,"end":108.70064},{"startTime":2481.0,"endTime":2482.0,"start":108.70064,"end":113.16044},{"startTime":2482.0,"endTime":2483.0,"start":113.16044,"end":117.42125},{"startTime":2483.0,"endTime":2484.0,"start":117.42125,"end":121.50185},{"startTime":2484.0,"endTime":2485.0,"start":121.50185,"end":125.40133},{"startTime":2485.0,"endTime":2486.0,"start":125.40133,"end":129.1195},{"startTime":2486.0,"endTime":2487.0,"start":129.1195,"end":132.67368},{"startTime":2487.0,"endTime":2488.0,"start":132.67368,"end":136.04625},{"startTime":2488.0,"endTime":2489.0,"start":136.04625,"end":139.26694},{"startTime":2489.0,"endTime":2490.0,"start":139.26694,"end":142.31485},{"startTime":2490.0,"endTime":2491.0,"start":142.31485,"end":145.2146},{"startTime":2491.0,"endTime":2492.0,"start":145.2146,"end":147.95815},{"startTime":2492.0,"endTime":2493.0,"start":147.95815,"end":150.55373},{"startTime":2493.0,"endTime":2494.0,"start":150.55373,"end":153.00894},{"startTime":2494.0,"endTime":2495.0,"start":153.00894,"end":155.31717},{"startTime":2495.0,"endTime":2496.0,"start":155.31717,"end":157.5},{"startTime":2496.0,"endTime":2497.0,"start":157.5,"end":159.53769},{"startTime":2497.0,"endTime":2498.0,"start":159.53769,"end":161.45781},{"startTime":2498.0,"endTime":2499.0,"start":161.45781,"end":163.24814},{"startTime":2499.0,"endTime":2500.0,"start":163.24814,"end":164.92235},{"startTime":2500.0,"endTime":2501.0,"start":164.92235,"end":166.48126},{"startTime":2501.0,"endTime":2502.0,"start":166.48126,"end":167.92639},{"startTime":2502.0,"endTime":2503.0,"start":167.92639,"end":169.26991},{"startTime":2503.0,"endTime":2504.0,"start":169.26991,"end":170.50275},{"startTime":2504.0,"endTime":2505.0,"start":170.50275,"end":171.64445},{"startTime":2505.0,"endTime":2506.0,"start":171.64445,"end":172.68423},{"startTime":2506.0,"endTime":2507.0,"start":172.68423,"end":173.63829},{"startTime":2507.0,"endTime":2508.0,"start":173.63829,"end":174.50366},{"startTime":2508.0,"endTime":2509.0,"start":174.50366,"end":175.28687},{"startTime":2509.0,"endTime":2510.0,"start":175.28687,"end":175.9938},{"startTime":2510.0,"endTime":2511.0,"start":175.9938,"end":176.62299},{"startTime":2511.0,"endTime":2512.0,"start":176.62299,"end":177.1875},{"startTime":2512.0,"endTime":2513.0,"start":177.1875,"end":177.67946},{"startTime":2513.0,"endTime":2514.0,"start":177.67946,"end":178.11456},{"startTime":2514.0,"endTime":2515.0,"start":178.11456,"end":178.48907},{"startTime":2515.0,"endTime":2516.0,"start":178.48907,"end":178.81158},{"startTime":2516.0,"endTime":2517.0,"start":178.81158,"end":179.08464},{"startTime":2517.0,"endTime":2518.0,"start":179.08464,"end":179.31139},{"startTime":2518.0,"endTime":2519.0,"start":179.31139,"end":179.49898},{"startTime":2519.0,"endTime":2520.0,"start":179.49898,"end":179.64674},{"startTime":2520.0,"endTime":2521.0,"start":179.64674,"end":179.76414},{"startTime":2521.0,"endTime":2522.0,"start":179.76414,"end":179.85048},{"startTime":2522.0,"endTime":2523.0,"start":179.85048,"end":179.91354},{"startTime":2523.0,"endTime":2524.0,"start":179.91354,"end":179.9554},{"startTime":2524.0,"endTime":2525.0,"start":179.9554,"end":179.98094},{"startTime":2525.0,"endTime":2526.0,"start":179.98094,"end":179.99431},{"startTime":2526.0,"endTime":2527.0,"start":179.99431,"end":179.99911},{"startTime":2527.0,"endTime":2528.0,"start":179.99911,"end":180.0},{"startTime":2528.0,"endTime":2976.0,"start":180.0,"end":180.0},{"startTime":2976.0,"endTime":2977.0,"start":180.0,"end":188.29326},{"startTime":2977.0,"endTime":2978.0,"start":188.29326,"end":196.34743},{"startTime":2978.0,"endTime":2979.0,"start":196.34743,"end":204.13345},{"startTime":2979.0,"endTime":2980.0,"start":204.13345,"end":211.6751},{"startTime":2980.0,"endTime":2981.0,"start":211.6751,"end":218.96983},{"startTime":2981.0,"endTime":2982.0,"start":218.96983,"end":226.01576},{"startTime":2982.0,"endTime":2983.0,"start":226.01576,"end":232.83524},{"startTime":2983.0,"endTime":2984.0,"start":232.83524,"end":239.40225},{"startTime":2984.0,"endTime":2985.0,"start":239.40225,"end":245.75664},{"startTime":2985.0,"endTime":2986.0,"start":245.75664,"end":251.86737},{"startTime":2986.0,"endTime":2987.0,"start":251.86737,"end":257.7675},{"startTime":2987.0,"endTime":2988.0,"start":257.7675,"end":263.4439},{"startTime":2988.0,"endTime":2989.0,"start":263.4439,"end":268.90656},{"startTime":2989.0,"endTime":2990.0,"start":268.90656,"end":274.1647},{"startTime":2990.0,"endTime":2991.0,"start":274.1647,"end":279.2067},{"startTime":2991.0,"endTime":2992.0,"start":279.2067,"end":284.0625},{"startTime":2992.0,"endTime":2993.0,"start":284.0625,"end":288.70065},{"startTime":2993.0,"endTime":2994.0,"start":288.70065,"end":293.16043},{"startTime":2994.0,"endTime":2995.0,"start":293.16043,"end":297.42126},{"startTime":2995.0,"endTime":2996.0,"start":297.42126,"end":301.50186},{"startTime":2996.0,"endTime":2997.0,"start":301.50186,"end":305.40134},{"startTime":2997.0,"endTime":2998.0,"start":305.40134,"end":309.1195},{"startTime":2998.0,"endTime":2999.0,"start":309.1195,"end":312.67368},{"startTime":2999.0,"endTime":3000.0,"start":312.67368,"end":316.04626},{"startTime":3000.0,"endTime":3001.0,"start":316.04626,"end":319.26694},{"startTime":3001.0,"endTime":3002.0,"start":319.26694,"end":322.31485},{"startTime":3002.0,"endTime":3003.0,"start":322.31485,"end":325.2146},{"startTime":3003.0,"endTime":3004.0,"start":325.2146,"end":327.95816},{"startTime":3004.0,"endTime":3005.0,"start":327.95816,"end":330.55374},{"startTime":3005.0,"endTime":3006.0,"start":330.55374,"end":333.00894},{"startTime":3006.0,"endTime":3007.0,"start":333.00894,"end":335.31717},{"startTime":3007.0,"endTime":3008.0,"start":335.31717,"end":337.5},{"startTime":3008.0,"endTime":3009.0,"start":337.5,"end":339.5377},{"startTime":3009.0,"endTime":3010.0,"start":339.5377,"end":341.45782},{"startTime":3010.0,"endTime":3011.0,"start":341.45782,"end":343.24814},{"startTime":3011.0,"endTime":3012.0,"start":343.24814,"end":344.92236},{"startTime":3012.0,"endTime":3013.0,"start":344.92236,"end":346.48126},{"startTime":3013.0,"endTime":3014.0,"start":346.48126,"end":347.9264},{"startTime":3014.0,"endTime":3015.0,"start":347.9264,"end":349.26993},{"startTime":3015.0,"endTime":3016.0,"start":349.26993,"end":350.50275},{"startTime":3016.0,"endTime":3017.0,"start":350.50275,"end":351.64447},{"startTime":3017.0,"endTime":3018.0,"start":351.64447,"end":352.68423},{"startTime":3018.0,"endTime":3019.0,"start":352.68423,"end":353.6383},{"startTime":3019.0,"endTime":3020.0,"start":353.6383,"end":354.50366},{"startTime":3020.0,"endTime":3021.0,"start":354.50366,"end":355.28687},{"startTime":3021.0,"endTime":3022.0,"start":355.28687,"end":355.9938},{"startTime":3022.0,"endTime":3023.0,"start":355.9938,"end":356.623},{"startTime":3023.0,"endTime":3024.0,"start":356.623,"end":357.1875},{"startTime":3024.0,"endTime":3025.0,"start":357.1875,"end":357.67947},{"startTime":3025.0,"endTime":3026.0,"start":357.67947,"end":358.11456},{"startTime":3026.0,"endTime":3027.0,"start":358.11456,"end":358.48907},{"startTime":3027.0,"endTime":3028.0,"start":358.48907,"end":358.81158},{"startTime":3028.0,"endTime":3029.0,"start":358.81158,"end":359.08466},{"startTime":3029.0,"endTime":3030.0,"start":359.08466,"end":359.3114},{"startTime":3030.0,"endTime":3031.0,"start":359.3114,"end":359.49896},{"startTime":3031.0,"endTime":3032.0,"start":359.49896,"end":359.64673},{"startTime":3032.0,"endTime":3033.0,"start":359.64673,"end":359.76416},{"startTime":3033.0,"endTime":3034.0,"start":359.76416,"end":359.8505},{"startTime":3034.0,"endTime":3035.0,"start":359.8505,"end":359.91354},{"startTime":3035.0,"endTime":3036.0,"start":359.91354,"end":359.9554},{"startTime":3036.0,"endTime":3037.0,"start":359.9554,"end":359.98093},{"startTime":3037.0,"endTime":3038.0,"start":359.98093,"end":359.9943},{"startTime":3038.0,"endTime":3039.0,"start":359.9943,"end":359.9991},{"startTime":3039.0,"endTime":3040.0,"start":359.9991,"end":360.0},{"startTime":3040.0,"endTime":3488.0,"start":360.0,"end":360.0},{"startTime":3488.0,"endTime":3504.0,"start":360.0,"end":341.07452},{"startTime":3504.0,"endTime":3520.0,"start":341.07452,"end":322.81525},{"startTime":3520.0,"endTime":3536.0,"start":322.81525,"end":305.21042},{"startTime":3536.0,"endTime":3552.0,"start":305.21042,"end":288.24838},{"startTime":3552.0,"endTime":3568.0,"start":288.24838,"end":271.93146},{"startTime":3568.0,"endTime":3584.0,"start":271.93146,"end":256.2606},{"startTime":3584.0,"endTime":3600.0,"start":256.2606,"end":241.1955},{"startTime":3600.0,"endTime":3616.0,"start":241.1955,"end":226.7244},{"startTime":3616.0,"endTime":3632.0,"start":226.7244,"end":212.83556},{"startTime":3632.0,"endTime":3648.0,"start":212.83556,"end":199.5426},{"startTime":3648.0,"endTime":3664.0,"start":199.5426,"end":186.81956},{"startTime":3664.0,"endTime":3680.0,"start":186.81956,"end":174.64174},{"startTime":3680.0,"endTime":3696.0,"start":174.64174,"end":162.99748},{"startTime":3696.0,"endTime":3712.0,"start":162.99748,"end":151.875},{"startTime":3712.0,"endTime":3728.0,"start":151.875,"end":141.29639},{"startTime":3728.0,"endTime":3744.0,"start":141.29639,"end":131.21425},{"startTime":3744.0,"endTime":3760.0,"start":131.21425,"end":121.616875},{"startTime":3760.0,"endTime":3776.0,"start":121.616875,"end":112.49255},{"startTime":3776.0,"endTime":3792.0,"start":112.49255,"end":103.83973},{"startTime":3792.0,"endTime":3808.0,"start":103.83973,"end":95.65558},{"startTime":3808.0,"endTime":3824.0,"start":95.65558,"end":87.90749},{"startTime":3824.0,"endTime":3840.0,"start":87.90749,"end":80.58371},{"startTime":3840.0,"endTime":3856.0,"start":80.58371,"end":73.672424},{"startTime":3856.0,"endTime":3872.0,"start":73.672424,"end":67.179596},{"startTime":3872.0,"endTime":3888.0,"start":67.179596,"end":61.08315},{"startTime":3888.0,"endTime":3904.0,"start":61.08315,"end":55.36219},{"startTime":3904.0,"endTime":3920.0,"start":55.36219,"end":50.005043},{"startTime":3920.0,"endTime":3936.0,"start":50.005043,"end":45.0},{"startTime":3936.0,"endTime":3952.0,"start":45.0,"end":40.357525},{"startTime":3952.0,"endTime":3968.0,"start":40.357525,"end":36.04181},{"startTime":3968.0,"endTime":3984.0,"start":36.04181,"end":32.041153},{"startTime":3984.0,"endTime":4000.0,"start":32.041153,"end":28.343826},{"startTime":4000.0,"endTime":4016.0,"start":28.343826,"end":24.944416},{"startTime":4016.0,"endTime":4032.0,"start":24.944416,"end":21.836315},{"startTime":4032.0,"endTime":4048.0,"start":21.836315,"end":18.994503},{"startTime":4048.0,"endTime":4064.0,"start":18.994503,"end":16.407265},{"startTime":4064.0,"endTime":4080.0,"start":16.407265,"end":14.062864},{"startTime":4080.0,"endTime":4096.0,"start":14.062864,"end":11.9594555},{"startTime":4096.0,"endTime":4112.0,"start":11.9594555,"end":10.07884},{"startTime":4112.0,"endTime":4128.0,"start":10.07884,"end":8.404047},{"startTime":4128.0,"endTime":4144.0,"start":8.404047,"end":6.9233394},{"startTime":4144.0,"endTime":4160.0,"start":6.9233394,"end":5.625},{"startTime":4160.0,"endTime":4176.0,"start":5.625,"end":4.507935},{"startTime":4176.0,"endTime":4192.0,"start":4.507935,"end":3.5479617},{"startTime":4192.0,"endTime":4208.0,"start":3.5479617,"end":2.7332997},{"startTime":4208.0,"endTime":4224.0,"start":2.7332997,"end":2.0522547},{"startTime":4224.0,"endTime":4240.0,"start":2.0522547,"end":1.4955568},{"startTime":4240.0,"endTime":4256.0,"start":1.4955568,"end":1.0527563},{"startTime":4256.0,"endTime":4272.0,"start":1.0527563,"end":0.7065153},{"startTime":4272.0,"endTime":4288.0,"start":0.7065153,"end":0.4450965},{"startTime":4288.0,"endTime":4304.0,"start":0.4450965,"end":0.2568698},{"startTime":4304.0,"endTime":4320.0,"start":0.2568698,"end":0.13217926},{"startTime":4320.0,"endTime":4336.0,"start":0.13217926,"end":0.05669117},{"startTime":4336.0,"endTime":4352.0,"start":0.05669117,"end":0.0173378},{"startTime":4352.0,"endTime":4368.0,"start":0.0173378,"end":0.0023388863},{"startTime":4368.0,"endTime":4384.0,"start":0.0023388863,"end":0.0},{"startTime":4384.0,"endTime":6176.0,"start":0.0,"end":0.0},{"startTime":6176.0,"endTime":6304.0,"start":0.0,"end":5.0},{"startTime":6304.0,"endTime":6432.0,"start":5.0,"end":-5.0},{"startTime":6432.0,"endTime":6560.0,"start":-5.0,"end":0.0},{"startTime":6560.0,"endTime":6688.0,"start":0.0,"end":0.0},{"startTime":6688.0,"endTime":6816.0,"start":0.0,"end":-5.0},{"startTime":6816.0,"endTime":6944.0,"start":-5.0,"end":5.0},{"startTime":6944.0,"endTime":7072.0,"start":5.0,"end":0.0},{"startTime":7072.0,"endTime":7712.0,"start":0.0,"end":0.0},{"startTime":7712.0,"endTime":7776.0,"start":0.0,"end":5.0},{"startTime":7776.0,"endTime":7904.0,"start":5.0,"end":-5.0},{"startTime":7904.0,"endTime":7968.0,"start":-4.0,"end":0.0},{"startTime":7968.0,"endTime":8224.0,"start":0.0,"end":0.0},{"startTime":8224.0,"endTime":9120.0,"start":0.0,"end":360.0},{"startTime":9120.0,"endTime":1000000000.0,"start":0.0,"end":0.0}],"judgeLineDisappearEvents":[{"startTime":-999999.0,"endTime":1000000000.0,"start":1.0,"end":1.0}]},{"bpm":155.0,"notesAbove":[],"notesBelow":[],"speedEvents":[{"startTime":0.0,"endTime":7648.0,"value":1.0},{"startTime":7648.0,"endTime":1000000000.0,"value":2.0}],"judgeLineMoveEvents":[{"startTime":-999999.0,"endTime":30000.0,"start":0.5,"end":0.5,"start2":0.5,"end2":0.5},{"startTime":30000.0,"endTime":30001.0,"start":0.0,"end":0.0,"start2":0.0,"end2":0.0},{"startTime":30001.0,"endTime":1000000000.0,"start":0.5,"end":0.5,"start2":0.5,"end2":0.5}],"judgeLineRotateEvents":[{"startTime":-999999.0,"endTime":1000000000.0,"start":0.0,"end":0.0}],"judgeLineDisappearEvents":[{"startTime":-999999.0,"endTime":38064.0,"start":0.0,"end":0.0},{"startTime":38064.0,"endTime":30001.0,"start":0.0,"end":0.0},{"startTime":30001.0,"endTime":1000000000.0,"start":1.0,"end":1.0}]},{"bpm":155.0,"notesAbove":[],"notesBelow":[],"speedEvents":[{"startTime":0.0,"endTime":4384.0,"value":1.0},{"startTime":4384.0,"endTime":4992.0,"value":2.0},{"startTime":4992.0,"endTime":1000000000.0,"value":1.0}],"judgeLineMoveEvents":[{"startTime":-999999.0,"endTime":30000.0,"start":0.5,"end":0.5,"start2":0.5,"end2":0.5},{"startTime":30000.0,"endTime":30001.0,"start":0.0,"end":0.0,"start2":0.0,"end2":0.0},{"startTime":30001.0,"endTime":1000000000.0,"start":0.5,"end":0.5,"start2":0.5,"end2":0.5}],"judgeLineRotateEvents":[{"startTime":-999999.0,"endTime":1000000000.0,"start":0.0,"end":0.0}],"judgeLineDisappearEvents":[{"startTime":-999999.0,"endTime":35616.0,"start":0.0,"end":0.0},{"startTime":35616.0,"endTime":30001.0,"start":0.0,"end":0.0},{"startTime":30001.0,"endTime":1000000000.0,"start":1.0,"end":1.0}]},{"bpm":155.0,"notesAbove":[],"notesBelow":[],"speedEvents":[{"startTime":0.0,"endTime":4768.0,"value":1.0},{"startTime":4768.0,"endTime":1000000000.0,"value":2.0}],"judgeLineMoveEvents":[{"startTime":-999999.0,"endTime":30000.0,"start":0.5,"end":0.5,"start2":0.5,"end2":0.5},{"startTime":30000.0,"endTime":30001.0,"start":0.0,"end":0.0,"start2":0.0,"end2":0.0},{"startTime":30001.0,"endTime":1000000000.0,"start":0.5,"end":0.5,"start2":0.5,"end2":0.5}],"judgeLineRotateEvents":[{"startTime":-999999.0,"endTime":1000000000.0,"start":0.0,"end":0.0}],"judgeLineDisappearEvents":[{"startTime":-999999.0,"endTime":35552.0,"start":0.0,"end":0.0},{"startTime":35552.0,"endTime":30001.0,"start":0.0,"end":0.0},{"startTime":30001.0,"endTime":1000000000.0,"start":1.0,"end":1.0}]},{"bpm":155.0,"notesAbove":[],"notesBelow":[],"speedEvents":[{"startTime":0.0,"endTime":4768.0,"value":1.0},{"startTime":4768.0,"endTime":1000000000.0,"value":2.0}],"judgeLineMoveEvents":[{"startTime":-999999.0,"endTime":30000.0,"start":0.5,"end":0.5,"start2":0.5,"end2":0.5},{"startTime":30000.0,"endTime":30001.0,"start":0.0,"end":0.0,"start2":0.0,"end2":0.0},{"startTime":30001.0,"endTime":1000000000.0,"start":0.5,"end":0.5,"start2":0.5,"end2":0.5}],"judgeLineRotateEvents":[{"startTime":-999999.0,"endTime":1000000000.0,"start":0.0,"end":0.0}],"judgeLineDisappearEvents":[{"startTime":-999999.0,"endTime":30001.0,"start":0.0,"end":0.0},{"startTime":30001.0,"endTime":1000000000.0,"start":1.0,"end":1.0}]},{"bpm":155.0,"notesAbove":[],"notesBelow":[],"speedEvents":[{"startTime":0.0,"endTime":1000000000.0,"value":1.0}],"judgeLineMoveEvents":[{"startTime":-999999.0,"endTime":30000.0,"start":0.5,"end":0.5,"start2":0.5,"end2":0.5},{"startTime":30000.0,"endTime":30001.0,"start":0.0,"end":0.0,"start2":0.0,"end2":0.0},{"startTime":30001.0,"endTime":1000000000.0,"start":0.5,"end":0.5,"start2":0.5,"end2":0.5}],"judgeLineRotateEvents":[{"startTime":-999999.0,"endTime":1000000000.0,"start":0.0,"end":0.0}],"judgeLineDisappearEvents":[{"startTime":-999999.0,"endTime":30001.0,"start":0.0,"end":0.0},{"startTime":30001.0,"endTime":1000000000.0,"start":1.0,"end":1.0}]},{"bpm":155.0,"notesAbove":[],"notesBelow":[],"speedEvents":[{"startTime":0.0,"endTime":1000000000.0,"value":1.0}],"judgeLineMoveEvents":[{"startTime":-999999.0,"endTime":30000.0,"start":0.5,"end":0.5,"start2":0.5,"end2":0.5},{"startTime":30000.0,"endTime":30001.0,"start":0.0,"end":0.0,"start2":0.0,"end2":0.0},{"startTime":30001.0,"endTime":1000000000.0,"start":0.5,"end":0.5,"start2":0.5,"end2":0.5}],"judgeLineRotateEvents":[{"startTime":-999999.0,"endTime":1000000000.0,"start":0.0,"end":0.0}],"judgeLineDisappearEvents":[{"startTime":-999999.0,"endTime":30001.0,"start":0.0,"end":0.0},{"startTime":30001.0,"endTime":1000000000.0,"start":1.0,"end":1.0}]},{"bpm":155.0,"notesAbove":[],"notesBelow":[],"speedEvents":[{"startTime":0.0,"endTime":1000000000.0,"value":1.0}],"judgeLineMoveEvents":[{"startTime":-999999.0,"endTime":30000.0,"start":0.5,"end":0.5,"start2":0.5,"end2":0.5},{"startTime":30000.0,"endTime":30001.0,"start":0.0,"end":0.0,"start2":0.0,"end2":0.0},{"startTime":30001.0,"endTime":1000000000.0,"start":0.5,"end":0.5,"start2":0.5,"end2":0.5}],"judgeLineRotateEvents":[{"startTime":-999999.0,"endTime":1000000000.0,"start":0.0,"end":0.0}],"judgeLineDisappearEvents":[{"startTime":-999999.0,"endTime":30001.0,"start":0.0,"end":0.0},{"startTime":30001.0,"endTime":1000000000.0,"start":1.0,"end":1.0}]},{"bpm":155.0,"notesAbove":[],"notesBelow":[],"speedEvents":[{"startTime":0.0,"endTime":1000000000.0,"value":1.0}],"judgeLineMoveEvents":[{"startTime":-999999.0,"endTime":30000.0,"start":0.5,"end":0.5,"start2":0.5,"end2":0.5},{"startTime":30000.0,"endTime":30001.0,"start":0.0,"end":0.0,"start2":0.0,"end2":0.0},{"startTime":30001.0,"endTime":1000000000.0,"start":0.5,"end":0.5,"start2":0.5,"end2":0.5}],"judgeLineRotateEvents":[{"startTime":-999999.0,"endTime":1000000000.0,"start":0.0,"end":0.0}],"judgeLineDisappearEvents":[{"startTime":-999999.0,"endTime":30001.0,"start":0.0,"end":0.0},{"startTime":30001.0,"endTime":1000000000.0,"start":1.0,"end":1.0}]},{"bpm":155.0,"notesAbove":[],"notesBelow":[],"speedEvents":[{"startTime":0.0,"endTime":1000000000.0,"value":1.0}],"judgeLineMoveEvents":[{"startTime":-999999.0,"endTime":30000.0,"start":0.5,"end":0.5,"start2":0.5,"end2":0.5},{"startTime":30000.0,"endTime":30001.0,"start":0.0,"end":0.0,"start2":0.0,"end2":0.0},{"startTime":30001.0,"endTime":1000000000.0,"start":0.5,"end":0.5,"start2":0.5,"end2":0.5}],"judgeLineRotateEvents":[{"startTime":-999999.0,"endTime":1000000000.0,"start":0.0,"end":0.0}],"judgeLineDisappearEvents":[{"startTime":-999999.0,"endTime":30001.0,"start":0.0,"end":0.0},{"startTime":30001.0,"endTime":1000000000.0,"start":1.0,"end":1.0}]}]}