{"formatVersion":3,"offset":0.0,"judgeLineList":[{"bpm":128.0,"notesAbove":[{"type":1,"time":128,"positionX":3.111111,"holdTime":0.0,"speed":1.0,"floorPosition":2.625},{"type":1,"time":160,"positionX":3.111111,"holdTime":0.0,"speed":1.0,"floorPosition":3.28125},{"type":1,"time":192,"positionX":3.111111,"holdTime":0.0,"speed":1.0,"floorPosition":3.9375},{"type":1,"time":224,"positionX":3.111111,"holdTime":0.0,"speed":1.0,"floorPosition":4.59375},{"type":1,"time":256,"positionX":3.111111,"holdTime":0.0,"speed":1.0,"floorPosition":5.25},{"type":1,"time":288,"positionX":3.111111,"holdTime":0.0,"speed":1.0,"floorPosition":5.90625},{"type":1,"time":320,"positionX":3.111111,"holdTime":0.0,"speed":1.0,"floorPosition":6.5625},{"type":1,"time":352,"positionX":3.111111,"holdTime":0.0,"speed":1.0,"floorPosition":7.21875},{"type":1,"time":384,"positionX":-3.8888886,"holdTime":0.0,"speed":1.0,"floorPosition":7.875},{"type":1,"time":416,"positionX":-3.8888886,"holdTime":0.0,"speed":1.0,"floorPosition":8.53125},{"type":1,"time":448,"positionX":-3.8888886,"holdTime":0.0,"speed":1.0,"floorPosition":9.1875},{"type":1,"time":480,"positionX":-3.8888886,"holdTime":0.0,"speed":1.0,"floorPosition":9.84375},{"type":1,"time":512,"positionX":-3.8888886,"holdTime":0.0,"speed":1.0,"floorPosition":10.5},{"type":1,"time":544,"positionX":-3.8888886,"holdTime":0.0,"speed":1.0,"floorPosition":11.15625},{"type":2,"time":560,"positionX":-3.8888886,"holdTime":0.0,"speed":1.0,"floorPosition":11.484375},{"type":2,"time":592,"positionX":-3.8888886,"holdTime":0.0,"speed":1.0,"floorPosition":12.140625},{"type":2,"time":624,"positionX":-3.8888886,"holdTime":0.0,"speed":1.0,"floorPosition":12.796875},{"type":1,"time":640,"positionX":2.3333333,"holdTime":0.0,"speed":1.0,"floorPosition":13.125},{"type":1,"time":672,"positionX":2.3333333,"holdTime":0.0,"speed":1.0,"floorPosition":13.78125},{"type":1,"time":704,"positionX":2.3333333,"holdTime":0.0,"speed":1.0,"floorPosition":14.4375},{"type":1,"time":736,"positionX":2.3333333,"holdTime":0.0,"speed":1.0,"floorPosition":15.09375},{"type":1,"time":768,"positionX":2.3333333,"holdTime":0.0,"speed":1.0,"floorPosition":15.75},{"type":1,"time":800,"positionX":2.3333333,"holdTime":0.0,"speed":1.0,"floorPosition":16.40625},{"type":1,"time":832,"positionX":2.3333333,"holdTime":0.0,"speed":1.0,"floorPosition":17.0625},{"type":1,"time":864,"positionX":2.3333333,"holdTime":0.0,"speed":1.0,"floorPosition":17.71875},{"type":1,"time":896,"positionX":-2.3333333,"holdTime":0.0,"speed":1.0,"floorPosition":18.375},{"type":1,"time":928,"positionX":-2.3333333,"holdTime":0.0,"speed":1.0,"floorPosition":19.03125},{"type":1,"time":960,"positionX":-2.3333333,"holdTime":0.0,"speed":1.0,"floorPosition":19.6875},{"type":1,"time":992,"positionX":-2.3333333,"holdTime":0.0,"speed":1.0,"floorPosition":20.34375},{"type":2,"time":1024,"positionX":0.0,"holdTime":0.0,"speed":1.0,"floorPosition":21.0},{"type":2,"time":1056,"positionX":0.0,"holdTime":0.0,"speed":1.0,"floorPosition":21.65625},{"type":2,"time":1088,"positionX":0.0,"holdTime":0.0,"speed":1.0,"floorPosition":22.3125},{"type":4,"time":1120,"positionX":0.0,"holdTime":0.0,"speed":1.0,"floorPosition":22.96875},{"type":1,"time":1152,"positionX":-3.8888886,"holdTime":0.0,"speed":1.0,"floorPosition":23.625},{"type":1,"time":1152,"positionX":3.8888886,"holdTime":0.0,"speed":1.0,"floorPosition":23.625},{"type":1,"time":1280,"positionX":-4.6666665,"holdTime":0.0,"speed":1.0,"floorPosition":26.625},{"type":1,"time":1280,"positionX":1.5555555,"holdTime":0.0,"speed":1.0,"floorPosition":26.625},{"type":1,"time":1408,"positionX":4.6666665,"holdTime":0.0,"speed":1.0,"floorPosition":29.625},{"type":1,"time":1408,"positionX":-1.5555555,"holdTime":0.0,"speed":1.0,"floorPosition":29.625},{"type":1,"time":1536,"positionX":2.3333333,"holdTime":0.0,"speed":1.0,"floorPosition":32.625},{"type":1,"time":1536,"positionX":-4.6666665,"holdTime":0.0,"speed":1.0,"floorPosition":32.625},{"type":1,"time":1664,"positionX":3.8888886,"holdTime":0.0,"speed":1.0,"floorPosition":35.625},{"type":1,"time":1680,"positionX":0.0,"holdTime":0.0,"speed":1.0,"floorPosition":36.0},{"type":1,"time":1696,"positionX":3.8888886,"holdTime":0.0,"speed":1.0,"floorPosition":36.375},{"type":1,"time":1712,"positionX":0.0,"holdTime":0.0,"speed":1.0,"floorPosition":36.75},{"type":1,"time":1728,"positionX":3.8888886,"holdTime":0.0,"speed":1.0,"floorPosition":37.125},{"type":1,"time":1744,"positionX":-4.6666665,"holdTime":0.0,"speed":1.0,"floorPosition":37.5},{"type":2,"time":1752,"positionX":-3.8888886,"holdTime":0.0,"speed":1.0,"floorPosition":37.6875},{"type":2,"time":1760,"positionX":-3.111111,"holdTime":0.0,"speed":1.0,"floorPosition":37.875},{"type":1,"time":1776,"positionX":3.8888886,"holdTime":0.0,"speed":1.0,"floorPosition":38.25},{"type":2,"time":1784,"positionX":3.111111,"holdTime":0.0,"speed":1.0,"floorPosition":38.4375},{"type":2,"time":1792,"positionX":2.3333333,"holdTime":0.0,"speed":1.0,"floorPosition":38.625},{"type":1,"time":1808,"positionX":-4.6666665,"holdTime":0.0,"speed":1.0,"floorPosition":39.0},{"type":1,"time":1824,"positionX":0.0,"holdTime":0.0,"speed":1.0,"floorPosition":39.375},{"type":1,"time":1840,"positionX":-4.6666665,"holdTime":0.0,"speed":1.0,"floorPosition":39.75},{"type":1,"time":1856,"positionX":0.0,"holdTime":0.0,"speed":1.0,"floorPosition":40.125},{"type":1,"time":1872,"positionX":-2.3333333,"holdTime":0.0,"speed":1.0,"floorPosition":40.5},{"type":2,"time":1880,"positionX":-3.1111107,"holdTime":0.0,"speed":1.0,"floorPosition":40.6875},{"type":2,"time":1888,"positionX":-3.8888884,"holdTime":0.0,"speed":1.0,"floorPosition":40.875},{"type":1,"time":1904,"positionX":0.0,"holdTime":0.0,"speed":1.0,"floorPosition":41.25},{"type":1,"time":1920,"positionX":5.444444,"holdTime":0.0,"speed":1.0,"floorPosition":41.625},{"type":2,"time":1928,"positionX":4.6666665,"holdTime":0.0,"speed":1.0,"floorPosition":41.8125},{"type":2,"time":1936,"positionX":3.8888886,"holdTime":0.0,"speed":1.0,"floorPosition":42.0},{"type":2,"time":1944,"positionX":3.111111,"holdTime":0.0,"speed":1.0,"floorPosition":42.1875},{"type":2,"time":1952,"positionX":2.3333333,"holdTime":0.0,"speed":1.0,"floorPosition":42.375},{"type":2,"time":1960,"positionX":1.5555555,"holdTime":0.0,"speed":1.0,"floorPosition":42.5625},{"type":2,"time":1968,"positionX":0.77777773,"holdTime":0.0,"speed":1.0,"floorPosition":42.75},{"type":2,"time":1976,"positionX":0.0,"holdTime":0.0,"speed":1.0,"floorPosition":42.9375},{"type":1,"time":1984,"positionX":-6.222222,"holdTime":0.0,"speed":1.0,"floorPosition":43.125},{"type":2,"time":1992,"positionX":-5.444444,"holdTime":0.0,"speed":1.0,"floorPosition":43.3125},{"type":2,"time":2000,"positionX":-4.6666665,"holdTime":0.0,"speed":1.0,"floorPosition":43.5},{"type":2,"time":2008,"positionX":-3.8888886,"holdTime":0.0,"speed":1.0,"floorPosition":43.6875},{"type":2,"time":2016,"positionX":-3.111111,"holdTime":0.0,"speed":1.0,"floorPosition":43.875},{"type":2,"time":2024,"positionX":-2.3333333,"holdTime":0.0,"speed":1.0,"floorPosition":44.0625},{"type":2,"time":2032,"positionX":-1.5555555,"holdTime":0.0,"speed":1.0,"floorPosition":44.25},{"type":2,"time":2040,"positionX":-0.77777773,"holdTime":0.0,"speed":1.0,"floorPosition":44.4375},{"type":2,"time":2048,"positionX":0.0,"holdTime":0.0,"speed":1.0,"floorPosition":44.625},{"type":2,"time":2080,"positionX":0.0,"holdTime":0.0,"speed":1.0,"floorPosition":45.375},{"type":2,"time":2112,"positionX":0.0,"holdTime":0.0,"speed":1.0,"floorPosition":46.125},{"type":4,"time":2144,"positionX":0.0,"holdTime":0.0,"speed":2.0,"floorPosition":46.875},{"type":1,"time":2176,"positionX":4.6666665,"holdTime":0.0,"speed":1.0,"floorPosition":47.625},{"type":1,"time":2208,"positionX":-3.111111,"holdTime":0.0,"speed":1.0,"floorPosition":48.375},{"type":1,"time":2224,"positionX":-3.111111,"holdTime":0.0,"speed":1.0,"floorPosition":48.75},{"type":3,"time":2240,"positionX":2.3333333,"holdTime":32.0,"speed":1.6,"floorPosition":49.125},{"type":1,"time":2272,"positionX":-1.5555555,"holdTime":0.0,"speed":1.0,"floorPosition":49.875},{"type":1,"time":2288,"positionX":-4.6666665,"holdTime":0.0,"speed":1.0,"floorPosition":50.25},{"type":1,"time":2304,"positionX":4.6666665,"holdTime":0.0,"speed":1.0,"floorPosition":50.625},{"type":1,"time":2336,"positionX":-3.111111,"holdTime":0.0,"speed":1.0,"floorPosition":51.375},{"type":1,"time":2352,"positionX":-3.111111,"holdTime":0.0,"speed":1.0,"floorPosition":51.75},{"type":3,"time":2368,"positionX":2.3333333,"holdTime":32.0,"speed":1.6,"floorPosition":52.125},{"type":1,"time":2400,"positionX":-5.444444,"holdTime":0.0,"speed":1.0,"floorPosition":52.875},{"type":1,"time":2416,"positionX":-1.5555555,"holdTime":0.0,"speed":1.0,"floorPosition":53.25},{"type":1,"time":2432,"positionX":4.6666665,"holdTime":0.0,"speed":1.0,"floorPosition":53.625},{"type":1,"time":2464,"positionX":-3.111111,"holdTime":0.0,"speed":1.0,"floorPosition":54.375},{"type":1,"time":2480,"positionX":-3.111111,"holdTime":0.0,"speed":1.0,"floorPosition":54.75},{"type":3,"time":2496,"positionX":2.3333333,"holdTime":32.0,"speed":1.6,"floorPosition":55.125},{"type":1,"time":2528,"positionX":-1.5555555,"holdTime":0.0,"speed":1.0,"floorPosition":55.875},{"type":1,"time":2544,"positionX":-4.6666665,"holdTime":0.0,"speed":1.0,"floorPosition":56.25},{"type":1,"time":2560,"positionX":4.6666665,"holdTime":0.0,"speed":1.0,"floorPosition":56.625},{"type":1,"time":2592,"positionX":-3.8888886,"holdTime":0.0,"speed":1.0,"floorPosition":57.375},{"type":1,"time":2608,"positionX":-1.5555555,"holdTime":0.0,"speed":1.0,"floorPosition":57.75},{"type":3,"time":2624,"positionX":2.3333333,"holdTime":32.0,"speed":1.6,"floorPosition":58.125},{"type":1,"time":2656,"positionX":-2.3333333,"holdTime":0.0,"speed":1.0,"floorPosition":58.875},{"type":1,"time":2672,"positionX":-5.444444,"holdTime":0.0,"speed":1.0,"floorPosition":59.25},{"type":1,"time":2688,"positionX":4.6666665,"holdTime":0.0,"speed":1.0,"floorPosition":59.625},{"type":1,"time":2720,"positionX":-3.111111,"holdTime":0.0,"speed":1.0,"floorPosition":60.375},{"type":1,"time":2736,"positionX":0.0,"holdTime":0.0,"speed":1.0,"floorPosition":60.75},{"type":3,"time":2752,"positionX":-3.111111,"holdTime":32.0,"speed":1.6,"floorPosition":61.125},{"type":1,"time":2784,"positionX":3.111111,"holdTime":0.0,"speed":1.0,"floorPosition":61.875},{"type":1,"time":2800,"positionX":3.111111,"holdTime":0.0,"speed":1.0,"floorPosition":62.25},{"type":1,"time":2816,"positionX":-5.444444,"holdTime":0.0,"speed":1.0,"floorPosition":62.625},{"type":1,"time":2848,"positionX":3.111111,"holdTime":0.0,"speed":1.0,"floorPosition":63.375},{"type":1,"time":2864,"positionX":0.0,"holdTime":0.0,"speed":1.0,"floorPosition":63.75},{"type":3,"time":2880,"positionX":3.111111,"holdTime":32.0,"speed":1.6,"floorPosition":64.125},{"type":1,"time":2912,"positionX":-3.111111,"holdTime":0.0,"speed":1.0,"floorPosition":64.875},{"type":1,"time":2928,"positionX":-3.111111,"holdTime":0.0,"speed":1.0,"floorPosition":65.25},{"type":1,"time":2944,"positionX":4.666667,"holdTime":0.0,"speed":1.0,"floorPosition":65.625},{"type":1,"time":2976,"positionX":-3.111111,"holdTime":0.0,"speed":1.0,"floorPosition":66.375},{"type":1,"time":2992,"positionX":0.0,"holdTime":0.0,"speed":1.0,"floorPosition":66.75},{"type":3,"time":3008,"positionX":-3.111111,"holdTime":32.0,"speed":1.6,"floorPosition":67.125},{"type":1,"time":3040,"positionX":3.111111,"holdTime":0.0,"speed":1.0,"floorPosition":67.875},{"type":1,"time":3056,"positionX":3.111111,"holdTime":0.0,"speed":1.0,"floorPosition":68.25},{"type":2,"time":3072,"positionX":0.0,"holdTime":0.0,"speed":1.0,"floorPosition":68.625},{"type":2,"time":3104,"positionX":0.0,"holdTime":0.0,"speed":1.0,"floorPosition":69.375},{"type":2,"time":3136,"positionX":0.0,"holdTime":0.0,"speed":1.0,"floorPosition":70.125},{"type":4,"time":3168,"positionX":0.0,"holdTime":0.0,"speed":1.0,"floorPosition":70.875},{"type":1,"time":3200,"positionX":4.6666665,"holdTime":0.0,"speed":1.0,"floorPosition":71.625},{"type":1,"time":3232,"positionX":-3.111111,"holdTime":0.0,"speed":1.0,"floorPosition":72.375},{"type":1,"time":3248,"positionX":-3.111111,"holdTime":0.0,"speed":1.0,"floorPosition":72.75},{"type":3,"time":3264,"positionX":2.3333333,"holdTime":32.0,"speed":1.6,"floorPosition":73.125},{"type":1,"time":3296,"positionX":-1.5555555,"holdTime":0.0,"speed":1.0,"floorPosition":73.875},{"type":1,"time":3312,"positionX":-4.6666665,"holdTime":0.0,"speed":1.0,"floorPosition":74.25},{"type":1,"time":3328,"positionX":4.6666665,"holdTime":0.0,"speed":1.0,"floorPosition":74.625},{"type":1,"time":3360,"positionX":-3.111111,"holdTime":0.0,"speed":1.0,"floorPosition":75.375},{"type":1,"time":3376,"positionX":-3.111111,"holdTime":0.0,"speed":1.0,"floorPosition":75.75},{"type":3,"time":3392,"positionX":2.3333333,"holdTime":32.0,"speed":1.6,"floorPosition":76.125},{"type":1,"time":3424,"positionX":-5.444444,"holdTime":0.0,"speed":1.0,"floorPosition":76.875},{"type":1,"time":3440,"positionX":-1.5555555,"holdTime":0.0,"speed":1.0,"floorPosition":77.25},{"type":1,"time":3456,"positionX":4.6666665,"holdTime":0.0,"speed":1.0,"floorPosition":77.625},{"type":1,"time":3488,"positionX":-3.111111,"holdTime":0.0,"speed":1.0,"floorPosition":78.375},{"type":1,"time":3504,"positionX":-3.111111,"holdTime":0.0,"speed":1.0,"floorPosition":78.75},{"type":3,"time":3520,"positionX":2.3333333,"holdTime":32.0,"speed":1.6,"floorPosition":79.125},{"type":1,"time":3552,"positionX":-1.5555555,"holdTime":0.0,"speed":1.0,"floorPosition":79.875},{"type":1,"time":3568,"positionX":-4.6666665,"holdTime":0.0,"speed":1.0,"floorPosition":80.25},{"type":1,"time":3584,"positionX":4.6666665,"holdTime":0.0,"speed":1.0,"floorPosition":80.625},{"type":1,"time":3616,"positionX":-3.8888886,"holdTime":0.0,"speed":1.0,"floorPosition":81.375},{"type":1,"time":3632,"positionX":-1.5555555,"holdTime":0.0,"speed":1.0,"floorPosition":81.75},{"type":3,"time":3648,"positionX":2.3333333,"holdTime":32.0,"speed":1.6,"floorPosition":82.125},{"type":1,"time":3680,"positionX":-2.3333333,"holdTime":0.0,"speed":1.0,"floorPosition":82.875},{"type":1,"time":3696,"positionX":-5.444444,"holdTime":0.0,"speed":1.0,"floorPosition":83.25},{"type":1,"time":3712,"positionX":5.444444,"holdTime":0.0,"speed":1.0,"floorPosition":83.625},{"type":1,"time":3744,"positionX":3.111111,"holdTime":0.0,"speed":1.0,"floorPosition":84.375},{"type":1,"time":3760,"positionX":0.0,"holdTime":0.0,"speed":1.0,"floorPosition":84.75},{"type":3,"time":3776,"positionX":-3.111111,"holdTime":32.0,"speed":1.6,"floorPosition":85.125},{"type":1,"time":3808,"positionX":0.0,"holdTime":0.0,"speed":1.0,"floorPosition":85.875},{"type":1,"time":3824,"positionX":3.111111,"holdTime":0.0,"speed":1.0,"floorPosition":86.25},{"type":1,"time":3840,"positionX":-5.444444,"holdTime":0.0,"speed":1.0,"floorPosition":86.625},{"type":1,"time":3872,"positionX":-3.111111,"holdTime":0.0,"speed":1.0,"floorPosition":87.375},{"type":1,"time":3888,"positionX":0.0,"holdTime":0.0,"speed":1.0,"floorPosition":87.75},{"type":3,"time":3904,"positionX":3.111111,"holdTime":32.0,"speed":1.6,"floorPosition":88.125},{"type":1,"time":3936,"positionX":0.0,"holdTime":0.0,"speed":1.0,"floorPosition":88.875},{"type":1,"time":3952,"positionX":-3.111111,"holdTime":0.0,"speed":1.0,"floorPosition":89.25},{"type":1,"time":3968,"positionX":5.444444,"holdTime":0.0,"speed":1.0,"floorPosition":89.625},{"type":1,"time":4000,"positionX":3.111111,"holdTime":0.0,"speed":1.0,"floorPosition":90.375},{"type":1,"time":4016,"positionX":0.0,"holdTime":0.0,"speed":1.0,"floorPosition":90.75},{"type":3,"time":4032,"positionX":-3.111111,"holdTime":32.0,"speed":1.6,"floorPosition":91.125},{"type":1,"time":4064,"positionX":0.0,"holdTime":0.0,"speed":1.0,"floorPosition":91.875},{"type":1,"time":4080,"positionX":3.111111,"holdTime":0.0,"speed":1.0,"floorPosition":92.25},{"type":2,"time":4096,"positionX":0.0,"holdTime":0.0,"speed":1.0,"floorPosition":92.625},{"type":2,"time":4128,"positionX":0.0,"holdTime":0.0,"speed":1.0,"floorPosition":93.375},{"type":2,"time":4160,"positionX":0.0,"holdTime":0.0,"speed":1.0,"floorPosition":94.125},{"type":4,"time":4192,"positionX":0.0,"holdTime":0.0,"speed":1.0,"floorPosition":94.875},{"type":1,"time":6272,"positionX":-1.5555555,"holdTime":0.0,"speed":1.0,"floorPosition":143.625},{"type":1,"time":6272,"positionX":4.6666665,"holdTime":0.0,"speed":1.0,"floorPosition":143.625},{"type":1,"time":6400,"positionX":-3.8888886,"holdTime":0.0,"speed":1.0,"floorPosition":146.625},{"type":1,"time":6400,"positionX":3.111111,"holdTime":0.0,"speed":1.0,"floorPosition":146.625},{"type":1,"time":6528,"positionX":3.111111,"holdTime":0.0,"speed":1.0,"floorPosition":149.625},{"type":1,"time":6528,"positionX":-3.111111,"holdTime":0.0,"speed":1.0,"floorPosition":149.625},{"type":1,"time":6656,"positionX":0.0,"holdTime":0.0,"speed":1.0,"floorPosition":152.625},{"type":1,"time":6656,"positionX":5.444444,"holdTime":0.0,"speed":1.0,"floorPosition":152.625},{"type":1,"time":6784,"positionX":3.8888886,"holdTime":0.0,"speed":1.0,"floorPosition":155.625},{"type":1,"time":6800,"positionX":-0.77777773,"holdTime":0.0,"speed":1.0,"floorPosition":156.0},{"type":1,"time":6816,"positionX":3.8888886,"holdTime":0.0,"speed":1.0,"floorPosition":156.375},{"type":1,"time":6832,"positionX":-0.77777773,"holdTime":0.0,"speed":1.0,"floorPosition":156.75},{"type":1,"time":6848,"positionX":3.8888886,"holdTime":0.0,"speed":1.0,"floorPosition":157.125},{"type":1,"time":6864,"positionX":-4.6666665,"holdTime":0.0,"speed":1.0,"floorPosition":157.5},{"type":2,"time":6872,"positionX":-3.8888886,"holdTime":0.0,"speed":1.0,"floorPosition":157.6875},{"type":2,"time":6880,"positionX":-3.111111,"holdTime":0.0,"speed":1.0,"floorPosition":157.875},{"type":1,"time":6896,"positionX":3.8888886,"holdTime":0.0,"speed":1.0,"floorPosition":158.25},{"type":2,"time":6904,"positionX":3.111111,"holdTime":0.0,"speed":1.0,"floorPosition":158.4375},{"type":2,"time":6912,"positionX":2.3333333,"holdTime":0.0,"speed":1.0,"floorPosition":158.625},{"type":1,"time":6928,"positionX":-4.6666665,"holdTime":0.0,"speed":1.0,"floorPosition":159.0},{"type":1,"time":6944,"positionX":0.0,"holdTime":0.0,"speed":1.0,"floorPosition":159.375},{"type":1,"time":6960,"positionX":-4.6666665,"holdTime":0.0,"speed":1.0,"floorPosition":159.75},{"type":1,"time":6976,"positionX":0.0,"holdTime":0.0,"speed":1.0,"floorPosition":160.125},{"type":1,"time":6992,"positionX":-2.3333333,"holdTime":0.0,"speed":1.0,"floorPosition":160.5},{"type":2,"time":7000,"positionX":-3.111111,"holdTime":0.0,"speed":1.0,"floorPosition":160.6875},{"type":2,"time":7008,"positionX":-3.888889,"holdTime":0.0,"speed":1.0,"floorPosition":160.875},{"type":1,"time":7024,"positionX":0.0,"holdTime":0.0,"speed":1.0,"floorPosition":161.25},{"type":1,"time":7040,"positionX":-5.444444,"holdTime":0.0,"speed":1.0,"floorPosition":161.625},{"type":2,"time":7048,"positionX":-4.6666665,"holdTime":0.0,"speed":1.0,"floorPosition":161.8125},{"type":2,"time":7056,"positionX":-3.8888886,"holdTime":0.0,"speed":1.0,"floorPosition":162.0},{"type":2,"time":7064,"positionX":-3.111111,"holdTime":0.0,"speed":1.0,"floorPosition":162.1875},{"type":2,"time":7072,"positionX":-2.3333333,"holdTime":0.0,"speed":1.0,"floorPosition":162.375},{"type":2,"time":7080,"positionX":-1.5555555,"holdTime":0.0,"speed":1.0,"floorPosition":162.5625},{"type":2,"time":7088,"positionX":-0.77777773,"holdTime":0.0,"speed":1.0,"floorPosition":162.75},{"type":2,"time":7096,"positionX":0.0,"holdTime":0.0,"speed":1.0,"floorPosition":162.9375},{"type":1,"time":7104,"positionX":6.222222,"holdTime":0.0,"speed":1.0,"floorPosition":163.125},{"type":2,"time":7112,"positionX":5.444444,"holdTime":0.0,"speed":1.0,"floorPosition":163.3125},{"type":2,"time":7120,"positionX":4.6666665,"holdTime":0.0,"speed":1.0,"floorPosition":163.5},{"type":2,"time":7128,"positionX":3.8888886,"holdTime":0.0,"speed":1.0,"floorPosition":163.6875},{"type":2,"time":7136,"positionX":3.111111,"holdTime":0.0,"speed":1.0,"floorPosition":163.875},{"type":2,"time":7144,"positionX":2.3333333,"holdTime":0.0,"speed":1.0,"floorPosition":164.0625},{"type":2,"time":7152,"positionX":1.5555555,"holdTime":0.0,"speed":1.0,"floorPosition":164.25},{"type":2,"time":7160,"positionX":0.77777773,"holdTime":0.0,"speed":1.0,"floorPosition":164.4375},{"type":2,"time":7168,"positionX":0.0,"holdTime":0.0,"speed":1.0,"floorPosition":164.625},{"type":2,"time":7200,"positionX":0.0,"holdTime":0.0,"speed":1.0,"floorPosition":165.375},{"type":2,"time":7232,"positionX":0.0,"holdTime":0.0,"speed":1.0,"floorPosition":166.125},{"type":4,"time":7264,"positionX":0.0,"holdTime":0.0,"speed":1.0,"floorPosition":166.875},{"type":1,"time":7296,"positionX":4.6666665,"holdTime":0.0,"speed":1.0,"floorPosition":167.625},{"type":1,"time":7328,"positionX":-3.111111,"holdTime":0.0,"speed":1.0,"floorPosition":168.375},{"type":1,"time":7344,"positionX":-3.111111,"holdTime":0.0,"speed":1.0,"floorPosition":168.75},{"type":3,"time":7360,"positionX":1.5555555,"holdTime":32.0,"speed":1.6,"floorPosition":169.125},{"type":1,"time":7392,"positionX":-1.5555555,"holdTime":0.0,"speed":1.0,"floorPosition":169.875},{"type":1,"time":7408,"positionX":-4.6666665,"holdTime":0.0,"speed":1.0,"floorPosition":170.25},{"type":1,"time":7424,"positionX":4.6666665,"holdTime":0.0,"speed":1.0,"floorPosition":170.625},{"type":1,"time":7456,"positionX":-3.111111,"holdTime":0.0,"speed":1.0,"floorPosition":171.375},{"type":1,"time":7472,"positionX":-3.111111,"holdTime":0.0,"speed":1.0,"floorPosition":171.75},{"type":3,"time":7488,"positionX":1.5555555,"holdTime":32.0,"speed":1.6,"floorPosition":172.125},{"type":1,"time":7520,"positionX":-5.444444,"holdTime":0.0,"speed":1.0,"floorPosition":172.875},{"type":1,"time":7536,"positionX":-1.5555555,"holdTime":0.0,"speed":1.0,"floorPosition":173.25},{"type":1,"time":7552,"positionX":4.6666665,"holdTime":0.0,"speed":1.0,"floorPosition":173.625},{"type":1,"time":7584,"positionX":-3.111111,"holdTime":0.0,"speed":1.0,"floorPosition":174.375},{"type":1,"time":7600,"positionX":-3.111111,"holdTime":0.0,"speed":1.0,"floorPosition":174.75},{"type":3,"time":7616,"positionX":1.5555555,"holdTime":32.0,"speed":1.6,"floorPosition":175.125},{"type":1,"time":7648,"positionX":-1.5555555,"holdTime":0.0,"speed":1.0,"floorPosition":175.875},{"type":1,"time":7664,"positionX":-4.6666665,"holdTime":0.0,"speed":1.0,"floorPosition":176.25},{"type":1,"time":7680,"positionX":3.111111,"holdTime":0.0,"speed":1.0,"floorPosition":176.625},{"type":1,"time":7712,"positionX":-3.8888886,"holdTime":0.0,"speed":1.0,"floorPosition":177.375},{"type":1,"time":7728,"positionX":-1.5555555,"holdTime":0.0,"speed":1.0,"floorPosition":177.75},{"type":3,"time":7744,"positionX":1.5555555,"holdTime":32.0,"speed":1.6,"floorPosition":178.125},{"type":1,"time":7776,"positionX":-2.3333333,"holdTime":0.0,"speed":1.0,"floorPosition":178.875},{"type":1,"time":7792,"positionX":-5.444444,"holdTime":0.0,"speed":1.0,"floorPosition":179.25},{"type":1,"time":7808,"positionX":5.444444,"holdTime":0.0,"speed":1.0,"floorPosition":179.625},{"type":1,"time":7840,"positionX":-3.111111,"holdTime":0.0,"speed":1.0,"floorPosition":180.375},{"type":1,"time":7856,"positionX":3.111111,"holdTime":0.0,"speed":1.0,"floorPosition":180.75},{"type":3,"time":7872,"positionX":0.0,"holdTime":32.0,"speed":1.6,"floorPosition":181.125},{"type":1,"time":7904,"positionX":4.6666665,"holdTime":0.0,"speed":1.0,"floorPosition":181.875},{"type":1,"time":7920,"positionX":4.6666665,"holdTime":0.0,"speed":1.0,"floorPosition":182.25},{"type":1,"time":7936,"positionX":-6.222222,"holdTime":0.0,"speed":1.0,"floorPosition":182.625},{"type":1,"time":7968,"positionX":3.111111,"holdTime":0.0,"speed":1.0,"floorPosition":183.375},{"type":1,"time":7984,"positionX":-3.111111,"holdTime":0.0,"speed":1.0,"floorPosition":183.75},{"type":3,"time":8000,"positionX":0.0,"holdTime":32.0,"speed":1.6,"floorPosition":184.125},{"type":1,"time":8032,"positionX":-4.6666665,"holdTime":0.0,"speed":1.0,"floorPosition":184.875},{"type":1,"time":8048,"positionX":-4.6666665,"holdTime":0.0,"speed":1.0,"floorPosition":185.25},{"type":1,"time":8064,"positionX":5.444444,"holdTime":0.0,"speed":1.0,"floorPosition":185.625},{"type":1,"time":8096,"positionX":-3.111111,"holdTime":0.0,"speed":1.0,"floorPosition":186.375},{"type":1,"time":8112,"positionX":3.111111,"holdTime":0.0,"speed":1.0,"floorPosition":186.75},{"type":3,"time":8128,"positionX":0.0,"holdTime":32.0,"speed":1.6,"floorPosition":187.125},{"type":1,"time":8160,"positionX":4.6666665,"holdTime":0.0,"speed":1.0,"floorPosition":187.875},{"type":1,"time":8176,"positionX":4.6666665,"holdTime":0.0,"speed":1.0,"floorPosition":188.25},{"type":2,"time":8192,"positionX":0.0,"holdTime":0.0,"speed":1.0,"floorPosition":188.625},{"type":2,"time":8224,"positionX":0.0,"holdTime":0.0,"speed":1.0,"floorPosition":189.375},{"type":2,"time":8256,"positionX":0.0,"holdTime":0.0,"speed":1.0,"floorPosition":190.125},{"type":4,"time":8288,"positionX":0.0,"holdTime":0.0,"speed":1.0,"floorPosition":190.875},{"type":1,"time":8320,"positionX":5.444444,"holdTime":0.0,"speed":1.0,"floorPosition":191.625},{"type":1,"time":8352,"positionX":-3.111111,"holdTime":0.0,"speed":1.0,"floorPosition":192.375},{"type":1,"time":8368,"positionX":-3.111111,"holdTime":0.0,"speed":1.0,"floorPosition":192.75},{"type":3,"time":8384,"positionX":1.5555555,"holdTime":32.0,"speed":1.6,"floorPosition":193.125},{"type":1,"time":8416,"positionX":-1.5555555,"holdTime":0.0,"speed":1.0,"floorPosition":193.875},{"type":1,"time":8432,"positionX":-4.6666665,"holdTime":0.0,"speed":1.0,"floorPosition":194.25},{"type":1,"time":8448,"positionX":5.444444,"holdTime":0.0,"speed":1.0,"floorPosition":194.625},{"type":1,"time":8480,"positionX":-3.111111,"holdTime":0.0,"speed":1.0,"floorPosition":195.375},{"type":1,"time":8496,"positionX":-3.111111,"holdTime":0.0,"speed":1.0,"floorPosition":195.75},{"type":3,"time":8512,"positionX":1.5555555,"holdTime":32.0,"speed":1.6,"floorPosition":196.125},{"type":1,"time":8544,"positionX":-5.444444,"holdTime":0.0,"speed":1.0,"floorPosition":196.875},{"type":1,"time":8560,"positionX":-1.5555555,"holdTime":0.0,"speed":1.0,"floorPosition":197.25},{"type":1,"time":8576,"positionX":5.444444,"holdTime":0.0,"speed":1.0,"floorPosition":197.625},{"type":1,"time":8608,"positionX":-3.111111,"holdTime":0.0,"speed":1.0,"floorPosition":198.375},{"type":1,"time":8624,"positionX":-3.111111,"holdTime":0.0,"speed":1.0,"floorPosition":198.75},{"type":3,"time":8640,"positionX":1.5555555,"holdTime":32.0,"speed":1.6,"floorPosition":199.125},{"type":1,"time":8672,"positionX":-1.5555555,"holdTime":0.0,"speed":1.0,"floorPosition":199.875},{"type":1,"time":8688,"positionX":-3.111111,"holdTime":0.0,"speed":1.0,"floorPosition":200.25},{"type":1,"time":8704,"positionX":3.1111114,"holdTime":0.0,"speed":1.0,"floorPosition":200.625},{"type":1,"time":8736,"positionX":-3.8888886,"holdTime":0.0,"speed":1.0,"floorPosition":201.375},{"type":1,"time":8752,"positionX":-3.8888886,"holdTime":0.0,"speed":1.0,"floorPosition":201.75},{"type":1,"time":8768,"positionX":0.0,"holdTime":0.0,"speed":1.0,"floorPosition":202.125},{"type":1,"time":8800,"positionX":3.8888886,"holdTime":0.0,"speed":1.0,"floorPosition":202.875},{"type":1,"time":8816,"positionX":0.0,"holdTime":0.0,"speed":1.0,"floorPosition":203.25},{"type":1,"time":8832,"positionX":-3.8888886,"holdTime":0.0,"speed":1.0,"floorPosition":203.625},{"type":1,"time":8864,"positionX":0.0,"holdTime":0.0,"speed":1.0,"floorPosition":204.375},{"type":1,"time":8880,"positionX":2.3333333,"holdTime":0.0,"speed":1.0,"floorPosition":204.75},{"type":3,"time":8896,"positionX":4.6666665,"holdTime":32.0,"speed":1.6,"floorPosition":205.125},{"type":1,"time":8928,"positionX":0.0,"holdTime":0.0,"speed":1.0,"floorPosition":205.875},{"type":1,"time":8944,"positionX":-3.111111,"holdTime":0.0,"speed":1.0,"floorPosition":206.25},{"type":2,"time":9216,"positionX":0.0,"holdTime":0.0,"speed":1.0,"floorPosition":212.625},{"type":2,"time":9248,"positionX":0.0,"holdTime":0.0,"speed":1.0,"floorPosition":213.375},{"type":2,"time":9280,"positionX":0.0,"holdTime":0.0,"speed":1.0,"floorPosition":214.125},{"type":4,"time":9312,"positionX":0.0,"holdTime":0.0,"speed":1.0,"floorPosition":214.875},{"type":1,"time":8960,"positionX":4.6666665,"holdTime":0.0,"speed":1.0,"floorPosition":206.625},{"type":1,"time":8992,"positionX":0.0,"holdTime":0.0,"speed":1.0,"floorPosition":207.375},{"type":1,"time":9008,"positionX":-2.3333333,"holdTime":0.0,"speed":1.0,"floorPosition":207.75},{"type":3,"time":9024,"positionX":-4.6666665,"holdTime":32.0,"speed":1.6,"floorPosition":208.125},{"type":1,"time":9056,"positionX":0.0,"holdTime":0.0,"speed":1.0,"floorPosition":208.875},{"type":1,"time":9072,"positionX":3.111111,"holdTime":0.0,"speed":1.0,"floorPosition":209.25},{"type":1,"time":9088,"positionX":-4.6666665,"holdTime":0.0,"speed":1.0,"floorPosition":209.625},{"type":1,"time":9120,"positionX":0.0,"holdTime":0.0,"speed":1.0,"floorPosition":210.375},{"type":1,"time":9136,"positionX":2.3333333,"holdTime":0.0,"speed":1.0,"floorPosition":210.75},{"type":3,"time":9152,"positionX":4.6666665,"holdTime":32.0,"speed":1.6,"floorPosition":211.125},{"type":1,"time":9184,"positionX":0.0,"holdTime":0.0,"speed":1.0,"floorPosition":211.875},{"type":1,"time":9200,"positionX":-3.111111,"holdTime":0.0,"speed":1.0,"floorPosition":212.25}],"notesBelow":[],"speedEvents":[{"startTime":0.0,"endTime":1152.0,"value":1.4},{"startTime":1152.0,"endTime":1000000000.0,"value":1.6}],"judgeLineMoveEvents":[{"startTime":-999999.0,"endTime":128.0,"start":0.5,"end":0.5,"start2":0.5,"end2":0.5},{"startTime":128.0,"endTime":576.0,"start":0.5,"end":0.5,"start2":0.5,"end2":0.2},{"startTime":576.0,"endTime":640.0,"start":0.5,"end":0.5,"start2":0.2,"end2":0.2},{"startTime":640.0,"endTime":1024.0,"start":0.5,"end":0.5,"start2":0.2,"end2":0.4},{"startTime":1024.0,"endTime":1120.0,"start":0.5,"end":0.5,"start2":0.4,"end2":0.4},{"startTime":1120.0,"endTime":1121.0,"start":0.5,"end":0.5,"start2":0.4,"end2":0.39077315},{"startTime":1121.0,"endTime":1122.0,"start":0.5,"end":0.5,"start2":0.39077315,"end2":0.38183877},{"startTime":1122.0,"endTime":1123.0,"start":0.5,"end":0.5,"start2":0.38183877,"end2":0.37319687},{"startTime":1123.0,"endTime":1124.0,"start":0.5,"end":0.5,"start2":0.37319687,"end2":0.3648475},{"startTime":1124.0,"endTime":1125.0,"start":0.5,"end":0.5,"start2":0.3648475,"end2":0.35679063},{"startTime":1125.0,"endTime":1126.0,"start":0.5,"end":0.5,"start2":0.35679063,"end2":0.34902626},{"startTime":1126.0,"endTime":1127.0,"start":0.5,"end":0.5,"start2":0.34902626,"end2":0.34155437},{"startTime":1127.0,"endTime":1128.0,"start":0.5,"end":0.5,"start2":0.34155437,"end2":0.334375},{"startTime":1128.0,"endTime":1129.0,"start":0.5,"end":0.5,"start2":0.334375,"end2":0.32749188},{"startTime":1129.0,"endTime":1130.0,"start":0.5,"end":0.5,"start2":0.32749188,"end2":0.32090124},{"startTime":1130.0,"endTime":1131.0,"start":0.5,"end":0.5,"start2":0.32090124,"end2":0.31460312},{"startTime":1131.0,"endTime":1132.0,"start":0.5,"end":0.5,"start2":0.31460312,"end2":0.3085975},{"startTime":1132.0,"endTime":1133.0,"start":0.5,"end":0.5,"start2":0.3085975,"end2":0.30288437},{"startTime":1133.0,"endTime":1134.0,"start":0.5,"end":0.5,"start2":0.30288437,"end2":0.29746374},{"startTime":1134.0,"endTime":1135.0,"start":0.5,"end":0.5,"start2":0.29746374,"end2":0.29233563},{"startTime":1135.0,"endTime":1136.0,"start":0.5,"end":0.5,"start2":0.29233563,"end2":0.2875},{"startTime":1136.0,"endTime":1137.0,"start":0.5,"end":0.5,"start2":0.2875,"end2":0.28296062},{"startTime":1137.0,"endTime":1138.0,"start":0.5,"end":0.5,"start2":0.28296062,"end2":0.27871373},{"startTime":1138.0,"endTime":1139.0,"start":0.5,"end":0.5,"start2":0.27871373,"end2":0.27475938},{"startTime":1139.0,"endTime":1140.0,"start":0.5,"end":0.5,"start2":0.27475938,"end2":0.2710975},{"startTime":1140.0,"endTime":1141.0,"start":0.5,"end":0.5,"start2":0.2710975,"end2":0.26772812},{"startTime":1141.0,"endTime":1142.0,"start":0.5,"end":0.5,"start2":0.26772812,"end2":0.26465124},{"startTime":1142.0,"endTime":1143.0,"start":0.5,"end":0.5,"start2":0.26465124,"end2":0.26186687},{"startTime":1143.0,"endTime":1144.0,"start":0.5,"end":0.5,"start2":0.26186687,"end2":0.259375},{"startTime":1144.0,"endTime":1145.0,"start":0.5,"end":0.5,"start2":0.259375,"end2":0.25717938},{"startTime":1145.0,"endTime":1146.0,"start":0.5,"end":0.5,"start2":0.25717938,"end2":0.25527626},{"startTime":1146.0,"endTime":1147.0,"start":0.5,"end":0.5,"start2":0.25527626,"end2":0.25366563},{"startTime":1147.0,"endTime":1148.0,"start":0.5,"end":0.5,"start2":0.25366563,"end2":0.2523475},{"startTime":1148.0,"endTime":1149.0,"start":0.5,"end":0.5,"start2":0.2523475,"end2":0.25132188},{"startTime":1149.0,"endTime":1150.0,"start":0.5,"end":0.5,"start2":0.25132188,"end2":0.25058874},{"startTime":1150.0,"endTime":1151.0,"start":0.5,"end":0.5,"start2":0.25058874,"end2":0.25014812},{"startTime":1151.0,"endTime":1152.0,"start":0.5,"end":0.5,"start2":0.25014812,"end2":0.25},{"startTime":1152.0,"endTime":1920.0,"start":0.5,"end":0.5,"start2":0.25,"end2":0.25},{"startTime":1920.0,"endTime":1924.0,"start":0.5,"end":0.5,"start2":0.25,"end2":0.25024688},{"startTime":1924.0,"endTime":1928.0,"start":0.5,"end":0.5,"start2":0.25024688,"end2":0.25098124},{"startTime":1928.0,"endTime":1932.0,"start":0.5,"end":0.5,"start2":0.25098124,"end2":0.25220314},{"startTime":1932.0,"endTime":1936.0,"start":0.5,"end":0.5,"start2":0.25220314,"end2":0.2539125},{"startTime":1936.0,"endTime":1940.0,"start":0.5,"end":0.5,"start2":0.2539125,"end2":0.2561094},{"startTime":1940.0,"endTime":1944.0,"start":0.5,"end":0.5,"start2":0.2561094,"end2":0.25879374},{"startTime":1944.0,"endTime":1948.0,"start":0.5,"end":0.5,"start2":0.25879374,"end2":0.26196563},{"startTime":1948.0,"endTime":1952.0,"start":0.5,"end":0.5,"start2":0.26196563,"end2":0.265625},{"startTime":1952.0,"endTime":1956.0,"start":0.5,"end":0.5,"start2":0.265625,"end2":0.26977813},{"startTime":1956.0,"endTime":1960.0,"start":0.5,"end":0.5,"start2":0.26977813,"end2":0.27441874},{"startTime":1960.0,"endTime":1964.0,"start":0.5,"end":0.5,"start2":0.27441874,"end2":0.2795469},{"startTime":1964.0,"endTime":1968.0,"start":0.5,"end":0.5,"start2":0.2795469,"end2":0.2851625},{"startTime":1968.0,"endTime":1972.0,"start":0.5,"end":0.5,"start2":0.2851625,"end2":0.29126564},{"startTime":1972.0,"endTime":1976.0,"start":0.5,"end":0.5,"start2":0.29126564,"end2":0.29785624},{"startTime":1976.0,"endTime":1980.0,"start":0.5,"end":0.5,"start2":0.29785624,"end2":0.30493438},{"startTime":1980.0,"endTime":1984.0,"start":0.5,"end":0.5,"start2":0.30493438,"end2":0.3125},{"startTime":1984.0,"endTime":1988.0,"start":0.5,"end":0.5,"start2":0.3125,"end2":0.32055938},{"startTime":1988.0,"endTime":1992.0,"start":0.5,"end":0.5,"start2":0.32055938,"end2":0.32910624},{"startTime":1992.0,"endTime":1996.0,"start":0.5,"end":0.5,"start2":0.32910624,"end2":0.3381406},{"startTime":1996.0,"endTime":2000.0,"start":0.5,"end":0.5,"start2":0.3381406,"end2":0.3476625},{"startTime":2000.0,"endTime":2004.0,"start":0.5,"end":0.5,"start2":0.3476625,"end2":0.3576719},{"startTime":2004.0,"endTime":2008.0,"start":0.5,"end":0.5,"start2":0.3576719,"end2":0.36816874},{"startTime":2008.0,"endTime":2012.0,"start":0.5,"end":0.5,"start2":0.36816874,"end2":0.37915313},{"startTime":2012.0,"endTime":2016.0,"start":0.5,"end":0.5,"start2":0.37915313,"end2":0.390625},{"startTime":2016.0,"endTime":2020.0,"start":0.5,"end":0.5,"start2":0.390625,"end2":0.4025906},{"startTime":2020.0,"endTime":2024.0,"start":0.5,"end":0.5,"start2":0.4025906,"end2":0.41504374},{"startTime":2024.0,"endTime":2028.0,"start":0.5,"end":0.5,"start2":0.41504374,"end2":0.42798436},{"startTime":2028.0,"endTime":2032.0,"start":0.5,"end":0.5,"start2":0.42798436,"end2":0.4414125},{"startTime":2032.0,"endTime":2036.0,"start":0.5,"end":0.5,"start2":0.4414125,"end2":0.4553281},{"startTime":2036.0,"endTime":2040.0,"start":0.5,"end":0.5,"start2":0.4553281,"end2":0.46973124},{"startTime":2040.0,"endTime":2044.0,"start":0.5,"end":0.5,"start2":0.46973124,"end2":0.48462188},{"startTime":2044.0,"endTime":2048.0,"start":0.5,"end":0.5,"start2":0.48462188,"end2":0.5},{"startTime":2048.0,"endTime":2052.0,"start":0.5,"end":0.5,"start2":0.5,"end2":0.4},{"startTime":2052.0,"endTime":2080.0,"start":0.5,"end":0.5,"start2":0.4,"end2":0.4},{"startTime":2080.0,"endTime":2084.0,"start":0.5,"end":0.5,"start2":0.4,"end2":0.3},{"startTime":2084.0,"endTime":2112.0,"start":0.5,"end":0.5,"start2":0.3,"end2":0.3},{"startTime":2112.0,"endTime":2116.0,"start":0.5,"end":0.5,"start2":0.3,"end2":0.2},{"startTime":2116.0,"endTime":2144.0,"start":0.5,"end":0.5,"start2":0.2,"end2":0.2},{"startTime":2144.0,"endTime":2148.0,"start":0.5,"end":0.5,"start2":0.2,"end2":0.1},{"startTime":2148.0,"endTime":9344.0,"start":0.5,"end":0.5,"start2":0.1,"end2":0.1},{"startTime":9344.0,"endTime":9348.0,"start":0.5,"end":0.5,"start2":0.1,"end2":0.099955834},{"startTime":9348.0,"endTime":9352.0,"start":0.5,"end":0.5,"start2":0.099955834,"end2":0.099825},{"startTime":9352.0,"endTime":9356.0,"start":0.5,"end":0.5,"start2":0.099825,"end2":0.099607505},{"startTime":9356.0,"endTime":9360.0,"start":0.5,"end":0.5,"start2":0.099607505,"end2":0.099303335},{"startTime":9360.0,"endTime":9364.0,"start":0.5,"end":0.5,"start2":0.099303335,"end2":0.0989125},{"startTime":9364.0,"endTime":9368.0,"start":0.5,"end":0.5,"start2":0.0989125,"end2":0.098435},{"startTime":9368.0,"endTime":9372.0,"start":0.5,"end":0.5,"start2":0.098435,"end2":0.097870834},{"startTime":9372.0,"endTime":9376.0,"start":0.5,"end":0.5,"start2":0.097870834,"end2":0.09722},{"startTime":9376.0,"endTime":9380.0,"start":0.5,"end":0.5,"start2":0.09722,"end2":0.0964825},{"startTime":9380.0,"endTime":9384.0,"start":0.5,"end":0.5,"start2":0.0964825,"end2":0.09565833},{"startTime":9384.0,"endTime":9388.0,"start":0.5,"end":0.5,"start2":0.09565833,"end2":0.0947475},{"startTime":9388.0,"endTime":9392.0,"start":0.5,"end":0.5,"start2":0.0947475,"end2":0.09375},{"startTime":9392.0,"endTime":9396.0,"start":0.5,"end":0.5,"start2":0.09375,"end2":0.09266417},{"startTime":9396.0,"endTime":9400.0,"start":0.5,"end":0.5,"start2":0.09266417,"end2":0.09149167},{"startTime":9400.0,"endTime":9404.0,"start":0.5,"end":0.5,"start2":0.09149167,"end2":0.0902325},{"startTime":9404.0,"endTime":9408.0,"start":0.5,"end":0.5,"start2":0.0902325,"end2":0.08888666},{"startTime":9408.0,"endTime":9412.0,"start":0.5,"end":0.5,"start2":0.08888666,"end2":0.08745417},{"startTime":9412.0,"endTime":9416.0,"start":0.5,"end":0.5,"start2":0.08745417,"end2":0.085935004},{"startTime":9416.0,"endTime":9420.0,"start":0.5,"end":0.5,"start2":0.085935004,"end2":0.084329166},{"startTime":9420.0,"endTime":9424.0,"start":0.5,"end":0.5,"start2":0.084329166,"end2":0.08263667},{"startTime":9424.0,"endTime":9428.0,"start":0.5,"end":0.5,"start2":0.08263667,"end2":0.0808575},{"startTime":9428.0,"endTime":9432.0,"start":0.5,"end":0.5,"start2":0.0808575,"end2":0.07899167},{"startTime":9432.0,"endTime":9436.0,"start":0.5,"end":0.5,"start2":0.07899167,"end2":0.07703917},{"startTime":9436.0,"endTime":9440.0,"start":0.5,"end":0.5,"start2":0.07703917,"end2":0.075},{"startTime":9440.0,"endTime":9444.0,"start":0.5,"end":0.5,"start2":0.075,"end2":0.072872505},{"startTime":9444.0,"endTime":9448.0,"start":0.5,"end":0.5,"start2":0.072872505,"end2":0.07065833},{"startTime":9448.0,"endTime":9452.0,"start":0.5,"end":0.5,"start2":0.07065833,"end2":0.068357505},{"startTime":9452.0,"endTime":9456.0,"start":0.5,"end":0.5,"start2":0.068357505,"end2":0.06597},{"startTime":9456.0,"endTime":9460.0,"start":0.5,"end":0.5,"start2":0.06597,"end2":0.06349583},{"startTime":9460.0,"endTime":9464.0,"start":0.5,"end":0.5,"start2":0.06349583,"end2":0.060935},{"startTime":9464.0,"endTime":9468.0,"start":0.5,"end":0.5,"start2":0.060935,"end2":0.058287513},{"startTime":9468.0,"endTime":9472.0,"start":0.5,"end":0.5,"start2":0.058287513,"end2":0.055553325},{"startTime":9472.0,"endTime":9476.0,"start":0.5,"end":0.5,"start2":0.055553325,"end2":0.0527325},{"startTime":9476.0,"endTime":9480.0,"start":0.5,"end":0.5,"start2":0.0527325,"end2":0.049825013},{"startTime":9480.0,"endTime":9484.0,"start":0.5,"end":0.5,"start2":0.049825013,"end2":0.04683082},{"startTime":9484.0,"endTime":9488.0,"start":0.5,"end":0.5,"start2":0.04683082,"end2":0.04375},{"startTime":9488.0,"endTime":9492.0,"start":0.5,"end":0.5,"start2":0.04375,"end2":0.040580846},{"startTime":9492.0,"endTime":9496.0,"start":0.5,"end":0.5,"start2":0.040580846,"end2":0.03732499},{"startTime":9496.0,"endTime":9500.0,"start":0.5,"end":0.5,"start2":0.03732499,"end2":0.033982504},{"startTime":9500.0,"endTime":9504.0,"start":0.5,"end":0.5,"start2":0.033982504,"end2":0.03055334},{"startTime":9504.0,"endTime":9508.0,"start":0.5,"end":0.5,"start2":0.03055334,"end2":0.02703749},{"startTime":9508.0,"endTime":9512.0,"start":0.5,"end":0.5,"start2":0.02703749,"end2":0.023434997},{"startTime":9512.0,"endTime":9516.0,"start":0.5,"end":0.5,"start2":0.023434997,"end2":0.019745851},{"startTime":9516.0,"endTime":9520.0,"start":0.5,"end":0.5,"start2":0.019745851,"end2":0.015969986},{"startTime":9520.0,"endTime":9524.0,"start":0.5,"end":0.5,"start2":0.015969986,"end2":0.012107504},{"startTime":9524.0,"endTime":9528.0,"start":0.5,"end":0.5,"start2":0.012107504,"end2":0.008158344},{"startTime":9528.0,"endTime":9532.0,"start":0.5,"end":0.5,"start2":0.008158344,"end2":0.004122484},{"startTime":9532.0,"endTime":9536.0,"start":0.5,"end":0.5,"start2":0.004122484,"end2":0.0},{"startTime":9536.0,"endTime":1000000000.0,"start":0.5,"end":0.5,"start2":0.0,"end2":0.0}],"judgeLineRotateEvents":[{"startTime":-999999.0,"endTime":1000000000.0,"start":0.0,"end":0.0}],"judgeLineDisappearEvents":[{"startTime":-999999.0,"endTime":4192.0,"start":1.0,"end":1.0},{"startTime":4192.0,"endTime":4193.0,"start":1.0,"end":0.99825},{"startTime":4193.0,"endTime":4194.0,"start":0.99825,"end":0.99303335},{"startTime":4194.0,"endTime":4195.0,"start":0.99303335,"end":0.98435},{"startTime":4195.0,"endTime":4196.0,"start":0.98435,"end":0.9722},{"startTime":4196.0,"endTime":4197.0,"start":0.9722,"end":0.9565833},{"startTime":4197.0,"endTime":4198.0,"start":0.9565833,"end":0.9375},{"startTime":4198.0,"endTime":4199.0,"start":0.9375,"end":0.9149167},{"startTime":4199.0,"endTime":4200.0,"start":0.9149167,"end":0.88886666},{"startTime":4200.0,"endTime":4201.0,"start":0.88886666,"end":0.85934997},{"startTime":4201.0,"endTime":4202.0,"start":0.85934997,"end":0.82636666},{"startTime":4202.0,"endTime":4203.0,"start":0.82636666,"end":0.78991663},{"startTime":4203.0,"endTime":4204.0,"start":0.78991663,"end":0.75},{"startTime":4204.0,"endTime":4205.0,"start":0.75,"end":0.70658326},{"startTime":4205.0,"endTime":4206.0,"start":0.70658326,"end":0.65970004},{"startTime":4206.0,"endTime":4207.0,"start":0.65970004,"end":0.60934997},{"startTime":4207.0,"endTime":4208.0,"start":0.60934997,"end":0.55553323},{"startTime":4208.0,"endTime":4209.0,"start":0.55553323,"end":0.49825013},{"startTime":4209.0,"endTime":4210.0,"start":0.49825013,"end":0.4375},{"startTime":4210.0,"endTime":4211.0,"start":0.4375,"end":0.3732499},{"startTime":4211.0,"endTime":4212.0,"start":0.3732499,"end":0.3055334},{"startTime":4212.0,"endTime":4213.0,"start":0.3055334,"end":0.23434997},{"startTime":4213.0,"endTime":4214.0,"start":0.23434997,"end":0.15969986},{"startTime":4214.0,"endTime":4215.0,"start":0.15969986,"end":0.08158344},{"startTime":4215.0,"endTime":4216.0,"start":0.08158344,"end":0.0},{"startTime":4216.0,"endTime":6144.0,"start":0.0,"end":0.0},{"startTime":6144.0,"endTime":6148.0,"start":0.0,"end":0.061512478},{"startTime":6148.0,"endTime":6152.0,"start":0.061512478,"end":0.121075004},{"startTime":6152.0,"endTime":6156.0,"start":0.121075004,"end":0.17868751},{"startTime":6156.0,"endTime":6160.0,"start":0.17868751,"end":0.23435},{"startTime":6160.0,"endTime":6164.0,"start":0.23435,"end":0.2880625},{"startTime":6164.0,"endTime":6168.0,"start":0.2880625,"end":0.33982503},{"startTime":6168.0,"endTime":6172.0,"start":0.33982503,"end":0.38963756},{"startTime":6172.0,"endTime":6176.0,"start":0.38963756,"end":0.4375},{"startTime":6176.0,"endTime":6180.0,"start":0.4375,"end":0.4833875},{"startTime":6180.0,"endTime":6184.0,"start":0.4833875,"end":0.52732503},{"startTime":6184.0,"endTime":6188.0,"start":0.52732503,"end":0.5693125},{"startTime":6188.0,"endTime":6192.0,"start":0.5693125,"end":0.60934997},{"startTime":6192.0,"endTime":6196.0,"start":0.60934997,"end":0.6474375},{"startTime":6196.0,"endTime":6200.0,"start":0.6474375,"end":0.683575},{"startTime":6200.0,"endTime":6204.0,"start":0.683575,"end":0.7177625},{"startTime":6204.0,"endTime":6208.0,"start":0.7177625,"end":0.75},{"startTime":6208.0,"endTime":6212.0,"start":0.75,"end":0.7802625},{"startTime":6212.0,"endTime":6216.0,"start":0.7802625,"end":0.80857503},{"startTime":6216.0,"endTime":6220.0,"start":0.80857503,"end":0.8349375},{"startTime":6220.0,"endTime":6224.0,"start":0.8349375,"end":0.85934997},{"startTime":6224.0,"endTime":6228.0,"start":0.85934997,"end":0.8818125},{"startTime":6228.0,"endTime":6232.0,"start":0.8818125,"end":0.90232503},{"startTime":6232.0,"endTime":6236.0,"start":0.90232503,"end":0.9208875},{"startTime":6236.0,"endTime":6240.0,"start":0.9208875,"end":0.9375},{"startTime":6240.0,"endTime":6244.0,"start":0.9375,"end":0.95213753},{"startTime":6244.0,"endTime":6248.0,"start":0.95213753,"end":0.964825},{"startTime":6248.0,"endTime":6252.0,"start":0.964825,"end":0.9755625},{"startTime":6252.0,"endTime":6256.0,"start":0.9755625,"end":0.98434997},{"startTime":6256.0,"endTime":6260.0,"start":0.98434997,"end":0.9911875},{"startTime":6260.0,"endTime":6264.0,"start":0.9911875,"end":0.99607503},{"startTime":6264.0,"endTime":6268.0,"start":0.99607503,"end":0.99901253},{"startTime":6268.0,"endTime":6272.0,"start":0.99901253,"end":1.0},{"startTime":6272.0,"endTime":9344.0,"start":1.0,"end":1.0},{"startTime":9344.0,"endTime":9348.0,"start":1.0,"end":0.95877504},{"startTime":9348.0,"endTime":9352.0,"start":0.95877504,"end":0.9184166},{"startTime":9352.0,"endTime":9356.0,"start":0.9184166,"end":0.87892497},{"startTime":9356.0,"endTime":9360.0,"start":0.87892497,"end":0.8403},{"startTime":9360.0,"endTime":9364.0,"start":0.8403,"end":0.8025416},{"startTime":9364.0,"endTime":9368.0,"start":0.8025416,"end":0.76565003},{"startTime":9368.0,"endTime":9372.0,"start":0.76565003,"end":0.729625},{"startTime":9372.0,"endTime":9376.0,"start":0.729625,"end":0.6944666},{"startTime":9376.0,"endTime":9380.0,"start":0.6944666,"end":0.66017497},{"startTime":9380.0,"endTime":9384.0,"start":0.66017497,"end":0.62675005},{"startTime":9384.0,"endTime":9388.0,"start":0.62675005,"end":0.5941916},{"startTime":9388.0,"endTime":9392.0,"start":0.5941916,"end":0.5625},{"startTime":9392.0,"endTime":9396.0,"start":0.5625,"end":0.5316917},{"startTime":9396.0,"endTime":9400.0,"start":0.5316917,"end":0.50175},{"startTime":9400.0,"endTime":9404.0,"start":0.50175,"end":0.47267497},{"startTime":9404.0,"endTime":9408.0,"start":0.47267497,"end":0.44446665},{"startTime":9408.0,"endTime":9412.0,"start":0.44446665,"end":0.417125},{"startTime":9412.0,"endTime":9416.0,"start":0.417125,"end":0.39065003},{"startTime":9416.0,"endTime":9420.0,"start":0.39065003,"end":0.3650416},{"startTime":9420.0,"endTime":9424.0,"start":0.3650416,"end":0.34029996},{"startTime":9424.0,"endTime":9428.0,"start":0.34029996,"end":0.31642503},{"startTime":9428.0,"endTime":9432.0,"start":0.31642503,"end":0.29341662},{"startTime":9432.0,"endTime":9436.0,"start":0.29341662,"end":0.27127504},{"startTime":9436.0,"endTime":9440.0,"start":0.27127504,"end":0.25},{"startTime":9440.0,"endTime":9444.0,"start":0.25,"end":0.2296083},{"startTime":9444.0,"endTime":9448.0,"start":0.2296083,"end":0.2100833},{"startTime":9448.0,"endTime":9452.0,"start":0.2100833,"end":0.19142497},{"startTime":9452.0,"endTime":9456.0,"start":0.19142497,"end":0.17363334},{"startTime":9456.0,"endTime":9460.0,"start":0.17363334,"end":0.1567083},{"startTime":9460.0,"endTime":9464.0,"start":0.1567083,"end":0.14065003},{"startTime":9464.0,"endTime":9468.0,"start":0.14065003,"end":0.12545836},{"startTime":9468.0,"endTime":9472.0,"start":0.12545836,"end":0.11113328},{"startTime":9472.0,"endTime":9476.0,"start":0.11113328,"end":0.097674966},{"startTime":9476.0,"endTime":9480.0,"start":0.097674966,"end":0.085083365},{"startTime":9480.0,"endTime":9484.0,"start":0.085083365,"end":0.0733583},{"startTime":9484.0,"endTime":9488.0,"start":0.0733583,"end":0.0625},{"startTime":9488.0,"endTime":9492.0,"start":0.0625,"end":0.052525043},{"startTime":9492.0,"endTime":9496.0,"start":0.052525043,"end":0.04341662},{"startTime":9496.0,"endTime":9500.0,"start":0.04341662,"end":0.035175025},{"startTime":9500.0,"endTime":9504.0,"start":0.035175025,"end":0.027800024},{"startTime":9504.0,"endTime":9508.0,"start":0.027800024,"end":0.021291614},{"startTime":9508.0,"endTime":9512.0,"start":0.021291614,"end":0.015650034},{"startTime":9512.0,"endTime":9516.0,"start":0.015650034,"end":0.010874987},{"startTime":9516.0,"endTime":9520.0,"start":0.010874987,"end":0.0069666505},{"startTime":9520.0,"endTime":9524.0,"start":0.0069666505,"end":0.003924966},{"startTime":9524.0,"endTime":9528.0,"start":0.003924966,"end":0.001750052},{"startTime":9528.0,"endTime":9532.0,"start":0.001750052,"end":0.00044167042},{"startTime":9532.0,"endTime":9536.0,"start":0.00044167042,"end":0.0},{"startTime":9536.0,"endTime":1000000000.0,"start":0.0,"end":0.0}]},{"bpm":128.0,"notesAbove":[{"type":1,"time":4416,"positionX":3.8888886,"holdTime":0.0,"speed":1.0,"floorPosition":65.53125},{"type":1,"time":4736,"positionX":-1.5555555,"holdTime":0.0,"speed":1.0,"floorPosition":71.625},{"type":1,"time":5248,"positionX":-4.6666665,"holdTime":0.0,"speed":1.0,"floorPosition":81.375},{"type":1,"time":5504,"positionX":-3.8888886,"holdTime":0.0,"speed":1.0,"floorPosition":86.25}],"notesBelow":[{"type":1,"time":4480,"positionX":-3.8888886,"holdTime":0.0,"speed":1.0,"floorPosition":66.75},{"type":1,"time":4992,"positionX":2.3333333,"holdTime":0.0,"speed":1.0,"floorPosition":76.5},{"type":1,"time":5248,"positionX":4.6666665,"holdTime":0.0,"speed":1.0,"floorPosition":81.375},{"type":1,"time":5440,"positionX":3.8888886,"holdTime":0.0,"speed":1.0,"floorPosition":85.03125},{"type":1,"time":5760,"positionX":0.0,"holdTime":0.0,"speed":1.0,"floorPosition":91.125},{"type":1,"time":6016,"positionX":-1.5555555,"holdTime":0.0,"speed":1.0,"floorPosition":96.0}],"speedEvents":[{"startTime":0.0,"endTime":4224.0,"value":1.0},{"startTime":4224.0,"endTime":1000000000.0,"value":1.3}],"judgeLineMoveEvents":[{"startTime":-999999.0,"endTime":7260.0,"start":0.5,"end":0.5,"start2":0.5,"end2":0.5},{"startTime":7260.0,"endTime":7264.0,"start":0.5,"end":0.5,"start2":0.5,"end2":0.1},{"startTime":7264.0,"endTime":7265.0,"start":0.5,"end":0.5,"start2":0.1,"end2":0.12460499},{"startTime":7265.0,"endTime":7266.0,"start":0.5,"end":0.5,"start2":0.12460499,"end2":0.14843},{"startTime":7266.0,"endTime":7267.0,"start":0.5,"end":0.5,"start2":0.14843,"end2":0.17147501},{"startTime":7267.0,"endTime":7268.0,"start":0.5,"end":0.5,"start2":0.17147501,"end2":0.19374},{"startTime":7268.0,"endTime":7269.0,"start":0.5,"end":0.5,"start2":0.19374,"end2":0.21522501},{"startTime":7269.0,"endTime":7270.0,"start":0.5,"end":0.5,"start2":0.21522501,"end2":0.23593001},{"startTime":7270.0,"endTime":7271.0,"start":0.5,"end":0.5,"start2":0.23593001,"end2":0.25585502},{"startTime":7271.0,"endTime":7272.0,"start":0.5,"end":0.5,"start2":0.25585502,"end2":0.275},{"startTime":7272.0,"endTime":7273.0,"start":0.5,"end":0.5,"start2":0.275,"end2":0.293355},{"startTime":7273.0,"endTime":7274.0,"start":0.5,"end":0.5,"start2":0.293355,"end2":0.31093},{"startTime":7274.0,"endTime":7275.0,"start":0.5,"end":0.5,"start2":0.31093,"end2":0.327725},{"startTime":7275.0,"endTime":7276.0,"start":0.5,"end":0.5,"start2":0.327725,"end2":0.34374},{"startTime":7276.0,"endTime":7277.0,"start":0.5,"end":0.5,"start2":0.34374,"end2":0.358975},{"startTime":7277.0,"endTime":7278.0,"start":0.5,"end":0.5,"start2":0.358975,"end2":0.37342998},{"startTime":7278.0,"endTime":7279.0,"start":0.5,"end":0.5,"start2":0.37342998,"end2":0.387105},{"startTime":7279.0,"endTime":7280.0,"start":0.5,"end":0.5,"start2":0.387105,"end2":0.4},{"startTime":7280.0,"endTime":7281.0,"start":0.5,"end":0.5,"start2":0.4,"end2":0.412105},{"startTime":7281.0,"endTime":7282.0,"start":0.5,"end":0.5,"start2":0.412105,"end2":0.42343003},{"startTime":7282.0,"endTime":7283.0,"start":0.5,"end":0.5,"start2":0.42343003,"end2":0.433975},{"startTime":7283.0,"endTime":7284.0,"start":0.5,"end":0.5,"start2":0.433975,"end2":0.44373998},{"startTime":7284.0,"endTime":7285.0,"start":0.5,"end":0.5,"start2":0.44373998,"end2":0.452725},{"startTime":7285.0,"endTime":7286.0,"start":0.5,"end":0.5,"start2":0.452725,"end2":0.46093002},{"startTime":7286.0,"endTime":7287.0,"start":0.5,"end":0.5,"start2":0.46093002,"end2":0.468355},{"startTime":7287.0,"endTime":7288.0,"start":0.5,"end":0.5,"start2":0.468355,"end2":0.475},{"startTime":7288.0,"endTime":7289.0,"start":0.5,"end":0.5,"start2":0.475,"end2":0.48085502},{"startTime":7289.0,"endTime":7290.0,"start":0.5,"end":0.5,"start2":0.48085502,"end2":0.48593},{"startTime":7290.0,"endTime":7291.0,"start":0.5,"end":0.5,"start2":0.48593,"end2":0.49022502},{"startTime":7291.0,"endTime":7292.0,"start":0.5,"end":0.5,"start2":0.49022502,"end2":0.49374},{"startTime":7292.0,"endTime":7293.0,"start":0.5,"end":0.5,"start2":0.49374,"end2":0.496475},{"startTime":7293.0,"endTime":7294.0,"start":0.5,"end":0.5,"start2":0.496475,"end2":0.49843},{"startTime":7294.0,"endTime":7295.0,"start":0.5,"end":0.5,"start2":0.49843,"end2":0.499605},{"startTime":7295.0,"endTime":7296.0,"start":0.5,"end":0.5,"start2":0.499605,"end2":0.5},{"startTime":7296.0,"endTime":8284.0,"start":0.5,"end":0.5,"start2":0.5,"end2":0.5},{"startTime":8284.0,"endTime":8288.0,"start":0.5,"end":0.5,"start2":0.5,"end2":0.1},{"startTime":8288.0,"endTime":8289.0,"start":0.5,"end":0.5,"start2":0.1,"end2":0.12460499},{"startTime":8289.0,"endTime":8290.0,"start":0.5,"end":0.5,"start2":0.12460499,"end2":0.14843},{"startTime":8290.0,"endTime":8291.0,"start":0.5,"end":0.5,"start2":0.14843,"end2":0.17147501},{"startTime":8291.0,"endTime":8292.0,"start":0.5,"end":0.5,"start2":0.17147501,"end2":0.19374},{"startTime":8292.0,"endTime":8293.0,"start":0.5,"end":0.5,"start2":0.19374,"end2":0.21522501},{"startTime":8293.0,"endTime":8294.0,"start":0.5,"end":0.5,"start2":0.21522501,"end2":0.23593001},{"startTime":8294.0,"endTime":8295.0,"start":0.5,"end":0.5,"start2":0.23593001,"end2":0.25585502},{"startTime":8295.0,"endTime":8296.0,"start":0.5,"end":0.5,"start2":0.25585502,"end2":0.275},{"startTime":8296.0,"endTime":8297.0,"start":0.5,"end":0.5,"start2":0.275,"end2":0.293355},{"startTime":8297.0,"endTime":8298.0,"start":0.5,"end":0.5,"start2":0.293355,"end2":0.31093},{"startTime":8298.0,"endTime":8299.0,"start":0.5,"end":0.5,"start2":0.31093,"end2":0.327725},{"startTime":8299.0,"endTime":8300.0,"start":0.5,"end":0.5,"start2":0.327725,"end2":0.34374},{"startTime":8300.0,"endTime":8301.0,"start":0.5,"end":0.5,"start2":0.34374,"end2":0.358975},{"startTime":8301.0,"endTime":8302.0,"start":0.5,"end":0.5,"start2":0.358975,"end2":0.37342998},{"startTime":8302.0,"endTime":8303.0,"start":0.5,"end":0.5,"start2":0.37342998,"end2":0.387105},{"startTime":8303.0,"endTime":8304.0,"start":0.5,"end":0.5,"start2":0.387105,"end2":0.4},{"startTime":8304.0,"endTime":8305.0,"start":0.5,"end":0.5,"start2":0.4,"end2":0.412105},{"startTime":8305.0,"endTime":8306.0,"start":0.5,"end":0.5,"start2":0.412105,"end2":0.42343003},{"startTime":8306.0,"endTime":8307.0,"start":0.5,"end":0.5,"start2":0.42343003,"end2":0.433975},{"startTime":8307.0,"endTime":8308.0,"start":0.5,"end":0.5,"start2":0.433975,"end2":0.44373998},{"startTime":8308.0,"endTime":8309.0,"start":0.5,"end":0.5,"start2":0.44373998,"end2":0.452725},{"startTime":8309.0,"endTime":8310.0,"start":0.5,"end":0.5,"start2":0.452725,"end2":0.46093002},{"startTime":8310.0,"endTime":8311.0,"start":0.5,"end":0.5,"start2":0.46093002,"end2":0.468355},{"startTime":8311.0,"endTime":8312.0,"start":0.5,"end":0.5,"start2":0.468355,"end2":0.475},{"startTime":8312.0,"endTime":8313.0,"start":0.5,"end":0.5,"start2":0.475,"end2":0.48085502},{"startTime":8313.0,"endTime":8314.0,"start":0.5,"end":0.5,"start2":0.48085502,"end2":0.48593},{"startTime":8314.0,"endTime":8315.0,"start":0.5,"end":0.5,"start2":0.48593,"end2":0.49022502},{"startTime":8315.0,"endTime":8316.0,"start":0.5,"end":0.5,"start2":0.49022502,"end2":0.49374},{"startTime":8316.0,"endTime":8317.0,"start":0.5,"end":0.5,"start2":0.49374,"end2":0.496475},{"startTime":8317.0,"endTime":8318.0,"start":0.5,"end":0.5,"start2":0.496475,"end2":0.49843},{"startTime":8318.0,"endTime":8319.0,"start":0.5,"end":0.5,"start2":0.49843,"end2":0.499605},{"startTime":8319.0,"endTime":8320.0,"start":0.5,"end":0.5,"start2":0.499605,"end2":0.5},{"startTime":8320.0,"endTime":9308.0,"start":0.5,"end":0.5,"start2":0.5,"end2":0.5},{"startTime":9308.0,"endTime":9312.0,"start":0.5,"end":0.5,"start2":0.5,"end2":1.0},{"startTime":9312.0,"endTime":9313.0,"start":0.5,"end":0.5,"start2":1.0,"end2":0.99911124},{"startTime":9313.0,"endTime":9314.0,"start":0.5,"end":0.5,"start2":0.99911124,"end2":0.9964675},{"startTime":9314.0,"endTime":9315.0,"start":0.5,"end":0.5,"start2":0.9964675,"end2":0.99206877},{"startTime":9315.0,"endTime":9316.0,"start":0.5,"end":0.5,"start2":0.99206877,"end2":0.985915},{"startTime":9316.0,"endTime":9317.0,"start":0.5,"end":0.5,"start2":0.985915,"end2":0.97800624},{"startTime":9317.0,"endTime":9318.0,"start":0.5,"end":0.5,"start2":0.97800624,"end2":0.9683425},{"startTime":9318.0,"endTime":9319.0,"start":0.5,"end":0.5,"start2":0.9683425,"end2":0.9569237},{"startTime":9319.0,"endTime":9320.0,"start":0.5,"end":0.5,"start2":0.9569237,"end2":0.94375},{"startTime":9320.0,"endTime":9321.0,"start":0.5,"end":0.5,"start2":0.94375,"end2":0.92879874},{"startTime":9321.0,"endTime":9322.0,"start":0.5,"end":0.5,"start2":0.92879874,"end2":0.9120925},{"startTime":9322.0,"endTime":9323.0,"start":0.5,"end":0.5,"start2":0.9120925,"end2":0.8936312},{"startTime":9323.0,"endTime":9324.0,"start":0.5,"end":0.5,"start2":0.8936312,"end2":0.873415},{"startTime":9324.0,"endTime":9325.0,"start":0.5,"end":0.5,"start2":0.873415,"end2":0.85144377},{"startTime":9325.0,"endTime":9326.0,"start":0.5,"end":0.5,"start2":0.85144377,"end2":0.8277175},{"startTime":9326.0,"endTime":9327.0,"start":0.5,"end":0.5,"start2":0.8277175,"end2":0.80223626},{"startTime":9327.0,"endTime":9328.0,"start":0.5,"end":0.5,"start2":0.80223626,"end2":0.775},{"startTime":9328.0,"endTime":9329.0,"start":0.5,"end":0.5,"start2":0.775,"end2":0.7459863},{"startTime":9329.0,"endTime":9330.0,"start":0.5,"end":0.5,"start2":0.7459863,"end2":0.71521753},{"startTime":9330.0,"endTime":9331.0,"start":0.5,"end":0.5,"start2":0.71521753,"end2":0.6826938},{"startTime":9331.0,"endTime":9332.0,"start":0.5,"end":0.5,"start2":0.6826938,"end2":0.64841497},{"startTime":9332.0,"endTime":9333.0,"start":0.5,"end":0.5,"start2":0.64841497,"end2":0.6123812},{"startTime":9333.0,"endTime":9334.0,"start":0.5,"end":0.5,"start2":0.6123812,"end2":0.57459253},{"startTime":9334.0,"endTime":9335.0,"start":0.5,"end":0.5,"start2":0.57459253,"end2":0.5350487},{"startTime":9335.0,"endTime":9336.0,"start":0.5,"end":0.5,"start2":0.5350487,"end2":0.49375},{"startTime":9336.0,"endTime":9337.0,"start":0.5,"end":0.5,"start2":0.49375,"end2":0.45067382},{"startTime":9337.0,"endTime":9338.0,"start":0.5,"end":0.5,"start2":0.45067382,"end2":0.40584254},{"startTime":9338.0,"endTime":9339.0,"start":0.5,"end":0.5,"start2":0.40584254,"end2":0.35925627},{"startTime":9339.0,"endTime":9340.0,"start":0.5,"end":0.5,"start2":0.35925627,"end2":0.31091496},{"startTime":9340.0,"endTime":9341.0,"start":0.5,"end":0.5,"start2":0.31091496,"end2":0.26081875},{"startTime":9341.0,"endTime":9342.0,"start":0.5,"end":0.5,"start2":0.26081875,"end2":0.20896754},{"startTime":9342.0,"endTime":9343.0,"start":0.5,"end":0.5,"start2":0.20896754,"end2":0.15536122},{"startTime":9343.0,"endTime":9344.0,"start":0.5,"end":0.5,"start2":0.15536122,"end2":0.1},{"startTime":9344.0,"endTime":9408.0,"start":0.5,"end":0.5,"start2":0.1,"end2":0.5},{"startTime":9408.0,"endTime":1000000000.0,"start":0.5,"end":0.5,"start2":0.5,"end2":0.5}],"judgeLineRotateEvents":[{"startTime":-999999.0,"endTime":5248.0,"start":0.0,"end":0.0},{"startTime":5248.0,"endTime":6144.0,"start":0.0,"end":158.0},{"startTime":6144.0,"endTime":6272.0,"start":158.0,"end":180.0},{"startTime":6272.0,"endTime":1000000000.0,"start":180.0,"end":180.0}],"judgeLineDisappearEvents":[{"startTime":-999999.0,"endTime":4224.0,"start":0.0,"end":0.0},{"startTime":4224.0,"endTime":4228.0,"start":0.0,"end":1.0},{"startTime":4228.0,"endTime":6144.0,"start":1.0,"end":1.0},{"startTime":6144.0,"endTime":6148.0,"start":1.0,"end":0.9990125},{"startTime":6148.0,"endTime":6152.0,"start":0.9990125,"end":0.996075},{"startTime":6152.0,"endTime":6156.0,"start":0.996075,"end":0.9911875},{"startTime":6156.0,"endTime":6160.0,"start":0.9911875,"end":0.98435},{"startTime":6160.0,"endTime":6164.0,"start":0.98435,"end":0.9755625},{"startTime":6164.0,"endTime":6168.0,"start":0.9755625,"end":0.964825},{"startTime":6168.0,"endTime":6172.0,"start":0.964825,"end":0.9521375},{"startTime":6172.0,"endTime":6176.0,"start":0.9521375,"end":0.9375},{"startTime":6176.0,"endTime":6180.0,"start":0.9375,"end":0.9208875},{"startTime":6180.0,"endTime":6184.0,"start":0.9208875,"end":0.902325},{"startTime":6184.0,"endTime":6188.0,"start":0.902325,"end":0.8818125},{"startTime":6188.0,"endTime":6192.0,"start":0.8818125,"end":0.85934997},{"startTime":6192.0,"endTime":6196.0,"start":0.85934997,"end":0.8349375},{"startTime":6196.0,"endTime":6200.0,"start":0.8349375,"end":0.80857503},{"startTime":6200.0,"endTime":6204.0,"start":0.80857503,"end":0.7802625},{"startTime":6204.0,"endTime":6208.0,"start":0.7802625,"end":0.75},{"startTime":6208.0,"endTime":6212.0,"start":0.75,"end":0.71776253},{"startTime":6212.0,"endTime":6216.0,"start":0.71776253,"end":0.68357503},{"startTime":6216.0,"endTime":6220.0,"start":0.68357503,"end":0.6474375},{"startTime":6220.0,"endTime":6224.0,"start":0.6474375,"end":0.60934997},{"startTime":6224.0,"endTime":6228.0,"start":0.60934997,"end":0.56931245},{"startTime":6228.0,"endTime":6232.0,"start":0.56931245,"end":0.52732503},{"startTime":6232.0,"endTime":6236.0,"start":0.52732503,"end":0.48338747},{"startTime":6236.0,"endTime":6240.0,"start":0.48338747,"end":0.4375},{"startTime":6240.0,"endTime":6244.0,"start":0.4375,"end":0.3896376},{"startTime":6244.0,"endTime":6248.0,"start":0.3896376,"end":0.33982503},{"startTime":6248.0,"endTime":6252.0,"start":0.33982503,"end":0.2880625},{"startTime":6252.0,"endTime":6256.0,"start":0.2880625,"end":0.23434997},{"startTime":6256.0,"endTime":6260.0,"start":0.23434997,"end":0.17868751},{"startTime":6260.0,"endTime":6264.0,"start":0.17868751,"end":0.121075034},{"startTime":6264.0,"endTime":6268.0,"start":0.121075034,"end":0.06151247},{"startTime":6268.0,"endTime":6272.0,"start":0.06151247,"end":0.0},{"startTime":6272.0,"endTime":7264.0,"start":0.0,"end":0.0},{"startTime":7264.0,"endTime":7268.0,"start":0.0,"end":1.0},{"startTime":7268.0,"endTime":7296.0,"start":1.0,"end":0.0},{"startTime":7296.0,"endTime":8288.0,"start":0.0,"end":0.0},{"startTime":8288.0,"endTime":8292.0,"start":0.0,"end":1.0},{"startTime":8292.0,"endTime":8320.0,"start":1.0,"end":0.0},{"startTime":8320.0,"endTime":9312.0,"start":0.0,"end":0.0},{"startTime":9312.0,"endTime":9313.0,"start":0.0,"end":0.0625},{"startTime":9313.0,"endTime":9314.0,"start":0.0625,"end":0.25},{"startTime":9314.0,"endTime":9315.0,"start":0.25,"end":0.5625},{"startTime":9315.0,"endTime":9316.0,"start":0.5625,"end":1.0},{"startTime":9316.0,"endTime":9344.0,"start":1.0,"end":1.0},{"startTime":9344.0,"endTime":9408.0,"start":1.0,"end":0.0},{"startTime":9408.0,"endTime":1000000000.0,"start":0.0,"end":0.0}]}]}