{"formatVersion":3,"offset":0.0,"judgeLineList":[{"bpm":155.0,"notesAbove":[{"type":1,"time":192,"positionX":3.0,"holdTime":0.0,"speed":1.0,"floorPosition":4.180645},{"type":1,"time":208,"positionX":-3.0,"holdTime":0.0,"speed":1.0,"floorPosition":4.529032},{"type":1,"time":240,"positionX":3.0,"holdTime":0.0,"speed":1.0,"floorPosition":5.225806},{"type":1,"time":272,"positionX":-3.0,"holdTime":0.0,"speed":1.0,"floorPosition":5.9225807},{"type":1,"time":304,"positionX":3.0,"holdTime":0.0,"speed":1.0,"floorPosition":6.6193547},{"type":2,"time":320,"positionX":3.0,"holdTime":0.0,"speed":1.0,"floorPosition":6.967742},{"type":2,"time":336,"positionX":3.0,"holdTime":0.0,"speed":1.0,"floorPosition":7.3161287},{"type":2,"time":352,"positionX":3.0,"holdTime":0.0,"speed":1.0,"floorPosition":7.664516},{"type":1,"time":368,"positionX":-3.0,"holdTime":0.0,"speed":1.0,"floorPosition":8.012903},{"type":2,"time":384,"positionX":-3.0,"holdTime":0.0,"speed":1.0,"floorPosition":8.36129},{"type":2,"time":400,"positionX":-3.0,"holdTime":0.0,"speed":1.0,"floorPosition":8.709677},{"type":2,"time":416,"positionX":-3.0,"holdTime":0.0,"speed":1.0,"floorPosition":9.058064},{"type":1,"time":432,"positionX":3.0,"holdTime":0.0,"speed":1.0,"floorPosition":9.406451},{"type":2,"time":448,"positionX":3.0,"holdTime":0.0,"speed":1.0,"floorPosition":9.754838},{"type":2,"time":464,"positionX":3.0,"holdTime":0.0,"speed":1.0,"floorPosition":10.103226},{"type":2,"time":480,"positionX":3.0,"holdTime":0.0,"speed":1.0,"floorPosition":10.451612},{"type":2,"time":496,"positionX":3.0,"holdTime":0.0,"speed":1.0,"floorPosition":10.799999},{"type":2,"time":512,"positionX":3.0,"holdTime":0.0,"speed":1.0,"floorPosition":11.148387},{"type":1,"time":528,"positionX":-4.0,"holdTime":0.0,"speed":1.0,"floorPosition":11.496774},{"type":1,"time":560,"positionX":-4.0,"holdTime":0.0,"speed":1.0,"floorPosition":12.193548},{"type":1,"time":576,"positionX":4.0,"holdTime":0.0,"speed":1.0,"floorPosition":12.541935},{"type":1,"time":592,"positionX":-2.0,"holdTime":0.0,"speed":1.0,"floorPosition":12.890323},{"type":2,"time":608,"positionX":-2.0,"holdTime":0.0,"speed":1.0,"floorPosition":13.238709},{"type":2,"time":624,"positionX":-2.0,"holdTime":0.0,"speed":1.0,"floorPosition":13.587096},{"type":2,"time":640,"positionX":-2.0,"holdTime":0.0,"speed":1.0,"floorPosition":13.935484},{"type":1,"time":656,"positionX":2.0,"holdTime":0.0,"speed":1.0,"floorPosition":14.283871},{"type":2,"time":672,"positionX":2.0,"holdTime":0.0,"speed":1.0,"floorPosition":14.632257},{"type":2,"time":688,"positionX":2.0,"holdTime":0.0,"speed":1.0,"floorPosition":14.980645},{"type":2,"time":704,"positionX":2.0,"holdTime":0.0,"speed":1.0,"floorPosition":15.329032},{"type":1,"time":720,"positionX":-4.0,"holdTime":0.0,"speed":1.0,"floorPosition":15.677419},{"type":1,"time":752,"positionX":4.0,"holdTime":0.0,"speed":1.0,"floorPosition":16.374193},{"type":1,"time":784,"positionX":-4.0,"holdTime":0.0,"speed":1.0,"floorPosition":17.070967},{"type":1,"time":816,"positionX":4.0,"holdTime":0.0,"speed":1.0,"floorPosition":17.767742},{"type":2,"time":832,"positionX":3.0,"holdTime":0.0,"speed":1.0,"floorPosition":18.116129},{"type":2,"time":848,"positionX":2.0,"holdTime":0.0,"speed":1.0,"floorPosition":18.464516},{"type":2,"time":864,"positionX":1.0,"holdTime":0.0,"speed":1.0,"floorPosition":18.812902},{"type":1,"time":880,"positionX":-4.0,"holdTime":0.0,"speed":1.0,"floorPosition":19.16129},{"type":2,"time":896,"positionX":-3.0,"holdTime":0.0,"speed":1.0,"floorPosition":19.509676},{"type":2,"time":912,"positionX":-2.0,"holdTime":0.0,"speed":1.0,"floorPosition":19.858065},{"type":2,"time":928,"positionX":-1.0,"holdTime":0.0,"speed":1.0,"floorPosition":20.206451},{"type":2,"time":944,"positionX":4.0,"holdTime":0.0,"speed":1.0,"floorPosition":20.554838},{"type":2,"time":960,"positionX":2.0,"holdTime":0.0,"speed":1.0,"floorPosition":20.903225},{"type":1,"time":976,"positionX":-3.0,"holdTime":0.0,"speed":1.0,"floorPosition":21.251612},{"type":1,"time":1008,"positionX":3.0,"holdTime":0.0,"speed":1.0,"floorPosition":21.948387},{"type":4,"time":1040,"positionX":-4.0,"holdTime":0.0,"speed":1.0,"floorPosition":22.64516},{"type":4,"time":1088,"positionX":4.0,"holdTime":0.0,"speed":1.0,"floorPosition":23.690323},{"type":4,"time":1136,"positionX":-4.0,"holdTime":0.0,"speed":1.0,"floorPosition":24.735483},{"type":4,"time":1184,"positionX":4.0,"holdTime":0.0,"speed":1.0,"floorPosition":25.780645},{"type":1,"time":1312,"positionX":4.0,"holdTime":0.0,"speed":1.0,"floorPosition":28.567741},{"type":1,"time":1312,"positionX":-4.0,"holdTime":0.0,"speed":1.0,"floorPosition":28.567741},{"type":2,"time":1328,"positionX":4.0,"holdTime":0.0,"speed":1.0,"floorPosition":28.916128},{"type":2,"time":1344,"positionX":-4.0,"holdTime":0.0,"speed":1.0,"floorPosition":29.264515},{"type":2,"time":1360,"positionX":4.0,"holdTime":0.0,"speed":1.0,"floorPosition":29.612902},{"type":2,"time":1376,"positionX":-4.0,"holdTime":0.0,"speed":1.0,"floorPosition":29.96129},{"type":3,"time":1440,"positionX":4.0,"holdTime":32.0,"speed":1.8,"floorPosition":31.354837},{"type":1,"time":1488,"positionX":2.0,"holdTime":0.0,"speed":1.0,"floorPosition":32.399998},{"type":1,"time":1504,"positionX":-2.0,"holdTime":0.0,"speed":1.0,"floorPosition":32.748386},{"type":1,"time":1536,"positionX":-4.0,"holdTime":0.0,"speed":1.0,"floorPosition":33.44516},{"type":1,"time":1552,"positionX":0.0,"holdTime":0.0,"speed":1.0,"floorPosition":33.79355},{"type":3,"time":1568,"positionX":4.0,"holdTime":32.0,"speed":1.8,"floorPosition":34.141933},{"type":1,"time":1616,"positionX":-2.0,"holdTime":0.0,"speed":1.0,"floorPosition":35.187096},{"type":1,"time":1632,"positionX":-4.0,"holdTime":0.0,"speed":1.0,"floorPosition":35.535484},{"type":1,"time":1664,"positionX":4.0,"holdTime":0.0,"speed":1.0,"floorPosition":36.232258},{"type":3,"time":1696,"positionX":-4.0,"holdTime":32.0,"speed":1.8,"floorPosition":36.92903},{"type":1,"time":1744,"positionX":-2.0,"holdTime":0.0,"speed":1.0,"floorPosition":37.974194},{"type":1,"time":1760,"positionX":2.0,"holdTime":0.0,"speed":1.0,"floorPosition":38.32258},{"type":1,"time":1792,"positionX":4.0,"holdTime":0.0,"speed":1.0,"floorPosition":39.019352},{"type":1,"time":1808,"positionX":-4.0,"holdTime":0.0,"speed":1.0,"floorPosition":39.36774},{"type":2,"time":1824,"positionX":0.0,"holdTime":0.0,"speed":1.0,"floorPosition":39.71613},{"type":2,"time":1840,"positionX":0.0,"holdTime":0.0,"speed":1.0,"floorPosition":40.064514},{"type":2,"time":1856,"positionX":0.0,"holdTime":0.0,"speed":1.0,"floorPosition":40.412903},{"type":2,"time":1872,"positionX":0.0,"holdTime":0.0,"speed":1.0,"floorPosition":40.761288},{"type":3,"time":1888,"positionX":0.0,"holdTime":48.0,"speed":1.8,"floorPosition":41.109676},{"type":3,"time":1952,"positionX":4.0,"holdTime":32.0,"speed":1.8,"floorPosition":42.503223},{"type":1,"time":2000,"positionX":-2.0,"holdTime":0.0,"speed":1.0,"floorPosition":43.548386},{"type":1,"time":2016,"positionX":-4.0,"holdTime":0.0,"speed":1.0,"floorPosition":43.896774},{"type":1,"time":2048,"positionX":-2.0,"holdTime":0.0,"speed":1.0,"floorPosition":44.593548},{"type":1,"time":2064,"positionX":2.0,"holdTime":0.0,"speed":1.0,"floorPosition":44.941933},{"type":3,"time":2080,"positionX":4.0,"holdTime":32.0,"speed":1.8,"floorPosition":45.29032},{"type":1,"time":2128,"positionX":-2.0,"holdTime":0.0,"speed":1.0,"floorPosition":46.335484},{"type":1,"time":2144,"positionX":-4.0,"holdTime":0.0,"speed":1.0,"floorPosition":46.68387},{"type":1,"time":2176,"positionX":-2.0,"holdTime":0.0,"speed":1.0,"floorPosition":47.380646},{"type":3,"time":2208,"positionX":4.0,"holdTime":32.0,"speed":1.8,"floorPosition":48.07742},{"type":1,"time":2256,"positionX":2.0,"holdTime":0.0,"speed":1.0,"floorPosition":49.122578},{"type":1,"time":2272,"positionX":-4.0,"holdTime":0.0,"speed":1.0,"floorPosition":49.470966},{"type":1,"time":2304,"positionX":-4.0,"holdTime":0.0,"speed":1.0,"floorPosition":50.16774},{"type":1,"time":2320,"positionX":4.0,"holdTime":0.0,"speed":1.0,"floorPosition":50.51613},{"type":2,"time":2336,"positionX":0.0,"holdTime":0.0,"speed":1.0,"floorPosition":50.864513},{"type":2,"time":2352,"positionX":0.0,"holdTime":0.0,"speed":1.0,"floorPosition":51.212902},{"type":2,"time":2368,"positionX":0.0,"holdTime":0.0,"speed":1.0,"floorPosition":51.56129},{"type":2,"time":2384,"positionX":0.0,"holdTime":0.0,"speed":1.0,"floorPosition":51.909676},{"type":3,"time":2400,"positionX":0.0,"holdTime":48.0,"speed":1.8,"floorPosition":52.258064},{"type":4,"time":2464,"positionX":0.0,"holdTime":0.0,"speed":1.0,"floorPosition":53.65161},{"type":1,"time":3040,"positionX":2.0,"holdTime":0.0,"speed":1.0,"floorPosition":66.19355},{"type":1,"time":3056,"positionX":2.0,"holdTime":0.0,"speed":1.0,"floorPosition":66.54193},{"type":1,"time":3088,"positionX":-2.0,"holdTime":0.0,"speed":1.0,"floorPosition":67.23871},{"type":1,"time":3104,"positionX":-2.008457,"holdTime":0.0,"speed":1.0,"floorPosition":67.5871},{"type":1,"time":3136,"positionX":-4.0,"holdTime":0.0,"speed":1.0,"floorPosition":68.28387},{"type":2,"time":3152,"positionX":3.0,"holdTime":0.0,"speed":1.0,"floorPosition":68.632256},{"type":2,"time":3160,"positionX":1.5,"holdTime":0.0,"speed":1.0,"floorPosition":68.80645},{"type":2,"time":3168,"positionX":0.0,"holdTime":0.0,"speed":1.0,"floorPosition":68.980644},{"type":2,"time":3184,"positionX":0.0,"holdTime":0.0,"speed":1.0,"floorPosition":69.32903},{"type":2,"time":3200,"positionX":0.0,"holdTime":0.0,"speed":1.0,"floorPosition":69.677414},{"type":2,"time":3208,"positionX":1.5,"holdTime":0.0,"speed":1.0,"floorPosition":69.85161},{"type":2,"time":3216,"positionX":3.0,"holdTime":0.0,"speed":1.0,"floorPosition":70.0258},{"type":2,"time":3232,"positionX":-4.0,"holdTime":0.0,"speed":1.0,"floorPosition":70.37419},{"type":2,"time":3248,"positionX":-2.0,"holdTime":0.0,"speed":1.0,"floorPosition":70.72258},{"type":2,"time":3264,"positionX":-4.0,"holdTime":0.0,"speed":1.0,"floorPosition":71.07097},{"type":2,"time":3280,"positionX":-2.0,"holdTime":0.0,"speed":1.0,"floorPosition":71.41935},{"type":2,"time":3296,"positionX":0.0,"holdTime":0.0,"speed":1.0,"floorPosition":71.76774},{"type":2,"time":3312,"positionX":-2.0,"holdTime":0.0,"speed":1.0,"floorPosition":72.11613},{"type":2,"time":3328,"positionX":-4.0,"holdTime":0.0,"speed":1.0,"floorPosition":72.464516},{"type":2,"time":3344,"positionX":-2.0,"holdTime":0.0,"speed":1.0,"floorPosition":72.812904},{"type":1,"time":3360,"positionX":4.164905,"holdTime":0.0,"speed":1.0,"floorPosition":73.161285},{"type":1,"time":3392,"positionX":0.02114201,"holdTime":0.0,"speed":1.0,"floorPosition":73.85806},{"type":2,"time":3424,"positionX":4.0,"holdTime":0.0,"speed":1.0,"floorPosition":74.55484},{"type":2,"time":3440,"positionX":4.0,"holdTime":0.0,"speed":1.0,"floorPosition":74.90322},{"type":2,"time":3456,"positionX":4.0,"holdTime":0.0,"speed":1.0,"floorPosition":75.25161},{"type":4,"time":3488,"positionX":0.0,"holdTime":0.0,"speed":1.0,"floorPosition":75.94839},{"type":2,"time":3536,"positionX":2.127853,"holdTime":0.0,"speed":1.0,"floorPosition":76.76129},{"type":2,"time":3552,"positionX":-0.9589043,"holdTime":0.0,"speed":1.0,"floorPosition":77.03226},{"type":2,"time":3600,"positionX":4.0,"holdTime":0.0,"speed":1.0,"floorPosition":77.84516},{"type":2,"time":3608,"positionX":2.0,"holdTime":0.0,"speed":1.0,"floorPosition":77.980644},{"type":2,"time":3616,"positionX":4.0,"holdTime":0.0,"speed":1.0,"floorPosition":78.11613},{"type":2,"time":3664,"positionX":3.990869,"holdTime":0.0,"speed":1.0,"floorPosition":78.92903},{"type":2,"time":3680,"positionX":0.977169,"holdTime":0.0,"speed":1.0,"floorPosition":79.2},{"type":2,"time":4208,"positionX":2.0,"holdTime":0.0,"speed":1.0,"floorPosition":88.14194},{"type":2,"time":4224,"positionX":1.0,"holdTime":0.0,"speed":1.0,"floorPosition":88.4129},{"type":2,"time":4240,"positionX":0.0,"holdTime":0.0,"speed":1.0,"floorPosition":88.68387},{"type":2,"time":4256,"positionX":-1.0,"holdTime":0.0,"speed":1.0,"floorPosition":88.95484},{"type":2,"time":4352,"positionX":0.0,"holdTime":0.0,"speed":1.0,"floorPosition":90.58064},{"type":2,"time":4360,"positionX":0.0,"holdTime":0.0,"speed":1.0,"floorPosition":90.716125},{"type":2,"time":4368,"positionX":0.0,"holdTime":0.0,"speed":1.0,"floorPosition":90.851616},{"type":2,"time":4376,"positionX":0.0,"holdTime":0.0,"speed":1.0,"floorPosition":90.9871},{"type":2,"time":4384,"positionX":0.0,"holdTime":0.0,"speed":1.0,"floorPosition":91.12258},{"type":1,"time":4512,"positionX":0.0,"holdTime":0.0,"speed":1.0,"floorPosition":93.29032},{"type":1,"time":4640,"positionX":0.0,"holdTime":0.0,"speed":1.0,"floorPosition":95.45806},{"type":1,"time":4768,"positionX":3.0,"holdTime":0.0,"speed":1.0,"floorPosition":97.62581},{"type":1,"time":4800,"positionX":3.0,"holdTime":0.0,"speed":1.0,"floorPosition":98.16774},{"type":1,"time":4832,"positionX":-4.0,"holdTime":0.0,"speed":1.0,"floorPosition":98.70968},{"type":1,"time":4864,"positionX":-4.0,"holdTime":0.0,"speed":1.0,"floorPosition":99.25161},{"type":1,"time":4896,"positionX":2.0,"holdTime":0.0,"speed":1.0,"floorPosition":99.79355},{"type":1,"time":4912,"positionX":-2.0,"holdTime":0.0,"speed":1.0,"floorPosition":100.064514},{"type":1,"time":4928,"positionX":2.0,"holdTime":0.0,"speed":1.0,"floorPosition":100.33548},{"type":1,"time":4944,"positionX":-2.0,"holdTime":0.0,"speed":1.0,"floorPosition":100.60645},{"type":1,"time":4960,"positionX":2.0,"holdTime":0.0,"speed":1.0,"floorPosition":100.87742},{"type":1,"time":4976,"positionX":-2.0,"holdTime":0.0,"speed":1.0,"floorPosition":101.148384},{"type":4,"time":4992,"positionX":2.0,"holdTime":0.0,"speed":1.0,"floorPosition":101.41936},{"type":1,"time":5024,"positionX":-4.0,"holdTime":0.0,"speed":1.0,"floorPosition":102.116135},{"type":1,"time":5072,"positionX":4.0,"holdTime":0.0,"speed":1.0,"floorPosition":103.16129},{"type":1,"time":5120,"positionX":-2.0,"holdTime":0.0,"speed":1.0,"floorPosition":104.20645},{"type":1,"time":5152,"positionX":2.0,"holdTime":0.0,"speed":1.0,"floorPosition":104.90323},{"type":1,"time":5216,"positionX":0.0,"holdTime":0.0,"speed":1.0,"floorPosition":106.296776},{"type":3,"time":5280,"positionX":0.0,"holdTime":112.0,"speed":1.8,"floorPosition":107.69032},{"type":1,"time":5408,"positionX":4.0,"holdTime":0.0,"speed":1.0,"floorPosition":110.477425},{"type":1,"time":5456,"positionX":-4.0,"holdTime":0.0,"speed":1.0,"floorPosition":111.52258},{"type":1,"time":5504,"positionX":2.0,"holdTime":0.0,"speed":1.0,"floorPosition":112.56774},{"type":1,"time":5536,"positionX":-2.0,"holdTime":0.0,"speed":1.0,"floorPosition":113.26452},{"type":1,"time":5600,"positionX":0.0,"holdTime":0.0,"speed":1.0,"floorPosition":114.658066},{"type":1,"time":5664,"positionX":3.0,"holdTime":0.0,"speed":1.0,"floorPosition":116.05161},{"type":1,"time":5696,"positionX":3.0,"holdTime":0.0,"speed":1.0,"floorPosition":116.74839},{"type":1,"time":5728,"positionX":3.0,"holdTime":0.0,"speed":1.0,"floorPosition":117.44516},{"type":1,"time":5760,"positionX":3.0,"holdTime":0.0,"speed":1.0,"floorPosition":118.14194},{"type":1,"time":5792,"positionX":-3.0,"holdTime":0.0,"speed":1.0,"floorPosition":118.838715},{"type":1,"time":5824,"positionX":-3.0,"holdTime":0.0,"speed":1.0,"floorPosition":119.535484},{"type":1,"time":5856,"positionX":-3.0,"holdTime":0.0,"speed":1.0,"floorPosition":120.23226},{"type":1,"time":5888,"positionX":-3.0,"holdTime":0.0,"speed":1.0,"floorPosition":120.92903},{"type":3,"time":5920,"positionX":0.0,"holdTime":96.0,"speed":1.8,"floorPosition":121.62581},{"type":1,"time":6176,"positionX":-4.15081,"holdTime":0.0,"speed":1.0,"floorPosition":127.200005},{"type":2,"time":6208,"positionX":4.0,"holdTime":0.0,"speed":1.0,"floorPosition":127.896774},{"type":2,"time":6216,"positionX":2.0,"holdTime":0.0,"speed":1.0,"floorPosition":128.07097},{"type":2,"time":6224,"positionX":0.0,"holdTime":0.0,"speed":1.0,"floorPosition":128.24516},{"type":2,"time":6232,"positionX":2.0,"holdTime":0.0,"speed":1.0,"floorPosition":128.41936},{"type":2,"time":6240,"positionX":4.0,"holdTime":0.0,"speed":1.0,"floorPosition":128.59355},{"type":1,"time":6272,"positionX":-4.0,"holdTime":0.0,"speed":1.0,"floorPosition":129.29033},{"type":1,"time":6288,"positionX":0.0,"holdTime":0.0,"speed":1.0,"floorPosition":129.63872},{"type":1,"time":6304,"positionX":4.0,"holdTime":0.0,"speed":1.0,"floorPosition":129.98709},{"type":2,"time":6336,"positionX":-4.0,"holdTime":0.0,"speed":1.0,"floorPosition":130.68387},{"type":2,"time":6344,"positionX":-2.0,"holdTime":0.0,"speed":1.0,"floorPosition":130.85806},{"type":2,"time":6352,"positionX":0.0,"holdTime":0.0,"speed":1.0,"floorPosition":131.03226},{"type":2,"time":6360,"positionX":-2.0,"holdTime":0.0,"speed":1.0,"floorPosition":131.20645},{"type":2,"time":6368,"positionX":-4.0,"holdTime":0.0,"speed":1.0,"floorPosition":131.38065},{"type":2,"time":6384,"positionX":4.0,"holdTime":0.0,"speed":1.0,"floorPosition":131.72903},{"type":2,"time":6392,"positionX":2.0,"holdTime":0.0,"speed":1.0,"floorPosition":131.90323},{"type":2,"time":6400,"positionX":0.0,"holdTime":0.0,"speed":1.0,"floorPosition":132.07742},{"type":2,"time":6416,"positionX":-4.0,"holdTime":0.0,"speed":1.0,"floorPosition":132.42581},{"type":2,"time":6424,"positionX":-2.0,"holdTime":0.0,"speed":1.0,"floorPosition":132.6},{"type":2,"time":6432,"positionX":0.0,"holdTime":0.0,"speed":1.0,"floorPosition":132.7742},{"type":2,"time":6464,"positionX":4.0,"holdTime":0.0,"speed":1.0,"floorPosition":133.47096},{"type":2,"time":6472,"positionX":2.0,"holdTime":0.0,"speed":1.0,"floorPosition":133.64516},{"type":2,"time":6480,"positionX":0.0,"holdTime":0.0,"speed":1.0,"floorPosition":133.81935},{"type":2,"time":6488,"positionX":2.0,"holdTime":0.0,"speed":1.0,"floorPosition":133.99355},{"type":2,"time":6496,"positionX":4.0,"holdTime":0.0,"speed":1.0,"floorPosition":134.16774},{"type":1,"time":6528,"positionX":-2.0,"holdTime":0.0,"speed":1.0,"floorPosition":134.86452},{"type":1,"time":6544,"positionX":2.0,"holdTime":0.0,"speed":1.0,"floorPosition":135.2129},{"type":1,"time":6560,"positionX":-4.0,"holdTime":0.0,"speed":1.0,"floorPosition":135.5613},{"type":1,"time":6592,"positionX":4.0,"holdTime":0.0,"speed":1.0,"floorPosition":136.25807},{"type":3,"time":6624,"positionX":-4.0,"holdTime":32.0,"speed":1.8,"floorPosition":136.95483},{"type":1,"time":6688,"positionX":2.924595,"holdTime":0.0,"speed":1.0,"floorPosition":138.34839},{"type":2,"time":6720,"positionX":-4.0,"holdTime":0.0,"speed":1.0,"floorPosition":139.04517},{"type":2,"time":6728,"positionX":-2.0,"holdTime":0.0,"speed":1.0,"floorPosition":139.21936},{"type":2,"time":6736,"positionX":0.0,"holdTime":0.0,"speed":1.0,"floorPosition":139.39355},{"type":2,"time":6744,"positionX":-2.0,"holdTime":0.0,"speed":1.0,"floorPosition":139.56775},{"type":2,"time":6752,"positionX":-4.0,"holdTime":0.0,"speed":1.0,"floorPosition":139.74194},{"type":1,"time":6784,"positionX":4.0,"holdTime":0.0,"speed":1.0,"floorPosition":140.4387},{"type":1,"time":6800,"positionX":0.0,"holdTime":0.0,"speed":1.0,"floorPosition":140.7871},{"type":1,"time":6816,"positionX":-4.0,"holdTime":0.0,"speed":1.0,"floorPosition":141.13548},{"type":2,"time":6848,"positionX":4.0,"holdTime":0.0,"speed":1.0,"floorPosition":141.83226},{"type":2,"time":6856,"positionX":2.0,"holdTime":0.0,"speed":1.0,"floorPosition":142.00645},{"type":2,"time":6864,"positionX":0.0,"holdTime":0.0,"speed":1.0,"floorPosition":142.18065},{"type":2,"time":6872,"positionX":2.0,"holdTime":0.0,"speed":1.0,"floorPosition":142.35484},{"type":2,"time":6880,"positionX":4.0,"holdTime":0.0,"speed":1.0,"floorPosition":142.52904},{"type":2,"time":6896,"positionX":-4.0,"holdTime":0.0,"speed":1.0,"floorPosition":142.87743},{"type":2,"time":6904,"positionX":-2.0,"holdTime":0.0,"speed":1.0,"floorPosition":143.05162},{"type":2,"time":6912,"positionX":0.0,"holdTime":0.0,"speed":1.0,"floorPosition":143.22581},{"type":2,"time":6928,"positionX":4.0,"holdTime":0.0,"speed":1.0,"floorPosition":143.57419},{"type":2,"time":6936,"positionX":2.0,"holdTime":0.0,"speed":1.0,"floorPosition":143.74838},{"type":2,"time":6944,"positionX":0.0,"holdTime":0.0,"speed":1.0,"floorPosition":143.92258},{"type":2,"time":6976,"positionX":-4.0,"holdTime":0.0,"speed":1.0,"floorPosition":144.61935},{"type":2,"time":6984,"positionX":-2.0,"holdTime":0.0,"speed":1.0,"floorPosition":144.79355},{"type":2,"time":6992,"positionX":0.0,"holdTime":0.0,"speed":1.0,"floorPosition":144.96774},{"type":2,"time":7000,"positionX":-2.0,"holdTime":0.0,"speed":1.0,"floorPosition":145.14194},{"type":2,"time":7008,"positionX":-4.0,"holdTime":0.0,"speed":1.0,"floorPosition":145.31613},{"type":1,"time":7040,"positionX":2.0,"holdTime":0.0,"speed":1.0,"floorPosition":146.01291},{"type":1,"time":7056,"positionX":-2.0,"holdTime":0.0,"speed":1.0,"floorPosition":146.3613},{"type":2,"time":7072,"positionX":2.0,"holdTime":0.0,"speed":1.0,"floorPosition":146.70969},{"type":2,"time":7088,"positionX":2.0,"holdTime":0.0,"speed":1.0,"floorPosition":147.05806},{"type":2,"time":7104,"positionX":-2.0,"holdTime":0.0,"speed":1.0,"floorPosition":147.40645},{"type":2,"time":7120,"positionX":-2.0,"holdTime":0.0,"speed":1.0,"floorPosition":147.75484},{"type":3,"time":7136,"positionX":2.0,"holdTime":32.0,"speed":1.8,"floorPosition":148.10323},{"type":1,"time":7200,"positionX":-4.0,"holdTime":0.0,"speed":1.0,"floorPosition":149.49678},{"type":1,"time":7200,"positionX":4.0,"holdTime":0.0,"speed":1.0,"floorPosition":149.49678},{"type":1,"time":7248,"positionX":2.0,"holdTime":0.0,"speed":1.0,"floorPosition":150.54193},{"type":1,"time":7264,"positionX":-4.0,"holdTime":0.0,"speed":1.0,"floorPosition":150.89032},{"type":1,"time":7296,"positionX":4.0,"holdTime":0.0,"speed":1.0,"floorPosition":151.5871},{"type":1,"time":7328,"positionX":-4.0,"holdTime":0.0,"speed":1.0,"floorPosition":152.28387},{"type":1,"time":7376,"positionX":-2.0,"holdTime":0.0,"speed":1.0,"floorPosition":153.32904},{"type":1,"time":7392,"positionX":4.0,"holdTime":0.0,"speed":1.0,"floorPosition":153.67741},{"type":1,"time":7424,"positionX":-4.0,"holdTime":0.0,"speed":1.0,"floorPosition":154.37419},{"type":1,"time":7456,"positionX":4.0,"holdTime":0.0,"speed":1.0,"floorPosition":155.07097},{"type":1,"time":7504,"positionX":-2.0,"holdTime":0.0,"speed":1.0,"floorPosition":156.11613},{"type":1,"time":7520,"positionX":4.0,"holdTime":0.0,"speed":1.0,"floorPosition":156.46452},{"type":1,"time":7552,"positionX":0.0,"holdTime":0.0,"speed":1.0,"floorPosition":157.16129},{"type":2,"time":7584,"positionX":-2.0,"holdTime":0.0,"speed":1.0,"floorPosition":157.85806},{"type":2,"time":7600,"positionX":-2.0,"holdTime":0.0,"speed":1.0,"floorPosition":158.20645},{"type":2,"time":7616,"positionX":2.0,"holdTime":0.0,"speed":1.0,"floorPosition":158.55484},{"type":2,"time":7632,"positionX":2.0,"holdTime":0.0,"speed":1.0,"floorPosition":158.90323},{"type":3,"time":7648,"positionX":-2.0,"holdTime":32.0,"speed":1.8,"floorPosition":159.25162},{"type":1,"time":7712,"positionX":4.0,"holdTime":0.0,"speed":1.0,"floorPosition":160.64516},{"type":1,"time":7744,"positionX":-4.0,"holdTime":0.0,"speed":1.0,"floorPosition":161.34193},{"type":1,"time":7776,"positionX":4.0,"holdTime":0.0,"speed":1.0,"floorPosition":162.03871},{"type":1,"time":7808,"positionX":-4.0,"holdTime":0.0,"speed":1.0,"floorPosition":162.73549},{"type":1,"time":7840,"positionX":4.0,"holdTime":0.0,"speed":1.0,"floorPosition":163.43227},{"type":1,"time":7872,"positionX":-4.0,"holdTime":0.0,"speed":1.0,"floorPosition":164.12903},{"type":1,"time":7904,"positionX":4.0,"holdTime":0.0,"speed":1.0,"floorPosition":164.8258},{"type":1,"time":7936,"positionX":-4.0,"holdTime":0.0,"speed":1.0,"floorPosition":165.52258},{"type":2,"time":7968,"positionX":0.0,"holdTime":0.0,"speed":1.0,"floorPosition":166.21936},{"type":2,"time":7984,"positionX":0.0,"holdTime":0.0,"speed":1.0,"floorPosition":166.56775},{"type":2,"time":8000,"positionX":0.0,"holdTime":0.0,"speed":1.0,"floorPosition":166.91612},{"type":2,"time":8016,"positionX":0.0,"holdTime":0.0,"speed":1.0,"floorPosition":167.26451},{"type":2,"time":8032,"positionX":0.0,"holdTime":0.0,"speed":1.0,"floorPosition":167.6129},{"type":2,"time":8036,"positionX":0.0,"holdTime":0.0,"speed":1.0,"floorPosition":167.7},{"type":2,"time":8040,"positionX":0.0,"holdTime":0.0,"speed":1.0,"floorPosition":167.7871},{"type":2,"time":8044,"positionX":0.0,"holdTime":0.0,"speed":1.0,"floorPosition":167.87419},{"type":2,"time":8048,"positionX":0.0,"holdTime":0.0,"speed":1.0,"floorPosition":167.96129},{"type":2,"time":8052,"positionX":0.0,"holdTime":0.0,"speed":1.0,"floorPosition":168.04839},{"type":2,"time":8056,"positionX":0.0,"holdTime":0.0,"speed":1.0,"floorPosition":168.13548},{"type":2,"time":8060,"positionX":0.0,"holdTime":0.0,"speed":1.0,"floorPosition":168.22258},{"type":2,"time":8064,"positionX":0.0,"holdTime":0.0,"speed":1.0,"floorPosition":168.30968},{"type":2,"time":8075,"positionX":0.0,"holdTime":0.0,"speed":1.0,"floorPosition":168.5492},{"type":2,"time":8085,"positionX":0.0,"holdTime":0.0,"speed":1.0,"floorPosition":168.76694},{"type":1,"time":8096,"positionX":-2.0,"holdTime":0.0,"speed":1.0,"floorPosition":169.00645},{"type":1,"time":8112,"positionX":2.0,"holdTime":0.0,"speed":1.0,"floorPosition":169.35484},{"type":1,"time":8128,"positionX":-2.0,"holdTime":0.0,"speed":1.0,"floorPosition":169.70323},{"type":1,"time":8144,"positionX":2.0,"holdTime":0.0,"speed":1.0,"floorPosition":170.05162},{"type":3,"time":8160,"positionX":0.0,"holdTime":48.0,"speed":1.8,"floorPosition":170.4},{"type":4,"time":8224,"positionX":0.0,"holdTime":0.0,"speed":1.0,"floorPosition":171.79355},{"type":2,"time":8272,"positionX":3.351598,"holdTime":0.0,"speed":1.0,"floorPosition":172.60645},{"type":2,"time":8288,"positionX":-1.324202,"holdTime":0.0,"speed":1.0,"floorPosition":172.87743},{"type":2,"time":8336,"positionX":4.0,"holdTime":0.0,"speed":1.0,"floorPosition":173.69032},{"type":2,"time":8344,"positionX":2.0,"holdTime":0.0,"speed":1.0,"floorPosition":173.8258},{"type":2,"time":8352,"positionX":4.0,"holdTime":0.0,"speed":1.0,"floorPosition":173.96129},{"type":2,"time":8400,"positionX":2.584476,"holdTime":0.0,"speed":1.0,"floorPosition":174.7742},{"type":2,"time":8416,"positionX":0.9589043,"holdTime":0.0,"speed":1.0,"floorPosition":175.04517},{"type":2,"time":8944,"positionX":0.0,"holdTime":0.0,"speed":1.0,"floorPosition":183.98709},{"type":2,"time":8960,"positionX":-1.0,"holdTime":0.0,"speed":1.0,"floorPosition":184.25807},{"type":2,"time":8976,"positionX":-2.0,"holdTime":0.0,"speed":1.0,"floorPosition":184.52904},{"type":2,"time":8992,"positionX":-3.0,"holdTime":0.0,"speed":1.0,"floorPosition":184.8},{"type":3,"time":9120,"positionX":-0.02820873,"holdTime":128.0,"speed":1.4,"floorPosition":186.96774}],"notesBelow":[{"type":1,"time":2528,"positionX":-4.0,"holdTime":0.0,"speed":1.0,"floorPosition":55.04516},{"type":1,"time":2544,"positionX":-4.0,"holdTime":0.0,"speed":1.0,"floorPosition":55.393547},{"type":1,"time":2576,"positionX":4.0,"holdTime":0.0,"speed":1.0,"floorPosition":56.09032},{"type":1,"time":2592,"positionX":4.0,"holdTime":0.0,"speed":1.0,"floorPosition":56.43871},{"type":2,"time":2624,"positionX":-2.0,"holdTime":0.0,"speed":1.0,"floorPosition":57.135483},{"type":2,"time":2640,"positionX":-1.0,"holdTime":0.0,"speed":1.0,"floorPosition":57.483868},{"type":2,"time":2656,"positionX":0.0,"holdTime":0.0,"speed":1.0,"floorPosition":57.832256},{"type":2,"time":2672,"positionX":-1.0,"holdTime":0.0,"speed":1.0,"floorPosition":58.180645},{"type":2,"time":2688,"positionX":-2.0,"holdTime":0.0,"speed":1.0,"floorPosition":58.52903},{"type":2,"time":2720,"positionX":3.0,"holdTime":0.0,"speed":1.0,"floorPosition":59.225803},{"type":2,"time":2736,"positionX":2.0,"holdTime":0.0,"speed":1.0,"floorPosition":59.574192},{"type":2,"time":2752,"positionX":1.0,"holdTime":0.0,"speed":1.0,"floorPosition":59.92258},{"type":2,"time":2768,"positionX":2.0,"holdTime":0.0,"speed":1.0,"floorPosition":60.270966},{"type":2,"time":2784,"positionX":-3.0,"holdTime":0.0,"speed":1.0,"floorPosition":60.619354},{"type":2,"time":2800,"positionX":-1.0,"holdTime":0.0,"speed":1.0,"floorPosition":60.96774},{"type":2,"time":2816,"positionX":-2.0,"holdTime":0.0,"speed":1.0,"floorPosition":61.316128},{"type":2,"time":2832,"positionX":-3.0,"holdTime":0.0,"speed":1.0,"floorPosition":61.664513},{"type":1,"time":2848,"positionX":2.0,"holdTime":0.0,"speed":1.0,"floorPosition":62.0129},{"type":1,"time":2880,"positionX":-2.0,"holdTime":0.0,"speed":1.0,"floorPosition":62.709675},{"type":3,"time":2912,"positionX":2.078928,"holdTime":32.0,"speed":1.8,"floorPosition":63.40645},{"type":2,"time":3728,"positionX":2.255709,"holdTime":0.0,"speed":1.0,"floorPosition":80.0129},{"type":2,"time":3744,"positionX":0.6849308,"holdTime":0.0,"speed":1.0,"floorPosition":80.283875},{"type":2,"time":3792,"positionX":-0.2100449,"holdTime":0.0,"speed":1.0,"floorPosition":81.09677},{"type":2,"time":3808,"positionX":1.232876,"holdTime":0.0,"speed":1.0,"floorPosition":81.367744},{"type":2,"time":3856,"positionX":-2.0,"holdTime":0.0,"speed":1.0,"floorPosition":82.18065},{"type":2,"time":3864,"positionX":0.0,"holdTime":0.0,"speed":1.0,"floorPosition":82.31613},{"type":2,"time":3872,"positionX":-2.0,"holdTime":0.0,"speed":1.0,"floorPosition":82.451614},{"type":2,"time":3936,"positionX":-2.0,"holdTime":0.0,"speed":1.0,"floorPosition":83.535484},{"type":2,"time":4000,"positionX":0.0,"holdTime":0.0,"speed":1.0,"floorPosition":84.619354},{"type":2,"time":4064,"positionX":2.0,"holdTime":0.0,"speed":1.0,"floorPosition":85.703224},{"type":2,"time":4128,"positionX":-0.04566193,"holdTime":0.0,"speed":1.0,"floorPosition":86.787094},{"type":1,"time":4576,"positionX":0.0,"holdTime":0.0,"speed":1.0,"floorPosition":94.37419},{"type":1,"time":4704,"positionX":0.0,"holdTime":0.0,"speed":1.0,"floorPosition":96.54194},{"type":3,"time":6048,"positionX":0.0,"holdTime":96.0,"speed":1.8,"floorPosition":124.4129},{"type":2,"time":8464,"positionX":3.899544,"holdTime":0.0,"speed":1.0,"floorPosition":175.85806},{"type":2,"time":8480,"positionX":1.707762,"holdTime":0.0,"speed":1.0,"floorPosition":176.12903},{"type":2,"time":8528,"positionX":0.6484013,"holdTime":0.0,"speed":1.0,"floorPosition":176.94194},{"type":2,"time":8544,"positionX":-1.415525,"holdTime":0.0,"speed":1.0,"floorPosition":177.2129},{"type":2,"time":8592,"positionX":2.0,"holdTime":0.0,"speed":1.0,"floorPosition":178.0258},{"type":2,"time":8600,"positionX":0.0,"holdTime":0.0,"speed":1.0,"floorPosition":178.16129},{"type":2,"time":8608,"positionX":2.0,"holdTime":0.0,"speed":1.0,"floorPosition":178.29677},{"type":2,"time":8672,"positionX":-3.753426,"holdTime":0.0,"speed":1.0,"floorPosition":179.38065},{"type":2,"time":8736,"positionX":-0.9223747,"holdTime":0.0,"speed":1.0,"floorPosition":180.46452},{"type":2,"time":8800,"positionX":1.579908,"holdTime":0.0,"speed":1.0,"floorPosition":181.54839},{"type":2,"time":8864,"positionX":0.1369858,"holdTime":0.0,"speed":1.0,"floorPosition":182.63226}],"speedEvents":[{"startTime":0.0,"endTime":3488.0,"value":1.8},{"startTime":3488.0,"endTime":4992.0,"value":1.4},{"startTime":4992.0,"endTime":8224.0,"value":1.8},{"startTime":8224.0,"endTime":1000000000.0,"value":1.4}],"judgeLineMoveEvents":[{"startTime":-999999.0,"endTime":16.0,"start":0.5,"end":0.5,"start2":0.5,"end2":0.5},{"startTime":16.0,"endTime":32.0,"start":0.5,"end":0.5,"start2":0.5,"end2":0.4},{"startTime":32.0,"endTime":64.0,"start":0.5,"end":0.5,"start2":0.4,"end2":0.4},{"startTime":64.0,"endTime":80.0,"start":0.5,"end":0.5,"start2":0.4,"end2":0.3},{"startTime":80.0,"endTime":112.0,"start":0.5,"end":0.5,"start2":0.3,"end2":0.3},{"startTime":112.0,"endTime":128.0,"start":0.5,"end":0.5,"start2":0.3,"end2":0.2},{"startTime":128.0,"endTime":1040.0,"start":0.5,"end":0.5,"start2":0.2,"end2":0.2},{"startTime":1040.0,"endTime":1056.0,"start":0.5,"end":0.5,"start2":0.2,"end2":0.3},{"startTime":1056.0,"endTime":1088.0,"start":0.5,"end":0.5,"start2":0.3,"end2":0.3},{"startTime":1088.0,"endTime":1104.0,"start":0.5,"end":0.5,"start2":0.3,"end2":0.2},{"startTime":1104.0,"endTime":1136.0,"start":0.5,"end":0.5,"start2":0.2,"end2":0.2},{"startTime":1136.0,"endTime":1152.0,"start":0.5,"end":0.5,"start2":0.2,"end2":0.3},{"startTime":1152.0,"endTime":1184.0,"start":0.5,"end":0.5,"start2":0.3,"end2":0.3},{"startTime":1184.0,"endTime":1200.0,"start":0.5,"end":0.5,"start2":0.3,"end2":0.2},{"startTime":1200.0,"endTime":2464.0,"start":0.5,"end":0.5,"start2":0.2,"end2":0.2},{"startTime":2464.0,"endTime":2465.0,"start":0.5,"end":0.5,"start2":0.2,"end2":0.2276442},{"startTime":2465.0,"endTime":2466.0,"start":0.5,"end":0.5,"start2":0.2276442,"end2":0.25449145},{"startTime":2466.0,"endTime":2467.0,"start":0.5,"end":0.5,"start2":0.25449145,"end2":0.28044483},{"startTime":2467.0,"endTime":2468.0,"start":0.5,"end":0.5,"start2":0.28044483,"end2":0.30558366},{"startTime":2468.0,"endTime":2469.0,"start":0.5,"end":0.5,"start2":0.30558366,"end2":0.32989943},{"startTime":2469.0,"endTime":2470.0,"start":0.5,"end":0.5,"start2":0.32989943,"end2":0.35338587},{"startTime":2470.0,"endTime":2471.0,"start":0.5,"end":0.5,"start2":0.35338587,"end2":0.37611747},{"startTime":2471.0,"endTime":2472.0,"start":0.5,"end":0.5,"start2":0.37611747,"end2":0.3980075},{"startTime":2472.0,"endTime":2473.0,"start":0.5,"end":0.5,"start2":0.3980075,"end2":0.4191888},{"startTime":2473.0,"endTime":2474.0,"start":0.5,"end":0.5,"start2":0.4191888,"end2":0.43955788},{"startTime":2474.0,"endTime":2475.0,"start":0.5,"end":0.5,"start2":0.43955788,"end2":0.45922497},{"startTime":2475.0,"endTime":2476.0,"start":0.5,"end":0.5,"start2":0.45922497,"end2":0.47814634},{"startTime":2476.0,"endTime":2477.0,"start":0.5,"end":0.5,"start2":0.47814634,"end2":0.49635518},{"startTime":2477.0,"endTime":2478.0,"start":0.5,"end":0.5,"start2":0.49635518,"end2":0.51388234},{"startTime":2478.0,"endTime":2479.0,"start":0.5,"end":0.5,"start2":0.51388234,"end2":0.53068894},{"startTime":2479.0,"endTime":2480.0,"start":0.5,"end":0.5,"start2":0.53068894,"end2":0.546875},{"startTime":2480.0,"endTime":2481.0,"start":0.5,"end":0.5,"start2":0.546875,"end2":0.5623355},{"startTime":2481.0,"endTime":2482.0,"start":0.5,"end":0.5,"start2":0.5623355,"end2":0.5772015},{"startTime":2482.0,"endTime":2483.0,"start":0.5,"end":0.5,"start2":0.5772015,"end2":0.5914042},{"startTime":2483.0,"endTime":2484.0,"start":0.5,"end":0.5,"start2":0.5914042,"end2":0.60500616},{"startTime":2484.0,"endTime":2485.0,"start":0.5,"end":0.5,"start2":0.60500616,"end2":0.61800444},{"startTime":2485.0,"endTime":2486.0,"start":0.5,"end":0.5,"start2":0.61800444,"end2":0.6303984},{"startTime":2486.0,"endTime":2487.0,"start":0.5,"end":0.5,"start2":0.6303984,"end2":0.6422456},{"startTime":2487.0,"endTime":2488.0,"start":0.5,"end":0.5,"start2":0.6422456,"end2":0.6534875},{"startTime":2488.0,"endTime":2489.0,"start":0.5,"end":0.5,"start2":0.6534875,"end2":0.66422313},{"startTime":2489.0,"endTime":2490.0,"start":0.5,"end":0.5,"start2":0.66422313,"end2":0.67438287},{"startTime":2490.0,"endTime":2491.0,"start":0.5,"end":0.5,"start2":0.67438287,"end2":0.6840487},{"startTime":2491.0,"endTime":2492.0,"start":0.5,"end":0.5,"start2":0.6840487,"end2":0.69319385},{"startTime":2492.0,"endTime":2493.0,"start":0.5,"end":0.5,"start2":0.69319385,"end2":0.70184577},{"startTime":2493.0,"endTime":2494.0,"start":0.5,"end":0.5,"start2":0.70184577,"end2":0.71002984},{"startTime":2494.0,"endTime":2495.0,"start":0.5,"end":0.5,"start2":0.71002984,"end2":0.7177239},{"startTime":2495.0,"endTime":2496.0,"start":0.5,"end":0.5,"start2":0.7177239,"end2":0.725},{"startTime":2496.0,"endTime":2497.0,"start":0.5,"end":0.5,"start2":0.725,"end2":0.73179233},{"startTime":2497.0,"endTime":2498.0,"start":0.5,"end":0.5,"start2":0.73179233,"end2":0.73819274},{"startTime":2498.0,"endTime":2499.0,"start":0.5,"end":0.5,"start2":0.73819274,"end2":0.7441605},{"startTime":2499.0,"endTime":2500.0,"start":0.5,"end":0.5,"start2":0.7441605,"end2":0.7497412},{"startTime":2500.0,"endTime":2501.0,"start":0.5,"end":0.5,"start2":0.7497412,"end2":0.7549376},{"startTime":2501.0,"endTime":2502.0,"start":0.5,"end":0.5,"start2":0.7549376,"end2":0.75975466},{"startTime":2502.0,"endTime":2503.0,"start":0.5,"end":0.5,"start2":0.75975466,"end2":0.76423305},{"startTime":2503.0,"endTime":2504.0,"start":0.5,"end":0.5,"start2":0.76423305,"end2":0.7683425},{"startTime":2504.0,"endTime":2505.0,"start":0.5,"end":0.5,"start2":0.7683425,"end2":0.7721482},{"startTime":2505.0,"endTime":2506.0,"start":0.5,"end":0.5,"start2":0.7721482,"end2":0.77561414},{"startTime":2506.0,"endTime":2507.0,"start":0.5,"end":0.5,"start2":0.77561414,"end2":0.77879435},{"startTime":2507.0,"endTime":2508.0,"start":0.5,"end":0.5,"start2":0.77879435,"end2":0.78167886},{"startTime":2508.0,"endTime":2509.0,"start":0.5,"end":0.5,"start2":0.78167886,"end2":0.78428954},{"startTime":2509.0,"endTime":2510.0,"start":0.5,"end":0.5,"start2":0.78428954,"end2":0.78664607},{"startTime":2510.0,"endTime":2511.0,"start":0.5,"end":0.5,"start2":0.78664607,"end2":0.7887433},{"startTime":2511.0,"endTime":2512.0,"start":0.5,"end":0.5,"start2":0.7887433,"end2":0.79062504},{"startTime":2512.0,"endTime":2513.0,"start":0.5,"end":0.5,"start2":0.79062504,"end2":0.7922649},{"startTime":2513.0,"endTime":2514.0,"start":0.5,"end":0.5,"start2":0.7922649,"end2":0.79371524},{"startTime":2514.0,"endTime":2515.0,"start":0.5,"end":0.5,"start2":0.79371524,"end2":0.7949636},{"startTime":2515.0,"endTime":2516.0,"start":0.5,"end":0.5,"start2":0.7949636,"end2":0.7960386},{"startTime":2516.0,"endTime":2517.0,"start":0.5,"end":0.5,"start2":0.7960386,"end2":0.79694885},{"startTime":2517.0,"endTime":2518.0,"start":0.5,"end":0.5,"start2":0.79694885,"end2":0.79770464},{"startTime":2518.0,"endTime":2519.0,"start":0.5,"end":0.5,"start2":0.79770464,"end2":0.79832995},{"startTime":2519.0,"endTime":2520.0,"start":0.5,"end":0.5,"start2":0.79832995,"end2":0.79882246},{"startTime":2520.0,"endTime":2521.0,"start":0.5,"end":0.5,"start2":0.79882246,"end2":0.7992138},{"startTime":2521.0,"endTime":2522.0,"start":0.5,"end":0.5,"start2":0.7992138,"end2":0.7995016},{"startTime":2522.0,"endTime":2523.0,"start":0.5,"end":0.5,"start2":0.7995016,"end2":0.7997118},{"startTime":2523.0,"endTime":2524.0,"start":0.5,"end":0.5,"start2":0.7997118,"end2":0.79985136},{"startTime":2524.0,"endTime":2525.0,"start":0.5,"end":0.5,"start2":0.79985136,"end2":0.7999365},{"startTime":2525.0,"endTime":2526.0,"start":0.5,"end":0.5,"start2":0.7999365,"end2":0.799981},{"startTime":2526.0,"endTime":2527.0,"start":0.5,"end":0.5,"start2":0.799981,"end2":0.79999703},{"startTime":2527.0,"endTime":2528.0,"start":0.5,"end":0.5,"start2":0.79999703,"end2":0.8},{"startTime":2528.0,"endTime":2976.0,"start":0.5,"end":0.5,"start2":0.8,"end2":0.8},{"startTime":2976.0,"endTime":2977.0,"start":0.5,"end":0.5,"start2":0.8,"end2":0.7723558},{"startTime":2977.0,"endTime":2978.0,"start":0.5,"end":0.5,"start2":0.7723558,"end2":0.74550855},{"startTime":2978.0,"endTime":2979.0,"start":0.5,"end":0.5,"start2":0.74550855,"end2":0.7195552},{"startTime":2979.0,"endTime":2980.0,"start":0.5,"end":0.5,"start2":0.7195552,"end2":0.69441634},{"startTime":2980.0,"endTime":2981.0,"start":0.5,"end":0.5,"start2":0.69441634,"end2":0.67010057},{"startTime":2981.0,"endTime":2982.0,"start":0.5,"end":0.5,"start2":0.67010057,"end2":0.64661413},{"startTime":2982.0,"endTime":2983.0,"start":0.5,"end":0.5,"start2":0.64661413,"end2":0.62388253},{"startTime":2983.0,"endTime":2984.0,"start":0.5,"end":0.5,"start2":0.62388253,"end2":0.6019925},{"startTime":2984.0,"endTime":2985.0,"start":0.5,"end":0.5,"start2":0.6019925,"end2":0.5808112},{"startTime":2985.0,"endTime":2986.0,"start":0.5,"end":0.5,"start2":0.5808112,"end2":0.56044215},{"startTime":2986.0,"endTime":2987.0,"start":0.5,"end":0.5,"start2":0.56044215,"end2":0.54077506},{"startTime":2987.0,"endTime":2988.0,"start":0.5,"end":0.5,"start2":0.54077506,"end2":0.5218537},{"startTime":2988.0,"endTime":2989.0,"start":0.5,"end":0.5,"start2":0.5218537,"end2":0.5036448},{"startTime":2989.0,"endTime":2990.0,"start":0.5,"end":0.5,"start2":0.5036448,"end2":0.4861177},{"startTime":2990.0,"endTime":2991.0,"start":0.5,"end":0.5,"start2":0.4861177,"end2":0.46931106},{"startTime":2991.0,"endTime":2992.0,"start":0.5,"end":0.5,"start2":0.46931106,"end2":0.453125},{"startTime":2992.0,"endTime":2993.0,"start":0.5,"end":0.5,"start2":0.453125,"end2":0.43766454},{"startTime":2993.0,"endTime":2994.0,"start":0.5,"end":0.5,"start2":0.43766454,"end2":0.42279854},{"startTime":2994.0,"endTime":2995.0,"start":0.5,"end":0.5,"start2":0.42279854,"end2":0.40859583},{"startTime":2995.0,"endTime":2996.0,"start":0.5,"end":0.5,"start2":0.40859583,"end2":0.39499384},{"startTime":2996.0,"endTime":2997.0,"start":0.5,"end":0.5,"start2":0.39499384,"end2":0.3819956},{"startTime":2997.0,"endTime":2998.0,"start":0.5,"end":0.5,"start2":0.3819956,"end2":0.36960164},{"startTime":2998.0,"endTime":2999.0,"start":0.5,"end":0.5,"start2":0.36960164,"end2":0.3577544},{"startTime":2999.0,"endTime":3000.0,"start":0.5,"end":0.5,"start2":0.3577544,"end2":0.3465125},{"startTime":3000.0,"endTime":3001.0,"start":0.5,"end":0.5,"start2":0.3465125,"end2":0.33577687},{"startTime":3001.0,"endTime":3002.0,"start":0.5,"end":0.5,"start2":0.33577687,"end2":0.32561716},{"startTime":3002.0,"endTime":3003.0,"start":0.5,"end":0.5,"start2":0.32561716,"end2":0.31595132},{"startTime":3003.0,"endTime":3004.0,"start":0.5,"end":0.5,"start2":0.31595132,"end2":0.30680618},{"startTime":3004.0,"endTime":3005.0,"start":0.5,"end":0.5,"start2":0.30680618,"end2":0.29815423},{"startTime":3005.0,"endTime":3006.0,"start":0.5,"end":0.5,"start2":0.29815423,"end2":0.2899702},{"startTime":3006.0,"endTime":3007.0,"start":0.5,"end":0.5,"start2":0.2899702,"end2":0.2822761},{"startTime":3007.0,"endTime":3008.0,"start":0.5,"end":0.5,"start2":0.2822761,"end2":0.275},{"startTime":3008.0,"endTime":3009.0,"start":0.5,"end":0.5,"start2":0.275,"end2":0.2682077},{"startTime":3009.0,"endTime":3010.0,"start":0.5,"end":0.5,"start2":0.2682077,"end2":0.2618073},{"startTime":3010.0,"endTime":3011.0,"start":0.5,"end":0.5,"start2":0.2618073,"end2":0.25583956},{"startTime":3011.0,"endTime":3012.0,"start":0.5,"end":0.5,"start2":0.25583956,"end2":0.25025883},{"startTime":3012.0,"endTime":3013.0,"start":0.5,"end":0.5,"start2":0.25025883,"end2":0.24506244},{"startTime":3013.0,"endTime":3014.0,"start":0.5,"end":0.5,"start2":0.24506244,"end2":0.24024537},{"startTime":3014.0,"endTime":3015.0,"start":0.5,"end":0.5,"start2":0.24024537,"end2":0.23576693},{"startTime":3015.0,"endTime":3016.0,"start":0.5,"end":0.5,"start2":0.23576693,"end2":0.2316575},{"startTime":3016.0,"endTime":3017.0,"start":0.5,"end":0.5,"start2":0.2316575,"end2":0.22785181},{"startTime":3017.0,"endTime":3018.0,"start":0.5,"end":0.5,"start2":0.22785181,"end2":0.2243859},{"startTime":3018.0,"endTime":3019.0,"start":0.5,"end":0.5,"start2":0.2243859,"end2":0.2212057},{"startTime":3019.0,"endTime":3020.0,"start":0.5,"end":0.5,"start2":0.2212057,"end2":0.21832113},{"startTime":3020.0,"endTime":3021.0,"start":0.5,"end":0.5,"start2":0.21832113,"end2":0.21571045},{"startTime":3021.0,"endTime":3022.0,"start":0.5,"end":0.5,"start2":0.21571045,"end2":0.21335398},{"startTime":3022.0,"endTime":3023.0,"start":0.5,"end":0.5,"start2":0.21335398,"end2":0.2112567},{"startTime":3023.0,"endTime":3024.0,"start":0.5,"end":0.5,"start2":0.2112567,"end2":0.20937501},{"startTime":3024.0,"endTime":3025.0,"start":0.5,"end":0.5,"start2":0.20937501,"end2":0.20773514},{"startTime":3025.0,"endTime":3026.0,"start":0.5,"end":0.5,"start2":0.20773514,"end2":0.20628478},{"startTime":3026.0,"endTime":3027.0,"start":0.5,"end":0.5,"start2":0.20628478,"end2":0.20503645},{"startTime":3027.0,"endTime":3028.0,"start":0.5,"end":0.5,"start2":0.20503645,"end2":0.20396137},{"startTime":3028.0,"endTime":3029.0,"start":0.5,"end":0.5,"start2":0.20396137,"end2":0.20305118},{"startTime":3029.0,"endTime":3030.0,"start":0.5,"end":0.5,"start2":0.20305118,"end2":0.20229536},{"startTime":3030.0,"endTime":3031.0,"start":0.5,"end":0.5,"start2":0.20229536,"end2":0.2016701},{"startTime":3031.0,"endTime":3032.0,"start":0.5,"end":0.5,"start2":0.2016701,"end2":0.20117752},{"startTime":3032.0,"endTime":3033.0,"start":0.5,"end":0.5,"start2":0.20117752,"end2":0.20078617},{"startTime":3033.0,"endTime":3034.0,"start":0.5,"end":0.5,"start2":0.20078617,"end2":0.20049839},{"startTime":3034.0,"endTime":3035.0,"start":0.5,"end":0.5,"start2":0.20049839,"end2":0.20028818},{"startTime":3035.0,"endTime":3036.0,"start":0.5,"end":0.5,"start2":0.20028818,"end2":0.20014867},{"startTime":3036.0,"endTime":3037.0,"start":0.5,"end":0.5,"start2":0.20014867,"end2":0.20006356},{"startTime":3037.0,"endTime":3038.0,"start":0.5,"end":0.5,"start2":0.20006356,"end2":0.20001899},{"startTime":3038.0,"endTime":3039.0,"start":0.5,"end":0.5,"start2":0.20001899,"end2":0.20000297},{"startTime":3039.0,"endTime":3040.0,"start":0.5,"end":0.5,"start2":0.20000297,"end2":0.2},{"startTime":3040.0,"endTime":3488.0,"start":0.5,"end":0.5,"start2":0.2,"end2":0.2},{"startTime":3488.0,"endTime":4384.0,"start":0.5,"end":0.5,"start2":0.2,"end2":0.5},{"startTime":4384.0,"endTime":4768.0,"start":0.5,"end":0.5,"start2":0.5,"end2":0.5},{"startTime":4768.0,"endTime":4992.0,"start":0.5,"end":0.5,"start2":0.5,"end2":0.2},{"startTime":4992.0,"endTime":5000.0,"start":0.5,"end":0.5,"start2":0.2,"end2":0.15},{"startTime":5000.0,"endTime":5004.0,"start":0.5,"end":0.5,"start2":0.15,"end2":0.22884615},{"startTime":5004.0,"endTime":5008.0,"start":0.5,"end":0.5,"start2":0.22884615,"end2":0.2},{"startTime":5008.0,"endTime":5920.0,"start":0.5,"end":0.5,"start2":0.2,"end2":0.2},{"startTime":5920.0,"endTime":6016.0,"start":0.5,"end":0.5,"start2":0.2,"end2":0.8},{"startTime":6016.0,"endTime":6048.0,"start":0.5,"end":0.5,"start2":0.8,"end2":0.8},{"startTime":6048.0,"endTime":6144.0,"start":0.5,"end":0.5,"start2":0.8,"end2":0.2},{"startTime":6144.0,"endTime":7232.0,"start":0.5,"end":0.5,"start2":0.2,"end2":0.2},{"startTime":7232.0,"endTime":7264.0,"start":0.5,"end":0.5,"start2":0.2,"end2":0.3},{"startTime":7264.0,"endTime":7296.0,"start":0.5,"end":0.5,"start2":0.3,"end2":0.3},{"startTime":7296.0,"endTime":7328.0,"start":0.5,"end":0.5,"start2":0.3,"end2":0.2},{"startTime":7328.0,"endTime":7360.0,"start":0.5,"end":0.5,"start2":0.2,"end2":0.2},{"startTime":7360.0,"endTime":7392.0,"start":0.5,"end":0.5,"start2":0.2,"end2":0.3},{"startTime":7392.0,"endTime":7424.0,"start":0.5,"end":0.5,"start2":0.3,"end2":0.3},{"startTime":7424.0,"endTime":7456.0,"start":0.5,"end":0.5,"start2":0.3,"end2":0.2},{"startTime":7456.0,"endTime":7488.0,"start":0.5,"end":0.5,"start2":0.2,"end2":0.2},{"startTime":7488.0,"endTime":7520.0,"start":0.5,"end":0.5,"start2":0.2,"end2":0.3},{"startTime":7520.0,"endTime":7552.0,"start":0.5,"end":0.5,"start2":0.3,"end2":0.3},{"startTime":7552.0,"endTime":7584.0,"start":0.5,"end":0.5,"start2":0.3,"end2":0.2},{"startTime":7584.0,"endTime":7712.0,"start":0.5,"end":0.5,"start2":0.2,"end2":0.2},{"startTime":7712.0,"endTime":7776.0,"start":0.5,"end":0.5,"start2":0.2,"end2":0.3},{"startTime":7776.0,"endTime":7840.0,"start":0.5,"end":0.5,"start2":0.3,"end2":0.2},{"startTime":7840.0,"endTime":7904.0,"start":0.5,"end":0.5,"start2":0.2,"end2":0.3},{"startTime":7904.0,"endTime":7968.0,"start":0.5,"end":0.5,"start2":0.3,"end2":0.2},{"startTime":7968.0,"endTime":8224.0,"start":0.5,"end":0.5,"start2":0.2,"end2":0.2},{"startTime":8224.0,"endTime":9120.0,"start":0.5,"end":0.5,"start2":0.2,"end2":0.5},{"startTime":9120.0,"endTime":1000000000.0,"start":0.5,"end":0.5,"start2":0.5,"end2":0.5}],"judgeLineRotateEvents":[{"startTime":-999999.0,"endTime":1312.0,"start":0.0,"end":0.0},{"startTime":1312.0,"endTime":1328.0,"start":0.0,"end":-10.0},{"startTime":1328.0,"endTime":1344.0,"start":-9.0,"end":10.0},{"startTime":1344.0,"endTime":1360.0,"start":10.0,"end":-5.0},{"startTime":1360.0,"endTime":1376.0,"start":-4.0,"end":5.0},{"startTime":1376.0,"endTime":1424.0,"start":5.0,"end":0.0},{"startTime":1424.0,"endTime":1440.0,"start":0.0,"end":0.0},{"startTime":1440.0,"endTime":1448.0,"start":0.0,"end":5.0},{"startTime":1448.0,"endTime":1456.0,"start":5.0,"end":0.0},{"startTime":1456.0,"endTime":1504.0,"start":0.0,"end":0.0},{"startTime":1504.0,"endTime":1512.0,"start":0.0,"end":-5.0},{"startTime":1512.0,"endTime":1520.0,"start":-4.0,"end":0.0},{"startTime":1520.0,"endTime":1568.0,"start":0.0,"end":0.0},{"startTime":1568.0,"endTime":1576.0,"start":0.0,"end":5.0},{"startTime":1576.0,"endTime":1584.0,"start":5.0,"end":0.0},{"startTime":1584.0,"endTime":1632.0,"start":0.0,"end":0.0},{"startTime":1632.0,"endTime":1640.0,"start":0.0,"end":-5.0},{"startTime":1640.0,"endTime":1648.0,"start":-4.0,"end":0.0},{"startTime":1648.0,"endTime":1696.0,"start":0.0,"end":0.0},{"startTime":1696.0,"endTime":1704.0,"start":0.0,"end":5.0},{"startTime":1704.0,"endTime":1712.0,"start":5.0,"end":0.0},{"startTime":1712.0,"endTime":1760.0,"start":0.0,"end":0.0},{"startTime":1760.0,"endTime":1768.0,"start":0.0,"end":-5.0},{"startTime":1768.0,"endTime":1776.0,"start":-4.0,"end":0.0},{"startTime":1776.0,"endTime":1952.0,"start":0.0,"end":0.0},{"startTime":1952.0,"endTime":1960.0,"start":0.0,"end":-5.0},{"startTime":1960.0,"endTime":1968.0,"start":-4.0,"end":0.0},{"startTime":1968.0,"endTime":2016.0,"start":0.0,"end":0.0},{"startTime":2016.0,"endTime":2024.0,"start":0.0,"end":5.0},{"startTime":2024.0,"endTime":2032.0,"start":5.0,"end":0.0},{"startTime":2032.0,"endTime":2080.0,"start":0.0,"end":0.0},{"startTime":2080.0,"endTime":2088.0,"start":0.0,"end":-5.0},{"startTime":2088.0,"endTime":2096.0,"start":-4.0,"end":0.0},{"startTime":2096.0,"endTime":2144.0,"start":0.0,"end":0.0},{"startTime":2144.0,"endTime":2152.0,"start":0.0,"end":5.0},{"startTime":2152.0,"endTime":2160.0,"start":5.0,"end":0.0},{"startTime":2160.0,"endTime":2208.0,"start":0.0,"end":0.0},{"startTime":2208.0,"endTime":2216.0,"start":0.0,"end":-5.0},{"startTime":2216.0,"endTime":2224.0,"start":-4.0,"end":0.0},{"startTime":2224.0,"endTime":2272.0,"start":0.0,"end":0.0},{"startTime":2272.0,"endTime":2280.0,"start":0.0,"end":5.0},{"startTime":2280.0,"endTime":2288.0,"start":5.0,"end":0.0},{"startTime":2288.0,"endTime":2528.0,"start":0.0,"end":0.0},{"startTime":2528.0,"endTime":2688.0,"start":0.0,"end":10.0},{"startTime":2688.0,"endTime":2848.0,"start":10.0,"end":0.0},{"startTime":2848.0,"endTime":3040.0,"start":0.0,"end":0.0},{"startTime":3040.0,"endTime":3200.0,"start":0.0,"end":-10.0},{"startTime":3200.0,"endTime":3360.0,"start":-10.0,"end":0.0},{"startTime":3360.0,"endTime":3488.0,"start":0.0,"end":0.0},{"startTime":3488.0,"endTime":4384.0,"start":0.0,"end":360.0},{"startTime":4384.0,"endTime":5280.0,"start":0.0,"end":0.0},{"startTime":5280.0,"endTime":5281.0,"start":0.0,"end":0.0012649999},{"startTime":5281.0,"endTime":5282.0,"start":0.0012649999,"end":0.00991},{"startTime":5282.0,"endTime":5283.0,"start":0.00991,"end":0.033225004},{"startTime":5283.0,"endTime":5284.0,"start":0.033225004,"end":0.07849999},{"startTime":5284.0,"endTime":5285.0,"start":0.07849999,"end":0.153025},{"startTime":5285.0,"endTime":5286.0,"start":0.153025,"end":0.26409},{"startTime":5286.0,"endTime":5287.0,"start":0.26409,"end":0.418985},{"startTime":5287.0,"endTime":5288.0,"start":0.418985,"end":0.625},{"startTime":5288.0,"endTime":5289.0,"start":0.625,"end":0.890265},{"startTime":5289.0,"endTime":5290.0,"start":0.890265,"end":1.22141},{"startTime":5290.0,"endTime":5291.0,"start":1.22141,"end":1.625725},{"startTime":5291.0,"endTime":5292.0,"start":1.625725,"end":2.1105},{"startTime":5292.0,"endTime":5293.0,"start":2.1105,"end":2.683025},{"startTime":5293.0,"endTime":5294.0,"start":2.683025,"end":3.3505898},{"startTime":5294.0,"endTime":5295.0,"start":3.3505898,"end":4.120485},{"startTime":5295.0,"endTime":5296.0,"start":4.120485,"end":5.0},{"startTime":5296.0,"endTime":5297.0,"start":5.0,"end":5.8795147},{"startTime":5297.0,"endTime":5298.0,"start":5.8795147,"end":6.6494093},{"startTime":5298.0,"endTime":5299.0,"start":6.6494093,"end":7.316975},{"startTime":5299.0,"endTime":5300.0,"start":7.316975,"end":7.8894997},{"startTime":5300.0,"endTime":5301.0,"start":7.8894997,"end":8.374275},{"startTime":5301.0,"endTime":5302.0,"start":8.374275,"end":8.77859},{"startTime":5302.0,"endTime":5303.0,"start":8.77859,"end":9.109735},{"startTime":5303.0,"endTime":5304.0,"start":9.109735,"end":9.375},{"startTime":5304.0,"endTime":5305.0,"start":9.375,"end":9.581015},{"startTime":5305.0,"endTime":5306.0,"start":9.581015,"end":9.735909},{"startTime":5306.0,"endTime":5307.0,"start":9.735909,"end":9.846975},{"startTime":5307.0,"endTime":5308.0,"start":9.846975,"end":9.9215},{"startTime":5308.0,"endTime":5309.0,"start":9.9215,"end":9.966775},{"startTime":5309.0,"endTime":5310.0,"start":9.966775,"end":9.99009},{"startTime":5310.0,"endTime":5311.0,"start":9.99009,"end":9.998735},{"startTime":5311.0,"endTime":5312.0,"start":9.998735,"end":10.0},{"startTime":5312.0,"endTime":5313.0,"start":10.0,"end":9.99747},{"startTime":5313.0,"endTime":5314.0,"start":9.99747,"end":9.98018},{"startTime":5314.0,"endTime":5315.0,"start":9.98018,"end":9.93355},{"startTime":5315.0,"endTime":5316.0,"start":9.93355,"end":9.843},{"startTime":5316.0,"endTime":5317.0,"start":9.843,"end":9.69395},{"startTime":5317.0,"endTime":5318.0,"start":9.69395,"end":9.47182},{"startTime":5318.0,"endTime":5319.0,"start":9.47182,"end":9.16203},{"startTime":5319.0,"endTime":5320.0,"start":9.16203,"end":8.75},{"startTime":5320.0,"endTime":5321.0,"start":8.75,"end":8.21947},{"startTime":5321.0,"endTime":5322.0,"start":8.21947,"end":7.55718},{"startTime":5322.0,"endTime":5323.0,"start":7.55718,"end":6.74855},{"startTime":5323.0,"endTime":5324.0,"start":6.74855,"end":5.779},{"startTime":5324.0,"endTime":5325.0,"start":5.779,"end":4.63395},{"startTime":5325.0,"endTime":5326.0,"start":4.63395,"end":3.2988203},{"startTime":5326.0,"endTime":5327.0,"start":3.2988203,"end":1.7590302},{"startTime":5327.0,"endTime":5328.0,"start":1.7590302,"end":0.0},{"startTime":5328.0,"endTime":5329.0,"start":0.0,"end":-1.7590296},{"startTime":5329.0,"endTime":5330.0,"start":-1.7590296,"end":-3.298819},{"startTime":5330.0,"endTime":5331.0,"start":-3.298819,"end":-4.63395},{"startTime":5331.0,"endTime":5332.0,"start":-4.63395,"end":-5.7789993},{"startTime":5332.0,"endTime":5333.0,"start":-5.7789993,"end":-6.74855},{"startTime":5333.0,"endTime":5334.0,"start":-6.74855,"end":-7.55718},{"startTime":5334.0,"endTime":5335.0,"start":-7.55718,"end":-8.21947},{"startTime":5335.0,"endTime":5336.0,"start":-8.21947,"end":-8.75},{"startTime":5336.0,"endTime":5337.0,"start":-8.75,"end":-9.16203},{"startTime":5337.0,"endTime":5338.0,"start":-9.16203,"end":-9.471819},{"startTime":5338.0,"endTime":5339.0,"start":-9.471819,"end":-9.693951},{"startTime":5339.0,"endTime":5340.0,"start":-9.693951,"end":-9.843},{"startTime":5340.0,"endTime":5341.0,"start":-9.843,"end":-9.93355},{"startTime":5341.0,"endTime":5342.0,"start":-9.93355,"end":-9.980181},{"startTime":5342.0,"endTime":5343.0,"start":-9.980181,"end":-9.997471},{"startTime":5343.0,"endTime":5344.0,"start":-9.997471,"end":-10.0},{"startTime":5344.0,"endTime":5345.0,"start":-10.0,"end":-9.998735},{"startTime":5345.0,"endTime":5346.0,"start":-9.998735,"end":-9.99009},{"startTime":5346.0,"endTime":5347.0,"start":-9.99009,"end":-9.966775},{"startTime":5347.0,"endTime":5348.0,"start":-9.966775,"end":-9.9215},{"startTime":5348.0,"endTime":5349.0,"start":-9.9215,"end":-9.846975},{"startTime":5349.0,"endTime":5350.0,"start":-9.846975,"end":-9.73591},{"startTime":5350.0,"endTime":5351.0,"start":-9.73591,"end":-9.581015},{"startTime":5351.0,"endTime":5352.0,"start":-9.581015,"end":-9.375},{"startTime":5352.0,"endTime":5353.0,"start":-9.375,"end":-9.1097355},{"startTime":5353.0,"endTime":5354.0,"start":-9.1097355,"end":-8.77859},{"startTime":5354.0,"endTime":5355.0,"start":-8.77859,"end":-8.374275},{"startTime":5355.0,"endTime":5356.0,"start":-8.374275,"end":-7.8895},{"startTime":5356.0,"endTime":5357.0,"start":-7.8895,"end":-7.316975},{"startTime":5357.0,"endTime":5358.0,"start":-7.316975,"end":-6.6494102},{"startTime":5358.0,"endTime":5359.0,"start":-6.6494102,"end":-5.879515},{"startTime":5359.0,"endTime":5360.0,"start":-5.879515,"end":-5.0},{"startTime":5360.0,"endTime":5361.0,"start":-5.0,"end":-4.1204853},{"startTime":5361.0,"endTime":5362.0,"start":-4.1204853,"end":-3.3505905},{"startTime":5362.0,"endTime":5363.0,"start":-3.3505905,"end":-2.683025},{"startTime":5363.0,"endTime":5364.0,"start":-2.683025,"end":-2.1105003},{"startTime":5364.0,"endTime":5365.0,"start":-2.1105003,"end":-1.625725},{"startTime":5365.0,"endTime":5366.0,"start":-1.625725,"end":-1.22141},{"startTime":5366.0,"endTime":5367.0,"start":-1.22141,"end":-0.8902651},{"startTime":5367.0,"endTime":5368.0,"start":-0.8902651,"end":-0.625},{"startTime":5368.0,"endTime":5369.0,"start":-0.625,"end":-0.4189849},{"startTime":5369.0,"endTime":5370.0,"start":-0.4189849,"end":-0.2640903},{"startTime":5370.0,"endTime":5371.0,"start":-0.2640903,"end":-0.1530248},{"startTime":5371.0,"endTime":5372.0,"start":-0.1530248,"end":-0.07849991},{"startTime":5372.0,"endTime":5373.0,"start":-0.07849991,"end":-0.03322482},{"startTime":5373.0,"endTime":5374.0,"start":-0.03322482,"end":-0.009909868},{"startTime":5374.0,"endTime":5375.0,"start":-0.009909868,"end":-0.0012648106},{"startTime":5375.0,"endTime":5376.0,"start":-0.0012648106,"end":0.0},{"startTime":5376.0,"endTime":6176.0,"start":0.0,"end":0.0},{"startTime":6176.0,"endTime":6304.0,"start":0.0,"end":5.0},{"startTime":6304.0,"endTime":6432.0,"start":5.0,"end":-5.0},{"startTime":6432.0,"endTime":6560.0,"start":-5.0,"end":0.0},{"startTime":6560.0,"endTime":6688.0,"start":0.0,"end":0.0},{"startTime":6688.0,"endTime":6816.0,"start":0.0,"end":-5.0},{"startTime":6816.0,"endTime":6944.0,"start":-4.0,"end":5.0},{"startTime":6944.0,"endTime":7072.0,"start":5.0,"end":0.0},{"startTime":7072.0,"endTime":7712.0,"start":0.0,"end":0.0},{"startTime":7712.0,"endTime":7776.0,"start":0.0,"end":5.0},{"startTime":7776.0,"endTime":7904.0,"start":5.0,"end":-5.0},{"startTime":7904.0,"endTime":7968.0,"start":-5.0,"end":0.0},{"startTime":7968.0,"endTime":8224.0,"start":0.0,"end":0.0},{"startTime":8224.0,"endTime":9120.0,"start":0.0,"end":360.0},{"startTime":9120.0,"endTime":1000000000.0,"start":360.0,"end":360.0}],"judgeLineDisappearEvents":[{"startTime":-999999.0,"endTime":1000000000.0,"start":1.0,"end":1.0}]},{"bpm":155.0,"notesAbove":[],"notesBelow":[],"speedEvents":[{"startTime":0.0,"endTime":7648.0,"value":1.0},{"startTime":7648.0,"endTime":1000000000.0,"value":2.0}],"judgeLineMoveEvents":[{"startTime":-999999.0,"endTime":30000.0,"start":0.5,"end":0.5,"start2":0.5,"end2":0.5},{"startTime":30000.0,"endTime":30001.0,"start":0.0,"end":0.0,"start2":0.0,"end2":0.0},{"startTime":30001.0,"endTime":1000000000.0,"start":0.5,"end":0.5,"start2":0.5,"end2":0.5}],"judgeLineRotateEvents":[{"startTime":-999999.0,"endTime":1000000000.0,"start":0.0,"end":0.0}],"judgeLineDisappearEvents":[{"startTime":-999999.0,"endTime":38064.0,"start":0.0,"end":0.0},{"startTime":38064.0,"endTime":30001.0,"start":0.0,"end":0.0},{"startTime":30001.0,"endTime":1000000000.0,"start":1.0,"end":1.0}]},{"bpm":155.0,"notesAbove":[],"notesBelow":[],"speedEvents":[{"startTime":0.0,"endTime":4384.0,"value":1.0},{"startTime":4384.0,"endTime":4992.0,"value":2.0},{"startTime":4992.0,"endTime":1000000000.0,"value":1.0}],"judgeLineMoveEvents":[{"startTime":-999999.0,"endTime":30000.0,"start":0.5,"end":0.5,"start2":0.5,"end2":0.5},{"startTime":30000.0,"endTime":30001.0,"start":0.0,"end":0.0,"start2":0.0,"end2":0.0},{"startTime":30001.0,"endTime":1000000000.0,"start":0.5,"end":0.5,"start2":0.5,"end2":0.5}],"judgeLineRotateEvents":[{"startTime":-999999.0,"endTime":1000000000.0,"start":0.0,"end":0.0}],"judgeLineDisappearEvents":[{"startTime":-999999.0,"endTime":35616.0,"start":0.0,"end":0.0},{"startTime":35616.0,"endTime":30001.0,"start":0.0,"end":0.0},{"startTime":30001.0,"endTime":1000000000.0,"start":1.0,"end":1.0}]},{"bpm":155.0,"notesAbove":[],"notesBelow":[],"speedEvents":[{"startTime":0.0,"endTime":4768.0,"value":1.0},{"startTime":4768.0,"endTime":1000000000.0,"value":2.0}],"judgeLineMoveEvents":[{"startTime":-999999.0,"endTime":30000.0,"start":0.5,"end":0.5,"start2":0.5,"end2":0.5},{"startTime":30000.0,"endTime":30001.0,"start":0.0,"end":0.0,"start2":0.0,"end2":0.0},{"startTime":30001.0,"endTime":1000000000.0,"start":0.5,"end":0.5,"start2":0.5,"end2":0.5}],"judgeLineRotateEvents":[{"startTime":-999999.0,"endTime":1000000000.0,"start":0.0,"end":0.0}],"judgeLineDisappearEvents":[{"startTime":-999999.0,"endTime":35552.0,"start":0.0,"end":0.0},{"startTime":35552.0,"endTime":30001.0,"start":0.0,"end":0.0},{"startTime":30001.0,"endTime":1000000000.0,"start":1.0,"end":1.0}]},{"bpm":155.0,"notesAbove":[],"notesBelow":[],"speedEvents":[{"startTime":0.0,"endTime":4768.0,"value":1.0},{"startTime":4768.0,"endTime":1000000000.0,"value":2.0}],"judgeLineMoveEvents":[{"startTime":-999999.0,"endTime":30000.0,"start":0.5,"end":0.5,"start2":0.5,"end2":0.5},{"startTime":30000.0,"endTime":30001.0,"start":0.0,"end":0.0,"start2":0.0,"end2":0.0},{"startTime":30001.0,"endTime":1000000000.0,"start":0.5,"end":0.5,"start2":0.5,"end2":0.5}],"judgeLineRotateEvents":[{"startTime":-999999.0,"endTime":1000000000.0,"start":0.0,"end":0.0}],"judgeLineDisappearEvents":[{"startTime":-999999.0,"endTime":30001.0,"start":0.0,"end":0.0},{"startTime":30001.0,"endTime":1000000000.0,"start":1.0,"end":1.0}]},{"bpm":155.0,"notesAbove":[],"notesBelow":[],"speedEvents":[{"startTime":0.0,"endTime":1000000000.0,"value":1.0}],"judgeLineMoveEvents":[{"startTime":-999999.0,"endTime":30000.0,"start":0.5,"end":0.5,"start2":0.5,"end2":0.5},{"startTime":30000.0,"endTime":30001.0,"start":0.0,"end":0.0,"start2":0.0,"end2":0.0},{"startTime":30001.0,"endTime":1000000000.0,"start":0.5,"end":0.5,"start2":0.5,"end2":0.5}],"judgeLineRotateEvents":[{"startTime":-999999.0,"endTime":1000000000.0,"start":0.0,"end":0.0}],"judgeLineDisappearEvents":[{"startTime":-999999.0,"endTime":30001.0,"start":0.0,"end":0.0},{"startTime":30001.0,"endTime":1000000000.0,"start":1.0,"end":1.0}]},{"bpm":155.0,"notesAbove":[],"notesBelow":[],"speedEvents":[{"startTime":0.0,"endTime":1000000000.0,"value":1.0}],"judgeLineMoveEvents":[{"startTime":-999999.0,"endTime":30000.0,"start":0.5,"end":0.5,"start2":0.5,"end2":0.5},{"startTime":30000.0,"endTime":30001.0,"start":0.0,"end":0.0,"start2":0.0,"end2":0.0},{"startTime":30001.0,"endTime":1000000000.0,"start":0.5,"end":0.5,"start2":0.5,"end2":0.5}],"judgeLineRotateEvents":[{"startTime":-999999.0,"endTime":1000000000.0,"start":0.0,"end":0.0}],"judgeLineDisappearEvents":[{"startTime":-999999.0,"endTime":30001.0,"start":0.0,"end":0.0},{"startTime":30001.0,"endTime":1000000000.0,"start":1.0,"end":1.0}]},{"bpm":155.0,"notesAbove":[],"notesBelow":[],"speedEvents":[{"startTime":0.0,"endTime":1000000000.0,"value":1.0}],"judgeLineMoveEvents":[{"startTime":-999999.0,"endTime":30000.0,"start":0.5,"end":0.5,"start2":0.5,"end2":0.5},{"startTime":30000.0,"endTime":30001.0,"start":0.0,"end":0.0,"start2":0.0,"end2":0.0},{"startTime":30001.0,"endTime":1000000000.0,"start":0.5,"end":0.5,"start2":0.5,"end2":0.5}],"judgeLineRotateEvents":[{"startTime":-999999.0,"endTime":1000000000.0,"start":0.0,"end":0.0}],"judgeLineDisappearEvents":[{"startTime":-999999.0,"endTime":30001.0,"start":0.0,"end":0.0},{"startTime":30001.0,"endTime":1000000000.0,"start":1.0,"end":1.0}]},{"bpm":155.0,"notesAbove":[],"notesBelow":[],"speedEvents":[{"startTime":0.0,"endTime":1000000000.0,"value":1.0}],"judgeLineMoveEvents":[{"startTime":-999999.0,"endTime":30000.0,"start":0.5,"end":0.5,"start2":0.5,"end2":0.5},{"startTime":30000.0,"endTime":30001.0,"start":0.0,"end":0.0,"start2":0.0,"end2":0.0},{"startTime":30001.0,"endTime":1000000000.0,"start":0.5,"end":0.5,"start2":0.5,"end2":0.5}],"judgeLineRotateEvents":[{"startTime":-999999.0,"endTime":1000000000.0,"start":0.0,"end":0.0}],"judgeLineDisappearEvents":[{"startTime":-999999.0,"endTime":30001.0,"start":0.0,"end":0.0},{"startTime":30001.0,"endTime":1000000000.0,"start":1.0,"end":1.0}]},{"bpm":155.0,"notesAbove":[],"notesBelow":[],"speedEvents":[{"startTime":0.0,"endTime":1000000000.0,"value":1.0}],"judgeLineMoveEvents":[{"startTime":-999999.0,"endTime":30000.0,"start":0.5,"end":0.5,"start2":0.5,"end2":0.5},{"startTime":30000.0,"endTime":30001.0,"start":0.0,"end":0.0,"start2":0.0,"end2":0.0},{"startTime":30001.0,"endTime":1000000000.0,"start":0.5,"end":0.5,"start2":0.5,"end2":0.5}],"judgeLineRotateEvents":[{"startTime":-999999.0,"endTime":1000000000.0,"start":0.0,"end":0.0}],"judgeLineDisappearEvents":[{"startTime":-999999.0,"endTime":30001.0,"start":0.0,"end":0.0},{"startTime":30001.0,"endTime":1000000000.0,"start":1.0,"end":1.0}]}]}