{"formatVersion":3,"offset":0.0,"judgeLineList":[{"bpm":200.0,"notesAbove":[{"type":1,"time":256,"positionX":-0.8421049,"holdTime":0.0,"speed":1.0,"floorPosition":3.72},{"type":1,"time":288,"positionX":-3.456141,"holdTime":0.0,"speed":1.0,"floorPosition":4.2000003},{"type":1,"time":320,"positionX":2.087719,"holdTime":0.0,"speed":1.0,"floorPosition":4.6800003},{"type":1,"time":352,"positionX":-4.035088,"holdTime":0.0,"speed":1.0,"floorPosition":5.16},{"type":1,"time":384,"positionX":1.14035,"holdTime":0.0,"speed":1.0,"floorPosition":5.64},{"type":1,"time":416,"positionX":-2.807017,"holdTime":0.0,"speed":1.0,"floorPosition":6.12},{"type":1,"time":448,"positionX":2.0,"holdTime":0.0,"speed":1.0,"floorPosition":6.6},{"type":1,"time":480,"positionX":-4.368421,"holdTime":0.0,"speed":1.0,"floorPosition":7.08},{"type":1,"time":512,"positionX":2.403508,"holdTime":0.0,"speed":1.0,"floorPosition":7.56},{"type":1,"time":544,"positionX":-4.421053,"holdTime":0.0,"speed":1.0,"floorPosition":8.04},{"type":1,"time":576,"positionX":1.421052,"holdTime":0.0,"speed":1.0,"floorPosition":8.52},{"type":1,"time":608,"positionX":-3.947369,"holdTime":0.0,"speed":1.0,"floorPosition":9.0},{"type":1,"time":640,"positionX":2.614036,"holdTime":0.0,"speed":1.0,"floorPosition":9.4800005},{"type":1,"time":672,"positionX":-4.982456,"holdTime":0.0,"speed":1.0,"floorPosition":9.96},{"type":1,"time":704,"positionX":1.403508,"holdTime":0.0,"speed":1.0,"floorPosition":10.440001},{"type":1,"time":736,"positionX":-3.473684,"holdTime":0.0,"speed":1.0,"floorPosition":10.92},{"type":1,"time":768,"positionX":2.842106,"holdTime":0.0,"speed":1.0,"floorPosition":11.400001},{"type":1,"time":800,"positionX":-3.912281,"holdTime":0.0,"speed":1.0,"floorPosition":11.88},{"type":1,"time":832,"positionX":1.105263,"holdTime":0.0,"speed":1.0,"floorPosition":12.360001},{"type":1,"time":864,"positionX":-2.824561,"holdTime":0.0,"speed":1.0,"floorPosition":12.84},{"type":1,"time":896,"positionX":2.543859,"holdTime":0.0,"speed":1.0,"floorPosition":13.320001},{"type":1,"time":928,"positionX":1.245614,"holdTime":0.0,"speed":1.0,"floorPosition":13.8},{"type":1,"time":960,"positionX":-1.263158,"holdTime":0.0,"speed":1.0,"floorPosition":14.280001},{"type":1,"time":1024,"positionX":-4.947369,"holdTime":0.0,"speed":1.0,"floorPosition":15.24},{"type":1,"time":1088,"positionX":1.736842,"holdTime":0.0,"speed":1.0,"floorPosition":16.2},{"type":1,"time":1152,"positionX":-2.701754,"holdTime":0.0,"speed":1.0,"floorPosition":17.16},{"type":1,"time":1184,"positionX":-2.754386,"holdTime":0.0,"speed":1.0,"floorPosition":17.64},{"type":1,"time":1216,"positionX":1.315789,"holdTime":0.0,"speed":1.0,"floorPosition":18.12},{"type":1,"time":1280,"positionX":-2.228069,"holdTime":0.0,"speed":1.0,"floorPosition":19.08},{"type":1,"time":1312,"positionX":2.719298,"holdTime":0.0,"speed":1.0,"floorPosition":19.56},{"type":1,"time":1344,"positionX":-2.85965,"holdTime":0.0,"speed":1.0,"floorPosition":20.04},{"type":1,"time":1376,"positionX":0.578948,"holdTime":0.0,"speed":1.0,"floorPosition":20.52},{"type":1,"time":1408,"positionX":-3.77193,"holdTime":0.0,"speed":1.0,"floorPosition":21.0},{"type":1,"time":1440,"positionX":-4.087719,"holdTime":0.0,"speed":1.0,"floorPosition":21.48},{"type":1,"time":1472,"positionX":-0.4385958,"holdTime":0.0,"speed":1.0,"floorPosition":21.960001},{"type":1,"time":1536,"positionX":1.54386,"holdTime":0.0,"speed":1.0,"floorPosition":22.92},{"type":1,"time":1600,"positionX":-4.0,"holdTime":0.0,"speed":1.0,"floorPosition":23.880001},{"type":1,"time":1664,"positionX":1.456141,"holdTime":0.0,"speed":1.0,"floorPosition":24.84},{"type":1,"time":1696,"positionX":0.3157902,"holdTime":0.0,"speed":1.0,"floorPosition":25.32},{"type":1,"time":1728,"positionX":-1.631578,"holdTime":0.0,"speed":1.0,"floorPosition":25.800001},{"type":1,"time":1792,"positionX":1.929825,"holdTime":0.0,"speed":1.0,"floorPosition":26.76},{"type":1,"time":1824,"positionX":1.789474,"holdTime":0.0,"speed":1.0,"floorPosition":27.24},{"type":1,"time":1856,"positionX":-2.701754,"holdTime":0.0,"speed":1.0,"floorPosition":27.720001},{"type":1,"time":1888,"positionX":2.22807,"holdTime":0.0,"speed":1.0,"floorPosition":28.2},{"type":1,"time":1920,"positionX":-3.403509,"holdTime":0.0,"speed":1.0,"floorPosition":28.68},{"type":1,"time":1952,"positionX":0.1228065,"holdTime":0.0,"speed":1.0,"floorPosition":29.16},{"type":1,"time":1984,"positionX":-5.140351,"holdTime":0.0,"speed":1.0,"floorPosition":29.640001},{"type":1,"time":2016,"positionX":-5.175438,"holdTime":0.0,"speed":1.0,"floorPosition":30.12},{"type":1,"time":2048,"positionX":2.333333,"holdTime":0.0,"speed":1.0,"floorPosition":30.6},{"type":1,"time":2080,"positionX":0.03508759,"holdTime":0.0,"speed":1.0,"floorPosition":31.08},{"type":1,"time":2112,"positionX":-1.754386,"holdTime":0.0,"speed":1.0,"floorPosition":31.560001},{"type":1,"time":2144,"positionX":1.701755,"holdTime":0.0,"speed":1.0,"floorPosition":32.04},{"type":1,"time":2176,"positionX":-2.561403,"holdTime":0.0,"speed":1.0,"floorPosition":32.52},{"type":1,"time":2208,"positionX":1.368422,"holdTime":0.0,"speed":1.0,"floorPosition":33.0},{"type":1,"time":2240,"positionX":-5.105263,"holdTime":0.0,"speed":1.0,"floorPosition":33.48},{"type":1,"time":2304,"positionX":0.3859634,"holdTime":0.0,"speed":1.0,"floorPosition":34.44},{"type":1,"time":2336,"positionX":-2.842105,"holdTime":0.0,"speed":1.0,"floorPosition":34.920002},{"type":1,"time":2368,"positionX":2.192983,"holdTime":0.0,"speed":1.0,"floorPosition":35.4},{"type":1,"time":2400,"positionX":-3.298245,"holdTime":0.0,"speed":1.0,"floorPosition":35.88},{"type":1,"time":2432,"positionX":0.333334,"holdTime":0.0,"speed":1.0,"floorPosition":36.36},{"type":1,"time":2464,"positionX":0.3508778,"holdTime":0.0,"speed":1.0,"floorPosition":36.84},{"type":1,"time":2496,"positionX":-3.403509,"holdTime":0.0,"speed":1.0,"floorPosition":37.32},{"type":1,"time":2560,"positionX":1.315789,"holdTime":0.0,"speed":1.0,"floorPosition":38.28},{"type":1,"time":2624,"positionX":-4.157895,"holdTime":0.0,"speed":1.0,"floorPosition":39.24},{"type":1,"time":2656,"positionX":1.596491,"holdTime":0.0,"speed":1.0,"floorPosition":39.72},{"type":1,"time":2688,"positionX":-1.894737,"holdTime":0.0,"speed":1.0,"floorPosition":40.2},{"type":1,"time":2816,"positionX":1.824561,"holdTime":0.0,"speed":1.0,"floorPosition":42.12},{"type":1,"time":2848,"positionX":-3.298245,"holdTime":0.0,"speed":1.0,"floorPosition":42.600002},{"type":1,"time":2880,"positionX":1.456141,"holdTime":0.0,"speed":1.0,"floorPosition":43.08},{"type":1,"time":2912,"positionX":-3.754386,"holdTime":0.0,"speed":1.0,"floorPosition":43.56},{"type":1,"time":2944,"positionX":2.210526,"holdTime":0.0,"speed":1.0,"floorPosition":44.04},{"type":1,"time":2976,"positionX":-0.8245611,"holdTime":0.0,"speed":1.0,"floorPosition":44.52},{"type":1,"time":3008,"positionX":-3.543859,"holdTime":0.0,"speed":1.0,"floorPosition":45.0},{"type":1,"time":3072,"positionX":2.491229,"holdTime":0.0,"speed":1.0,"floorPosition":45.96},{"type":1,"time":3136,"positionX":-2.508772,"holdTime":0.0,"speed":1.0,"floorPosition":46.920002},{"type":1,"time":3200,"positionX":2.508771,"holdTime":0.0,"speed":1.0,"floorPosition":47.88},{"type":1,"time":3232,"positionX":-4.807018,"holdTime":0.0,"speed":1.0,"floorPosition":48.36},{"type":1,"time":3264,"positionX":2.508771,"holdTime":0.0,"speed":1.0,"floorPosition":48.84},{"type":1,"time":3328,"positionX":0.3859634,"holdTime":0.0,"speed":1.0,"floorPosition":49.8},{"type":1,"time":3360,"positionX":-3.824561,"holdTime":0.0,"speed":1.0,"floorPosition":50.280003},{"type":1,"time":3392,"positionX":3.526316,"holdTime":0.0,"speed":1.0,"floorPosition":50.760002},{"type":1,"time":3424,"positionX":-3.561403,"holdTime":0.0,"speed":1.0,"floorPosition":51.24},{"type":1,"time":3456,"positionX":0.8070183,"holdTime":0.0,"speed":1.0,"floorPosition":51.72},{"type":1,"time":3488,"positionX":0.7192984,"holdTime":0.0,"speed":1.0,"floorPosition":52.2},{"type":1,"time":3520,"positionX":-1.859649,"holdTime":0.0,"speed":1.0,"floorPosition":52.68},{"type":1,"time":3584,"positionX":2.263157,"holdTime":0.0,"speed":1.0,"floorPosition":53.64},{"type":1,"time":3648,"positionX":-3.824561,"holdTime":0.0,"speed":1.0,"floorPosition":54.600002},{"type":1,"time":3712,"positionX":2.877192,"holdTime":0.0,"speed":1.0,"floorPosition":55.56},{"type":1,"time":3744,"positionX":-1.736842,"holdTime":0.0,"speed":1.0,"floorPosition":56.04},{"type":1,"time":3776,"positionX":-4.245614,"holdTime":0.0,"speed":1.0,"floorPosition":56.52},{"type":1,"time":3840,"positionX":1.052632,"holdTime":0.0,"speed":1.0,"floorPosition":57.48},{"type":1,"time":3872,"positionX":0.7192984,"holdTime":0.0,"speed":1.0,"floorPosition":57.96},{"type":1,"time":3904,"positionX":-3.175439,"holdTime":0.0,"speed":1.0,"floorPosition":58.440002},{"type":1,"time":3936,"positionX":-3.087719,"holdTime":0.0,"speed":1.0,"floorPosition":58.920002},{"type":1,"time":3968,"positionX":3.964911,"holdTime":0.0,"speed":1.0,"floorPosition":59.4},{"type":1,"time":4000,"positionX":3.473683,"holdTime":0.0,"speed":1.0,"floorPosition":59.88},{"type":1,"time":4032,"positionX":-2.736842,"holdTime":0.0,"speed":1.0,"floorPosition":60.36},{"type":1,"time":4064,"positionX":-2.842105,"holdTime":0.0,"speed":1.0,"floorPosition":60.84},{"type":1,"time":4096,"positionX":2.017545,"holdTime":0.0,"speed":1.0,"floorPosition":61.32},{"type":1,"time":4128,"positionX":1.842106,"holdTime":0.0,"speed":1.0,"floorPosition":61.8},{"type":1,"time":4160,"positionX":-4.754386,"holdTime":0.0,"speed":1.0,"floorPosition":62.280003},{"type":1,"time":4192,"positionX":-5.192983,"holdTime":0.0,"speed":1.0,"floorPosition":62.760002},{"type":1,"time":4224,"positionX":2.315789,"holdTime":0.0,"speed":1.0,"floorPosition":63.24},{"type":1,"time":4256,"positionX":3.421053,"holdTime":0.0,"speed":1.0,"floorPosition":63.72},{"type":1,"time":4288,"positionX":-2.035088,"holdTime":0.0,"speed":1.0,"floorPosition":64.200005},{"type":1,"time":4320,"positionX":-3.877192,"holdTime":0.0,"speed":1.0,"floorPosition":64.68},{"type":1,"time":4352,"positionX":2.035088,"holdTime":0.0,"speed":1.0,"floorPosition":65.16},{"type":1,"time":4384,"positionX":0.9473686,"holdTime":0.0,"speed":1.0,"floorPosition":65.64},{"type":1,"time":4416,"positionX":-6.508772,"holdTime":0.0,"speed":1.0,"floorPosition":66.12},{"type":1,"time":4448,"positionX":-4.0,"holdTime":0.0,"speed":1.0,"floorPosition":66.6},{"type":1,"time":4480,"positionX":4.245614,"holdTime":0.0,"speed":1.0,"floorPosition":67.08},{"type":1,"time":4512,"positionX":1.491228,"holdTime":0.0,"speed":1.0,"floorPosition":67.56},{"type":1,"time":4544,"positionX":-4.578947,"holdTime":0.0,"speed":1.0,"floorPosition":68.04},{"type":1,"time":4576,"positionX":4.052632,"holdTime":0.0,"speed":1.0,"floorPosition":68.520004},{"type":1,"time":4608,"positionX":-2.736842,"holdTime":0.0,"speed":1.0,"floorPosition":69.0},{"type":1,"time":4624,"positionX":0.9649124,"holdTime":0.0,"speed":1.0,"floorPosition":69.24},{"type":1,"time":4656,"positionX":-4.228069,"holdTime":0.0,"speed":1.0,"floorPosition":69.72},{"type":1,"time":4672,"positionX":3.228069,"holdTime":0.0,"speed":1.0,"floorPosition":69.96},{"type":1,"time":4704,"positionX":-2.964912,"holdTime":0.0,"speed":1.0,"floorPosition":70.44},{"type":1,"time":4736,"positionX":1.456141,"holdTime":0.0,"speed":1.0,"floorPosition":70.92},{"type":1,"time":4768,"positionX":-4.385965,"holdTime":0.0,"speed":1.0,"floorPosition":71.4},{"type":1,"time":4800,"positionX":2.210526,"holdTime":0.0,"speed":1.0,"floorPosition":71.880005},{"type":3,"time":4928,"positionX":-0.7017536,"holdTime":480.0,"speed":1.6,"floorPosition":73.8},{"type":1,"time":5440,"positionX":1.842106,"holdTime":0.0,"speed":1.0,"floorPosition":81.48},{"type":1,"time":5472,"positionX":-4.807018,"holdTime":0.0,"speed":1.0,"floorPosition":81.96},{"type":1,"time":5504,"positionX":2.824562,"holdTime":0.0,"speed":1.0,"floorPosition":82.44},{"type":1,"time":5536,"positionX":-4.192982,"holdTime":0.0,"speed":1.0,"floorPosition":82.92},{"type":1,"time":5568,"positionX":2.087719,"holdTime":0.0,"speed":1.0,"floorPosition":83.4},{"type":1,"time":5600,"positionX":1.982456,"holdTime":0.0,"speed":1.0,"floorPosition":83.880005},{"type":1,"time":5632,"positionX":-1.929825,"holdTime":0.0,"speed":1.0,"floorPosition":84.36},{"type":1,"time":5696,"positionX":-3.491228,"holdTime":0.0,"speed":1.0,"floorPosition":85.32},{"type":1,"time":5760,"positionX":2.561403,"holdTime":0.0,"speed":1.0,"floorPosition":86.28},{"type":1,"time":5824,"positionX":-3.315789,"holdTime":0.0,"speed":1.0,"floorPosition":87.24},{"type":1,"time":5856,"positionX":-3.315789,"holdTime":0.0,"speed":1.0,"floorPosition":87.72},{"type":1,"time":5888,"positionX":0.2105255,"holdTime":0.0,"speed":1.0,"floorPosition":88.200005},{"type":1,"time":5952,"positionX":0.4561405,"holdTime":0.0,"speed":1.0,"floorPosition":89.16},{"type":1,"time":5984,"positionX":-3.473684,"holdTime":0.0,"speed":1.0,"floorPosition":89.64},{"type":2,"time":6208,"positionX":-0.2456141,"holdTime":0.0,"speed":1.0,"floorPosition":105.270004},{"type":2,"time":6336,"positionX":-0.2631578,"holdTime":0.0,"speed":1.0,"floorPosition":105.630005},{"type":2,"time":6620,"positionX":0.9473686,"holdTime":0.0,"speed":1.0,"floorPosition":108.15001},{"type":2,"time":6624,"positionX":-0.5789471,"holdTime":0.0,"speed":1.0,"floorPosition":108.21001},{"type":2,"time":6628,"positionX":-2.157895,"holdTime":0.0,"speed":1.0,"floorPosition":108.27001},{"type":2,"time":6724,"positionX":-2.105263,"holdTime":0.0,"speed":1.0,"floorPosition":109.71001},{"type":2,"time":6728,"positionX":0.07017517,"holdTime":0.0,"speed":1.0,"floorPosition":109.77001},{"type":2,"time":6732,"positionX":1.245614,"holdTime":0.0,"speed":1.0,"floorPosition":109.83001},{"type":2,"time":6748,"positionX":-1.719298,"holdTime":0.0,"speed":1.0,"floorPosition":110.07001},{"type":2,"time":6752,"positionX":-0.2982464,"holdTime":0.0,"speed":1.0,"floorPosition":110.130005},{"type":1,"time":6792,"positionX":-0.7894735,"holdTime":0.0,"speed":1.0,"floorPosition":110.73001},{"type":1,"time":6848,"positionX":-0.666667,"holdTime":0.0,"speed":1.0,"floorPosition":111.57001},{"type":2,"time":7104,"positionX":1.614036,"holdTime":0.0,"speed":1.0,"floorPosition":115.41001},{"type":2,"time":7109,"positionX":1.421052,"holdTime":0.0,"speed":1.0,"floorPosition":115.48501},{"type":2,"time":7115,"positionX":1.02193,"holdTime":0.0,"speed":1.0,"floorPosition":115.57501},{"type":2,"time":7120,"positionX":0.5263152,"holdTime":0.0,"speed":1.0,"floorPosition":115.65001},{"type":2,"time":7125,"positionX":0.07017517,"holdTime":0.0,"speed":1.0,"floorPosition":115.725006},{"type":2,"time":7131,"positionX":-0.5087719,"holdTime":0.0,"speed":1.0,"floorPosition":115.81501},{"type":2,"time":7136,"positionX":-0.8771935,"holdTime":0.0,"speed":1.0,"floorPosition":115.89001},{"type":2,"time":7141,"positionX":-1.258772,"holdTime":0.0,"speed":1.0,"floorPosition":115.96501},{"type":2,"time":7147,"positionX":-1.749374,"holdTime":0.0,"speed":1.0,"floorPosition":116.05501},{"type":2,"time":7152,"positionX":-2.14035,"holdTime":0.0,"speed":1.0,"floorPosition":116.130005},{"type":2,"time":7157,"positionX":-2.591479,"holdTime":0.0,"speed":1.0,"floorPosition":116.20501},{"type":2,"time":7163,"positionX":-3.140351,"holdTime":0.0,"speed":1.0,"floorPosition":116.295006},{"type":2,"time":7189,"positionX":-3.754386,"holdTime":0.0,"speed":1.0,"floorPosition":116.685005},{"type":2,"time":7194,"positionX":-3.22807,"holdTime":0.0,"speed":1.0,"floorPosition":116.76001},{"type":2,"time":7200,"positionX":-2.807017,"holdTime":0.0,"speed":1.0,"floorPosition":116.850006},{"type":2,"time":7232,"positionX":1.54386,"holdTime":0.0,"speed":1.0,"floorPosition":117.33001},{"type":2,"time":7237,"positionX":0.666666,"holdTime":0.0,"speed":1.0,"floorPosition":117.40501},{"type":2,"time":7243,"positionX":0.2807026,"holdTime":0.0,"speed":1.0,"floorPosition":117.49501},{"type":2,"time":7248,"positionX":-0.7192984,"holdTime":0.0,"speed":1.0,"floorPosition":117.57001},{"type":2,"time":7253,"positionX":-1.052631,"holdTime":0.0,"speed":1.0,"floorPosition":117.64501},{"type":2,"time":7259,"positionX":-1.561404,"holdTime":0.0,"speed":1.0,"floorPosition":117.73501},{"type":2,"time":7264,"positionX":-1.789474,"holdTime":0.0,"speed":1.0,"floorPosition":117.810005},{"type":2,"time":7270,"positionX":-1.985965,"holdTime":0.0,"speed":1.0,"floorPosition":117.90001},{"type":2,"time":7275,"positionX":-2.323308,"holdTime":0.0,"speed":1.0,"floorPosition":117.975006},{"type":2,"time":7296,"positionX":-3.140351,"holdTime":0.0,"speed":1.0,"floorPosition":118.29001},{"type":2,"time":7301,"positionX":-2.631578,"holdTime":0.0,"speed":1.0,"floorPosition":118.365005},{"type":2,"time":7307,"positionX":-2.251462,"holdTime":0.0,"speed":1.0,"floorPosition":118.45501},{"type":2,"time":7312,"positionX":-1.754386,"holdTime":0.0,"speed":1.0,"floorPosition":118.53001},{"type":2,"time":7317,"positionX":-1.263158,"holdTime":0.0,"speed":1.0,"floorPosition":118.60501},{"type":2,"time":7323,"positionX":-0.7894735,"holdTime":0.0,"speed":1.0,"floorPosition":118.69501},{"type":2,"time":7328,"positionX":-0.4912281,"holdTime":0.0,"speed":1.0,"floorPosition":118.77001},{"type":2,"time":7360,"positionX":3.333334,"holdTime":0.0,"speed":1.0,"floorPosition":119.25001},{"type":2,"time":7365,"positionX":2.986355,"holdTime":0.0,"speed":1.0,"floorPosition":119.32501},{"type":2,"time":7371,"positionX":2.631578,"holdTime":0.0,"speed":1.0,"floorPosition":119.41501},{"type":2,"time":7376,"positionX":2.225877,"holdTime":0.0,"speed":1.0,"floorPosition":119.490005},{"type":2,"time":7381,"positionX":1.824561,"holdTime":0.0,"speed":1.0,"floorPosition":119.56501},{"type":2,"time":7387,"positionX":1.225877,"holdTime":0.0,"speed":1.0,"floorPosition":119.65501},{"type":2,"time":7392,"positionX":0.5087719,"holdTime":0.0,"speed":1.0,"floorPosition":119.73001},{"type":2,"time":7397,"positionX":-0.5087719,"holdTime":0.0,"speed":1.0,"floorPosition":119.80501},{"type":2,"time":7402,"positionX":-1.350878,"holdTime":0.0,"speed":1.0,"floorPosition":119.88001},{"type":2,"time":7408,"positionX":-2.350877,"holdTime":0.0,"speed":1.0,"floorPosition":119.97001},{"type":2,"time":7413,"positionX":-2.922306,"holdTime":0.0,"speed":1.0,"floorPosition":120.045006},{"type":2,"time":7418,"positionX":-3.350878,"holdTime":0.0,"speed":1.0,"floorPosition":120.12001},{"type":2,"time":7424,"positionX":-3.652313,"holdTime":0.0,"speed":1.0,"floorPosition":120.21001},{"type":2,"time":7429,"positionX":-3.877192,"holdTime":0.0,"speed":1.0,"floorPosition":120.28501},{"type":2,"time":7434,"positionX":-3.937343,"holdTime":0.0,"speed":1.0,"floorPosition":120.36001},{"type":2,"time":7440,"positionX":-3.894737,"holdTime":0.0,"speed":1.0,"floorPosition":120.45001},{"type":2,"time":7445,"positionX":-3.722807,"holdTime":0.0,"speed":1.0,"floorPosition":120.52501},{"type":2,"time":7450,"positionX":-3.391813,"holdTime":0.0,"speed":1.0,"floorPosition":120.600006},{"type":2,"time":7456,"positionX":-2.947369,"holdTime":0.0,"speed":1.0,"floorPosition":120.69001},{"type":2,"time":7461,"positionX":-2.298246,"holdTime":0.0,"speed":1.0,"floorPosition":120.76501},{"type":2,"time":7466,"positionX":-2.017544,"holdTime":0.0,"speed":1.0,"floorPosition":120.84001},{"type":2,"time":7472,"positionX":-1.610526,"holdTime":0.0,"speed":1.0,"floorPosition":120.93001},{"type":2,"time":7477,"positionX":-1.157895,"holdTime":0.0,"speed":1.0,"floorPosition":121.00501},{"type":2,"time":7482,"positionX":-0.6842108,"holdTime":0.0,"speed":1.0,"floorPosition":121.08001},{"type":1,"time":7488,"positionX":3.368422,"holdTime":0.0,"speed":1.0,"floorPosition":121.170006},{"type":1,"time":7552,"positionX":-2.771931,"holdTime":0.0,"speed":1.0,"floorPosition":122.13001},{"type":1,"time":7616,"positionX":1.807017,"holdTime":0.0,"speed":1.0,"floorPosition":123.09001},{"type":1,"time":7680,"positionX":-4.350877,"holdTime":0.0,"speed":1.0,"floorPosition":124.05001},{"type":1,"time":7744,"positionX":2.280702,"holdTime":0.0,"speed":1.0,"floorPosition":125.01001},{"type":1,"time":7808,"positionX":-2.771931,"holdTime":0.0,"speed":1.0,"floorPosition":125.97001},{"type":1,"time":7872,"positionX":1.947369,"holdTime":0.0,"speed":1.0,"floorPosition":126.93001},{"type":1,"time":8000,"positionX":1.54386,"holdTime":0.0,"speed":1.0,"floorPosition":128.85},{"type":1,"time":8064,"positionX":-2.315789,"holdTime":0.0,"speed":1.0,"floorPosition":129.81001},{"type":1,"time":8128,"positionX":3.263158,"holdTime":0.0,"speed":1.0,"floorPosition":130.77},{"type":1,"time":8192,"positionX":-3.315789,"holdTime":0.0,"speed":1.0,"floorPosition":131.73001},{"type":1,"time":8256,"positionX":1.68421,"holdTime":0.0,"speed":1.0,"floorPosition":132.69},{"type":1,"time":8320,"positionX":-4.14035,"holdTime":0.0,"speed":1.0,"floorPosition":133.65001},{"type":1,"time":8384,"positionX":-0.6842108,"holdTime":0.0,"speed":1.0,"floorPosition":134.61002},{"type":1,"time":8512,"positionX":0.4736843,"holdTime":0.0,"speed":1.0,"floorPosition":136.53001},{"type":1,"time":8512,"positionX":-5.0,"holdTime":0.0,"speed":1.0,"floorPosition":136.53001},{"type":1,"time":8576,"positionX":-3.719298,"holdTime":0.0,"speed":1.0,"floorPosition":137.49},{"type":1,"time":8576,"positionX":2.0,"holdTime":0.0,"speed":1.0,"floorPosition":137.49},{"type":1,"time":8640,"positionX":-1.526316,"holdTime":0.0,"speed":1.0,"floorPosition":138.45001},{"type":1,"time":8640,"positionX":4.0,"holdTime":0.0,"speed":1.0,"floorPosition":138.45001},{"type":1,"time":8704,"positionX":0.7368422,"holdTime":0.0,"speed":1.0,"floorPosition":139.41},{"type":1,"time":8704,"positionX":-5.0,"holdTime":0.0,"speed":1.0,"floorPosition":139.41},{"type":1,"time":8768,"positionX":-2.122807,"holdTime":0.0,"speed":1.0,"floorPosition":140.37001},{"type":1,"time":8768,"positionX":5.0,"holdTime":0.0,"speed":1.0,"floorPosition":140.37001},{"type":1,"time":8832,"positionX":3.421053,"holdTime":0.0,"speed":1.0,"floorPosition":141.33},{"type":1,"time":8832,"positionX":-4.0,"holdTime":0.0,"speed":1.0,"floorPosition":141.33},{"type":1,"time":8896,"positionX":-2.789474,"holdTime":0.0,"speed":1.0,"floorPosition":142.29001},{"type":1,"time":8896,"positionX":4.0,"holdTime":0.0,"speed":1.0,"floorPosition":142.29001},{"type":1,"time":8960,"positionX":0.2807026,"holdTime":0.0,"speed":1.0,"floorPosition":143.25002},{"type":1,"time":8960,"positionX":-5.0,"holdTime":0.0,"speed":1.0,"floorPosition":143.25002},{"type":1,"time":9024,"positionX":-2.631578,"holdTime":0.0,"speed":1.0,"floorPosition":144.21},{"type":1,"time":9024,"positionX":4.0,"holdTime":0.0,"speed":1.0,"floorPosition":144.21},{"type":1,"time":9088,"positionX":2.473684,"holdTime":0.0,"speed":1.0,"floorPosition":145.17001},{"type":1,"time":9088,"positionX":-5.0,"holdTime":0.0,"speed":1.0,"floorPosition":145.17001},{"type":1,"time":9152,"positionX":-3.614035,"holdTime":0.0,"speed":1.0,"floorPosition":146.13},{"type":1,"time":9152,"positionX":4.0,"holdTime":0.0,"speed":1.0,"floorPosition":146.13},{"type":1,"time":9216,"positionX":-0.1228065,"holdTime":0.0,"speed":1.0,"floorPosition":147.09001},{"type":1,"time":9216,"positionX":-5.0,"holdTime":0.0,"speed":1.0,"floorPosition":147.09001},{"type":1,"time":9280,"positionX":3.684211,"holdTime":0.0,"speed":1.0,"floorPosition":148.05},{"type":1,"time":9280,"positionX":-1.0,"holdTime":0.0,"speed":1.0,"floorPosition":148.05},{"type":1,"time":9344,"positionX":-2.421053,"holdTime":0.0,"speed":1.0,"floorPosition":149.01001},{"type":1,"time":9344,"positionX":4.0,"holdTime":0.0,"speed":1.0,"floorPosition":149.01001},{"type":1,"time":9408,"positionX":3.298245,"holdTime":0.0,"speed":1.0,"floorPosition":149.97002},{"type":1,"time":9408,"positionX":-6.0,"holdTime":0.0,"speed":1.0,"floorPosition":149.97002},{"type":1,"time":9472,"positionX":-1.0,"holdTime":0.0,"speed":1.0,"floorPosition":150.93001},{"type":1,"time":9472,"positionX":5.0,"holdTime":0.0,"speed":1.0,"floorPosition":150.93001},{"type":1,"time":9536,"positionX":-2.368422,"holdTime":0.0,"speed":1.0,"floorPosition":151.89001},{"type":1,"time":9600,"positionX":-2.0,"holdTime":0.0,"speed":1.0,"floorPosition":152.85},{"type":1,"time":9664,"positionX":-1.789474,"holdTime":0.0,"speed":1.0,"floorPosition":153.81001},{"type":1,"time":9728,"positionX":-1.877192,"holdTime":0.0,"speed":1.0,"floorPosition":154.77},{"type":1,"time":9792,"positionX":2.77193,"holdTime":0.0,"speed":1.0,"floorPosition":155.73001},{"type":1,"time":9856,"positionX":-5.31579,"holdTime":0.0,"speed":1.0,"floorPosition":156.69},{"type":1,"time":9920,"positionX":1.017544,"holdTime":0.0,"speed":1.0,"floorPosition":157.65001},{"type":1,"time":10048,"positionX":0.9122801,"holdTime":0.0,"speed":1.0,"floorPosition":159.57},{"type":1,"time":10112,"positionX":-2.877193,"holdTime":0.0,"speed":1.0,"floorPosition":160.53001},{"type":1,"time":10176,"positionX":2.596492,"holdTime":0.0,"speed":1.0,"floorPosition":161.49},{"type":1,"time":10240,"positionX":-3.245614,"holdTime":0.0,"speed":1.0,"floorPosition":162.45001},{"type":1,"time":10304,"positionX":0.4561405,"holdTime":0.0,"speed":1.0,"floorPosition":163.41},{"type":1,"time":10368,"positionX":-3.105263,"holdTime":0.0,"speed":1.0,"floorPosition":164.37001},{"type":1,"time":10432,"positionX":3.350878,"holdTime":0.0,"speed":1.0,"floorPosition":165.33},{"type":1,"time":10560,"positionX":-0.5087719,"holdTime":0.0,"speed":1.0,"floorPosition":167.25002},{"type":1,"time":10592,"positionX":-4.017544,"holdTime":0.0,"speed":1.0,"floorPosition":167.73001},{"type":1,"time":10624,"positionX":1.456141,"holdTime":0.0,"speed":1.0,"floorPosition":168.21},{"type":1,"time":10656,"positionX":-3.0,"holdTime":0.0,"speed":1.0,"floorPosition":168.69},{"type":1,"time":10688,"positionX":1.842106,"holdTime":0.0,"speed":1.0,"floorPosition":169.17001},{"type":1,"time":10720,"positionX":0.8070183,"holdTime":0.0,"speed":1.0,"floorPosition":169.65001},{"type":1,"time":10752,"positionX":-3.070175,"holdTime":0.0,"speed":1.0,"floorPosition":170.13},{"type":1,"time":10816,"positionX":1.526317,"holdTime":0.0,"speed":1.0,"floorPosition":171.09001},{"type":1,"time":10880,"positionX":-4.245614,"holdTime":0.0,"speed":1.0,"floorPosition":172.05},{"type":1,"time":10944,"positionX":1.596491,"holdTime":0.0,"speed":1.0,"floorPosition":173.01001},{"type":1,"time":10976,"positionX":-0.7719307,"holdTime":0.0,"speed":1.0,"floorPosition":173.49},{"type":1,"time":11008,"positionX":-3.263159,"holdTime":0.0,"speed":1.0,"floorPosition":173.97002},{"type":1,"time":11072,"positionX":1.614036,"holdTime":0.0,"speed":1.0,"floorPosition":174.93001},{"type":1,"time":11104,"positionX":-3.035088,"holdTime":0.0,"speed":1.0,"floorPosition":175.41},{"type":1,"time":11136,"positionX":3.719297,"holdTime":0.0,"speed":1.0,"floorPosition":175.89001},{"type":1,"time":11168,"positionX":-2.631578,"holdTime":0.0,"speed":1.0,"floorPosition":176.37001},{"type":1,"time":11200,"positionX":1.087719,"holdTime":0.0,"speed":1.0,"floorPosition":176.85},{"type":1,"time":11264,"positionX":-2.684211,"holdTime":0.0,"speed":1.0,"floorPosition":177.81001},{"type":1,"time":11328,"positionX":1.263159,"holdTime":0.0,"speed":1.0,"floorPosition":178.77},{"type":1,"time":11392,"positionX":-1.456141,"holdTime":0.0,"speed":1.0,"floorPosition":179.73001},{"type":1,"time":11424,"positionX":1.333333,"holdTime":0.0,"speed":1.0,"floorPosition":180.21},{"type":1,"time":11456,"positionX":-2.771931,"holdTime":0.0,"speed":1.0,"floorPosition":180.69},{"type":1,"time":11520,"positionX":1.842106,"holdTime":0.0,"speed":1.0,"floorPosition":181.65001},{"type":1,"time":11552,"positionX":1.315789,"holdTime":0.0,"speed":1.0,"floorPosition":182.13},{"type":1,"time":11584,"positionX":-0.6842108,"holdTime":0.0,"speed":1.0,"floorPosition":182.61002}],"notesBelow":[],"speedEvents":[{"startTime":0.0,"endTime":0.0,"value":1.0},{"startTime":0.0,"endTime":32.0,"value":1.2},{"startTime":32.0,"endTime":6000.0,"value":1.6},{"startTime":6000.0,"endTime":6016.0,"value":99.0},{"startTime":6016.0,"endTime":6464.0,"value":0.3},{"startTime":6464.0,"endTime":6496.0,"value":1.0},{"startTime":6496.0,"endTime":1000000000.0,"value":1.6}],"judgeLineMoveEvents":[{"startTime":-999999.0,"endTime":16.0,"start":0.5,"end":0.5,"start2":0.5,"end2":0.5},{"startTime":16.0,"endTime":20.0,"start":0.5,"end":0.5,"start2":0.5,"end2":0.4852683},{"startTime":20.0,"endTime":24.0,"start":0.5,"end":0.5,"start2":0.4852683,"end2":0.4710082},{"startTime":24.0,"endTime":28.0,"start":0.5,"end":0.5,"start2":0.4710082,"end2":0.45721248},{"startTime":28.0,"endTime":32.0,"start":0.5,"end":0.5,"start2":0.45721248,"end2":0.4439298},{"startTime":32.0,"endTime":36.0,"start":0.5,"end":0.5,"start2":0.4439298,"end2":0.4310947},{"startTime":36.0,"endTime":40.0,"start":0.5,"end":0.5,"start2":0.4310947,"end2":0.41869998},{"startTime":40.0,"endTime":44.0,"start":0.5,"end":0.5,"start2":0.41869998,"end2":0.4067913},{"startTime":44.0,"endTime":48.0,"start":0.5,"end":0.5,"start2":0.4067913,"end2":0.3953062},{"startTime":48.0,"endTime":52.0,"start":0.5,"end":0.5,"start2":0.3953062,"end2":0.3842375},{"startTime":52.0,"endTime":56.0,"start":0.5,"end":0.5,"start2":0.3842375,"end2":0.37362778},{"startTime":56.0,"endTime":60.0,"start":0.5,"end":0.5,"start2":0.37362778,"end2":0.36341769},{"startTime":60.0,"endTime":64.0,"start":0.5,"end":0.5,"start2":0.36341769,"end2":0.3536},{"startTime":64.0,"endTime":68.0,"start":0.5,"end":0.5,"start2":0.3536,"end2":0.3442143},{"startTime":68.0,"endTime":72.0,"start":0.5,"end":0.5,"start2":0.3442143,"end2":0.33520418},{"startTime":72.0,"endTime":76.0,"start":0.5,"end":0.5,"start2":0.33520418,"end2":0.3265625},{"startTime":76.0,"endTime":80.0,"start":0.5,"end":0.5,"start2":0.3265625,"end2":0.3183258},{"startTime":80.0,"endTime":84.0,"start":0.5,"end":0.5,"start2":0.3183258,"end2":0.3104407},{"startTime":84.0,"endTime":88.0,"start":0.5,"end":0.5,"start2":0.3104407,"end2":0.3029},{"startTime":88.0,"endTime":92.0,"start":0.5,"end":0.5,"start2":0.3029,"end2":0.2957373},{"startTime":92.0,"endTime":96.0,"start":0.5,"end":0.5,"start2":0.2957373,"end2":0.2889022},{"startTime":96.0,"endTime":100.0,"start":0.5,"end":0.5,"start2":0.2889022,"end2":0.28238747},{"startTime":100.0,"endTime":104.0,"start":0.5,"end":0.5,"start2":0.28238747,"end2":0.27622378},{"startTime":104.0,"endTime":108.0,"start":0.5,"end":0.5,"start2":0.27622378,"end2":0.2703637},{"startTime":108.0,"endTime":112.0,"start":0.5,"end":0.5,"start2":0.2703637,"end2":0.26479998},{"startTime":112.0,"endTime":116.0,"start":0.5,"end":0.5,"start2":0.26479998,"end2":0.2595603},{"startTime":116.0,"endTime":120.0,"start":0.5,"end":0.5,"start2":0.2595603,"end2":0.2546002},{"startTime":120.0,"endTime":124.0,"start":0.5,"end":0.5,"start2":0.2546002,"end2":0.2499125},{"startTime":124.0,"endTime":128.0,"start":0.5,"end":0.5,"start2":0.2499125,"end2":0.24552178},{"startTime":128.0,"endTime":132.0,"start":0.5,"end":0.5,"start2":0.24552178,"end2":0.2413867},{"startTime":132.0,"endTime":136.0,"start":0.5,"end":0.5,"start2":0.2413867,"end2":0.23749998},{"startTime":136.0,"endTime":140.0,"start":0.5,"end":0.5,"start2":0.23749998,"end2":0.23388329},{"startTime":140.0,"endTime":144.0,"start":0.5,"end":0.5,"start2":0.23388329,"end2":0.2304982},{"startTime":144.0,"endTime":148.0,"start":0.5,"end":0.5,"start2":0.2304982,"end2":0.2273375},{"startTime":148.0,"endTime":152.0,"start":0.5,"end":0.5,"start2":0.2273375,"end2":0.22441979},{"startTime":152.0,"endTime":156.0,"start":0.5,"end":0.5,"start2":0.22441979,"end2":0.22170968},{"startTime":156.0,"endTime":160.0,"start":0.5,"end":0.5,"start2":0.22170968,"end2":0.21919999},{"startTime":160.0,"endTime":164.0,"start":0.5,"end":0.5,"start2":0.21919999,"end2":0.2169063},{"startTime":164.0,"endTime":168.0,"start":0.5,"end":0.5,"start2":0.2169063,"end2":0.21479619},{"startTime":168.0,"endTime":172.0,"start":0.5,"end":0.5,"start2":0.21479619,"end2":0.21286249},{"startTime":172.0,"endTime":176.0,"start":0.5,"end":0.5,"start2":0.21286249,"end2":0.21111777},{"startTime":176.0,"endTime":180.0,"start":0.5,"end":0.5,"start2":0.21111777,"end2":0.20953268},{"startTime":180.0,"endTime":184.0,"start":0.5,"end":0.5,"start2":0.20953268,"end2":0.20809999},{"startTime":184.0,"endTime":188.0,"start":0.5,"end":0.5,"start2":0.20809999,"end2":0.20682928},{"startTime":188.0,"endTime":192.0,"start":0.5,"end":0.5,"start2":0.20682928,"end2":0.2056942},{"startTime":192.0,"endTime":196.0,"start":0.5,"end":0.5,"start2":0.2056942,"end2":0.20468749},{"startTime":196.0,"endTime":200.0,"start":0.5,"end":0.5,"start2":0.20468749,"end2":0.20381579},{"startTime":200.0,"endTime":204.0,"start":0.5,"end":0.5,"start2":0.20381579,"end2":0.20305568},{"startTime":204.0,"endTime":208.0,"start":0.5,"end":0.5,"start2":0.20305568,"end2":0.2024},{"startTime":208.0,"endTime":212.0,"start":0.5,"end":0.5,"start2":0.2024,"end2":0.20185229},{"startTime":212.0,"endTime":216.0,"start":0.5,"end":0.5,"start2":0.20185229,"end2":0.20139217},{"startTime":216.0,"endTime":220.0,"start":0.5,"end":0.5,"start2":0.20139217,"end2":0.20101249},{"startTime":220.0,"endTime":224.0,"start":0.5,"end":0.5,"start2":0.20101249,"end2":0.2007138},{"startTime":224.0,"endTime":228.0,"start":0.5,"end":0.5,"start2":0.2007138,"end2":0.20047869},{"startTime":228.0,"endTime":232.0,"start":0.5,"end":0.5,"start2":0.20047869,"end2":0.20029998},{"startTime":232.0,"endTime":236.0,"start":0.5,"end":0.5,"start2":0.20029998,"end2":0.2001753},{"startTime":236.0,"endTime":240.0,"start":0.5,"end":0.5,"start2":0.2001753,"end2":0.2000902},{"startTime":240.0,"endTime":244.0,"start":0.5,"end":0.5,"start2":0.2000902,"end2":0.20003748},{"startTime":244.0,"endTime":248.0,"start":0.5,"end":0.5,"start2":0.20003748,"end2":0.20001179},{"startTime":248.0,"endTime":252.0,"start":0.5,"end":0.5,"start2":0.20001179,"end2":0.20000169},{"startTime":252.0,"endTime":256.0,"start":0.5,"end":0.5,"start2":0.20000169,"end2":0.19999999},{"startTime":256.0,"endTime":1024.0,"start":0.5,"end":0.5,"start2":0.19999999,"end2":0.19999999},{"startTime":1024.0,"endTime":1032.0,"start":0.5,"end":0.5,"start2":0.19999999,"end2":0.20001264},{"startTime":1032.0,"endTime":1040.0,"start":0.5,"end":0.5,"start2":0.20001264,"end2":0.20009908},{"startTime":1040.0,"endTime":1048.0,"start":0.5,"end":0.5,"start2":0.20009908,"end2":0.20033224},{"startTime":1048.0,"endTime":1056.0,"start":0.5,"end":0.5,"start2":0.20033224,"end2":0.20078498},{"startTime":1056.0,"endTime":1064.0,"start":0.5,"end":0.5,"start2":0.20078498,"end2":0.20153023},{"startTime":1064.0,"endTime":1072.0,"start":0.5,"end":0.5,"start2":0.20153023,"end2":0.20264089},{"startTime":1072.0,"endTime":1080.0,"start":0.5,"end":0.5,"start2":0.20264089,"end2":0.20418984},{"startTime":1080.0,"endTime":1088.0,"start":0.5,"end":0.5,"start2":0.20418984,"end2":0.20624998},{"startTime":1088.0,"endTime":1096.0,"start":0.5,"end":0.5,"start2":0.20624998,"end2":0.20890264},{"startTime":1096.0,"endTime":1104.0,"start":0.5,"end":0.5,"start2":0.20890264,"end2":0.21221408},{"startTime":1104.0,"endTime":1112.0,"start":0.5,"end":0.5,"start2":0.21221408,"end2":0.21625724},{"startTime":1112.0,"endTime":1120.0,"start":0.5,"end":0.5,"start2":0.21625724,"end2":0.221105},{"startTime":1120.0,"endTime":1128.0,"start":0.5,"end":0.5,"start2":0.221105,"end2":0.22683023},{"startTime":1128.0,"endTime":1136.0,"start":0.5,"end":0.5,"start2":0.22683023,"end2":0.23350589},{"startTime":1136.0,"endTime":1144.0,"start":0.5,"end":0.5,"start2":0.23350589,"end2":0.24120483},{"startTime":1144.0,"endTime":1160.0,"start":0.5,"end":0.5,"start2":0.24120483,"end2":0.25879514},{"startTime":1160.0,"endTime":1168.0,"start":0.5,"end":0.5,"start2":0.25879514,"end2":0.26649407},{"startTime":1168.0,"endTime":1176.0,"start":0.5,"end":0.5,"start2":0.26649407,"end2":0.27316973},{"startTime":1176.0,"endTime":1184.0,"start":0.5,"end":0.5,"start2":0.27316973,"end2":0.278895},{"startTime":1184.0,"endTime":1192.0,"start":0.5,"end":0.5,"start2":0.278895,"end2":0.28374273},{"startTime":1192.0,"endTime":1200.0,"start":0.5,"end":0.5,"start2":0.28374273,"end2":0.2877859},{"startTime":1200.0,"endTime":1208.0,"start":0.5,"end":0.5,"start2":0.2877859,"end2":0.29109734},{"startTime":1208.0,"endTime":1216.0,"start":0.5,"end":0.5,"start2":0.29109734,"end2":0.29375},{"startTime":1216.0,"endTime":1224.0,"start":0.5,"end":0.5,"start2":0.29375,"end2":0.29581013},{"startTime":1224.0,"endTime":1232.0,"start":0.5,"end":0.5,"start2":0.29581013,"end2":0.29735908},{"startTime":1232.0,"endTime":1240.0,"start":0.5,"end":0.5,"start2":0.29735908,"end2":0.29846972},{"startTime":1240.0,"endTime":1248.0,"start":0.5,"end":0.5,"start2":0.29846972,"end2":0.299215},{"startTime":1248.0,"endTime":1256.0,"start":0.5,"end":0.5,"start2":0.299215,"end2":0.29966775},{"startTime":1256.0,"endTime":1264.0,"start":0.5,"end":0.5,"start2":0.29966775,"end2":0.2999009},{"startTime":1264.0,"endTime":1272.0,"start":0.5,"end":0.5,"start2":0.2999009,"end2":0.29998735},{"startTime":1272.0,"endTime":1280.0,"start":0.5,"end":0.5,"start2":0.29998735,"end2":0.29999998},{"startTime":1280.0,"endTime":1288.0,"start":0.5,"end":0.5,"start2":0.29999998,"end2":0.29998735},{"startTime":1288.0,"endTime":1296.0,"start":0.5,"end":0.5,"start2":0.29998735,"end2":0.2999009},{"startTime":1296.0,"endTime":1304.0,"start":0.5,"end":0.5,"start2":0.2999009,"end2":0.29966775},{"startTime":1304.0,"endTime":1312.0,"start":0.5,"end":0.5,"start2":0.29966775,"end2":0.299215},{"startTime":1312.0,"endTime":1320.0,"start":0.5,"end":0.5,"start2":0.299215,"end2":0.29846972},{"startTime":1320.0,"endTime":1328.0,"start":0.5,"end":0.5,"start2":0.29846972,"end2":0.29735908},{"startTime":1328.0,"endTime":1336.0,"start":0.5,"end":0.5,"start2":0.29735908,"end2":0.29581013},{"startTime":1336.0,"endTime":1344.0,"start":0.5,"end":0.5,"start2":0.29581013,"end2":0.29375},{"startTime":1344.0,"endTime":1352.0,"start":0.5,"end":0.5,"start2":0.29375,"end2":0.29109734},{"startTime":1352.0,"endTime":1360.0,"start":0.5,"end":0.5,"start2":0.29109734,"end2":0.2877859},{"startTime":1360.0,"endTime":1368.0,"start":0.5,"end":0.5,"start2":0.2877859,"end2":0.28374273},{"startTime":1368.0,"endTime":1376.0,"start":0.5,"end":0.5,"start2":0.28374273,"end2":0.278895},{"startTime":1376.0,"endTime":1384.0,"start":0.5,"end":0.5,"start2":0.278895,"end2":0.27316973},{"startTime":1384.0,"endTime":1392.0,"start":0.5,"end":0.5,"start2":0.27316973,"end2":0.2664941},{"startTime":1392.0,"endTime":1400.0,"start":0.5,"end":0.5,"start2":0.2664941,"end2":0.25879514},{"startTime":1400.0,"endTime":1408.0,"start":0.5,"end":0.5,"start2":0.25879514,"end2":0.24999999},{"startTime":1408.0,"endTime":1416.0,"start":0.5,"end":0.5,"start2":0.24999999,"end2":0.24120484},{"startTime":1416.0,"endTime":1424.0,"start":0.5,"end":0.5,"start2":0.24120484,"end2":0.23350589},{"startTime":1424.0,"endTime":1432.0,"start":0.5,"end":0.5,"start2":0.23350589,"end2":0.22683023},{"startTime":1432.0,"endTime":1440.0,"start":0.5,"end":0.5,"start2":0.22683023,"end2":0.221105},{"startTime":1440.0,"endTime":1448.0,"start":0.5,"end":0.5,"start2":0.221105,"end2":0.21625724},{"startTime":1448.0,"endTime":1456.0,"start":0.5,"end":0.5,"start2":0.21625724,"end2":0.21221408},{"startTime":1456.0,"endTime":1464.0,"start":0.5,"end":0.5,"start2":0.21221408,"end2":0.20890264},{"startTime":1464.0,"endTime":1472.0,"start":0.5,"end":0.5,"start2":0.20890264,"end2":0.20624998},{"startTime":1472.0,"endTime":1480.0,"start":0.5,"end":0.5,"start2":0.20624998,"end2":0.20418984},{"startTime":1480.0,"endTime":1488.0,"start":0.5,"end":0.5,"start2":0.20418984,"end2":0.20264089},{"startTime":1488.0,"endTime":1496.0,"start":0.5,"end":0.5,"start2":0.20264089,"end2":0.20153023},{"startTime":1496.0,"endTime":1504.0,"start":0.5,"end":0.5,"start2":0.20153023,"end2":0.20078498},{"startTime":1504.0,"endTime":1512.0,"start":0.5,"end":0.5,"start2":0.20078498,"end2":0.20033224},{"startTime":1512.0,"endTime":1520.0,"start":0.5,"end":0.5,"start2":0.20033224,"end2":0.20009908},{"startTime":1520.0,"endTime":1528.0,"start":0.5,"end":0.5,"start2":0.20009908,"end2":0.20001264},{"startTime":1528.0,"endTime":1536.0,"start":0.5,"end":0.5,"start2":0.20001264,"end2":0.19999999},{"startTime":1536.0,"endTime":1544.0,"start":0.5,"end":0.5,"start2":0.19999999,"end2":0.20001264},{"startTime":1544.0,"endTime":1552.0,"start":0.5,"end":0.5,"start2":0.20001264,"end2":0.20009908},{"startTime":1552.0,"endTime":1560.0,"start":0.5,"end":0.5,"start2":0.20009908,"end2":0.20033224},{"startTime":1560.0,"endTime":1568.0,"start":0.5,"end":0.5,"start2":0.20033224,"end2":0.20078498},{"startTime":1568.0,"endTime":1576.0,"start":0.5,"end":0.5,"start2":0.20078498,"end2":0.20153023},{"startTime":1576.0,"endTime":1584.0,"start":0.5,"end":0.5,"start2":0.20153023,"end2":0.20264089},{"startTime":1584.0,"endTime":1592.0,"start":0.5,"end":0.5,"start2":0.20264089,"end2":0.20418984},{"startTime":1592.0,"endTime":1600.0,"start":0.5,"end":0.5,"start2":0.20418984,"end2":0.20624998},{"startTime":1600.0,"endTime":1608.0,"start":0.5,"end":0.5,"start2":0.20624998,"end2":0.20890264},{"startTime":1608.0,"endTime":1616.0,"start":0.5,"end":0.5,"start2":0.20890264,"end2":0.21221408},{"startTime":1616.0,"endTime":1624.0,"start":0.5,"end":0.5,"start2":0.21221408,"end2":0.21625724},{"startTime":1624.0,"endTime":1632.0,"start":0.5,"end":0.5,"start2":0.21625724,"end2":0.221105},{"startTime":1632.0,"endTime":1640.0,"start":0.5,"end":0.5,"start2":0.221105,"end2":0.22683023},{"startTime":1640.0,"endTime":1648.0,"start":0.5,"end":0.5,"start2":0.22683023,"end2":0.23350589},{"startTime":1648.0,"endTime":1656.0,"start":0.5,"end":0.5,"start2":0.23350589,"end2":0.24120483},{"startTime":1656.0,"endTime":1672.0,"start":0.5,"end":0.5,"start2":0.24120483,"end2":0.25879514},{"startTime":1672.0,"endTime":1680.0,"start":0.5,"end":0.5,"start2":0.25879514,"end2":0.26649407},{"startTime":1680.0,"endTime":1688.0,"start":0.5,"end":0.5,"start2":0.26649407,"end2":0.27316973},{"startTime":1688.0,"endTime":1696.0,"start":0.5,"end":0.5,"start2":0.27316973,"end2":0.278895},{"startTime":1696.0,"endTime":1704.0,"start":0.5,"end":0.5,"start2":0.278895,"end2":0.28374273},{"startTime":1704.0,"endTime":1712.0,"start":0.5,"end":0.5,"start2":0.28374273,"end2":0.2877859},{"startTime":1712.0,"endTime":1720.0,"start":0.5,"end":0.5,"start2":0.2877859,"end2":0.29109734},{"startTime":1720.0,"endTime":1728.0,"start":0.5,"end":0.5,"start2":0.29109734,"end2":0.29375},{"startTime":1728.0,"endTime":1736.0,"start":0.5,"end":0.5,"start2":0.29375,"end2":0.29581013},{"startTime":1736.0,"endTime":1744.0,"start":0.5,"end":0.5,"start2":0.29581013,"end2":0.29735908},{"startTime":1744.0,"endTime":1752.0,"start":0.5,"end":0.5,"start2":0.29735908,"end2":0.29846972},{"startTime":1752.0,"endTime":1760.0,"start":0.5,"end":0.5,"start2":0.29846972,"end2":0.299215},{"startTime":1760.0,"endTime":1768.0,"start":0.5,"end":0.5,"start2":0.299215,"end2":0.29966775},{"startTime":1768.0,"endTime":1776.0,"start":0.5,"end":0.5,"start2":0.29966775,"end2":0.2999009},{"startTime":1776.0,"endTime":1784.0,"start":0.5,"end":0.5,"start2":0.2999009,"end2":0.29998735},{"startTime":1784.0,"endTime":1792.0,"start":0.5,"end":0.5,"start2":0.29998735,"end2":0.29999998},{"startTime":1792.0,"endTime":1800.0,"start":0.5,"end":0.5,"start2":0.29999998,"end2":0.29998735},{"startTime":1800.0,"endTime":1808.0,"start":0.5,"end":0.5,"start2":0.29998735,"end2":0.2999009},{"startTime":1808.0,"endTime":1816.0,"start":0.5,"end":0.5,"start2":0.2999009,"end2":0.29966775},{"startTime":1816.0,"endTime":1824.0,"start":0.5,"end":0.5,"start2":0.29966775,"end2":0.299215},{"startTime":1824.0,"endTime":1832.0,"start":0.5,"end":0.5,"start2":0.299215,"end2":0.29846972},{"startTime":1832.0,"endTime":1840.0,"start":0.5,"end":0.5,"start2":0.29846972,"end2":0.29735908},{"startTime":1840.0,"endTime":1848.0,"start":0.5,"end":0.5,"start2":0.29735908,"end2":0.29581013},{"startTime":1848.0,"endTime":1856.0,"start":0.5,"end":0.5,"start2":0.29581013,"end2":0.29375},{"startTime":1856.0,"endTime":1864.0,"start":0.5,"end":0.5,"start2":0.29375,"end2":0.29109734},{"startTime":1864.0,"endTime":1872.0,"start":0.5,"end":0.5,"start2":0.29109734,"end2":0.2877859},{"startTime":1872.0,"endTime":1880.0,"start":0.5,"end":0.5,"start2":0.2877859,"end2":0.28374273},{"startTime":1880.0,"endTime":1888.0,"start":0.5,"end":0.5,"start2":0.28374273,"end2":0.278895},{"startTime":1888.0,"endTime":1896.0,"start":0.5,"end":0.5,"start2":0.278895,"end2":0.27316973},{"startTime":1896.0,"endTime":1904.0,"start":0.5,"end":0.5,"start2":0.27316973,"end2":0.2664941},{"startTime":1904.0,"endTime":1912.0,"start":0.5,"end":0.5,"start2":0.2664941,"end2":0.25879514},{"startTime":1912.0,"endTime":1920.0,"start":0.5,"end":0.5,"start2":0.25879514,"end2":0.24999999},{"startTime":1920.0,"endTime":1928.0,"start":0.5,"end":0.5,"start2":0.24999999,"end2":0.24120484},{"startTime":1928.0,"endTime":1936.0,"start":0.5,"end":0.5,"start2":0.24120484,"end2":0.23350589},{"startTime":1936.0,"endTime":1944.0,"start":0.5,"end":0.5,"start2":0.23350589,"end2":0.22683023},{"startTime":1944.0,"endTime":1952.0,"start":0.5,"end":0.5,"start2":0.22683023,"end2":0.221105},{"startTime":1952.0,"endTime":1960.0,"start":0.5,"end":0.5,"start2":0.221105,"end2":0.21625724},{"startTime":1960.0,"endTime":1968.0,"start":0.5,"end":0.5,"start2":0.21625724,"end2":0.21221408},{"startTime":1968.0,"endTime":1976.0,"start":0.5,"end":0.5,"start2":0.21221408,"end2":0.20890264},{"startTime":1976.0,"endTime":1984.0,"start":0.5,"end":0.5,"start2":0.20890264,"end2":0.20624998},{"startTime":1984.0,"endTime":1992.0,"start":0.5,"end":0.5,"start2":0.20624998,"end2":0.20418984},{"startTime":1992.0,"endTime":2000.0,"start":0.5,"end":0.5,"start2":0.20418984,"end2":0.20264089},{"startTime":2000.0,"endTime":2008.0,"start":0.5,"end":0.5,"start2":0.20264089,"end2":0.20153023},{"startTime":2008.0,"endTime":2016.0,"start":0.5,"end":0.5,"start2":0.20153023,"end2":0.20078498},{"startTime":2016.0,"endTime":2024.0,"start":0.5,"end":0.5,"start2":0.20078498,"end2":0.20033224},{"startTime":2024.0,"endTime":2032.0,"start":0.5,"end":0.5,"start2":0.20033224,"end2":0.20009908},{"startTime":2032.0,"endTime":2040.0,"start":0.5,"end":0.5,"start2":0.20009908,"end2":0.20001264},{"startTime":2040.0,"endTime":2048.0,"start":0.5,"end":0.5,"start2":0.20001264,"end2":0.19999999},{"startTime":2048.0,"endTime":2056.0,"start":0.5,"end":0.5,"start2":0.19999999,"end2":0.2090819},{"startTime":2056.0,"endTime":2064.0,"start":0.5,"end":0.5,"start2":0.2090819,"end2":0.21759726},{"startTime":2064.0,"endTime":2072.0,"start":0.5,"end":0.5,"start2":0.21759726,"end2":0.2255643},{"startTime":2072.0,"endTime":2080.0,"start":0.5,"end":0.5,"start2":0.2255643,"end2":0.23300123},{"startTime":2080.0,"endTime":2088.0,"start":0.5,"end":0.5,"start2":0.23300123,"end2":0.2399263},{"startTime":2088.0,"endTime":2096.0,"start":0.5,"end":0.5,"start2":0.2399263,"end2":0.24635771},{"startTime":2096.0,"endTime":2104.0,"start":0.5,"end":0.5,"start2":0.24635771,"end2":0.2523137},{"startTime":2104.0,"endTime":2112.0,"start":0.5,"end":0.5,"start2":0.2523137,"end2":0.25781247},{"startTime":2112.0,"endTime":2120.0,"start":0.5,"end":0.5,"start2":0.25781247,"end2":0.26286688},{"startTime":2120.0,"endTime":2128.0,"start":0.5,"end":0.5,"start2":0.26286688,"end2":0.267501},{"startTime":2128.0,"endTime":2136.0,"start":0.5,"end":0.5,"start2":0.267501,"end2":0.27173305},{"startTime":2136.0,"endTime":2144.0,"start":0.5,"end":0.5,"start2":0.27173305,"end2":0.27558124},{"startTime":2144.0,"endTime":2152.0,"start":0.5,"end":0.5,"start2":0.27558124,"end2":0.2790638},{"startTime":2152.0,"endTime":2160.0,"start":0.5,"end":0.5,"start2":0.2790638,"end2":0.28219897},{"startTime":2160.0,"endTime":2168.0,"start":0.5,"end":0.5,"start2":0.28219897,"end2":0.28500494},{"startTime":2168.0,"endTime":2176.0,"start":0.5,"end":0.5,"start2":0.28500494,"end2":0.2875},{"startTime":2176.0,"endTime":2184.0,"start":0.5,"end":0.5,"start2":0.2875,"end2":0.28969878},{"startTime":2184.0,"endTime":2192.0,"start":0.5,"end":0.5,"start2":0.28969878,"end2":0.2916235},{"startTime":2192.0,"endTime":2200.0,"start":0.5,"end":0.5,"start2":0.2916235,"end2":0.29329243},{"startTime":2200.0,"endTime":2208.0,"start":0.5,"end":0.5,"start2":0.29329243,"end2":0.29472372},{"startTime":2208.0,"endTime":2216.0,"start":0.5,"end":0.5,"start2":0.29472372,"end2":0.29593566},{"startTime":2216.0,"endTime":2224.0,"start":0.5,"end":0.5,"start2":0.29593566,"end2":0.29694647},{"startTime":2224.0,"endTime":2232.0,"start":0.5,"end":0.5,"start2":0.29694647,"end2":0.2977743},{"startTime":2232.0,"endTime":2240.0,"start":0.5,"end":0.5,"start2":0.2977743,"end2":0.29843748},{"startTime":2240.0,"endTime":2248.0,"start":0.5,"end":0.5,"start2":0.29843748,"end2":0.29895252},{"startTime":2248.0,"endTime":2256.0,"start":0.5,"end":0.5,"start2":0.29895252,"end2":0.29933974},{"startTime":2256.0,"endTime":2264.0,"start":0.5,"end":0.5,"start2":0.29933974,"end2":0.2996174},{"startTime":2264.0,"endTime":2272.0,"start":0.5,"end":0.5,"start2":0.2996174,"end2":0.29980373},{"startTime":2272.0,"endTime":2280.0,"start":0.5,"end":0.5,"start2":0.29980373,"end2":0.29991692},{"startTime":2280.0,"endTime":2288.0,"start":0.5,"end":0.5,"start2":0.29991692,"end2":0.29997522},{"startTime":2288.0,"endTime":2296.0,"start":0.5,"end":0.5,"start2":0.29997522,"end2":0.29999682},{"startTime":2296.0,"endTime":2304.0,"start":0.5,"end":0.5,"start2":0.29999682,"end2":0.29999998},{"startTime":2304.0,"endTime":2312.0,"start":0.5,"end":0.5,"start2":0.29999998,"end2":0.29091808},{"startTime":2312.0,"endTime":2320.0,"start":0.5,"end":0.5,"start2":0.29091808,"end2":0.2824027},{"startTime":2320.0,"endTime":2328.0,"start":0.5,"end":0.5,"start2":0.2824027,"end2":0.27443567},{"startTime":2328.0,"endTime":2336.0,"start":0.5,"end":0.5,"start2":0.27443567,"end2":0.26699874},{"startTime":2336.0,"endTime":2344.0,"start":0.5,"end":0.5,"start2":0.26699874,"end2":0.26007366},{"startTime":2344.0,"endTime":2352.0,"start":0.5,"end":0.5,"start2":0.26007366,"end2":0.25364226},{"startTime":2352.0,"endTime":2360.0,"start":0.5,"end":0.5,"start2":0.25364226,"end2":0.24768627},{"startTime":2360.0,"endTime":2368.0,"start":0.5,"end":0.5,"start2":0.24768627,"end2":0.24218749},{"startTime":2368.0,"endTime":2376.0,"start":0.5,"end":0.5,"start2":0.24218749,"end2":0.23713307},{"startTime":2376.0,"endTime":2384.0,"start":0.5,"end":0.5,"start2":0.23713307,"end2":0.23249896},{"startTime":2384.0,"endTime":2392.0,"start":0.5,"end":0.5,"start2":0.23249896,"end2":0.22826692},{"startTime":2392.0,"endTime":2400.0,"start":0.5,"end":0.5,"start2":0.22826692,"end2":0.22441873},{"startTime":2400.0,"endTime":2408.0,"start":0.5,"end":0.5,"start2":0.22441873,"end2":0.22093618},{"startTime":2408.0,"endTime":2416.0,"start":0.5,"end":0.5,"start2":0.22093618,"end2":0.21780102},{"startTime":2416.0,"endTime":2424.0,"start":0.5,"end":0.5,"start2":0.21780102,"end2":0.21499503},{"startTime":2424.0,"endTime":2432.0,"start":0.5,"end":0.5,"start2":0.21499503,"end2":0.21249999},{"startTime":2432.0,"endTime":2440.0,"start":0.5,"end":0.5,"start2":0.21249999,"end2":0.2103012},{"startTime":2440.0,"endTime":2448.0,"start":0.5,"end":0.5,"start2":0.2103012,"end2":0.20837647},{"startTime":2448.0,"endTime":2456.0,"start":0.5,"end":0.5,"start2":0.20837647,"end2":0.20670755},{"startTime":2456.0,"endTime":2464.0,"start":0.5,"end":0.5,"start2":0.20670755,"end2":0.20527624},{"startTime":2464.0,"endTime":2472.0,"start":0.5,"end":0.5,"start2":0.20527624,"end2":0.20406431},{"startTime":2472.0,"endTime":2480.0,"start":0.5,"end":0.5,"start2":0.20406431,"end2":0.2030535},{"startTime":2480.0,"endTime":2488.0,"start":0.5,"end":0.5,"start2":0.2030535,"end2":0.20222566},{"startTime":2488.0,"endTime":2496.0,"start":0.5,"end":0.5,"start2":0.20222566,"end2":0.2015625},{"startTime":2496.0,"endTime":2504.0,"start":0.5,"end":0.5,"start2":0.2015625,"end2":0.20104745},{"startTime":2504.0,"endTime":2512.0,"start":0.5,"end":0.5,"start2":0.20104745,"end2":0.20066021},{"startTime":2512.0,"endTime":2520.0,"start":0.5,"end":0.5,"start2":0.20066021,"end2":0.20038255},{"startTime":2520.0,"endTime":2528.0,"start":0.5,"end":0.5,"start2":0.20038255,"end2":0.20019624},{"startTime":2528.0,"endTime":2536.0,"start":0.5,"end":0.5,"start2":0.20019624,"end2":0.20008305},{"startTime":2536.0,"endTime":2544.0,"start":0.5,"end":0.5,"start2":0.20008305,"end2":0.20002477},{"startTime":2544.0,"endTime":2552.0,"start":0.5,"end":0.5,"start2":0.20002477,"end2":0.20000315},{"startTime":2552.0,"endTime":2560.0,"start":0.5,"end":0.5,"start2":0.20000315,"end2":0.19999999},{"startTime":2560.0,"endTime":2688.0,"start":0.5,"end":0.5,"start2":0.19999999,"end2":0.19999999},{"startTime":2688.0,"endTime":2816.0,"start":0.5,"end":0.5,"start2":0.19999999,"end2":0.2},{"startTime":2816.0,"endTime":3840.0,"start":0.5,"end":0.5,"start2":0.19999999,"end2":0.1},{"startTime":3840.0,"endTime":4860.0,"start":0.5,"end":0.5,"start2":0.1,"end2":0.19999999},{"startTime":4860.0,"endTime":4864.0,"start":0.5,"end":0.5,"start2":0.19999999,"end2":0.19999999},{"startTime":4864.0,"endTime":4872.0,"start":0.5,"end":0.5,"start2":0.3,"end2":0.3},{"startTime":4872.0,"endTime":4880.0,"start":0.5,"end":0.5,"start2":0.19999999,"end2":0.2},{"startTime":4880.0,"endTime":4888.0,"start":0.5,"end":0.5,"start2":0.19999999,"end2":0.2},{"startTime":4888.0,"endTime":4904.0,"start":0.5,"end":0.5,"start2":0.29999998,"end2":0.3},{"startTime":4904.0,"endTime":6728.0,"start":0.5,"end":0.5,"start2":0.19999999,"end2":0.19999999},{"startTime":6728.0,"endTime":6736.0,"start":0.5,"end":0.5,"start2":0.14,"end2":0.2},{"startTime":6736.0,"endTime":6760.0,"start":0.5,"end":0.5,"start2":0.19999999,"end2":0.19999999},{"startTime":6760.0,"endTime":6768.0,"start":0.5,"end":0.5,"start2":0.22,"end2":0.2},{"startTime":6768.0,"endTime":1000000000.0,"start":0.5,"end":0.5,"start2":0.19999999,"end2":0.19999999}],"judgeLineRotateEvents":[{"startTime":-999999.0,"endTime":768.0,"start":0.0,"end":0.0},{"startTime":768.0,"endTime":1024.0,"start":0.0,"end":15.0},{"startTime":1024.0,"endTime":1032.0,"start":15.0,"end":14.998102},{"startTime":1032.0,"endTime":1040.0,"start":14.998102,"end":14.985135},{"startTime":1040.0,"endTime":1048.0,"start":14.985135,"end":14.950163},{"startTime":1048.0,"endTime":1056.0,"start":14.950163,"end":14.88225},{"startTime":1056.0,"endTime":1064.0,"start":14.88225,"end":14.770462},{"startTime":1064.0,"endTime":1072.0,"start":14.770462,"end":14.603865},{"startTime":1072.0,"endTime":1080.0,"start":14.603865,"end":14.371523},{"startTime":1080.0,"endTime":1088.0,"start":14.371523,"end":14.0625},{"startTime":1088.0,"endTime":1096.0,"start":14.0625,"end":13.664602},{"startTime":1096.0,"endTime":1104.0,"start":13.664602,"end":13.167885},{"startTime":1104.0,"endTime":1112.0,"start":13.167885,"end":12.561413},{"startTime":1112.0,"endTime":1120.0,"start":12.561413,"end":11.8342495},{"startTime":1120.0,"endTime":1128.0,"start":11.8342495,"end":10.975463},{"startTime":1128.0,"endTime":1136.0,"start":10.975463,"end":9.974115},{"startTime":1136.0,"endTime":1144.0,"start":9.974115,"end":8.819273},{"startTime":1144.0,"endTime":1152.0,"start":8.819273,"end":7.5},{"startTime":1152.0,"endTime":1160.0,"start":7.5,"end":6.180728},{"startTime":1160.0,"endTime":1168.0,"start":6.180728,"end":5.0258856},{"startTime":1168.0,"endTime":1176.0,"start":5.0258856,"end":4.0245376},{"startTime":1176.0,"endTime":1184.0,"start":4.0245376,"end":3.1657505},{"startTime":1184.0,"endTime":1192.0,"start":3.1657505,"end":2.4385877},{"startTime":1192.0,"endTime":1200.0,"start":2.4385877,"end":1.832115},{"startTime":1200.0,"endTime":1208.0,"start":1.832115,"end":1.3353977},{"startTime":1208.0,"endTime":1216.0,"start":1.3353977,"end":0.9375},{"startTime":1216.0,"endTime":1224.0,"start":0.9375,"end":0.62847733},{"startTime":1224.0,"endTime":1232.0,"start":0.62847733,"end":0.39613545},{"startTime":1232.0,"endTime":1240.0,"start":0.39613545,"end":0.22953719},{"startTime":1240.0,"endTime":1248.0,"start":0.22953719,"end":0.11774987},{"startTime":1248.0,"endTime":1256.0,"start":0.11774987,"end":0.04983723},{"startTime":1256.0,"endTime":1264.0,"start":0.04983723,"end":0.014864802},{"startTime":1264.0,"endTime":1272.0,"start":0.014864802,"end":0.0018972158},{"startTime":1272.0,"endTime":1280.0,"start":0.0018972158,"end":0.0},{"startTime":1280.0,"endTime":1288.0,"start":0.0,"end":-0.0018974998},{"startTime":1288.0,"endTime":1296.0,"start":-0.0018974998,"end":-0.014865},{"startTime":1296.0,"endTime":1304.0,"start":-0.014865,"end":-0.049837504},{"startTime":1304.0,"endTime":1312.0,"start":-0.049837504,"end":-0.11774998},{"startTime":1312.0,"endTime":1320.0,"start":-0.11774998,"end":-0.2295375},{"startTime":1320.0,"endTime":1328.0,"start":-0.2295375,"end":-0.396135},{"startTime":1328.0,"endTime":1336.0,"start":-0.396135,"end":-0.6284775},{"startTime":1336.0,"endTime":1344.0,"start":-0.6284775,"end":-0.9375},{"startTime":1344.0,"endTime":1352.0,"start":-0.9375,"end":-1.3353975},{"startTime":1352.0,"endTime":1360.0,"start":-1.3353975,"end":-1.832115},{"startTime":1360.0,"endTime":1368.0,"start":-1.832115,"end":-2.4385877},{"startTime":1368.0,"endTime":1376.0,"start":-2.4385877,"end":-3.16575},{"startTime":1376.0,"endTime":1384.0,"start":-3.16575,"end":-4.0245376},{"startTime":1384.0,"endTime":1392.0,"start":-4.0245376,"end":-5.0258846},{"startTime":1392.0,"endTime":1400.0,"start":-5.0258846,"end":-6.1807275},{"startTime":1400.0,"endTime":1408.0,"start":-6.1807275,"end":-7.5},{"startTime":1408.0,"endTime":1416.0,"start":-7.5,"end":-8.819272},{"startTime":1416.0,"endTime":1424.0,"start":-8.819272,"end":-9.974114},{"startTime":1424.0,"endTime":1432.0,"start":-9.974114,"end":-10.975463},{"startTime":1432.0,"endTime":1440.0,"start":-10.975463,"end":-11.8342495},{"startTime":1440.0,"endTime":1448.0,"start":-11.8342495,"end":-12.561413},{"startTime":1448.0,"endTime":1456.0,"start":-12.561413,"end":-13.167885},{"startTime":1456.0,"endTime":1464.0,"start":-13.167885,"end":-13.664602},{"startTime":1464.0,"endTime":1472.0,"start":-13.664602,"end":-14.0625},{"startTime":1472.0,"endTime":1480.0,"start":-14.0625,"end":-14.371523},{"startTime":1480.0,"endTime":1488.0,"start":-14.371523,"end":-14.603865},{"startTime":1488.0,"endTime":1496.0,"start":-14.603865,"end":-14.770463},{"startTime":1496.0,"endTime":1504.0,"start":-14.770463,"end":-14.88225},{"startTime":1504.0,"endTime":1512.0,"start":-14.88225,"end":-14.950163},{"startTime":1512.0,"endTime":1520.0,"start":-14.950163,"end":-14.985135},{"startTime":1520.0,"endTime":1528.0,"start":-14.985135,"end":-14.998103},{"startTime":1528.0,"endTime":1536.0,"start":-14.998103,"end":-15.0},{"startTime":1536.0,"endTime":1544.0,"start":-15.0,"end":-14.998102},{"startTime":1544.0,"endTime":1552.0,"start":-14.998102,"end":-14.985135},{"startTime":1552.0,"endTime":1560.0,"start":-14.985135,"end":-14.950163},{"startTime":1560.0,"endTime":1568.0,"start":-14.950163,"end":-14.88225},{"startTime":1568.0,"endTime":1576.0,"start":-14.88225,"end":-14.770463},{"startTime":1576.0,"endTime":1584.0,"start":-14.770463,"end":-14.603866},{"startTime":1584.0,"endTime":1592.0,"start":-14.603866,"end":-14.371523},{"startTime":1592.0,"endTime":1600.0,"start":-14.371523,"end":-14.0625},{"startTime":1600.0,"endTime":1608.0,"start":-14.0625,"end":-13.664603},{"startTime":1608.0,"endTime":1616.0,"start":-13.664603,"end":-13.167886},{"startTime":1616.0,"endTime":1624.0,"start":-13.167886,"end":-12.561414},{"startTime":1624.0,"endTime":1632.0,"start":-12.561414,"end":-11.834251},{"startTime":1632.0,"endTime":1640.0,"start":-11.834251,"end":-10.975465},{"startTime":1640.0,"endTime":1648.0,"start":-10.975465,"end":-9.974117},{"startTime":1648.0,"endTime":1656.0,"start":-9.974117,"end":-8.819276},{"startTime":1656.0,"endTime":1672.0,"start":-8.819276,"end":-6.180732},{"startTime":1672.0,"endTime":1680.0,"start":-6.180732,"end":-5.0258904},{"startTime":1680.0,"endTime":1688.0,"start":-5.0258904,"end":-4.024543},{"startTime":1688.0,"endTime":1696.0,"start":-4.024543,"end":-3.1657562},{"startTime":1696.0,"endTime":1704.0,"start":-3.1657562,"end":-2.4385936},{"startTime":1704.0,"endTime":1712.0,"start":-2.4385936,"end":-1.8321214},{"startTime":1712.0,"endTime":1720.0,"start":-1.8321214,"end":-1.3354042},{"startTime":1720.0,"endTime":1728.0,"start":-1.3354042,"end":-0.9375067},{"startTime":1728.0,"endTime":1736.0,"start":-0.9375067,"end":-0.6284842},{"startTime":1736.0,"endTime":1744.0,"start":-0.6284842,"end":-0.39614242},{"startTime":1744.0,"endTime":1752.0,"start":-0.39614242,"end":-0.22954424},{"startTime":1752.0,"endTime":1760.0,"start":-0.22954424,"end":-0.11775696},{"startTime":1760.0,"endTime":1768.0,"start":-0.11775696,"end":-0.04984436},{"startTime":1768.0,"endTime":1776.0,"start":-0.04984436,"end":-0.0148719475},{"startTime":1776.0,"endTime":1784.0,"start":-0.0148719475,"end":-0.0019043675},{"startTime":1784.0,"endTime":1792.0,"start":-0.0019043675,"end":-0.0000071525574},{"startTime":1792.0,"endTime":1800.0,"start":-0.0000071525574,"end":0.0018903482},{"startTime":1800.0,"endTime":1808.0,"start":0.0018903482,"end":0.014857854},{"startTime":1808.0,"endTime":1816.0,"start":0.014857854,"end":0.049830377},{"startTime":1816.0,"endTime":1824.0,"start":0.049830377,"end":0.11774289},{"startTime":1824.0,"endTime":1832.0,"start":0.11774289,"end":0.22953045},{"startTime":1832.0,"endTime":1840.0,"start":0.22953045,"end":0.39612803},{"startTime":1840.0,"endTime":1848.0,"start":0.39612803,"end":0.62847066},{"startTime":1848.0,"endTime":1856.0,"start":0.62847066,"end":0.9374933},{"startTime":1856.0,"endTime":1864.0,"start":0.9374933,"end":1.3353909},{"startTime":1864.0,"endTime":1872.0,"start":1.3353909,"end":1.8321087},{"startTime":1872.0,"endTime":1880.0,"start":1.8321087,"end":2.4385815},{"startTime":1880.0,"endTime":1888.0,"start":2.4385815,"end":3.1657443},{"startTime":1888.0,"endTime":1896.0,"start":3.1657443,"end":4.0245323},{"startTime":1896.0,"endTime":1904.0,"start":4.0245323,"end":5.02588},{"startTime":1904.0,"endTime":1912.0,"start":5.02588,"end":6.180723},{"startTime":1912.0,"endTime":1928.0,"start":6.180723,"end":8.819269},{"startTime":1928.0,"endTime":1936.0,"start":8.819269,"end":9.974112},{"startTime":1936.0,"endTime":1944.0,"start":9.974112,"end":10.975461},{"startTime":1944.0,"endTime":1952.0,"start":10.975461,"end":11.834248},{"startTime":1952.0,"endTime":1960.0,"start":11.834248,"end":12.561411},{"startTime":1960.0,"endTime":1968.0,"start":12.561411,"end":13.167884},{"startTime":1968.0,"endTime":1976.0,"start":13.167884,"end":13.664601},{"startTime":1976.0,"endTime":1984.0,"start":13.664601,"end":14.0625},{"startTime":1984.0,"endTime":1992.0,"start":14.0625,"end":14.371522},{"startTime":1992.0,"endTime":2000.0,"start":14.371522,"end":14.603865},{"startTime":2000.0,"endTime":2008.0,"start":14.603865,"end":14.770463},{"startTime":2008.0,"endTime":2016.0,"start":14.770463,"end":14.88225},{"startTime":2016.0,"endTime":2024.0,"start":14.88225,"end":14.950163},{"startTime":2024.0,"endTime":2032.0,"start":14.950163,"end":14.985135},{"startTime":2032.0,"endTime":2040.0,"start":14.985135,"end":14.998103},{"startTime":2040.0,"endTime":2048.0,"start":14.998103,"end":15.0},{"startTime":2048.0,"endTime":2064.0,"start":15.0,"end":14.996205},{"startTime":2064.0,"endTime":2080.0,"start":14.996205,"end":14.97027},{"startTime":2080.0,"endTime":2096.0,"start":14.97027,"end":14.900325},{"startTime":2096.0,"endTime":2112.0,"start":14.900325,"end":14.7645},{"startTime":2112.0,"endTime":2128.0,"start":14.7645,"end":14.540925},{"startTime":2128.0,"endTime":2144.0,"start":14.540925,"end":14.20773},{"startTime":2144.0,"endTime":2160.0,"start":14.20773,"end":13.743045},{"startTime":2160.0,"endTime":2176.0,"start":13.743045,"end":13.125},{"startTime":2176.0,"endTime":2192.0,"start":13.125,"end":12.3292055},{"startTime":2192.0,"endTime":2208.0,"start":12.3292055,"end":11.33577},{"startTime":2208.0,"endTime":2224.0,"start":11.33577,"end":10.122825},{"startTime":2224.0,"endTime":2240.0,"start":10.122825,"end":8.6685},{"startTime":2240.0,"endTime":2256.0,"start":8.6685,"end":6.950925},{"startTime":2256.0,"endTime":2272.0,"start":6.950925,"end":4.9482303},{"startTime":2272.0,"endTime":2288.0,"start":4.9482303,"end":2.6385453},{"startTime":2288.0,"endTime":2304.0,"start":2.6385453,"end":0.0},{"startTime":2304.0,"endTime":2320.0,"start":0.0,"end":-2.6385446},{"startTime":2320.0,"endTime":2336.0,"start":-2.6385446,"end":-4.948229},{"startTime":2336.0,"endTime":2352.0,"start":-4.948229,"end":-6.950925},{"startTime":2352.0,"endTime":2368.0,"start":-6.950925,"end":-8.668499},{"startTime":2368.0,"endTime":2384.0,"start":-8.668499,"end":-10.122825},{"startTime":2384.0,"endTime":2400.0,"start":-10.122825,"end":-11.33577},{"startTime":2400.0,"endTime":2416.0,"start":-11.33577,"end":-12.329205},{"startTime":2416.0,"endTime":2432.0,"start":-12.329205,"end":-13.125},{"startTime":2432.0,"endTime":2448.0,"start":-13.125,"end":-13.743046},{"startTime":2448.0,"endTime":2464.0,"start":-13.743046,"end":-14.207729},{"startTime":2464.0,"endTime":2480.0,"start":-14.207729,"end":-14.540926},{"startTime":2480.0,"endTime":2496.0,"start":-14.540926,"end":-14.764501},{"startTime":2496.0,"endTime":2512.0,"start":-14.764501,"end":-14.900326},{"startTime":2512.0,"endTime":2528.0,"start":-14.900326,"end":-14.97027},{"startTime":2528.0,"endTime":2544.0,"start":-14.97027,"end":-14.996205},{"startTime":2544.0,"endTime":2560.0,"start":-14.996205,"end":-15.0},{"startTime":2560.0,"endTime":2688.0,"start":-15.0,"end":0.0},{"startTime":2688.0,"endTime":6016.0,"start":0.0,"end":0.0},{"startTime":6016.0,"endTime":6032.0,"start":0.0,"end":720.0},{"startTime":6032.0,"endTime":6616.0,"start":0.0,"end":0.0},{"startTime":6616.0,"endTime":6624.0,"start":15.0,"end":0.0},{"startTime":6624.0,"endTime":6792.0,"start":0.0,"end":0.0},{"startTime":6792.0,"endTime":6793.0,"start":10.0,"end":6.699875},{"startTime":6793.0,"endTime":6794.0,"start":6.699875,"end":4.21875},{"startTime":6794.0,"endTime":6795.0,"start":4.21875,"end":2.4418747},{"startTime":6795.0,"endTime":6796.0,"start":2.4418747,"end":1.25},{"startTime":6796.0,"endTime":6797.0,"start":1.25,"end":0.5276251},{"startTime":6797.0,"endTime":6798.0,"start":0.5276251,"end":0.15625},{"startTime":6798.0,"endTime":6799.0,"start":0.15625,"end":0.019625425},{"startTime":6799.0,"endTime":6800.0,"start":0.019625425,"end":0.0},{"startTime":6800.0,"endTime":6848.0,"start":0.0,"end":0.0},{"startTime":6848.0,"endTime":6912.0,"start":0.0,"end":1440.0},{"startTime":6912.0,"endTime":6976.0,"start":0.0,"end":-1440.0},{"startTime":6976.0,"endTime":7008.0,"start":0.0,"end":360.0},{"startTime":7008.0,"endTime":7016.0,"start":0.0,"end":240.0},{"startTime":7016.0,"endTime":7024.0,"start":240.0,"end":300.0},{"startTime":7024.0,"endTime":7032.0,"start":300.0,"end":340.0},{"startTime":7032.0,"endTime":7040.0,"start":340.0,"end":360.0},{"startTime":7040.0,"endTime":9536.0,"start":0.0,"end":0.0},{"startTime":9536.0,"endTime":9544.0,"start":0.0,"end":0.017775},{"startTime":9544.0,"endTime":9552.0,"start":0.017775,"end":0.07065},{"startTime":9552.0,"endTime":9560.0,"start":0.07065,"end":0.158625},{"startTime":9560.0,"endTime":9568.0,"start":0.158625,"end":0.28170002},{"startTime":9568.0,"endTime":9576.0,"start":0.28170002,"end":0.439875},{"startTime":9576.0,"endTime":9584.0,"start":0.439875,"end":0.63315},{"startTime":9584.0,"endTime":9592.0,"start":0.63315,"end":0.861525},{"startTime":9592.0,"endTime":9600.0,"start":0.861525,"end":1.125},{"startTime":9600.0,"endTime":9608.0,"start":1.125,"end":1.424025},{"startTime":9608.0,"endTime":9616.0,"start":1.424025,"end":1.7581501},{"startTime":9616.0,"endTime":9624.0,"start":1.7581501,"end":2.1273751},{"startTime":9624.0,"endTime":9632.0,"start":2.1273751,"end":2.5317001},{"startTime":9632.0,"endTime":9640.0,"start":2.5317001,"end":2.9711251},{"startTime":9640.0,"endTime":9648.0,"start":2.9711251,"end":3.4456499},{"startTime":9648.0,"endTime":9656.0,"start":3.4456499,"end":3.955275},{"startTime":9656.0,"endTime":9672.0,"start":3.955275,"end":5.044725},{"startTime":9672.0,"endTime":9680.0,"start":5.044725,"end":5.55435},{"startTime":9680.0,"endTime":9688.0,"start":5.55435,"end":6.028875},{"startTime":9688.0,"endTime":9696.0,"start":6.028875,"end":6.4683},{"startTime":9696.0,"endTime":9704.0,"start":6.4683,"end":6.8726254},{"startTime":9704.0,"endTime":9712.0,"start":6.8726254,"end":7.24185},{"startTime":9712.0,"endTime":9720.0,"start":7.24185,"end":7.5759745},{"startTime":9720.0,"endTime":9728.0,"start":7.5759745,"end":7.875},{"startTime":9728.0,"endTime":9736.0,"start":7.875,"end":8.138475},{"startTime":9736.0,"endTime":9744.0,"start":8.138475,"end":8.36685},{"startTime":9744.0,"endTime":9752.0,"start":8.36685,"end":8.560124},{"startTime":9752.0,"endTime":9760.0,"start":8.560124,"end":8.7183},{"startTime":9760.0,"endTime":9768.0,"start":8.7183,"end":8.841375},{"startTime":9768.0,"endTime":9776.0,"start":8.841375,"end":8.92935},{"startTime":9776.0,"endTime":9784.0,"start":8.92935,"end":8.982225},{"startTime":9784.0,"endTime":9792.0,"start":8.982225,"end":9.0},{"startTime":9792.0,"endTime":9808.0,"start":9.0,"end":8.9684},{"startTime":9808.0,"endTime":9824.0,"start":8.9684,"end":8.8744},{"startTime":9824.0,"endTime":9840.0,"start":8.8744,"end":8.718},{"startTime":9840.0,"endTime":9856.0,"start":8.718,"end":8.4992},{"startTime":9856.0,"endTime":9872.0,"start":8.4992,"end":8.218},{"startTime":9872.0,"endTime":9888.0,"start":8.218,"end":7.8744},{"startTime":9888.0,"endTime":9904.0,"start":7.8744,"end":7.4684},{"startTime":9904.0,"endTime":9920.0,"start":7.4684,"end":7.0},{"startTime":9920.0,"endTime":9936.0,"start":7.0,"end":6.4684},{"startTime":9936.0,"endTime":9952.0,"start":6.4684,"end":5.8744},{"startTime":9952.0,"endTime":9968.0,"start":5.8744,"end":5.218},{"startTime":9968.0,"endTime":9984.0,"start":5.218,"end":4.4992},{"startTime":9984.0,"endTime":10000.0,"start":4.4992,"end":3.718},{"startTime":10000.0,"endTime":10016.0,"start":3.718,"end":2.8744001},{"startTime":10016.0,"endTime":10032.0,"start":2.8744001,"end":1.9684},{"startTime":10032.0,"endTime":10064.0,"start":1.9684,"end":0.0316},{"startTime":10064.0,"endTime":10080.0,"start":0.0316,"end":-0.87440014},{"startTime":10080.0,"endTime":10096.0,"start":-0.87440014,"end":-1.7179995},{"startTime":10096.0,"endTime":10112.0,"start":-1.7179995,"end":-2.4991999},{"startTime":10112.0,"endTime":10128.0,"start":-2.4991999,"end":-3.2180004},{"startTime":10128.0,"endTime":10144.0,"start":-3.2180004,"end":-3.8744001},{"startTime":10144.0,"endTime":10160.0,"start":-3.8744001,"end":-4.468399},{"startTime":10160.0,"endTime":10176.0,"start":-4.468399,"end":-5.0},{"startTime":10176.0,"endTime":10192.0,"start":-5.0,"end":-5.468401},{"startTime":10192.0,"endTime":10208.0,"start":-5.468401,"end":-5.8744},{"startTime":10208.0,"endTime":10224.0,"start":-5.8744,"end":-6.2179995},{"startTime":10224.0,"endTime":10240.0,"start":-6.2179995,"end":-6.4992},{"startTime":10240.0,"endTime":10256.0,"start":-6.4992,"end":-6.7180004},{"startTime":10256.0,"endTime":10272.0,"start":-6.7180004,"end":-6.8744},{"startTime":10272.0,"endTime":10288.0,"start":-6.8744,"end":-6.9684},{"startTime":10288.0,"endTime":10304.0,"start":-6.9684,"end":-7.0},{"startTime":10304.0,"endTime":10312.0,"start":-7.0,"end":-6.986175},{"startTime":10312.0,"endTime":10320.0,"start":-6.986175,"end":-6.9450502},{"startTime":10320.0,"endTime":10328.0,"start":-6.9450502,"end":-6.876625},{"startTime":10328.0,"endTime":10336.0,"start":-6.876625,"end":-6.7809},{"startTime":10336.0,"endTime":10344.0,"start":-6.7809,"end":-6.657875},{"startTime":10344.0,"endTime":10352.0,"start":-6.657875,"end":-6.5075502},{"startTime":10352.0,"endTime":10360.0,"start":-6.5075502,"end":-6.329925},{"startTime":10360.0,"endTime":10368.0,"start":-6.329925,"end":-6.125},{"startTime":10368.0,"endTime":10376.0,"start":-6.125,"end":-5.892425},{"startTime":10376.0,"endTime":10384.0,"start":-5.892425,"end":-5.63255},{"startTime":10384.0,"endTime":10392.0,"start":-5.63255,"end":-5.345375},{"startTime":10392.0,"endTime":10400.0,"start":-5.345375,"end":-5.0309},{"startTime":10400.0,"endTime":10408.0,"start":-5.0309,"end":-4.689125},{"startTime":10408.0,"endTime":10416.0,"start":-4.689125,"end":-4.3200502},{"startTime":10416.0,"endTime":10424.0,"start":-4.3200502,"end":-3.923675},{"startTime":10424.0,"endTime":10440.0,"start":-3.923675,"end":-3.076325},{"startTime":10440.0,"endTime":10448.0,"start":-3.076325,"end":-2.67995},{"startTime":10448.0,"endTime":10456.0,"start":-2.67995,"end":-2.3108752},{"startTime":10456.0,"endTime":10464.0,"start":-2.3108752,"end":-1.9691},{"startTime":10464.0,"endTime":10472.0,"start":-1.9691,"end":-1.6546248},{"startTime":10472.0,"endTime":10480.0,"start":-1.6546248,"end":-1.36745},{"startTime":10480.0,"endTime":10488.0,"start":-1.36745,"end":-1.1075754},{"startTime":10488.0,"endTime":10496.0,"start":-1.1075754,"end":-0.875},{"startTime":10496.0,"endTime":10504.0,"start":-0.875,"end":-0.6700746},{"startTime":10504.0,"endTime":10512.0,"start":-0.6700746,"end":-0.49244994},{"startTime":10512.0,"endTime":10520.0,"start":-0.49244994,"end":-0.34212524},{"startTime":10520.0,"endTime":10528.0,"start":-0.34212524,"end":-0.21910006},{"startTime":10528.0,"endTime":10536.0,"start":-0.21910006,"end":-0.12337482},{"startTime":10536.0,"endTime":10544.0,"start":-0.12337482,"end":-0.05494994},{"startTime":10544.0,"endTime":10552.0,"start":-0.05494994,"end":-0.013824999},{"startTime":10552.0,"endTime":10560.0,"start":-0.013824999,"end":0.0},{"startTime":10560.0,"endTime":11680.0,"start":0.0,"end":0.0},{"startTime":11680.0,"endTime":11744.0,"start":0.0,"end":1440.0},{"startTime":11744.0,"endTime":1000000000.0,"start":0.0,"end":0.0}],"judgeLineDisappearEvents":[{"startTime":-999999.0,"endTime":1000000000.0,"start":1.0,"end":1.0}]}]}