{"formatVersion":3,"offset":0.0,"judgeLineList":[{"bpm":175.0,"notesAbove":[{"type":1,"time":128,"positionX":-4.375,"holdTime":0.0,"speed":1.0,"floorPosition":1.6457144},{"type":2,"time":144,"positionX":-2.625,"holdTime":0.0,"speed":1.0,"floorPosition":1.8514286},{"type":2,"time":160,"positionX":-0.875,"holdTime":0.0,"speed":1.0,"floorPosition":2.057143},{"type":2,"time":176,"positionX":0.875,"holdTime":0.0,"speed":1.0,"floorPosition":2.2628572},{"type":1,"time":256,"positionX":3.5,"holdTime":0.0,"speed":1.0,"floorPosition":3.2914288},{"type":2,"time":272,"positionX":1.75,"holdTime":0.0,"speed":1.0,"floorPosition":3.497143},{"type":2,"time":288,"positionX":0.0,"holdTime":0.0,"speed":1.0,"floorPosition":3.7028573},{"type":2,"time":304,"positionX":-1.75,"holdTime":0.0,"speed":1.0,"floorPosition":3.9085715},{"type":1,"time":384,"positionX":0.0,"holdTime":0.0,"speed":1.0,"floorPosition":4.937143},{"type":2,"time":400,"positionX":-1.75,"holdTime":0.0,"speed":1.0,"floorPosition":5.1428576},{"type":2,"time":416,"positionX":-3.5,"holdTime":0.0,"speed":1.0,"floorPosition":5.348572},{"type":2,"time":432,"positionX":-5.25,"holdTime":0.0,"speed":1.0,"floorPosition":5.554286},{"type":1,"time":512,"positionX":5.25,"holdTime":0.0,"speed":1.0,"floorPosition":6.5828576},{"type":2,"time":528,"positionX":3.5,"holdTime":0.0,"speed":1.0,"floorPosition":6.788572},{"type":2,"time":544,"positionX":1.75,"holdTime":0.0,"speed":1.0,"floorPosition":6.994286},{"type":2,"time":560,"positionX":0.0,"holdTime":0.0,"speed":1.0,"floorPosition":7.2000003},{"type":1,"time":640,"positionX":-5.25,"holdTime":0.0,"speed":1.0,"floorPosition":8.228572},{"type":2,"time":656,"positionX":-3.5,"holdTime":0.0,"speed":1.0,"floorPosition":8.434286},{"type":2,"time":672,"positionX":-1.75,"holdTime":0.0,"speed":1.0,"floorPosition":8.64},{"type":2,"time":688,"positionX":0.0,"holdTime":0.0,"speed":1.0,"floorPosition":8.845715},{"type":1,"time":768,"positionX":5.25,"holdTime":0.0,"speed":1.0,"floorPosition":9.874286},{"type":2,"time":784,"positionX":3.5,"holdTime":0.0,"speed":1.0,"floorPosition":10.08},{"type":2,"time":800,"positionX":1.75,"holdTime":0.0,"speed":1.0,"floorPosition":10.285715},{"type":2,"time":816,"positionX":0.0,"holdTime":0.0,"speed":1.0,"floorPosition":10.491429},{"type":1,"time":896,"positionX":-4.375,"holdTime":0.0,"speed":1.0,"floorPosition":11.52},{"type":2,"time":912,"positionX":-3.5,"holdTime":0.0,"speed":1.0,"floorPosition":11.725715},{"type":2,"time":928,"positionX":-2.625,"holdTime":0.0,"speed":1.0,"floorPosition":11.931429},{"type":2,"time":944,"positionX":-1.75,"holdTime":0.0,"speed":1.0,"floorPosition":12.137143},{"type":1,"time":1024,"positionX":0.0,"holdTime":0.0,"speed":1.0,"floorPosition":13.165715},{"type":2,"time":1040,"positionX":1.75,"holdTime":0.0,"speed":1.0,"floorPosition":13.371429},{"type":2,"time":1056,"positionX":3.5,"holdTime":0.0,"speed":1.0,"floorPosition":13.577144},{"type":2,"time":1072,"positionX":5.25,"holdTime":0.0,"speed":1.0,"floorPosition":13.782858},{"type":1,"time":1152,"positionX":-2.625,"holdTime":0.0,"speed":1.0,"floorPosition":14.982858},{"type":1,"time":1152,"positionX":2.625,"holdTime":0.0,"speed":1.0,"floorPosition":14.982858},{"type":1,"time":1216,"positionX":-4.375,"holdTime":0.0,"speed":1.0,"floorPosition":15.942858},{"type":2,"time":1232,"positionX":-2.625,"holdTime":0.0,"speed":1.0,"floorPosition":16.182858},{"type":2,"time":1248,"positionX":-0.875,"holdTime":0.0,"speed":1.0,"floorPosition":16.422857},{"type":1,"time":1280,"positionX":4.375,"holdTime":0.0,"speed":1.0,"floorPosition":16.902859},{"type":2,"time":1312,"positionX":3.5,"holdTime":0.0,"speed":1.0,"floorPosition":17.382858},{"type":2,"time":1328,"positionX":1.75,"holdTime":0.0,"speed":1.0,"floorPosition":17.622858},{"type":1,"time":1360,"positionX":-2.625,"holdTime":0.0,"speed":1.0,"floorPosition":18.102858},{"type":2,"time":1376,"positionX":-0.875,"holdTime":0.0,"speed":1.0,"floorPosition":18.342857},{"type":2,"time":1392,"positionX":0.875,"holdTime":0.0,"speed":1.0,"floorPosition":18.582857},{"type":2,"time":1408,"positionX":2.625,"holdTime":0.0,"speed":1.0,"floorPosition":18.822857},{"type":1,"time":1472,"positionX":-4.375,"holdTime":0.0,"speed":1.0,"floorPosition":19.782858},{"type":2,"time":1488,"positionX":-2.625,"holdTime":0.0,"speed":1.0,"floorPosition":20.022858},{"type":2,"time":1504,"positionX":-0.875,"holdTime":0.0,"speed":1.0,"floorPosition":20.262857},{"type":2,"time":1520,"positionX":5.25,"holdTime":0.0,"speed":1.0,"floorPosition":20.502857},{"type":2,"time":1536,"positionX":3.5,"holdTime":0.0,"speed":1.0,"floorPosition":20.742857},{"type":1,"time":1568,"positionX":-4.375,"holdTime":0.0,"speed":1.0,"floorPosition":21.222858},{"type":1,"time":1568,"positionX":1.75,"holdTime":0.0,"speed":1.0,"floorPosition":21.222858},{"type":2,"time":1584,"positionX":-4.375,"holdTime":0.0,"speed":1.0,"floorPosition":21.462858},{"type":2,"time":1584,"positionX":1.75,"holdTime":0.0,"speed":1.0,"floorPosition":21.462858},{"type":1,"time":1664,"positionX":3.5,"holdTime":0.0,"speed":1.0,"floorPosition":22.662857},{"type":1,"time":1728,"positionX":4.375,"holdTime":0.0,"speed":1.0,"floorPosition":23.622858},{"type":2,"time":1744,"positionX":2.625,"holdTime":0.0,"speed":1.0,"floorPosition":23.862858},{"type":2,"time":1760,"positionX":-4.375,"holdTime":0.0,"speed":1.0,"floorPosition":24.102858},{"type":2,"time":1776,"positionX":-2.625,"holdTime":0.0,"speed":1.0,"floorPosition":24.342857},{"type":2,"time":1792,"positionX":-4.375,"holdTime":0.0,"speed":1.0,"floorPosition":24.582857},{"type":1,"time":1856,"positionX":-3.5,"holdTime":0.0,"speed":1.0,"floorPosition":25.542858},{"type":1,"time":1888,"positionX":0.0,"holdTime":0.0,"speed":1.0,"floorPosition":26.022858},{"type":1,"time":1920,"positionX":3.5,"holdTime":0.0,"speed":1.0,"floorPosition":26.502857},{"type":1,"time":1952,"positionX":-2.625,"holdTime":0.0,"speed":1.0,"floorPosition":26.982857},{"type":2,"time":1968,"positionX":-0.875,"holdTime":0.0,"speed":1.0,"floorPosition":27.222858},{"type":1,"time":2000,"positionX":4.375,"holdTime":0.0,"speed":1.0,"floorPosition":27.702858},{"type":3,"time":2048,"positionX":4.375,"holdTime":128.0,"speed":1.4,"floorPosition":28.422857},{"type":3,"time":2112,"positionX":-4.375,"holdTime":64.0,"speed":1.4,"floorPosition":29.382858},{"type":1,"time":2304,"positionX":-5.25,"holdTime":0.0,"speed":1.0,"floorPosition":32.26286},{"type":1,"time":2336,"positionX":5.25,"holdTime":0.0,"speed":1.0,"floorPosition":32.74286},{"type":1,"time":2384,"positionX":-1.75,"holdTime":0.0,"speed":1.0,"floorPosition":33.462856},{"type":1,"time":2400,"positionX":5.25,"holdTime":0.0,"speed":1.0,"floorPosition":33.702858},{"type":1,"time":2432,"positionX":-5.25,"holdTime":0.0,"speed":1.0,"floorPosition":34.182858},{"type":1,"time":2464,"positionX":5.25,"holdTime":0.0,"speed":1.0,"floorPosition":34.662857},{"type":2,"time":2488,"positionX":5.25,"holdTime":0.0,"speed":1.0,"floorPosition":35.022858},{"type":1,"time":2512,"positionX":-1.75,"holdTime":0.0,"speed":1.0,"floorPosition":35.38286},{"type":1,"time":2528,"positionX":5.25,"holdTime":0.0,"speed":1.0,"floorPosition":35.622856},{"type":1,"time":2560,"positionX":-5.25,"holdTime":0.0,"speed":1.0,"floorPosition":36.102856},{"type":1,"time":2592,"positionX":5.25,"holdTime":0.0,"speed":1.0,"floorPosition":36.58286},{"type":1,"time":2640,"positionX":-1.75,"holdTime":0.0,"speed":1.0,"floorPosition":37.302856},{"type":1,"time":2656,"positionX":5.25,"holdTime":0.0,"speed":1.0,"floorPosition":37.54286},{"type":1,"time":2688,"positionX":-5.25,"holdTime":0.0,"speed":1.0,"floorPosition":38.022858},{"type":1,"time":2720,"positionX":5.25,"holdTime":0.0,"speed":1.0,"floorPosition":38.502857},{"type":1,"time":2760,"positionX":-2.625,"holdTime":0.0,"speed":1.0,"floorPosition":39.102856},{"type":2,"time":2768,"positionX":-4.375,"holdTime":0.0,"speed":1.0,"floorPosition":39.22286},{"type":1,"time":2784,"positionX":5.25,"holdTime":0.0,"speed":1.0,"floorPosition":39.462856},{"type":1,"time":2816,"positionX":5.25,"holdTime":0.0,"speed":1.0,"floorPosition":39.942856},{"type":1,"time":2848,"positionX":-5.25,"holdTime":0.0,"speed":1.0,"floorPosition":40.42286},{"type":1,"time":2896,"positionX":1.75,"holdTime":0.0,"speed":1.0,"floorPosition":41.142857},{"type":1,"time":2912,"positionX":-5.25,"holdTime":0.0,"speed":1.0,"floorPosition":41.38286},{"type":1,"time":2944,"positionX":5.25,"holdTime":0.0,"speed":1.0,"floorPosition":41.862858},{"type":1,"time":2976,"positionX":-5.25,"holdTime":0.0,"speed":1.0,"floorPosition":42.342857},{"type":2,"time":3000,"positionX":-5.25,"holdTime":0.0,"speed":1.0,"floorPosition":42.702858},{"type":1,"time":3024,"positionX":1.75,"holdTime":0.0,"speed":1.0,"floorPosition":43.06286},{"type":1,"time":3040,"positionX":-5.25,"holdTime":0.0,"speed":1.0,"floorPosition":43.302856},{"type":1,"time":3072,"positionX":5.25,"holdTime":0.0,"speed":1.0,"floorPosition":43.782856},{"type":1,"time":3104,"positionX":-5.25,"holdTime":0.0,"speed":1.0,"floorPosition":44.262856},{"type":1,"time":3152,"positionX":1.75,"holdTime":0.0,"speed":1.0,"floorPosition":44.982857},{"type":1,"time":3168,"positionX":-5.25,"holdTime":0.0,"speed":1.0,"floorPosition":45.22286},{"type":1,"time":3200,"positionX":5.25,"holdTime":0.0,"speed":1.0,"floorPosition":45.702858},{"type":1,"time":3232,"positionX":-5.25,"holdTime":0.0,"speed":1.0,"floorPosition":46.182858},{"type":1,"time":3272,"positionX":2.625,"holdTime":0.0,"speed":1.0,"floorPosition":46.782856},{"type":2,"time":3280,"positionX":4.375,"holdTime":0.0,"speed":1.0,"floorPosition":46.90286},{"type":1,"time":3296,"positionX":-5.25,"holdTime":0.0,"speed":1.0,"floorPosition":47.142857},{"type":1,"time":3328,"positionX":-5.25,"holdTime":0.0,"speed":1.0,"floorPosition":47.622856},{"type":2,"time":3344,"positionX":-3.5,"holdTime":0.0,"speed":1.0,"floorPosition":47.862858},{"type":2,"time":3360,"positionX":-1.75,"holdTime":0.0,"speed":1.0,"floorPosition":48.102856},{"type":2,"time":3376,"positionX":-2.625,"holdTime":0.0,"speed":1.0,"floorPosition":48.342857},{"type":1,"time":3408,"positionX":3.5,"holdTime":0.0,"speed":1.0,"floorPosition":48.822857},{"type":2,"time":3424,"positionX":1.75,"holdTime":0.0,"speed":1.0,"floorPosition":49.06286},{"type":2,"time":3440,"positionX":2.625,"holdTime":0.0,"speed":1.0,"floorPosition":49.302856},{"type":3,"time":3456,"positionX":-4.375,"holdTime":48.0,"speed":1.4,"floorPosition":49.54286},{"type":1,"time":3536,"positionX":0.0,"holdTime":0.0,"speed":1.0,"floorPosition":50.74286},{"type":2,"time":3552,"positionX":1.75,"holdTime":0.0,"speed":1.0,"floorPosition":50.982857},{"type":2,"time":3568,"positionX":3.5,"holdTime":0.0,"speed":1.0,"floorPosition":51.22286},{"type":2,"time":3584,"positionX":5.25,"holdTime":0.0,"speed":1.0,"floorPosition":51.462856},{"type":1,"time":3616,"positionX":-3.5,"holdTime":0.0,"speed":1.0,"floorPosition":51.942856},{"type":2,"time":3632,"positionX":-1.75,"holdTime":0.0,"speed":1.0,"floorPosition":52.182858},{"type":1,"time":3664,"positionX":4.375,"holdTime":0.0,"speed":1.0,"floorPosition":52.662857},{"type":2,"time":3680,"positionX":2.625,"holdTime":0.0,"speed":1.0,"floorPosition":52.90286},{"type":2,"time":3696,"positionX":3.5,"holdTime":0.0,"speed":1.0,"floorPosition":53.142857},{"type":3,"time":3712,"positionX":-2.625,"holdTime":96.0,"speed":1.4,"floorPosition":53.38286},{"type":3,"time":3760,"positionX":2.625,"holdTime":48.0,"speed":1.4,"floorPosition":54.102856},{"type":1,"time":3840,"positionX":-0.875,"holdTime":0.0,"speed":1.0,"floorPosition":55.302856},{"type":2,"time":3856,"positionX":-2.625,"holdTime":0.0,"speed":1.0,"floorPosition":55.54286},{"type":1,"time":3872,"positionX":4.375,"holdTime":0.0,"speed":1.0,"floorPosition":55.782856},{"type":2,"time":3888,"positionX":2.625,"holdTime":0.0,"speed":1.0,"floorPosition":56.022858},{"type":1,"time":3920,"positionX":-4.375,"holdTime":0.0,"speed":1.0,"floorPosition":56.502857},{"type":2,"time":3936,"positionX":-2.625,"holdTime":0.0,"speed":1.0,"floorPosition":56.74286},{"type":2,"time":3952,"positionX":-0.875,"holdTime":0.0,"speed":1.0,"floorPosition":56.982857},{"type":3,"time":3968,"positionX":3.5,"holdTime":64.0,"speed":1.4,"floorPosition":57.22286},{"type":1,"time":4064,"positionX":-1.75,"holdTime":0.0,"speed":1.0,"floorPosition":58.662857},{"type":2,"time":4080,"positionX":-3.5,"holdTime":0.0,"speed":1.0,"floorPosition":58.90286},{"type":1,"time":4096,"positionX":2.625,"holdTime":0.0,"speed":1.0,"floorPosition":59.142857},{"type":1,"time":4128,"positionX":-5.25,"holdTime":0.0,"speed":1.0,"floorPosition":59.622856},{"type":2,"time":4144,"positionX":-3.5,"holdTime":0.0,"speed":1.0,"floorPosition":59.862858},{"type":1,"time":4176,"positionX":4.375,"holdTime":0.0,"speed":1.0,"floorPosition":60.342857},{"type":2,"time":4192,"positionX":2.625,"holdTime":0.0,"speed":1.0,"floorPosition":60.582855},{"type":2,"time":4208,"positionX":4.375,"holdTime":0.0,"speed":1.0,"floorPosition":60.822857},{"type":3,"time":4224,"positionX":-3.5,"holdTime":96.0,"speed":1.4,"floorPosition":61.06286},{"type":3,"time":4272,"positionX":3.5,"holdTime":48.0,"speed":1.4,"floorPosition":61.782856},{"type":1,"time":4352,"positionX":0.0,"holdTime":0.0,"speed":1.0,"floorPosition":62.982857},{"type":2,"time":4384,"positionX":4.4545455,"holdTime":0.0,"speed":1.0,"floorPosition":63.462856},{"type":2,"time":4388,"positionX":3.8181818,"holdTime":0.0,"speed":1.0,"floorPosition":63.522858},{"type":2,"time":4392,"positionX":3.181818,"holdTime":0.0,"speed":1.0,"floorPosition":63.582855},{"type":2,"time":4400,"positionX":4.4545455,"holdTime":0.0,"speed":1.0,"floorPosition":63.702858},{"type":2,"time":4404,"positionX":3.8181818,"holdTime":0.0,"speed":1.0,"floorPosition":63.762856},{"type":2,"time":4408,"positionX":3.181818,"holdTime":0.0,"speed":1.0,"floorPosition":63.822857},{"type":2,"time":4416,"positionX":-6.363636,"holdTime":0.0,"speed":1.0,"floorPosition":63.942856},{"type":2,"time":4420,"positionX":-5.7272725,"holdTime":0.0,"speed":1.0,"floorPosition":64.00285},{"type":2,"time":4424,"positionX":-5.090909,"holdTime":0.0,"speed":1.0,"floorPosition":64.06286},{"type":2,"time":4428,"positionX":-4.4545455,"holdTime":0.0,"speed":1.0,"floorPosition":64.122856},{"type":2,"time":4432,"positionX":-3.8181818,"holdTime":0.0,"speed":1.0,"floorPosition":64.18285},{"type":2,"time":4436,"positionX":-3.181818,"holdTime":0.0,"speed":1.0,"floorPosition":64.24286},{"type":2,"time":4440,"positionX":-2.5454545,"holdTime":0.0,"speed":1.0,"floorPosition":64.30286},{"type":2,"time":4444,"positionX":-1.9090909,"holdTime":0.0,"speed":1.0,"floorPosition":64.362854},{"type":2,"time":4448,"positionX":-1.2727273,"holdTime":0.0,"speed":1.0,"floorPosition":64.42286},{"type":2,"time":4452,"positionX":-0.6363636,"holdTime":0.0,"speed":1.0,"floorPosition":64.48286},{"type":2,"time":4456,"positionX":0.0,"holdTime":0.0,"speed":1.0,"floorPosition":64.542854},{"type":2,"time":4460,"positionX":0.6363636,"holdTime":0.0,"speed":1.0,"floorPosition":64.60286},{"type":2,"time":4464,"positionX":1.2727273,"holdTime":0.0,"speed":1.0,"floorPosition":64.66286},{"type":2,"time":4468,"positionX":1.9090909,"holdTime":0.0,"speed":1.0,"floorPosition":64.722855},{"type":2,"time":4472,"positionX":2.5454545,"holdTime":0.0,"speed":1.0,"floorPosition":64.78286},{"type":2,"time":4476,"positionX":3.181818,"holdTime":0.0,"speed":1.0,"floorPosition":64.84286},{"type":2,"time":4480,"positionX":3.8181818,"holdTime":0.0,"speed":1.0,"floorPosition":64.902855},{"type":2,"time":4512,"positionX":3.8181818,"holdTime":0.0,"speed":1.0,"floorPosition":65.38286},{"type":2,"time":4520,"positionX":3.181818,"holdTime":0.0,"speed":1.0,"floorPosition":65.50285},{"type":2,"time":4528,"positionX":2.5454545,"holdTime":0.0,"speed":1.0,"floorPosition":65.622856},{"type":2,"time":4536,"positionX":1.9090909,"holdTime":0.0,"speed":1.0,"floorPosition":65.74286},{"type":2,"time":4544,"positionX":-5.0909085,"holdTime":0.0,"speed":1.0,"floorPosition":65.862854},{"type":2,"time":4548,"positionX":-4.4545455,"holdTime":0.0,"speed":1.0,"floorPosition":65.92286},{"type":2,"time":4552,"positionX":-3.8181815,"holdTime":0.0,"speed":1.0,"floorPosition":65.98286},{"type":2,"time":4556,"positionX":-3.1818178,"holdTime":0.0,"speed":1.0,"floorPosition":66.042854},{"type":2,"time":4560,"positionX":-2.5454545,"holdTime":0.0,"speed":1.0,"floorPosition":66.10286},{"type":2,"time":4576,"positionX":2.545455,"holdTime":0.0,"speed":1.0,"floorPosition":66.34286},{"type":2,"time":4580,"positionX":1.9090914,"holdTime":0.0,"speed":1.0,"floorPosition":66.402855},{"type":2,"time":4584,"positionX":1.2727273,"holdTime":0.0,"speed":1.0,"floorPosition":66.46286},{"type":2,"time":4588,"positionX":0.6363636,"holdTime":0.0,"speed":1.0,"floorPosition":66.52286},{"type":2,"time":4592,"positionX":0.0,"holdTime":0.0,"speed":1.0,"floorPosition":66.582855},{"type":2,"time":4608,"positionX":-4.4545455,"holdTime":0.0,"speed":1.0,"floorPosition":66.82286},{"type":2,"time":4640,"positionX":-3.8181818,"holdTime":0.0,"speed":1.0,"floorPosition":67.30286},{"type":2,"time":4644,"positionX":-3.181818,"holdTime":0.0,"speed":1.0,"floorPosition":67.362854},{"type":2,"time":4648,"positionX":-2.5454545,"holdTime":0.0,"speed":1.0,"floorPosition":67.42286},{"type":2,"time":4656,"positionX":-3.8181818,"holdTime":0.0,"speed":1.0,"floorPosition":67.542854},{"type":2,"time":4660,"positionX":-3.181818,"holdTime":0.0,"speed":1.0,"floorPosition":67.60286},{"type":2,"time":4664,"positionX":-2.5454545,"holdTime":0.0,"speed":1.0,"floorPosition":67.66286},{"type":2,"time":4672,"positionX":5.090909,"holdTime":0.0,"speed":1.0,"floorPosition":67.78286},{"type":2,"time":4680,"positionX":4.4545455,"holdTime":0.0,"speed":1.0,"floorPosition":67.902855},{"type":2,"time":4688,"positionX":3.8181818,"holdTime":0.0,"speed":1.0,"floorPosition":68.02286},{"type":2,"time":4696,"positionX":3.181818,"holdTime":0.0,"speed":1.0,"floorPosition":68.14286},{"type":2,"time":4704,"positionX":2.5454545,"holdTime":0.0,"speed":1.0,"floorPosition":68.262856},{"type":2,"time":4712,"positionX":1.9090909,"holdTime":0.0,"speed":1.0,"floorPosition":68.38286},{"type":2,"time":4720,"positionX":1.2727273,"holdTime":0.0,"speed":1.0,"floorPosition":68.50285},{"type":2,"time":4728,"positionX":0.6363636,"holdTime":0.0,"speed":1.0,"floorPosition":68.622856},{"type":2,"time":4736,"positionX":-4.4545455,"holdTime":0.0,"speed":1.0,"floorPosition":68.74286},{"type":2,"time":4744,"positionX":-4.4545455,"holdTime":0.0,"speed":1.0,"floorPosition":68.862854},{"type":2,"time":4752,"positionX":-4.4545455,"holdTime":0.0,"speed":1.0,"floorPosition":68.98286},{"type":2,"time":4760,"positionX":-4.4545455,"holdTime":0.0,"speed":1.0,"floorPosition":69.10286},{"type":2,"time":4768,"positionX":-4.4545455,"holdTime":0.0,"speed":1.0,"floorPosition":69.222855},{"type":2,"time":4776,"positionX":-4.4545455,"holdTime":0.0,"speed":1.0,"floorPosition":69.34286},{"type":2,"time":4784,"positionX":-4.4545455,"holdTime":0.0,"speed":1.0,"floorPosition":69.46286},{"type":2,"time":4792,"positionX":-4.4545455,"holdTime":0.0,"speed":1.0,"floorPosition":69.582855},{"type":2,"time":4800,"positionX":5.090909,"holdTime":0.0,"speed":1.0,"floorPosition":69.70286},{"type":2,"time":4804,"positionX":4.4545455,"holdTime":0.0,"speed":1.0,"floorPosition":69.762856},{"type":2,"time":4808,"positionX":3.8181818,"holdTime":0.0,"speed":1.0,"floorPosition":69.82286},{"type":2,"time":4832,"positionX":-3.181818,"holdTime":0.0,"speed":1.0,"floorPosition":70.18285},{"type":2,"time":4836,"positionX":-2.5454545,"holdTime":0.0,"speed":1.0,"floorPosition":70.24286},{"type":2,"time":4840,"positionX":-1.9090909,"holdTime":0.0,"speed":1.0,"floorPosition":70.30286},{"type":2,"time":4864,"positionX":1.9090909,"holdTime":0.0,"speed":1.0,"floorPosition":70.66286},{"type":2,"time":4896,"positionX":4.454545,"holdTime":0.0,"speed":1.0,"floorPosition":71.14286},{"type":2,"time":4900,"positionX":3.8181815,"holdTime":0.0,"speed":1.0,"floorPosition":71.20286},{"type":2,"time":4904,"positionX":3.181818,"holdTime":0.0,"speed":1.0,"floorPosition":71.262856},{"type":2,"time":4912,"positionX":4.454545,"holdTime":0.0,"speed":1.0,"floorPosition":71.38286},{"type":2,"time":4916,"positionX":3.8181815,"holdTime":0.0,"speed":1.0,"floorPosition":71.442856},{"type":2,"time":4920,"positionX":3.181818,"holdTime":0.0,"speed":1.0,"floorPosition":71.50285},{"type":2,"time":4928,"positionX":-5.090909,"holdTime":0.0,"speed":1.0,"floorPosition":71.622856},{"type":2,"time":4932,"positionX":-4.454545,"holdTime":0.0,"speed":1.0,"floorPosition":71.68285},{"type":2,"time":4936,"positionX":-3.8181815,"holdTime":0.0,"speed":1.0,"floorPosition":71.74286},{"type":2,"time":4940,"positionX":-3.181818,"holdTime":0.0,"speed":1.0,"floorPosition":71.80286},{"type":2,"time":4944,"positionX":-2.5454545,"holdTime":0.0,"speed":1.0,"floorPosition":71.862854},{"type":2,"time":4948,"positionX":-1.9090908,"holdTime":0.0,"speed":1.0,"floorPosition":71.92286},{"type":2,"time":4952,"positionX":-1.2727271,"holdTime":0.0,"speed":1.0,"floorPosition":71.98286},{"type":2,"time":4956,"positionX":-0.6363635,"holdTime":0.0,"speed":1.0,"floorPosition":72.042854},{"type":2,"time":4960,"positionX":1.1920929e-7,"holdTime":0.0,"speed":1.0,"floorPosition":72.10286},{"type":2,"time":4964,"positionX":0.63636374,"holdTime":0.0,"speed":1.0,"floorPosition":72.16286},{"type":2,"time":4968,"positionX":1.2727274,"holdTime":0.0,"speed":1.0,"floorPosition":72.222855},{"type":2,"time":4972,"positionX":1.909091,"holdTime":0.0,"speed":1.0,"floorPosition":72.28286},{"type":2,"time":4976,"positionX":2.5454545,"holdTime":0.0,"speed":1.0,"floorPosition":72.34286},{"type":2,"time":4980,"positionX":3.1818182,"holdTime":0.0,"speed":1.0,"floorPosition":72.402855},{"type":2,"time":4984,"positionX":3.818182,"holdTime":0.0,"speed":1.0,"floorPosition":72.46286},{"type":2,"time":4988,"positionX":4.4545455,"holdTime":0.0,"speed":1.0,"floorPosition":72.52286},{"type":2,"time":4992,"positionX":5.090909,"holdTime":0.0,"speed":1.0,"floorPosition":72.582855},{"type":2,"time":5024,"positionX":5.090909,"holdTime":0.0,"speed":1.0,"floorPosition":73.06286},{"type":2,"time":5032,"positionX":4.454545,"holdTime":0.0,"speed":1.0,"floorPosition":73.18285},{"type":2,"time":5040,"positionX":3.8181815,"holdTime":0.0,"speed":1.0,"floorPosition":73.30286},{"type":2,"time":5048,"positionX":3.181818,"holdTime":0.0,"speed":1.0,"floorPosition":73.42286},{"type":2,"time":5056,"positionX":-5.0909085,"holdTime":0.0,"speed":1.0,"floorPosition":73.542854},{"type":2,"time":5060,"positionX":-4.4545455,"holdTime":0.0,"speed":1.0,"floorPosition":73.60286},{"type":2,"time":5064,"positionX":-3.8181815,"holdTime":0.0,"speed":1.0,"floorPosition":73.66286},{"type":2,"time":5068,"positionX":-3.1818178,"holdTime":0.0,"speed":1.0,"floorPosition":73.722855},{"type":2,"time":5072,"positionX":-2.5454545,"holdTime":0.0,"speed":1.0,"floorPosition":73.78286},{"type":2,"time":5088,"positionX":5.090909,"holdTime":0.0,"speed":1.0,"floorPosition":74.02286},{"type":2,"time":5092,"positionX":4.4545455,"holdTime":0.0,"speed":1.0,"floorPosition":74.082855},{"type":2,"time":5096,"positionX":3.8181815,"holdTime":0.0,"speed":1.0,"floorPosition":74.14286},{"type":2,"time":5100,"positionX":3.181818,"holdTime":0.0,"speed":1.0,"floorPosition":74.20286},{"type":2,"time":5104,"positionX":2.5454545,"holdTime":0.0,"speed":1.0,"floorPosition":74.262856},{"type":2,"time":5120,"positionX":-1.9090909,"holdTime":0.0,"speed":1.0,"floorPosition":74.50285},{"type":2,"time":5152,"positionX":-3.8181818,"holdTime":0.0,"speed":1.0,"floorPosition":74.98286},{"type":2,"time":5156,"positionX":-3.181818,"holdTime":0.0,"speed":1.0,"floorPosition":75.042854},{"type":2,"time":5160,"positionX":-2.5454545,"holdTime":0.0,"speed":1.0,"floorPosition":75.10286},{"type":2,"time":5168,"positionX":-3.8181818,"holdTime":0.0,"speed":1.0,"floorPosition":75.222855},{"type":2,"time":5172,"positionX":-3.181818,"holdTime":0.0,"speed":1.0,"floorPosition":75.28286},{"type":2,"time":5176,"positionX":-2.5454545,"holdTime":0.0,"speed":1.0,"floorPosition":75.34286},{"type":2,"time":5184,"positionX":1.2727273,"holdTime":0.0,"speed":1.0,"floorPosition":75.46286},{"type":2,"time":5192,"positionX":1.9090909,"holdTime":0.0,"speed":1.0,"floorPosition":75.582855},{"type":2,"time":5200,"positionX":2.5454545,"holdTime":0.0,"speed":1.0,"floorPosition":75.70286},{"type":2,"time":5208,"positionX":3.181818,"holdTime":0.0,"speed":1.0,"floorPosition":75.82285},{"type":2,"time":5216,"positionX":3.8181818,"holdTime":0.0,"speed":1.0,"floorPosition":75.942856},{"type":2,"time":5224,"positionX":4.4545455,"holdTime":0.0,"speed":1.0,"floorPosition":76.06286},{"type":2,"time":5232,"positionX":5.090909,"holdTime":0.0,"speed":1.0,"floorPosition":76.18285},{"type":2,"time":5240,"positionX":5.7272725,"holdTime":0.0,"speed":1.0,"floorPosition":76.30286},{"type":2,"time":5248,"positionX":-6.125,"holdTime":0.0,"speed":1.0,"floorPosition":76.42286},{"type":2,"time":5264,"positionX":-4.375,"holdTime":0.0,"speed":1.0,"floorPosition":76.66286},{"type":2,"time":5280,"positionX":-2.625,"holdTime":0.0,"speed":1.0,"floorPosition":76.902855},{"type":2,"time":5296,"positionX":-0.875,"holdTime":0.0,"speed":1.0,"floorPosition":77.14286},{"type":2,"time":5312,"positionX":0.875,"holdTime":0.0,"speed":1.0,"floorPosition":77.38286},{"type":2,"time":5328,"positionX":2.625,"holdTime":0.0,"speed":1.0,"floorPosition":77.622856},{"type":2,"time":5344,"positionX":4.375,"holdTime":0.0,"speed":1.0,"floorPosition":77.862854},{"type":2,"time":5360,"positionX":6.125,"holdTime":0.0,"speed":1.0,"floorPosition":78.10286},{"type":2,"time":5376,"positionX":-1.9090909,"holdTime":0.0,"speed":1.0,"floorPosition":78.34286},{"type":2,"time":5384,"positionX":-2.5454545,"holdTime":0.0,"speed":1.0,"floorPosition":78.46286},{"type":2,"time":5392,"positionX":-3.181818,"holdTime":0.0,"speed":1.0,"floorPosition":78.582855},{"type":2,"time":5400,"positionX":-3.8181818,"holdTime":0.0,"speed":1.0,"floorPosition":78.70286},{"type":2,"time":5408,"positionX":-4.4545455,"holdTime":0.0,"speed":1.0,"floorPosition":78.82285},{"type":2,"time":5440,"positionX":4.4545455,"holdTime":0.0,"speed":1.0,"floorPosition":79.30286},{"type":2,"time":5444,"positionX":4.4545455,"holdTime":0.0,"speed":1.0,"floorPosition":79.362854},{"type":2,"time":5448,"positionX":4.4545455,"holdTime":0.0,"speed":1.0,"floorPosition":79.42286},{"type":2,"time":5452,"positionX":4.4545455,"holdTime":0.0,"speed":1.0,"floorPosition":79.48286},{"type":2,"time":5456,"positionX":4.4545455,"holdTime":0.0,"speed":1.0,"floorPosition":79.542854},{"type":2,"time":5460,"positionX":4.4545455,"holdTime":0.0,"speed":1.0,"floorPosition":79.60286},{"type":2,"time":5464,"positionX":4.4545455,"holdTime":0.0,"speed":1.0,"floorPosition":79.66286},{"type":2,"time":5468,"positionX":4.4545455,"holdTime":0.0,"speed":1.0,"floorPosition":79.722855},{"type":2,"time":5472,"positionX":-4.4545455,"holdTime":0.0,"speed":1.0,"floorPosition":79.78286},{"type":2,"time":5476,"positionX":-4.4545455,"holdTime":0.0,"speed":1.0,"floorPosition":79.84286},{"type":2,"time":5480,"positionX":-4.4545455,"holdTime":0.0,"speed":1.0,"floorPosition":79.902855},{"type":2,"time":5484,"positionX":-4.4545455,"holdTime":0.0,"speed":1.0,"floorPosition":79.96286},{"type":2,"time":5488,"positionX":-4.4545455,"holdTime":0.0,"speed":1.0,"floorPosition":80.02286},{"type":2,"time":5492,"positionX":-4.4545455,"holdTime":0.0,"speed":1.0,"floorPosition":80.082855},{"type":2,"time":5496,"positionX":-4.4545455,"holdTime":0.0,"speed":1.0,"floorPosition":80.14286},{"type":2,"time":5500,"positionX":-4.4545455,"holdTime":0.0,"speed":1.0,"floorPosition":80.20286},{"type":2,"time":5504,"positionX":1.2727273,"holdTime":0.0,"speed":1.0,"floorPosition":80.262856},{"type":2,"time":5508,"positionX":1.9090909,"holdTime":0.0,"speed":1.0,"floorPosition":80.32285},{"type":2,"time":5512,"positionX":2.5454545,"holdTime":0.0,"speed":1.0,"floorPosition":80.38286},{"type":2,"time":5516,"positionX":3.181818,"holdTime":0.0,"speed":1.0,"floorPosition":80.442856},{"type":2,"time":5520,"positionX":3.8181818,"holdTime":0.0,"speed":1.0,"floorPosition":80.50285},{"type":2,"time":5536,"positionX":-1.2727273,"holdTime":0.0,"speed":1.0,"floorPosition":80.74286},{"type":2,"time":5544,"positionX":-1.9090909,"holdTime":0.0,"speed":1.0,"floorPosition":80.862854},{"type":2,"time":5552,"positionX":-2.5454545,"holdTime":0.0,"speed":1.0,"floorPosition":80.98286},{"type":2,"time":5560,"positionX":-3.181818,"holdTime":0.0,"speed":1.0,"floorPosition":81.10286},{"type":2,"time":5568,"positionX":-3.8181818,"holdTime":0.0,"speed":1.0,"floorPosition":81.222855},{"type":2,"time":5576,"positionX":-4.4545455,"holdTime":0.0,"speed":1.0,"floorPosition":81.34286},{"type":2,"time":5584,"positionX":-5.090909,"holdTime":0.0,"speed":1.0,"floorPosition":81.46286},{"type":2,"time":5592,"positionX":-4.4545455,"holdTime":0.0,"speed":1.0,"floorPosition":81.582855},{"type":2,"time":5600,"positionX":-3.8181818,"holdTime":0.0,"speed":1.0,"floorPosition":81.70286},{"type":2,"time":5608,"positionX":-3.181818,"holdTime":0.0,"speed":1.0,"floorPosition":81.82285},{"type":2,"time":5616,"positionX":-2.5454545,"holdTime":0.0,"speed":1.0,"floorPosition":81.942856},{"type":2,"time":5624,"positionX":-1.9090909,"holdTime":0.0,"speed":1.0,"floorPosition":82.06286},{"type":2,"time":5632,"positionX":-1.2727273,"holdTime":0.0,"speed":1.0,"floorPosition":82.18285},{"type":2,"time":5664,"positionX":2.5454545,"holdTime":0.0,"speed":1.0,"floorPosition":82.66286},{"type":2,"time":5668,"positionX":3.181818,"holdTime":0.0,"speed":1.0,"floorPosition":82.722855},{"type":2,"time":5672,"positionX":3.8181818,"holdTime":0.0,"speed":1.0,"floorPosition":82.78286},{"type":2,"time":5680,"positionX":2.5454545,"holdTime":0.0,"speed":1.0,"floorPosition":82.902855},{"type":2,"time":5684,"positionX":3.181818,"holdTime":0.0,"speed":1.0,"floorPosition":82.96286},{"type":2,"time":5688,"positionX":3.8181818,"holdTime":0.0,"speed":1.0,"floorPosition":83.02286},{"type":2,"time":5696,"positionX":-2.5454545,"holdTime":0.0,"speed":1.0,"floorPosition":83.14286},{"type":2,"time":5700,"positionX":-3.181818,"holdTime":0.0,"speed":1.0,"floorPosition":83.20286},{"type":2,"time":5704,"positionX":-3.8181818,"holdTime":0.0,"speed":1.0,"floorPosition":83.262856},{"type":2,"time":5708,"positionX":-4.4545455,"holdTime":0.0,"speed":1.0,"floorPosition":83.32285},{"type":2,"time":5712,"positionX":-5.090909,"holdTime":0.0,"speed":1.0,"floorPosition":83.38286},{"type":2,"time":5728,"positionX":5.090909,"holdTime":0.0,"speed":1.0,"floorPosition":83.622856},{"type":2,"time":5732,"positionX":5.090909,"holdTime":0.0,"speed":1.0,"floorPosition":83.68285},{"type":2,"time":5736,"positionX":5.090909,"holdTime":0.0,"speed":1.0,"floorPosition":83.74286},{"type":2,"time":5740,"positionX":5.090909,"holdTime":0.0,"speed":1.0,"floorPosition":83.80286},{"type":2,"time":5744,"positionX":5.090909,"holdTime":0.0,"speed":1.0,"floorPosition":83.862854},{"type":2,"time":5760,"positionX":0.0,"holdTime":0.0,"speed":1.0,"floorPosition":84.10286},{"type":2,"time":5792,"positionX":0.0,"holdTime":0.0,"speed":1.0,"floorPosition":84.582855},{"type":2,"time":5808,"positionX":0.0,"holdTime":0.0,"speed":1.0,"floorPosition":84.82285},{"type":2,"time":5824,"positionX":0.0,"holdTime":0.0,"speed":1.0,"floorPosition":85.06286},{"type":2,"time":5840,"positionX":0.0,"holdTime":0.0,"speed":1.0,"floorPosition":85.30286},{"type":2,"time":5856,"positionX":0.0,"holdTime":0.0,"speed":1.0,"floorPosition":85.542854},{"type":2,"time":5864,"positionX":0.0,"holdTime":0.0,"speed":1.0,"floorPosition":85.66286},{"type":2,"time":5872,"positionX":0.0,"holdTime":0.0,"speed":1.0,"floorPosition":85.78286},{"type":2,"time":5880,"positionX":0.0,"holdTime":0.0,"speed":1.0,"floorPosition":85.902855},{"type":2,"time":5888,"positionX":0.0,"holdTime":0.0,"speed":1.0,"floorPosition":86.02286},{"type":2,"time":5920,"positionX":5.090909,"holdTime":0.0,"speed":1.0,"floorPosition":86.50285},{"type":2,"time":5928,"positionX":4.4545455,"holdTime":0.0,"speed":1.0,"floorPosition":86.622856},{"type":2,"time":5936,"positionX":3.8181818,"holdTime":0.0,"speed":1.0,"floorPosition":86.74286},{"type":2,"time":5944,"positionX":3.181818,"holdTime":0.0,"speed":1.0,"floorPosition":86.862854},{"type":2,"time":5952,"positionX":2.5454545,"holdTime":0.0,"speed":1.0,"floorPosition":86.98286},{"type":2,"time":5984,"positionX":-2.5454545,"holdTime":0.0,"speed":1.0,"floorPosition":87.46286},{"type":2,"time":5988,"positionX":-3.181818,"holdTime":0.0,"speed":1.0,"floorPosition":87.52286},{"type":2,"time":5992,"positionX":-3.8181818,"holdTime":0.0,"speed":1.0,"floorPosition":87.582855},{"type":2,"time":5996,"positionX":-4.4545455,"holdTime":0.0,"speed":1.0,"floorPosition":87.64286},{"type":2,"time":6000,"positionX":-5.090909,"holdTime":0.0,"speed":1.0,"floorPosition":87.70286},{"type":2,"time":6016,"positionX":3.181818,"holdTime":0.0,"speed":1.0,"floorPosition":87.942856},{"type":2,"time":6048,"positionX":3.181818,"holdTime":0.0,"speed":1.0,"floorPosition":88.42286},{"type":2,"time":6064,"positionX":3.181818,"holdTime":0.0,"speed":1.0,"floorPosition":88.66286},{"type":2,"time":6080,"positionX":3.181818,"holdTime":0.0,"speed":1.0,"floorPosition":88.902855},{"type":2,"time":6096,"positionX":3.181818,"holdTime":0.0,"speed":1.0,"floorPosition":89.14286},{"type":2,"time":6112,"positionX":3.181818,"holdTime":0.0,"speed":1.0,"floorPosition":89.38286},{"type":2,"time":6120,"positionX":3.181818,"holdTime":0.0,"speed":1.0,"floorPosition":89.50285},{"type":2,"time":6128,"positionX":3.181818,"holdTime":0.0,"speed":1.0,"floorPosition":89.622856},{"type":2,"time":6136,"positionX":3.181818,"holdTime":0.0,"speed":1.0,"floorPosition":89.74286},{"type":2,"time":6144,"positionX":3.181818,"holdTime":0.0,"speed":1.0,"floorPosition":89.862854},{"type":2,"time":6176,"positionX":5.090909,"holdTime":0.0,"speed":1.0,"floorPosition":90.34286},{"type":2,"time":6180,"positionX":4.4545455,"holdTime":0.0,"speed":1.0,"floorPosition":90.402855},{"type":2,"time":6184,"positionX":3.8181818,"holdTime":0.0,"speed":1.0,"floorPosition":90.46286},{"type":2,"time":6192,"positionX":5.090909,"holdTime":0.0,"speed":1.0,"floorPosition":90.582855},{"type":2,"time":6196,"positionX":4.4545455,"holdTime":0.0,"speed":1.0,"floorPosition":90.64285},{"type":2,"time":6200,"positionX":3.8181818,"holdTime":0.0,"speed":1.0,"floorPosition":90.70286},{"type":2,"time":6208,"positionX":-5.090909,"holdTime":0.0,"speed":1.0,"floorPosition":90.82285},{"type":2,"time":6212,"positionX":-4.454545,"holdTime":0.0,"speed":1.0,"floorPosition":90.88286},{"type":2,"time":6216,"positionX":-3.8181818,"holdTime":0.0,"speed":1.0,"floorPosition":90.942856},{"type":2,"time":6220,"positionX":-3.181818,"holdTime":0.0,"speed":1.0,"floorPosition":91.00285},{"type":2,"time":6224,"positionX":-2.5454543,"holdTime":0.0,"speed":1.0,"floorPosition":91.06286},{"type":2,"time":6228,"positionX":-1.9090908,"holdTime":0.0,"speed":1.0,"floorPosition":91.122856},{"type":2,"time":6232,"positionX":-1.2727271,"holdTime":0.0,"speed":1.0,"floorPosition":91.18285},{"type":2,"time":6236,"positionX":-0.6363635,"holdTime":0.0,"speed":1.0,"floorPosition":91.24286},{"type":2,"time":6240,"positionX":1.1920929e-7,"holdTime":0.0,"speed":1.0,"floorPosition":91.30286},{"type":2,"time":6244,"positionX":0.63636374,"holdTime":0.0,"speed":1.0,"floorPosition":91.362854},{"type":2,"time":6248,"positionX":1.2727274,"holdTime":0.0,"speed":1.0,"floorPosition":91.42286},{"type":2,"time":6252,"positionX":1.909091,"holdTime":0.0,"speed":1.0,"floorPosition":91.48286},{"type":2,"time":6256,"positionX":2.5454545,"holdTime":0.0,"speed":1.0,"floorPosition":91.542854},{"type":2,"time":6260,"positionX":3.1818182,"holdTime":0.0,"speed":1.0,"floorPosition":91.60286},{"type":2,"time":6264,"positionX":3.8181818,"holdTime":0.0,"speed":1.0,"floorPosition":91.66286},{"type":2,"time":6268,"positionX":4.4545455,"holdTime":0.0,"speed":1.0,"floorPosition":91.722855},{"type":2,"time":6272,"positionX":5.090909,"holdTime":0.0,"speed":1.0,"floorPosition":91.78286},{"type":2,"time":6276,"positionX":4.4545455,"holdTime":0.0,"speed":1.0,"floorPosition":91.84286},{"type":2,"time":6280,"positionX":3.8181818,"holdTime":0.0,"speed":1.0,"floorPosition":91.902855},{"type":2,"time":6284,"positionX":3.181818,"holdTime":0.0,"speed":1.0,"floorPosition":91.96286},{"type":2,"time":6288,"positionX":2.5454545,"holdTime":0.0,"speed":1.0,"floorPosition":92.02286},{"type":2,"time":6292,"positionX":1.9090909,"holdTime":0.0,"speed":1.0,"floorPosition":92.082855},{"type":2,"time":6296,"positionX":1.2727273,"holdTime":0.0,"speed":1.0,"floorPosition":92.14285},{"type":2,"time":6300,"positionX":0.6363636,"holdTime":0.0,"speed":1.0,"floorPosition":92.20286},{"type":2,"time":6304,"positionX":0.0,"holdTime":0.0,"speed":1.0,"floorPosition":92.262856},{"type":2,"time":6308,"positionX":-0.6363636,"holdTime":0.0,"speed":1.0,"floorPosition":92.32285},{"type":2,"time":6312,"positionX":-1.2727273,"holdTime":0.0,"speed":1.0,"floorPosition":92.38286},{"type":2,"time":6316,"positionX":-1.9090909,"holdTime":0.0,"speed":1.0,"floorPosition":92.442856},{"type":2,"time":6320,"positionX":-2.5454545,"holdTime":0.0,"speed":1.0,"floorPosition":92.50285},{"type":2,"time":6324,"positionX":-3.181818,"holdTime":0.0,"speed":1.0,"floorPosition":92.56286},{"type":2,"time":6328,"positionX":-3.8181818,"holdTime":0.0,"speed":1.0,"floorPosition":92.622856},{"type":2,"time":6332,"positionX":-4.4545455,"holdTime":0.0,"speed":1.0,"floorPosition":92.68285},{"type":2,"time":6336,"positionX":-5.090909,"holdTime":0.0,"speed":1.0,"floorPosition":92.74286},{"type":2,"time":6368,"positionX":0.0,"holdTime":0.0,"speed":1.0,"floorPosition":93.222855},{"type":2,"time":6384,"positionX":0.0,"holdTime":0.0,"speed":1.0,"floorPosition":93.46286},{"type":2,"time":6392,"positionX":0.0,"holdTime":0.0,"speed":1.0,"floorPosition":93.582855},{"type":2,"time":6400,"positionX":0.0,"holdTime":0.0,"speed":1.0,"floorPosition":93.70286},{"type":1,"time":6912,"positionX":0.0,"holdTime":0.0,"speed":1.0,"floorPosition":99.188576},{"type":2,"time":6920,"positionX":0.0,"holdTime":0.0,"speed":1.0,"floorPosition":99.274284},{"type":2,"time":6928,"positionX":0.0,"holdTime":0.0,"speed":1.0,"floorPosition":99.36},{"type":2,"time":6936,"positionX":0.0,"holdTime":0.0,"speed":1.0,"floorPosition":99.44572},{"type":2,"time":6944,"positionX":0.0,"holdTime":0.0,"speed":1.0,"floorPosition":99.53143},{"type":2,"time":6952,"positionX":0.0,"holdTime":0.0,"speed":1.0,"floorPosition":99.61714},{"type":2,"time":6960,"positionX":0.0,"holdTime":0.0,"speed":1.0,"floorPosition":99.70286},{"type":2,"time":6968,"positionX":0.0,"holdTime":0.0,"speed":1.0,"floorPosition":99.788574},{"type":2,"time":6976,"positionX":0.0,"holdTime":0.0,"speed":1.0,"floorPosition":99.87428},{"type":2,"time":6984,"positionX":0.0,"holdTime":0.0,"speed":1.0,"floorPosition":99.96},{"type":2,"time":6992,"positionX":0.0,"holdTime":0.0,"speed":1.0,"floorPosition":100.045715},{"type":2,"time":7000,"positionX":0.0,"holdTime":0.0,"speed":1.0,"floorPosition":100.13143},{"type":2,"time":7008,"positionX":0.0,"holdTime":0.0,"speed":1.0,"floorPosition":100.21714},{"type":2,"time":7016,"positionX":0.0,"holdTime":0.0,"speed":1.0,"floorPosition":100.30286},{"type":2,"time":7024,"positionX":0.0,"holdTime":0.0,"speed":1.0,"floorPosition":100.38857},{"type":2,"time":7032,"positionX":0.0,"holdTime":0.0,"speed":1.0,"floorPosition":100.47429},{"type":2,"time":7040,"positionX":0.0,"holdTime":0.0,"speed":1.0,"floorPosition":100.56},{"type":2,"time":7048,"positionX":0.0,"holdTime":0.0,"speed":1.0,"floorPosition":100.64571},{"type":2,"time":7056,"positionX":0.0,"holdTime":0.0,"speed":1.0,"floorPosition":100.73143},{"type":2,"time":7064,"positionX":0.0,"holdTime":0.0,"speed":1.0,"floorPosition":100.81715},{"type":2,"time":7072,"positionX":0.0,"holdTime":0.0,"speed":1.0,"floorPosition":100.902855},{"type":2,"time":7080,"positionX":0.0,"holdTime":0.0,"speed":1.0,"floorPosition":100.98857},{"type":2,"time":7088,"positionX":0.0,"holdTime":0.0,"speed":1.0,"floorPosition":101.07429},{"type":2,"time":7096,"positionX":0.0,"holdTime":0.0,"speed":1.0,"floorPosition":101.16},{"type":2,"time":7104,"positionX":0.0,"holdTime":0.0,"speed":1.0,"floorPosition":101.24571},{"type":2,"time":7112,"positionX":0.0,"holdTime":0.0,"speed":1.0,"floorPosition":101.33143},{"type":2,"time":7120,"positionX":0.0,"holdTime":0.0,"speed":1.0,"floorPosition":101.417145},{"type":2,"time":7128,"positionX":0.0,"holdTime":0.0,"speed":1.0,"floorPosition":101.50286},{"type":2,"time":7136,"positionX":0.0,"holdTime":0.0,"speed":1.0,"floorPosition":101.58857},{"type":2,"time":7144,"positionX":0.0,"holdTime":0.0,"speed":1.0,"floorPosition":101.674286},{"type":2,"time":7152,"positionX":0.0,"holdTime":0.0,"speed":1.0,"floorPosition":101.76},{"type":2,"time":7160,"positionX":0.0,"holdTime":0.0,"speed":1.0,"floorPosition":101.84572},{"type":2,"time":7168,"positionX":0.0,"holdTime":0.0,"speed":1.0,"floorPosition":101.93143},{"type":2,"time":7176,"positionX":0.0,"holdTime":0.0,"speed":1.0,"floorPosition":102.01714},{"type":2,"time":7184,"positionX":0.0,"holdTime":0.0,"speed":1.0,"floorPosition":102.10286},{"type":2,"time":7192,"positionX":0.0,"holdTime":0.0,"speed":1.0,"floorPosition":102.188576},{"type":2,"time":7200,"positionX":0.0,"holdTime":0.0,"speed":1.0,"floorPosition":102.274284},{"type":2,"time":7208,"positionX":0.0,"holdTime":0.0,"speed":1.0,"floorPosition":102.36},{"type":2,"time":7216,"positionX":0.0,"holdTime":0.0,"speed":1.0,"floorPosition":102.44572},{"type":2,"time":7224,"positionX":0.0,"holdTime":0.0,"speed":1.0,"floorPosition":102.53143},{"type":2,"time":7232,"positionX":0.0,"holdTime":0.0,"speed":1.0,"floorPosition":102.61714},{"type":2,"time":7240,"positionX":0.0,"holdTime":0.0,"speed":1.0,"floorPosition":102.70286},{"type":2,"time":7248,"positionX":0.0,"holdTime":0.0,"speed":1.0,"floorPosition":102.788574},{"type":2,"time":7256,"positionX":0.0,"holdTime":0.0,"speed":1.0,"floorPosition":102.87428},{"type":2,"time":7264,"positionX":0.0,"holdTime":0.0,"speed":1.0,"floorPosition":102.96},{"type":2,"time":7272,"positionX":0.0,"holdTime":0.0,"speed":1.0,"floorPosition":103.045715},{"type":2,"time":7280,"positionX":0.0,"holdTime":0.0,"speed":1.0,"floorPosition":103.13143},{"type":2,"time":7288,"positionX":0.0,"holdTime":0.0,"speed":1.0,"floorPosition":103.21714},{"type":1,"time":7424,"positionX":-2.625,"holdTime":0.0,"speed":1.0,"floorPosition":105.222855},{"type":1,"time":7424,"positionX":2.625,"holdTime":0.0,"speed":1.0,"floorPosition":105.222855},{"type":1,"time":7488,"positionX":-4.375,"holdTime":0.0,"speed":1.0,"floorPosition":106.18285},{"type":2,"time":7504,"positionX":-2.625,"holdTime":0.0,"speed":1.0,"floorPosition":106.42286},{"type":2,"time":7520,"positionX":-0.875,"holdTime":0.0,"speed":1.0,"floorPosition":106.66286},{"type":1,"time":7552,"positionX":4.375,"holdTime":0.0,"speed":1.0,"floorPosition":107.14285},{"type":1,"time":7584,"positionX":3.5,"holdTime":0.0,"speed":1.0,"floorPosition":107.622856},{"type":2,"time":7600,"positionX":1.75,"holdTime":0.0,"speed":1.0,"floorPosition":107.862854},{"type":1,"time":7632,"positionX":-4.375,"holdTime":0.0,"speed":1.0,"floorPosition":108.34286},{"type":2,"time":7648,"positionX":-2.625,"holdTime":0.0,"speed":1.0,"floorPosition":108.582855},{"type":2,"time":7664,"positionX":-0.875,"holdTime":0.0,"speed":1.0,"floorPosition":108.82285},{"type":1,"time":7680,"positionX":4.375,"holdTime":0.0,"speed":1.0,"floorPosition":109.06286},{"type":1,"time":7744,"positionX":-4.375,"holdTime":0.0,"speed":1.0,"floorPosition":110.02286},{"type":2,"time":7760,"positionX":-2.625,"holdTime":0.0,"speed":1.0,"floorPosition":110.262856},{"type":2,"time":7776,"positionX":-0.875,"holdTime":0.0,"speed":1.0,"floorPosition":110.50285},{"type":1,"time":7792,"positionX":5.25,"holdTime":0.0,"speed":1.0,"floorPosition":110.74286},{"type":2,"time":7808,"positionX":3.5,"holdTime":0.0,"speed":1.0,"floorPosition":110.98286},{"type":1,"time":7840,"positionX":-4.375,"holdTime":0.0,"speed":1.0,"floorPosition":111.46286},{"type":1,"time":7840,"positionX":2.625,"holdTime":0.0,"speed":1.0,"floorPosition":111.46286},{"type":1,"time":7856,"positionX":-4.375,"holdTime":0.0,"speed":1.0,"floorPosition":111.70286},{"type":1,"time":7856,"positionX":2.625,"holdTime":0.0,"speed":1.0,"floorPosition":111.70286},{"type":1,"time":7936,"positionX":3.5,"holdTime":0.0,"speed":1.0,"floorPosition":112.902855},{"type":1,"time":8000,"positionX":4.375,"holdTime":0.0,"speed":1.0,"floorPosition":113.862854},{"type":2,"time":8016,"positionX":2.625,"holdTime":0.0,"speed":1.0,"floorPosition":114.10286},{"type":1,"time":8032,"positionX":-4.375,"holdTime":0.0,"speed":1.0,"floorPosition":114.34286},{"type":2,"time":8048,"positionX":-2.625,"holdTime":0.0,"speed":1.0,"floorPosition":114.582855},{"type":2,"time":8064,"positionX":-4.375,"holdTime":0.0,"speed":1.0,"floorPosition":114.82285},{"type":1,"time":8128,"positionX":-4.375,"holdTime":0.0,"speed":1.0,"floorPosition":115.78286},{"type":1,"time":8160,"positionX":0.0,"holdTime":0.0,"speed":1.0,"floorPosition":116.262856},{"type":1,"time":8192,"positionX":4.375,"holdTime":0.0,"speed":1.0,"floorPosition":116.74286},{"type":1,"time":8224,"positionX":-2.625,"holdTime":0.0,"speed":1.0,"floorPosition":117.222855},{"type":2,"time":8240,"positionX":-0.875,"holdTime":0.0,"speed":1.0,"floorPosition":117.46285},{"type":1,"time":8272,"positionX":4.375,"holdTime":0.0,"speed":1.0,"floorPosition":117.942856},{"type":3,"time":8320,"positionX":4.375,"holdTime":96.0,"speed":1.4,"floorPosition":118.66286},{"type":3,"time":8384,"positionX":-4.375,"holdTime":32.0,"speed":1.4,"floorPosition":119.622856},{"type":1,"time":8448,"positionX":2.625,"holdTime":0.0,"speed":1.0,"floorPosition":120.582855},{"type":1,"time":8448,"positionX":-2.625,"holdTime":0.0,"speed":1.0,"floorPosition":120.582855},{"type":1,"time":8512,"positionX":-4.375,"holdTime":0.0,"speed":1.0,"floorPosition":121.542854},{"type":2,"time":8528,"positionX":-2.625,"holdTime":0.0,"speed":1.0,"floorPosition":121.78286},{"type":2,"time":8544,"positionX":-0.875,"holdTime":0.0,"speed":1.0,"floorPosition":122.02286},{"type":1,"time":8576,"positionX":4.375,"holdTime":0.0,"speed":1.0,"floorPosition":122.50285},{"type":1,"time":8608,"positionX":-2.625,"holdTime":0.0,"speed":1.0,"floorPosition":122.98286},{"type":2,"time":8624,"positionX":-4.375,"holdTime":0.0,"speed":1.0,"floorPosition":123.222855},{"type":1,"time":8656,"positionX":0.875,"holdTime":0.0,"speed":1.0,"floorPosition":123.70286},{"type":2,"time":8672,"positionX":2.625,"holdTime":0.0,"speed":1.0,"floorPosition":123.942856},{"type":2,"time":8688,"positionX":4.375,"holdTime":0.0,"speed":1.0,"floorPosition":124.18285},{"type":2,"time":8704,"positionX":6.125,"holdTime":0.0,"speed":1.0,"floorPosition":124.42286},{"type":1,"time":8768,"positionX":-5.25,"holdTime":0.0,"speed":1.0,"floorPosition":125.38286},{"type":2,"time":8784,"positionX":-3.5,"holdTime":0.0,"speed":1.0,"floorPosition":125.622856},{"type":2,"time":8800,"positionX":-1.75,"holdTime":0.0,"speed":1.0,"floorPosition":125.862854},{"type":2,"time":8816,"positionX":0.0,"holdTime":0.0,"speed":1.0,"floorPosition":126.10286},{"type":1,"time":8832,"positionX":4.375,"holdTime":0.0,"speed":1.0,"floorPosition":126.34286},{"type":1,"time":8864,"positionX":-3.5,"holdTime":0.0,"speed":1.0,"floorPosition":126.82285},{"type":1,"time":8864,"positionX":1.75,"holdTime":0.0,"speed":1.0,"floorPosition":126.82285},{"type":1,"time":8880,"positionX":-3.5,"holdTime":0.0,"speed":1.0,"floorPosition":127.06286},{"type":1,"time":8880,"positionX":1.75,"holdTime":0.0,"speed":1.0,"floorPosition":127.06286},{"type":1,"time":8960,"positionX":4.375,"holdTime":0.0,"speed":1.0,"floorPosition":128.26286},{"type":1,"time":9024,"positionX":4.375,"holdTime":0.0,"speed":1.0,"floorPosition":129.22285},{"type":2,"time":9040,"positionX":2.625,"holdTime":0.0,"speed":1.0,"floorPosition":129.46286},{"type":1,"time":9056,"positionX":-4.375,"holdTime":0.0,"speed":1.0,"floorPosition":129.70285},{"type":2,"time":9072,"positionX":-2.625,"holdTime":0.0,"speed":1.0,"floorPosition":129.94286},{"type":2,"time":9088,"positionX":-0.875,"holdTime":0.0,"speed":1.0,"floorPosition":130.18286},{"type":1,"time":9152,"positionX":1.75,"holdTime":0.0,"speed":1.0,"floorPosition":131.14285},{"type":1,"time":9152,"positionX":-5.25,"holdTime":0.0,"speed":1.0,"floorPosition":131.14285},{"type":1,"time":9184,"positionX":-3.5,"holdTime":0.0,"speed":1.0,"floorPosition":131.62285},{"type":1,"time":9184,"positionX":3.5,"holdTime":0.0,"speed":1.0,"floorPosition":131.62285},{"type":1,"time":9216,"positionX":-1.75,"holdTime":0.0,"speed":1.0,"floorPosition":132.10286},{"type":1,"time":9216,"positionX":5.25,"holdTime":0.0,"speed":1.0,"floorPosition":132.10286},{"type":1,"time":9248,"positionX":-4.375,"holdTime":0.0,"speed":1.0,"floorPosition":132.58286},{"type":2,"time":9264,"positionX":-2.625,"holdTime":0.0,"speed":1.0,"floorPosition":132.82286},{"type":1,"time":9296,"positionX":3.5,"holdTime":0.0,"speed":1.0,"floorPosition":133.30286},{"type":3,"time":9344,"positionX":5.25,"holdTime":32.0,"speed":1.4,"floorPosition":134.02286},{"type":3,"time":9344,"positionX":-5.25,"holdTime":32.0,"speed":1.4,"floorPosition":134.02286},{"type":3,"time":9408,"positionX":2.625,"holdTime":32.0,"speed":1.4,"floorPosition":134.98285},{"type":3,"time":9408,"positionX":-2.625,"holdTime":32.0,"speed":1.4,"floorPosition":134.98285},{"type":3,"time":9472,"positionX":0.0,"holdTime":256.0,"speed":1.4,"floorPosition":135.94286},{"type":2,"time":9760,"positionX":0.0,"holdTime":0.0,"speed":1.0,"floorPosition":140.26286},{"type":2,"time":9824,"positionX":0.0,"holdTime":0.0,"speed":1.0,"floorPosition":141.22285},{"type":2,"time":9888,"positionX":0.0,"holdTime":0.0,"speed":1.0,"floorPosition":142.18286},{"type":2,"time":9952,"positionX":0.0,"holdTime":0.0,"speed":1.0,"floorPosition":143.14285},{"type":2,"time":10016,"positionX":0.0,"holdTime":0.0,"speed":1.0,"floorPosition":144.10286},{"type":2,"time":10080,"positionX":0.0,"holdTime":0.0,"speed":1.0,"floorPosition":145.06285},{"type":2,"time":10144,"positionX":0.0,"holdTime":0.0,"speed":1.0,"floorPosition":146.02286},{"type":2,"time":10208,"positionX":0.0,"holdTime":0.0,"speed":1.0,"floorPosition":146.98285},{"type":2,"time":10272,"positionX":0.0,"holdTime":0.0,"speed":1.0,"floorPosition":147.94286},{"type":2,"time":10336,"positionX":0.0,"holdTime":0.0,"speed":1.0,"floorPosition":148.90286},{"type":2,"time":10400,"positionX":0.0,"holdTime":0.0,"speed":1.0,"floorPosition":149.86285},{"type":2,"time":10464,"positionX":0.0,"holdTime":0.0,"speed":1.0,"floorPosition":150.82286},{"type":4,"time":10496,"positionX":0.0,"holdTime":0.0,"speed":1.0,"floorPosition":151.30286}],"notesBelow":[],"speedEvents":[{"startTime":0.0,"endTime":1072.0,"value":1.2},{"startTime":1072.0,"endTime":6400.0,"value":1.4},{"startTime":6400.0,"endTime":7296.0,"value":1.0},{"startTime":7296.0,"endTime":1000000000.0,"value":1.4}],"judgeLineMoveEvents":[{"startTime":-999999.0,"endTime":128.0,"start":0.5,"end":0.5,"start2":0.5,"end2":0.5},{"startTime":128.0,"endTime":1152.0,"start":0.5,"end":0.5,"start2":0.5,"end2":0.2},{"startTime":1152.0,"endTime":4416.0,"start":0.5,"end":0.5,"start2":0.2,"end2":0.2},{"startTime":4416.0,"endTime":4480.0,"start":0.5,"end":0.6,"start2":0.2,"end2":0.2},{"startTime":4480.0,"endTime":4544.0,"start":0.6,"end":0.6,"start2":0.2,"end2":0.2},{"startTime":4544.0,"endTime":4560.0,"start":0.6,"end":0.65,"start2":0.2,"end2":0.2},{"startTime":4560.0,"endTime":4576.0,"start":0.65,"end":0.65,"start2":0.2,"end2":0.2},{"startTime":4576.0,"endTime":4592.0,"start":0.65,"end":0.6,"start2":0.2,"end2":0.2},{"startTime":4592.0,"endTime":4672.0,"start":0.6,"end":0.6,"start2":0.2,"end2":0.2},{"startTime":4672.0,"endTime":4736.0,"start":0.6,"end":0.5,"start2":0.2,"end2":0.2},{"startTime":4736.0,"endTime":4896.0,"start":0.5,"end":0.5,"start2":0.2,"end2":0.2},{"startTime":4896.0,"endTime":4904.0,"start":0.5,"end":0.47,"start2":0.2,"end2":0.2},{"startTime":4904.0,"endTime":4912.0,"start":0.47,"end":0.47,"start2":0.2,"end2":0.2},{"startTime":4912.0,"endTime":4920.0,"start":0.47,"end":0.45,"start2":0.2,"end2":0.2},{"startTime":4920.0,"endTime":4928.0,"start":0.45,"end":0.45,"start2":0.2,"end2":0.2},{"startTime":4928.0,"endTime":4992.0,"start":0.45,"end":0.5,"start2":0.2,"end2":0.2},{"startTime":4992.0,"endTime":5376.0,"start":0.5,"end":0.5,"start2":0.2,"end2":0.2},{"startTime":5376.0,"endTime":5408.0,"start":0.5,"end":0.45,"start2":0.2,"end2":0.2},{"startTime":5408.0,"endTime":5504.0,"start":0.45,"end":0.45,"start2":0.2,"end2":0.2},{"startTime":5504.0,"endTime":5520.0,"start":0.45,"end":0.5,"start2":0.2,"end2":0.2},{"startTime":5520.0,"endTime":5536.0,"start":0.5,"end":0.5,"start2":0.2,"end2":0.2},{"startTime":5536.0,"endTime":5584.0,"start":0.5,"end":0.45,"start2":0.2,"end2":0.2},{"startTime":5584.0,"endTime":5632.0,"start":0.45,"end":0.5,"start2":0.2,"end2":0.2},{"startTime":5632.0,"endTime":6400.0,"start":0.5,"end":0.5,"start2":0.2,"end2":0.2},{"startTime":6400.0,"endTime":6912.0,"start":0.5,"end":0.5,"start2":0.2,"end2":0.5},{"startTime":6912.0,"endTime":7296.0,"start":0.5,"end":0.5,"start2":0.5,"end2":0.5},{"startTime":7296.0,"endTime":7424.0,"start":0.5,"end":0.5,"start2":0.5,"end2":0.2},{"startTime":7424.0,"endTime":9472.0,"start":0.5,"end":0.5,"start2":0.2,"end2":0.2},{"startTime":9472.0,"endTime":9476.0,"start":0.5,"end":0.5,"start2":0.2,"end2":0.200395},{"startTime":9476.0,"endTime":9480.0,"start":0.5,"end":0.5,"start2":0.200395,"end2":0.20157},{"startTime":9480.0,"endTime":9484.0,"start":0.5,"end":0.5,"start2":0.20157,"end2":0.203525},{"startTime":9484.0,"endTime":9488.0,"start":0.5,"end":0.5,"start2":0.203525,"end2":0.20626001},{"startTime":9488.0,"endTime":9492.0,"start":0.5,"end":0.5,"start2":0.20626001,"end2":0.209775},{"startTime":9492.0,"endTime":9496.0,"start":0.5,"end":0.5,"start2":0.209775,"end2":0.21407},{"startTime":9496.0,"endTime":9500.0,"start":0.5,"end":0.5,"start2":0.21407,"end2":0.219145},{"startTime":9500.0,"endTime":9504.0,"start":0.5,"end":0.5,"start2":0.219145,"end2":0.22500001},{"startTime":9504.0,"endTime":9508.0,"start":0.5,"end":0.5,"start2":0.22500001,"end2":0.231645},{"startTime":9508.0,"endTime":9512.0,"start":0.5,"end":0.5,"start2":0.231645,"end2":0.23907},{"startTime":9512.0,"endTime":9516.0,"start":0.5,"end":0.5,"start2":0.23907,"end2":0.24727501},{"startTime":9516.0,"endTime":9520.0,"start":0.5,"end":0.5,"start2":0.24727501,"end2":0.25626},{"startTime":9520.0,"endTime":9524.0,"start":0.5,"end":0.5,"start2":0.25626,"end2":0.266025},{"startTime":9524.0,"endTime":9528.0,"start":0.5,"end":0.5,"start2":0.266025,"end2":0.27657},{"startTime":9528.0,"endTime":9532.0,"start":0.5,"end":0.5,"start2":0.27657,"end2":0.287895},{"startTime":9532.0,"endTime":9536.0,"start":0.5,"end":0.5,"start2":0.287895,"end2":0.3},{"startTime":9536.0,"endTime":9540.0,"start":0.5,"end":0.5,"start2":0.3,"end2":0.312105},{"startTime":9540.0,"endTime":9544.0,"start":0.5,"end":0.5,"start2":0.312105,"end2":0.32343},{"startTime":9544.0,"endTime":9548.0,"start":0.5,"end":0.5,"start2":0.32343,"end2":0.333975},{"startTime":9548.0,"endTime":9552.0,"start":0.5,"end":0.5,"start2":0.333975,"end2":0.34374002},{"startTime":9552.0,"endTime":9556.0,"start":0.5,"end":0.5,"start2":0.34374002,"end2":0.352725},{"startTime":9556.0,"endTime":9560.0,"start":0.5,"end":0.5,"start2":0.352725,"end2":0.36093},{"startTime":9560.0,"endTime":9564.0,"start":0.5,"end":0.5,"start2":0.36093,"end2":0.368355},{"startTime":9564.0,"endTime":9568.0,"start":0.5,"end":0.5,"start2":0.368355,"end2":0.375},{"startTime":9568.0,"endTime":9572.0,"start":0.5,"end":0.5,"start2":0.375,"end2":0.38085502},{"startTime":9572.0,"endTime":9576.0,"start":0.5,"end":0.5,"start2":0.38085502,"end2":0.38593},{"startTime":9576.0,"endTime":9580.0,"start":0.5,"end":0.5,"start2":0.38593,"end2":0.390225},{"startTime":9580.0,"endTime":9584.0,"start":0.5,"end":0.5,"start2":0.390225,"end2":0.39374},{"startTime":9584.0,"endTime":9588.0,"start":0.5,"end":0.5,"start2":0.39374,"end2":0.39647502},{"startTime":9588.0,"endTime":9592.0,"start":0.5,"end":0.5,"start2":0.39647502,"end2":0.39843002},{"startTime":9592.0,"endTime":9596.0,"start":0.5,"end":0.5,"start2":0.39843002,"end2":0.399605},{"startTime":9596.0,"endTime":9600.0,"start":0.5,"end":0.5,"start2":0.399605,"end2":0.4},{"startTime":9600.0,"endTime":9604.0,"start":0.5,"end":0.5,"start2":0.4,"end2":0.399605},{"startTime":9604.0,"endTime":9608.0,"start":0.5,"end":0.5,"start2":0.399605,"end2":0.39843002},{"startTime":9608.0,"endTime":9612.0,"start":0.5,"end":0.5,"start2":0.39843002,"end2":0.39647502},{"startTime":9612.0,"endTime":9616.0,"start":0.5,"end":0.5,"start2":0.39647502,"end2":0.39374},{"startTime":9616.0,"endTime":9620.0,"start":0.5,"end":0.5,"start2":0.39374,"end2":0.390225},{"startTime":9620.0,"endTime":9624.0,"start":0.5,"end":0.5,"start2":0.390225,"end2":0.38593},{"startTime":9624.0,"endTime":9628.0,"start":0.5,"end":0.5,"start2":0.38593,"end2":0.380855},{"startTime":9628.0,"endTime":9632.0,"start":0.5,"end":0.5,"start2":0.380855,"end2":0.375},{"startTime":9632.0,"endTime":9636.0,"start":0.5,"end":0.5,"start2":0.375,"end2":0.368355},{"startTime":9636.0,"endTime":9640.0,"start":0.5,"end":0.5,"start2":0.368355,"end2":0.36093},{"startTime":9640.0,"endTime":9644.0,"start":0.5,"end":0.5,"start2":0.36093,"end2":0.352725},{"startTime":9644.0,"endTime":9648.0,"start":0.5,"end":0.5,"start2":0.352725,"end2":0.34374002},{"startTime":9648.0,"endTime":9652.0,"start":0.5,"end":0.5,"start2":0.34374002,"end2":0.33397502},{"startTime":9652.0,"endTime":9656.0,"start":0.5,"end":0.5,"start2":0.33397502,"end2":0.32343},{"startTime":9656.0,"endTime":9660.0,"start":0.5,"end":0.5,"start2":0.32343,"end2":0.312105},{"startTime":9660.0,"endTime":9664.0,"start":0.5,"end":0.5,"start2":0.312105,"end2":0.3},{"startTime":9664.0,"endTime":9668.0,"start":0.5,"end":0.5,"start2":0.3,"end2":0.287895},{"startTime":9668.0,"endTime":9672.0,"start":0.5,"end":0.5,"start2":0.287895,"end2":0.27657},{"startTime":9672.0,"endTime":9676.0,"start":0.5,"end":0.5,"start2":0.27657,"end2":0.266025},{"startTime":9676.0,"endTime":9680.0,"start":0.5,"end":0.5,"start2":0.266025,"end2":0.25626},{"startTime":9680.0,"endTime":9684.0,"start":0.5,"end":0.5,"start2":0.25626,"end2":0.247275},{"startTime":9684.0,"endTime":9688.0,"start":0.5,"end":0.5,"start2":0.247275,"end2":0.23907},{"startTime":9688.0,"endTime":9692.0,"start":0.5,"end":0.5,"start2":0.23907,"end2":0.23164502},{"startTime":9692.0,"endTime":9696.0,"start":0.5,"end":0.5,"start2":0.23164502,"end2":0.22500001},{"startTime":9696.0,"endTime":9700.0,"start":0.5,"end":0.5,"start2":0.22500001,"end2":0.21914499},{"startTime":9700.0,"endTime":9704.0,"start":0.5,"end":0.5,"start2":0.21914499,"end2":0.21407},{"startTime":9704.0,"endTime":9708.0,"start":0.5,"end":0.5,"start2":0.21407,"end2":0.20977502},{"startTime":9708.0,"endTime":9712.0,"start":0.5,"end":0.5,"start2":0.20977502,"end2":0.20626001},{"startTime":9712.0,"endTime":9716.0,"start":0.5,"end":0.5,"start2":0.20626001,"end2":0.20352499},{"startTime":9716.0,"endTime":9720.0,"start":0.5,"end":0.5,"start2":0.20352499,"end2":0.20157},{"startTime":9720.0,"endTime":9724.0,"start":0.5,"end":0.5,"start2":0.20157,"end2":0.200395},{"startTime":9724.0,"endTime":9728.0,"start":0.5,"end":0.5,"start2":0.200395,"end2":0.2},{"startTime":9728.0,"endTime":9760.0,"start":0.5,"end":0.5,"start2":0.2,"end2":0.2},{"startTime":9760.0,"endTime":9792.0,"start":0.5,"end":0.5,"start2":0.15,"end2":0.2},{"startTime":9792.0,"endTime":9824.0,"start":0.5,"end":0.5,"start2":0.2,"end2":0.2},{"startTime":9824.0,"endTime":9856.0,"start":0.5,"end":0.5,"start2":0.15,"end2":0.2},{"startTime":9856.0,"endTime":9888.0,"start":0.5,"end":0.5,"start2":0.2,"end2":0.2},{"startTime":9888.0,"endTime":9920.0,"start":0.5,"end":0.5,"start2":0.15,"end2":0.2},{"startTime":9920.0,"endTime":9952.0,"start":0.5,"end":0.5,"start2":0.2,"end2":0.2},{"startTime":9952.0,"endTime":9984.0,"start":0.5,"end":0.5,"start2":0.15,"end2":0.2},{"startTime":9984.0,"endTime":10016.0,"start":0.5,"end":0.5,"start2":0.2,"end2":0.2},{"startTime":10016.0,"endTime":10048.0,"start":0.5,"end":0.5,"start2":0.15,"end2":0.2},{"startTime":10048.0,"endTime":10080.0,"start":0.5,"end":0.5,"start2":0.2,"end2":0.2},{"startTime":10080.0,"endTime":10112.0,"start":0.5,"end":0.5,"start2":0.15,"end2":0.2},{"startTime":10112.0,"endTime":10144.0,"start":0.5,"end":0.5,"start2":0.2,"end2":0.2},{"startTime":10144.0,"endTime":10176.0,"start":0.5,"end":0.5,"start2":0.15,"end2":0.2},{"startTime":10176.0,"endTime":10208.0,"start":0.5,"end":0.5,"start2":0.2,"end2":0.2},{"startTime":10208.0,"endTime":10240.0,"start":0.5,"end":0.5,"start2":0.15,"end2":0.2},{"startTime":10240.0,"endTime":10272.0,"start":0.5,"end":0.5,"start2":0.2,"end2":0.2},{"startTime":10272.0,"endTime":10304.0,"start":0.5,"end":0.5,"start2":0.15,"end2":0.2},{"startTime":10304.0,"endTime":10336.0,"start":0.5,"end":0.5,"start2":0.2,"end2":0.2},{"startTime":10336.0,"endTime":10368.0,"start":0.5,"end":0.5,"start2":0.15,"end2":0.2},{"startTime":10368.0,"endTime":10400.0,"start":0.5,"end":0.5,"start2":0.2,"end2":0.2},{"startTime":10400.0,"endTime":10432.0,"start":0.5,"end":0.5,"start2":0.15,"end2":0.2},{"startTime":10432.0,"endTime":10464.0,"start":0.5,"end":0.5,"start2":0.2,"end2":0.2},{"startTime":10464.0,"endTime":10496.0,"start":0.5,"end":0.5,"start2":0.15,"end2":0.2},{"startTime":10496.0,"endTime":10752.0,"start":0.5,"end":0.5,"start2":0.2,"end2":0.0},{"startTime":10752.0,"endTime":1000000000.0,"start":0.5,"end":0.5,"start2":0.0,"end2":0.0}],"judgeLineRotateEvents":[{"startTime":-999999.0,"endTime":6912.0,"start":0.0,"end":0.0},{"startTime":6912.0,"endTime":6920.0,"start":0.0,"end":0.0011046857},{"startTime":6920.0,"endTime":6928.0,"start":0.0011046857,"end":0.015638402},{"startTime":6928.0,"endTime":6936.0,"start":0.015638402,"end":0.074705146},{"startTime":6936.0,"endTime":6944.0,"start":0.074705146,"end":0.2283676},{"startTime":6944.0,"endTime":6952.0,"start":0.2283676,"end":0.551658},{"startTime":6952.0,"endTime":6960.0,"start":0.551658,"end":1.150416},{"startTime":6960.0,"endTime":6968.0,"start":1.150416,"end":2.12963},{"startTime":6968.0,"endTime":6976.0,"start":2.12963,"end":3.6205313},{"startTime":6976.0,"endTime":6984.0,"start":3.6205313,"end":5.7733026},{"startTime":6984.0,"endTime":6992.0,"start":5.7733026,"end":8.805112},{"startTime":6992.0,"endTime":7000.0,"start":8.805112,"end":12.90819},{"startTime":7000.0,"endTime":7008.0,"start":12.90819,"end":18.27597},{"startTime":7008.0,"endTime":7016.0,"start":18.27597,"end":25.1398},{"startTime":7016.0,"endTime":7024.0,"start":25.1398,"end":33.75},{"startTime":7024.0,"endTime":7032.0,"start":33.75,"end":44.53783},{"startTime":7032.0,"endTime":7040.0,"start":44.53783,"end":57.679317},{"startTime":7040.0,"endTime":7048.0,"start":57.679317,"end":73.486946},{"startTime":7048.0,"endTime":7056.0,"start":73.486946,"end":92.29218},{"startTime":7056.0,"endTime":7064.0,"start":92.29218,"end":114.531136},{"startTime":7064.0,"endTime":7072.0,"start":114.531136,"end":140.70033},{"startTime":7072.0,"endTime":7080.0,"start":140.70033,"end":171.04163},{"startTime":7080.0,"endTime":7088.0,"start":171.04163,"end":205.96774},{"startTime":7088.0,"endTime":7096.0,"start":205.96774,"end":245.91042},{"startTime":7096.0,"endTime":7104.0,"start":245.91042,"end":291.5939},{"startTime":7104.0,"endTime":7112.0,"start":291.5939,"end":343.41592},{"startTime":7112.0,"endTime":7120.0,"start":343.41592,"end":401.74597},{"startTime":7120.0,"endTime":7128.0,"start":401.74597,"end":467.0968},{"startTime":7128.0,"endTime":7144.0,"start":467.0968,"end":612.9032},{"startTime":7144.0,"endTime":7152.0,"start":612.9032,"end":678.2539},{"startTime":7152.0,"endTime":7160.0,"start":678.2539,"end":736.584},{"startTime":7160.0,"endTime":7168.0,"start":736.584,"end":788.4062},{"startTime":7168.0,"endTime":7176.0,"start":788.4062,"end":834.08966},{"startTime":7176.0,"endTime":7184.0,"start":834.08966,"end":874.0322},{"startTime":7184.0,"endTime":7192.0,"start":874.0322,"end":908.9584},{"startTime":7192.0,"endTime":7200.0,"start":908.9584,"end":939.2996},{"startTime":7200.0,"endTime":7208.0,"start":939.2996,"end":965.4688},{"startTime":7208.0,"endTime":7216.0,"start":965.4688,"end":987.70776},{"startTime":7216.0,"endTime":7224.0,"start":987.70776,"end":1006.51306},{"startTime":7224.0,"endTime":7232.0,"start":1006.51306,"end":1022.3207},{"startTime":7232.0,"endTime":7240.0,"start":1022.3207,"end":1035.4622},{"startTime":7240.0,"endTime":7248.0,"start":1035.4622,"end":1046.25},{"startTime":7248.0,"endTime":7256.0,"start":1046.25,"end":1054.8602},{"startTime":7256.0,"endTime":7264.0,"start":1054.8602,"end":1061.724},{"startTime":7264.0,"endTime":7272.0,"start":1061.724,"end":1067.0918},{"startTime":7272.0,"endTime":7280.0,"start":1067.0918,"end":1071.195},{"startTime":7280.0,"endTime":7288.0,"start":1071.195,"end":1074.2267},{"startTime":7288.0,"endTime":7296.0,"start":1074.2267,"end":1076.3795},{"startTime":7296.0,"endTime":7304.0,"start":1076.3795,"end":1077.8704},{"startTime":7304.0,"endTime":7312.0,"start":1077.8704,"end":1078.8496},{"startTime":7312.0,"endTime":7320.0,"start":1078.8496,"end":1079.4484},{"startTime":7320.0,"endTime":7328.0,"start":1079.4484,"end":1079.7717},{"startTime":7328.0,"endTime":7336.0,"start":1079.7717,"end":1079.9253},{"startTime":7336.0,"endTime":7344.0,"start":1079.9253,"end":1079.9844},{"startTime":7344.0,"endTime":7352.0,"start":1079.9844,"end":1079.9989},{"startTime":7352.0,"endTime":7360.0,"start":1079.9989,"end":1080.0},{"startTime":7360.0,"endTime":7424.0,"start":1080.0,"end":1080.0},{"startTime":7424.0,"endTime":1000000000.0,"start":0.0,"end":0.0}],"judgeLineDisappearEvents":[{"startTime":-999999.0,"endTime":2176.0,"start":1.0,"end":1.0},{"startTime":2176.0,"endTime":2177.0,"start":1.0,"end":0.99973124},{"startTime":2177.0,"endTime":2178.0,"start":0.99973124,"end":0.9990125},{"startTime":2178.0,"endTime":2179.0,"start":0.9990125,"end":0.9977813},{"startTime":2179.0,"endTime":2180.0,"start":0.9977813,"end":0.996075},{"startTime":2180.0,"endTime":2181.0,"start":0.996075,"end":0.9938812},{"startTime":2181.0,"endTime":2182.0,"start":0.9938812,"end":0.9911875},{"startTime":2182.0,"endTime":2183.0,"start":0.9911875,"end":0.98803127},{"startTime":2183.0,"endTime":2184.0,"start":0.98803127,"end":0.98435},{"startTime":2184.0,"endTime":2185.0,"start":0.98435,"end":0.98021877},{"startTime":2185.0,"endTime":2186.0,"start":0.98021877,"end":0.9755625},{"startTime":2186.0,"endTime":2187.0,"start":0.9755625,"end":0.9704437},{"startTime":2187.0,"endTime":2188.0,"start":0.9704437,"end":0.964825},{"startTime":2188.0,"endTime":2189.0,"start":0.964825,"end":0.9587188},{"startTime":2189.0,"endTime":2190.0,"start":0.9587188,"end":0.9521375},{"startTime":2190.0,"endTime":2191.0,"start":0.9521375,"end":0.94504374},{"startTime":2191.0,"endTime":2192.0,"start":0.94504374,"end":0.9375},{"startTime":2192.0,"endTime":2193.0,"start":0.9375,"end":0.92941874},{"startTime":2193.0,"endTime":2194.0,"start":0.92941874,"end":0.9208875},{"startTime":2194.0,"endTime":2195.0,"start":0.9208875,"end":0.9118438},{"startTime":2195.0,"endTime":2196.0,"start":0.9118438,"end":0.902325},{"startTime":2196.0,"endTime":2197.0,"start":0.902325,"end":0.8923187},{"startTime":2197.0,"endTime":2198.0,"start":0.8923187,"end":0.8818125},{"startTime":2198.0,"endTime":2199.0,"start":0.8818125,"end":0.87084377},{"startTime":2199.0,"endTime":2200.0,"start":0.87084377,"end":0.85934997},{"startTime":2200.0,"endTime":2201.0,"start":0.85934997,"end":0.84740627},{"startTime":2201.0,"endTime":2202.0,"start":0.84740627,"end":0.8349375},{"startTime":2202.0,"endTime":2203.0,"start":0.8349375,"end":0.8220062},{"startTime":2203.0,"endTime":2204.0,"start":0.8220062,"end":0.80857503},{"startTime":2204.0,"endTime":2205.0,"start":0.80857503,"end":0.7946563},{"startTime":2205.0,"endTime":2206.0,"start":0.7946563,"end":0.7802625},{"startTime":2206.0,"endTime":2207.0,"start":0.7802625,"end":0.76535624},{"startTime":2207.0,"endTime":2208.0,"start":0.76535624,"end":0.75},{"startTime":2208.0,"endTime":2209.0,"start":0.75,"end":0.7341063},{"startTime":2209.0,"endTime":2210.0,"start":0.7341063,"end":0.71776253},{"startTime":2210.0,"endTime":2211.0,"start":0.71776253,"end":0.7009063},{"startTime":2211.0,"endTime":2212.0,"start":0.7009063,"end":0.68357503},{"startTime":2212.0,"endTime":2213.0,"start":0.68357503,"end":0.6657563},{"startTime":2213.0,"endTime":2214.0,"start":0.6657563,"end":0.6474375},{"startTime":2214.0,"endTime":2215.0,"start":0.6474375,"end":0.62865627},{"startTime":2215.0,"endTime":2216.0,"start":0.62865627,"end":0.60934997},{"startTime":2216.0,"endTime":2217.0,"start":0.60934997,"end":0.58959377},{"startTime":2217.0,"endTime":2218.0,"start":0.58959377,"end":0.56931245},{"startTime":2218.0,"endTime":2219.0,"start":0.56931245,"end":0.5485687},{"startTime":2219.0,"endTime":2220.0,"start":0.5485687,"end":0.52732503},{"startTime":2220.0,"endTime":2221.0,"start":0.52732503,"end":0.5055938},{"startTime":2221.0,"endTime":2222.0,"start":0.5055938,"end":0.48338747},{"startTime":2222.0,"endTime":2223.0,"start":0.48338747,"end":0.46066874},{"startTime":2223.0,"endTime":2224.0,"start":0.46066874,"end":0.4375},{"startTime":2224.0,"endTime":2225.0,"start":0.4375,"end":0.41379374},{"startTime":2225.0,"endTime":2226.0,"start":0.41379374,"end":0.3896376},{"startTime":2226.0,"endTime":2227.0,"start":0.3896376,"end":0.36496872},{"startTime":2227.0,"endTime":2228.0,"start":0.36496872,"end":0.33982503},{"startTime":2228.0,"endTime":2229.0,"start":0.33982503,"end":0.31419373},{"startTime":2229.0,"endTime":2230.0,"start":0.31419373,"end":0.2880625},{"startTime":2230.0,"endTime":2231.0,"start":0.2880625,"end":0.26146877},{"startTime":2231.0,"endTime":2232.0,"start":0.26146877,"end":0.23434997},{"startTime":2232.0,"endTime":2233.0,"start":0.23434997,"end":0.20678127},{"startTime":2233.0,"endTime":2234.0,"start":0.20678127,"end":0.17868751},{"startTime":2234.0,"endTime":2235.0,"start":0.17868751,"end":0.15013123},{"startTime":2235.0,"endTime":2236.0,"start":0.15013123,"end":0.121075034},{"startTime":2236.0,"endTime":2237.0,"start":0.121075034,"end":0.09153128},{"startTime":2237.0,"endTime":2238.0,"start":0.09153128,"end":0.06151247},{"startTime":2238.0,"endTime":2239.0,"start":0.06151247,"end":0.030981183},{"startTime":2239.0,"endTime":2240.0,"start":0.030981183,"end":0.0},{"startTime":2240.0,"endTime":2304.0,"start":0.0,"end":1.0},{"startTime":2304.0,"endTime":10496.0,"start":1.0,"end":1.0},{"startTime":10496.0,"endTime":10752.0,"start":1.0,"end":0.0},{"startTime":10752.0,"endTime":1000000000.0,"start":0.0,"end":0.0}]},{"bpm":175.0,"notesAbove":[],"notesBelow":[],"speedEvents":[{"startTime":0.0,"endTime":1000000000.0,"value":1.0}],"judgeLineMoveEvents":[{"startTime":-999999.0,"endTime":7360.0,"start":0.5,"end":0.5,"start2":1.0,"end2":1.0},{"startTime":7360.0,"endTime":7361.0,"start":0.5,"end":0.5,"start2":1.0,"end2":0.999785},{"startTime":7361.0,"endTime":7362.0,"start":0.5,"end":0.5,"start2":0.999785,"end2":0.99921},{"startTime":7362.0,"endTime":7363.0,"start":0.5,"end":0.5,"start2":0.99921,"end2":0.998225},{"startTime":7363.0,"endTime":7364.0,"start":0.5,"end":0.5,"start2":0.998225,"end2":0.99686},{"startTime":7364.0,"endTime":7365.0,"start":0.5,"end":0.5,"start2":0.99686,"end2":0.995105},{"startTime":7365.0,"endTime":7366.0,"start":0.5,"end":0.5,"start2":0.995105,"end2":0.99295},{"startTime":7366.0,"endTime":7367.0,"start":0.5,"end":0.5,"start2":0.99295,"end2":0.990425},{"startTime":7367.0,"endTime":7368.0,"start":0.5,"end":0.5,"start2":0.990425,"end2":0.98748},{"startTime":7368.0,"endTime":7369.0,"start":0.5,"end":0.5,"start2":0.98748,"end2":0.984175},{"startTime":7369.0,"endTime":7370.0,"start":0.5,"end":0.5,"start2":0.984175,"end2":0.98045},{"startTime":7370.0,"endTime":7371.0,"start":0.5,"end":0.5,"start2":0.98045,"end2":0.976355},{"startTime":7371.0,"endTime":7372.0,"start":0.5,"end":0.5,"start2":0.976355,"end2":0.97186},{"startTime":7372.0,"endTime":7373.0,"start":0.5,"end":0.5,"start2":0.97186,"end2":0.966975},{"startTime":7373.0,"endTime":7374.0,"start":0.5,"end":0.5,"start2":0.966975,"end2":0.96171},{"startTime":7374.0,"endTime":7375.0,"start":0.5,"end":0.5,"start2":0.96171,"end2":0.956035},{"startTime":7375.0,"endTime":7376.0,"start":0.5,"end":0.5,"start2":0.956035,"end2":0.95},{"startTime":7376.0,"endTime":7377.0,"start":0.5,"end":0.5,"start2":0.95,"end2":0.94353503},{"startTime":7377.0,"endTime":7378.0,"start":0.5,"end":0.5,"start2":0.94353503,"end2":0.93671},{"startTime":7378.0,"endTime":7379.0,"start":0.5,"end":0.5,"start2":0.93671,"end2":0.929475},{"startTime":7379.0,"endTime":7380.0,"start":0.5,"end":0.5,"start2":0.929475,"end2":0.92186},{"startTime":7380.0,"endTime":7381.0,"start":0.5,"end":0.5,"start2":0.92186,"end2":0.913855},{"startTime":7381.0,"endTime":7382.0,"start":0.5,"end":0.5,"start2":0.913855,"end2":0.90545},{"startTime":7382.0,"endTime":7383.0,"start":0.5,"end":0.5,"start2":0.90545,"end2":0.896675},{"startTime":7383.0,"endTime":7384.0,"start":0.5,"end":0.5,"start2":0.896675,"end2":0.88748},{"startTime":7384.0,"endTime":7385.0,"start":0.5,"end":0.5,"start2":0.88748,"end2":0.87792504},{"startTime":7385.0,"endTime":7386.0,"start":0.5,"end":0.5,"start2":0.87792504,"end2":0.86795},{"startTime":7386.0,"endTime":7387.0,"start":0.5,"end":0.5,"start2":0.86795,"end2":0.857605},{"startTime":7387.0,"endTime":7388.0,"start":0.5,"end":0.5,"start2":0.857605,"end2":0.84686},{"startTime":7388.0,"endTime":7389.0,"start":0.5,"end":0.5,"start2":0.84686,"end2":0.835725},{"startTime":7389.0,"endTime":7390.0,"start":0.5,"end":0.5,"start2":0.835725,"end2":0.82421},{"startTime":7390.0,"endTime":7391.0,"start":0.5,"end":0.5,"start2":0.82421,"end2":0.812285},{"startTime":7391.0,"endTime":7392.0,"start":0.5,"end":0.5,"start2":0.812285,"end2":0.8},{"startTime":7392.0,"endTime":7393.0,"start":0.5,"end":0.5,"start2":0.8,"end2":0.78728503},{"startTime":7393.0,"endTime":7394.0,"start":0.5,"end":0.5,"start2":0.78728503,"end2":0.77421004},{"startTime":7394.0,"endTime":7395.0,"start":0.5,"end":0.5,"start2":0.77421004,"end2":0.760725},{"startTime":7395.0,"endTime":7396.0,"start":0.5,"end":0.5,"start2":0.760725,"end2":0.74686},{"startTime":7396.0,"endTime":7397.0,"start":0.5,"end":0.5,"start2":0.74686,"end2":0.73260504},{"startTime":7397.0,"endTime":7398.0,"start":0.5,"end":0.5,"start2":0.73260504,"end2":0.71795},{"startTime":7398.0,"endTime":7399.0,"start":0.5,"end":0.5,"start2":0.71795,"end2":0.70292497},{"startTime":7399.0,"endTime":7400.0,"start":0.5,"end":0.5,"start2":0.70292497,"end2":0.68748},{"startTime":7400.0,"endTime":7401.0,"start":0.5,"end":0.5,"start2":0.68748,"end2":0.671675},{"startTime":7401.0,"endTime":7402.0,"start":0.5,"end":0.5,"start2":0.671675,"end2":0.65545},{"startTime":7402.0,"endTime":7403.0,"start":0.5,"end":0.5,"start2":0.65545,"end2":0.638855},{"startTime":7403.0,"endTime":7404.0,"start":0.5,"end":0.5,"start2":0.638855,"end2":0.62186},{"startTime":7404.0,"endTime":7405.0,"start":0.5,"end":0.5,"start2":0.62186,"end2":0.604475},{"startTime":7405.0,"endTime":7406.0,"start":0.5,"end":0.5,"start2":0.604475,"end2":0.58671},{"startTime":7406.0,"endTime":7407.0,"start":0.5,"end":0.5,"start2":0.58671,"end2":0.568535},{"startTime":7407.0,"endTime":7408.0,"start":0.5,"end":0.5,"start2":0.568535,"end2":0.55},{"startTime":7408.0,"endTime":7409.0,"start":0.5,"end":0.5,"start2":0.55,"end2":0.531035},{"startTime":7409.0,"endTime":7410.0,"start":0.5,"end":0.5,"start2":0.531035,"end2":0.51171005},{"startTime":7410.0,"endTime":7411.0,"start":0.5,"end":0.5,"start2":0.51171005,"end2":0.49197498},{"startTime":7411.0,"endTime":7412.0,"start":0.5,"end":0.5,"start2":0.49197498,"end2":0.47186002},{"startTime":7412.0,"endTime":7413.0,"start":0.5,"end":0.5,"start2":0.47186002,"end2":0.45135498},{"startTime":7413.0,"endTime":7414.0,"start":0.5,"end":0.5,"start2":0.45135498,"end2":0.43045002},{"startTime":7414.0,"endTime":7415.0,"start":0.5,"end":0.5,"start2":0.43045002,"end2":0.409175},{"startTime":7415.0,"endTime":7416.0,"start":0.5,"end":0.5,"start2":0.409175,"end2":0.38747996},{"startTime":7416.0,"endTime":7417.0,"start":0.5,"end":0.5,"start2":0.38747996,"end2":0.36542502},{"startTime":7417.0,"endTime":7418.0,"start":0.5,"end":0.5,"start2":0.36542502,"end2":0.34295002},{"startTime":7418.0,"endTime":7419.0,"start":0.5,"end":0.5,"start2":0.34295002,"end2":0.320105},{"startTime":7419.0,"endTime":7420.0,"start":0.5,"end":0.5,"start2":0.320105,"end2":0.29686004},{"startTime":7420.0,"endTime":7421.0,"start":0.5,"end":0.5,"start2":0.29686004,"end2":0.273225},{"startTime":7421.0,"endTime":7422.0,"start":0.5,"end":0.5,"start2":0.273225,"end2":0.24920999},{"startTime":7422.0,"endTime":7423.0,"start":0.5,"end":0.5,"start2":0.24920999,"end2":0.22478496},{"startTime":7423.0,"endTime":7424.0,"start":0.5,"end":0.5,"start2":0.22478496,"end2":0.2},{"startTime":7424.0,"endTime":1000000000.0,"start":0.5,"end":0.5,"start2":0.2,"end2":0.2}],"judgeLineRotateEvents":[{"startTime":-999999.0,"endTime":1000000000.0,"start":0.0,"end":0.0}],"judgeLineDisappearEvents":[{"startTime":-999999.0,"endTime":7360.0,"start":0.0,"end":0.0},{"startTime":7360.0,"endTime":7424.0,"start":0.0,"end":1.0},{"startTime":7424.0,"endTime":7428.0,"start":1.0,"end":0.0},{"startTime":7428.0,"endTime":1000000000.0,"start":0.0,"end":0.0}]}]}