{"formatVersion":3,"offset":0.0,"judgeLineList":[{"bpm":140.0,"notesAbove":[{"type":3,"time":128,"positionX":-0.04249287,"holdTime":128.0,"speed":5.0,"floorPosition":2.057143},{"type":1,"time":384,"positionX":-2.23796,"holdTime":0.0,"speed":1.0,"floorPosition":9.0},{"type":1,"time":512,"positionX":3.838527,"holdTime":0.0,"speed":1.0,"floorPosition":11.742858},{"type":1,"time":640,"positionX":-5.368272,"holdTime":0.0,"speed":1.0,"floorPosition":14.485715},{"type":4,"time":768,"positionX":4.022663,"holdTime":0.0,"speed":1.0,"floorPosition":17.228573},{"type":4,"time":896,"positionX":-3.796034,"holdTime":0.0,"speed":1.0,"floorPosition":19.97143},{"type":4,"time":1024,"positionX":4.291785,"holdTime":0.0,"speed":1.0,"floorPosition":22.714287},{"type":3,"time":1152,"positionX":0.0,"holdTime":128.0,"speed":1.6,"floorPosition":25.457144},{"type":1,"time":1376,"positionX":4.263456,"holdTime":0.0,"speed":1.0,"floorPosition":30.257143},{"type":1,"time":1408,"positionX":-1.968839,"holdTime":0.0,"speed":1.0,"floorPosition":30.942858},{"type":1,"time":1536,"positionX":3.725213,"holdTime":0.0,"speed":1.0,"floorPosition":33.685715},{"type":1,"time":1664,"positionX":-3.385269,"holdTime":0.0,"speed":1.0,"floorPosition":36.428574},{"type":1,"time":1792,"positionX":5.552409,"holdTime":0.0,"speed":1.0,"floorPosition":39.17143},{"type":2,"time":1888,"positionX":1.983003,"holdTime":0.0,"speed":1.0,"floorPosition":41.228573},{"type":1,"time":1920,"positionX":-1.784702,"holdTime":0.0,"speed":1.0,"floorPosition":41.914288},{"type":1,"time":2048,"positionX":4.787536,"holdTime":0.0,"speed":1.0,"floorPosition":44.657143},{"type":1,"time":2176,"positionX":-4.886685,"holdTime":0.0,"speed":1.0,"floorPosition":47.4},{"type":1,"time":2304,"positionX":3.796034,"holdTime":0.0,"speed":1.0,"floorPosition":50.142857},{"type":3,"time":2400,"positionX":-0.01416397,"holdTime":32.0,"speed":1.6,"floorPosition":52.2},{"type":2,"time":2544,"positionX":0.7648735,"holdTime":0.0,"speed":1.0,"floorPosition":55.285717},{"type":3,"time":2560,"positionX":4.291785,"holdTime":96.0,"speed":1.6,"floorPosition":55.628574},{"type":3,"time":2688,"positionX":-4.192635,"holdTime":96.0,"speed":1.6,"floorPosition":58.37143},{"type":3,"time":2816,"positionX":3.711048,"holdTime":96.0,"speed":1.6,"floorPosition":61.11429},{"type":3,"time":2944,"positionX":-2.0,"holdTime":256.0,"speed":1.6,"floorPosition":63.857143},{"type":1,"time":2944,"positionX":2.0,"holdTime":0.0,"speed":1.0,"floorPosition":63.857143},{"type":3,"time":3200,"positionX":2.0,"holdTime":256.0,"speed":1.6,"floorPosition":69.34286},{"type":3,"time":3328,"positionX":-2.0,"holdTime":128.0,"speed":1.6,"floorPosition":72.08572},{"type":2,"time":3520,"positionX":-0.0283289,"holdTime":0.0,"speed":1.0,"floorPosition":76.200005},{"type":2,"time":3584,"positionX":-0.01416397,"holdTime":0.0,"speed":1.0,"floorPosition":77.57143},{"type":2,"time":3648,"positionX":-0.01416397,"holdTime":0.0,"speed":1.0,"floorPosition":78.942856},{"type":2,"time":3712,"positionX":-0.0283289,"holdTime":0.0,"speed":1.0,"floorPosition":80.314285},{"type":2,"time":3776,"positionX":-0.0283289,"holdTime":0.0,"speed":1.0,"floorPosition":81.685715},{"type":2,"time":3840,"positionX":0.01416397,"holdTime":0.0,"speed":1.0,"floorPosition":83.057144},{"type":2,"time":3904,"positionX":-0.01416397,"holdTime":0.0,"speed":1.0,"floorPosition":84.42857},{"type":3,"time":3952,"positionX":0.0,"holdTime":16.0,"speed":1.6,"floorPosition":85.457146},{"type":2,"time":3968,"positionX":0.0,"holdTime":0.0,"speed":1.0,"floorPosition":85.8},{"type":3,"time":4032,"positionX":4.90085,"holdTime":128.0,"speed":1.6,"floorPosition":87.17143},{"type":3,"time":4160,"positionX":-0.01416397,"holdTime":64.0,"speed":1.6,"floorPosition":89.91428},{"type":3,"time":4288,"positionX":-4.065155,"holdTime":64.0,"speed":1.6,"floorPosition":92.65714},{"type":3,"time":4352,"positionX":0.0,"holdTime":128.0,"speed":1.6,"floorPosition":94.02857},{"type":3,"time":4544,"positionX":5.410766,"holdTime":128.0,"speed":1.6,"floorPosition":98.14286},{"type":3,"time":4672,"positionX":1.274787,"holdTime":64.0,"speed":1.6,"floorPosition":100.88572},{"type":2,"time":4800,"positionX":0.07082081,"holdTime":0.0,"speed":1.0,"floorPosition":103.62857},{"type":2,"time":4864,"positionX":-0.04249287,"holdTime":0.0,"speed":1.0,"floorPosition":105.0},{"type":2,"time":4928,"positionX":0.0,"holdTime":0.0,"speed":1.0,"floorPosition":106.37143},{"type":1,"time":4992,"positionX":-2.747875,"holdTime":0.0,"speed":1.0,"floorPosition":107.74286},{"type":3,"time":5056,"positionX":3.314447,"holdTime":64.0,"speed":1.6,"floorPosition":109.11429},{"type":3,"time":5184,"positionX":-3.923512,"holdTime":64.0,"speed":1.6,"floorPosition":111.85715},{"type":3,"time":5312,"positionX":4.036827,"holdTime":64.0,"speed":1.6,"floorPosition":114.6},{"type":3,"time":5440,"positionX":-3.016996,"holdTime":64.0,"speed":1.6,"floorPosition":117.34286},{"type":1,"time":5632,"positionX":3.852692,"holdTime":0.0,"speed":1.0,"floorPosition":121.457146},{"type":3,"time":5696,"positionX":-2.917847,"holdTime":64.0,"speed":1.6,"floorPosition":122.828575},{"type":3,"time":5824,"positionX":4.390935,"holdTime":64.0,"speed":1.6,"floorPosition":125.571434},{"type":1,"time":5952,"positionX":-3.58357,"holdTime":0.0,"speed":1.0,"floorPosition":128.31429},{"type":1,"time":6016,"positionX":3.852692,"holdTime":0.0,"speed":1.0,"floorPosition":129.68571},{"type":3,"time":6080,"positionX":-2.818697,"holdTime":64.0,"speed":1.6,"floorPosition":131.05714},{"type":1,"time":6208,"positionX":3.016997,"holdTime":0.0,"speed":1.0,"floorPosition":133.8},{"type":3,"time":6272,"positionX":-4.093485,"holdTime":64.0,"speed":1.6,"floorPosition":135.17143},{"type":1,"time":6400,"positionX":3.711048,"holdTime":0.0,"speed":1.0,"floorPosition":137.91429},{"type":1,"time":6528,"positionX":-0.0283289,"holdTime":0.0,"speed":1.0,"floorPosition":140.65715},{"type":2,"time":6592,"positionX":-1.11898,"holdTime":0.0,"speed":1.0,"floorPosition":142.02858},{"type":2,"time":6656,"positionX":1.175637,"holdTime":0.0,"speed":1.0,"floorPosition":143.40001},{"type":2,"time":6720,"positionX":-3.087818,"holdTime":0.0,"speed":1.0,"floorPosition":144.77142},{"type":2,"time":6784,"positionX":1.473088,"holdTime":0.0,"speed":1.0,"floorPosition":146.14285},{"type":2,"time":6848,"positionX":-2.152974,"holdTime":0.0,"speed":1.0,"floorPosition":147.51428},{"type":2,"time":6912,"positionX":2.507082,"holdTime":0.0,"speed":1.0,"floorPosition":148.88571},{"type":2,"time":6976,"positionX":-3.130312,"holdTime":0.0,"speed":1.0,"floorPosition":150.25714},{"type":2,"time":7040,"positionX":3.328612,"holdTime":0.0,"speed":1.0,"floorPosition":151.62857},{"type":2,"time":7104,"positionX":-0.3824368,"holdTime":0.0,"speed":1.0,"floorPosition":153.0},{"type":2,"time":7168,"positionX":4.433428,"holdTime":0.0,"speed":1.0,"floorPosition":154.37143},{"type":2,"time":7232,"positionX":-3.087818,"holdTime":0.0,"speed":1.0,"floorPosition":155.74286},{"type":3,"time":7296,"positionX":3.116148,"holdTime":256.0,"speed":5.0,"floorPosition":157.11429},{"type":3,"time":7424,"positionX":-3.031161,"holdTime":128.0,"speed":5.0,"floorPosition":161.31429},{"type":1,"time":7680,"positionX":-2.705383,"holdTime":0.0,"speed":1.0,"floorPosition":168.25714},{"type":1,"time":7808,"positionX":4.192635,"holdTime":0.0,"speed":1.0,"floorPosition":171.0},{"type":1,"time":7936,"positionX":-3.116148,"holdTime":0.0,"speed":1.0,"floorPosition":173.74286},{"type":1,"time":8064,"positionX":4.660056,"holdTime":0.0,"speed":1.0,"floorPosition":176.4857},{"type":1,"time":8192,"positionX":-3.951841,"holdTime":0.0,"speed":1.0,"floorPosition":179.22856},{"type":1,"time":8320,"positionX":3.88102,"holdTime":0.0,"speed":1.0,"floorPosition":181.97142},{"type":1,"time":8448,"positionX":-5.070822,"holdTime":0.0,"speed":1.0,"floorPosition":184.71428},{"type":2,"time":10432,"positionX":0.0,"holdTime":0.0,"speed":1.0,"floorPosition":227.22856},{"type":2,"time":10448,"positionX":0.0,"holdTime":0.0,"speed":1.0,"floorPosition":227.57143},{"type":2,"time":10464,"positionX":0.0,"holdTime":0.0,"speed":1.0,"floorPosition":227.91428},{"type":2,"time":10480,"positionX":0.0,"holdTime":0.0,"speed":1.0,"floorPosition":228.25714},{"type":2,"time":10496,"positionX":0.0,"holdTime":0.0,"speed":1.0,"floorPosition":228.59999},{"type":2,"time":10528,"positionX":0.0,"holdTime":0.0,"speed":1.0,"floorPosition":229.2857},{"type":2,"time":10560,"positionX":0.0,"holdTime":0.0,"speed":1.0,"floorPosition":229.97142},{"type":2,"time":10592,"positionX":0.0,"holdTime":0.0,"speed":1.0,"floorPosition":230.65714},{"type":1,"time":10624,"positionX":0.0,"holdTime":0.0,"speed":1.0,"floorPosition":231.34285}],"notesBelow":[{"type":3,"time":8576,"positionX":4.688385,"holdTime":128.0,"speed":1.6,"floorPosition":187.45714},{"type":3,"time":8832,"positionX":-4.589233,"holdTime":128.0,"speed":1.6,"floorPosition":192.94286},{"type":3,"time":9088,"positionX":2.56374,"holdTime":128.0,"speed":1.6,"floorPosition":198.42857},{"type":3,"time":9344,"positionX":-2.450424,"holdTime":128.0,"speed":1.6,"floorPosition":203.91428},{"type":1,"time":9600,"positionX":-0.01416397,"holdTime":0.0,"speed":1.0,"floorPosition":209.4},{"type":1,"time":10112,"positionX":-0.01416397,"holdTime":0.0,"speed":1.0,"floorPosition":220.37143}],"speedEvents":[{"startTime":0.0,"endTime":128.0,"value":1.2},{"startTime":128.0,"endTime":160.0,"value":5.0},{"startTime":160.0,"endTime":7296.0,"value":1.6},{"startTime":7296.0,"endTime":7328.0,"value":5.0},{"startTime":7328.0,"endTime":7424.0,"value":1.6},{"startTime":7424.0,"endTime":7456.0,"value":5.0},{"startTime":7456.0,"endTime":1000000000.0,"value":1.6}],"judgeLineMoveEvents":[{"startTime":-999999.0,"endTime":128.0,"start":0.5,"end":0.5,"start2":0.5,"end2":0.5},{"startTime":128.0,"endTime":384.0,"start":0.5,"end":0.5,"start2":0.2,"end2":0.2},{"startTime":384.0,"endTime":1408.0,"start":0.5,"end":0.5,"start2":0.19999999,"end2":0.2},{"startTime":1408.0,"endTime":1664.0,"start":0.5,"end":0.5,"start2":0.2,"end2":0.2},{"startTime":1664.0,"endTime":1920.0,"start":0.5,"end":0.5,"start2":0.19999999,"end2":0.2},{"startTime":1920.0,"endTime":7424.0,"start":0.5,"end":0.5,"start2":0.2,"end2":0.2},{"startTime":7424.0,"endTime":7616.0,"start":0.5,"end":0.5,"start2":0.2,"end2":0.19999999},{"startTime":7616.0,"endTime":8064.0,"start":0.5,"end":0.5,"start2":0.19999999,"end2":0.2},{"startTime":8064.0,"endTime":8448.0,"start":0.5,"end":0.5,"start2":0.2,"end2":0.2},{"startTime":8448.0,"endTime":8452.0,"start":0.5,"end":0.5,"start2":0.2,"end2":0.25449145},{"startTime":8452.0,"endTime":8456.0,"start":0.5,"end":0.5,"start2":0.25449145,"end2":0.30558366},{"startTime":8456.0,"endTime":8460.0,"start":0.5,"end":0.5,"start2":0.30558366,"end2":0.35338587},{"startTime":8460.0,"endTime":8464.0,"start":0.5,"end":0.5,"start2":0.35338587,"end2":0.3980075},{"startTime":8464.0,"endTime":8468.0,"start":0.5,"end":0.5,"start2":0.3980075,"end2":0.43955788},{"startTime":8468.0,"endTime":8472.0,"start":0.5,"end":0.5,"start2":0.43955788,"end2":0.47814634},{"startTime":8472.0,"endTime":8476.0,"start":0.5,"end":0.5,"start2":0.47814634,"end2":0.51388234},{"startTime":8476.0,"endTime":8480.0,"start":0.5,"end":0.5,"start2":0.51388234,"end2":0.546875},{"startTime":8480.0,"endTime":8484.0,"start":0.5,"end":0.5,"start2":0.546875,"end2":0.5772015},{"startTime":8484.0,"endTime":8488.0,"start":0.5,"end":0.5,"start2":0.5772015,"end2":0.60500616},{"startTime":8488.0,"endTime":8492.0,"start":0.5,"end":0.5,"start2":0.60500616,"end2":0.6303984},{"startTime":8492.0,"endTime":8496.0,"start":0.5,"end":0.5,"start2":0.6303984,"end2":0.6534875},{"startTime":8496.0,"endTime":8500.0,"start":0.5,"end":0.5,"start2":0.6534875,"end2":0.67438287},{"startTime":8500.0,"endTime":8504.0,"start":0.5,"end":0.5,"start2":0.67438287,"end2":0.69319385},{"startTime":8504.0,"endTime":8508.0,"start":0.5,"end":0.5,"start2":0.69319385,"end2":0.71002984},{"startTime":8508.0,"endTime":8512.0,"start":0.5,"end":0.5,"start2":0.71002984,"end2":0.725},{"startTime":8512.0,"endTime":8516.0,"start":0.5,"end":0.5,"start2":0.725,"end2":0.73819274},{"startTime":8516.0,"endTime":8520.0,"start":0.5,"end":0.5,"start2":0.73819274,"end2":0.7497412},{"startTime":8520.0,"endTime":8524.0,"start":0.5,"end":0.5,"start2":0.7497412,"end2":0.75975466},{"startTime":8524.0,"endTime":8528.0,"start":0.5,"end":0.5,"start2":0.75975466,"end2":0.7683425},{"startTime":8528.0,"endTime":8532.0,"start":0.5,"end":0.5,"start2":0.7683425,"end2":0.77561414},{"startTime":8532.0,"endTime":8536.0,"start":0.5,"end":0.5,"start2":0.77561414,"end2":0.78167886},{"startTime":8536.0,"endTime":8540.0,"start":0.5,"end":0.5,"start2":0.78167886,"end2":0.78664607},{"startTime":8540.0,"endTime":8544.0,"start":0.5,"end":0.5,"start2":0.78664607,"end2":0.79062504},{"startTime":8544.0,"endTime":8548.0,"start":0.5,"end":0.5,"start2":0.79062504,"end2":0.79371524},{"startTime":8548.0,"endTime":8552.0,"start":0.5,"end":0.5,"start2":0.79371524,"end2":0.7960386},{"startTime":8552.0,"endTime":8556.0,"start":0.5,"end":0.5,"start2":0.7960386,"end2":0.79770464},{"startTime":8556.0,"endTime":8560.0,"start":0.5,"end":0.5,"start2":0.79770464,"end2":0.79882246},{"startTime":8560.0,"endTime":8564.0,"start":0.5,"end":0.5,"start2":0.79882246,"end2":0.7995016},{"startTime":8564.0,"endTime":8568.0,"start":0.5,"end":0.5,"start2":0.7995016,"end2":0.79985136},{"startTime":8568.0,"endTime":8572.0,"start":0.5,"end":0.5,"start2":0.79985136,"end2":0.799981},{"startTime":8572.0,"endTime":8576.0,"start":0.5,"end":0.5,"start2":0.799981,"end2":0.8},{"startTime":8576.0,"endTime":9596.0,"start":0.5,"end":0.5,"start2":0.79999995,"end2":0.8},{"startTime":9596.0,"endTime":9600.0,"start":0.5,"end":0.5,"start2":0.8,"end2":0.8},{"startTime":9600.0,"endTime":9616.0,"start":0.5,"end":0.5,"start2":0.79999995,"end2":0.7455085},{"startTime":9616.0,"endTime":9632.0,"start":0.5,"end":0.5,"start2":0.7455085,"end2":0.6944163},{"startTime":9632.0,"endTime":9648.0,"start":0.5,"end":0.5,"start2":0.6944163,"end2":0.6466141},{"startTime":9648.0,"endTime":9664.0,"start":0.5,"end":0.5,"start2":0.6466141,"end2":0.6019925},{"startTime":9664.0,"endTime":9680.0,"start":0.5,"end":0.5,"start2":0.6019925,"end2":0.5604421},{"startTime":9680.0,"endTime":9696.0,"start":0.5,"end":0.5,"start2":0.5604421,"end2":0.5218536},{"startTime":9696.0,"endTime":9712.0,"start":0.5,"end":0.5,"start2":0.5218536,"end2":0.48611763},{"startTime":9712.0,"endTime":9728.0,"start":0.5,"end":0.5,"start2":0.48611763,"end2":0.45312497},{"startTime":9728.0,"endTime":9744.0,"start":0.5,"end":0.5,"start2":0.45312497,"end2":0.4227985},{"startTime":9744.0,"endTime":9760.0,"start":0.5,"end":0.5,"start2":0.4227985,"end2":0.3949938},{"startTime":9760.0,"endTime":9776.0,"start":0.5,"end":0.5,"start2":0.3949938,"end2":0.3696016},{"startTime":9776.0,"endTime":9792.0,"start":0.5,"end":0.5,"start2":0.3696016,"end2":0.34651247},{"startTime":9792.0,"endTime":9808.0,"start":0.5,"end":0.5,"start2":0.34651247,"end2":0.32561713},{"startTime":9808.0,"endTime":9824.0,"start":0.5,"end":0.5,"start2":0.32561713,"end2":0.30680615},{"startTime":9824.0,"endTime":9840.0,"start":0.5,"end":0.5,"start2":0.30680615,"end2":0.2899702},{"startTime":9840.0,"endTime":9856.0,"start":0.5,"end":0.5,"start2":0.2899702,"end2":0.27499998},{"startTime":9856.0,"endTime":9872.0,"start":0.5,"end":0.5,"start2":0.27499998,"end2":0.26180726},{"startTime":9872.0,"endTime":9888.0,"start":0.5,"end":0.5,"start2":0.26180726,"end2":0.25025883},{"startTime":9888.0,"endTime":9904.0,"start":0.5,"end":0.5,"start2":0.25025883,"end2":0.24024536},{"startTime":9904.0,"endTime":9920.0,"start":0.5,"end":0.5,"start2":0.24024536,"end2":0.23165749},{"startTime":9920.0,"endTime":9936.0,"start":0.5,"end":0.5,"start2":0.23165749,"end2":0.22438589},{"startTime":9936.0,"endTime":9952.0,"start":0.5,"end":0.5,"start2":0.22438589,"end2":0.21832111},{"startTime":9952.0,"endTime":9968.0,"start":0.5,"end":0.5,"start2":0.21832111,"end2":0.21335396},{"startTime":9968.0,"endTime":9984.0,"start":0.5,"end":0.5,"start2":0.21335396,"end2":0.209375},{"startTime":9984.0,"endTime":10000.0,"start":0.5,"end":0.5,"start2":0.209375,"end2":0.20628476},{"startTime":10000.0,"endTime":10016.0,"start":0.5,"end":0.5,"start2":0.20628476,"end2":0.20396136},{"startTime":10016.0,"endTime":10032.0,"start":0.5,"end":0.5,"start2":0.20396136,"end2":0.20229535},{"startTime":10032.0,"endTime":10048.0,"start":0.5,"end":0.5,"start2":0.20229535,"end2":0.20117751},{"startTime":10048.0,"endTime":10064.0,"start":0.5,"end":0.5,"start2":0.20117751,"end2":0.20049837},{"startTime":10064.0,"endTime":10080.0,"start":0.5,"end":0.5,"start2":0.20049837,"end2":0.20014866},{"startTime":10080.0,"endTime":10096.0,"start":0.5,"end":0.5,"start2":0.20014866,"end2":0.20001897},{"startTime":10096.0,"endTime":10112.0,"start":0.5,"end":0.5,"start2":0.20001897,"end2":0.19999999},{"startTime":10112.0,"endTime":1000000000.0,"start":0.5,"end":0.5,"start2":0.19999999,"end2":0.19999999}],"judgeLineRotateEvents":[{"startTime":-999999.0,"endTime":3456.0,"start":0.0,"end":0.0},{"startTime":3456.0,"endTime":3712.0,"start":0.0,"end":5.0},{"startTime":3712.0,"endTime":3968.0,"start":5.0,"end":0.0},{"startTime":3968.0,"endTime":6528.0,"start":0.0,"end":0.0},{"startTime":6528.0,"endTime":6784.0,"start":0.0,"end":10.0},{"startTime":6784.0,"endTime":7296.0,"start":10.0,"end":-10.0},{"startTime":7296.0,"endTime":7552.0,"start":-10.0,"end":0.0},{"startTime":7552.0,"endTime":9600.0,"start":0.0,"end":0.0},{"startTime":9600.0,"endTime":9616.0,"start":0.0,"end":0.20424998},{"startTime":9616.0,"endTime":9632.0,"start":0.20424998,"end":0.75049996},{"startTime":9632.0,"endTime":9648.0,"start":0.75049996,"end":1.6862501},{"startTime":9648.0,"endTime":9664.0,"start":1.6862501,"end":2.9829998},{"startTime":9664.0,"endTime":9680.0,"start":2.9829998,"end":4.65025},{"startTime":9680.0,"endTime":9696.0,"start":4.65025,"end":6.6975},{"startTime":9696.0,"endTime":9712.0,"start":6.6975,"end":9.09625},{"startTime":9712.0,"endTime":9728.0,"start":9.09625,"end":11.894},{"startTime":9728.0,"endTime":9744.0,"start":11.894,"end":15.033751},{"startTime":9744.0,"endTime":9760.0,"start":15.033751,"end":18.5725},{"startTime":9760.0,"endTime":9776.0,"start":18.5725,"end":22.462751},{"startTime":9776.0,"endTime":9792.0,"start":22.462751,"end":26.733},{"startTime":9792.0,"endTime":9808.0,"start":26.733,"end":31.373753},{"startTime":9808.0,"endTime":9824.0,"start":31.373753,"end":36.3755},{"startTime":9824.0,"endTime":9840.0,"start":36.3755,"end":41.76675},{"startTime":9840.0,"endTime":9856.0,"start":41.76675,"end":47.5},{"startTime":9856.0,"endTime":9872.0,"start":47.5,"end":53.64175},{"startTime":9872.0,"endTime":9888.0,"start":53.64175,"end":60.1255},{"startTime":9888.0,"endTime":9904.0,"start":60.1255,"end":66.99875},{"startTime":9904.0,"endTime":9920.0,"start":66.99875,"end":74.233},{"startTime":9920.0,"endTime":9936.0,"start":74.233,"end":81.83776},{"startTime":9936.0,"endTime":9952.0,"start":81.83776,"end":89.8225},{"startTime":9952.0,"endTime":9968.0,"start":89.8225,"end":98.158745},{"startTime":9968.0,"endTime":9984.0,"start":98.158745,"end":106.894005},{"startTime":9984.0,"endTime":10000.0,"start":106.894005,"end":115.97124},{"startTime":10000.0,"endTime":10016.0,"start":115.97124,"end":125.4475},{"startTime":10016.0,"endTime":10032.0,"start":125.4475,"end":135.27525},{"startTime":10032.0,"endTime":10048.0,"start":135.27525,"end":145.483},{"startTime":10048.0,"endTime":10064.0,"start":145.483,"end":156.06123},{"startTime":10064.0,"endTime":10080.0,"start":156.06123,"end":167.0005},{"startTime":10080.0,"endTime":10096.0,"start":167.0005,"end":178.32925},{"startTime":10096.0,"endTime":10128.0,"start":178.32925,"end":201.67075},{"startTime":10128.0,"endTime":10144.0,"start":201.67075,"end":212.9995},{"startTime":10144.0,"endTime":10160.0,"start":212.9995,"end":223.93875},{"startTime":10160.0,"endTime":10176.0,"start":223.93875,"end":234.517},{"startTime":10176.0,"endTime":10192.0,"start":234.517,"end":244.72475},{"startTime":10192.0,"endTime":10208.0,"start":244.72475,"end":254.55249},{"startTime":10208.0,"endTime":10224.0,"start":254.55249,"end":264.02878},{"startTime":10224.0,"endTime":10240.0,"start":264.02878,"end":273.106},{"startTime":10240.0,"endTime":10256.0,"start":273.106,"end":281.84128},{"startTime":10256.0,"endTime":10272.0,"start":281.84128,"end":290.17752},{"startTime":10272.0,"endTime":10288.0,"start":290.17752,"end":298.16223},{"startTime":10288.0,"endTime":10304.0,"start":298.16223,"end":305.767},{"startTime":10304.0,"endTime":10320.0,"start":305.767,"end":313.00125},{"startTime":10320.0,"endTime":10336.0,"start":313.00125,"end":319.87448},{"startTime":10336.0,"endTime":10352.0,"start":319.87448,"end":326.35825},{"startTime":10352.0,"endTime":10368.0,"start":326.35825,"end":332.5},{"startTime":10368.0,"endTime":10384.0,"start":332.5,"end":338.23325},{"startTime":10384.0,"endTime":10400.0,"start":338.23325,"end":343.6245},{"startTime":10400.0,"endTime":10416.0,"start":343.6245,"end":348.62625},{"startTime":10416.0,"endTime":10432.0,"start":348.62625,"end":353.267},{"startTime":10432.0,"endTime":10448.0,"start":353.267,"end":357.53726},{"startTime":10448.0,"endTime":10464.0,"start":357.53726,"end":361.4275},{"startTime":10464.0,"endTime":10480.0,"start":361.4275,"end":364.96625},{"startTime":10480.0,"endTime":10496.0,"start":364.96625,"end":368.106},{"startTime":10496.0,"endTime":10512.0,"start":368.106,"end":370.90378},{"startTime":10512.0,"endTime":10528.0,"start":370.90378,"end":373.30252},{"startTime":10528.0,"endTime":10544.0,"start":373.30252,"end":375.34976},{"startTime":10544.0,"endTime":10560.0,"start":375.34976,"end":377.017},{"startTime":10560.0,"endTime":10576.0,"start":377.017,"end":378.31375},{"startTime":10576.0,"endTime":10592.0,"start":378.31375,"end":379.2495},{"startTime":10592.0,"endTime":10608.0,"start":379.2495,"end":379.79575},{"startTime":10608.0,"endTime":10624.0,"start":379.79575,"end":380.0},{"startTime":10624.0,"endTime":10628.0,"start":-4.0,"end":3.0},{"startTime":10628.0,"endTime":10632.0,"start":3.0,"end":-1.0},{"startTime":10632.0,"endTime":10636.0,"start":-1.0,"end":0.0},{"startTime":10636.0,"endTime":1000000000.0,"start":0.0,"end":0.0}],"judgeLineDisappearEvents":[{"startTime":-999999.0,"endTime":10624.0,"start":1.0,"end":1.0},{"startTime":10624.0,"endTime":11008.0,"start":1.0,"end":0.0},{"startTime":11008.0,"endTime":1000000000.0,"start":0.0,"end":0.0}]}]}