{"formatVersion":1,"offset":0.0,"judgeLineList":[{"bpm":150.0,"notesAbove":[{"type":3,"time":256,"positionX":-5.293441,"holdTime":96.0,"speed":1.3,"floorPosition":4.16},{"type":1,"time":256,"positionX":4.936709,"holdTime":0.0,"speed":1.0,"floorPosition":4.16},{"type":1,"time":288,"positionX":2.738781,"holdTime":0.0,"speed":1.0,"floorPosition":4.68},{"type":1,"time":320,"positionX":0.4487915,"holdTime":0.0,"speed":1.0,"floorPosition":5.2},{"type":1,"time":352,"positionX":2.727273,"holdTime":0.0,"speed":1.0,"floorPosition":5.72},{"type":1,"time":384,"positionX":4.936709,"holdTime":0.0,"speed":1.0,"floorPosition":6.24},{"type":3,"time":384,"positionX":-2.681243,"holdTime":96.0,"speed":1.3,"floorPosition":6.24},{"type":1,"time":416,"positionX":2.78481,"holdTime":0.0,"speed":1.0,"floorPosition":6.7599998},{"type":1,"time":448,"positionX":6.501726,"holdTime":0.0,"speed":1.0,"floorPosition":7.2799997},{"type":3,"time":480,"positionX":4.108171,"holdTime":32.0,"speed":1.3,"floorPosition":7.8},{"type":3,"time":512,"positionX":-4.096663,"holdTime":96.0,"speed":1.3,"floorPosition":8.32},{"type":1,"time":544,"positionX":1.012659,"holdTime":0.0,"speed":1.0,"floorPosition":8.839999},{"type":1,"time":576,"positionX":5.811276,"holdTime":0.0,"speed":1.0,"floorPosition":9.36},{"type":3,"time":608,"positionX":2.704258,"holdTime":32.0,"speed":1.3,"floorPosition":9.879999},{"type":3,"time":640,"positionX":-5.914845,"holdTime":96.0,"speed":1.3,"floorPosition":10.4},{"type":1,"time":672,"positionX":1.32336,"holdTime":0.0,"speed":1.0,"floorPosition":10.92},{"type":3,"time":768,"positionX":4.372842,"holdTime":96.0,"speed":1.3,"floorPosition":12.48},{"type":1,"time":768,"positionX":-2.646721,"holdTime":0.0,"speed":1.0,"floorPosition":12.48},{"type":1,"time":800,"positionX":-5.028769,"holdTime":0.0,"speed":1.0,"floorPosition":13.0},{"type":1,"time":832,"positionX":-3.590334,"holdTime":0.0,"speed":1.0,"floorPosition":13.5199995},{"type":1,"time":864,"positionX":-2.577676,"holdTime":0.0,"speed":1.0,"floorPosition":14.039999},{"type":3,"time":896,"positionX":6.340622,"holdTime":96.0,"speed":1.3,"floorPosition":14.559999},{"type":1,"time":896,"positionX":-0.9436131,"holdTime":0.0,"speed":1.0,"floorPosition":14.559999},{"type":1,"time":928,"positionX":-2.623705,"holdTime":0.0,"speed":1.0,"floorPosition":15.079999},{"type":1,"time":960,"positionX":-0.909091,"holdTime":0.0,"speed":1.0,"floorPosition":15.6},{"type":3,"time":992,"positionX":-2.681243,"holdTime":32.0,"speed":1.3,"floorPosition":16.119999},{"type":3,"time":1024,"positionX":3.187572,"holdTime":96.0,"speed":1.3,"floorPosition":16.64},{"type":3,"time":1152,"positionX":-2.715765,"holdTime":96.0,"speed":1.5,"floorPosition":18.88},{"type":2,"time":1216,"positionX":2.220944,"holdTime":0.0,"speed":1.0,"floorPosition":20.079998},{"type":2,"time":1224,"positionX":3.452244,"holdTime":0.0,"speed":1.0,"floorPosition":20.23},{"type":2,"time":1232,"positionX":4.556962,"holdTime":0.0,"speed":1.0,"floorPosition":20.38},{"type":2,"time":1240,"positionX":5.799769,"holdTime":0.0,"speed":1.0,"floorPosition":20.529999},{"type":2,"time":1248,"positionX":4.47641,"holdTime":0.0,"speed":1.0,"floorPosition":20.679998},{"type":2,"time":1256,"positionX":3.429228,"holdTime":0.0,"speed":1.0,"floorPosition":20.829998},{"type":2,"time":1264,"positionX":2.174914,"holdTime":0.0,"speed":1.0,"floorPosition":20.98},{"type":2,"time":1272,"positionX":1.070195,"holdTime":0.0,"speed":1.0,"floorPosition":21.13},{"type":1,"time":1280,"positionX":-2.796318,"holdTime":0.0,"speed":1.0,"floorPosition":21.279999},{"type":1,"time":1312,"positionX":3.486767,"holdTime":0.0,"speed":1.0,"floorPosition":21.88},{"type":1,"time":1312,"positionX":-6.052933,"holdTime":0.0,"speed":1.0,"floorPosition":21.88},{"type":1,"time":1344,"positionX":-3.843498,"holdTime":0.0,"speed":1.0,"floorPosition":22.48},{"type":1,"time":1376,"positionX":3.417721,"holdTime":0.0,"speed":1.0,"floorPosition":23.079998},{"type":1,"time":1376,"positionX":-2.105868,"holdTime":0.0,"speed":1.0,"floorPosition":23.079998},{"type":1,"time":1408,"positionX":-1.00115,"holdTime":0.0,"speed":1.0,"floorPosition":23.679998},{"type":1,"time":1440,"positionX":-2.209436,"holdTime":0.0,"speed":1.0,"floorPosition":24.279999},{"type":1,"time":1440,"positionX":3.348677,"holdTime":0.0,"speed":1.0,"floorPosition":24.279999},{"type":1,"time":1472,"positionX":-2.220943,"holdTime":0.0,"speed":1.0,"floorPosition":24.88},{"type":1,"time":1504,"positionX":3.325662,"holdTime":0.0,"speed":1.0,"floorPosition":25.48},{"type":3,"time":1504,"positionX":-5.420023,"holdTime":32.0,"speed":1.5,"floorPosition":25.48},{"type":1,"time":1536,"positionX":5.949368,"holdTime":0.0,"speed":1.0,"floorPosition":26.079998},{"type":1,"time":1568,"positionX":3.302647,"holdTime":0.0,"speed":1.0,"floorPosition":26.679998},{"type":1,"time":1568,"positionX":-5.43153,"holdTime":0.0,"speed":1.0,"floorPosition":26.679998},{"type":1,"time":1600,"positionX":-2.612198,"holdTime":0.0,"speed":1.0,"floorPosition":27.279999},{"type":1,"time":1632,"positionX":3.233602,"holdTime":0.0,"speed":1.0,"floorPosition":27.88},{"type":3,"time":1632,"positionX":-4.441887,"holdTime":32.0,"speed":1.5,"floorPosition":27.88},{"type":1,"time":1664,"positionX":5.834292,"holdTime":0.0,"speed":1.0,"floorPosition":28.48},{"type":1,"time":1696,"positionX":-6.766397,"holdTime":0.0,"speed":1.0,"floorPosition":29.079998},{"type":1,"time":1696,"positionX":3.176064,"holdTime":0.0,"speed":1.0,"floorPosition":29.079998},{"type":2,"time":1712,"positionX":-5.477561,"holdTime":0.0,"speed":1.0,"floorPosition":29.38},{"type":2,"time":1720,"positionX":-4.085155,"holdTime":0.0,"speed":1.0,"floorPosition":29.529999},{"type":2,"time":1728,"positionX":-5.512083,"holdTime":0.0,"speed":1.0,"floorPosition":29.679998},{"type":2,"time":1736,"positionX":-4.096663,"holdTime":0.0,"speed":1.0,"floorPosition":29.829998},{"type":2,"time":1744,"positionX":-5.500575,"holdTime":0.0,"speed":1.0,"floorPosition":29.98},{"type":1,"time":1760,"positionX":3.084005,"holdTime":0.0,"speed":1.0,"floorPosition":30.279999},{"type":1,"time":1792,"positionX":-3.348677,"holdTime":0.0,"speed":1.0,"floorPosition":30.88},{"type":1,"time":1792,"positionX":5.70771,"holdTime":0.0,"speed":1.0,"floorPosition":30.88},{"type":1,"time":1824,"positionX":3.049482,"holdTime":0.0,"speed":1.0,"floorPosition":31.48},{"type":1,"time":1824,"positionX":-6.731876,"holdTime":0.0,"speed":1.0,"floorPosition":31.48},{"type":1,"time":1856,"positionX":-4.787111,"holdTime":0.0,"speed":1.0,"floorPosition":32.079998},{"type":1,"time":1888,"positionX":2.991944,"holdTime":0.0,"speed":1.0,"floorPosition":32.68},{"type":1,"time":1888,"positionX":-2.73878,"holdTime":0.0,"speed":1.0,"floorPosition":32.68},{"type":1,"time":1920,"positionX":5.581127,"holdTime":0.0,"speed":1.0,"floorPosition":33.28},{"type":1,"time":1920,"positionX":-2.73878,"holdTime":0.0,"speed":1.0,"floorPosition":33.28},{"type":1,"time":1952,"positionX":3.01496,"holdTime":0.0,"speed":1.0,"floorPosition":33.879997},{"type":1,"time":1952,"positionX":-4.798619,"holdTime":0.0,"speed":1.0,"floorPosition":33.879997},{"type":1,"time":1984,"positionX":-2.69275,"holdTime":0.0,"speed":1.0,"floorPosition":34.48},{"type":3,"time":2016,"positionX":-4.775604,"holdTime":32.0,"speed":1.5,"floorPosition":35.079998},{"type":1,"time":2016,"positionX":2.922901,"holdTime":0.0,"speed":1.0,"floorPosition":35.079998},{"type":1,"time":2048,"positionX":5.56962,"holdTime":0.0,"speed":1.0,"floorPosition":35.68},{"type":1,"time":2080,"positionX":2.945914,"holdTime":0.0,"speed":1.0,"floorPosition":36.28},{"type":1,"time":2144,"positionX":2.911392,"holdTime":0.0,"speed":1.0,"floorPosition":37.32},{"type":1,"time":2176,"positionX":-3.624856,"holdTime":0.0,"speed":1.0,"floorPosition":37.84},{"type":1,"time":2224,"positionX":2.842348,"holdTime":0.0,"speed":1.0,"floorPosition":38.62},{"type":1,"time":2272,"positionX":-3.613348,"holdTime":0.0,"speed":1.0,"floorPosition":39.4},{"type":3,"time":2304,"positionX":-0.03452206,"holdTime":32.0,"speed":1.3,"floorPosition":39.92},{"type":3,"time":2352,"positionX":-2.899885,"holdTime":32.0,"speed":1.3,"floorPosition":40.7},{"type":3,"time":2352,"positionX":2.876871,"holdTime":32.0,"speed":1.3,"floorPosition":40.7},{"type":3,"time":2608,"positionX":-3.107019,"holdTime":32.0,"speed":1.3,"floorPosition":44.859997},{"type":3,"time":2608,"positionX":3.026467,"holdTime":32.0,"speed":1.3,"floorPosition":44.859997},{"type":2,"time":2752,"positionX":5.051784,"holdTime":0.0,"speed":1.0,"floorPosition":47.199997},{"type":2,"time":2760,"positionX":3.555812,"holdTime":0.0,"speed":1.0,"floorPosition":47.329998},{"type":2,"time":2768,"positionX":2.220944,"holdTime":0.0,"speed":1.0,"floorPosition":47.46},{"type":2,"time":2776,"positionX":0.7364788,"holdTime":0.0,"speed":1.0,"floorPosition":47.59},{"type":2,"time":2784,"positionX":-0.5753746,"holdTime":0.0,"speed":1.0,"floorPosition":47.719997},{"type":2,"time":2792,"positionX":-2.105868,"holdTime":0.0,"speed":1.0,"floorPosition":47.85},{"type":2,"time":2800,"positionX":-3.509781,"holdTime":0.0,"speed":1.0,"floorPosition":47.98},{"type":2,"time":2808,"positionX":-4.936708,"holdTime":0.0,"speed":1.0,"floorPosition":48.109997},{"type":1,"time":2816,"positionX":4.821634,"holdTime":0.0,"speed":1.0,"floorPosition":48.239998},{"type":2,"time":2832,"positionX":4.87917,"holdTime":0.0,"speed":1.0,"floorPosition":48.499996},{"type":1,"time":2848,"positionX":-4.936708,"holdTime":0.0,"speed":1.0,"floorPosition":48.76},{"type":2,"time":2864,"positionX":-4.925201,"holdTime":0.0,"speed":1.0,"floorPosition":49.019997},{"type":1,"time":2880,"positionX":2.773303,"holdTime":0.0,"speed":1.0,"floorPosition":49.28},{"type":2,"time":2896,"positionX":2.750288,"holdTime":0.0,"speed":1.0,"floorPosition":49.54},{"type":1,"time":2912,"positionX":-2.485616,"holdTime":0.0,"speed":1.0,"floorPosition":49.799995},{"type":2,"time":2928,"positionX":-2.497124,"holdTime":0.0,"speed":1.0,"floorPosition":50.059998},{"type":2,"time":2936,"positionX":-2.508631,"holdTime":0.0,"speed":1.0,"floorPosition":50.19},{"type":1,"time":2944,"positionX":4.06214,"holdTime":0.0,"speed":1.0,"floorPosition":50.32},{"type":2,"time":2960,"positionX":4.004603,"holdTime":0.0,"speed":1.0,"floorPosition":50.579998},{"type":1,"time":2976,"positionX":-2.059839,"holdTime":0.0,"speed":1.0,"floorPosition":50.84},{"type":2,"time":2992,"positionX":-2.002302,"holdTime":0.0,"speed":1.0,"floorPosition":51.1},{"type":1,"time":3008,"positionX":4.649022,"holdTime":0.0,"speed":1.0,"floorPosition":51.359997},{"type":2,"time":3024,"positionX":4.626007,"holdTime":0.0,"speed":1.0,"floorPosition":51.620003},{"type":1,"time":3040,"positionX":-2.048331,"holdTime":0.0,"speed":1.0,"floorPosition":51.879997},{"type":2,"time":3056,"positionX":-2.071346,"holdTime":0.0,"speed":1.0,"floorPosition":52.139996},{"type":2,"time":3064,"positionX":-2.082853,"holdTime":0.0,"speed":1.0,"floorPosition":52.27},{"type":1,"time":3072,"positionX":3.947065,"holdTime":0.0,"speed":1.0,"floorPosition":52.4},{"type":2,"time":3080,"positionX":3.92405,"holdTime":0.0,"speed":1.0,"floorPosition":52.53},{"type":2,"time":3088,"positionX":3.92405,"holdTime":0.0,"speed":1.0,"floorPosition":52.659996},{"type":2,"time":3096,"positionX":3.92405,"holdTime":0.0,"speed":1.0,"floorPosition":52.789997},{"type":2,"time":3104,"positionX":3.92405,"holdTime":0.0,"speed":1.0,"floorPosition":52.919994},{"type":1,"time":3104,"positionX":-3.187572,"holdTime":0.0,"speed":1.0,"floorPosition":52.919994},{"type":2,"time":3112,"positionX":3.92405,"holdTime":0.0,"speed":1.0,"floorPosition":53.05},{"type":2,"time":3120,"positionX":3.92405,"holdTime":0.0,"speed":1.0,"floorPosition":53.18},{"type":2,"time":3128,"positionX":3.935557,"holdTime":0.0,"speed":1.0,"floorPosition":53.309998},{"type":1,"time":3136,"positionX":-3.233602,"holdTime":0.0,"speed":1.0,"floorPosition":53.439995},{"type":2,"time":3136,"positionX":3.956272,"holdTime":0.0,"speed":1.0,"floorPosition":53.439995},{"type":2,"time":3144,"positionX":3.958573,"holdTime":0.0,"speed":1.0,"floorPosition":53.569996},{"type":2,"time":3152,"positionX":3.958573,"holdTime":0.0,"speed":1.0,"floorPosition":53.7},{"type":2,"time":3160,"positionX":3.958573,"holdTime":0.0,"speed":1.0,"floorPosition":53.829998},{"type":2,"time":3168,"positionX":3.958573,"holdTime":0.0,"speed":1.0,"floorPosition":53.96},{"type":1,"time":3168,"positionX":-3.279632,"holdTime":0.0,"speed":1.0,"floorPosition":53.96},{"type":2,"time":3176,"positionX":3.981588,"holdTime":0.0,"speed":1.0,"floorPosition":54.089996},{"type":2,"time":3184,"positionX":3.981588,"holdTime":0.0,"speed":1.0,"floorPosition":54.219994},{"type":2,"time":3192,"positionX":3.981588,"holdTime":0.0,"speed":1.0,"floorPosition":54.35},{"type":1,"time":3200,"positionX":-3.256617,"holdTime":0.0,"speed":1.0,"floorPosition":54.48},{"type":1,"time":3328,"positionX":2.393556,"holdTime":0.0,"speed":1.0,"floorPosition":56.559998},{"type":1,"time":3360,"positionX":1.622555,"holdTime":0.0,"speed":1.0,"floorPosition":57.079998},{"type":1,"time":3392,"positionX":0.8515539,"holdTime":0.0,"speed":1.0,"floorPosition":57.6},{"type":1,"time":3424,"positionX":0.2761793,"holdTime":0.0,"speed":1.0,"floorPosition":58.119995},{"type":1,"time":3456,"positionX":-0.3912544,"holdTime":0.0,"speed":1.0,"floorPosition":58.639996},{"type":1,"time":3488,"positionX":-1.208285,"holdTime":0.0,"speed":1.0,"floorPosition":59.159996},{"type":1,"time":3520,"positionX":-1.864212,"holdTime":0.0,"speed":1.0,"floorPosition":59.68},{"type":1,"time":3552,"positionX":-2.554661,"holdTime":0.0,"speed":1.0,"floorPosition":60.2},{"type":1,"time":4352,"positionX":3.981588,"holdTime":0.0,"speed":1.0,"floorPosition":73.2},{"type":2,"time":4368,"positionX":4.06214,"holdTime":0.0,"speed":1.0,"floorPosition":73.46},{"type":1,"time":4384,"positionX":-2.266973,"holdTime":0.0,"speed":1.0,"floorPosition":73.71999},{"type":2,"time":4400,"positionX":-2.255466,"holdTime":0.0,"speed":1.0,"floorPosition":73.979996},{"type":1,"time":4416,"positionX":3.935557,"holdTime":0.0,"speed":1.0,"floorPosition":74.24},{"type":2,"time":4432,"positionX":3.889527,"holdTime":0.0,"speed":1.0,"floorPosition":74.5},{"type":1,"time":4448,"positionX":-2.255466,"holdTime":0.0,"speed":1.0,"floorPosition":74.759995},{"type":2,"time":4464,"positionX":-2.278481,"holdTime":0.0,"speed":1.0,"floorPosition":75.02},{"type":1,"time":4480,"positionX":2.773303,"holdTime":0.0,"speed":1.0,"floorPosition":75.28},{"type":2,"time":4496,"positionX":2.727273,"holdTime":0.0,"speed":1.0,"floorPosition":75.53999},{"type":1,"time":4512,"positionX":-3.360185,"holdTime":0.0,"speed":1.0,"floorPosition":75.8},{"type":2,"time":4528,"positionX":-3.371692,"holdTime":0.0,"speed":1.0,"floorPosition":76.06},{"type":1,"time":4544,"positionX":2.692751,"holdTime":0.0,"speed":1.0,"floorPosition":76.31999},{"type":2,"time":4560,"positionX":2.727273,"holdTime":0.0,"speed":1.0,"floorPosition":76.58},{"type":1,"time":4576,"positionX":-3.394707,"holdTime":0.0,"speed":1.0,"floorPosition":76.84},{"type":2,"time":4592,"positionX":-3.417721,"holdTime":0.0,"speed":1.0,"floorPosition":77.1},{"type":1,"time":4608,"positionX":1.380898,"holdTime":0.0,"speed":1.0,"floorPosition":77.36},{"type":2,"time":4624,"positionX":1.346376,"holdTime":0.0,"speed":1.0,"floorPosition":77.64},{"type":1,"time":4640,"positionX":-4.867664,"holdTime":0.0,"speed":1.0,"floorPosition":77.92},{"type":2,"time":4656,"positionX":-4.856157,"holdTime":0.0,"speed":1.0,"floorPosition":78.2},{"type":1,"time":4672,"positionX":2.922901,"holdTime":0.0,"speed":1.0,"floorPosition":78.479996},{"type":2,"time":4688,"positionX":2.899885,"holdTime":0.0,"speed":1.0,"floorPosition":78.759995},{"type":1,"time":4704,"positionX":-3.302647,"holdTime":0.0,"speed":1.0,"floorPosition":79.03999},{"type":2,"time":4720,"positionX":-3.302647,"holdTime":0.0,"speed":1.0,"floorPosition":79.31999},{"type":1,"time":4736,"positionX":4.844649,"holdTime":0.0,"speed":1.0,"floorPosition":79.6},{"type":2,"time":4752,"positionX":4.810127,"holdTime":0.0,"speed":1.0,"floorPosition":79.9},{"type":1,"time":4768,"positionX":-1.449943,"holdTime":0.0,"speed":1.0,"floorPosition":80.2},{"type":2,"time":4784,"positionX":-1.449943,"holdTime":0.0,"speed":1.0,"floorPosition":80.5},{"type":1,"time":4800,"positionX":2.347526,"holdTime":0.0,"speed":1.0,"floorPosition":80.8},{"type":2,"time":4816,"positionX":2.313003,"holdTime":0.0,"speed":1.0,"floorPosition":81.1},{"type":3,"time":4832,"positionX":-3.924051,"holdTime":32.0,"speed":1.5,"floorPosition":81.4},{"type":1,"time":4864,"positionX":3.797468,"holdTime":0.0,"speed":1.0,"floorPosition":82.0},{"type":1,"time":4880,"positionX":3.797468,"holdTime":0.0,"speed":1.0,"floorPosition":82.32},{"type":1,"time":4896,"positionX":-3.947065,"holdTime":0.0,"speed":1.0,"floorPosition":82.64},{"type":1,"time":4912,"positionX":-3.97008,"holdTime":0.0,"speed":1.0,"floorPosition":82.96},{"type":1,"time":4928,"positionX":3.716917,"holdTime":0.0,"speed":1.0,"floorPosition":83.28},{"type":1,"time":4944,"positionX":3.682394,"holdTime":0.0,"speed":1.0,"floorPosition":83.6},{"type":1,"time":4960,"positionX":-3.981588,"holdTime":0.0,"speed":1.0,"floorPosition":83.92},{"type":1,"time":4976,"positionX":-3.993095,"holdTime":0.0,"speed":1.0,"floorPosition":84.240005},{"type":1,"time":4992,"positionX":5.304949,"holdTime":0.0,"speed":1.0,"floorPosition":84.56},{"type":1,"time":5008,"positionX":5.316457,"holdTime":0.0,"speed":1.0,"floorPosition":84.88},{"type":1,"time":5024,"positionX":-5.33947,"holdTime":0.0,"speed":1.0,"floorPosition":85.2},{"type":1,"time":5040,"positionX":-5.327963,"holdTime":0.0,"speed":1.0,"floorPosition":85.520004},{"type":1,"time":5056,"positionX":5.224396,"holdTime":0.0,"speed":1.0,"floorPosition":85.840004},{"type":1,"time":5072,"positionX":5.235903,"holdTime":0.0,"speed":1.0,"floorPosition":86.159996},{"type":1,"time":5088,"positionX":-5.304948,"holdTime":0.0,"speed":1.0,"floorPosition":86.479996},{"type":1,"time":5104,"positionX":-5.281934,"holdTime":0.0,"speed":1.0,"floorPosition":86.8},{"type":3,"time":5120,"positionX":2.359033,"holdTime":128.0,"speed":1.6,"floorPosition":87.12},{"type":1,"time":5152,"positionX":-2.462601,"holdTime":0.0,"speed":1.0,"floorPosition":87.759995},{"type":1,"time":5184,"positionX":-2.485616,"holdTime":0.0,"speed":1.0,"floorPosition":88.4},{"type":1,"time":5216,"positionX":-2.543154,"holdTime":0.0,"speed":1.0,"floorPosition":89.04},{"type":1,"time":5232,"positionX":-2.566168,"holdTime":0.0,"speed":1.0,"floorPosition":89.36},{"type":3,"time":5248,"positionX":-2.60069,"holdTime":96.0,"speed":1.6,"floorPosition":89.68},{"type":1,"time":5504,"positionX":0.9436131,"holdTime":0.0,"speed":1.0,"floorPosition":94.32},{"type":1,"time":5536,"positionX":-0.4372845,"holdTime":0.0,"speed":1.0,"floorPosition":94.840004},{"type":1,"time":5568,"positionX":-2.013809,"holdTime":0.0,"speed":1.0,"floorPosition":95.36},{"type":1,"time":5600,"positionX":-3.302647,"holdTime":0.0,"speed":1.0,"floorPosition":95.880005},{"type":1,"time":5664,"positionX":-4.510932,"holdTime":0.0,"speed":1.0,"floorPosition":96.92},{"type":1,"time":5696,"positionX":0.4602995,"holdTime":0.0,"speed":1.0,"floorPosition":97.44},{"type":3,"time":5728,"positionX":-2.209436,"holdTime":64.0,"speed":1.3,"floorPosition":97.96001},{"type":1,"time":5856,"positionX":-5.3855,"holdTime":0.0,"speed":1.0,"floorPosition":100.04},{"type":1,"time":5888,"positionX":0.02301407,"holdTime":0.0,"speed":1.0,"floorPosition":100.560005},{"type":1,"time":5920,"positionX":-1.703108,"holdTime":0.0,"speed":1.0,"floorPosition":101.08},{"type":1,"time":5952,"positionX":-5.420023,"holdTime":0.0,"speed":1.0,"floorPosition":101.6},{"type":1,"time":5984,"positionX":-4.280783,"holdTime":0.0,"speed":1.0,"floorPosition":102.12},{"type":1,"time":6016,"positionX":-0.2646723,"holdTime":0.0,"speed":1.0,"floorPosition":102.64},{"type":1,"time":6048,"positionX":-1.104718,"holdTime":0.0,"speed":1.0,"floorPosition":103.159996},{"type":1,"time":6080,"positionX":-4.085155,"holdTime":0.0,"speed":1.0,"floorPosition":103.68001},{"type":3,"time":6112,"positionX":-4.085155,"holdTime":64.0,"speed":1.3,"floorPosition":104.2},{"type":2,"time":6272,"positionX":1.59954,"holdTime":0.0,"speed":1.0,"floorPosition":106.8},{"type":2,"time":6288,"positionX":0.01150703,"holdTime":0.0,"speed":1.0,"floorPosition":107.06},{"type":2,"time":6304,"positionX":1.553509,"holdTime":0.0,"speed":1.0,"floorPosition":107.32001},{"type":2,"time":6320,"positionX":3.187572,"holdTime":0.0,"speed":1.0,"floorPosition":107.58},{"type":2,"time":6400,"positionX":-3.785961,"holdTime":0.0,"speed":1.0,"floorPosition":108.880005},{"type":1,"time":6400,"positionX":1.806675,"holdTime":0.0,"speed":1.0,"floorPosition":108.880005},{"type":2,"time":6416,"positionX":-5.224396,"holdTime":0.0,"speed":1.0,"floorPosition":109.14},{"type":1,"time":6432,"positionX":1.795167,"holdTime":0.0,"speed":1.0,"floorPosition":109.4},{"type":2,"time":6432,"positionX":-3.912543,"holdTime":0.0,"speed":1.0,"floorPosition":109.4},{"type":1,"time":6464,"positionX":1.772152,"holdTime":0.0,"speed":1.0,"floorPosition":109.920006},{"type":2,"time":6464,"positionX":-4.315306,"holdTime":0.0,"speed":1.0,"floorPosition":109.920006},{"type":2,"time":6480,"positionX":-2.577676,"holdTime":0.0,"speed":1.0,"floorPosition":110.18001},{"type":1,"time":6496,"positionX":1.760645,"holdTime":0.0,"speed":1.0,"floorPosition":110.44},{"type":2,"time":6512,"positionX":-2.554661,"holdTime":0.0,"speed":1.0,"floorPosition":110.7},{"type":2,"time":6528,"positionX":-0.2646723,"holdTime":0.0,"speed":1.0,"floorPosition":110.96},{"type":1,"time":6528,"positionX":4.326813,"holdTime":0.0,"speed":1.0,"floorPosition":110.96},{"type":2,"time":6544,"positionX":-2.704258,"holdTime":0.0,"speed":1.0,"floorPosition":111.22001},{"type":1,"time":6560,"positionX":4.326813,"holdTime":0.0,"speed":1.0,"floorPosition":111.48},{"type":2,"time":6560,"positionX":-1.311852,"holdTime":0.0,"speed":1.0,"floorPosition":111.48},{"type":2,"time":6576,"positionX":-0.02301502,"holdTime":0.0,"speed":1.0,"floorPosition":111.740005},{"type":1,"time":6592,"positionX":4.338321,"holdTime":0.0,"speed":1.0,"floorPosition":112.0},{"type":2,"time":6608,"positionX":-0.4602995,"holdTime":0.0,"speed":1.0,"floorPosition":112.259995},{"type":1,"time":6624,"positionX":4.338321,"holdTime":0.0,"speed":1.0,"floorPosition":112.520004},{"type":2,"time":6624,"positionX":-2.451094,"holdTime":0.0,"speed":1.0,"floorPosition":112.520004},{"type":2,"time":6640,"positionX":-4.43038,"holdTime":0.0,"speed":1.0,"floorPosition":112.78001},{"type":1,"time":6656,"positionX":1.956272,"holdTime":0.0,"speed":1.0,"floorPosition":113.04},{"type":2,"time":6656,"positionX":-3.383199,"holdTime":0.0,"speed":1.0,"floorPosition":113.04},{"type":2,"time":6672,"positionX":-4.913693,"holdTime":0.0,"speed":1.0,"floorPosition":113.3},{"type":1,"time":6688,"positionX":1.933256,"holdTime":0.0,"speed":1.0,"floorPosition":113.56},{"type":2,"time":6688,"positionX":-3.509781,"holdTime":0.0,"speed":1.0,"floorPosition":113.56},{"type":1,"time":6720,"positionX":1.910242,"holdTime":0.0,"speed":1.0,"floorPosition":114.08},{"type":2,"time":6720,"positionX":-4.33832,"holdTime":0.0,"speed":1.0,"floorPosition":114.08},{"type":2,"time":6736,"positionX":-3.176064,"holdTime":0.0,"speed":1.0,"floorPosition":114.340004},{"type":1,"time":6752,"positionX":1.910242,"holdTime":0.0,"speed":1.0,"floorPosition":114.6},{"type":2,"time":6768,"positionX":2.980437,"holdTime":0.0,"speed":1.0,"floorPosition":114.86},{"type":2,"time":6784,"positionX":4.302518,"holdTime":0.0,"speed":1.0,"floorPosition":115.12001},{"type":1,"time":6784,"positionX":-4.856157,"holdTime":0.0,"speed":1.0,"floorPosition":115.12001},{"type":2,"time":6800,"positionX":2.78481,"holdTime":0.0,"speed":1.0,"floorPosition":115.40001},{"type":1,"time":6816,"positionX":-4.913693,"holdTime":0.0,"speed":1.0,"floorPosition":115.68001},{"type":2,"time":6816,"positionX":4.38435,"holdTime":0.0,"speed":1.0,"floorPosition":115.68001},{"type":2,"time":6832,"positionX":5.466053,"holdTime":0.0,"speed":1.0,"floorPosition":115.96001},{"type":1,"time":6848,"positionX":-4.925201,"holdTime":0.0,"speed":1.0,"floorPosition":116.240005},{"type":2,"time":6848,"positionX":4.142694,"holdTime":0.0,"speed":1.0,"floorPosition":116.240005},{"type":2,"time":6864,"positionX":2.957421,"holdTime":0.0,"speed":1.0,"floorPosition":116.520004},{"type":2,"time":6880,"positionX":1.737629,"holdTime":0.0,"speed":1.0,"floorPosition":116.80001},{"type":1,"time":6880,"positionX":-4.913693,"holdTime":0.0,"speed":1.0,"floorPosition":116.80001},{"type":2,"time":6896,"positionX":0.4948225,"holdTime":0.0,"speed":1.0,"floorPosition":117.08},{"type":1,"time":6912,"positionX":-2.289989,"holdTime":0.0,"speed":1.0,"floorPosition":117.36001},{"type":1,"time":6928,"positionX":3.153049,"holdTime":0.0,"speed":1.0,"floorPosition":117.66001},{"type":1,"time":6944,"positionX":-1.611048,"holdTime":0.0,"speed":1.0,"floorPosition":117.96001},{"type":1,"time":6976,"positionX":-2.681243,"holdTime":0.0,"speed":1.0,"floorPosition":118.56001},{"type":1,"time":6992,"positionX":3.716917,"holdTime":0.0,"speed":1.0,"floorPosition":118.86001},{"type":1,"time":7024,"positionX":-4.464903,"holdTime":0.0,"speed":1.0,"floorPosition":119.46001},{"type":1,"time":7040,"positionX":2.209435,"holdTime":0.0,"speed":1.0,"floorPosition":119.76001},{"type":1,"time":7056,"positionX":-1.737629,"holdTime":0.0,"speed":1.0,"floorPosition":120.06001},{"type":1,"time":7072,"positionX":1.27733,"holdTime":0.0,"speed":1.0,"floorPosition":120.36001},{"type":3,"time":7088,"positionX":4.165708,"holdTime":32.0,"speed":1.5,"floorPosition":120.66001},{"type":1,"time":7120,"positionX":-5.397008,"holdTime":0.0,"speed":1.0,"floorPosition":121.26001},{"type":1,"time":7136,"positionX":-1.530496,"holdTime":0.0,"speed":1.0,"floorPosition":121.56001},{"type":1,"time":7152,"positionX":2.393556,"holdTime":0.0,"speed":1.0,"floorPosition":121.86001},{"type":3,"time":7168,"positionX":-3.130035,"holdTime":32.0,"speed":1.5,"floorPosition":122.16001},{"type":1,"time":7200,"positionX":3.935557,"holdTime":0.0,"speed":1.0,"floorPosition":122.76001},{"type":3,"time":7216,"positionX":2.013808,"holdTime":48.0,"speed":1.5,"floorPosition":123.06001},{"type":1,"time":7264,"positionX":-2.220943,"holdTime":0.0,"speed":1.0,"floorPosition":123.96001},{"type":2,"time":7280,"positionX":-4.303798,"holdTime":0.0,"speed":1.0,"floorPosition":124.28001},{"type":1,"time":7296,"positionX":4.453394,"holdTime":0.0,"speed":1.0,"floorPosition":124.60001},{"type":2,"time":7312,"positionX":2.554661,"holdTime":0.0,"speed":1.0,"floorPosition":124.920006},{"type":1,"time":7328,"positionX":-3.820484,"holdTime":0.0,"speed":1.0,"floorPosition":125.24001},{"type":3,"time":7344,"positionX":3.578826,"holdTime":32.0,"speed":1.6,"floorPosition":125.56001},{"type":1,"time":7376,"positionX":-1.530496,"holdTime":0.0,"speed":1.0,"floorPosition":126.20001},{"type":2,"time":7392,"positionX":-3.42923,"holdTime":0.0,"speed":1.0,"floorPosition":126.520004},{"type":2,"time":7408,"positionX":-5.143843,"holdTime":0.0,"speed":1.0,"floorPosition":126.84001},{"type":1,"time":7424,"positionX":2.761796,"holdTime":0.0,"speed":1.0,"floorPosition":127.16001},{"type":1,"time":7456,"positionX":-2.232451,"holdTime":0.0,"speed":1.0,"floorPosition":127.76001},{"type":3,"time":7472,"positionX":4.177215,"holdTime":16.0,"speed":1.5,"floorPosition":128.06001},{"type":1,"time":7504,"positionX":-4.361335,"holdTime":0.0,"speed":1.0,"floorPosition":128.66},{"type":3,"time":7520,"positionX":4.165708,"holdTime":16.0,"speed":1.5,"floorPosition":128.96},{"type":1,"time":7552,"positionX":-2.681243,"holdTime":0.0,"speed":1.0,"floorPosition":129.56001},{"type":3,"time":7568,"positionX":4.131185,"holdTime":16.0,"speed":1.5,"floorPosition":129.86002},{"type":1,"time":7584,"positionX":-4.33832,"holdTime":0.0,"speed":1.0,"floorPosition":130.16},{"type":1,"time":7616,"positionX":-0.02301502,"holdTime":0.0,"speed":1.0,"floorPosition":130.76001},{"type":1,"time":7632,"positionX":3.659378,"holdTime":0.0,"speed":1.0,"floorPosition":131.06001},{"type":1,"time":7648,"positionX":0.0,"holdTime":0.0,"speed":1.0,"floorPosition":131.36002},{"type":1,"time":7664,"positionX":-3.924051,"holdTime":0.0,"speed":1.0,"floorPosition":131.66},{"type":1,"time":7680,"positionX":-0.02301502,"holdTime":0.0,"speed":1.0,"floorPosition":131.96},{"type":1,"time":7712,"positionX":0.0,"holdTime":0.0,"speed":1.0,"floorPosition":132.56001},{"type":1,"time":7728,"positionX":3.613348,"holdTime":0.0,"speed":1.0,"floorPosition":132.86002},{"type":1,"time":7760,"positionX":-3.889528,"holdTime":0.0,"speed":1.0,"floorPosition":133.46},{"type":1,"time":7776,"positionX":0.02301407,"holdTime":0.0,"speed":1.0,"floorPosition":133.76001},{"type":1,"time":7808,"positionX":0.0,"holdTime":0.0,"speed":1.0,"floorPosition":134.36002},{"type":1,"time":7824,"positionX":3.521289,"holdTime":0.0,"speed":1.0,"floorPosition":134.66},{"type":1,"time":7840,"positionX":0.02301407,"holdTime":0.0,"speed":1.0,"floorPosition":134.96},{"type":1,"time":7872,"positionX":3.532797,"holdTime":0.0,"speed":1.0,"floorPosition":135.56001},{"type":1,"time":7888,"positionX":1.760645,"holdTime":0.0,"speed":1.0,"floorPosition":135.86002},{"type":1,"time":7904,"positionX":0.01150703,"holdTime":0.0,"speed":1.0,"floorPosition":136.16},{"type":1,"time":7920,"positionX":-1.749137,"holdTime":0.0,"speed":1.0,"floorPosition":136.46},{"type":1,"time":7936,"positionX":-3.578826,"holdTime":0.0,"speed":1.0,"floorPosition":136.76001},{"type":1,"time":7952,"positionX":-3.567319,"holdTime":0.0,"speed":1.0,"floorPosition":137.06001},{"type":1,"time":7968,"positionX":-3.578826,"holdTime":0.0,"speed":1.0,"floorPosition":137.36002},{"type":1,"time":7984,"positionX":-3.590334,"holdTime":0.0,"speed":1.0,"floorPosition":137.66},{"type":1,"time":8064,"positionX":-3.567319,"holdTime":0.0,"speed":1.0,"floorPosition":139.16},{"type":1,"time":8080,"positionX":-3.590334,"holdTime":0.0,"speed":1.0,"floorPosition":139.46},{"type":1,"time":8096,"positionX":-3.590334,"holdTime":0.0,"speed":1.0,"floorPosition":139.76001},{"type":1,"time":8112,"positionX":-3.590334,"holdTime":0.0,"speed":1.0,"floorPosition":140.06001},{"type":3,"time":8192,"positionX":-3.613348,"holdTime":128.0,"speed":1.5,"floorPosition":141.56001},{"type":1,"time":8448,"positionX":3.981588,"holdTime":0.0,"speed":1.0,"floorPosition":146.36002},{"type":1,"time":8448,"positionX":-2.462601,"holdTime":0.0,"speed":1.0,"floorPosition":146.36002},{"type":1,"time":8480,"positionX":3.92405,"holdTime":0.0,"speed":1.0,"floorPosition":146.96},{"type":1,"time":8480,"positionX":-2.451094,"holdTime":0.0,"speed":1.0,"floorPosition":146.96},{"type":1,"time":8512,"positionX":3.912543,"holdTime":0.0,"speed":1.0,"floorPosition":147.56001},{"type":1,"time":8512,"positionX":-2.520138,"holdTime":0.0,"speed":1.0,"floorPosition":147.56001},{"type":1,"time":8544,"positionX":3.947065,"holdTime":0.0,"speed":1.0,"floorPosition":148.16},{"type":1,"time":8544,"positionX":-2.508631,"holdTime":0.0,"speed":1.0,"floorPosition":148.16},{"type":1,"time":8576,"positionX":-1.2313,"holdTime":0.0,"speed":1.0,"floorPosition":148.76001},{"type":1,"time":8576,"positionX":6.835443,"holdTime":0.0,"speed":1.0,"floorPosition":148.76001},{"type":1,"time":8608,"positionX":6.800921,"holdTime":0.0,"speed":1.0,"floorPosition":149.36002},{"type":1,"time":8608,"positionX":-1.219793,"holdTime":0.0,"speed":1.0,"floorPosition":149.36002},{"type":1,"time":8640,"positionX":6.720369,"holdTime":0.0,"speed":1.0,"floorPosition":149.96},{"type":1,"time":8640,"positionX":-1.208285,"holdTime":0.0,"speed":1.0,"floorPosition":149.96},{"type":1,"time":8672,"positionX":6.720369,"holdTime":0.0,"speed":1.0,"floorPosition":150.56001},{"type":1,"time":8672,"positionX":-1.208285,"holdTime":0.0,"speed":1.0,"floorPosition":150.56001},{"type":1,"time":8704,"positionX":-6.47871,"holdTime":0.0,"speed":1.0,"floorPosition":151.16},{"type":1,"time":8704,"positionX":2.715765,"holdTime":0.0,"speed":1.0,"floorPosition":151.16},{"type":1,"time":8736,"positionX":2.669735,"holdTime":0.0,"speed":1.0,"floorPosition":151.76001},{"type":1,"time":8736,"positionX":-6.490219,"holdTime":0.0,"speed":1.0,"floorPosition":151.76001},{"type":1,"time":8768,"positionX":2.658228,"holdTime":0.0,"speed":1.0,"floorPosition":152.36002},{"type":1,"time":8768,"positionX":-6.501726,"holdTime":0.0,"speed":1.0,"floorPosition":152.36002},{"type":1,"time":8800,"positionX":2.623705,"holdTime":0.0,"speed":1.0,"floorPosition":152.96},{"type":1,"time":8800,"positionX":-6.513233,"holdTime":0.0,"speed":1.0,"floorPosition":152.96},{"type":1,"time":8832,"positionX":-2.87687,"holdTime":0.0,"speed":1.0,"floorPosition":153.56001},{"type":1,"time":8832,"positionX":5.43153,"holdTime":0.0,"speed":1.0,"floorPosition":153.56001},{"type":2,"time":8848,"positionX":3.855007,"holdTime":0.0,"speed":1.0,"floorPosition":153.86002},{"type":1,"time":8864,"positionX":-2.865362,"holdTime":0.0,"speed":1.0,"floorPosition":154.16},{"type":2,"time":8864,"positionX":5.3855,"holdTime":0.0,"speed":1.0,"floorPosition":154.16},{"type":2,"time":8880,"positionX":6.869966,"holdTime":0.0,"speed":1.0,"floorPosition":154.46},{"type":1,"time":8896,"positionX":-2.830839,"holdTime":0.0,"speed":1.0,"floorPosition":154.76001},{"type":2,"time":8896,"positionX":5.316457,"holdTime":0.0,"speed":1.0,"floorPosition":154.76001},{"type":2,"time":8912,"positionX":3.889527,"holdTime":0.0,"speed":1.0,"floorPosition":155.06001},{"type":2,"time":8928,"positionX":2.508631,"holdTime":0.0,"speed":1.0,"floorPosition":155.36002},{"type":2,"time":8944,"positionX":1.219792,"holdTime":0.0,"speed":1.0,"floorPosition":155.66},{"type":1,"time":8960,"positionX":-2.819332,"holdTime":0.0,"speed":1.0,"floorPosition":155.96},{"type":1,"time":8992,"positionX":-2.773303,"holdTime":0.0,"speed":1.0,"floorPosition":156.56001},{"type":1,"time":8992,"positionX":4.338321,"holdTime":0.0,"speed":1.0,"floorPosition":156.56001},{"type":1,"time":9024,"positionX":-2.78481,"holdTime":0.0,"speed":1.0,"floorPosition":157.16},{"type":1,"time":9024,"positionX":4.280783,"holdTime":0.0,"speed":1.0,"floorPosition":157.16},{"type":1,"time":9056,"positionX":4.257767,"holdTime":0.0,"speed":1.0,"floorPosition":157.76001},{"type":1,"time":9056,"positionX":-2.807825,"holdTime":0.0,"speed":1.0,"floorPosition":157.76001},{"type":1,"time":9088,"positionX":-0.909091,"holdTime":0.0,"speed":1.0,"floorPosition":158.36002},{"type":1,"time":9088,"positionX":6.777905,"holdTime":0.0,"speed":1.0,"floorPosition":158.36002},{"type":1,"time":9120,"positionX":-0.9436131,"holdTime":0.0,"speed":1.0,"floorPosition":158.96},{"type":1,"time":9120,"positionX":6.766398,"holdTime":0.0,"speed":1.0,"floorPosition":158.96},{"type":1,"time":9152,"positionX":-0.909091,"holdTime":0.0,"speed":1.0,"floorPosition":159.56001},{"type":1,"time":9152,"positionX":6.731876,"holdTime":0.0,"speed":1.0,"floorPosition":159.56001},{"type":1,"time":9184,"positionX":-0.955121,"holdTime":0.0,"speed":1.0,"floorPosition":160.16},{"type":1,"time":9184,"positionX":6.662831,"holdTime":0.0,"speed":1.0,"floorPosition":160.16},{"type":1,"time":9200,"positionX":6.662831,"holdTime":0.0,"speed":1.0,"floorPosition":160.46},{"type":1,"time":9216,"positionX":-5.61565,"holdTime":0.0,"speed":1.0,"floorPosition":160.76001},{"type":1,"time":9216,"positionX":4.844649,"holdTime":0.0,"speed":1.0,"floorPosition":160.76001},{"type":1,"time":9248,"positionX":4.821634,"holdTime":0.0,"speed":1.0,"floorPosition":161.36002},{"type":1,"time":9248,"positionX":-5.638665,"holdTime":0.0,"speed":1.0,"floorPosition":161.36002},{"type":1,"time":9280,"positionX":4.787111,"holdTime":0.0,"speed":1.0,"floorPosition":161.96},{"type":1,"time":9280,"positionX":-5.61565,"holdTime":0.0,"speed":1.0,"floorPosition":161.96},{"type":1,"time":9312,"positionX":4.810127,"holdTime":0.0,"speed":1.0,"floorPosition":162.56001},{"type":1,"time":9312,"positionX":-5.61565,"holdTime":0.0,"speed":1.0,"floorPosition":162.56001},{"type":1,"time":9328,"positionX":-5.581127,"holdTime":0.0,"speed":1.0,"floorPosition":162.86002},{"type":1,"time":9344,"positionX":1.841196,"holdTime":0.0,"speed":1.0,"floorPosition":163.16},{"type":1,"time":9360,"positionX":-3.567319,"holdTime":0.0,"speed":1.0,"floorPosition":163.46},{"type":1,"time":9376,"positionX":-3.52129,"holdTime":0.0,"speed":1.0,"floorPosition":163.76001},{"type":1,"time":9392,"positionX":0.01150703,"holdTime":0.0,"speed":1.0,"floorPosition":164.06001},{"type":3,"time":10496,"positionX":0.0,"holdTime":256.0,"speed":1.5,"floorPosition":184.76001}],"notesBelow":[{"type":3,"time":2416,"positionX":-4.982738,"holdTime":112.0,"speed":1.3,"floorPosition":41.739998},{"type":3,"time":2416,"positionX":4.75259,"holdTime":112.0,"speed":1.3,"floorPosition":41.739998},{"type":3,"time":2560,"positionX":-0.02301598,"holdTime":32.0,"speed":1.3,"floorPosition":44.079998},{"type":3,"time":2672,"positionX":-5.304947,"holdTime":80.0,"speed":1.3,"floorPosition":45.899998},{"type":3,"time":2672,"positionX":5.017262,"holdTime":80.0,"speed":1.3,"floorPosition":45.899998},{"type":1,"time":3840,"positionX":-2.635212,"holdTime":0.0,"speed":1.0,"floorPosition":64.88},{"type":1,"time":3872,"positionX":-2.646721,"holdTime":0.0,"speed":1.0,"floorPosition":65.4},{"type":1,"time":3904,"positionX":-1.09321,"holdTime":0.0,"speed":1.0,"floorPosition":65.92},{"type":1,"time":3936,"positionX":-1.104717,"holdTime":0.0,"speed":1.0,"floorPosition":66.439995},{"type":1,"time":3968,"positionX":0.4142685,"holdTime":0.0,"speed":1.0,"floorPosition":66.96},{"type":1,"time":4000,"positionX":0.4602985,"holdTime":0.0,"speed":1.0,"floorPosition":67.479996},{"type":1,"time":4032,"positionX":2.151897,"holdTime":0.0,"speed":1.0,"floorPosition":68.0},{"type":1,"time":4064,"positionX":2.18642,"holdTime":0.0,"speed":1.0,"floorPosition":68.52},{"type":1,"time":4080,"positionX":2.197929,"holdTime":0.0,"speed":1.0,"floorPosition":68.78},{"type":2,"time":6176,"positionX":3.601841,"holdTime":0.0,"speed":1.0,"floorPosition":105.240005},{"type":2,"time":6192,"positionX":2.094362,"holdTime":0.0,"speed":1.0,"floorPosition":105.5},{"type":2,"time":6224,"positionX":0.2301483,"holdTime":0.0,"speed":1.0,"floorPosition":106.020004},{"type":2,"time":6240,"positionX":-1.415421,"holdTime":0.0,"speed":1.0,"floorPosition":106.28001},{"type":2,"time":6256,"positionX":-2.991943,"holdTime":0.0,"speed":1.0,"floorPosition":106.54},{"type":2,"time":6352,"positionX":-1.346375,"holdTime":0.0,"speed":1.0,"floorPosition":108.1},{"type":2,"time":6368,"positionX":-2.761795,"holdTime":0.0,"speed":1.0,"floorPosition":108.36},{"type":2,"time":6384,"positionX":-3.958572,"holdTime":0.0,"speed":1.0,"floorPosition":108.62001},{"type":1,"time":8000,"positionX":2.313002,"holdTime":0.0,"speed":1.0,"floorPosition":137.96},{"type":1,"time":8016,"positionX":2.313002,"holdTime":0.0,"speed":1.0,"floorPosition":138.26001},{"type":1,"time":8032,"positionX":2.289989,"holdTime":0.0,"speed":1.0,"floorPosition":138.56001},{"type":2,"time":8048,"positionX":2.313002,"holdTime":0.0,"speed":1.0,"floorPosition":138.86002},{"type":2,"time":8056,"positionX":2.301497,"holdTime":0.0,"speed":1.0,"floorPosition":139.01001},{"type":1,"time":8128,"positionX":2.301497,"holdTime":0.0,"speed":1.0,"floorPosition":140.36002},{"type":1,"time":8144,"positionX":2.278482,"holdTime":0.0,"speed":1.0,"floorPosition":140.66},{"type":1,"time":8160,"positionX":2.266975,"holdTime":0.0,"speed":1.0,"floorPosition":140.96},{"type":2,"time":8176,"positionX":2.289989,"holdTime":0.0,"speed":1.0,"floorPosition":141.26001},{"type":2,"time":8184,"positionX":2.289989,"holdTime":0.0,"speed":1.0,"floorPosition":141.41},{"type":2,"time":8192,"positionX":2.255466,"holdTime":0.0,"speed":1.0,"floorPosition":141.56001},{"type":2,"time":8224,"positionX":2.232452,"holdTime":0.0,"speed":1.0,"floorPosition":142.16},{"type":2,"time":8256,"positionX":2.266975,"holdTime":0.0,"speed":1.0,"floorPosition":142.76001},{"type":2,"time":8288,"positionX":2.255466,"holdTime":0.0,"speed":1.0,"floorPosition":143.36002}],"speedEvents":[{"startTime":-8000.0,"endTime":0.0,"value":1.0},{"startTime":0.0,"endTime":1088.0,"value":1.3},{"startTime":1088.0,"endTime":2080.0,"value":1.5},{"startTime":2080.0,"endTime":4608.0,"value":1.3},{"startTime":4608.0,"endTime":4736.0,"value":1.4},{"startTime":4736.0,"endTime":4864.0,"value":1.5},{"startTime":4864.0,"endTime":5376.0,"value":1.6},{"startTime":5376.0,"endTime":6784.0,"value":1.3},{"startTime":6784.0,"endTime":6912.0,"value":1.4},{"startTime":6912.0,"endTime":7264.0,"value":1.5},{"startTime":7264.0,"endTime":7424.0,"value":1.6},{"startTime":7424.0,"endTime":6912000.0,"value":1.5}],"judgeLineMoveEvents":[{"startTime":-8000.0,"endTime":256.0,"start":440260.0,"end":440260.0},{"startTime":256.0,"endTime":768.0,"start":440260.0,"end":440104.0},{"startTime":768.0,"endTime":1280.0,"start":440104.0,"end":440260.0},{"startTime":1280.0,"endTime":1792.0,"start":440260.0,"end":440104.0},{"startTime":1792.0,"endTime":2304.0,"start":440104.0,"end":440260.0},{"startTime":2304.0,"endTime":2816.0,"start":440260.0,"end":440260.0},{"startTime":2816.0,"endTime":3072.0,"start":440260.0,"end":440130.0},{"startTime":3072.0,"endTime":3200.0,"start":440130.0,"end":440104.0},{"startTime":3200.0,"endTime":3201.0,"start":440104.0,"end":466117.0},{"startTime":3201.0,"endTime":3202.0,"start":466117.0,"end":489129.0},{"startTime":3202.0,"endTime":3203.0,"start":489129.0,"end":510139.0},{"startTime":3203.0,"endTime":3204.0,"start":510139.0,"end":529149.0},{"startTime":3204.0,"endTime":3206.0,"start":529149.0,"end":561165.0},{"startTime":3206.0,"endTime":3207.0,"start":561165.0,"end":575172.0},{"startTime":3207.0,"endTime":3208.0,"start":575172.0,"end":588179.0},{"startTime":3208.0,"endTime":3209.0,"start":588179.0,"end":600185.0},{"startTime":3209.0,"endTime":3210.0,"start":600185.0,"end":611191.0},{"startTime":3210.0,"endTime":3211.0,"start":611191.0,"end":622196.0},{"startTime":3211.0,"endTime":3212.0,"start":622196.0,"end":632201.0},{"startTime":3212.0,"endTime":3213.0,"start":632201.0,"end":641206.0},{"startTime":3213.0,"endTime":3214.0,"start":641206.0,"end":650210.0},{"startTime":3214.0,"endTime":3217.0,"start":650210.0,"end":674222.0},{"startTime":3217.0,"endTime":3218.0,"start":674222.0,"end":681226.0},{"startTime":3218.0,"endTime":3219.0,"start":681226.0,"end":687229.0},{"startTime":3219.0,"endTime":3220.0,"start":687229.0,"end":693232.0},{"startTime":3220.0,"endTime":3222.0,"start":693232.0,"end":705238.0},{"startTime":3222.0,"endTime":3223.0,"start":705238.0,"end":710241.0},{"startTime":3223.0,"endTime":3224.0,"start":710241.0,"end":715243.0},{"startTime":3224.0,"endTime":3225.0,"start":715243.0,"end":720246.0},{"startTime":3225.0,"endTime":3226.0,"start":720246.0,"end":725248.0},{"startTime":3226.0,"endTime":3227.0,"start":725248.0,"end":729250.0},{"startTime":3227.0,"endTime":3228.0,"start":729250.0,"end":733252.0},{"startTime":3228.0,"endTime":3229.0,"start":733252.0,"end":737254.0},{"startTime":3229.0,"endTime":3230.0,"start":737254.0,"end":741256.0},{"startTime":3230.0,"endTime":3231.0,"start":741256.0,"end":744258.0},{"startTime":3231.0,"endTime":3232.0,"start":744258.0,"end":748260.0},{"startTime":3232.0,"endTime":3584.0,"start":748260.0,"end":748260.0},{"startTime":3584.0,"endTime":3600.0,"start":748260.0,"end":660260.0},{"startTime":3600.0,"endTime":3616.0,"start":660260.0,"end":660260.0},{"startTime":3616.0,"endTime":3632.0,"start":660260.0,"end":571260.0},{"startTime":3632.0,"endTime":3648.0,"start":571260.0,"end":571260.0},{"startTime":3648.0,"endTime":3664.0,"start":571260.0,"end":484260.0},{"startTime":3664.0,"endTime":3680.0,"start":484260.0,"end":484260.0},{"startTime":3680.0,"endTime":3696.0,"start":484260.0,"end":395260.0},{"startTime":3696.0,"endTime":3712.0,"start":395260.0,"end":395260.0},{"startTime":3712.0,"endTime":3728.0,"start":395260.0,"end":307260.0},{"startTime":3728.0,"endTime":3744.0,"start":307260.0,"end":307260.0},{"startTime":3744.0,"endTime":3760.0,"start":307260.0,"end":220260.0},{"startTime":3760.0,"endTime":3776.0,"start":220260.0,"end":220260.0},{"startTime":3776.0,"endTime":3792.0,"start":220260.0,"end":132260.0},{"startTime":3792.0,"endTime":4096.0,"start":132260.0,"end":132260.0},{"startTime":4096.0,"endTime":4112.0,"start":132260.0,"end":220260.0},{"startTime":4112.0,"endTime":4128.0,"start":220260.0,"end":220260.0},{"startTime":4128.0,"endTime":4144.0,"start":220260.0,"end":307260.0},{"startTime":4144.0,"endTime":4160.0,"start":307260.0,"end":307260.0},{"startTime":4160.0,"endTime":4176.0,"start":307260.0,"end":395260.0},{"startTime":4176.0,"endTime":4192.0,"start":395260.0,"end":395260.0},{"startTime":4192.0,"endTime":4208.0,"start":395260.0,"end":484260.0},{"startTime":4208.0,"endTime":4224.0,"start":484260.0,"end":352260.0},{"startTime":4224.0,"endTime":4240.0,"start":352260.0,"end":440260.0},{"startTime":4240.0,"endTime":4352.0,"start":440260.0,"end":440260.0},{"startTime":4352.0,"endTime":4864.0,"start":440260.0,"end":440104.0},{"startTime":4864.0,"endTime":5376.0,"start":440104.0,"end":440260.0},{"startTime":5376.0,"endTime":6400.0,"start":528260.0,"end":440260.0},{"startTime":6400.0,"endTime":7424.0,"start":440260.0,"end":440104.0},{"startTime":7424.0,"endTime":7936.0,"start":440104.0,"end":440260.0},{"startTime":7936.0,"endTime":8448.0,"start":440260.0,"end":440260.0},{"startTime":8448.0,"endTime":9408.0,"start":440260.0,"end":440052.0},{"startTime":9408.0,"endTime":9472.0,"start":440052.0,"end":440052.0},{"startTime":9472.0,"endTime":10496.0,"start":440260.0,"end":440260.0},{"startTime":10496.0,"endTime":10752.0,"start":440260.0,"end":440052.0},{"startTime":10752.0,"endTime":6912000.0,"start":440260.0,"end":440260.0}],"judgeLineRotateEvents":[{"startTime":-8000.0,"endTime":16.0,"start":0.0,"end":0.0},{"startTime":16.0,"endTime":32.0,"start":0.0,"end":-120.0},{"startTime":32.0,"endTime":768.0,"start":0.0,"end":0.0},{"startTime":768.0,"endTime":1216.0,"start":0.0,"end":15.0},{"startTime":1216.0,"endTime":1248.0,"start":15.0,"end":10.0},{"startTime":1248.0,"endTime":1280.0,"start":10.0,"end":15.0},{"startTime":1280.0,"endTime":1792.0,"start":15.0,"end":-10.0},{"startTime":1792.0,"endTime":2304.0,"start":-9.0,"end":0.0},{"startTime":2304.0,"endTime":2752.0,"start":0.0,"end":0.0},{"startTime":2752.0,"endTime":2784.0,"start":0.0,"end":10.0},{"startTime":2784.0,"endTime":2816.0,"start":10.0,"end":0.0},{"startTime":2816.0,"endTime":3072.0,"start":0.0,"end":-15.0},{"startTime":3072.0,"endTime":3200.0,"start":-14.0,"end":0.0},{"startTime":3200.0,"endTime":3202.0,"start":0.0,"end":14.0},{"startTime":3202.0,"endTime":3204.0,"start":14.0,"end":26.0},{"startTime":3204.0,"endTime":3205.0,"start":26.0,"end":30.0},{"startTime":3205.0,"endTime":3206.0,"start":30.0,"end":35.0},{"startTime":3206.0,"endTime":3208.0,"start":35.0,"end":43.0},{"startTime":3208.0,"endTime":3209.0,"start":43.0,"end":46.0},{"startTime":3209.0,"endTime":3210.0,"start":46.0,"end":50.0},{"startTime":3210.0,"endTime":3212.0,"start":50.0,"end":56.0},{"startTime":3212.0,"endTime":3213.0,"start":56.0,"end":58.0},{"startTime":3213.0,"endTime":3214.0,"start":58.0,"end":61.0},{"startTime":3214.0,"endTime":3215.0,"start":61.0,"end":63.0},{"startTime":3215.0,"endTime":3216.0,"start":63.0,"end":66.0},{"startTime":3216.0,"endTime":3220.0,"start":66.0,"end":74.0},{"startTime":3220.0,"endTime":3221.0,"start":74.0,"end":75.0},{"startTime":3221.0,"endTime":3223.0,"start":75.0,"end":79.0},{"startTime":3223.0,"endTime":3224.0,"start":79.0,"end":80.0},{"startTime":3224.0,"endTime":3225.0,"start":80.0,"end":82.0},{"startTime":3225.0,"endTime":3229.0,"start":82.0,"end":86.0},{"startTime":3229.0,"endTime":3230.0,"start":86.0,"end":88.0},{"startTime":3230.0,"endTime":3232.0,"start":88.0,"end":90.0},{"startTime":3232.0,"endTime":4240.0,"start":90.0,"end":90.0},{"startTime":4240.0,"endTime":4288.0,"start":90.0,"end":0.0},{"startTime":4288.0,"endTime":5376.0,"start":0.0,"end":0.0},{"startTime":5376.0,"endTime":6400.0,"start":60.0,"end":0.0},{"startTime":6400.0,"endTime":7424.0,"start":0.0,"end":0.0},{"startTime":7424.0,"endTime":7936.0,"start":0.0,"end":10.0},{"startTime":7936.0,"endTime":8192.0,"start":10.0,"end":10.0},{"startTime":8192.0,"endTime":8320.0,"start":10.0,"end":0.0},{"startTime":8320.0,"endTime":8448.0,"start":0.0,"end":0.0},{"startTime":8448.0,"endTime":9408.0,"start":0.0,"end":-10.0},{"startTime":9408.0,"endTime":9472.0,"start":-9.0,"end":-10.0},{"startTime":9472.0,"endTime":6912000.0,"start":0.0,"end":0.0}],"judgeLineDisappearEvents":[{"startTime":-8000.0,"endTime":16.0,"start":1.0,"end":1.0},{"startTime":16.0,"endTime":32.0,"start":1.0,"end":0.0},{"startTime":32.0,"endTime":160.0,"start":0.0,"end":0.0},{"startTime":160.0,"endTime":224.0,"start":0.0,"end":1.0},{"startTime":224.0,"endTime":228.0,"start":1.0,"end":1.0},{"startTime":228.0,"endTime":232.0,"start":0.0,"end":0.0},{"startTime":232.0,"endTime":236.0,"start":1.0,"end":1.0},{"startTime":236.0,"endTime":240.0,"start":0.0,"end":0.0},{"startTime":240.0,"endTime":244.0,"start":1.0,"end":1.0},{"startTime":244.0,"endTime":248.0,"start":0.0,"end":0.0},{"startTime":248.0,"endTime":252.0,"start":1.0,"end":1.0},{"startTime":252.0,"endTime":256.0,"start":0.0,"end":0.0},{"startTime":256.0,"endTime":9408.0,"start":1.0,"end":1.0},{"startTime":9408.0,"endTime":9440.0,"start":1.0,"end":0.0},{"startTime":9440.0,"endTime":19472.0,"start":0.0,"end":0.0},{"startTime":19472.0,"endTime":6912000.0,"start":1.0,"end":1.0}]},{"bpm":150.0,"notesAbove":[{"type":1,"time":9472,"positionX":0.0,"holdTime":0.0,"speed":1.0,"floorPosition":118.880005},{"type":1,"time":9472,"positionX":5.845798,"holdTime":0.0,"speed":1.0,"floorPosition":118.880005},{"type":1,"time":9504,"positionX":5.822784,"holdTime":0.0,"speed":1.0,"floorPosition":119.52},{"type":1,"time":9504,"positionX":-0.01150894,"holdTime":0.0,"speed":1.0,"floorPosition":119.52},{"type":1,"time":9536,"positionX":0.0,"holdTime":0.0,"speed":1.0,"floorPosition":120.159996},{"type":1,"time":9536,"positionX":5.788261,"holdTime":0.0,"speed":1.0,"floorPosition":120.159996},{"type":1,"time":9568,"positionX":5.79977,"holdTime":0.0,"speed":1.0,"floorPosition":120.8},{"type":1,"time":9568,"positionX":-0.03452301,"holdTime":0.0,"speed":1.0,"floorPosition":120.8},{"type":1,"time":9600,"positionX":-3.060989,"holdTime":0.0,"speed":1.0,"floorPosition":121.44},{"type":2,"time":9600,"positionX":3.118526,"holdTime":0.0,"speed":1.0,"floorPosition":121.44},{"type":2,"time":9616,"positionX":1.449944,"holdTime":0.0,"speed":1.0,"floorPosition":121.759995},{"type":1,"time":9632,"positionX":-3.049484,"holdTime":0.0,"speed":1.0,"floorPosition":122.08},{"type":2,"time":9632,"positionX":3.268124,"holdTime":0.0,"speed":1.0,"floorPosition":122.08},{"type":2,"time":9648,"positionX":5.293442,"holdTime":0.0,"speed":1.0,"floorPosition":122.4},{"type":1,"time":9664,"positionX":-3.072498,"holdTime":0.0,"speed":1.0,"floorPosition":122.71999},{"type":2,"time":9680,"positionX":4.430382,"holdTime":0.0,"speed":1.0,"floorPosition":123.04},{"type":1,"time":9696,"positionX":-3.060989,"holdTime":0.0,"speed":1.0,"floorPosition":123.36},{"type":2,"time":9696,"positionX":2.942629,"holdTime":0.0,"speed":1.0,"floorPosition":123.36},{"type":2,"time":9712,"positionX":1.680092,"holdTime":0.0,"speed":1.0,"floorPosition":123.68001},{"type":1,"time":9728,"positionX":-4.890678,"holdTime":0.0,"speed":1.0,"floorPosition":124.0},{"type":1,"time":9728,"positionX":3.118526,"holdTime":0.0,"speed":1.0,"floorPosition":124.0},{"type":1,"time":9760,"positionX":-4.890678,"holdTime":0.0,"speed":1.0,"floorPosition":124.64},{"type":1,"time":9760,"positionX":3.072498,"holdTime":0.0,"speed":1.0,"floorPosition":124.64},{"type":1,"time":9792,"positionX":-4.913692,"holdTime":0.0,"speed":1.0,"floorPosition":125.28001},{"type":1,"time":9792,"positionX":3.060989,"holdTime":0.0,"speed":1.0,"floorPosition":125.28001},{"type":1,"time":9824,"positionX":3.060989,"holdTime":0.0,"speed":1.0,"floorPosition":125.92},{"type":1,"time":9824,"positionX":-4.913692,"holdTime":0.0,"speed":1.0,"floorPosition":125.92},{"type":1,"time":9856,"positionX":1.795166,"holdTime":0.0,"speed":1.0,"floorPosition":126.56},{"type":2,"time":9856,"positionX":-4.959724,"holdTime":0.0,"speed":1.0,"floorPosition":126.56},{"type":2,"time":9872,"positionX":-6.38665,"holdTime":0.0,"speed":1.0,"floorPosition":126.880005},{"type":1,"time":9888,"positionX":1.749138,"holdTime":0.0,"speed":1.0,"floorPosition":127.2},{"type":2,"time":9888,"positionX":-4.810127,"holdTime":0.0,"speed":1.0,"floorPosition":127.2},{"type":1,"time":9904,"positionX":1.749138,"holdTime":0.0,"speed":1.0,"floorPosition":127.52},{"type":2,"time":9904,"positionX":-3.394707,"holdTime":0.0,"speed":1.0,"floorPosition":127.52},{"type":2,"time":9920,"positionX":-1.887226,"holdTime":0.0,"speed":1.0,"floorPosition":127.840004},{"type":1,"time":9920,"positionX":1.760643,"holdTime":0.0,"speed":1.0,"floorPosition":127.840004},{"type":2,"time":9936,"positionX":-3.452244,"holdTime":0.0,"speed":1.0,"floorPosition":128.16},{"type":2,"time":9952,"positionX":-4.879173,"holdTime":0.0,"speed":1.0,"floorPosition":128.48001},{"type":2,"time":9968,"positionX":-6.409668,"holdTime":0.0,"speed":1.0,"floorPosition":128.8},{"type":1,"time":9984,"positionX":2.95742,"holdTime":0.0,"speed":1.0,"floorPosition":129.12},{"type":2,"time":10000,"positionX":3.394707,"holdTime":0.0,"speed":1.0,"floorPosition":129.44},{"type":1,"time":10016,"positionX":-3.682396,"holdTime":0.0,"speed":1.0,"floorPosition":129.76},{"type":2,"time":10016,"positionX":3.785961,"holdTime":0.0,"speed":1.0,"floorPosition":129.76},{"type":2,"time":10032,"positionX":4.188725,"holdTime":0.0,"speed":1.0,"floorPosition":130.08},{"type":1,"time":10048,"positionX":-3.728424,"holdTime":0.0,"speed":1.0,"floorPosition":130.4},{"type":2,"time":10048,"positionX":4.706558,"holdTime":0.0,"speed":1.0,"floorPosition":130.4},{"type":2,"time":10064,"positionX":5.212891,"holdTime":0.0,"speed":1.0,"floorPosition":130.72},{"type":1,"time":10080,"positionX":-3.693901,"holdTime":0.0,"speed":1.0,"floorPosition":131.04001},{"type":2,"time":10080,"positionX":5.719215,"holdTime":0.0,"speed":1.0,"floorPosition":131.04001},{"type":2,"time":10096,"positionX":6.225548,"holdTime":0.0,"speed":1.0,"floorPosition":131.36},{"type":1,"time":10112,"positionX":-3.70541,"holdTime":0.0,"speed":1.0,"floorPosition":131.68001},{"type":2,"time":10128,"positionX":-3.072498,"holdTime":0.0,"speed":1.0,"floorPosition":132.0},{"type":1,"time":10144,"positionX":6.20253,"holdTime":0.0,"speed":1.0,"floorPosition":132.31999},{"type":2,"time":10144,"positionX":-2.370541,"holdTime":0.0,"speed":1.0,"floorPosition":132.31999},{"type":2,"time":10160,"positionX":-1.691601,"holdTime":0.0,"speed":1.0,"floorPosition":132.64},{"type":1,"time":10176,"positionX":6.20253,"holdTime":0.0,"speed":1.0,"floorPosition":132.95999},{"type":2,"time":10176,"positionX":-1.72612,"holdTime":0.0,"speed":1.0,"floorPosition":132.95999},{"type":2,"time":10192,"positionX":-2.393555,"holdTime":0.0,"speed":1.0,"floorPosition":133.28},{"type":2,"time":10208,"positionX":-3.187572,"holdTime":0.0,"speed":1.0,"floorPosition":133.6},{"type":1,"time":10208,"positionX":6.121979,"holdTime":0.0,"speed":1.0,"floorPosition":133.6},{"type":2,"time":10224,"positionX":-3.855007,"holdTime":0.0,"speed":1.0,"floorPosition":133.92},{"type":1,"time":10224,"positionX":6.098965,"holdTime":0.0,"speed":1.0,"floorPosition":133.92},{"type":1,"time":10240,"positionX":3.797466,"holdTime":0.0,"speed":1.0,"floorPosition":134.24},{"type":1,"time":10264,"positionX":-5.420021,"holdTime":0.0,"speed":1.0,"floorPosition":134.72},{"type":3,"time":10288,"positionX":0.0,"holdTime":32.0,"speed":1.6,"floorPosition":135.2},{"type":1,"time":10320,"positionX":-5.385498,"holdTime":0.0,"speed":1.0,"floorPosition":135.84},{"type":1,"time":10336,"positionX":2.243958,"holdTime":0.0,"speed":1.0,"floorPosition":136.16},{"type":2,"time":10340,"positionX":2.255466,"holdTime":0.0,"speed":1.0,"floorPosition":136.24},{"type":2,"time":10344,"positionX":2.243958,"holdTime":0.0,"speed":1.0,"floorPosition":136.31999},{"type":2,"time":10348,"positionX":2.243958,"holdTime":0.0,"speed":1.0,"floorPosition":136.4},{"type":1,"time":10352,"positionX":-2.65823,"holdTime":0.0,"speed":1.0,"floorPosition":136.48001},{"type":2,"time":10356,"positionX":-2.65823,"holdTime":0.0,"speed":1.0,"floorPosition":136.56},{"type":2,"time":10360,"positionX":-2.65823,"holdTime":0.0,"speed":1.0,"floorPosition":136.64},{"type":2,"time":10364,"positionX":-2.65823,"holdTime":0.0,"speed":1.0,"floorPosition":136.72},{"type":1,"time":10368,"positionX":4.591484,"holdTime":0.0,"speed":1.0,"floorPosition":136.8},{"type":1,"time":10392,"positionX":4.602993,"holdTime":0.0,"speed":1.0,"floorPosition":137.28},{"type":1,"time":10416,"positionX":-2.635212,"holdTime":0.0,"speed":1.0,"floorPosition":137.76},{"type":2,"time":10448,"positionX":-0.6789398,"holdTime":0.0,"speed":1.0,"floorPosition":138.4},{"type":2,"time":10464,"positionX":-2.692749,"holdTime":0.0,"speed":1.0,"floorPosition":138.72},{"type":2,"time":10480,"positionX":-4.579979,"holdTime":0.0,"speed":1.0,"floorPosition":139.04001}],"notesBelow":[],"speedEvents":[{"startTime":-8000.0,"endTime":9408.0,"value":1.0},{"startTime":9408.0,"endTime":6912000.0,"value":1.6}],"judgeLineMoveEvents":[{"startTime":-8000.0,"endTime":3296.0,"start":440260.0,"end":440260.0},{"startTime":3296.0,"endTime":3312.0,"start":440000.0,"end":440130.0},{"startTime":3312.0,"endTime":3328.0,"start":440130.0,"end":440000.0},{"startTime":3328.0,"endTime":4320.0,"start":440260.0,"end":440260.0},{"startTime":4320.0,"endTime":4336.0,"start":440000.0,"end":440130.0},{"startTime":4336.0,"endTime":4352.0,"start":440130.0,"end":440000.0},{"startTime":4352.0,"endTime":8416.0,"start":440260.0,"end":440260.0},{"startTime":8416.0,"endTime":8432.0,"start":260.0,"end":176260.0},{"startTime":8432.0,"endTime":8448.0,"start":176260.0,"end":260.0},{"startTime":8448.0,"endTime":9376.0,"start":440260.0,"end":440260.0},{"startTime":9376.0,"endTime":9472.0,"start":440052.0,"end":440052.0},{"startTime":9472.0,"endTime":10496.0,"start":440052.0,"end":440260.0},{"startTime":10496.0,"endTime":30000.0,"start":440260.0,"end":440260.0},{"startTime":30000.0,"endTime":30001.0,"start":0.0,"end":0.0},{"startTime":30001.0,"endTime":6912000.0,"start":440260.0,"end":440260.0}],"judgeLineRotateEvents":[{"startTime":-8000.0,"endTime":8416.0,"start":0.0,"end":0.0},{"startTime":8416.0,"endTime":8448.0,"start":90.0,"end":90.0},{"startTime":8448.0,"endTime":9376.0,"start":0.0,"end":0.0},{"startTime":9376.0,"endTime":9472.0,"start":10.0,"end":10.0},{"startTime":9472.0,"endTime":10496.0,"start":10.0,"end":0.0},{"startTime":10496.0,"endTime":6912000.0,"start":0.0,"end":0.0}],"judgeLineDisappearEvents":[{"startTime":-8000.0,"endTime":0.0,"start":1.0,"end":1.0},{"startTime":0.0,"endTime":3296.0,"start":0.0,"end":0.0},{"startTime":3296.0,"endTime":3328.0,"start":1.0,"end":1.0},{"startTime":3328.0,"endTime":4320.0,"start":0.0,"end":0.0},{"startTime":4320.0,"endTime":4352.0,"start":1.0,"end":1.0},{"startTime":4352.0,"endTime":8416.0,"start":0.0,"end":0.0},{"startTime":8416.0,"endTime":8448.0,"start":1.0,"end":1.0},{"startTime":8448.0,"endTime":9408.0,"start":0.0,"end":0.0},{"startTime":9408.0,"endTime":9440.0,"start":0.0,"end":1.0},{"startTime":9440.0,"endTime":10496.0,"start":1.0,"end":1.0},{"startTime":10496.0,"endTime":10624.0,"start":1.0,"end":0.0},{"startTime":10624.0,"endTime":20624.0,"start":0.0,"end":0.0},{"startTime":20624.0,"endTime":30000.0,"start":1.0,"end":1.0},{"startTime":30000.0,"endTime":30001.0,"start":0.0,"end":0.0},{"startTime":30001.0,"endTime":6912000.0,"start":1.0,"end":1.0}]},{"bpm":150.0,"notesAbove":[],"notesBelow":[],"speedEvents":[{"startTime":-8000.0,"endTime":6912000.0,"value":1.0}],"judgeLineMoveEvents":[{"startTime":-8000.0,"endTime":8416.0,"start":440260.0,"end":440260.0},{"startTime":8416.0,"endTime":8432.0,"start":880260.0,"end":704260.0},{"startTime":8432.0,"endTime":8448.0,"start":704260.0,"end":880260.0},{"startTime":8448.0,"endTime":30000.0,"start":440260.0,"end":440260.0},{"startTime":30000.0,"endTime":30001.0,"start":0.0,"end":0.0},{"startTime":30001.0,"endTime":6912000.0,"start":440260.0,"end":440260.0}],"judgeLineRotateEvents":[{"startTime":-8000.0,"endTime":8416.0,"start":0.0,"end":0.0},{"startTime":8416.0,"endTime":8448.0,"start":90.0,"end":90.0},{"startTime":8448.0,"endTime":6912000.0,"start":0.0,"end":0.0}],"judgeLineDisappearEvents":[{"startTime":-8000.0,"endTime":0.0,"start":1.0,"end":1.0},{"startTime":0.0,"endTime":8416.0,"start":0.0,"end":0.0},{"startTime":8416.0,"endTime":8448.0,"start":1.0,"end":1.0},{"startTime":8448.0,"endTime":18448.0,"start":0.0,"end":0.0},{"startTime":18448.0,"endTime":30000.0,"start":1.0,"end":1.0},{"startTime":30000.0,"endTime":30001.0,"start":0.0,"end":0.0},{"startTime":30001.0,"endTime":6912000.0,"start":1.0,"end":1.0}]}]}