{"formatVersion":3,"offset":0.0,"judgeLineList":[{"bpm":120.0,"notesAbove":[{"type":2,"time":192,"positionX":-1.881607,"holdTime":0.0,"speed":1.0,"floorPosition":3.0},{"type":2,"time":224,"positionX":2.572234,"holdTime":0.0,"speed":1.0,"floorPosition":3.5},{"type":2,"time":256,"positionX":-3.234673,"holdTime":0.0,"speed":1.0,"floorPosition":4.0},{"type":2,"time":272,"positionX":-2.107118,"holdTime":0.0,"speed":1.0,"floorPosition":4.25},{"type":2,"time":288,"positionX":-0.9795628,"holdTime":0.0,"speed":1.0,"floorPosition":4.5},{"type":2,"time":320,"positionX":3.023256,"holdTime":0.0,"speed":1.0,"floorPosition":5.0},{"type":2,"time":352,"positionX":-2.882311,"holdTime":0.0,"speed":1.0,"floorPosition":5.5},{"type":2,"time":384,"positionX":2.938689,"holdTime":0.0,"speed":1.0,"floorPosition":6.0},{"type":2,"time":400,"positionX":1.782946,"holdTime":0.0,"speed":1.0,"floorPosition":6.25},{"type":2,"time":416,"positionX":0.6553917,"holdTime":0.0,"speed":1.0,"floorPosition":6.5},{"type":2,"time":448,"positionX":-3.333333,"holdTime":0.0,"speed":1.0,"floorPosition":7.0},{"type":2,"time":480,"positionX":3.248767,"holdTime":0.0,"speed":1.0,"floorPosition":7.5},{"type":2,"time":512,"positionX":-1.853417,"holdTime":0.0,"speed":1.0,"floorPosition":8.0},{"type":2,"time":544,"positionX":3.629316,"holdTime":0.0,"speed":1.0,"floorPosition":8.5},{"type":2,"time":576,"positionX":-3.685694,"holdTime":0.0,"speed":1.0,"floorPosition":9.0},{"type":2,"time":608,"positionX":2.389007,"holdTime":0.0,"speed":1.0,"floorPosition":9.5},{"type":2,"time":656,"positionX":-1.853417,"holdTime":0.0,"speed":1.0,"floorPosition":10.25},{"type":1,"time":768,"positionX":-2.868217,"holdTime":0.0,"speed":1.0,"floorPosition":12.3},{"type":1,"time":800,"positionX":-2.882311,"holdTime":0.0,"speed":1.0,"floorPosition":12.9},{"type":1,"time":832,"positionX":3.981677,"holdTime":0.0,"speed":1.0,"floorPosition":13.5},{"type":1,"time":864,"positionX":-1.261452,"holdTime":0.0,"speed":1.0,"floorPosition":14.1},{"type":1,"time":896,"positionX":2.924595,"holdTime":0.0,"speed":1.0,"floorPosition":14.7},{"type":1,"time":928,"positionX":2.924595,"holdTime":0.0,"speed":1.0,"floorPosition":15.3},{"type":1,"time":960,"positionX":-2.882311,"holdTime":0.0,"speed":1.0,"floorPosition":15.900001},{"type":1,"time":992,"positionX":4.178998,"holdTime":0.0,"speed":1.0,"floorPosition":16.5},{"type":1,"time":1024,"positionX":-4.136715,"holdTime":0.0,"speed":1.0,"floorPosition":17.1},{"type":1,"time":1056,"positionX":-4.15081,"holdTime":0.0,"speed":1.0,"floorPosition":17.7},{"type":1,"time":1088,"positionX":3.234673,"holdTime":0.0,"speed":1.0,"floorPosition":18.300001},{"type":1,"time":1120,"positionX":-0.8104296,"holdTime":0.0,"speed":1.0,"floorPosition":18.9},{"type":1,"time":1152,"positionX":4.362226,"holdTime":0.0,"speed":1.0,"floorPosition":19.5},{"type":1,"time":1184,"positionX":4.277659,"holdTime":0.0,"speed":1.0,"floorPosition":20.1},{"type":1,"time":1216,"positionX":-2.741367,"holdTime":0.0,"speed":1.0,"floorPosition":20.7},{"type":1,"time":1248,"positionX":-2.68499,"holdTime":0.0,"speed":1.0,"floorPosition":21.300001},{"type":1,"time":1280,"positionX":1.726569,"holdTime":0.0,"speed":1.0,"floorPosition":21.9},{"type":1,"time":1312,"positionX":1.698379,"holdTime":0.0,"speed":1.0,"floorPosition":22.5},{"type":1,"time":1344,"positionX":-4.249472,"holdTime":0.0,"speed":1.0,"floorPosition":23.1},{"type":1,"time":1376,"positionX":4.827343,"holdTime":0.0,"speed":1.0,"floorPosition":23.7},{"type":1,"time":1408,"positionX":-2.529951,"holdTime":0.0,"speed":1.0,"floorPosition":24.300001},{"type":1,"time":1440,"positionX":-2.614517,"holdTime":0.0,"speed":1.0,"floorPosition":24.900002},{"type":1,"time":1472,"positionX":3.587034,"holdTime":0.0,"speed":1.0,"floorPosition":25.5},{"type":1,"time":1504,"positionX":-4.897815,"holdTime":0.0,"speed":1.0,"floorPosition":26.1},{"type":1,"time":1536,"positionX":2.036645,"holdTime":0.0,"speed":1.0,"floorPosition":26.7},{"type":1,"time":1568,"positionX":2.008457,"holdTime":0.0,"speed":1.0,"floorPosition":27.300001},{"type":1,"time":1600,"positionX":-1.740663,"holdTime":0.0,"speed":1.0,"floorPosition":27.900002},{"type":1,"time":1632,"positionX":4.334039,"holdTime":0.0,"speed":1.0,"floorPosition":28.5},{"type":1,"time":1664,"positionX":-3.615222,"holdTime":0.0,"speed":1.0,"floorPosition":29.1},{"type":1,"time":1696,"positionX":-3.615222,"holdTime":0.0,"speed":1.0,"floorPosition":29.7},{"type":1,"time":1728,"positionX":3.305144,"holdTime":0.0,"speed":1.0,"floorPosition":30.300001},{"type":1,"time":1760,"positionX":-1.754757,"holdTime":0.0,"speed":1.0,"floorPosition":30.900002},{"type":1,"time":1792,"positionX":4.178998,"holdTime":0.0,"speed":1.0,"floorPosition":31.5},{"type":1,"time":1824,"positionX":4.193094,"holdTime":0.0,"speed":1.0,"floorPosition":32.100002},{"type":1,"time":1856,"positionX":-2.81184,"holdTime":0.0,"speed":1.0,"floorPosition":32.7},{"type":1,"time":1888,"positionX":1.797039,"holdTime":0.0,"speed":1.0,"floorPosition":33.3},{"type":1,"time":1920,"positionX":-4.291755,"holdTime":0.0,"speed":1.0,"floorPosition":33.9},{"type":1,"time":1952,"positionX":-4.249472,"holdTime":0.0,"speed":1.0,"floorPosition":34.5},{"type":1,"time":1984,"positionX":2.586328,"holdTime":0.0,"speed":1.0,"floorPosition":35.100002},{"type":1,"time":2016,"positionX":-1.021847,"holdTime":0.0,"speed":1.0,"floorPosition":35.7},{"type":1,"time":2048,"positionX":3.79845,"holdTime":0.0,"speed":1.0,"floorPosition":36.3},{"type":1,"time":2080,"positionX":3.742071,"holdTime":0.0,"speed":1.0,"floorPosition":36.9},{"type":1,"time":2112,"positionX":-3.530655,"holdTime":0.0,"speed":1.0,"floorPosition":37.5},{"type":1,"time":2144,"positionX":2.374912,"holdTime":0.0,"speed":1.0,"floorPosition":38.100002},{"type":1,"time":2176,"positionX":-1.923889,"holdTime":0.0,"speed":1.0,"floorPosition":38.7},{"type":1,"time":2200,"positionX":3.347428,"holdTime":0.0,"speed":1.0,"floorPosition":39.15},{"type":1,"time":2224,"positionX":-3.178295,"holdTime":0.0,"speed":1.0,"floorPosition":39.600002},{"type":1,"time":2240,"positionX":2.501762,"holdTime":0.0,"speed":1.0,"floorPosition":39.9},{"type":3,"time":2272,"positionX":-4.855532,"holdTime":48.0,"speed":1.2,"floorPosition":40.5},{"type":1,"time":2304,"positionX":1.120508,"holdTime":0.0,"speed":1.0,"floorPosition":41.100002},{"type":3,"time":2336,"positionX":-3.643411,"holdTime":48.0,"speed":1.2,"floorPosition":41.7},{"type":1,"time":2368,"positionX":2.346723,"holdTime":0.0,"speed":1.0,"floorPosition":42.300003},{"type":3,"time":2400,"positionX":-2.389007,"holdTime":48.0,"speed":1.2,"floorPosition":42.9},{"type":1,"time":2432,"positionX":3.587034,"holdTime":0.0,"speed":1.0,"floorPosition":43.5},{"type":3,"time":2464,"positionX":-1.148697,"holdTime":48.0,"speed":1.2,"floorPosition":44.100002},{"type":1,"time":2496,"positionX":4.813248,"holdTime":0.0,"speed":1.0,"floorPosition":44.7},{"type":3,"time":2528,"positionX":-0.04933071,"holdTime":32.0,"speed":1.2,"floorPosition":45.300003},{"type":2,"time":2560,"positionX":3.657504,"holdTime":0.0,"speed":1.0,"floorPosition":45.9},{"type":2,"time":2576,"positionX":4.968288,"holdTime":0.0,"speed":1.0,"floorPosition":46.2},{"type":2,"time":2584,"positionX":5.236082,"holdTime":0.0,"speed":1.0,"floorPosition":46.350002},{"type":2,"time":2600,"positionX":-0.3312187,"holdTime":0.0,"speed":1.0,"floorPosition":46.65},{"type":2,"time":2608,"positionX":-0.8104296,"holdTime":0.0,"speed":1.0,"floorPosition":46.800003},{"type":2,"time":2624,"positionX":3.009162,"holdTime":0.0,"speed":1.0,"floorPosition":47.100002},{"type":2,"time":2632,"positionX":3.154804,"holdTime":0.0,"speed":1.0,"floorPosition":47.25},{"type":2,"time":2648,"positionX":-1.03594,"holdTime":0.0,"speed":1.0,"floorPosition":47.550003},{"type":2,"time":2664,"positionX":1.585625,"holdTime":0.0,"speed":1.0,"floorPosition":47.850002},{"type":2,"time":2680,"positionX":-3.136011,"holdTime":0.0,"speed":1.0,"floorPosition":48.15},{"type":2,"time":2696,"positionX":1.937984,"holdTime":0.0,"speed":1.0,"floorPosition":48.45},{"type":2,"time":2704,"positionX":2.233968,"holdTime":0.0,"speed":1.0,"floorPosition":48.600002},{"type":2,"time":2720,"positionX":-0.9654694,"holdTime":0.0,"speed":1.0,"floorPosition":48.9},{"type":2,"time":2816,"positionX":0.0,"holdTime":0.0,"speed":1.0,"floorPosition":50.7},{"type":2,"time":2824,"positionX":-1.0,"holdTime":0.0,"speed":1.0,"floorPosition":50.850002},{"type":2,"time":2832,"positionX":-2.0,"holdTime":0.0,"speed":1.0,"floorPosition":51.0},{"type":3,"time":2848,"positionX":3.375616,"holdTime":48.0,"speed":1.2,"floorPosition":51.300003},{"type":1,"time":2880,"positionX":-1.092319,"holdTime":0.0,"speed":1.0,"floorPosition":51.9},{"type":3,"time":2912,"positionX":2.276251,"holdTime":48.0,"speed":1.2,"floorPosition":52.5},{"type":1,"time":2944,"positionX":-2.219873,"holdTime":0.0,"speed":1.0,"floorPosition":53.100002},{"type":3,"time":2976,"positionX":1.134602,"holdTime":48.0,"speed":1.2,"floorPosition":53.7},{"type":1,"time":3008,"positionX":-3.403806,"holdTime":0.0,"speed":1.0,"floorPosition":54.300003},{"type":3,"time":3040,"positionX":-0.04933071,"holdTime":32.0,"speed":1.2,"floorPosition":54.9},{"type":2,"time":3072,"positionX":-4.940099,"holdTime":0.0,"speed":1.0,"floorPosition":55.5},{"type":2,"time":3088,"positionX":-2.924595,"holdTime":0.0,"speed":1.0,"floorPosition":55.800003},{"type":2,"time":3096,"positionX":-2.741367,"holdTime":0.0,"speed":1.0,"floorPosition":55.95},{"type":2,"time":3112,"positionX":1.909796,"holdTime":0.0,"speed":1.0,"floorPosition":56.25},{"type":2,"time":3120,"positionX":1.458774,"holdTime":0.0,"speed":1.0,"floorPosition":56.4},{"type":2,"time":3136,"positionX":-3.868921,"holdTime":0.0,"speed":1.0,"floorPosition":56.7},{"type":2,"time":3144,"positionX":-4.080338,"holdTime":0.0,"speed":1.0,"floorPosition":56.850002},{"type":2,"time":3160,"positionX":0.2043705,"holdTime":0.0,"speed":1.0,"floorPosition":57.15},{"type":2,"time":3176,"positionX":2.374912,"holdTime":0.0,"speed":1.0,"floorPosition":57.45},{"type":2,"time":3192,"positionX":-2.233967,"holdTime":0.0,"speed":1.0,"floorPosition":57.75},{"type":2,"time":3208,"positionX":1.402396,"holdTime":0.0,"speed":1.0,"floorPosition":58.050003},{"type":2,"time":3216,"positionX":1.599718,"holdTime":0.0,"speed":1.0,"floorPosition":58.2},{"type":2,"time":3232,"positionX":-3.1642,"holdTime":0.0,"speed":1.0,"floorPosition":58.5},{"type":2,"time":3248,"positionX":2.868216,"holdTime":0.0,"speed":1.0,"floorPosition":58.800003},{"type":2,"time":3264,"positionX":-1.092319,"holdTime":0.0,"speed":1.0,"floorPosition":59.100002},{"type":2,"time":3272,"positionX":-1.416491,"holdTime":0.0,"speed":1.0,"floorPosition":59.250004},{"type":2,"time":3288,"positionX":2.248062,"holdTime":0.0,"speed":1.0,"floorPosition":59.550003},{"type":2,"time":3304,"positionX":-2.938689,"holdTime":0.0,"speed":1.0,"floorPosition":59.850002},{"type":2,"time":3320,"positionX":1.754757,"holdTime":0.0,"speed":1.0,"floorPosition":60.15},{"type":2,"time":3328,"positionX":2.064834,"holdTime":0.0,"speed":1.0,"floorPosition":60.300003},{"type":2,"time":3344,"positionX":-0.6976748,"holdTime":0.0,"speed":1.0,"floorPosition":60.600002},{"type":2,"time":3360,"positionX":3.417901,"holdTime":0.0,"speed":1.0,"floorPosition":60.9},{"type":2,"time":3376,"positionX":-1.543341,"holdTime":0.0,"speed":1.0,"floorPosition":61.2},{"type":2,"time":3384,"positionX":-1.825229,"holdTime":0.0,"speed":1.0,"floorPosition":61.350002},{"type":2,"time":3400,"positionX":2.290345,"holdTime":0.0,"speed":1.0,"floorPosition":61.65},{"type":2,"time":3416,"positionX":-3.643411,"holdTime":0.0,"speed":1.0,"floorPosition":61.95},{"type":2,"time":3432,"positionX":-0.1057081,"holdTime":0.0,"speed":1.0,"floorPosition":62.250004},{"type":2,"time":3440,"positionX":0.1761808,"holdTime":0.0,"speed":1.0,"floorPosition":62.4},{"type":3,"time":3584,"positionX":-4.038055,"holdTime":64.0,"speed":1.0,"floorPosition":64.7},{"type":1,"time":3648,"positionX":0.1620865,"holdTime":0.0,"speed":1.0,"floorPosition":65.7},{"type":3,"time":3712,"positionX":3.911204,"holdTime":64.0,"speed":1.0,"floorPosition":66.7},{"type":1,"time":3776,"positionX":-0.4862576,"holdTime":0.0,"speed":1.0,"floorPosition":67.7},{"type":3,"time":3840,"positionX":-2.515856,"holdTime":64.0,"speed":1.0,"floorPosition":68.7},{"type":1,"time":3904,"positionX":1.839324,"holdTime":0.0,"speed":1.0,"floorPosition":69.7},{"type":3,"time":3968,"positionX":2.064834,"holdTime":64.0,"speed":1.0,"floorPosition":70.7},{"type":1,"time":4032,"positionX":-3.023255,"holdTime":0.0,"speed":1.0,"floorPosition":71.7},{"type":1,"time":4096,"positionX":4.0,"holdTime":0.0,"speed":1.0,"floorPosition":72.899994},{"type":1,"time":4128,"positionX":-0.8668079,"holdTime":0.0,"speed":1.0,"floorPosition":73.5},{"type":1,"time":4160,"positionX":2.769556,"holdTime":0.0,"speed":1.0,"floorPosition":74.1},{"type":1,"time":4192,"positionX":-3.868921,"holdTime":0.0,"speed":1.0,"floorPosition":74.7},{"type":1,"time":4224,"positionX":3.883016,"holdTime":0.0,"speed":1.0,"floorPosition":75.299995},{"type":1,"time":4256,"positionX":-1.28964,"holdTime":0.0,"speed":1.0,"floorPosition":75.899994},{"type":1,"time":4288,"positionX":3.812544,"holdTime":0.0,"speed":1.0,"floorPosition":76.5},{"type":1,"time":4320,"positionX":-3.446089,"holdTime":0.0,"speed":1.0,"floorPosition":77.1},{"type":3,"time":4352,"positionX":3.502467,"holdTime":64.0,"speed":1.2,"floorPosition":77.7},{"type":3,"time":4416,"positionX":-2.938689,"holdTime":64.0,"speed":1.2,"floorPosition":78.899994},{"type":3,"time":4480,"positionX":4.686399,"holdTime":64.0,"speed":1.2,"floorPosition":80.1},{"type":2,"time":4560,"positionX":-2.515856,"holdTime":0.0,"speed":1.0,"floorPosition":81.6},{"type":2,"time":4576,"positionX":-2.501762,"holdTime":0.0,"speed":1.0,"floorPosition":81.899994},{"type":1,"time":4608,"positionX":2.924595,"holdTime":0.0,"speed":1.0,"floorPosition":82.5},{"type":1,"time":4640,"positionX":-4.05215,"holdTime":0.0,"speed":1.0,"floorPosition":83.1},{"type":1,"time":4672,"positionX":4.53136,"holdTime":0.0,"speed":1.0,"floorPosition":83.7},{"type":1,"time":4704,"positionX":-1.28964,"holdTime":0.0,"speed":1.0,"floorPosition":84.299995},{"type":1,"time":4736,"positionX":3.121916,"holdTime":0.0,"speed":1.0,"floorPosition":84.899994},{"type":1,"time":4768,"positionX":-3.615222,"holdTime":0.0,"speed":1.0,"floorPosition":85.5},{"type":1,"time":4800,"positionX":3.89711,"holdTime":0.0,"speed":1.0,"floorPosition":86.1},{"type":1,"time":4832,"positionX":-0.8668079,"holdTime":0.0,"speed":1.0,"floorPosition":86.7},{"type":3,"time":4864,"positionX":3.727977,"holdTime":64.0,"speed":1.2,"floorPosition":87.299995},{"type":3,"time":4928,"positionX":-3.206483,"holdTime":64.0,"speed":1.2,"floorPosition":88.5},{"type":3,"time":4992,"positionX":1.585625,"holdTime":64.0,"speed":1.2,"floorPosition":89.7},{"type":2,"time":5072,"positionX":-2.614517,"holdTime":0.0,"speed":1.0,"floorPosition":91.2},{"type":2,"time":5088,"positionX":-2.614517,"holdTime":0.0,"speed":1.0,"floorPosition":91.5},{"type":1,"time":5120,"positionX":2.219872,"holdTime":0.0,"speed":1.0,"floorPosition":92.1},{"type":1,"time":5152,"positionX":-3.488372,"holdTime":0.0,"speed":1.0,"floorPosition":92.7},{"type":1,"time":5184,"positionX":3.64341,"holdTime":0.0,"speed":1.0,"floorPosition":93.299995},{"type":1,"time":5216,"positionX":-0.09161377,"holdTime":0.0,"speed":1.0,"floorPosition":93.9},{"type":1,"time":5248,"positionX":-3.897111,"holdTime":0.0,"speed":1.0,"floorPosition":94.5},{"type":1,"time":5280,"positionX":3.107822,"holdTime":0.0,"speed":1.0,"floorPosition":95.1},{"type":1,"time":5312,"positionX":-1.599718,"holdTime":0.0,"speed":1.0,"floorPosition":95.7},{"type":1,"time":5344,"positionX":4.193094,"holdTime":0.0,"speed":1.0,"floorPosition":96.299995},{"type":3,"time":5376,"positionX":-4.221283,"holdTime":64.0,"speed":1.2,"floorPosition":96.9},{"type":3,"time":5440,"positionX":2.529951,"holdTime":64.0,"speed":1.2,"floorPosition":98.1},{"type":3,"time":5504,"positionX":-1.557435,"holdTime":64.0,"speed":1.2,"floorPosition":99.299995},{"type":2,"time":5584,"positionX":4.291754,"holdTime":0.0,"speed":1.0,"floorPosition":100.799995},{"type":2,"time":5600,"positionX":4.221283,"holdTime":0.0,"speed":1.0,"floorPosition":101.1},{"type":1,"time":5632,"positionX":-3.206483,"holdTime":0.0,"speed":1.0,"floorPosition":101.7},{"type":1,"time":5664,"positionX":3.065539,"holdTime":0.0,"speed":1.0,"floorPosition":102.299995},{"type":1,"time":5696,"positionX":-4.136715,"holdTime":0.0,"speed":1.0,"floorPosition":102.9},{"type":1,"time":5728,"positionX":1.176884,"holdTime":0.0,"speed":1.0,"floorPosition":103.5},{"type":1,"time":5760,"positionX":-1.529246,"holdTime":0.0,"speed":1.0,"floorPosition":104.1},{"type":1,"time":5792,"positionX":4.601832,"holdTime":0.0,"speed":1.0,"floorPosition":104.7},{"type":1,"time":5824,"positionX":-3.54475,"holdTime":0.0,"speed":1.0,"floorPosition":105.299995},{"type":1,"time":5856,"positionX":1.67019,"holdTime":0.0,"speed":1.0,"floorPosition":105.9},{"type":3,"time":5888,"positionX":-2.163496,"holdTime":64.0,"speed":1.2,"floorPosition":106.5},{"type":3,"time":5952,"positionX":3.967583,"holdTime":64.0,"speed":1.2,"floorPosition":107.7},{"type":3,"time":6016,"positionX":-0.4862576,"holdTime":64.0,"speed":1.2,"floorPosition":108.9},{"type":1,"time":6144,"positionX":-4.700493,"holdTime":0.0,"speed":1.0,"floorPosition":111.299995},{"type":1,"time":6176,"positionX":-4.700493,"holdTime":0.0,"speed":1.0,"floorPosition":111.9},{"type":1,"time":6208,"positionX":-4.700493,"holdTime":0.0,"speed":1.0,"floorPosition":112.5},{"type":1,"time":6240,"positionX":-4.700493,"holdTime":0.0,"speed":1.0,"floorPosition":113.1},{"type":1,"time":6272,"positionX":-0.0070467,"holdTime":0.0,"speed":1.0,"floorPosition":113.7},{"type":1,"time":6304,"positionX":-0.0070467,"holdTime":0.0,"speed":1.0,"floorPosition":114.299995},{"type":1,"time":6336,"positionX":-0.0070467,"holdTime":0.0,"speed":1.0,"floorPosition":114.9},{"type":1,"time":6368,"positionX":-0.0070467,"holdTime":0.0,"speed":1.0,"floorPosition":115.5},{"type":1,"time":6400,"positionX":4.827343,"holdTime":0.0,"speed":1.0,"floorPosition":116.1},{"type":1,"time":6432,"positionX":4.827343,"holdTime":0.0,"speed":1.0,"floorPosition":116.7},{"type":1,"time":6464,"positionX":4.827343,"holdTime":0.0,"speed":1.0,"floorPosition":117.299995},{"type":1,"time":6496,"positionX":4.827343,"holdTime":0.0,"speed":1.0,"floorPosition":117.9},{"type":1,"time":6528,"positionX":-0.0070467,"holdTime":0.0,"speed":1.0,"floorPosition":118.5},{"type":1,"time":6560,"positionX":-0.0070467,"holdTime":0.0,"speed":1.0,"floorPosition":119.1},{"type":1,"time":6592,"positionX":-0.0070467,"holdTime":0.0,"speed":1.0,"floorPosition":119.7},{"type":1,"time":6624,"positionX":-0.0070467,"holdTime":0.0,"speed":1.0,"floorPosition":120.299995},{"type":1,"time":6656,"positionX":-4.291755,"holdTime":0.0,"speed":1.0,"floorPosition":120.9},{"type":1,"time":6688,"positionX":-4.291755,"holdTime":0.0,"speed":1.0,"floorPosition":121.5},{"type":1,"time":6720,"positionX":-4.291755,"holdTime":0.0,"speed":1.0,"floorPosition":122.1},{"type":1,"time":6752,"positionX":-4.291755,"holdTime":0.0,"speed":1.0,"floorPosition":122.7},{"type":1,"time":6784,"positionX":4.883721,"holdTime":0.0,"speed":1.0,"floorPosition":123.299995},{"type":1,"time":6816,"positionX":4.883721,"holdTime":0.0,"speed":1.0,"floorPosition":123.9},{"type":1,"time":6848,"positionX":4.883721,"holdTime":0.0,"speed":1.0,"floorPosition":124.5},{"type":1,"time":6880,"positionX":4.883721,"holdTime":0.0,"speed":1.0,"floorPosition":125.1},{"type":1,"time":6912,"positionX":-2.050739,"holdTime":0.0,"speed":1.0,"floorPosition":125.7},{"type":1,"time":6944,"positionX":-2.050739,"holdTime":0.0,"speed":1.0,"floorPosition":126.299995},{"type":1,"time":6976,"positionX":-2.050739,"holdTime":0.0,"speed":1.0,"floorPosition":126.9},{"type":1,"time":7008,"positionX":-2.050739,"holdTime":0.0,"speed":1.0,"floorPosition":127.5},{"type":1,"time":7040,"positionX":2.022552,"holdTime":0.0,"speed":1.0,"floorPosition":128.1},{"type":1,"time":7072,"positionX":2.022552,"holdTime":0.0,"speed":1.0,"floorPosition":128.7},{"type":1,"time":7104,"positionX":2.022552,"holdTime":0.0,"speed":1.0,"floorPosition":129.3},{"type":1,"time":7136,"positionX":2.022552,"holdTime":0.0,"speed":1.0,"floorPosition":129.9},{"type":1,"time":7168,"positionX":-3.79845,"holdTime":0.0,"speed":1.0,"floorPosition":130.5},{"type":1,"time":7200,"positionX":-3.742072,"holdTime":0.0,"speed":1.0,"floorPosition":131.1},{"type":1,"time":7232,"positionX":2.022552,"holdTime":0.0,"speed":1.0,"floorPosition":131.7},{"type":1,"time":7264,"positionX":2.064834,"holdTime":0.0,"speed":1.0,"floorPosition":132.3},{"type":1,"time":7296,"positionX":-0.9654694,"holdTime":0.0,"speed":1.0,"floorPosition":132.9},{"type":1,"time":7328,"positionX":-0.9654694,"holdTime":0.0,"speed":1.0,"floorPosition":133.5},{"type":1,"time":7360,"positionX":4.038055,"holdTime":0.0,"speed":1.0,"floorPosition":134.1},{"type":1,"time":7392,"positionX":3.953489,"holdTime":0.0,"speed":1.0,"floorPosition":134.7},{"type":1,"time":7424,"positionX":-3.883017,"holdTime":0.0,"speed":1.0,"floorPosition":135.3},{"type":1,"time":7456,"positionX":-3.868921,"holdTime":0.0,"speed":1.0,"floorPosition":135.9},{"type":1,"time":7488,"positionX":2.670895,"holdTime":0.0,"speed":1.0,"floorPosition":136.5},{"type":1,"time":7520,"positionX":2.586328,"holdTime":0.0,"speed":1.0,"floorPosition":137.1},{"type":1,"time":7552,"positionX":-2.642706,"holdTime":0.0,"speed":1.0,"floorPosition":137.7},{"type":1,"time":7584,"positionX":-2.670895,"holdTime":0.0,"speed":1.0,"floorPosition":138.3},{"type":1,"time":7616,"positionX":3.431995,"holdTime":0.0,"speed":1.0,"floorPosition":138.9},{"type":1,"time":7632,"positionX":-0.1902752,"holdTime":0.0,"speed":1.0,"floorPosition":139.2},{"type":1,"time":7648,"positionX":3.417901,"holdTime":0.0,"speed":1.0,"floorPosition":139.5},{"type":1,"time":7680,"positionX":-3.431995,"holdTime":0.0,"speed":1.0,"floorPosition":140.1},{"type":1,"time":7712,"positionX":3.0,"holdTime":0.0,"speed":1.0,"floorPosition":140.7},{"type":1,"time":7744,"positionX":3.0,"holdTime":0.0,"speed":1.0,"floorPosition":141.3},{"type":1,"time":7776,"positionX":-4.249472,"holdTime":0.0,"speed":1.0,"floorPosition":141.9},{"type":1,"time":7808,"positionX":3.79845,"holdTime":0.0,"speed":1.0,"floorPosition":142.5},{"type":1,"time":7840,"positionX":-1.06413,"holdTime":0.0,"speed":1.0,"floorPosition":143.1},{"type":1,"time":7872,"positionX":-1.0,"holdTime":0.0,"speed":1.0,"floorPosition":143.7},{"type":1,"time":7904,"positionX":3.0,"holdTime":0.0,"speed":1.0,"floorPosition":144.3},{"type":1,"time":7936,"positionX":-4.0,"holdTime":0.0,"speed":1.0,"floorPosition":144.9},{"type":1,"time":7968,"positionX":3.0,"holdTime":0.0,"speed":1.0,"floorPosition":145.5},{"type":1,"time":8000,"positionX":-4.094433,"holdTime":0.0,"speed":1.0,"floorPosition":146.1},{"type":1,"time":8032,"positionX":0.07751942,"holdTime":0.0,"speed":1.0,"floorPosition":146.7},{"type":1,"time":8064,"positionX":4.249472,"holdTime":0.0,"speed":1.0,"floorPosition":147.3},{"type":1,"time":8096,"positionX":-3.0,"holdTime":0.0,"speed":1.0,"floorPosition":147.9},{"type":1,"time":8128,"positionX":2.0,"holdTime":0.0,"speed":1.0,"floorPosition":148.5},{"type":1,"time":8160,"positionX":-3.0,"holdTime":0.0,"speed":1.0,"floorPosition":149.1},{"type":1,"time":8192,"positionX":2.0,"holdTime":0.0,"speed":1.0,"floorPosition":149.7},{"type":1,"time":8224,"positionX":2.0,"holdTime":0.0,"speed":1.0,"floorPosition":150.3},{"type":1,"time":8256,"positionX":-2.0,"holdTime":0.0,"speed":1.0,"floorPosition":150.9},{"type":1,"time":8288,"positionX":-2.0,"holdTime":0.0,"speed":1.0,"floorPosition":151.5},{"type":1,"time":8320,"positionX":4.0,"holdTime":0.0,"speed":1.0,"floorPosition":152.1},{"type":1,"time":8352,"positionX":-4.0,"holdTime":0.0,"speed":1.0,"floorPosition":152.7},{"type":1,"time":8384,"positionX":2.0,"holdTime":0.0,"speed":1.0,"floorPosition":153.3},{"type":1,"time":8416,"positionX":-2.0,"holdTime":0.0,"speed":1.0,"floorPosition":153.9},{"type":1,"time":8448,"positionX":2.924595,"holdTime":0.0,"speed":1.0,"floorPosition":154.5},{"type":1,"time":8480,"positionX":2.924595,"holdTime":0.0,"speed":1.0,"floorPosition":155.1},{"type":1,"time":8512,"positionX":-1.994363,"holdTime":0.0,"speed":1.0,"floorPosition":155.7},{"type":1,"time":8544,"positionX":-2.036646,"holdTime":0.0,"speed":1.0,"floorPosition":156.3},{"type":1,"time":8576,"positionX":3.0,"holdTime":0.0,"speed":1.0,"floorPosition":156.9},{"type":1,"time":8608,"positionX":-3.0,"holdTime":0.0,"speed":1.0,"floorPosition":157.5},{"type":1,"time":8640,"positionX":3.0,"holdTime":0.0,"speed":1.0,"floorPosition":158.1},{"type":1,"time":8672,"positionX":-3.0,"holdTime":0.0,"speed":1.0,"floorPosition":158.7},{"type":1,"time":8704,"positionX":1.0,"holdTime":0.0,"speed":1.0,"floorPosition":159.3},{"type":1,"time":8736,"positionX":1.0,"holdTime":0.0,"speed":1.0,"floorPosition":159.9},{"type":1,"time":8768,"positionX":-3.0,"holdTime":0.0,"speed":1.0,"floorPosition":160.5},{"type":1,"time":8800,"positionX":-3.0,"holdTime":0.0,"speed":1.0,"floorPosition":161.1},{"type":1,"time":8832,"positionX":3.0,"holdTime":0.0,"speed":1.0,"floorPosition":161.7},{"type":1,"time":8864,"positionX":3.0,"holdTime":0.0,"speed":1.0,"floorPosition":162.3},{"type":1,"time":8896,"positionX":-1.0,"holdTime":0.0,"speed":1.0,"floorPosition":162.9},{"type":1,"time":8928,"positionX":-1.0,"holdTime":0.0,"speed":1.0,"floorPosition":163.5},{"type":1,"time":8960,"positionX":3.0,"holdTime":0.0,"speed":1.0,"floorPosition":164.1},{"type":1,"time":8992,"positionX":-3.0,"holdTime":0.0,"speed":1.0,"floorPosition":164.7},{"type":1,"time":9024,"positionX":3.0,"holdTime":0.0,"speed":1.0,"floorPosition":165.3},{"type":1,"time":9056,"positionX":-3.0,"holdTime":0.0,"speed":1.0,"floorPosition":165.9},{"type":1,"time":9088,"positionX":0.0,"holdTime":0.0,"speed":1.0,"floorPosition":166.5},{"type":1,"time":9120,"positionX":0.0,"holdTime":0.0,"speed":1.0,"floorPosition":167.1},{"type":1,"time":9152,"positionX":3.0,"holdTime":0.0,"speed":1.0,"floorPosition":167.7},{"type":1,"time":9168,"positionX":-3.0,"holdTime":0.0,"speed":1.0,"floorPosition":168.0},{"type":1,"time":9184,"positionX":3.0,"holdTime":0.0,"speed":1.0,"floorPosition":168.3},{"type":1,"time":9216,"positionX":-3.0,"holdTime":0.0,"speed":1.0,"floorPosition":168.9},{"type":1,"time":9248,"positionX":0.0,"holdTime":0.0,"speed":1.0,"floorPosition":169.5},{"type":1,"time":9280,"positionX":-2.868217,"holdTime":0.0,"speed":1.0,"floorPosition":170.1},{"type":1,"time":9312,"positionX":0.0,"holdTime":0.0,"speed":1.0,"floorPosition":170.7},{"type":1,"time":9344,"positionX":3.0,"holdTime":0.0,"speed":1.0,"floorPosition":171.3},{"type":1,"time":9376,"positionX":0.0,"holdTime":0.0,"speed":1.0,"floorPosition":171.9},{"type":1,"time":9408,"positionX":3.0,"holdTime":0.0,"speed":1.0,"floorPosition":172.5},{"type":1,"time":9440,"positionX":0.0,"holdTime":0.0,"speed":1.0,"floorPosition":173.1},{"type":1,"time":9472,"positionX":-4.0,"holdTime":0.0,"speed":1.0,"floorPosition":173.7},{"type":1,"time":9504,"positionX":-4.0,"holdTime":0.0,"speed":1.0,"floorPosition":174.3},{"type":1,"time":9536,"positionX":4.0,"holdTime":0.0,"speed":1.0,"floorPosition":174.9},{"type":1,"time":9568,"positionX":4.0,"holdTime":0.0,"speed":1.0,"floorPosition":175.5},{"type":1,"time":9600,"positionX":-2.0,"holdTime":0.0,"speed":1.0,"floorPosition":176.1},{"type":1,"time":9616,"positionX":-2.0,"holdTime":0.0,"speed":1.0,"floorPosition":176.4},{"type":3,"time":9632,"positionX":4.0,"holdTime":16.0,"speed":1.2,"floorPosition":176.7},{"type":1,"time":9664,"positionX":-4.0,"holdTime":0.0,"speed":1.0,"floorPosition":177.3},{"type":1,"time":9680,"positionX":-4.0,"holdTime":0.0,"speed":1.0,"floorPosition":177.6},{"type":3,"time":9696,"positionX":2.0,"holdTime":16.0,"speed":1.2,"floorPosition":177.9},{"type":1,"time":9728,"positionX":2.0,"holdTime":0.0,"speed":1.0,"floorPosition":178.5},{"type":1,"time":9744,"positionX":2.0,"holdTime":0.0,"speed":1.0,"floorPosition":178.8},{"type":3,"time":9760,"positionX":-4.0,"holdTime":16.0,"speed":1.2,"floorPosition":179.1},{"type":1,"time":9792,"positionX":4.0,"holdTime":0.0,"speed":1.0,"floorPosition":179.7},{"type":1,"time":9808,"positionX":4.0,"holdTime":0.0,"speed":1.0,"floorPosition":180.0},{"type":3,"time":9824,"positionX":-2.0,"holdTime":16.0,"speed":1.2,"floorPosition":180.3},{"type":3,"time":9856,"positionX":-0.0070467,"holdTime":32.0,"speed":1.2,"floorPosition":180.9},{"type":3,"time":9984,"positionX":-0.02114105,"holdTime":80.0,"speed":1.2,"floorPosition":183.3}],"notesBelow":[],"speedEvents":[{"startTime":0.0,"endTime":672.0,"value":1.0},{"startTime":672.0,"endTime":3456.0,"value":1.2},{"startTime":3456.0,"endTime":4032.0,"value":1.0},{"startTime":4032.0,"endTime":1000000000.0,"value":1.2}],"judgeLineMoveEvents":[{"startTime":-999999.0,"endTime":656.0,"start":0.5,"end":0.5,"start2":0.5,"end2":0.5},{"startTime":656.0,"endTime":657.0,"start":0.5,"end":0.5,"start2":0.5,"end2":0.49994642},{"startTime":657.0,"endTime":658.0,"start":0.5,"end":0.5,"start2":0.49994642,"end2":0.49979857},{"startTime":658.0,"endTime":659.0,"start":0.5,"end":0.5,"start2":0.49979857,"end2":0.49955642},{"startTime":659.0,"endTime":660.0,"start":0.5,"end":0.5,"start2":0.49955642,"end2":0.49922},{"startTime":660.0,"endTime":661.0,"start":0.5,"end":0.5,"start2":0.49922,"end2":0.49878928},{"startTime":661.0,"endTime":662.0,"start":0.5,"end":0.5,"start2":0.49878928,"end2":0.49826428},{"startTime":662.0,"endTime":663.0,"start":0.5,"end":0.5,"start2":0.49826428,"end2":0.497645},{"startTime":663.0,"endTime":664.0,"start":0.5,"end":0.5,"start2":0.497645,"end2":0.49693143},{"startTime":664.0,"endTime":665.0,"start":0.5,"end":0.5,"start2":0.49693143,"end2":0.49612358},{"startTime":665.0,"endTime":666.0,"start":0.5,"end":0.5,"start2":0.49612358,"end2":0.49521285},{"startTime":666.0,"endTime":667.0,"start":0.5,"end":0.5,"start2":0.49521285,"end2":0.49420357},{"startTime":667.0,"endTime":668.0,"start":0.5,"end":0.5,"start2":0.49420357,"end2":0.4931},{"startTime":668.0,"endTime":669.0,"start":0.5,"end":0.5,"start2":0.4931,"end2":0.49190214},{"startTime":669.0,"endTime":670.0,"start":0.5,"end":0.5,"start2":0.49190214,"end2":0.49061},{"startTime":670.0,"endTime":671.0,"start":0.5,"end":0.5,"start2":0.49061,"end2":0.48922357},{"startTime":671.0,"endTime":672.0,"start":0.5,"end":0.5,"start2":0.48922357,"end2":0.48774284},{"startTime":672.0,"endTime":673.0,"start":0.5,"end":0.5,"start2":0.48774284,"end2":0.48616785},{"startTime":673.0,"endTime":674.0,"start":0.5,"end":0.5,"start2":0.48616785,"end2":0.48449856},{"startTime":674.0,"endTime":675.0,"start":0.5,"end":0.5,"start2":0.48449856,"end2":0.48273072},{"startTime":675.0,"endTime":676.0,"start":0.5,"end":0.5,"start2":0.48273072,"end2":0.48086},{"startTime":676.0,"endTime":677.0,"start":0.5,"end":0.5,"start2":0.48086,"end2":0.478895},{"startTime":677.0,"endTime":678.0,"start":0.5,"end":0.5,"start2":0.478895,"end2":0.47683573},{"startTime":678.0,"endTime":679.0,"start":0.5,"end":0.5,"start2":0.47683573,"end2":0.47468215},{"startTime":679.0,"endTime":680.0,"start":0.5,"end":0.5,"start2":0.47468215,"end2":0.47243428},{"startTime":680.0,"endTime":681.0,"start":0.5,"end":0.5,"start2":0.47243428,"end2":0.47009215},{"startTime":681.0,"endTime":682.0,"start":0.5,"end":0.5,"start2":0.47009215,"end2":0.46765572},{"startTime":682.0,"endTime":683.0,"start":0.5,"end":0.5,"start2":0.46765572,"end2":0.465125},{"startTime":683.0,"endTime":684.0,"start":0.5,"end":0.5,"start2":0.465125,"end2":0.4625},{"startTime":684.0,"endTime":685.0,"start":0.5,"end":0.5,"start2":0.4625,"end2":0.45976785},{"startTime":685.0,"endTime":686.0,"start":0.5,"end":0.5,"start2":0.45976785,"end2":0.45694143},{"startTime":686.0,"endTime":687.0,"start":0.5,"end":0.5,"start2":0.45694143,"end2":0.4540207},{"startTime":687.0,"endTime":688.0,"start":0.5,"end":0.5,"start2":0.4540207,"end2":0.4510057},{"startTime":688.0,"endTime":689.0,"start":0.5,"end":0.5,"start2":0.4510057,"end2":0.44789642},{"startTime":689.0,"endTime":690.0,"start":0.5,"end":0.5,"start2":0.44789642,"end2":0.44469285},{"startTime":690.0,"endTime":691.0,"start":0.5,"end":0.5,"start2":0.44469285,"end2":0.44139498},{"startTime":691.0,"endTime":692.0,"start":0.5,"end":0.5,"start2":0.44139498,"end2":0.43800285},{"startTime":692.0,"endTime":693.0,"start":0.5,"end":0.5,"start2":0.43800285,"end2":0.43451643},{"startTime":693.0,"endTime":694.0,"start":0.5,"end":0.5,"start2":0.43451643,"end2":0.43092716},{"startTime":694.0,"endTime":695.0,"start":0.5,"end":0.5,"start2":0.43092716,"end2":0.42723927},{"startTime":695.0,"endTime":696.0,"start":0.5,"end":0.5,"start2":0.42723927,"end2":0.42345715},{"startTime":696.0,"endTime":697.0,"start":0.5,"end":0.5,"start2":0.42345715,"end2":0.4195807},{"startTime":697.0,"endTime":698.0,"start":0.5,"end":0.5,"start2":0.4195807,"end2":0.41561},{"startTime":698.0,"endTime":699.0,"start":0.5,"end":0.5,"start2":0.41561,"end2":0.411545},{"startTime":699.0,"endTime":700.0,"start":0.5,"end":0.5,"start2":0.411545,"end2":0.40738574},{"startTime":700.0,"endTime":701.0,"start":0.5,"end":0.5,"start2":0.40738574,"end2":0.40313214},{"startTime":701.0,"endTime":702.0,"start":0.5,"end":0.5,"start2":0.40313214,"end2":0.39878428},{"startTime":702.0,"endTime":703.0,"start":0.5,"end":0.5,"start2":0.39878428,"end2":0.39433786},{"startTime":703.0,"endTime":704.0,"start":0.5,"end":0.5,"start2":0.39433786,"end2":0.38978857},{"startTime":704.0,"endTime":705.0,"start":0.5,"end":0.5,"start2":0.38978857,"end2":0.385145},{"startTime":705.0,"endTime":706.0,"start":0.5,"end":0.5,"start2":0.385145,"end2":0.38040715},{"startTime":706.0,"endTime":707.0,"start":0.5,"end":0.5,"start2":0.38040715,"end2":0.375575},{"startTime":707.0,"endTime":708.0,"start":0.5,"end":0.5,"start2":0.375575,"end2":0.37064856},{"startTime":708.0,"endTime":709.0,"start":0.5,"end":0.5,"start2":0.37064856,"end2":0.36562786},{"startTime":709.0,"endTime":710.0,"start":0.5,"end":0.5,"start2":0.36562786,"end2":0.36051285},{"startTime":710.0,"endTime":711.0,"start":0.5,"end":0.5,"start2":0.36051285,"end2":0.35530356},{"startTime":711.0,"endTime":712.0,"start":0.5,"end":0.5,"start2":0.35530356,"end2":0.35},{"startTime":712.0,"endTime":713.0,"start":0.5,"end":0.5,"start2":0.35,"end2":0.3446964},{"startTime":713.0,"endTime":714.0,"start":0.5,"end":0.5,"start2":0.3446964,"end2":0.33948717},{"startTime":714.0,"endTime":715.0,"start":0.5,"end":0.5,"start2":0.33948717,"end2":0.33437213},{"startTime":715.0,"endTime":716.0,"start":0.5,"end":0.5,"start2":0.33437213,"end2":0.32935145},{"startTime":716.0,"endTime":717.0,"start":0.5,"end":0.5,"start2":0.32935145,"end2":0.32442498},{"startTime":717.0,"endTime":718.0,"start":0.5,"end":0.5,"start2":0.32442498,"end2":0.31959286},{"startTime":718.0,"endTime":719.0,"start":0.5,"end":0.5,"start2":0.31959286,"end2":0.314855},{"startTime":719.0,"endTime":720.0,"start":0.5,"end":0.5,"start2":0.314855,"end2":0.3102114},{"startTime":720.0,"endTime":721.0,"start":0.5,"end":0.5,"start2":0.3102114,"end2":0.30566216},{"startTime":721.0,"endTime":722.0,"start":0.5,"end":0.5,"start2":0.30566216,"end2":0.3012157},{"startTime":722.0,"endTime":723.0,"start":0.5,"end":0.5,"start2":0.3012157,"end2":0.29686788},{"startTime":723.0,"endTime":724.0,"start":0.5,"end":0.5,"start2":0.29686788,"end2":0.29261425},{"startTime":724.0,"endTime":725.0,"start":0.5,"end":0.5,"start2":0.29261425,"end2":0.288455},{"startTime":725.0,"endTime":726.0,"start":0.5,"end":0.5,"start2":0.288455,"end2":0.28439},{"startTime":726.0,"endTime":727.0,"start":0.5,"end":0.5,"start2":0.28439,"end2":0.2804193},{"startTime":727.0,"endTime":728.0,"start":0.5,"end":0.5,"start2":0.2804193,"end2":0.27654287},{"startTime":728.0,"endTime":729.0,"start":0.5,"end":0.5,"start2":0.27654287,"end2":0.27276072},{"startTime":729.0,"endTime":730.0,"start":0.5,"end":0.5,"start2":0.27276072,"end2":0.26907286},{"startTime":730.0,"endTime":731.0,"start":0.5,"end":0.5,"start2":0.26907286,"end2":0.2654836},{"startTime":731.0,"endTime":732.0,"start":0.5,"end":0.5,"start2":0.2654836,"end2":0.26199716},{"startTime":732.0,"endTime":733.0,"start":0.5,"end":0.5,"start2":0.26199716,"end2":0.258605},{"startTime":733.0,"endTime":734.0,"start":0.5,"end":0.5,"start2":0.258605,"end2":0.25530714},{"startTime":734.0,"endTime":735.0,"start":0.5,"end":0.5,"start2":0.25530714,"end2":0.25210357},{"startTime":735.0,"endTime":736.0,"start":0.5,"end":0.5,"start2":0.25210357,"end2":0.24899429},{"startTime":736.0,"endTime":737.0,"start":0.5,"end":0.5,"start2":0.24899429,"end2":0.24597931},{"startTime":737.0,"endTime":738.0,"start":0.5,"end":0.5,"start2":0.24597931,"end2":0.24305858},{"startTime":738.0,"endTime":739.0,"start":0.5,"end":0.5,"start2":0.24305858,"end2":0.24023215},{"startTime":739.0,"endTime":740.0,"start":0.5,"end":0.5,"start2":0.24023215,"end2":0.2375},{"startTime":740.0,"endTime":741.0,"start":0.5,"end":0.5,"start2":0.2375,"end2":0.234875},{"startTime":741.0,"endTime":742.0,"start":0.5,"end":0.5,"start2":0.234875,"end2":0.2323443},{"startTime":742.0,"endTime":743.0,"start":0.5,"end":0.5,"start2":0.2323443,"end2":0.22990786},{"startTime":743.0,"endTime":744.0,"start":0.5,"end":0.5,"start2":0.22990786,"end2":0.2275657},{"startTime":744.0,"endTime":745.0,"start":0.5,"end":0.5,"start2":0.2275657,"end2":0.22531785},{"startTime":745.0,"endTime":746.0,"start":0.5,"end":0.5,"start2":0.22531785,"end2":0.2231643},{"startTime":746.0,"endTime":747.0,"start":0.5,"end":0.5,"start2":0.2231643,"end2":0.221105},{"startTime":747.0,"endTime":748.0,"start":0.5,"end":0.5,"start2":0.221105,"end2":0.21914},{"startTime":748.0,"endTime":749.0,"start":0.5,"end":0.5,"start2":0.21914,"end2":0.2172693},{"startTime":749.0,"endTime":750.0,"start":0.5,"end":0.5,"start2":0.2172693,"end2":0.21550144},{"startTime":750.0,"endTime":751.0,"start":0.5,"end":0.5,"start2":0.21550144,"end2":0.21383215},{"startTime":751.0,"endTime":752.0,"start":0.5,"end":0.5,"start2":0.21383215,"end2":0.21225715},{"startTime":752.0,"endTime":753.0,"start":0.5,"end":0.5,"start2":0.21225715,"end2":0.21077643},{"startTime":753.0,"endTime":754.0,"start":0.5,"end":0.5,"start2":0.21077643,"end2":0.20939},{"startTime":754.0,"endTime":755.0,"start":0.5,"end":0.5,"start2":0.20939,"end2":0.20809786},{"startTime":755.0,"endTime":756.0,"start":0.5,"end":0.5,"start2":0.20809786,"end2":0.2069},{"startTime":756.0,"endTime":757.0,"start":0.5,"end":0.5,"start2":0.2069,"end2":0.20579642},{"startTime":757.0,"endTime":758.0,"start":0.5,"end":0.5,"start2":0.20579642,"end2":0.20478715},{"startTime":758.0,"endTime":759.0,"start":0.5,"end":0.5,"start2":0.20478715,"end2":0.20387642},{"startTime":759.0,"endTime":760.0,"start":0.5,"end":0.5,"start2":0.20387642,"end2":0.20306855},{"startTime":760.0,"endTime":761.0,"start":0.5,"end":0.5,"start2":0.20306855,"end2":0.202355},{"startTime":761.0,"endTime":762.0,"start":0.5,"end":0.5,"start2":0.202355,"end2":0.20173572},{"startTime":762.0,"endTime":763.0,"start":0.5,"end":0.5,"start2":0.20173572,"end2":0.20121072},{"startTime":763.0,"endTime":764.0,"start":0.5,"end":0.5,"start2":0.20121072,"end2":0.20078},{"startTime":764.0,"endTime":765.0,"start":0.5,"end":0.5,"start2":0.20078,"end2":0.20044357},{"startTime":765.0,"endTime":766.0,"start":0.5,"end":0.5,"start2":0.20044357,"end2":0.20020144},{"startTime":766.0,"endTime":767.0,"start":0.5,"end":0.5,"start2":0.20020144,"end2":0.20005357},{"startTime":767.0,"endTime":768.0,"start":0.5,"end":0.5,"start2":0.20005357,"end2":0.2},{"startTime":768.0,"endTime":2176.0,"start":0.5,"end":0.5,"start2":0.2,"end2":0.2},{"startTime":2176.0,"endTime":2177.0,"start":0.5,"end":0.5,"start2":0.2,"end2":0.2000675},{"startTime":2177.0,"endTime":2178.0,"start":0.5,"end":0.5,"start2":0.2000675,"end2":0.200265},{"startTime":2178.0,"endTime":2179.0,"start":0.5,"end":0.5,"start2":0.200265,"end2":0.2005925},{"startTime":2179.0,"endTime":2180.0,"start":0.5,"end":0.5,"start2":0.2005925,"end2":0.20105},{"startTime":2180.0,"endTime":2181.0,"start":0.5,"end":0.5,"start2":0.20105,"end2":0.2016375},{"startTime":2181.0,"endTime":2182.0,"start":0.5,"end":0.5,"start2":0.2016375,"end2":0.202355},{"startTime":2182.0,"endTime":2183.0,"start":0.5,"end":0.5,"start2":0.202355,"end2":0.2032025},{"startTime":2183.0,"endTime":2184.0,"start":0.5,"end":0.5,"start2":0.2032025,"end2":0.20418},{"startTime":2184.0,"endTime":2185.0,"start":0.5,"end":0.5,"start2":0.20418,"end2":0.2052875},{"startTime":2185.0,"endTime":2186.0,"start":0.5,"end":0.5,"start2":0.2052875,"end2":0.206525},{"startTime":2186.0,"endTime":2187.0,"start":0.5,"end":0.5,"start2":0.206525,"end2":0.2078925},{"startTime":2187.0,"endTime":2188.0,"start":0.5,"end":0.5,"start2":0.2078925,"end2":0.20939},{"startTime":2188.0,"endTime":2189.0,"start":0.5,"end":0.5,"start2":0.20939,"end2":0.2110175},{"startTime":2189.0,"endTime":2190.0,"start":0.5,"end":0.5,"start2":0.2110175,"end2":0.212775},{"startTime":2190.0,"endTime":2191.0,"start":0.5,"end":0.5,"start2":0.212775,"end2":0.2146625},{"startTime":2191.0,"endTime":2192.0,"start":0.5,"end":0.5,"start2":0.2146625,"end2":0.21668},{"startTime":2192.0,"endTime":2193.0,"start":0.5,"end":0.5,"start2":0.21668,"end2":0.2188275},{"startTime":2193.0,"endTime":2194.0,"start":0.5,"end":0.5,"start2":0.2188275,"end2":0.22110501},{"startTime":2194.0,"endTime":2195.0,"start":0.5,"end":0.5,"start2":0.22110501,"end2":0.2235125},{"startTime":2195.0,"endTime":2196.0,"start":0.5,"end":0.5,"start2":0.2235125,"end2":0.22605},{"startTime":2196.0,"endTime":2197.0,"start":0.5,"end":0.5,"start2":0.22605,"end2":0.2287175},{"startTime":2197.0,"endTime":2198.0,"start":0.5,"end":0.5,"start2":0.2287175,"end2":0.231515},{"startTime":2198.0,"endTime":2199.0,"start":0.5,"end":0.5,"start2":0.231515,"end2":0.2344425},{"startTime":2199.0,"endTime":2200.0,"start":0.5,"end":0.5,"start2":0.2344425,"end2":0.2375},{"startTime":2200.0,"endTime":2201.0,"start":0.5,"end":0.5,"start2":0.2375,"end2":0.2406925},{"startTime":2201.0,"endTime":2202.0,"start":0.5,"end":0.5,"start2":0.2406925,"end2":0.24401501},{"startTime":2202.0,"endTime":2203.0,"start":0.5,"end":0.5,"start2":0.24401501,"end2":0.2474675},{"startTime":2203.0,"endTime":2204.0,"start":0.5,"end":0.5,"start2":0.2474675,"end2":0.25105},{"startTime":2204.0,"endTime":2205.0,"start":0.5,"end":0.5,"start2":0.25105,"end2":0.2547625},{"startTime":2205.0,"endTime":2206.0,"start":0.5,"end":0.5,"start2":0.2547625,"end2":0.258605},{"startTime":2206.0,"endTime":2207.0,"start":0.5,"end":0.5,"start2":0.258605,"end2":0.2625775},{"startTime":2207.0,"endTime":2208.0,"start":0.5,"end":0.5,"start2":0.2625775,"end2":0.26668003},{"startTime":2208.0,"endTime":2209.0,"start":0.5,"end":0.5,"start2":0.26668003,"end2":0.2709125},{"startTime":2209.0,"endTime":2210.0,"start":0.5,"end":0.5,"start2":0.2709125,"end2":0.275275},{"startTime":2210.0,"endTime":2211.0,"start":0.5,"end":0.5,"start2":0.275275,"end2":0.2797675},{"startTime":2211.0,"endTime":2212.0,"start":0.5,"end":0.5,"start2":0.2797675,"end2":0.28439},{"startTime":2212.0,"endTime":2213.0,"start":0.5,"end":0.5,"start2":0.28439,"end2":0.2891425},{"startTime":2213.0,"endTime":2214.0,"start":0.5,"end":0.5,"start2":0.2891425,"end2":0.294025},{"startTime":2214.0,"endTime":2215.0,"start":0.5,"end":0.5,"start2":0.294025,"end2":0.29903752},{"startTime":2215.0,"endTime":2216.0,"start":0.5,"end":0.5,"start2":0.29903752,"end2":0.30418},{"startTime":2216.0,"endTime":2217.0,"start":0.5,"end":0.5,"start2":0.30418,"end2":0.3094525},{"startTime":2217.0,"endTime":2218.0,"start":0.5,"end":0.5,"start2":0.3094525,"end2":0.314855},{"startTime":2218.0,"endTime":2219.0,"start":0.5,"end":0.5,"start2":0.314855,"end2":0.32038748},{"startTime":2219.0,"endTime":2220.0,"start":0.5,"end":0.5,"start2":0.32038748,"end2":0.32605},{"startTime":2220.0,"endTime":2221.0,"start":0.5,"end":0.5,"start2":0.32605,"end2":0.3318425},{"startTime":2221.0,"endTime":2222.0,"start":0.5,"end":0.5,"start2":0.3318425,"end2":0.33776498},{"startTime":2222.0,"endTime":2223.0,"start":0.5,"end":0.5,"start2":0.33776498,"end2":0.34381753},{"startTime":2223.0,"endTime":2224.0,"start":0.5,"end":0.5,"start2":0.34381753,"end2":0.35},{"startTime":2224.0,"endTime":2225.0,"start":0.5,"end":0.5,"start2":0.35,"end2":0.3561825},{"startTime":2225.0,"endTime":2226.0,"start":0.5,"end":0.5,"start2":0.3561825,"end2":0.362235},{"startTime":2226.0,"endTime":2227.0,"start":0.5,"end":0.5,"start2":0.362235,"end2":0.3681575},{"startTime":2227.0,"endTime":2228.0,"start":0.5,"end":0.5,"start2":0.3681575,"end2":0.37395},{"startTime":2228.0,"endTime":2229.0,"start":0.5,"end":0.5,"start2":0.37395,"end2":0.3796125},{"startTime":2229.0,"endTime":2230.0,"start":0.5,"end":0.5,"start2":0.3796125,"end2":0.385145},{"startTime":2230.0,"endTime":2231.0,"start":0.5,"end":0.5,"start2":0.385145,"end2":0.3905475},{"startTime":2231.0,"endTime":2232.0,"start":0.5,"end":0.5,"start2":0.3905475,"end2":0.39582},{"startTime":2232.0,"endTime":2233.0,"start":0.5,"end":0.5,"start2":0.39582,"end2":0.4009625},{"startTime":2233.0,"endTime":2234.0,"start":0.5,"end":0.5,"start2":0.4009625,"end2":0.405975},{"startTime":2234.0,"endTime":2235.0,"start":0.5,"end":0.5,"start2":0.405975,"end2":0.4108575},{"startTime":2235.0,"endTime":2236.0,"start":0.5,"end":0.5,"start2":0.4108575,"end2":0.41561},{"startTime":2236.0,"endTime":2237.0,"start":0.5,"end":0.5,"start2":0.41561,"end2":0.4202325},{"startTime":2237.0,"endTime":2238.0,"start":0.5,"end":0.5,"start2":0.4202325,"end2":0.424725},{"startTime":2238.0,"endTime":2239.0,"start":0.5,"end":0.5,"start2":0.424725,"end2":0.42908752},{"startTime":2239.0,"endTime":2240.0,"start":0.5,"end":0.5,"start2":0.42908752,"end2":0.43332002},{"startTime":2240.0,"endTime":2241.0,"start":0.5,"end":0.5,"start2":0.43332002,"end2":0.43742248},{"startTime":2241.0,"endTime":2242.0,"start":0.5,"end":0.5,"start2":0.43742248,"end2":0.441395},{"startTime":2242.0,"endTime":2243.0,"start":0.5,"end":0.5,"start2":0.441395,"end2":0.44523752},{"startTime":2243.0,"endTime":2244.0,"start":0.5,"end":0.5,"start2":0.44523752,"end2":0.44895},{"startTime":2244.0,"endTime":2245.0,"start":0.5,"end":0.5,"start2":0.44895,"end2":0.45253247},{"startTime":2245.0,"endTime":2246.0,"start":0.5,"end":0.5,"start2":0.45253247,"end2":0.455985},{"startTime":2246.0,"endTime":2247.0,"start":0.5,"end":0.5,"start2":0.455985,"end2":0.45930746},{"startTime":2247.0,"endTime":2248.0,"start":0.5,"end":0.5,"start2":0.45930746,"end2":0.4625},{"startTime":2248.0,"endTime":2249.0,"start":0.5,"end":0.5,"start2":0.4625,"end2":0.46555752},{"startTime":2249.0,"endTime":2250.0,"start":0.5,"end":0.5,"start2":0.46555752,"end2":0.46848497},{"startTime":2250.0,"endTime":2251.0,"start":0.5,"end":0.5,"start2":0.46848497,"end2":0.4712825},{"startTime":2251.0,"endTime":2252.0,"start":0.5,"end":0.5,"start2":0.4712825,"end2":0.47395},{"startTime":2252.0,"endTime":2253.0,"start":0.5,"end":0.5,"start2":0.47395,"end2":0.47648746},{"startTime":2253.0,"endTime":2254.0,"start":0.5,"end":0.5,"start2":0.47648746,"end2":0.478895},{"startTime":2254.0,"endTime":2255.0,"start":0.5,"end":0.5,"start2":0.478895,"end2":0.4811725},{"startTime":2255.0,"endTime":2256.0,"start":0.5,"end":0.5,"start2":0.4811725,"end2":0.48332},{"startTime":2256.0,"endTime":2257.0,"start":0.5,"end":0.5,"start2":0.48332,"end2":0.4853375},{"startTime":2257.0,"endTime":2258.0,"start":0.5,"end":0.5,"start2":0.4853375,"end2":0.487225},{"startTime":2258.0,"endTime":2259.0,"start":0.5,"end":0.5,"start2":0.487225,"end2":0.4889825},{"startTime":2259.0,"endTime":2260.0,"start":0.5,"end":0.5,"start2":0.4889825,"end2":0.49061},{"startTime":2260.0,"endTime":2261.0,"start":0.5,"end":0.5,"start2":0.49061,"end2":0.4921075},{"startTime":2261.0,"endTime":2262.0,"start":0.5,"end":0.5,"start2":0.4921075,"end2":0.49347502},{"startTime":2262.0,"endTime":2263.0,"start":0.5,"end":0.5,"start2":0.49347502,"end2":0.4947125},{"startTime":2263.0,"endTime":2264.0,"start":0.5,"end":0.5,"start2":0.4947125,"end2":0.49582002},{"startTime":2264.0,"endTime":2265.0,"start":0.5,"end":0.5,"start2":0.49582002,"end2":0.4967975},{"startTime":2265.0,"endTime":2266.0,"start":0.5,"end":0.5,"start2":0.4967975,"end2":0.497645},{"startTime":2266.0,"endTime":2267.0,"start":0.5,"end":0.5,"start2":0.497645,"end2":0.4983625},{"startTime":2267.0,"endTime":2268.0,"start":0.5,"end":0.5,"start2":0.4983625,"end2":0.49895},{"startTime":2268.0,"endTime":2269.0,"start":0.5,"end":0.5,"start2":0.49895,"end2":0.4994075},{"startTime":2269.0,"endTime":2270.0,"start":0.5,"end":0.5,"start2":0.4994075,"end2":0.499735},{"startTime":2270.0,"endTime":2271.0,"start":0.5,"end":0.5,"start2":0.499735,"end2":0.4999325},{"startTime":2271.0,"endTime":2272.0,"start":0.5,"end":0.5,"start2":0.4999325,"end2":0.5},{"startTime":2272.0,"endTime":2273.0,"start":0.5,"end":0.5,"start2":0.5,"end2":0.4909181},{"startTime":2273.0,"endTime":2274.0,"start":0.5,"end":0.5,"start2":0.4909181,"end2":0.4824027},{"startTime":2274.0,"endTime":2275.0,"start":0.5,"end":0.5,"start2":0.4824027,"end2":0.4744357},{"startTime":2275.0,"endTime":2276.0,"start":0.5,"end":0.5,"start2":0.4744357,"end2":0.46699876},{"startTime":2276.0,"endTime":2277.0,"start":0.5,"end":0.5,"start2":0.46699876,"end2":0.46007368},{"startTime":2277.0,"endTime":2278.0,"start":0.5,"end":0.5,"start2":0.46007368,"end2":0.45364228},{"startTime":2278.0,"endTime":2279.0,"start":0.5,"end":0.5,"start2":0.45364228,"end2":0.44768628},{"startTime":2279.0,"endTime":2280.0,"start":0.5,"end":0.5,"start2":0.44768628,"end2":0.44218752},{"startTime":2280.0,"endTime":2281.0,"start":0.5,"end":0.5,"start2":0.44218752,"end2":0.4371331},{"startTime":2281.0,"endTime":2282.0,"start":0.5,"end":0.5,"start2":0.4371331,"end2":0.432499},{"startTime":2282.0,"endTime":2283.0,"start":0.5,"end":0.5,"start2":0.432499,"end2":0.42826694},{"startTime":2283.0,"endTime":2284.0,"start":0.5,"end":0.5,"start2":0.42826694,"end2":0.42441875},{"startTime":2284.0,"endTime":2285.0,"start":0.5,"end":0.5,"start2":0.42441875,"end2":0.4209362},{"startTime":2285.0,"endTime":2286.0,"start":0.5,"end":0.5,"start2":0.4209362,"end2":0.41780102},{"startTime":2286.0,"endTime":2287.0,"start":0.5,"end":0.5,"start2":0.41780102,"end2":0.41499504},{"startTime":2287.0,"endTime":2288.0,"start":0.5,"end":0.5,"start2":0.41499504,"end2":0.4125},{"startTime":2288.0,"endTime":2289.0,"start":0.5,"end":0.5,"start2":0.4125,"end2":0.4103012},{"startTime":2289.0,"endTime":2290.0,"start":0.5,"end":0.5,"start2":0.4103012,"end2":0.4083765},{"startTime":2290.0,"endTime":2291.0,"start":0.5,"end":0.5,"start2":0.4083765,"end2":0.40670756},{"startTime":2291.0,"endTime":2292.0,"start":0.5,"end":0.5,"start2":0.40670756,"end2":0.40527627},{"startTime":2292.0,"endTime":2293.0,"start":0.5,"end":0.5,"start2":0.40527627,"end2":0.40406433},{"startTime":2293.0,"endTime":2294.0,"start":0.5,"end":0.5,"start2":0.40406433,"end2":0.40305352},{"startTime":2294.0,"endTime":2295.0,"start":0.5,"end":0.5,"start2":0.40305352,"end2":0.40222567},{"startTime":2295.0,"endTime":2296.0,"start":0.5,"end":0.5,"start2":0.40222567,"end2":0.4015625},{"startTime":2296.0,"endTime":2297.0,"start":0.5,"end":0.5,"start2":0.4015625,"end2":0.40104747},{"startTime":2297.0,"endTime":2298.0,"start":0.5,"end":0.5,"start2":0.40104747,"end2":0.40066025},{"startTime":2298.0,"endTime":2299.0,"start":0.5,"end":0.5,"start2":0.40066025,"end2":0.40038258},{"startTime":2299.0,"endTime":2300.0,"start":0.5,"end":0.5,"start2":0.40038258,"end2":0.40019625},{"startTime":2300.0,"endTime":2301.0,"start":0.5,"end":0.5,"start2":0.40019625,"end2":0.40008307},{"startTime":2301.0,"endTime":2302.0,"start":0.5,"end":0.5,"start2":0.40008307,"end2":0.40002477},{"startTime":2302.0,"endTime":2303.0,"start":0.5,"end":0.5,"start2":0.40002477,"end2":0.40000317},{"startTime":2303.0,"endTime":2304.0,"start":0.5,"end":0.5,"start2":0.40000317,"end2":0.4},{"startTime":2304.0,"endTime":2336.0,"start":0.5,"end":0.5,"start2":0.4,"end2":0.4},{"startTime":2336.0,"endTime":2337.0,"start":0.5,"end":0.5,"start2":0.4,"end2":0.3909181},{"startTime":2337.0,"endTime":2338.0,"start":0.5,"end":0.5,"start2":0.3909181,"end2":0.38240272},{"startTime":2338.0,"endTime":2339.0,"start":0.5,"end":0.5,"start2":0.38240272,"end2":0.3744357},{"startTime":2339.0,"endTime":2340.0,"start":0.5,"end":0.5,"start2":0.3744357,"end2":0.36699876},{"startTime":2340.0,"endTime":2341.0,"start":0.5,"end":0.5,"start2":0.36699876,"end2":0.3600737},{"startTime":2341.0,"endTime":2342.0,"start":0.5,"end":0.5,"start2":0.3600737,"end2":0.35364228},{"startTime":2342.0,"endTime":2343.0,"start":0.5,"end":0.5,"start2":0.35364228,"end2":0.3476863},{"startTime":2343.0,"endTime":2344.0,"start":0.5,"end":0.5,"start2":0.3476863,"end2":0.34218752},{"startTime":2344.0,"endTime":2345.0,"start":0.5,"end":0.5,"start2":0.34218752,"end2":0.3371331},{"startTime":2345.0,"endTime":2346.0,"start":0.5,"end":0.5,"start2":0.3371331,"end2":0.332499},{"startTime":2346.0,"endTime":2347.0,"start":0.5,"end":0.5,"start2":0.332499,"end2":0.32826695},{"startTime":2347.0,"endTime":2348.0,"start":0.5,"end":0.5,"start2":0.32826695,"end2":0.32441875},{"startTime":2348.0,"endTime":2349.0,"start":0.5,"end":0.5,"start2":0.32441875,"end2":0.3209362},{"startTime":2349.0,"endTime":2350.0,"start":0.5,"end":0.5,"start2":0.3209362,"end2":0.31780103},{"startTime":2350.0,"endTime":2351.0,"start":0.5,"end":0.5,"start2":0.31780103,"end2":0.31499505},{"startTime":2351.0,"endTime":2352.0,"start":0.5,"end":0.5,"start2":0.31499505,"end2":0.3125},{"startTime":2352.0,"endTime":2353.0,"start":0.5,"end":0.5,"start2":0.3125,"end2":0.3103012},{"startTime":2353.0,"endTime":2354.0,"start":0.5,"end":0.5,"start2":0.3103012,"end2":0.3083765},{"startTime":2354.0,"endTime":2355.0,"start":0.5,"end":0.5,"start2":0.3083765,"end2":0.30670756},{"startTime":2355.0,"endTime":2356.0,"start":0.5,"end":0.5,"start2":0.30670756,"end2":0.30527627},{"startTime":2356.0,"endTime":2357.0,"start":0.5,"end":0.5,"start2":0.30527627,"end2":0.30406433},{"startTime":2357.0,"endTime":2358.0,"start":0.5,"end":0.5,"start2":0.30406433,"end2":0.30305353},{"startTime":2358.0,"endTime":2359.0,"start":0.5,"end":0.5,"start2":0.30305353,"end2":0.30222568},{"startTime":2359.0,"endTime":2360.0,"start":0.5,"end":0.5,"start2":0.30222568,"end2":0.30156252},{"startTime":2360.0,"endTime":2361.0,"start":0.5,"end":0.5,"start2":0.30156252,"end2":0.30104747},{"startTime":2361.0,"endTime":2362.0,"start":0.5,"end":0.5,"start2":0.30104747,"end2":0.30066025},{"startTime":2362.0,"endTime":2363.0,"start":0.5,"end":0.5,"start2":0.30066025,"end2":0.30038258},{"startTime":2363.0,"endTime":2364.0,"start":0.5,"end":0.5,"start2":0.30038258,"end2":0.30019626},{"startTime":2364.0,"endTime":2365.0,"start":0.5,"end":0.5,"start2":0.30019626,"end2":0.30008307},{"startTime":2365.0,"endTime":2366.0,"start":0.5,"end":0.5,"start2":0.30008307,"end2":0.30002478},{"startTime":2366.0,"endTime":2367.0,"start":0.5,"end":0.5,"start2":0.30002478,"end2":0.30000317},{"startTime":2367.0,"endTime":2368.0,"start":0.5,"end":0.5,"start2":0.30000317,"end2":0.3},{"startTime":2368.0,"endTime":2400.0,"start":0.5,"end":0.5,"start2":0.3,"end2":0.3},{"startTime":2400.0,"endTime":2401.0,"start":0.5,"end":0.5,"start2":0.3,"end2":0.2909181},{"startTime":2401.0,"endTime":2402.0,"start":0.5,"end":0.5,"start2":0.2909181,"end2":0.28240272},{"startTime":2402.0,"endTime":2403.0,"start":0.5,"end":0.5,"start2":0.28240272,"end2":0.2744357},{"startTime":2403.0,"endTime":2404.0,"start":0.5,"end":0.5,"start2":0.2744357,"end2":0.26699877},{"startTime":2404.0,"endTime":2405.0,"start":0.5,"end":0.5,"start2":0.26699877,"end2":0.2600737},{"startTime":2405.0,"endTime":2406.0,"start":0.5,"end":0.5,"start2":0.2600737,"end2":0.2536423},{"startTime":2406.0,"endTime":2407.0,"start":0.5,"end":0.5,"start2":0.2536423,"end2":0.24768628},{"startTime":2407.0,"endTime":2408.0,"start":0.5,"end":0.5,"start2":0.24768628,"end2":0.2421875},{"startTime":2408.0,"endTime":2409.0,"start":0.5,"end":0.5,"start2":0.2421875,"end2":0.2371331},{"startTime":2409.0,"endTime":2410.0,"start":0.5,"end":0.5,"start2":0.2371331,"end2":0.23249897},{"startTime":2410.0,"endTime":2411.0,"start":0.5,"end":0.5,"start2":0.23249897,"end2":0.22826694},{"startTime":2411.0,"endTime":2412.0,"start":0.5,"end":0.5,"start2":0.22826694,"end2":0.22441876},{"startTime":2412.0,"endTime":2413.0,"start":0.5,"end":0.5,"start2":0.22441876,"end2":0.2209362},{"startTime":2413.0,"endTime":2414.0,"start":0.5,"end":0.5,"start2":0.2209362,"end2":0.21780103},{"startTime":2414.0,"endTime":2415.0,"start":0.5,"end":0.5,"start2":0.21780103,"end2":0.21499504},{"startTime":2415.0,"endTime":2416.0,"start":0.5,"end":0.5,"start2":0.21499504,"end2":0.2125},{"startTime":2416.0,"endTime":2417.0,"start":0.5,"end":0.5,"start2":0.2125,"end2":0.21030122},{"startTime":2417.0,"endTime":2418.0,"start":0.5,"end":0.5,"start2":0.21030122,"end2":0.20837648},{"startTime":2418.0,"endTime":2419.0,"start":0.5,"end":0.5,"start2":0.20837648,"end2":0.20670757},{"startTime":2419.0,"endTime":2420.0,"start":0.5,"end":0.5,"start2":0.20670757,"end2":0.20527625},{"startTime":2420.0,"endTime":2421.0,"start":0.5,"end":0.5,"start2":0.20527625,"end2":0.20406432},{"startTime":2421.0,"endTime":2422.0,"start":0.5,"end":0.5,"start2":0.20406432,"end2":0.20305352},{"startTime":2422.0,"endTime":2423.0,"start":0.5,"end":0.5,"start2":0.20305352,"end2":0.20222567},{"startTime":2423.0,"endTime":2424.0,"start":0.5,"end":0.5,"start2":0.20222567,"end2":0.20156251},{"startTime":2424.0,"endTime":2425.0,"start":0.5,"end":0.5,"start2":0.20156251,"end2":0.20104747},{"startTime":2425.0,"endTime":2426.0,"start":0.5,"end":0.5,"start2":0.20104747,"end2":0.20066023},{"startTime":2426.0,"endTime":2427.0,"start":0.5,"end":0.5,"start2":0.20066023,"end2":0.20038256},{"startTime":2427.0,"endTime":2428.0,"start":0.5,"end":0.5,"start2":0.20038256,"end2":0.20019625},{"startTime":2428.0,"endTime":2429.0,"start":0.5,"end":0.5,"start2":0.20019625,"end2":0.20008306},{"startTime":2429.0,"endTime":2430.0,"start":0.5,"end":0.5,"start2":0.20008306,"end2":0.20002478},{"startTime":2430.0,"endTime":2431.0,"start":0.5,"end":0.5,"start2":0.20002478,"end2":0.20000316},{"startTime":2431.0,"endTime":2432.0,"start":0.5,"end":0.5,"start2":0.20000316,"end2":0.2},{"startTime":2432.0,"endTime":2464.0,"start":0.5,"end":0.5,"start2":0.2,"end2":0.2},{"startTime":2464.0,"endTime":2465.0,"start":0.5,"end":0.5,"start2":0.2,"end2":0.19091809},{"startTime":2465.0,"endTime":2466.0,"start":0.5,"end":0.5,"start2":0.19091809,"end2":0.18240273},{"startTime":2466.0,"endTime":2467.0,"start":0.5,"end":0.5,"start2":0.18240273,"end2":0.17443569},{"startTime":2467.0,"endTime":2468.0,"start":0.5,"end":0.5,"start2":0.17443569,"end2":0.16699876},{"startTime":2468.0,"endTime":2469.0,"start":0.5,"end":0.5,"start2":0.16699876,"end2":0.16007368},{"startTime":2469.0,"endTime":2470.0,"start":0.5,"end":0.5,"start2":0.16007368,"end2":0.15364228},{"startTime":2470.0,"endTime":2471.0,"start":0.5,"end":0.5,"start2":0.15364228,"end2":0.14768629},{"startTime":2471.0,"endTime":2472.0,"start":0.5,"end":0.5,"start2":0.14768629,"end2":0.1421875},{"startTime":2472.0,"endTime":2473.0,"start":0.5,"end":0.5,"start2":0.1421875,"end2":0.13713309},{"startTime":2473.0,"endTime":2474.0,"start":0.5,"end":0.5,"start2":0.13713309,"end2":0.13249898},{"startTime":2474.0,"endTime":2475.0,"start":0.5,"end":0.5,"start2":0.13249898,"end2":0.12826695},{"startTime":2475.0,"endTime":2476.0,"start":0.5,"end":0.5,"start2":0.12826695,"end2":0.12441875},{"startTime":2476.0,"endTime":2477.0,"start":0.5,"end":0.5,"start2":0.12441875,"end2":0.12093619},{"startTime":2477.0,"endTime":2478.0,"start":0.5,"end":0.5,"start2":0.12093619,"end2":0.11780103},{"startTime":2478.0,"endTime":2479.0,"start":0.5,"end":0.5,"start2":0.11780103,"end2":0.11499503},{"startTime":2479.0,"endTime":2480.0,"start":0.5,"end":0.5,"start2":0.11499503,"end2":0.112500004},{"startTime":2480.0,"endTime":2481.0,"start":0.5,"end":0.5,"start2":0.112500004,"end2":0.11030122},{"startTime":2481.0,"endTime":2482.0,"start":0.5,"end":0.5,"start2":0.11030122,"end2":0.10837647},{"startTime":2482.0,"endTime":2483.0,"start":0.5,"end":0.5,"start2":0.10837647,"end2":0.106707565},{"startTime":2483.0,"endTime":2484.0,"start":0.5,"end":0.5,"start2":0.106707565,"end2":0.10527625},{"startTime":2484.0,"endTime":2485.0,"start":0.5,"end":0.5,"start2":0.10527625,"end2":0.104064316},{"startTime":2485.0,"endTime":2486.0,"start":0.5,"end":0.5,"start2":0.104064316,"end2":0.103053525},{"startTime":2486.0,"endTime":2487.0,"start":0.5,"end":0.5,"start2":0.103053525,"end2":0.10222566},{"startTime":2487.0,"endTime":2488.0,"start":0.5,"end":0.5,"start2":0.10222566,"end2":0.1015625},{"startTime":2488.0,"endTime":2489.0,"start":0.5,"end":0.5,"start2":0.1015625,"end2":0.10104746},{"startTime":2489.0,"endTime":2490.0,"start":0.5,"end":0.5,"start2":0.10104746,"end2":0.10066023},{"startTime":2490.0,"endTime":2491.0,"start":0.5,"end":0.5,"start2":0.10066023,"end2":0.10038256},{"startTime":2491.0,"endTime":2492.0,"start":0.5,"end":0.5,"start2":0.10038256,"end2":0.10019626},{"startTime":2492.0,"endTime":2493.0,"start":0.5,"end":0.5,"start2":0.10019626,"end2":0.10008307},{"startTime":2493.0,"endTime":2494.0,"start":0.5,"end":0.5,"start2":0.10008307,"end2":0.10002478},{"startTime":2494.0,"endTime":2495.0,"start":0.5,"end":0.5,"start2":0.10002478,"end2":0.10000317},{"startTime":2495.0,"endTime":2496.0,"start":0.5,"end":0.5,"start2":0.10000317,"end2":0.1},{"startTime":2496.0,"endTime":2560.0,"start":0.5,"end":0.5,"start2":0.1,"end2":0.1},{"startTime":2560.0,"endTime":2564.0,"start":0.5,"end":0.5,"start2":0.1,"end2":0.1003389},{"startTime":2564.0,"endTime":2568.0,"start":0.5,"end":0.5,"start2":0.1003389,"end2":0.101342805},{"startTime":2568.0,"endTime":2572.0,"start":0.5,"end":0.5,"start2":0.101342805,"end2":0.10301171},{"startTime":2572.0,"endTime":2576.0,"start":0.5,"end":0.5,"start2":0.10301171,"end2":0.10534562},{"startTime":2576.0,"endTime":2580.0,"start":0.5,"end":0.5,"start2":0.10534562,"end2":0.10834454},{"startTime":2580.0,"endTime":2584.0,"start":0.5,"end":0.5,"start2":0.10834454,"end2":0.11200847},{"startTime":2584.0,"endTime":2588.0,"start":0.5,"end":0.5,"start2":0.11200847,"end2":0.1163374},{"startTime":2588.0,"endTime":2592.0,"start":0.5,"end":0.5,"start2":0.1163374,"end2":0.12133134},{"startTime":2592.0,"endTime":2596.0,"start":0.5,"end":0.5,"start2":0.12133134,"end2":0.12699029},{"startTime":2596.0,"endTime":2600.0,"start":0.5,"end":0.5,"start2":0.12699029,"end2":0.13331422},{"startTime":2600.0,"endTime":2604.0,"start":0.5,"end":0.5,"start2":0.13331422,"end2":0.1403032},{"startTime":2604.0,"endTime":2608.0,"start":0.5,"end":0.5,"start2":0.1403032,"end2":0.14795715},{"startTime":2608.0,"endTime":2612.0,"start":0.5,"end":0.5,"start2":0.14795715,"end2":0.1562889},{"startTime":2612.0,"endTime":2616.0,"start":0.5,"end":0.5,"start2":0.1562889,"end2":0.16528565},{"startTime":2616.0,"endTime":2620.0,"start":0.5,"end":0.5,"start2":0.16528565,"end2":0.17494743},{"startTime":2620.0,"endTime":2624.0,"start":0.5,"end":0.5,"start2":0.17494743,"end2":0.18527421},{"startTime":2624.0,"endTime":2628.0,"start":0.5,"end":0.5,"start2":0.18527421,"end2":0.19626597},{"startTime":2628.0,"endTime":2632.0,"start":0.5,"end":0.5,"start2":0.19626597,"end2":0.20792276},{"startTime":2632.0,"endTime":2636.0,"start":0.5,"end":0.5,"start2":0.20792276,"end2":0.22024457},{"startTime":2636.0,"endTime":2640.0,"start":0.5,"end":0.5,"start2":0.22024457,"end2":0.23323132},{"startTime":2640.0,"endTime":2644.0,"start":0.5,"end":0.5,"start2":0.23323132,"end2":0.24688314},{"startTime":2644.0,"endTime":2648.0,"start":0.5,"end":0.5,"start2":0.24688314,"end2":0.26119998},{"startTime":2648.0,"endTime":2652.0,"start":0.5,"end":0.5,"start2":0.26119998,"end2":0.27618176},{"startTime":2652.0,"endTime":2660.0,"start":0.5,"end":0.5,"start2":0.27618176,"end2":0.3074754},{"startTime":2660.0,"endTime":2664.0,"start":0.5,"end":0.5,"start2":0.3074754,"end2":0.3224572},{"startTime":2664.0,"endTime":2668.0,"start":0.5,"end":0.5,"start2":0.3224572,"end2":0.33677402},{"startTime":2668.0,"endTime":2672.0,"start":0.5,"end":0.5,"start2":0.33677402,"end2":0.3504258},{"startTime":2672.0,"endTime":2676.0,"start":0.5,"end":0.5,"start2":0.3504258,"end2":0.36341262},{"startTime":2676.0,"endTime":2680.0,"start":0.5,"end":0.5,"start2":0.36341262,"end2":0.3757344},{"startTime":2680.0,"endTime":2684.0,"start":0.5,"end":0.5,"start2":0.3757344,"end2":0.38739115},{"startTime":2684.0,"endTime":2688.0,"start":0.5,"end":0.5,"start2":0.38739115,"end2":0.39838296},{"startTime":2688.0,"endTime":2692.0,"start":0.5,"end":0.5,"start2":0.39838296,"end2":0.40870973},{"startTime":2692.0,"endTime":2696.0,"start":0.5,"end":0.5,"start2":0.40870973,"end2":0.41837147},{"startTime":2696.0,"endTime":2700.0,"start":0.5,"end":0.5,"start2":0.41837147,"end2":0.42736828},{"startTime":2700.0,"endTime":2704.0,"start":0.5,"end":0.5,"start2":0.42736828,"end2":0.4357},{"startTime":2704.0,"endTime":2708.0,"start":0.5,"end":0.5,"start2":0.4357,"end2":0.44335392},{"startTime":2708.0,"endTime":2712.0,"start":0.5,"end":0.5,"start2":0.44335392,"end2":0.45034292},{"startTime":2712.0,"endTime":2716.0,"start":0.5,"end":0.5,"start2":0.45034292,"end2":0.4566669},{"startTime":2716.0,"endTime":2720.0,"start":0.5,"end":0.5,"start2":0.4566669,"end2":0.46232578},{"startTime":2720.0,"endTime":2724.0,"start":0.5,"end":0.5,"start2":0.46232578,"end2":0.46731976},{"startTime":2724.0,"endTime":2728.0,"start":0.5,"end":0.5,"start2":0.46731976,"end2":0.4716487},{"startTime":2728.0,"endTime":2732.0,"start":0.5,"end":0.5,"start2":0.4716487,"end2":0.47531262},{"startTime":2732.0,"endTime":2736.0,"start":0.5,"end":0.5,"start2":0.47531262,"end2":0.47831154},{"startTime":2736.0,"endTime":2740.0,"start":0.5,"end":0.5,"start2":0.47831154,"end2":0.48064545},{"startTime":2740.0,"endTime":2744.0,"start":0.5,"end":0.5,"start2":0.48064545,"end2":0.48231435},{"startTime":2744.0,"endTime":2748.0,"start":0.5,"end":0.5,"start2":0.48231435,"end2":0.48331824},{"startTime":2748.0,"endTime":2752.0,"start":0.5,"end":0.5,"start2":0.48331824,"end2":0.48365715},{"startTime":2752.0,"endTime":2753.0,"start":0.5,"end":0.5,"start2":0.48365715,"end2":0.48361218},{"startTime":2753.0,"endTime":2754.0,"start":0.5,"end":0.5,"start2":0.48361218,"end2":0.48349193},{"startTime":2754.0,"endTime":2755.0,"start":0.5,"end":0.5,"start2":0.48349193,"end2":0.48328593},{"startTime":2755.0,"endTime":2756.0,"start":0.5,"end":0.5,"start2":0.48328593,"end2":0.48300046},{"startTime":2756.0,"endTime":2757.0,"start":0.5,"end":0.5,"start2":0.48300046,"end2":0.4826334},{"startTime":2757.0,"endTime":2758.0,"start":0.5,"end":0.5,"start2":0.4826334,"end2":0.48218268},{"startTime":2758.0,"endTime":2759.0,"start":0.5,"end":0.5,"start2":0.48218268,"end2":0.4816546},{"startTime":2759.0,"endTime":2760.0,"start":0.5,"end":0.5,"start2":0.4816546,"end2":0.4810387},{"startTime":2760.0,"endTime":2761.0,"start":0.5,"end":0.5,"start2":0.4810387,"end2":0.48034745},{"startTime":2761.0,"endTime":2762.0,"start":0.5,"end":0.5,"start2":0.48034745,"end2":0.47956842},{"startTime":2762.0,"endTime":2763.0,"start":0.5,"end":0.5,"start2":0.47956842,"end2":0.47871196},{"startTime":2763.0,"endTime":2764.0,"start":0.5,"end":0.5,"start2":0.47871196,"end2":0.47777188},{"startTime":2764.0,"endTime":2765.0,"start":0.5,"end":0.5,"start2":0.47777188,"end2":0.4767502},{"startTime":2765.0,"endTime":2766.0,"start":0.5,"end":0.5,"start2":0.4767502,"end2":0.47564906},{"startTime":2766.0,"endTime":2767.0,"start":0.5,"end":0.5,"start2":0.47564906,"end2":0.47446218},{"startTime":2767.0,"endTime":2768.0,"start":0.5,"end":0.5,"start2":0.47446218,"end2":0.47320002},{"startTime":2768.0,"endTime":2769.0,"start":0.5,"end":0.5,"start2":0.47320002,"end2":0.4718479},{"startTime":2769.0,"endTime":2770.0,"start":0.5,"end":0.5,"start2":0.4718479,"end2":0.4704205},{"startTime":2770.0,"endTime":2771.0,"start":0.5,"end":0.5,"start2":0.4704205,"end2":0.46890736},{"startTime":2771.0,"endTime":2772.0,"start":0.5,"end":0.5,"start2":0.46890736,"end2":0.46731472},{"startTime":2772.0,"endTime":2773.0,"start":0.5,"end":0.5,"start2":0.46731472,"end2":0.46564054},{"startTime":2773.0,"endTime":2774.0,"start":0.5,"end":0.5,"start2":0.46564054,"end2":0.46388268},{"startTime":2774.0,"endTime":2775.0,"start":0.5,"end":0.5,"start2":0.46388268,"end2":0.46204746},{"startTime":2775.0,"endTime":2776.0,"start":0.5,"end":0.5,"start2":0.46204746,"end2":0.4601244},{"startTime":2776.0,"endTime":2777.0,"start":0.5,"end":0.5,"start2":0.4601244,"end2":0.45812604},{"startTime":2777.0,"endTime":2778.0,"start":0.5,"end":0.5,"start2":0.45812604,"end2":0.45603985},{"startTime":2778.0,"endTime":2779.0,"start":0.5,"end":0.5,"start2":0.45603985,"end2":0.45387626},{"startTime":2779.0,"endTime":2780.0,"start":0.5,"end":0.5,"start2":0.45387626,"end2":0.451629},{"startTime":2780.0,"endTime":2781.0,"start":0.5,"end":0.5,"start2":0.451629,"end2":0.4493002},{"startTime":2781.0,"endTime":2782.0,"start":0.5,"end":0.5,"start2":0.4493002,"end2":0.44689193},{"startTime":2782.0,"endTime":2783.0,"start":0.5,"end":0.5,"start2":0.44689193,"end2":0.4443979},{"startTime":2783.0,"endTime":2785.0,"start":0.5,"end":0.5,"start2":0.4443979,"end2":0.43925926},{"startTime":2785.0,"endTime":2786.0,"start":0.5,"end":0.5,"start2":0.43925926,"end2":0.43676522},{"startTime":2786.0,"endTime":2787.0,"start":0.5,"end":0.5,"start2":0.43676522,"end2":0.43435696},{"startTime":2787.0,"endTime":2788.0,"start":0.5,"end":0.5,"start2":0.43435696,"end2":0.43202814},{"startTime":2788.0,"endTime":2789.0,"start":0.5,"end":0.5,"start2":0.43202814,"end2":0.4297809},{"startTime":2789.0,"endTime":2790.0,"start":0.5,"end":0.5,"start2":0.4297809,"end2":0.4276173},{"startTime":2790.0,"endTime":2791.0,"start":0.5,"end":0.5,"start2":0.4276173,"end2":0.42553112},{"startTime":2791.0,"endTime":2792.0,"start":0.5,"end":0.5,"start2":0.42553112,"end2":0.42353275},{"startTime":2792.0,"endTime":2793.0,"start":0.5,"end":0.5,"start2":0.42353275,"end2":0.4216097},{"startTime":2793.0,"endTime":2794.0,"start":0.5,"end":0.5,"start2":0.4216097,"end2":0.41977447},{"startTime":2794.0,"endTime":2795.0,"start":0.5,"end":0.5,"start2":0.41977447,"end2":0.4180166},{"startTime":2795.0,"endTime":2796.0,"start":0.5,"end":0.5,"start2":0.4180166,"end2":0.41634244},{"startTime":2796.0,"endTime":2797.0,"start":0.5,"end":0.5,"start2":0.41634244,"end2":0.4147498},{"startTime":2797.0,"endTime":2798.0,"start":0.5,"end":0.5,"start2":0.4147498,"end2":0.41323668},{"startTime":2798.0,"endTime":2799.0,"start":0.5,"end":0.5,"start2":0.41323668,"end2":0.41180927},{"startTime":2799.0,"endTime":2800.0,"start":0.5,"end":0.5,"start2":0.41180927,"end2":0.41045713},{"startTime":2800.0,"endTime":2801.0,"start":0.5,"end":0.5,"start2":0.41045713,"end2":0.40919498},{"startTime":2801.0,"endTime":2802.0,"start":0.5,"end":0.5,"start2":0.40919498,"end2":0.40800807},{"startTime":2802.0,"endTime":2803.0,"start":0.5,"end":0.5,"start2":0.40800807,"end2":0.40690696},{"startTime":2803.0,"endTime":2804.0,"start":0.5,"end":0.5,"start2":0.40690696,"end2":0.40588528},{"startTime":2804.0,"endTime":2805.0,"start":0.5,"end":0.5,"start2":0.40588528,"end2":0.4049452},{"startTime":2805.0,"endTime":2806.0,"start":0.5,"end":0.5,"start2":0.4049452,"end2":0.40408877},{"startTime":2806.0,"endTime":2807.0,"start":0.5,"end":0.5,"start2":0.40408877,"end2":0.4033097},{"startTime":2807.0,"endTime":2808.0,"start":0.5,"end":0.5,"start2":0.4033097,"end2":0.40261847},{"startTime":2808.0,"endTime":2809.0,"start":0.5,"end":0.5,"start2":0.40261847,"end2":0.40200254},{"startTime":2809.0,"endTime":2810.0,"start":0.5,"end":0.5,"start2":0.40200254,"end2":0.40147448},{"startTime":2810.0,"endTime":2811.0,"start":0.5,"end":0.5,"start2":0.40147448,"end2":0.40102375},{"startTime":2811.0,"endTime":2812.0,"start":0.5,"end":0.5,"start2":0.40102375,"end2":0.4006567},{"startTime":2812.0,"endTime":2813.0,"start":0.5,"end":0.5,"start2":0.4006567,"end2":0.40037122},{"startTime":2813.0,"endTime":2814.0,"start":0.5,"end":0.5,"start2":0.40037122,"end2":0.40016523},{"startTime":2814.0,"endTime":2815.0,"start":0.5,"end":0.5,"start2":0.40016523,"end2":0.40004498},{"startTime":2815.0,"endTime":2816.0,"start":0.5,"end":0.5,"start2":0.40004498,"end2":0.4},{"startTime":2816.0,"endTime":2848.0,"start":0.5,"end":0.5,"start2":0.4,"end2":0.4},{"startTime":2848.0,"endTime":2849.0,"start":0.5,"end":0.5,"start2":0.4,"end2":0.3909181},{"startTime":2849.0,"endTime":2850.0,"start":0.5,"end":0.5,"start2":0.3909181,"end2":0.38240272},{"startTime":2850.0,"endTime":2851.0,"start":0.5,"end":0.5,"start2":0.38240272,"end2":0.3744357},{"startTime":2851.0,"endTime":2852.0,"start":0.5,"end":0.5,"start2":0.3744357,"end2":0.36699876},{"startTime":2852.0,"endTime":2853.0,"start":0.5,"end":0.5,"start2":0.36699876,"end2":0.3600737},{"startTime":2853.0,"endTime":2854.0,"start":0.5,"end":0.5,"start2":0.3600737,"end2":0.35364228},{"startTime":2854.0,"endTime":2855.0,"start":0.5,"end":0.5,"start2":0.35364228,"end2":0.3476863},{"startTime":2855.0,"endTime":2856.0,"start":0.5,"end":0.5,"start2":0.3476863,"end2":0.34218752},{"startTime":2856.0,"endTime":2857.0,"start":0.5,"end":0.5,"start2":0.34218752,"end2":0.3371331},{"startTime":2857.0,"endTime":2858.0,"start":0.5,"end":0.5,"start2":0.3371331,"end2":0.332499},{"startTime":2858.0,"endTime":2859.0,"start":0.5,"end":0.5,"start2":0.332499,"end2":0.32826695},{"startTime":2859.0,"endTime":2860.0,"start":0.5,"end":0.5,"start2":0.32826695,"end2":0.32441875},{"startTime":2860.0,"endTime":2861.0,"start":0.5,"end":0.5,"start2":0.32441875,"end2":0.3209362},{"startTime":2861.0,"endTime":2862.0,"start":0.5,"end":0.5,"start2":0.3209362,"end2":0.31780103},{"startTime":2862.0,"endTime":2863.0,"start":0.5,"end":0.5,"start2":0.31780103,"end2":0.31499505},{"startTime":2863.0,"endTime":2864.0,"start":0.5,"end":0.5,"start2":0.31499505,"end2":0.3125},{"startTime":2864.0,"endTime":2865.0,"start":0.5,"end":0.5,"start2":0.3125,"end2":0.3103012},{"startTime":2865.0,"endTime":2866.0,"start":0.5,"end":0.5,"start2":0.3103012,"end2":0.3083765},{"startTime":2866.0,"endTime":2867.0,"start":0.5,"end":0.5,"start2":0.3083765,"end2":0.30670756},{"startTime":2867.0,"endTime":2868.0,"start":0.5,"end":0.5,"start2":0.30670756,"end2":0.30527627},{"startTime":2868.0,"endTime":2869.0,"start":0.5,"end":0.5,"start2":0.30527627,"end2":0.30406433},{"startTime":2869.0,"endTime":2870.0,"start":0.5,"end":0.5,"start2":0.30406433,"end2":0.30305353},{"startTime":2870.0,"endTime":2871.0,"start":0.5,"end":0.5,"start2":0.30305353,"end2":0.30222568},{"startTime":2871.0,"endTime":2872.0,"start":0.5,"end":0.5,"start2":0.30222568,"end2":0.30156252},{"startTime":2872.0,"endTime":2873.0,"start":0.5,"end":0.5,"start2":0.30156252,"end2":0.30104747},{"startTime":2873.0,"endTime":2874.0,"start":0.5,"end":0.5,"start2":0.30104747,"end2":0.30066025},{"startTime":2874.0,"endTime":2875.0,"start":0.5,"end":0.5,"start2":0.30066025,"end2":0.30038258},{"startTime":2875.0,"endTime":2876.0,"start":0.5,"end":0.5,"start2":0.30038258,"end2":0.30019626},{"startTime":2876.0,"endTime":2877.0,"start":0.5,"end":0.5,"start2":0.30019626,"end2":0.30008307},{"startTime":2877.0,"endTime":2878.0,"start":0.5,"end":0.5,"start2":0.30008307,"end2":0.30002478},{"startTime":2878.0,"endTime":2879.0,"start":0.5,"end":0.5,"start2":0.30002478,"end2":0.30000317},{"startTime":2879.0,"endTime":2880.0,"start":0.5,"end":0.5,"start2":0.30000317,"end2":0.3},{"startTime":2880.0,"endTime":2912.0,"start":0.5,"end":0.5,"start2":0.3,"end2":0.3},{"startTime":2912.0,"endTime":2913.0,"start":0.5,"end":0.5,"start2":0.3,"end2":0.2909181},{"startTime":2913.0,"endTime":2914.0,"start":0.5,"end":0.5,"start2":0.2909181,"end2":0.28240272},{"startTime":2914.0,"endTime":2915.0,"start":0.5,"end":0.5,"start2":0.28240272,"end2":0.2744357},{"startTime":2915.0,"endTime":2916.0,"start":0.5,"end":0.5,"start2":0.2744357,"end2":0.26699877},{"startTime":2916.0,"endTime":2917.0,"start":0.5,"end":0.5,"start2":0.26699877,"end2":0.2600737},{"startTime":2917.0,"endTime":2918.0,"start":0.5,"end":0.5,"start2":0.2600737,"end2":0.2536423},{"startTime":2918.0,"endTime":2919.0,"start":0.5,"end":0.5,"start2":0.2536423,"end2":0.24768628},{"startTime":2919.0,"endTime":2920.0,"start":0.5,"end":0.5,"start2":0.24768628,"end2":0.2421875},{"startTime":2920.0,"endTime":2921.0,"start":0.5,"end":0.5,"start2":0.2421875,"end2":0.2371331},{"startTime":2921.0,"endTime":2922.0,"start":0.5,"end":0.5,"start2":0.2371331,"end2":0.23249897},{"startTime":2922.0,"endTime":2923.0,"start":0.5,"end":0.5,"start2":0.23249897,"end2":0.22826694},{"startTime":2923.0,"endTime":2924.0,"start":0.5,"end":0.5,"start2":0.22826694,"end2":0.22441876},{"startTime":2924.0,"endTime":2925.0,"start":0.5,"end":0.5,"start2":0.22441876,"end2":0.2209362},{"startTime":2925.0,"endTime":2926.0,"start":0.5,"end":0.5,"start2":0.2209362,"end2":0.21780103},{"startTime":2926.0,"endTime":2927.0,"start":0.5,"end":0.5,"start2":0.21780103,"end2":0.21499504},{"startTime":2927.0,"endTime":2928.0,"start":0.5,"end":0.5,"start2":0.21499504,"end2":0.2125},{"startTime":2928.0,"endTime":2929.0,"start":0.5,"end":0.5,"start2":0.2125,"end2":0.21030122},{"startTime":2929.0,"endTime":2930.0,"start":0.5,"end":0.5,"start2":0.21030122,"end2":0.20837648},{"startTime":2930.0,"endTime":2931.0,"start":0.5,"end":0.5,"start2":0.20837648,"end2":0.20670757},{"startTime":2931.0,"endTime":2932.0,"start":0.5,"end":0.5,"start2":0.20670757,"end2":0.20527625},{"startTime":2932.0,"endTime":2933.0,"start":0.5,"end":0.5,"start2":0.20527625,"end2":0.20406432},{"startTime":2933.0,"endTime":2934.0,"start":0.5,"end":0.5,"start2":0.20406432,"end2":0.20305352},{"startTime":2934.0,"endTime":2935.0,"start":0.5,"end":0.5,"start2":0.20305352,"end2":0.20222567},{"startTime":2935.0,"endTime":2936.0,"start":0.5,"end":0.5,"start2":0.20222567,"end2":0.20156251},{"startTime":2936.0,"endTime":2937.0,"start":0.5,"end":0.5,"start2":0.20156251,"end2":0.20104747},{"startTime":2937.0,"endTime":2938.0,"start":0.5,"end":0.5,"start2":0.20104747,"end2":0.20066023},{"startTime":2938.0,"endTime":2939.0,"start":0.5,"end":0.5,"start2":0.20066023,"end2":0.20038256},{"startTime":2939.0,"endTime":2940.0,"start":0.5,"end":0.5,"start2":0.20038256,"end2":0.20019625},{"startTime":2940.0,"endTime":2941.0,"start":0.5,"end":0.5,"start2":0.20019625,"end2":0.20008306},{"startTime":2941.0,"endTime":2942.0,"start":0.5,"end":0.5,"start2":0.20008306,"end2":0.20002478},{"startTime":2942.0,"endTime":2943.0,"start":0.5,"end":0.5,"start2":0.20002478,"end2":0.20000316},{"startTime":2943.0,"endTime":2944.0,"start":0.5,"end":0.5,"start2":0.20000316,"end2":0.2},{"startTime":2944.0,"endTime":2976.0,"start":0.5,"end":0.5,"start2":0.2,"end2":0.2},{"startTime":2976.0,"endTime":2977.0,"start":0.5,"end":0.5,"start2":0.2,"end2":0.19091809},{"startTime":2977.0,"endTime":2978.0,"start":0.5,"end":0.5,"start2":0.19091809,"end2":0.18240273},{"startTime":2978.0,"endTime":2979.0,"start":0.5,"end":0.5,"start2":0.18240273,"end2":0.17443569},{"startTime":2979.0,"endTime":2980.0,"start":0.5,"end":0.5,"start2":0.17443569,"end2":0.16699876},{"startTime":2980.0,"endTime":2981.0,"start":0.5,"end":0.5,"start2":0.16699876,"end2":0.16007368},{"startTime":2981.0,"endTime":2982.0,"start":0.5,"end":0.5,"start2":0.16007368,"end2":0.15364228},{"startTime":2982.0,"endTime":2983.0,"start":0.5,"end":0.5,"start2":0.15364228,"end2":0.14768629},{"startTime":2983.0,"endTime":2984.0,"start":0.5,"end":0.5,"start2":0.14768629,"end2":0.1421875},{"startTime":2984.0,"endTime":2985.0,"start":0.5,"end":0.5,"start2":0.1421875,"end2":0.13713309},{"startTime":2985.0,"endTime":2986.0,"start":0.5,"end":0.5,"start2":0.13713309,"end2":0.13249898},{"startTime":2986.0,"endTime":2987.0,"start":0.5,"end":0.5,"start2":0.13249898,"end2":0.12826695},{"startTime":2987.0,"endTime":2988.0,"start":0.5,"end":0.5,"start2":0.12826695,"end2":0.12441875},{"startTime":2988.0,"endTime":2989.0,"start":0.5,"end":0.5,"start2":0.12441875,"end2":0.12093619},{"startTime":2989.0,"endTime":2990.0,"start":0.5,"end":0.5,"start2":0.12093619,"end2":0.11780103},{"startTime":2990.0,"endTime":2991.0,"start":0.5,"end":0.5,"start2":0.11780103,"end2":0.11499503},{"startTime":2991.0,"endTime":2992.0,"start":0.5,"end":0.5,"start2":0.11499503,"end2":0.112500004},{"startTime":2992.0,"endTime":2993.0,"start":0.5,"end":0.5,"start2":0.112500004,"end2":0.11030122},{"startTime":2993.0,"endTime":2994.0,"start":0.5,"end":0.5,"start2":0.11030122,"end2":0.10837647},{"startTime":2994.0,"endTime":2995.0,"start":0.5,"end":0.5,"start2":0.10837647,"end2":0.106707565},{"startTime":2995.0,"endTime":2996.0,"start":0.5,"end":0.5,"start2":0.106707565,"end2":0.10527625},{"startTime":2996.0,"endTime":2997.0,"start":0.5,"end":0.5,"start2":0.10527625,"end2":0.104064316},{"startTime":2997.0,"endTime":2998.0,"start":0.5,"end":0.5,"start2":0.104064316,"end2":0.103053525},{"startTime":2998.0,"endTime":2999.0,"start":0.5,"end":0.5,"start2":0.103053525,"end2":0.10222566},{"startTime":2999.0,"endTime":3000.0,"start":0.5,"end":0.5,"start2":0.10222566,"end2":0.1015625},{"startTime":3000.0,"endTime":3001.0,"start":0.5,"end":0.5,"start2":0.1015625,"end2":0.10104746},{"startTime":3001.0,"endTime":3002.0,"start":0.5,"end":0.5,"start2":0.10104746,"end2":0.10066023},{"startTime":3002.0,"endTime":3003.0,"start":0.5,"end":0.5,"start2":0.10066023,"end2":0.10038256},{"startTime":3003.0,"endTime":3004.0,"start":0.5,"end":0.5,"start2":0.10038256,"end2":0.10019626},{"startTime":3004.0,"endTime":3005.0,"start":0.5,"end":0.5,"start2":0.10019626,"end2":0.10008307},{"startTime":3005.0,"endTime":3006.0,"start":0.5,"end":0.5,"start2":0.10008307,"end2":0.10002478},{"startTime":3006.0,"endTime":3007.0,"start":0.5,"end":0.5,"start2":0.10002478,"end2":0.10000317},{"startTime":3007.0,"endTime":3008.0,"start":0.5,"end":0.5,"start2":0.10000317,"end2":0.1},{"startTime":3008.0,"endTime":3072.0,"start":0.5,"end":0.5,"start2":0.1,"end2":0.1},{"startTime":3072.0,"endTime":3080.0,"start":0.5,"end":0.5,"start2":0.1,"end2":0.10035334},{"startTime":3080.0,"endTime":3088.0,"start":0.5,"end":0.5,"start2":0.10035334,"end2":0.1014},{"startTime":3088.0,"endTime":3096.0,"start":0.5,"end":0.5,"start2":0.1014,"end2":0.103140004},{"startTime":3096.0,"endTime":3104.0,"start":0.5,"end":0.5,"start2":0.103140004,"end2":0.105573334},{"startTime":3104.0,"endTime":3112.0,"start":0.5,"end":0.5,"start2":0.105573334,"end2":0.1087},{"startTime":3112.0,"endTime":3120.0,"start":0.5,"end":0.5,"start2":0.1087,"end2":0.11252},{"startTime":3120.0,"endTime":3128.0,"start":0.5,"end":0.5,"start2":0.11252,"end2":0.11703333},{"startTime":3128.0,"endTime":3136.0,"start":0.5,"end":0.5,"start2":0.11703333,"end2":0.12224001},{"startTime":3136.0,"endTime":3144.0,"start":0.5,"end":0.5,"start2":0.12224001,"end2":0.12814},{"startTime":3144.0,"endTime":3152.0,"start":0.5,"end":0.5,"start2":0.12814,"end2":0.13473333},{"startTime":3152.0,"endTime":3160.0,"start":0.5,"end":0.5,"start2":0.13473333,"end2":0.14202},{"startTime":3160.0,"endTime":3168.0,"start":0.5,"end":0.5,"start2":0.14202,"end2":0.15},{"startTime":3168.0,"endTime":3176.0,"start":0.5,"end":0.5,"start2":0.15,"end2":0.15868667},{"startTime":3176.0,"endTime":3184.0,"start":0.5,"end":0.5,"start2":0.15868667,"end2":0.16806665},{"startTime":3184.0,"endTime":3192.0,"start":0.5,"end":0.5,"start2":0.16806665,"end2":0.17814},{"startTime":3192.0,"endTime":3200.0,"start":0.5,"end":0.5,"start2":0.17814,"end2":0.18890668},{"startTime":3200.0,"endTime":3208.0,"start":0.5,"end":0.5,"start2":0.18890668,"end2":0.20036665},{"startTime":3208.0,"endTime":3216.0,"start":0.5,"end":0.5,"start2":0.20036665,"end2":0.21252},{"startTime":3216.0,"endTime":3224.0,"start":0.5,"end":0.5,"start2":0.21252,"end2":0.22536668},{"startTime":3224.0,"endTime":3232.0,"start":0.5,"end":0.5,"start2":0.22536668,"end2":0.23890665},{"startTime":3232.0,"endTime":3240.0,"start":0.5,"end":0.5,"start2":0.23890665,"end2":0.25314},{"startTime":3240.0,"endTime":3248.0,"start":0.5,"end":0.5,"start2":0.25314,"end2":0.2680667},{"startTime":3248.0,"endTime":3256.0,"start":0.5,"end":0.5,"start2":0.2680667,"end2":0.28368664},{"startTime":3256.0,"endTime":3264.0,"start":0.5,"end":0.5,"start2":0.28368664,"end2":0.3},{"startTime":3264.0,"endTime":3272.0,"start":0.5,"end":0.5,"start2":0.3,"end2":0.31631333},{"startTime":3272.0,"endTime":3280.0,"start":0.5,"end":0.5,"start2":0.31631333,"end2":0.33193332},{"startTime":3280.0,"endTime":3288.0,"start":0.5,"end":0.5,"start2":0.33193332,"end2":0.34686},{"startTime":3288.0,"endTime":3296.0,"start":0.5,"end":0.5,"start2":0.34686,"end2":0.36109334},{"startTime":3296.0,"endTime":3304.0,"start":0.5,"end":0.5,"start2":0.36109334,"end2":0.37463334},{"startTime":3304.0,"endTime":3312.0,"start":0.5,"end":0.5,"start2":0.37463334,"end2":0.38748},{"startTime":3312.0,"endTime":3320.0,"start":0.5,"end":0.5,"start2":0.38748,"end2":0.39963332},{"startTime":3320.0,"endTime":3328.0,"start":0.5,"end":0.5,"start2":0.39963332,"end2":0.41109335},{"startTime":3328.0,"endTime":3336.0,"start":0.5,"end":0.5,"start2":0.41109335,"end2":0.42186},{"startTime":3336.0,"endTime":3344.0,"start":0.5,"end":0.5,"start2":0.42186,"end2":0.4319333},{"startTime":3344.0,"endTime":3352.0,"start":0.5,"end":0.5,"start2":0.4319333,"end2":0.44131336},{"startTime":3352.0,"endTime":3360.0,"start":0.5,"end":0.5,"start2":0.44131336,"end2":0.45},{"startTime":3360.0,"endTime":3368.0,"start":0.5,"end":0.5,"start2":0.45,"end2":0.45797998},{"startTime":3368.0,"endTime":3376.0,"start":0.5,"end":0.5,"start2":0.45797998,"end2":0.46526667},{"startTime":3376.0,"endTime":3384.0,"start":0.5,"end":0.5,"start2":0.46526667,"end2":0.47186},{"startTime":3384.0,"endTime":3392.0,"start":0.5,"end":0.5,"start2":0.47186,"end2":0.47776},{"startTime":3392.0,"endTime":3400.0,"start":0.5,"end":0.5,"start2":0.47776,"end2":0.48296666},{"startTime":3400.0,"endTime":3408.0,"start":0.5,"end":0.5,"start2":0.48296666,"end2":0.48747998},{"startTime":3408.0,"endTime":3416.0,"start":0.5,"end":0.5,"start2":0.48747998,"end2":0.49130002},{"startTime":3416.0,"endTime":3424.0,"start":0.5,"end":0.5,"start2":0.49130002,"end2":0.49442667},{"startTime":3424.0,"endTime":3432.0,"start":0.5,"end":0.5,"start2":0.49442667,"end2":0.49686},{"startTime":3432.0,"endTime":3440.0,"start":0.5,"end":0.5,"start2":0.49686,"end2":0.4986},{"startTime":3440.0,"endTime":3448.0,"start":0.5,"end":0.5,"start2":0.4986,"end2":0.49964666},{"startTime":3448.0,"endTime":3456.0,"start":0.5,"end":0.5,"start2":0.49964666,"end2":0.5},{"startTime":3456.0,"endTime":4032.0,"start":0.5,"end":0.5,"start2":0.5,"end2":0.5},{"startTime":4032.0,"endTime":4033.0,"start":0.5,"end":0.5,"start2":0.5,"end2":0.4861779},{"startTime":4033.0,"endTime":4034.0,"start":0.5,"end":0.5,"start2":0.4861779,"end2":0.47275427},{"startTime":4034.0,"endTime":4035.0,"start":0.5,"end":0.5,"start2":0.47275427,"end2":0.4597776},{"startTime":4035.0,"endTime":4036.0,"start":0.5,"end":0.5,"start2":0.4597776,"end2":0.44720817},{"startTime":4036.0,"endTime":4037.0,"start":0.5,"end":0.5,"start2":0.44720817,"end2":0.43505028},{"startTime":4037.0,"endTime":4038.0,"start":0.5,"end":0.5,"start2":0.43505028,"end2":0.42330706},{"startTime":4038.0,"endTime":4039.0,"start":0.5,"end":0.5,"start2":0.42330706,"end2":0.41194126},{"startTime":4039.0,"endTime":4040.0,"start":0.5,"end":0.5,"start2":0.41194126,"end2":0.40099624},{"startTime":4040.0,"endTime":4041.0,"start":0.5,"end":0.5,"start2":0.40099624,"end2":0.3904056},{"startTime":4041.0,"endTime":4042.0,"start":0.5,"end":0.5,"start2":0.3904056,"end2":0.38022107},{"startTime":4042.0,"endTime":4043.0,"start":0.5,"end":0.5,"start2":0.38022107,"end2":0.37038752},{"startTime":4043.0,"endTime":4044.0,"start":0.5,"end":0.5,"start2":0.37038752,"end2":0.36092684},{"startTime":4044.0,"endTime":4045.0,"start":0.5,"end":0.5,"start2":0.36092684,"end2":0.3518224},{"startTime":4045.0,"endTime":4046.0,"start":0.5,"end":0.5,"start2":0.3518224,"end2":0.34305882},{"startTime":4046.0,"endTime":4047.0,"start":0.5,"end":0.5,"start2":0.34305882,"end2":0.33465552},{"startTime":4047.0,"endTime":4048.0,"start":0.5,"end":0.5,"start2":0.33465552,"end2":0.3265625},{"startTime":4048.0,"endTime":4049.0,"start":0.5,"end":0.5,"start2":0.3265625,"end2":0.31883228},{"startTime":4049.0,"endTime":4050.0,"start":0.5,"end":0.5,"start2":0.31883228,"end2":0.31139928},{"startTime":4050.0,"endTime":4051.0,"start":0.5,"end":0.5,"start2":0.31139928,"end2":0.30429792},{"startTime":4051.0,"endTime":4052.0,"start":0.5,"end":0.5,"start2":0.30429792,"end2":0.2974969},{"startTime":4052.0,"endTime":4053.0,"start":0.5,"end":0.5,"start2":0.2974969,"end2":0.29099777},{"startTime":4053.0,"endTime":4054.0,"start":0.5,"end":0.5,"start2":0.29099777,"end2":0.2848008},{"startTime":4054.0,"endTime":4055.0,"start":0.5,"end":0.5,"start2":0.2848008,"end2":0.2788772},{"startTime":4055.0,"endTime":4056.0,"start":0.5,"end":0.5,"start2":0.2788772,"end2":0.27325624},{"startTime":4056.0,"endTime":4057.0,"start":0.5,"end":0.5,"start2":0.27325624,"end2":0.26788843},{"startTime":4057.0,"endTime":4058.0,"start":0.5,"end":0.5,"start2":0.26788843,"end2":0.26280856},{"startTime":4058.0,"endTime":4059.0,"start":0.5,"end":0.5,"start2":0.26280856,"end2":0.25797567},{"startTime":4059.0,"endTime":4060.0,"start":0.5,"end":0.5,"start2":0.25797567,"end2":0.2534031},{"startTime":4060.0,"endTime":4061.0,"start":0.5,"end":0.5,"start2":0.2534031,"end2":0.24907711},{"startTime":4061.0,"endTime":4062.0,"start":0.5,"end":0.5,"start2":0.24907711,"end2":0.2449851},{"startTime":4062.0,"endTime":4063.0,"start":0.5,"end":0.5,"start2":0.2449851,"end2":0.24113804},{"startTime":4063.0,"endTime":4064.0,"start":0.5,"end":0.5,"start2":0.24113804,"end2":0.2375},{"startTime":4064.0,"endTime":4065.0,"start":0.5,"end":0.5,"start2":0.2375,"end2":0.23410384},{"startTime":4065.0,"endTime":4066.0,"start":0.5,"end":0.5,"start2":0.23410384,"end2":0.23090364},{"startTime":4066.0,"endTime":4067.0,"start":0.5,"end":0.5,"start2":0.23090364,"end2":0.22791977},{"startTime":4067.0,"endTime":4068.0,"start":0.5,"end":0.5,"start2":0.22791977,"end2":0.22512943},{"startTime":4068.0,"endTime":4069.0,"start":0.5,"end":0.5,"start2":0.22512943,"end2":0.22253121},{"startTime":4069.0,"endTime":4070.0,"start":0.5,"end":0.5,"start2":0.22253121,"end2":0.22012268},{"startTime":4070.0,"endTime":4071.0,"start":0.5,"end":0.5,"start2":0.22012268,"end2":0.21788347},{"startTime":4071.0,"endTime":4072.0,"start":0.5,"end":0.5,"start2":0.21788347,"end2":0.21582876},{"startTime":4072.0,"endTime":4073.0,"start":0.5,"end":0.5,"start2":0.21582876,"end2":0.21392591},{"startTime":4073.0,"endTime":4074.0,"start":0.5,"end":0.5,"start2":0.21392591,"end2":0.21219295},{"startTime":4074.0,"endTime":4075.0,"start":0.5,"end":0.5,"start2":0.21219295,"end2":0.21060285},{"startTime":4075.0,"endTime":4076.0,"start":0.5,"end":0.5,"start2":0.21060285,"end2":0.20916057},{"startTime":4076.0,"endTime":4077.0,"start":0.5,"end":0.5,"start2":0.20916057,"end2":0.20785522},{"startTime":4077.0,"endTime":4078.0,"start":0.5,"end":0.5,"start2":0.20785522,"end2":0.20667699},{"startTime":4078.0,"endTime":4079.0,"start":0.5,"end":0.5,"start2":0.20667699,"end2":0.20562835},{"startTime":4079.0,"endTime":4080.0,"start":0.5,"end":0.5,"start2":0.20562835,"end2":0.2046875},{"startTime":4080.0,"endTime":4081.0,"start":0.5,"end":0.5,"start2":0.2046875,"end2":0.20386757},{"startTime":4081.0,"endTime":4082.0,"start":0.5,"end":0.5,"start2":0.20386757,"end2":0.20314239},{"startTime":4082.0,"endTime":4083.0,"start":0.5,"end":0.5,"start2":0.20314239,"end2":0.20251822},{"startTime":4083.0,"endTime":4084.0,"start":0.5,"end":0.5,"start2":0.20251822,"end2":0.2019807},{"startTime":4084.0,"endTime":4085.0,"start":0.5,"end":0.5,"start2":0.2019807,"end2":0.20152558},{"startTime":4085.0,"endTime":4086.0,"start":0.5,"end":0.5,"start2":0.20152558,"end2":0.20114769},{"startTime":4086.0,"endTime":4087.0,"start":0.5,"end":0.5,"start2":0.20114769,"end2":0.20083505},{"startTime":4087.0,"endTime":4088.0,"start":0.5,"end":0.5,"start2":0.20083505,"end2":0.20058876},{"startTime":4088.0,"endTime":4089.0,"start":0.5,"end":0.5,"start2":0.20058876,"end2":0.2003931},{"startTime":4089.0,"endTime":4090.0,"start":0.5,"end":0.5,"start2":0.2003931,"end2":0.2002492},{"startTime":4090.0,"endTime":4091.0,"start":0.5,"end":0.5,"start2":0.2002492,"end2":0.2001441},{"startTime":4091.0,"endTime":4092.0,"start":0.5,"end":0.5,"start2":0.2001441,"end2":0.20007433},{"startTime":4092.0,"endTime":4093.0,"start":0.5,"end":0.5,"start2":0.20007433,"end2":0.20003177},{"startTime":4093.0,"endTime":4094.0,"start":0.5,"end":0.5,"start2":0.20003177,"end2":0.2000095},{"startTime":4094.0,"endTime":4095.0,"start":0.5,"end":0.5,"start2":0.2000095,"end2":0.2000015},{"startTime":4095.0,"endTime":4096.0,"start":0.5,"end":0.5,"start2":0.2000015,"end2":0.2},{"startTime":4096.0,"endTime":9856.0,"start":0.5,"end":0.5,"start2":0.2,"end2":0.2},{"startTime":9856.0,"endTime":9857.0,"start":0.5,"end":0.5,"start2":0.2,"end2":0.2000095},{"startTime":9857.0,"endTime":9858.0,"start":0.5,"end":0.5,"start2":0.2000095,"end2":0.20007433},{"startTime":9858.0,"endTime":9859.0,"start":0.5,"end":0.5,"start2":0.20007433,"end2":0.2002492},{"startTime":9859.0,"endTime":9860.0,"start":0.5,"end":0.5,"start2":0.2002492,"end2":0.20058875},{"startTime":9860.0,"endTime":9861.0,"start":0.5,"end":0.5,"start2":0.20058875,"end2":0.20114769},{"startTime":9861.0,"endTime":9862.0,"start":0.5,"end":0.5,"start2":0.20114769,"end2":0.20198068},{"startTime":9862.0,"endTime":9863.0,"start":0.5,"end":0.5,"start2":0.20198068,"end2":0.20314239},{"startTime":9863.0,"endTime":9864.0,"start":0.5,"end":0.5,"start2":0.20314239,"end2":0.2046875},{"startTime":9864.0,"endTime":9865.0,"start":0.5,"end":0.5,"start2":0.2046875,"end2":0.20667699},{"startTime":9865.0,"endTime":9866.0,"start":0.5,"end":0.5,"start2":0.20667699,"end2":0.20916058},{"startTime":9866.0,"endTime":9867.0,"start":0.5,"end":0.5,"start2":0.20916058,"end2":0.21219294},{"startTime":9867.0,"endTime":9868.0,"start":0.5,"end":0.5,"start2":0.21219294,"end2":0.21582875},{"startTime":9868.0,"endTime":9869.0,"start":0.5,"end":0.5,"start2":0.21582875,"end2":0.2201227},{"startTime":9869.0,"endTime":9870.0,"start":0.5,"end":0.5,"start2":0.2201227,"end2":0.22512943},{"startTime":9870.0,"endTime":9871.0,"start":0.5,"end":0.5,"start2":0.22512943,"end2":0.23090364},{"startTime":9871.0,"endTime":9872.0,"start":0.5,"end":0.5,"start2":0.23090364,"end2":0.2375},{"startTime":9872.0,"endTime":9873.0,"start":0.5,"end":0.5,"start2":0.2375,"end2":0.2449851},{"startTime":9873.0,"endTime":9874.0,"start":0.5,"end":0.5,"start2":0.2449851,"end2":0.25340307},{"startTime":9874.0,"endTime":9875.0,"start":0.5,"end":0.5,"start2":0.25340307,"end2":0.26280856},{"startTime":9875.0,"endTime":9876.0,"start":0.5,"end":0.5,"start2":0.26280856,"end2":0.27325624},{"startTime":9876.0,"endTime":9877.0,"start":0.5,"end":0.5,"start2":0.27325624,"end2":0.28480083},{"startTime":9877.0,"endTime":9878.0,"start":0.5,"end":0.5,"start2":0.28480083,"end2":0.2974969},{"startTime":9878.0,"endTime":9879.0,"start":0.5,"end":0.5,"start2":0.2974969,"end2":0.31139928},{"startTime":9879.0,"endTime":9880.0,"start":0.5,"end":0.5,"start2":0.31139928,"end2":0.3265625},{"startTime":9880.0,"endTime":9881.0,"start":0.5,"end":0.5,"start2":0.3265625,"end2":0.34305885},{"startTime":9881.0,"endTime":9882.0,"start":0.5,"end":0.5,"start2":0.34305885,"end2":0.36092684},{"startTime":9882.0,"endTime":9883.0,"start":0.5,"end":0.5,"start2":0.36092684,"end2":0.38022107},{"startTime":9883.0,"endTime":9884.0,"start":0.5,"end":0.5,"start2":0.38022107,"end2":0.40099624},{"startTime":9884.0,"endTime":9885.0,"start":0.5,"end":0.5,"start2":0.40099624,"end2":0.42330706},{"startTime":9885.0,"endTime":9886.0,"start":0.5,"end":0.5,"start2":0.42330706,"end2":0.44720817},{"startTime":9886.0,"endTime":9887.0,"start":0.5,"end":0.5,"start2":0.44720817,"end2":0.47275427},{"startTime":9887.0,"endTime":9888.0,"start":0.5,"end":0.5,"start2":0.47275427,"end2":0.5},{"startTime":9888.0,"endTime":9904.0,"start":0.5,"end":0.5,"start2":0.5,"end2":0.5},{"startTime":9904.0,"endTime":9905.0,"start":0.5,"end":0.5,"start2":0.5,"end2":0.49992567},{"startTime":9905.0,"endTime":9906.0,"start":0.5,"end":0.5,"start2":0.49992567,"end2":0.49941126},{"startTime":9906.0,"endTime":9907.0,"start":0.5,"end":0.5,"start2":0.49941126,"end2":0.49801934},{"startTime":9907.0,"endTime":9908.0,"start":0.5,"end":0.5,"start2":0.49801934,"end2":0.4953125},{"startTime":9908.0,"endTime":9909.0,"start":0.5,"end":0.5,"start2":0.4953125,"end2":0.49083942},{"startTime":9909.0,"endTime":9910.0,"start":0.5,"end":0.5,"start2":0.49083942,"end2":0.48417124},{"startTime":9910.0,"endTime":9911.0,"start":0.5,"end":0.5,"start2":0.48417124,"end2":0.47487056},{"startTime":9911.0,"endTime":9912.0,"start":0.5,"end":0.5,"start2":0.47487056,"end2":0.4625},{"startTime":9912.0,"endTime":9913.0,"start":0.5,"end":0.5,"start2":0.4625,"end2":0.44659692},{"startTime":9913.0,"endTime":9914.0,"start":0.5,"end":0.5,"start2":0.44659692,"end2":0.42674375},{"startTime":9914.0,"endTime":9915.0,"start":0.5,"end":0.5,"start2":0.42674375,"end2":0.40250307},{"startTime":9915.0,"endTime":9916.0,"start":0.5,"end":0.5,"start2":0.40250307,"end2":0.3734375},{"startTime":9916.0,"endTime":9917.0,"start":0.5,"end":0.5,"start2":0.3734375,"end2":0.33907315},{"startTime":9917.0,"endTime":9918.0,"start":0.5,"end":0.5,"start2":0.33907315,"end2":0.29900375},{"startTime":9918.0,"endTime":9919.0,"start":0.5,"end":0.5,"start2":0.29900375,"end2":0.25279182},{"startTime":9919.0,"endTime":9920.0,"start":0.5,"end":0.5,"start2":0.25279182,"end2":0.2},{"startTime":9920.0,"endTime":1000000000.0,"start":0.5,"end":0.5,"start2":0.2,"end2":0.2}],"judgeLineRotateEvents":[{"startTime":-999999.0,"endTime":6144.0,"start":0.0,"end":0.0},{"startTime":6144.0,"endTime":6272.0,"start":0.0,"end":5.0},{"startTime":6272.0,"endTime":6528.0,"start":5.0,"end":-5.0},{"startTime":6528.0,"endTime":6784.0,"start":-5.0,"end":5.0},{"startTime":6784.0,"endTime":7040.0,"start":5.0,"end":-5.0},{"startTime":7040.0,"endTime":7168.0,"start":-5.0,"end":0.0},{"startTime":7168.0,"endTime":1000000000.0,"start":0.0,"end":0.0}],"judgeLineDisappearEvents":[{"startTime":-999999.0,"endTime":1000000000.0,"start":1.0,"end":1.0}]}]}