{"formatVersion":3,"offset":0.0,"judgeLineList":[{"bpm":210.0,"notesAbove":[{"type":2,"time":128,"positionX":0.0,"holdTime":0.0,"speed":1.0,"floorPosition":1.8285714},{"type":1,"time":192,"positionX":0.0,"holdTime":0.0,"speed":1.0,"floorPosition":2.7428572},{"type":1,"time":256,"positionX":0.0,"holdTime":0.0,"speed":1.0,"floorPosition":3.6571429},{"type":1,"time":320,"positionX":0.0,"holdTime":0.0,"speed":1.0,"floorPosition":4.571429},{"type":1,"time":384,"positionX":0.0,"holdTime":0.0,"speed":1.0,"floorPosition":5.4857144},{"type":1,"time":448,"positionX":0.0,"holdTime":0.0,"speed":1.0,"floorPosition":6.4},{"type":1,"time":512,"positionX":0.0,"holdTime":0.0,"speed":1.0,"floorPosition":7.3142858},{"type":1,"time":576,"positionX":0.0,"holdTime":0.0,"speed":1.0,"floorPosition":8.228572},{"type":1,"time":640,"positionX":0.0,"holdTime":0.0,"speed":1.0,"floorPosition":9.142858},{"type":2,"time":672,"positionX":0.0,"holdTime":0.0,"speed":1.0,"floorPosition":9.6},{"type":2,"time":704,"positionX":-1.0,"holdTime":0.0,"speed":1.0,"floorPosition":10.057143},{"type":2,"time":736,"positionX":1.5,"holdTime":0.0,"speed":1.0,"floorPosition":10.514286},{"type":2,"time":768,"positionX":-2.0,"holdTime":0.0,"speed":1.0,"floorPosition":10.971429},{"type":2,"time":800,"positionX":2.25,"holdTime":0.0,"speed":1.0,"floorPosition":11.428572},{"type":2,"time":832,"positionX":-1.5,"holdTime":0.0,"speed":1.0,"floorPosition":11.885715},{"type":2,"time":864,"positionX":1.25,"holdTime":0.0,"speed":1.0,"floorPosition":12.342857},{"type":2,"time":880,"positionX":-1.0,"holdTime":0.0,"speed":1.0,"floorPosition":12.571428},{"type":2,"time":896,"positionX":-2.5,"holdTime":0.0,"speed":1.0,"floorPosition":12.8},{"type":2,"time":928,"positionX":-0.5,"holdTime":0.0,"speed":1.0,"floorPosition":13.257143},{"type":2,"time":960,"positionX":1.75,"holdTime":0.0,"speed":1.0,"floorPosition":13.714286},{"type":2,"time":992,"positionX":-1.75,"holdTime":0.0,"speed":1.0,"floorPosition":14.171429},{"type":2,"time":1024,"positionX":1.75,"holdTime":0.0,"speed":1.0,"floorPosition":14.6285715},{"type":2,"time":1056,"positionX":-1.75,"holdTime":0.0,"speed":1.0,"floorPosition":15.085714},{"type":2,"time":1088,"positionX":2.0,"holdTime":0.0,"speed":1.0,"floorPosition":15.542857},{"type":2,"time":1104,"positionX":1.5,"holdTime":0.0,"speed":1.0,"floorPosition":15.771429},{"type":2,"time":1120,"positionX":0.0,"holdTime":0.0,"speed":1.0,"floorPosition":16.0},{"type":2,"time":1128,"positionX":0.0,"holdTime":0.0,"speed":1.0,"floorPosition":16.114286},{"type":2,"time":1136,"positionX":0.0,"holdTime":0.0,"speed":1.0,"floorPosition":16.22857},{"type":2,"time":1144,"positionX":0.0,"holdTime":0.0,"speed":1.0,"floorPosition":16.342857},{"type":2,"time":1152,"positionX":0.0,"holdTime":0.0,"speed":1.0,"floorPosition":16.457144},{"type":1,"time":1216,"positionX":2.0,"holdTime":0.0,"speed":1.0,"floorPosition":17.37143},{"type":1,"time":1280,"positionX":-2.5,"holdTime":0.0,"speed":1.0,"floorPosition":18.285715},{"type":1,"time":1344,"positionX":2.25,"holdTime":0.0,"speed":1.0,"floorPosition":19.2},{"type":1,"time":1408,"positionX":-3.0,"holdTime":0.0,"speed":1.0,"floorPosition":20.114286},{"type":1,"time":1472,"positionX":-0.25,"holdTime":0.0,"speed":1.0,"floorPosition":21.028572},{"type":1,"time":1536,"positionX":2.0,"holdTime":0.0,"speed":1.0,"floorPosition":21.942858},{"type":1,"time":1600,"positionX":4.25,"holdTime":0.0,"speed":1.0,"floorPosition":22.857143},{"type":1,"time":1664,"positionX":2.25,"holdTime":0.0,"speed":1.0,"floorPosition":23.77143},{"type":1,"time":1728,"positionX":0.75,"holdTime":0.0,"speed":1.0,"floorPosition":24.685715},{"type":1,"time":1792,"positionX":-1.5,"holdTime":0.0,"speed":1.0,"floorPosition":25.6},{"type":1,"time":1856,"positionX":0.75,"holdTime":0.0,"speed":1.0,"floorPosition":26.514286},{"type":1,"time":1920,"positionX":-1.5,"holdTime":0.0,"speed":1.0,"floorPosition":27.428572},{"type":1,"time":1984,"positionX":3.0,"holdTime":0.0,"speed":1.0,"floorPosition":28.342857},{"type":1,"time":2048,"positionX":-2.75,"holdTime":0.0,"speed":1.0,"floorPosition":29.257143},{"type":1,"time":2048,"positionX":2.75,"holdTime":0.0,"speed":1.0,"floorPosition":29.257143},{"type":1,"time":2096,"positionX":-1.0,"holdTime":0.0,"speed":1.0,"floorPosition":29.942858},{"type":1,"time":2144,"positionX":1.5,"holdTime":0.0,"speed":1.0,"floorPosition":30.628572},{"type":3,"time":2176,"positionX":-1.5,"holdTime":128.0,"speed":1.6,"floorPosition":31.085714},{"type":3,"time":2304,"positionX":3.0,"holdTime":128.0,"speed":1.6,"floorPosition":32.914288},{"type":3,"time":2432,"positionX":-3.810345,"holdTime":128.0,"speed":1.6,"floorPosition":34.74286},{"type":3,"time":2560,"positionX":1.75,"holdTime":96.0,"speed":1.6,"floorPosition":36.57143},{"type":1,"time":2688,"positionX":2.0,"holdTime":0.0,"speed":1.0,"floorPosition":38.4},{"type":3,"time":2688,"positionX":-2.75,"holdTime":128.0,"speed":1.6,"floorPosition":38.4},{"type":3,"time":2816,"positionX":3.5,"holdTime":128.0,"speed":1.6,"floorPosition":40.228573},{"type":3,"time":2944,"positionX":-6.0,"holdTime":128.0,"speed":1.6,"floorPosition":42.057144},{"type":3,"time":3072,"positionX":4.188999,"holdTime":96.0,"speed":1.6,"floorPosition":43.885715},{"type":3,"time":3200,"positionX":-4.598026,"holdTime":128.0,"speed":1.6,"floorPosition":45.714287},{"type":3,"time":3328,"positionX":2.0,"holdTime":96.0,"speed":1.6,"floorPosition":47.54286},{"type":1,"time":3456,"positionX":3.75,"holdTime":0.0,"speed":1.0,"floorPosition":49.37143},{"type":3,"time":3456,"positionX":-2.75,"holdTime":128.0,"speed":1.6,"floorPosition":49.37143},{"type":3,"time":3584,"positionX":2.0,"holdTime":96.0,"speed":1.6,"floorPosition":51.2},{"type":3,"time":3712,"positionX":0.0,"holdTime":96.0,"speed":1.6,"floorPosition":53.028572},{"type":1,"time":3712,"positionX":-5.0,"holdTime":0.0,"speed":1.0,"floorPosition":53.028572},{"type":1,"time":3840,"positionX":-2.0,"holdTime":0.0,"speed":1.0,"floorPosition":54.857143},{"type":3,"time":3840,"positionX":3.0,"holdTime":128.0,"speed":1.6,"floorPosition":54.857143},{"type":1,"time":3968,"positionX":-3.0,"holdTime":0.0,"speed":1.0,"floorPosition":56.685715},{"type":1,"time":4032,"positionX":2.0,"holdTime":0.0,"speed":1.0,"floorPosition":57.600002},{"type":1,"time":4096,"positionX":-3.0,"holdTime":0.0,"speed":1.0,"floorPosition":58.514286},{"type":3,"time":4224,"positionX":-3.0,"holdTime":128.0,"speed":1.6,"floorPosition":60.342857},{"type":3,"time":4352,"positionX":2.5,"holdTime":128.0,"speed":1.6,"floorPosition":62.17143},{"type":3,"time":4480,"positionX":-1.75,"holdTime":128.0,"speed":1.6,"floorPosition":64.0},{"type":3,"time":4608,"positionX":2.5,"holdTime":128.0,"speed":1.6,"floorPosition":65.828575},{"type":3,"time":4736,"positionX":-3.75,"holdTime":128.0,"speed":1.6,"floorPosition":67.65714},{"type":3,"time":4864,"positionX":3.5,"holdTime":128.0,"speed":1.6,"floorPosition":69.48572},{"type":3,"time":4992,"positionX":-1.5,"holdTime":128.0,"speed":1.6,"floorPosition":71.314285},{"type":3,"time":5120,"positionX":3.25,"holdTime":128.0,"speed":1.6,"floorPosition":73.14286},{"type":2,"time":5248,"positionX":0.0,"holdTime":0.0,"speed":1.0,"floorPosition":74.97143},{"type":3,"time":5504,"positionX":-1.0,"holdTime":256.0,"speed":1.6,"floorPosition":78.62857},{"type":3,"time":5760,"positionX":3.0,"holdTime":256.0,"speed":1.6,"floorPosition":82.28571},{"type":3,"time":6016,"positionX":-3.75,"holdTime":128.0,"speed":1.6,"floorPosition":85.942856},{"type":3,"time":6144,"positionX":2.25,"holdTime":64.0,"speed":1.6,"floorPosition":87.77143},{"type":3,"time":6208,"positionX":-1.5,"holdTime":64.0,"speed":1.6,"floorPosition":88.685715},{"type":2,"time":6560,"positionX":-3.181818,"holdTime":0.0,"speed":1.0,"floorPosition":93.71429},{"type":2,"time":6576,"positionX":-1.9090909,"holdTime":0.0,"speed":1.0,"floorPosition":93.942856},{"type":2,"time":6592,"positionX":-0.6363636,"holdTime":0.0,"speed":1.0,"floorPosition":94.17143},{"type":2,"time":6608,"positionX":0.0,"holdTime":0.0,"speed":1.0,"floorPosition":94.4},{"type":2,"time":6624,"positionX":1.9090909,"holdTime":0.0,"speed":1.0,"floorPosition":94.62857},{"type":2,"time":6640,"positionX":0.6363636,"holdTime":0.0,"speed":1.0,"floorPosition":94.85715},{"type":2,"time":6656,"positionX":-0.6363636,"holdTime":0.0,"speed":1.0,"floorPosition":95.08572},{"type":2,"time":6680,"positionX":-1.9090909,"holdTime":0.0,"speed":1.0,"floorPosition":95.42857},{"type":2,"time":6704,"positionX":-2.5454545,"holdTime":0.0,"speed":1.0,"floorPosition":95.77143},{"type":2,"time":6720,"positionX":-3.181818,"holdTime":0.0,"speed":1.0,"floorPosition":96.0},{"type":2,"time":6744,"positionX":-1.9090909,"holdTime":0.0,"speed":1.0,"floorPosition":96.34286},{"type":2,"time":6768,"positionX":-0.6363636,"holdTime":0.0,"speed":1.0,"floorPosition":96.685715},{"type":2,"time":6784,"positionX":0.6363636,"holdTime":0.0,"speed":1.0,"floorPosition":96.91428},{"type":2,"time":6808,"positionX":2.5454545,"holdTime":0.0,"speed":1.0,"floorPosition":97.25714},{"type":2,"time":6832,"positionX":3.181818,"holdTime":0.0,"speed":1.0,"floorPosition":97.6},{"type":2,"time":6856,"positionX":1.9090909,"holdTime":0.0,"speed":1.0,"floorPosition":97.942856},{"type":2,"time":6880,"positionX":0.6363636,"holdTime":0.0,"speed":1.0,"floorPosition":98.28571},{"type":2,"time":7072,"positionX":-1.75,"holdTime":0.0,"speed":1.0,"floorPosition":101.02857},{"type":2,"time":7088,"positionX":-1.25,"holdTime":0.0,"speed":1.0,"floorPosition":101.25714},{"type":2,"time":7104,"positionX":-0.75,"holdTime":0.0,"speed":1.0,"floorPosition":101.48572},{"type":2,"time":7120,"positionX":0.0,"holdTime":0.0,"speed":1.0,"floorPosition":101.71429},{"type":2,"time":7136,"positionX":0.5,"holdTime":0.0,"speed":1.0,"floorPosition":101.942856},{"type":2,"time":7152,"positionX":1.5,"holdTime":0.0,"speed":1.0,"floorPosition":102.17143},{"type":2,"time":7168,"positionX":1.75,"holdTime":0.0,"speed":1.0,"floorPosition":102.4},{"type":2,"time":7192,"positionX":1.5,"holdTime":0.0,"speed":1.0,"floorPosition":102.74286},{"type":2,"time":7216,"positionX":0.5,"holdTime":0.0,"speed":1.0,"floorPosition":103.08572},{"type":2,"time":7240,"positionX":-0.75,"holdTime":0.0,"speed":1.0,"floorPosition":103.42857},{"type":2,"time":7264,"positionX":-1.75,"holdTime":0.0,"speed":1.0,"floorPosition":103.77143},{"type":2,"time":7296,"positionX":-1.5,"holdTime":0.0,"speed":1.0,"floorPosition":104.22858},{"type":2,"time":7320,"positionX":-1.0,"holdTime":0.0,"speed":1.0,"floorPosition":104.57143},{"type":2,"time":7344,"positionX":-1.5,"holdTime":0.0,"speed":1.0,"floorPosition":104.91428},{"type":2,"time":7368,"positionX":0.0,"holdTime":0.0,"speed":1.0,"floorPosition":105.25714},{"type":2,"time":7392,"positionX":1.75,"holdTime":0.0,"speed":1.0,"floorPosition":105.6},{"type":2,"time":7408,"positionX":1.25,"holdTime":0.0,"speed":1.0,"floorPosition":105.828575},{"type":2,"time":7424,"positionX":2.0,"holdTime":0.0,"speed":1.0,"floorPosition":106.057144},{"type":2,"time":7584,"positionX":-1.25,"holdTime":0.0,"speed":1.0,"floorPosition":108.34286},{"type":2,"time":7600,"positionX":-2.0,"holdTime":0.0,"speed":1.0,"floorPosition":108.57143},{"type":2,"time":7616,"positionX":-2.25,"holdTime":0.0,"speed":1.0,"floorPosition":108.8},{"type":2,"time":7632,"positionX":-2.5,"holdTime":0.0,"speed":1.0,"floorPosition":109.02857},{"type":2,"time":7648,"positionX":-2.0,"holdTime":0.0,"speed":1.0,"floorPosition":109.25714},{"type":2,"time":7664,"positionX":-1.0,"holdTime":0.0,"speed":1.0,"floorPosition":109.48572},{"type":2,"time":7680,"positionX":-0.5,"holdTime":0.0,"speed":1.0,"floorPosition":109.71429},{"type":2,"time":7704,"positionX":0.25,"holdTime":0.0,"speed":1.0,"floorPosition":110.057144},{"type":2,"time":7728,"positionX":0.75,"holdTime":0.0,"speed":1.0,"floorPosition":110.4},{"type":2,"time":7744,"positionX":1.5,"holdTime":0.0,"speed":1.0,"floorPosition":110.62857},{"type":2,"time":7768,"positionX":2.25,"holdTime":0.0,"speed":1.0,"floorPosition":110.97143},{"type":2,"time":7792,"positionX":2.75,"holdTime":0.0,"speed":1.0,"floorPosition":111.314285},{"type":2,"time":7808,"positionX":1.0,"holdTime":0.0,"speed":1.0,"floorPosition":111.54286},{"type":2,"time":7832,"positionX":0.0,"holdTime":0.0,"speed":1.0,"floorPosition":111.88572},{"type":2,"time":7856,"positionX":-1.0,"holdTime":0.0,"speed":1.0,"floorPosition":112.22858},{"type":2,"time":7880,"positionX":-2.0,"holdTime":0.0,"speed":1.0,"floorPosition":112.571434},{"type":2,"time":7904,"positionX":-2.25,"holdTime":0.0,"speed":1.0,"floorPosition":112.91428},{"type":2,"time":8096,"positionX":0.75,"holdTime":0.0,"speed":1.0,"floorPosition":115.65714},{"type":2,"time":8112,"positionX":0.75,"holdTime":0.0,"speed":1.0,"floorPosition":115.87143},{"type":2,"time":8128,"positionX":0.5,"holdTime":0.0,"speed":1.0,"floorPosition":116.08572},{"type":2,"time":8144,"positionX":0.0,"holdTime":0.0,"speed":1.0,"floorPosition":116.3},{"type":2,"time":8160,"positionX":-0.5,"holdTime":0.0,"speed":1.0,"floorPosition":116.51428},{"type":2,"time":8176,"positionX":-1.25,"holdTime":0.0,"speed":1.0,"floorPosition":116.72857},{"type":2,"time":8192,"positionX":-1.75,"holdTime":0.0,"speed":1.0,"floorPosition":116.942856},{"type":2,"time":8216,"positionX":-2.5,"holdTime":0.0,"speed":1.0,"floorPosition":117.26428},{"type":2,"time":8240,"positionX":-3.0,"holdTime":0.0,"speed":1.0,"floorPosition":117.58572},{"type":2,"time":8264,"positionX":-3.0,"holdTime":0.0,"speed":1.0,"floorPosition":117.90714},{"type":2,"time":8288,"positionX":-2.5,"holdTime":0.0,"speed":1.0,"floorPosition":118.22857},{"type":2,"time":8304,"positionX":-1.5,"holdTime":0.0,"speed":1.0,"floorPosition":118.442856},{"type":2,"time":8320,"positionX":0.1034489,"holdTime":0.0,"speed":1.0,"floorPosition":118.65714},{"type":1,"time":8400,"positionX":2.0,"holdTime":0.0,"speed":1.0,"floorPosition":119.72857},{"type":1,"time":8432,"positionX":-2.75,"holdTime":0.0,"speed":1.0,"floorPosition":120.15714},{"type":1,"time":8464,"positionX":1.25,"holdTime":0.0,"speed":1.0,"floorPosition":120.58572},{"type":1,"time":8528,"positionX":-1.25,"holdTime":0.0,"speed":1.0,"floorPosition":121.442856},{"type":1,"time":8592,"positionX":2.5,"holdTime":0.0,"speed":1.0,"floorPosition":122.3},{"type":2,"time":8608,"positionX":1.25,"holdTime":0.0,"speed":1.0,"floorPosition":122.51428},{"type":1,"time":8640,"positionX":-0.75,"holdTime":0.0,"speed":1.0,"floorPosition":122.942856},{"type":2,"time":8664,"positionX":-0.25,"holdTime":0.0,"speed":1.0,"floorPosition":123.26428},{"type":2,"time":8688,"positionX":0.0,"holdTime":0.0,"speed":1.0,"floorPosition":123.58572},{"type":1,"time":8720,"positionX":-1.25,"holdTime":0.0,"speed":1.0,"floorPosition":124.01428},{"type":1,"time":8752,"positionX":1.637931,"holdTime":0.0,"speed":1.0,"floorPosition":124.442856},{"type":1,"time":8784,"positionX":-1.75,"holdTime":0.0,"speed":1.0,"floorPosition":124.87143},{"type":1,"time":8832,"positionX":-1.25,"holdTime":0.0,"speed":1.0,"floorPosition":125.51428},{"type":2,"time":8848,"positionX":-0.5,"holdTime":0.0,"speed":1.0,"floorPosition":125.72857},{"type":2,"time":8864,"positionX":0.25,"holdTime":0.0,"speed":1.0,"floorPosition":125.942856},{"type":1,"time":8912,"positionX":2.0,"holdTime":0.0,"speed":1.0,"floorPosition":126.58572},{"type":1,"time":8944,"positionX":-2.25,"holdTime":0.0,"speed":1.0,"floorPosition":127.01428},{"type":1,"time":8976,"positionX":0.5,"holdTime":0.0,"speed":1.0,"floorPosition":127.442856},{"type":1,"time":9008,"positionX":2.75,"holdTime":0.0,"speed":1.0,"floorPosition":127.87143},{"type":1,"time":9040,"positionX":-1.5,"holdTime":0.0,"speed":1.0,"floorPosition":128.3},{"type":1,"time":9072,"positionX":2.75,"holdTime":0.0,"speed":1.0,"floorPosition":128.72858},{"type":1,"time":9104,"positionX":-1.0,"holdTime":0.0,"speed":1.0,"floorPosition":129.15714},{"type":2,"time":9120,"positionX":-1.5,"holdTime":0.0,"speed":1.0,"floorPosition":129.37143},{"type":1,"time":9152,"positionX":1.25,"holdTime":0.0,"speed":1.0,"floorPosition":129.8},{"type":2,"time":9176,"positionX":2.0,"holdTime":0.0,"speed":1.0,"floorPosition":130.12143},{"type":2,"time":9200,"positionX":2.5,"holdTime":0.0,"speed":1.0,"floorPosition":130.44286},{"type":2,"time":9232,"positionX":0.0,"holdTime":0.0,"speed":1.0,"floorPosition":130.87143},{"type":2,"time":9240,"positionX":0.0,"holdTime":0.0,"speed":1.0,"floorPosition":130.97858},{"type":2,"time":9264,"positionX":0.0,"holdTime":0.0,"speed":1.0,"floorPosition":131.3},{"type":2,"time":9296,"positionX":0.0,"holdTime":0.0,"speed":1.0,"floorPosition":131.72858},{"type":2,"time":9328,"positionX":0.0,"holdTime":0.0,"speed":1.0,"floorPosition":132.15714},{"type":2,"time":9336,"positionX":0.0,"holdTime":0.0,"speed":1.0,"floorPosition":132.26428},{"type":2,"time":9344,"positionX":0.0,"holdTime":0.0,"speed":1.0,"floorPosition":132.37143},{"type":1,"time":9360,"positionX":4.0,"holdTime":0.0,"speed":1.0,"floorPosition":132.58571},{"type":1,"time":9376,"positionX":-1.75,"holdTime":0.0,"speed":1.0,"floorPosition":132.8},{"type":1,"time":9424,"positionX":2.25,"holdTime":0.0,"speed":1.0,"floorPosition":133.44286},{"type":1,"time":9456,"positionX":-3.75,"holdTime":0.0,"speed":1.0,"floorPosition":133.87143},{"type":1,"time":9488,"positionX":1.5,"holdTime":0.0,"speed":1.0,"floorPosition":134.3},{"type":1,"time":9520,"positionX":-4.908321,"holdTime":0.0,"speed":1.0,"floorPosition":134.72858},{"type":1,"time":9584,"positionX":-2.5,"holdTime":0.0,"speed":1.0,"floorPosition":135.58571},{"type":1,"time":9616,"positionX":2.25,"holdTime":0.0,"speed":1.0,"floorPosition":136.01428},{"type":2,"time":9632,"positionX":1.75,"holdTime":0.0,"speed":1.0,"floorPosition":136.22858},{"type":1,"time":9664,"positionX":-1.5,"holdTime":0.0,"speed":1.0,"floorPosition":136.65714},{"type":2,"time":9688,"positionX":-2.0,"holdTime":0.0,"speed":1.0,"floorPosition":136.97858},{"type":2,"time":9712,"positionX":-2.75,"holdTime":0.0,"speed":1.0,"floorPosition":137.3},{"type":1,"time":9744,"positionX":2.0,"holdTime":0.0,"speed":1.0,"floorPosition":137.72858},{"type":1,"time":9776,"positionX":-1.25,"holdTime":0.0,"speed":1.0,"floorPosition":138.15714},{"type":1,"time":9808,"positionX":1.5,"holdTime":0.0,"speed":1.0,"floorPosition":138.58571},{"type":1,"time":9840,"positionX":4.0,"holdTime":0.0,"speed":1.0,"floorPosition":139.01428},{"type":1,"time":9888,"positionX":2.25,"holdTime":0.0,"speed":1.0,"floorPosition":139.65714},{"type":1,"time":9936,"positionX":-1.25,"holdTime":0.0,"speed":1.0,"floorPosition":140.3},{"type":1,"time":9968,"positionX":4.25,"holdTime":0.0,"speed":1.0,"floorPosition":140.72858},{"type":1,"time":10000,"positionX":2.25,"holdTime":0.0,"speed":1.0,"floorPosition":141.15714},{"type":1,"time":10032,"positionX":-2.75,"holdTime":0.0,"speed":1.0,"floorPosition":141.58571},{"type":1,"time":10064,"positionX":2.5,"holdTime":0.0,"speed":1.0,"floorPosition":142.01428},{"type":1,"time":10096,"positionX":-4.5,"holdTime":0.0,"speed":1.0,"floorPosition":142.44286},{"type":2,"time":10128,"positionX":0.0,"holdTime":0.0,"speed":1.0,"floorPosition":142.87143},{"type":2,"time":10144,"positionX":0.0,"holdTime":0.0,"speed":1.0,"floorPosition":143.08571},{"type":2,"time":10176,"positionX":0.0,"holdTime":0.0,"speed":1.0,"floorPosition":143.51428},{"type":2,"time":10200,"positionX":0.0,"holdTime":0.0,"speed":1.0,"floorPosition":143.83571},{"type":2,"time":10224,"positionX":0.0,"holdTime":0.0,"speed":1.0,"floorPosition":144.15714},{"type":3,"time":10240,"positionX":-4.0,"holdTime":128.0,"speed":1.5,"floorPosition":144.37143},{"type":3,"time":10368,"positionX":2.25,"holdTime":128.0,"speed":1.5,"floorPosition":146.08571},{"type":3,"time":10496,"positionX":-1.75,"holdTime":128.0,"speed":1.5,"floorPosition":147.8},{"type":3,"time":10624,"positionX":3.0,"holdTime":128.0,"speed":1.5,"floorPosition":149.51428},{"type":3,"time":10752,"positionX":-3.25,"holdTime":128.0,"speed":1.5,"floorPosition":151.22858},{"type":3,"time":10880,"positionX":2.25,"holdTime":128.0,"speed":1.5,"floorPosition":152.94286},{"type":3,"time":11008,"positionX":-1.25,"holdTime":128.0,"speed":1.5,"floorPosition":154.65714},{"type":3,"time":11136,"positionX":4.25,"holdTime":128.0,"speed":1.5,"floorPosition":156.37143},{"type":3,"time":11264,"positionX":-4.0,"holdTime":128.0,"speed":1.5,"floorPosition":158.08571},{"type":3,"time":11392,"positionX":2.0,"holdTime":128.0,"speed":1.5,"floorPosition":159.8},{"type":3,"time":11520,"positionX":-1.5,"holdTime":128.0,"speed":1.5,"floorPosition":161.51428},{"type":3,"time":11648,"positionX":3.0,"holdTime":128.0,"speed":1.5,"floorPosition":163.22858},{"type":3,"time":11776,"positionX":-3.75,"holdTime":128.0,"speed":1.5,"floorPosition":164.94286},{"type":3,"time":11904,"positionX":2.5,"holdTime":128.0,"speed":1.5,"floorPosition":166.65714},{"type":3,"time":12032,"positionX":-2.0,"holdTime":128.0,"speed":1.5,"floorPosition":168.37143},{"type":3,"time":12160,"positionX":5.0,"holdTime":128.0,"speed":1.5,"floorPosition":170.08571},{"type":3,"time":12288,"positionX":-3.0,"holdTime":64.0,"speed":1.5,"floorPosition":171.8},{"type":3,"time":12352,"positionX":3.5,"holdTime":32.0,"speed":1.5,"floorPosition":172.65714},{"type":3,"time":12384,"positionX":-4.0,"holdTime":32.0,"speed":1.5,"floorPosition":173.08571},{"type":2,"time":12432,"positionX":-1.0,"holdTime":0.0,"speed":1.0,"floorPosition":173.72858},{"type":2,"time":12464,"positionX":-1.0,"holdTime":0.0,"speed":1.0,"floorPosition":174.15714},{"type":2,"time":12496,"positionX":-1.0,"holdTime":0.0,"speed":1.0,"floorPosition":174.58571},{"type":2,"time":12528,"positionX":-1.0,"holdTime":0.0,"speed":1.0,"floorPosition":175.01428},{"type":2,"time":12560,"positionX":-1.0,"holdTime":0.0,"speed":1.0,"floorPosition":175.44286},{"type":2,"time":12592,"positionX":-1.5,"holdTime":0.0,"speed":1.0,"floorPosition":175.87143},{"type":2,"time":12624,"positionX":-1.25,"holdTime":0.0,"speed":1.0,"floorPosition":176.3},{"type":2,"time":12656,"positionX":-1.0,"holdTime":0.0,"speed":1.0,"floorPosition":176.72858},{"type":2,"time":12688,"positionX":-1.0,"holdTime":0.0,"speed":1.0,"floorPosition":177.15714},{"type":2,"time":12720,"positionX":-1.0,"holdTime":0.0,"speed":1.0,"floorPosition":177.58571},{"type":2,"time":12752,"positionX":-1.0,"holdTime":0.0,"speed":1.0,"floorPosition":178.01428},{"type":2,"time":12784,"positionX":-0.25,"holdTime":0.0,"speed":1.0,"floorPosition":178.44286},{"type":2,"time":12816,"positionX":0.25,"holdTime":0.0,"speed":1.0,"floorPosition":178.87143},{"type":2,"time":12848,"positionX":0.5,"holdTime":0.0,"speed":1.0,"floorPosition":179.3},{"type":2,"time":12880,"positionX":0.75,"holdTime":0.0,"speed":1.0,"floorPosition":179.72858},{"type":2,"time":12912,"positionX":0.75,"holdTime":0.0,"speed":1.0,"floorPosition":180.15714},{"type":2,"time":12928,"positionX":3.892807,"holdTime":0.0,"speed":1.0,"floorPosition":180.37143},{"type":2,"time":12944,"positionX":0.75,"holdTime":0.0,"speed":1.0,"floorPosition":180.58571},{"type":2,"time":12976,"positionX":1.0,"holdTime":0.0,"speed":1.0,"floorPosition":181.01428},{"type":2,"time":13008,"positionX":1.0,"holdTime":0.0,"speed":1.0,"floorPosition":181.44286},{"type":2,"time":13040,"positionX":1.0,"holdTime":0.0,"speed":1.0,"floorPosition":181.87143},{"type":2,"time":13072,"positionX":1.0,"holdTime":0.0,"speed":1.0,"floorPosition":182.3},{"type":2,"time":13104,"positionX":1.0,"holdTime":0.0,"speed":1.0,"floorPosition":182.72858},{"type":2,"time":13136,"positionX":1.0,"holdTime":0.0,"speed":1.0,"floorPosition":183.15714},{"type":2,"time":13168,"positionX":1.0,"holdTime":0.0,"speed":1.0,"floorPosition":183.58571},{"type":2,"time":13200,"positionX":1.0,"holdTime":0.0,"speed":1.0,"floorPosition":184.01428},{"type":2,"time":13232,"positionX":0.25,"holdTime":0.0,"speed":1.0,"floorPosition":184.44286},{"type":2,"time":13264,"positionX":-0.5,"holdTime":0.0,"speed":1.0,"floorPosition":184.87143},{"type":2,"time":13296,"positionX":-1.0,"holdTime":0.0,"speed":1.0,"floorPosition":185.3},{"type":2,"time":13328,"positionX":-1.25,"holdTime":0.0,"speed":1.0,"floorPosition":185.72858},{"type":2,"time":13360,"positionX":-1.25,"holdTime":0.0,"speed":1.0,"floorPosition":186.15714},{"type":2,"time":13392,"positionX":-1.25,"holdTime":0.0,"speed":1.0,"floorPosition":186.58571},{"type":2,"time":13424,"positionX":-1.25,"holdTime":0.0,"speed":1.0,"floorPosition":187.01428},{"type":2,"time":13440,"positionX":0.25,"holdTime":0.0,"speed":1.0,"floorPosition":187.22858},{"type":2,"time":13448,"positionX":0.25,"holdTime":0.0,"speed":1.0,"floorPosition":187.34286},{"type":2,"time":13456,"positionX":0.0,"holdTime":0.0,"speed":1.0,"floorPosition":187.45715},{"type":2,"time":13464,"positionX":0.0,"holdTime":0.0,"speed":1.0,"floorPosition":187.57143},{"type":2,"time":13472,"positionX":0.0,"holdTime":0.0,"speed":1.0,"floorPosition":187.68571},{"type":2,"time":13504,"positionX":0.25,"holdTime":0.0,"speed":1.0,"floorPosition":188.14287},{"type":2,"time":13512,"positionX":0.25,"holdTime":0.0,"speed":1.0,"floorPosition":188.25714},{"type":2,"time":13520,"positionX":0.25,"holdTime":0.0,"speed":1.0,"floorPosition":188.37143},{"type":2,"time":13528,"positionX":0.25,"holdTime":0.0,"speed":1.0,"floorPosition":188.48572},{"type":2,"time":13536,"positionX":0.25,"holdTime":0.0,"speed":1.0,"floorPosition":188.6},{"type":2,"time":13568,"positionX":1.0,"holdTime":0.0,"speed":1.0,"floorPosition":189.05714},{"type":2,"time":13576,"positionX":1.0,"holdTime":0.0,"speed":1.0,"floorPosition":189.17143},{"type":2,"time":13584,"positionX":1.0,"holdTime":0.0,"speed":1.0,"floorPosition":189.28572},{"type":2,"time":13592,"positionX":1.0,"holdTime":0.0,"speed":1.0,"floorPosition":189.40001},{"type":2,"time":13600,"positionX":1.0,"holdTime":0.0,"speed":1.0,"floorPosition":189.5143},{"type":2,"time":13632,"positionX":-2.5,"holdTime":0.0,"speed":1.0,"floorPosition":189.97144},{"type":2,"time":13640,"positionX":-2.5,"holdTime":0.0,"speed":1.0,"floorPosition":190.08572},{"type":2,"time":13648,"positionX":-2.5,"holdTime":0.0,"speed":1.0,"floorPosition":190.20001},{"type":2,"time":13656,"positionX":-2.5,"holdTime":0.0,"speed":1.0,"floorPosition":190.31429},{"type":2,"time":13664,"positionX":-2.5,"holdTime":0.0,"speed":1.0,"floorPosition":190.42857},{"type":2,"time":13696,"positionX":3.5,"holdTime":0.0,"speed":1.0,"floorPosition":190.88573},{"type":2,"time":13704,"positionX":3.5,"holdTime":0.0,"speed":1.0,"floorPosition":191.0},{"type":2,"time":13712,"positionX":3.5,"holdTime":0.0,"speed":1.0,"floorPosition":191.11429},{"type":2,"time":13720,"positionX":3.5,"holdTime":0.0,"speed":1.0,"floorPosition":191.22858},{"type":2,"time":13728,"positionX":3.5,"holdTime":0.0,"speed":1.0,"floorPosition":191.34286},{"type":2,"time":13760,"positionX":-2.75,"holdTime":0.0,"speed":1.0,"floorPosition":191.8},{"type":2,"time":13768,"positionX":-2.75,"holdTime":0.0,"speed":1.0,"floorPosition":191.91429},{"type":2,"time":13776,"positionX":-2.75,"holdTime":0.0,"speed":1.0,"floorPosition":192.02858},{"type":2,"time":13784,"positionX":-2.75,"holdTime":0.0,"speed":1.0,"floorPosition":192.14287},{"type":2,"time":13792,"positionX":-2.5,"holdTime":0.0,"speed":1.0,"floorPosition":192.25714},{"type":2,"time":13824,"positionX":0.75,"holdTime":0.0,"speed":1.0,"floorPosition":192.7143},{"type":2,"time":13832,"positionX":0.75,"holdTime":0.0,"speed":1.0,"floorPosition":192.82858},{"type":2,"time":13840,"positionX":0.75,"holdTime":0.0,"speed":1.0,"floorPosition":192.94286},{"type":2,"time":13848,"positionX":0.75,"holdTime":0.0,"speed":1.0,"floorPosition":193.05714},{"type":2,"time":13856,"positionX":0.75,"holdTime":0.0,"speed":1.0,"floorPosition":193.17143},{"type":2,"time":13888,"positionX":-1.5,"holdTime":0.0,"speed":1.0,"floorPosition":193.62857},{"type":2,"time":13896,"positionX":-1.5,"holdTime":0.0,"speed":1.0,"floorPosition":193.74286},{"type":2,"time":13904,"positionX":-1.75,"holdTime":0.0,"speed":1.0,"floorPosition":193.85715},{"type":2,"time":13912,"positionX":-1.75,"holdTime":0.0,"speed":1.0,"floorPosition":193.97144},{"type":2,"time":13920,"positionX":-1.689655,"holdTime":0.0,"speed":1.0,"floorPosition":194.08572},{"type":2,"time":13952,"positionX":1.827587,"holdTime":0.0,"speed":1.1,"floorPosition":194.54286},{"type":2,"time":13960,"positionX":2.0,"holdTime":0.0,"speed":1.1,"floorPosition":194.65715},{"type":2,"time":13968,"positionX":2.0,"holdTime":0.0,"speed":1.1,"floorPosition":194.77144},{"type":2,"time":13976,"positionX":2.0,"holdTime":0.0,"speed":1.1,"floorPosition":194.88573},{"type":2,"time":13984,"positionX":2.25,"holdTime":0.0,"speed":1.1,"floorPosition":195.0},{"type":2,"time":14016,"positionX":2.586207,"holdTime":0.0,"speed":1.1,"floorPosition":195.45715},{"type":2,"time":14024,"positionX":2.517241,"holdTime":0.0,"speed":1.1,"floorPosition":195.57143},{"type":2,"time":14032,"positionX":2.534482,"holdTime":0.0,"speed":1.1,"floorPosition":195.68571},{"type":2,"time":14040,"positionX":2.619122,"holdTime":0.0,"speed":1.1,"floorPosition":195.8},{"type":2,"time":14048,"positionX":2.689656,"holdTime":0.0,"speed":1.1,"floorPosition":195.91429},{"type":2,"time":14080,"positionX":1.25,"holdTime":0.0,"speed":1.2,"floorPosition":196.37143},{"type":2,"time":14088,"positionX":1.25,"holdTime":0.0,"speed":1.2,"floorPosition":196.48572},{"type":2,"time":14096,"positionX":1.25,"holdTime":0.0,"speed":1.2,"floorPosition":196.6},{"type":2,"time":14104,"positionX":1.25,"holdTime":0.0,"speed":1.2,"floorPosition":196.7143},{"type":2,"time":14112,"positionX":1.25,"holdTime":0.0,"speed":1.2,"floorPosition":196.82858},{"type":2,"time":14144,"positionX":-0.2931032,"holdTime":0.0,"speed":1.2,"floorPosition":197.28572},{"type":2,"time":14152,"positionX":-0.2413788,"holdTime":0.0,"speed":1.2,"floorPosition":197.40001},{"type":2,"time":14160,"positionX":-0.4099613,"holdTime":0.0,"speed":1.2,"floorPosition":197.5143},{"type":2,"time":14168,"positionX":-0.4561126,"holdTime":0.0,"speed":1.2,"floorPosition":197.62857},{"type":2,"time":14176,"positionX":-0.3965511,"holdTime":0.0,"speed":1.2,"floorPosition":197.74286},{"type":2,"time":14208,"positionX":0.0,"holdTime":0.0,"speed":1.3,"floorPosition":198.20001},{"type":2,"time":14216,"positionX":0.0,"holdTime":0.0,"speed":1.3,"floorPosition":198.31429},{"type":2,"time":14224,"positionX":0.0,"holdTime":0.0,"speed":1.3,"floorPosition":198.42857},{"type":2,"time":14232,"positionX":0.0,"holdTime":0.0,"speed":1.3,"floorPosition":198.54286},{"type":2,"time":14240,"positionX":0.0,"holdTime":0.0,"speed":1.3,"floorPosition":198.65715},{"type":2,"time":14248,"positionX":0.0,"holdTime":0.0,"speed":1.3,"floorPosition":198.77144},{"type":2,"time":14256,"positionX":0.0,"holdTime":0.0,"speed":1.3,"floorPosition":198.88573},{"type":2,"time":14264,"positionX":0.0,"holdTime":0.0,"speed":1.3,"floorPosition":199.0},{"type":2,"time":14272,"positionX":0.0,"holdTime":0.0,"speed":1.3,"floorPosition":199.11429},{"type":2,"time":14280,"positionX":0.0,"holdTime":0.0,"speed":1.3,"floorPosition":199.22858},{"type":2,"time":14288,"positionX":0.0,"holdTime":0.0,"speed":1.3,"floorPosition":199.34286},{"type":2,"time":14296,"positionX":0.0,"holdTime":0.0,"speed":1.3,"floorPosition":199.45715},{"type":2,"time":14304,"positionX":0.0,"holdTime":0.0,"speed":1.3,"floorPosition":199.57143},{"type":2,"time":14312,"positionX":0.0,"holdTime":0.0,"speed":1.3,"floorPosition":199.68571},{"type":2,"time":14320,"positionX":0.0,"holdTime":0.0,"speed":1.3,"floorPosition":199.8},{"type":2,"time":14328,"positionX":0.0,"holdTime":0.0,"speed":1.3,"floorPosition":199.91429},{"type":2,"time":14336,"positionX":-0.75,"holdTime":0.0,"speed":1.3,"floorPosition":200.02858},{"type":2,"time":14360,"positionX":-0.3667145,"holdTime":0.0,"speed":1.3,"floorPosition":200.37143},{"type":2,"time":14384,"positionX":-0.5,"holdTime":0.0,"speed":1.3,"floorPosition":200.7143},{"type":2,"time":14408,"positionX":-0.05641747,"holdTime":0.0,"speed":1.3,"floorPosition":201.05714},{"type":2,"time":14432,"positionX":0.5923843,"holdTime":0.0,"speed":1.3,"floorPosition":201.40001},{"type":2,"time":14448,"positionX":1.25,"holdTime":0.0,"speed":1.3,"floorPosition":201.62857},{"type":2,"time":14720,"positionX":-1.068965,"holdTime":0.0,"speed":1.0,"floorPosition":205.71428},{"type":2,"time":14744,"positionX":-1.0,"holdTime":0.0,"speed":1.0,"floorPosition":206.07857},{"type":2,"time":14768,"positionX":-1.413794,"holdTime":0.0,"speed":1.0,"floorPosition":206.44286},{"type":2,"time":14792,"positionX":-2.25,"holdTime":0.0,"speed":1.0,"floorPosition":206.80714},{"type":2,"time":14816,"positionX":-2.25,"holdTime":0.0,"speed":1.0,"floorPosition":207.17143},{"type":2,"time":14832,"positionX":-2.75,"holdTime":0.0,"speed":1.0,"floorPosition":207.41429},{"type":1,"time":14848,"positionX":1.25,"holdTime":0.0,"speed":1.0,"floorPosition":207.65714},{"type":2,"time":14872,"positionX":2.0,"holdTime":0.0,"speed":1.0,"floorPosition":208.02142},{"type":2,"time":14896,"positionX":2.5,"holdTime":0.0,"speed":1.0,"floorPosition":208.38571},{"type":2,"time":14920,"positionX":3.0,"holdTime":0.0,"speed":1.0,"floorPosition":208.75},{"type":2,"time":14944,"positionX":3.25,"holdTime":0.0,"speed":1.0,"floorPosition":209.11429},{"type":2,"time":14952,"positionX":3.25,"holdTime":0.0,"speed":1.0,"floorPosition":209.23572},{"type":2,"time":14960,"positionX":3.25,"holdTime":0.0,"speed":1.0,"floorPosition":209.35715},{"type":2,"time":14968,"positionX":3.25,"holdTime":0.0,"speed":1.0,"floorPosition":209.47858},{"type":2,"time":14976,"positionX":3.086207,"holdTime":0.0,"speed":1.0,"floorPosition":209.6},{"type":1,"time":15008,"positionX":-0.5,"holdTime":0.0,"speed":1.0,"floorPosition":210.08571},{"type":2,"time":15024,"positionX":1.25,"holdTime":0.0,"speed":1.0,"floorPosition":210.32857},{"type":1,"time":15056,"positionX":-1.25,"holdTime":0.0,"speed":1.0,"floorPosition":210.81429},{"type":2,"time":15072,"positionX":-0.25,"holdTime":0.0,"speed":1.0,"floorPosition":211.05714},{"type":2,"time":15088,"positionX":0.5,"holdTime":0.0,"speed":1.0,"floorPosition":211.3},{"type":2,"time":15104,"positionX":1.137932,"holdTime":0.0,"speed":1.0,"floorPosition":211.54286},{"type":1,"time":15168,"positionX":1.25,"holdTime":0.0,"speed":1.0,"floorPosition":212.51428},{"type":2,"time":15232,"positionX":-0.5,"holdTime":0.0,"speed":1.0,"floorPosition":213.48572},{"type":2,"time":15256,"positionX":-1.0,"holdTime":0.0,"speed":1.0,"floorPosition":213.85},{"type":2,"time":15280,"positionX":-1.5,"holdTime":0.0,"speed":1.0,"floorPosition":214.21428},{"type":2,"time":15304,"positionX":-2.0,"holdTime":0.0,"speed":1.0,"floorPosition":214.57857},{"type":1,"time":15328,"positionX":0.25,"holdTime":0.0,"speed":1.0,"floorPosition":214.94286},{"type":2,"time":15360,"positionX":1.5,"holdTime":0.0,"speed":1.0,"floorPosition":215.42857},{"type":2,"time":15384,"positionX":1.75,"holdTime":0.0,"speed":1.0,"floorPosition":215.79286},{"type":2,"time":15408,"positionX":2.25,"holdTime":0.0,"speed":1.0,"floorPosition":216.15715},{"type":2,"time":15432,"positionX":2.75,"holdTime":0.0,"speed":1.0,"floorPosition":216.52142},{"type":2,"time":15456,"positionX":3.5,"holdTime":0.0,"speed":1.0,"floorPosition":216.88571},{"type":2,"time":15464,"positionX":3.0,"holdTime":0.0,"speed":1.0,"floorPosition":217.00714},{"type":2,"time":15472,"positionX":2.5,"holdTime":0.0,"speed":1.0,"floorPosition":217.12857},{"type":2,"time":15480,"positionX":1.75,"holdTime":0.0,"speed":1.0,"floorPosition":217.25},{"type":2,"time":15488,"positionX":1.0,"holdTime":0.0,"speed":1.0,"floorPosition":217.37143},{"type":2,"time":15520,"positionX":-1.0,"holdTime":0.0,"speed":1.0,"floorPosition":217.85715},{"type":2,"time":15536,"positionX":-2.25,"holdTime":0.0,"speed":1.0,"floorPosition":218.1},{"type":2,"time":15544,"positionX":-2.5,"holdTime":0.0,"speed":1.0,"floorPosition":218.22144},{"type":2,"time":15552,"positionX":-3.0,"holdTime":0.0,"speed":1.0,"floorPosition":218.34285},{"type":2,"time":15568,"positionX":-1.25,"holdTime":0.0,"speed":1.0,"floorPosition":218.58571},{"type":2,"time":15584,"positionX":-0.75,"holdTime":0.0,"speed":1.0,"floorPosition":218.82857},{"type":2,"time":15600,"positionX":-0.5,"holdTime":0.0,"speed":1.0,"floorPosition":219.07143},{"type":2,"time":15616,"positionX":0.3965521,"holdTime":0.0,"speed":1.0,"floorPosition":219.31429},{"type":1,"time":15664,"positionX":3.0,"holdTime":0.0,"speed":1.0,"floorPosition":220.04286},{"type":1,"time":15712,"positionX":0.0,"holdTime":0.0,"speed":1.0,"floorPosition":220.77142},{"type":1,"time":15744,"positionX":-1.5,"holdTime":0.0,"speed":1.0,"floorPosition":221.25714},{"type":1,"time":15792,"positionX":3.034482,"holdTime":0.0,"speed":1.0,"floorPosition":221.98572},{"type":1,"time":15840,"positionX":-3.051724,"holdTime":0.0,"speed":1.0,"floorPosition":222.71428},{"type":1,"time":15872,"positionX":1.844828,"holdTime":0.0,"speed":1.0,"floorPosition":223.2},{"type":1,"time":15920,"positionX":-4.568966,"holdTime":0.0,"speed":1.0,"floorPosition":223.92857},{"type":1,"time":15968,"positionX":-3.75,"holdTime":0.0,"speed":1.0,"floorPosition":224.65715},{"type":1,"time":16000,"positionX":3.5,"holdTime":0.0,"speed":1.0,"floorPosition":225.14285},{"type":1,"time":16048,"positionX":-3.0,"holdTime":0.0,"speed":1.0,"floorPosition":225.87143},{"type":1,"time":16096,"positionX":1.5,"holdTime":0.0,"speed":1.0,"floorPosition":226.6},{"type":1,"time":16128,"positionX":-3.0,"holdTime":0.0,"speed":1.0,"floorPosition":227.08571},{"type":1,"time":16192,"positionX":-1.5,"holdTime":0.0,"speed":1.0,"floorPosition":228.05714},{"type":2,"time":16216,"positionX":-0.5,"holdTime":0.0,"speed":1.0,"floorPosition":228.42143},{"type":2,"time":16240,"positionX":1.0,"holdTime":0.0,"speed":1.0,"floorPosition":228.78572},{"type":2,"time":16256,"positionX":1.879311,"holdTime":0.0,"speed":1.0,"floorPosition":229.02856},{"type":1,"time":16304,"positionX":-0.25,"holdTime":0.0,"speed":1.0,"floorPosition":229.75714},{"type":1,"time":16352,"positionX":2.0,"holdTime":0.0,"speed":1.0,"floorPosition":230.48572},{"type":2,"time":16368,"positionX":2.25862,"holdTime":0.0,"speed":1.0,"floorPosition":230.72858},{"type":2,"time":16384,"positionX":2.603449,"holdTime":0.0,"speed":1.0,"floorPosition":230.97144},{"type":1,"time":16432,"positionX":-2.25,"holdTime":0.0,"speed":1.0,"floorPosition":231.7},{"type":1,"time":16480,"positionX":0.75,"holdTime":0.0,"speed":1.0,"floorPosition":232.42857},{"type":1,"time":16512,"positionX":-1.75,"holdTime":0.0,"speed":1.0,"floorPosition":232.91429},{"type":1,"time":16544,"positionX":1.0,"holdTime":0.0,"speed":1.0,"floorPosition":233.4},{"type":1,"time":16576,"positionX":-1.25,"holdTime":0.0,"speed":1.0,"floorPosition":233.88571},{"type":1,"time":16608,"positionX":1.75,"holdTime":0.0,"speed":1.0,"floorPosition":234.37143},{"type":2,"time":16640,"positionX":-2.224138,"holdTime":0.0,"speed":1.0,"floorPosition":234.85715},{"type":2,"time":16664,"positionX":3.706898,"holdTime":0.0,"speed":1.0,"floorPosition":235.22144},{"type":2,"time":16688,"positionX":-3.827586,"holdTime":0.0,"speed":1.0,"floorPosition":235.58571},{"type":2,"time":16720,"positionX":3.517241,"holdTime":0.0,"speed":1.0,"floorPosition":236.07143},{"type":2,"time":16736,"positionX":-4.224138,"holdTime":0.0,"speed":1.0,"floorPosition":236.31429},{"type":2,"time":16752,"positionX":-5.034483,"holdTime":0.0,"speed":1.0,"floorPosition":236.55714},{"type":3,"time":16768,"positionX":0.0,"holdTime":256.0,"speed":1.7,"floorPosition":236.8}],"notesBelow":[],"speedEvents":[{"startTime":0.0,"endTime":8096.0,"value":1.6},{"startTime":8096.0,"endTime":13440.0,"value":1.5},{"startTime":13440.0,"endTime":14496.0,"value":1.6},{"startTime":14496.0,"endTime":1000000000.0,"value":1.7}],"judgeLineMoveEvents":[{"startTime":-999999.0,"endTime":0.0,"start":0.5,"end":0.5,"start2":0.5,"end2":0.5},{"startTime":0.0,"endTime":4.0,"start":0.5,"end":0.5,"start2":0.5,"end2":0.47275427},{"startTime":4.0,"endTime":8.0,"start":0.5,"end":0.5,"start2":0.47275427,"end2":0.44720817},{"startTime":8.0,"endTime":12.0,"start":0.5,"end":0.5,"start2":0.44720817,"end2":0.42330706},{"startTime":12.0,"endTime":16.0,"start":0.5,"end":0.5,"start2":0.42330706,"end2":0.40099624},{"startTime":16.0,"endTime":20.0,"start":0.5,"end":0.5,"start2":0.40099624,"end2":0.38022104},{"startTime":20.0,"endTime":24.0,"start":0.5,"end":0.5,"start2":0.38022104,"end2":0.36092684},{"startTime":24.0,"endTime":28.0,"start":0.5,"end":0.5,"start2":0.36092684,"end2":0.34305882},{"startTime":28.0,"endTime":32.0,"start":0.5,"end":0.5,"start2":0.34305882,"end2":0.3265625},{"startTime":32.0,"endTime":36.0,"start":0.5,"end":0.5,"start2":0.3265625,"end2":0.31139928},{"startTime":36.0,"endTime":40.0,"start":0.5,"end":0.5,"start2":0.31139928,"end2":0.2974969},{"startTime":40.0,"endTime":44.0,"start":0.5,"end":0.5,"start2":0.2974969,"end2":0.2848008},{"startTime":44.0,"endTime":48.0,"start":0.5,"end":0.5,"start2":0.2848008,"end2":0.27325624},{"startTime":48.0,"endTime":52.0,"start":0.5,"end":0.5,"start2":0.27325624,"end2":0.26280856},{"startTime":52.0,"endTime":56.0,"start":0.5,"end":0.5,"start2":0.26280856,"end2":0.25340307},{"startTime":56.0,"endTime":60.0,"start":0.5,"end":0.5,"start2":0.25340307,"end2":0.24498509},{"startTime":60.0,"endTime":64.0,"start":0.5,"end":0.5,"start2":0.24498509,"end2":0.23749998},{"startTime":64.0,"endTime":68.0,"start":0.5,"end":0.5,"start2":0.23749998,"end2":0.23090363},{"startTime":68.0,"endTime":72.0,"start":0.5,"end":0.5,"start2":0.23090363,"end2":0.22512941},{"startTime":72.0,"endTime":76.0,"start":0.5,"end":0.5,"start2":0.22512941,"end2":0.22012267},{"startTime":76.0,"endTime":80.0,"start":0.5,"end":0.5,"start2":0.22012267,"end2":0.21582875},{"startTime":80.0,"endTime":84.0,"start":0.5,"end":0.5,"start2":0.21582875,"end2":0.21219294},{"startTime":84.0,"endTime":88.0,"start":0.5,"end":0.5,"start2":0.21219294,"end2":0.20916055},{"startTime":88.0,"endTime":92.0,"start":0.5,"end":0.5,"start2":0.20916055,"end2":0.20667697},{"startTime":92.0,"endTime":96.0,"start":0.5,"end":0.5,"start2":0.20667697,"end2":0.20468749},{"startTime":96.0,"endTime":100.0,"start":0.5,"end":0.5,"start2":0.20468749,"end2":0.20314237},{"startTime":100.0,"endTime":104.0,"start":0.5,"end":0.5,"start2":0.20314237,"end2":0.20198068},{"startTime":104.0,"endTime":108.0,"start":0.5,"end":0.5,"start2":0.20198068,"end2":0.20114768},{"startTime":108.0,"endTime":112.0,"start":0.5,"end":0.5,"start2":0.20114768,"end2":0.20058875},{"startTime":112.0,"endTime":116.0,"start":0.5,"end":0.5,"start2":0.20058875,"end2":0.20024918},{"startTime":116.0,"endTime":120.0,"start":0.5,"end":0.5,"start2":0.20024918,"end2":0.20007432},{"startTime":120.0,"endTime":124.0,"start":0.5,"end":0.5,"start2":0.20007432,"end2":0.20000948},{"startTime":124.0,"endTime":128.0,"start":0.5,"end":0.5,"start2":0.20000948,"end2":0.19999999},{"startTime":128.0,"endTime":5248.0,"start":0.5,"end":0.5,"start2":0.19999999,"end2":0.19999999},{"startTime":5248.0,"endTime":5249.0,"start":0.5,"end":0.5,"start2":0.19999999,"end2":0.2090819},{"startTime":5249.0,"endTime":5250.0,"start":0.5,"end":0.5,"start2":0.2090819,"end2":0.21759726},{"startTime":5250.0,"endTime":5251.0,"start":0.5,"end":0.5,"start2":0.21759726,"end2":0.2255643},{"startTime":5251.0,"endTime":5252.0,"start":0.5,"end":0.5,"start2":0.2255643,"end2":0.23300123},{"startTime":5252.0,"endTime":5253.0,"start":0.5,"end":0.5,"start2":0.23300123,"end2":0.2399263},{"startTime":5253.0,"endTime":5254.0,"start":0.5,"end":0.5,"start2":0.2399263,"end2":0.24635771},{"startTime":5254.0,"endTime":5255.0,"start":0.5,"end":0.5,"start2":0.24635771,"end2":0.2523137},{"startTime":5255.0,"endTime":5256.0,"start":0.5,"end":0.5,"start2":0.2523137,"end2":0.25781247},{"startTime":5256.0,"endTime":5257.0,"start":0.5,"end":0.5,"start2":0.25781247,"end2":0.26286688},{"startTime":5257.0,"endTime":5258.0,"start":0.5,"end":0.5,"start2":0.26286688,"end2":0.267501},{"startTime":5258.0,"endTime":5259.0,"start":0.5,"end":0.5,"start2":0.267501,"end2":0.27173305},{"startTime":5259.0,"endTime":5260.0,"start":0.5,"end":0.5,"start2":0.27173305,"end2":0.27558124},{"startTime":5260.0,"endTime":5261.0,"start":0.5,"end":0.5,"start2":0.27558124,"end2":0.2790638},{"startTime":5261.0,"endTime":5262.0,"start":0.5,"end":0.5,"start2":0.2790638,"end2":0.28219897},{"startTime":5262.0,"endTime":5263.0,"start":0.5,"end":0.5,"start2":0.28219897,"end2":0.28500494},{"startTime":5263.0,"endTime":5264.0,"start":0.5,"end":0.5,"start2":0.28500494,"end2":0.2875},{"startTime":5264.0,"endTime":5265.0,"start":0.5,"end":0.5,"start2":0.2875,"end2":0.28969878},{"startTime":5265.0,"endTime":5266.0,"start":0.5,"end":0.5,"start2":0.28969878,"end2":0.2916235},{"startTime":5266.0,"endTime":5267.0,"start":0.5,"end":0.5,"start2":0.2916235,"end2":0.29329243},{"startTime":5267.0,"endTime":5268.0,"start":0.5,"end":0.5,"start2":0.29329243,"end2":0.29472372},{"startTime":5268.0,"endTime":5269.0,"start":0.5,"end":0.5,"start2":0.29472372,"end2":0.29593566},{"startTime":5269.0,"endTime":5270.0,"start":0.5,"end":0.5,"start2":0.29593566,"end2":0.29694647},{"startTime":5270.0,"endTime":5271.0,"start":0.5,"end":0.5,"start2":0.29694647,"end2":0.2977743},{"startTime":5271.0,"endTime":5272.0,"start":0.5,"end":0.5,"start2":0.2977743,"end2":0.29843748},{"startTime":5272.0,"endTime":5273.0,"start":0.5,"end":0.5,"start2":0.29843748,"end2":0.29895252},{"startTime":5273.0,"endTime":5274.0,"start":0.5,"end":0.5,"start2":0.29895252,"end2":0.29933974},{"startTime":5274.0,"endTime":5275.0,"start":0.5,"end":0.5,"start2":0.29933974,"end2":0.2996174},{"startTime":5275.0,"endTime":5276.0,"start":0.5,"end":0.5,"start2":0.2996174,"end2":0.29980373},{"startTime":5276.0,"endTime":5277.0,"start":0.5,"end":0.5,"start2":0.29980373,"end2":0.29991692},{"startTime":5277.0,"endTime":5278.0,"start":0.5,"end":0.5,"start2":0.29991692,"end2":0.29997522},{"startTime":5278.0,"endTime":5279.0,"start":0.5,"end":0.5,"start2":0.29997522,"end2":0.29999682},{"startTime":5279.0,"endTime":5280.0,"start":0.5,"end":0.5,"start2":0.29999682,"end2":0.29999998},{"startTime":5280.0,"endTime":5296.0,"start":0.5,"end":0.5,"start2":0.29999998,"end2":0.29999998},{"startTime":5296.0,"endTime":5297.0,"start":0.5,"end":0.5,"start2":0.29999998,"end2":0.30908188},{"startTime":5297.0,"endTime":5298.0,"start":0.5,"end":0.5,"start2":0.30908188,"end2":0.31759727},{"startTime":5298.0,"endTime":5299.0,"start":0.5,"end":0.5,"start2":0.31759727,"end2":0.3255643},{"startTime":5299.0,"endTime":5300.0,"start":0.5,"end":0.5,"start2":0.3255643,"end2":0.33300123},{"startTime":5300.0,"endTime":5301.0,"start":0.5,"end":0.5,"start2":0.33300123,"end2":0.3399263},{"startTime":5301.0,"endTime":5302.0,"start":0.5,"end":0.5,"start2":0.3399263,"end2":0.3463577},{"startTime":5302.0,"endTime":5303.0,"start":0.5,"end":0.5,"start2":0.3463577,"end2":0.3523137},{"startTime":5303.0,"endTime":5304.0,"start":0.5,"end":0.5,"start2":0.3523137,"end2":0.35781246},{"startTime":5304.0,"endTime":5305.0,"start":0.5,"end":0.5,"start2":0.35781246,"end2":0.36286688},{"startTime":5305.0,"endTime":5306.0,"start":0.5,"end":0.5,"start2":0.36286688,"end2":0.367501},{"startTime":5306.0,"endTime":5307.0,"start":0.5,"end":0.5,"start2":0.367501,"end2":0.37173304},{"startTime":5307.0,"endTime":5308.0,"start":0.5,"end":0.5,"start2":0.37173304,"end2":0.37558123},{"startTime":5308.0,"endTime":5309.0,"start":0.5,"end":0.5,"start2":0.37558123,"end2":0.37906379},{"startTime":5309.0,"endTime":5310.0,"start":0.5,"end":0.5,"start2":0.37906379,"end2":0.38219896},{"startTime":5310.0,"endTime":5311.0,"start":0.5,"end":0.5,"start2":0.38219896,"end2":0.38500494},{"startTime":5311.0,"endTime":5312.0,"start":0.5,"end":0.5,"start2":0.38500494,"end2":0.3875},{"startTime":5312.0,"endTime":5313.0,"start":0.5,"end":0.5,"start2":0.3875,"end2":0.38969877},{"startTime":5313.0,"endTime":5314.0,"start":0.5,"end":0.5,"start2":0.38969877,"end2":0.3916235},{"startTime":5314.0,"endTime":5315.0,"start":0.5,"end":0.5,"start2":0.3916235,"end2":0.39329243},{"startTime":5315.0,"endTime":5316.0,"start":0.5,"end":0.5,"start2":0.39329243,"end2":0.3947237},{"startTime":5316.0,"endTime":5317.0,"start":0.5,"end":0.5,"start2":0.3947237,"end2":0.39593565},{"startTime":5317.0,"endTime":5318.0,"start":0.5,"end":0.5,"start2":0.39593565,"end2":0.39694646},{"startTime":5318.0,"endTime":5319.0,"start":0.5,"end":0.5,"start2":0.39694646,"end2":0.3977743},{"startTime":5319.0,"endTime":5320.0,"start":0.5,"end":0.5,"start2":0.3977743,"end2":0.39843747},{"startTime":5320.0,"endTime":5321.0,"start":0.5,"end":0.5,"start2":0.39843747,"end2":0.3989525},{"startTime":5321.0,"endTime":5322.0,"start":0.5,"end":0.5,"start2":0.3989525,"end2":0.39933974},{"startTime":5322.0,"endTime":5323.0,"start":0.5,"end":0.5,"start2":0.39933974,"end2":0.3996174},{"startTime":5323.0,"endTime":5324.0,"start":0.5,"end":0.5,"start2":0.3996174,"end2":0.39980373},{"startTime":5324.0,"endTime":5325.0,"start":0.5,"end":0.5,"start2":0.39980373,"end2":0.39991692},{"startTime":5325.0,"endTime":5326.0,"start":0.5,"end":0.5,"start2":0.39991692,"end2":0.3999752},{"startTime":5326.0,"endTime":5327.0,"start":0.5,"end":0.5,"start2":0.3999752,"end2":0.39999682},{"startTime":5327.0,"endTime":5328.0,"start":0.5,"end":0.5,"start2":0.39999682,"end2":0.39999998},{"startTime":5328.0,"endTime":5344.0,"start":0.5,"end":0.5,"start2":0.39999998,"end2":0.39999998},{"startTime":5344.0,"endTime":5345.0,"start":0.5,"end":0.5,"start2":0.39999998,"end2":0.40908188},{"startTime":5345.0,"endTime":5346.0,"start":0.5,"end":0.5,"start2":0.40908188,"end2":0.41759726},{"startTime":5346.0,"endTime":5347.0,"start":0.5,"end":0.5,"start2":0.41759726,"end2":0.4255643},{"startTime":5347.0,"endTime":5348.0,"start":0.5,"end":0.5,"start2":0.4255643,"end2":0.43300122},{"startTime":5348.0,"endTime":5349.0,"start":0.5,"end":0.5,"start2":0.43300122,"end2":0.4399263},{"startTime":5349.0,"endTime":5350.0,"start":0.5,"end":0.5,"start2":0.4399263,"end2":0.4463577},{"startTime":5350.0,"endTime":5351.0,"start":0.5,"end":0.5,"start2":0.4463577,"end2":0.45231372},{"startTime":5351.0,"endTime":5352.0,"start":0.5,"end":0.5,"start2":0.45231372,"end2":0.4578125},{"startTime":5352.0,"endTime":5353.0,"start":0.5,"end":0.5,"start2":0.4578125,"end2":0.4628669},{"startTime":5353.0,"endTime":5354.0,"start":0.5,"end":0.5,"start2":0.4628669,"end2":0.467501},{"startTime":5354.0,"endTime":5355.0,"start":0.5,"end":0.5,"start2":0.467501,"end2":0.47173306},{"startTime":5355.0,"endTime":5356.0,"start":0.5,"end":0.5,"start2":0.47173306,"end2":0.47558126},{"startTime":5356.0,"endTime":5357.0,"start":0.5,"end":0.5,"start2":0.47558126,"end2":0.4790638},{"startTime":5357.0,"endTime":5358.0,"start":0.5,"end":0.5,"start2":0.4790638,"end2":0.48219895},{"startTime":5358.0,"endTime":5359.0,"start":0.5,"end":0.5,"start2":0.48219895,"end2":0.48500496},{"startTime":5359.0,"endTime":5360.0,"start":0.5,"end":0.5,"start2":0.48500496,"end2":0.4875},{"startTime":5360.0,"endTime":5361.0,"start":0.5,"end":0.5,"start2":0.4875,"end2":0.4896988},{"startTime":5361.0,"endTime":5362.0,"start":0.5,"end":0.5,"start2":0.4896988,"end2":0.49162352},{"startTime":5362.0,"endTime":5363.0,"start":0.5,"end":0.5,"start2":0.49162352,"end2":0.49329245},{"startTime":5363.0,"endTime":5364.0,"start":0.5,"end":0.5,"start2":0.49329245,"end2":0.49472374},{"startTime":5364.0,"endTime":5365.0,"start":0.5,"end":0.5,"start2":0.49472374,"end2":0.49593568},{"startTime":5365.0,"endTime":5366.0,"start":0.5,"end":0.5,"start2":0.49593568,"end2":0.49694648},{"startTime":5366.0,"endTime":5367.0,"start":0.5,"end":0.5,"start2":0.49694648,"end2":0.49777433},{"startTime":5367.0,"endTime":5368.0,"start":0.5,"end":0.5,"start2":0.49777433,"end2":0.4984375},{"startTime":5368.0,"endTime":5369.0,"start":0.5,"end":0.5,"start2":0.4984375,"end2":0.49895254},{"startTime":5369.0,"endTime":5370.0,"start":0.5,"end":0.5,"start2":0.49895254,"end2":0.49933976},{"startTime":5370.0,"endTime":5371.0,"start":0.5,"end":0.5,"start2":0.49933976,"end2":0.49961743},{"startTime":5371.0,"endTime":5372.0,"start":0.5,"end":0.5,"start2":0.49961743,"end2":0.49980375},{"startTime":5372.0,"endTime":5373.0,"start":0.5,"end":0.5,"start2":0.49980375,"end2":0.49991694},{"startTime":5373.0,"endTime":5374.0,"start":0.5,"end":0.5,"start2":0.49991694,"end2":0.49997523},{"startTime":5374.0,"endTime":5375.0,"start":0.5,"end":0.5,"start2":0.49997523,"end2":0.49999684},{"startTime":5375.0,"endTime":5376.0,"start":0.5,"end":0.5,"start2":0.49999684,"end2":0.5},{"startTime":5376.0,"endTime":5380.0,"start":0.5,"end":0.5,"start2":0.5,"end2":0.49970374},{"startTime":5380.0,"endTime":5384.0,"start":0.5,"end":0.5,"start2":0.49970374,"end2":0.4988225},{"startTime":5384.0,"endTime":5388.0,"start":0.5,"end":0.5,"start2":0.4988225,"end2":0.49735624},{"startTime":5388.0,"endTime":5392.0,"start":0.5,"end":0.5,"start2":0.49735624,"end2":0.495305},{"startTime":5392.0,"endTime":5396.0,"start":0.5,"end":0.5,"start2":0.495305,"end2":0.49266875},{"startTime":5396.0,"endTime":5400.0,"start":0.5,"end":0.5,"start2":0.49266875,"end2":0.4894475},{"startTime":5400.0,"endTime":5404.0,"start":0.5,"end":0.5,"start2":0.4894475,"end2":0.48564124},{"startTime":5404.0,"endTime":5408.0,"start":0.5,"end":0.5,"start2":0.48564124,"end2":0.48125},{"startTime":5408.0,"endTime":5412.0,"start":0.5,"end":0.5,"start2":0.48125,"end2":0.47626624},{"startTime":5412.0,"endTime":5416.0,"start":0.5,"end":0.5,"start2":0.47626624,"end2":0.4706975},{"startTime":5416.0,"endTime":5420.0,"start":0.5,"end":0.5,"start2":0.4706975,"end2":0.46454376},{"startTime":5420.0,"endTime":5424.0,"start":0.5,"end":0.5,"start2":0.46454376,"end2":0.457805},{"startTime":5424.0,"endTime":5428.0,"start":0.5,"end":0.5,"start2":0.457805,"end2":0.45048124},{"startTime":5428.0,"endTime":5432.0,"start":0.5,"end":0.5,"start2":0.45048124,"end2":0.4425725},{"startTime":5432.0,"endTime":5436.0,"start":0.5,"end":0.5,"start2":0.4425725,"end2":0.43407875},{"startTime":5436.0,"endTime":5440.0,"start":0.5,"end":0.5,"start2":0.43407875,"end2":0.425},{"startTime":5440.0,"endTime":5444.0,"start":0.5,"end":0.5,"start2":0.425,"end2":0.41532874},{"startTime":5444.0,"endTime":5448.0,"start":0.5,"end":0.5,"start2":0.41532874,"end2":0.4050725},{"startTime":5448.0,"endTime":5452.0,"start":0.5,"end":0.5,"start2":0.4050725,"end2":0.39423126},{"startTime":5452.0,"endTime":5456.0,"start":0.5,"end":0.5,"start2":0.39423126,"end2":0.382805},{"startTime":5456.0,"endTime":5460.0,"start":0.5,"end":0.5,"start2":0.382805,"end2":0.37079373},{"startTime":5460.0,"endTime":5464.0,"start":0.5,"end":0.5,"start2":0.37079373,"end2":0.3581975},{"startTime":5464.0,"endTime":5468.0,"start":0.5,"end":0.5,"start2":0.3581975,"end2":0.34501624},{"startTime":5468.0,"endTime":5472.0,"start":0.5,"end":0.5,"start2":0.34501624,"end2":0.33124998},{"startTime":5472.0,"endTime":5476.0,"start":0.5,"end":0.5,"start2":0.33124998,"end2":0.31689128},{"startTime":5476.0,"endTime":5480.0,"start":0.5,"end":0.5,"start2":0.31689128,"end2":0.3019475},{"startTime":5480.0,"endTime":5484.0,"start":0.5,"end":0.5,"start2":0.3019475,"end2":0.28641874},{"startTime":5484.0,"endTime":5488.0,"start":0.5,"end":0.5,"start2":0.28641874,"end2":0.27030498},{"startTime":5488.0,"endTime":5492.0,"start":0.5,"end":0.5,"start2":0.27030498,"end2":0.25360623},{"startTime":5492.0,"endTime":5496.0,"start":0.5,"end":0.5,"start2":0.25360623,"end2":0.23632249},{"startTime":5496.0,"endTime":5500.0,"start":0.5,"end":0.5,"start2":0.23632249,"end2":0.21845374},{"startTime":5500.0,"endTime":5504.0,"start":0.5,"end":0.5,"start2":0.21845374,"end2":0.19999999},{"startTime":5504.0,"endTime":5508.0,"start":0.5,"end":0.5,"start2":0.19999999,"end2":0.17999999},{"startTime":5508.0,"endTime":5512.0,"start":0.5,"end":0.5,"start2":0.17999999,"end2":0.21},{"startTime":5512.0,"endTime":5516.0,"start":0.5,"end":0.5,"start2":0.21,"end2":0.19999999},{"startTime":5516.0,"endTime":6560.0,"start":0.5,"end":0.5,"start2":0.19999999,"end2":0.19999999},{"startTime":6560.0,"endTime":8096.0,"start":0.5,"end":0.5,"start2":0.19999999,"end2":0.2},{"startTime":8096.0,"endTime":10240.0,"start":0.5,"end":0.5,"start2":0.2,"end2":0.19999999},{"startTime":10240.0,"endTime":10368.0,"start":0.5,"end":0.5,"start2":0.19999999,"end2":0.19999999},{"startTime":10368.0,"endTime":10880.0,"start":0.5,"end":0.38,"start2":0.19999999,"end2":0.19999999},{"startTime":10880.0,"endTime":11904.0,"start":0.38,"end":0.62,"start2":0.19999999,"end2":0.19999999},{"startTime":11904.0,"endTime":12416.0,"start":0.62,"end":0.5,"start2":0.19999999,"end2":0.19999999},{"startTime":12416.0,"endTime":13440.0,"start":0.5,"end":0.5,"start2":0.19999999,"end2":0.19999999},{"startTime":13440.0,"endTime":13952.0,"start":0.5,"end":0.59999996,"start2":0.19999999,"end2":0.19999999},{"startTime":13952.0,"endTime":14336.0,"start":0.59999996,"end":0.5,"start2":0.19999999,"end2":0.19999999},{"startTime":14336.0,"endTime":14464.0,"start":0.5,"end":0.5,"start2":0.19999999,"end2":0.1},{"startTime":14464.0,"endTime":15744.0,"start":0.5,"end":0.5,"start2":0.1,"end2":0.1},{"startTime":15744.0,"endTime":16768.0,"start":0.5,"end":0.5,"start2":0.1,"end2":0.099999994},{"startTime":16768.0,"endTime":16776.0,"start":0.5,"end":0.5,"start2":0.099999994,"end2":0.13632762},{"startTime":16776.0,"endTime":16784.0,"start":0.5,"end":0.5,"start2":0.13632762,"end2":0.1703891},{"startTime":16784.0,"endTime":16792.0,"start":0.5,"end":0.5,"start2":0.1703891,"end2":0.20225723},{"startTime":16792.0,"endTime":16800.0,"start":0.5,"end":0.5,"start2":0.20225723,"end2":0.232005},{"startTime":16800.0,"endTime":16808.0,"start":0.5,"end":0.5,"start2":0.232005,"end2":0.25970525},{"startTime":16808.0,"endTime":16816.0,"start":0.5,"end":0.5,"start2":0.25970525,"end2":0.28543088},{"startTime":16816.0,"endTime":16824.0,"start":0.5,"end":0.5,"start2":0.28543088,"end2":0.30925488},{"startTime":16824.0,"endTime":16832.0,"start":0.5,"end":0.5,"start2":0.30925488,"end2":0.33125},{"startTime":16832.0,"endTime":16840.0,"start":0.5,"end":0.5,"start2":0.33125,"end2":0.35146764},{"startTime":16840.0,"endTime":16848.0,"start":0.5,"end":0.5,"start2":0.35146764,"end2":0.37000412},{"startTime":16848.0,"endTime":16856.0,"start":0.5,"end":0.5,"start2":0.37000412,"end2":0.38693225},{"startTime":16856.0,"endTime":16864.0,"start":0.5,"end":0.5,"start2":0.38693225,"end2":0.402325},{"startTime":16864.0,"endTime":16872.0,"start":0.5,"end":0.5,"start2":0.402325,"end2":0.41625524},{"startTime":16872.0,"endTime":16880.0,"start":0.5,"end":0.5,"start2":0.41625524,"end2":0.42879587},{"startTime":16880.0,"endTime":16888.0,"start":0.5,"end":0.5,"start2":0.42879587,"end2":0.44001988},{"startTime":16888.0,"endTime":16896.0,"start":0.5,"end":0.5,"start2":0.44001988,"end2":0.45},{"startTime":16896.0,"endTime":16904.0,"start":0.5,"end":0.5,"start2":0.45,"end2":0.45879513},{"startTime":16904.0,"endTime":16912.0,"start":0.5,"end":0.5,"start2":0.45879513,"end2":0.4664941},{"startTime":16912.0,"endTime":16920.0,"start":0.5,"end":0.5,"start2":0.4664941,"end2":0.47316974},{"startTime":16920.0,"endTime":16928.0,"start":0.5,"end":0.5,"start2":0.47316974,"end2":0.478895},{"startTime":16928.0,"endTime":16936.0,"start":0.5,"end":0.5,"start2":0.478895,"end2":0.48374274},{"startTime":16936.0,"endTime":16944.0,"start":0.5,"end":0.5,"start2":0.48374274,"end2":0.4877859},{"startTime":16944.0,"endTime":16952.0,"start":0.5,"end":0.5,"start2":0.4877859,"end2":0.49109736},{"startTime":16952.0,"endTime":16960.0,"start":0.5,"end":0.5,"start2":0.49109736,"end2":0.49375},{"startTime":16960.0,"endTime":16968.0,"start":0.5,"end":0.5,"start2":0.49375,"end2":0.49581015},{"startTime":16968.0,"endTime":16976.0,"start":0.5,"end":0.5,"start2":0.49581015,"end2":0.4973591},{"startTime":16976.0,"endTime":16984.0,"start":0.5,"end":0.5,"start2":0.4973591,"end2":0.49846977},{"startTime":16984.0,"endTime":16992.0,"start":0.5,"end":0.5,"start2":0.49846977,"end2":0.49921498},{"startTime":16992.0,"endTime":17000.0,"start":0.5,"end":0.5,"start2":0.49921498,"end2":0.49966773},{"startTime":17000.0,"endTime":17008.0,"start":0.5,"end":0.5,"start2":0.49966773,"end2":0.49990088},{"startTime":17008.0,"endTime":17016.0,"start":0.5,"end":0.5,"start2":0.49990088,"end2":0.49998733},{"startTime":17016.0,"endTime":17024.0,"start":0.5,"end":0.5,"start2":0.49998733,"end2":0.5},{"startTime":17024.0,"endTime":1000000000.0,"start":0.5,"end":0.5,"start2":0.5,"end2":0.5}],"judgeLineRotateEvents":[{"startTime":-999999.0,"endTime":14464.0,"start":0.0,"end":0.0},{"startTime":14464.0,"endTime":14468.0,"start":0.0,"end":2.4473822},{"startTime":14468.0,"endTime":14472.0,"start":2.4473822,"end":4.792969},{"startTime":14472.0,"endTime":14476.0,"start":4.792969,"end":7.0389104},{"startTime":14476.0,"endTime":14480.0,"start":7.0389104,"end":9.187372},{"startTime":14480.0,"endTime":14484.0,"start":9.187372,"end":11.240519},{"startTime":14484.0,"endTime":14488.0,"start":11.240519,"end":13.2005005},{"startTime":14488.0,"endTime":14492.0,"start":13.2005005,"end":15.069481},{"startTime":14492.0,"endTime":14496.0,"start":15.069481,"end":16.84963},{"startTime":14496.0,"endTime":14500.0,"start":16.84963,"end":18.543089},{"startTime":14500.0,"endTime":14504.0,"start":18.543089,"end":20.152033},{"startTime":14504.0,"endTime":14508.0,"start":20.152033,"end":21.67862},{"startTime":14508.0,"endTime":14512.0,"start":21.67862,"end":23.125},{"startTime":14512.0,"endTime":14516.0,"start":23.125,"end":24.491884},{"startTime":14516.0,"endTime":14520.0,"start":24.491884,"end":25.782967},{"startTime":14520.0,"endTime":14524.0,"start":25.782967,"end":27.00041},{"startTime":14524.0,"endTime":14528.0,"start":27.00041,"end":28.146374},{"startTime":14528.0,"endTime":14532.0,"start":28.146374,"end":29.223019},{"startTime":14532.0,"endTime":14536.0,"start":29.223019,"end":30.232502},{"startTime":14536.0,"endTime":14540.0,"start":30.232502,"end":31.176985},{"startTime":14540.0,"endTime":14544.0,"start":31.176985,"end":32.058624},{"startTime":14544.0,"endTime":14548.0,"start":32.058624,"end":32.87959},{"startTime":14548.0,"endTime":14552.0,"start":32.87959,"end":33.642033},{"startTime":14552.0,"endTime":14556.0,"start":33.642033,"end":34.348118},{"startTime":14556.0,"endTime":14560.0,"start":34.348118,"end":35.0},{"startTime":14560.0,"endTime":14564.0,"start":35.0,"end":35.598885},{"startTime":14564.0,"endTime":14568.0,"start":35.598885,"end":36.147964},{"startTime":14568.0,"endTime":14572.0,"start":36.147964,"end":36.64941},{"startTime":14572.0,"endTime":14576.0,"start":36.64941,"end":37.105373},{"startTime":14576.0,"endTime":14580.0,"start":37.105373,"end":37.518017},{"startTime":14580.0,"endTime":14584.0,"start":37.518017,"end":37.8895},{"startTime":14584.0,"endTime":14588.0,"start":37.8895,"end":38.22198},{"startTime":14588.0,"endTime":14592.0,"start":38.22198,"end":38.517628},{"startTime":14592.0,"endTime":14596.0,"start":38.517628,"end":38.77859},{"startTime":14596.0,"endTime":14600.0,"start":38.77859,"end":39.00703},{"startTime":14600.0,"endTime":14604.0,"start":39.00703,"end":39.205116},{"startTime":14604.0,"endTime":14608.0,"start":39.205116,"end":39.375},{"startTime":14608.0,"endTime":14612.0,"start":39.375,"end":39.518387},{"startTime":14612.0,"endTime":14616.0,"start":39.518387,"end":39.637966},{"startTime":14616.0,"endTime":14620.0,"start":39.637966,"end":39.73591},{"startTime":14620.0,"endTime":14624.0,"start":39.73591,"end":39.814373},{"startTime":14624.0,"endTime":14628.0,"start":39.814373,"end":39.87552},{"startTime":14628.0,"endTime":14632.0,"start":39.87552,"end":39.921497},{"startTime":14632.0,"endTime":14636.0,"start":39.921497,"end":39.954483},{"startTime":14636.0,"endTime":14640.0,"start":39.954483,"end":39.976624},{"startTime":14640.0,"endTime":14644.0,"start":39.976624,"end":39.99009},{"startTime":14644.0,"endTime":14648.0,"start":39.99009,"end":39.997032},{"startTime":14648.0,"endTime":14652.0,"start":39.997032,"end":39.999615},{"startTime":14652.0,"endTime":14656.0,"start":39.999615,"end":40.0},{"startTime":14656.0,"endTime":14657.0,"start":40.0,"end":39.9998},{"startTime":14657.0,"endTime":14658.0,"start":39.9998,"end":39.998734},{"startTime":14658.0,"endTime":14659.0,"start":39.998734,"end":39.99576},{"startTime":14659.0,"endTime":14660.0,"start":39.99576,"end":39.99009},{"startTime":14660.0,"endTime":14661.0,"start":39.99009,"end":39.98079},{"startTime":14661.0,"endTime":14662.0,"start":39.98079,"end":39.966774},{"startTime":14662.0,"endTime":14663.0,"start":39.966774,"end":39.947586},{"startTime":14663.0,"endTime":14664.0,"start":39.947586,"end":39.9215},{"startTime":14664.0,"endTime":14665.0,"start":39.9215,"end":39.888664},{"startTime":14665.0,"endTime":14666.0,"start":39.888664,"end":39.846973},{"startTime":14666.0,"endTime":14667.0,"start":39.846973,"end":39.79659},{"startTime":14667.0,"endTime":14668.0,"start":39.79659,"end":39.73591},{"startTime":14668.0,"endTime":14669.0,"start":39.73591,"end":39.664238},{"startTime":14669.0,"endTime":14670.0,"start":39.664238,"end":39.581017},{"startTime":14670.0,"endTime":14671.0,"start":39.581017,"end":39.48432},{"startTime":14671.0,"endTime":14672.0,"start":39.48432,"end":39.375},{"startTime":14672.0,"endTime":14673.0,"start":39.375,"end":39.249554},{"startTime":14673.0,"endTime":14674.0,"start":39.249554,"end":39.109734},{"startTime":14674.0,"endTime":14675.0,"start":39.109734,"end":38.952637},{"startTime":14675.0,"endTime":14676.0,"start":38.952637,"end":38.77859},{"startTime":14676.0,"endTime":14677.0,"start":38.77859,"end":38.58629},{"startTime":14677.0,"endTime":14678.0,"start":38.58629,"end":38.374275},{"startTime":14678.0,"endTime":14679.0,"start":38.374275,"end":38.14321},{"startTime":14679.0,"endTime":14680.0,"start":38.14321,"end":37.8895},{"startTime":14680.0,"endTime":14681.0,"start":37.8895,"end":37.61554},{"startTime":14681.0,"endTime":14682.0,"start":37.61554,"end":37.316975},{"startTime":14682.0,"endTime":14683.0,"start":37.316975,"end":36.99584},{"startTime":14683.0,"endTime":14684.0,"start":36.99584,"end":36.64941},{"startTime":14684.0,"endTime":14685.0,"start":36.64941,"end":36.277363},{"startTime":14685.0,"endTime":14686.0,"start":36.277363,"end":35.879517},{"startTime":14686.0,"endTime":14687.0,"start":35.879517,"end":35.452824},{"startTime":14687.0,"endTime":14688.0,"start":35.452824,"end":35.0},{"startTime":14688.0,"endTime":14689.0,"start":35.0,"end":34.514927},{"startTime":14689.0,"endTime":14690.0,"start":34.514927,"end":34.001987},{"startTime":14690.0,"endTime":14691.0,"start":34.001987,"end":33.456387},{"startTime":14691.0,"endTime":14692.0,"start":33.456387,"end":32.87959},{"startTime":14692.0,"endTime":14693.0,"start":32.87959,"end":32.269913},{"startTime":14693.0,"endTime":14694.0,"start":32.269913,"end":31.625525},{"startTime":14694.0,"endTime":14695.0,"start":31.625525,"end":30.948212},{"startTime":14695.0,"endTime":14696.0,"start":30.948212,"end":30.2325},{"startTime":14696.0,"endTime":14697.0,"start":30.2325,"end":29.483038},{"startTime":14697.0,"endTime":14698.0,"start":29.483038,"end":28.693224},{"startTime":14698.0,"endTime":14699.0,"start":28.693224,"end":27.866962},{"startTime":14699.0,"endTime":14700.0,"start":27.866962,"end":27.00041},{"startTime":14700.0,"endTime":14701.0,"start":27.00041,"end":26.093613},{"startTime":14701.0,"endTime":14702.0,"start":26.093613,"end":25.146763},{"startTime":14702.0,"endTime":14703.0,"start":25.146763,"end":24.155697},{"startTime":14703.0,"endTime":14704.0,"start":24.155697,"end":23.125},{"startTime":14704.0,"endTime":14705.0,"start":23.125,"end":22.045929},{"startTime":14705.0,"endTime":14706.0,"start":22.045929,"end":20.925486},{"startTime":14706.0,"endTime":14707.0,"start":20.925486,"end":19.757011},{"startTime":14707.0,"endTime":14708.0,"start":19.757011,"end":18.543089},{"startTime":14708.0,"endTime":14709.0,"start":18.543089,"end":17.281664},{"startTime":14709.0,"endTime":14710.0,"start":17.281664,"end":15.970526},{"startTime":14710.0,"endTime":14711.0,"start":15.970526,"end":14.612587},{"startTime":14711.0,"endTime":14712.0,"start":14.612587,"end":13.2005005},{"startTime":14712.0,"endTime":14713.0,"start":13.2005005,"end":11.741163},{"startTime":14713.0,"endTime":14714.0,"start":11.741163,"end":10.225725},{"startTime":14714.0,"endTime":14715.0,"start":10.225725,"end":8.659962},{"startTime":14715.0,"endTime":14716.0,"start":8.659962,"end":7.0389104},{"startTime":14716.0,"endTime":14717.0,"start":7.0389104,"end":5.36299},{"startTime":14717.0,"endTime":14718.0,"start":5.36299,"end":3.6327624},{"startTime":14718.0,"endTime":14719.0,"start":3.6327624,"end":1.842947},{"startTime":14719.0,"endTime":14720.0,"start":1.842947,"end":0.0},{"startTime":14720.0,"endTime":14724.0,"start":0.0,"end":0.0},{"startTime":14724.0,"endTime":14728.0,"start":-5.0,"end":2.0},{"startTime":14728.0,"endTime":14732.0,"start":2.0,"end":-1.0},{"startTime":14732.0,"endTime":14736.0,"start":-1.0,"end":0.0},{"startTime":14736.0,"endTime":1000000000.0,"start":0.0,"end":0.0}],"judgeLineDisappearEvents":[{"startTime":-999999.0,"endTime":1000000000.0,"start":1.0,"end":1.0}]}]}