{"formatVersion":1,"offset":0.0,"judgeLineList":[{"bpm":150.0,"notesAbove":[{"type":1,"time":256,"positionX":2.911392,"holdTime":0.0,"speed":1.0,"floorPosition":4.16},{"type":1,"time":384,"positionX":-5.005754,"holdTime":0.0,"speed":1.0,"floorPosition":6.24},{"type":1,"time":512,"positionX":1.081703,"holdTime":0.0,"speed":1.0,"floorPosition":8.32},{"type":1,"time":640,"positionX":-2.485616,"holdTime":0.0,"speed":1.0,"floorPosition":10.4},{"type":1,"time":768,"positionX":1.254315,"holdTime":0.0,"speed":1.0,"floorPosition":12.48},{"type":1,"time":896,"positionX":2.750288,"holdTime":0.0,"speed":1.0,"floorPosition":14.559999},{"type":1,"time":1024,"positionX":-2.289989,"holdTime":0.0,"speed":1.0,"floorPosition":16.64},{"type":1,"time":1152,"positionX":0.5638657,"holdTime":0.0,"speed":1.0,"floorPosition":18.72},{"type":2,"time":1216,"positionX":-4.902186,"holdTime":0.0,"speed":1.0,"floorPosition":19.759998},{"type":2,"time":1224,"positionX":-4.211738,"holdTime":0.0,"speed":1.0,"floorPosition":19.89},{"type":2,"time":1232,"positionX":-3.302647,"holdTime":0.0,"speed":1.0,"floorPosition":20.02},{"type":2,"time":1240,"positionX":-2.60069,"holdTime":0.0,"speed":1.0,"floorPosition":20.15},{"type":2,"time":1248,"positionX":-1.634062,"holdTime":0.0,"speed":1.0,"floorPosition":20.279999},{"type":2,"time":1256,"positionX":-2.589183,"holdTime":0.0,"speed":1.0,"floorPosition":20.41},{"type":2,"time":1264,"positionX":-3.33717,"holdTime":0.0,"speed":1.0,"floorPosition":20.539999},{"type":2,"time":1272,"positionX":-4.234753,"holdTime":0.0,"speed":1.0,"floorPosition":20.67},{"type":1,"time":1280,"positionX":2.612199,"holdTime":0.0,"speed":1.0,"floorPosition":20.8},{"type":2,"time":1312,"positionX":-2.635213,"holdTime":0.0,"speed":1.0,"floorPosition":21.32},{"type":2,"time":1376,"positionX":-2.704258,"holdTime":0.0,"speed":1.0,"floorPosition":22.359999},{"type":1,"time":1408,"positionX":4.948216,"holdTime":0.0,"speed":1.0,"floorPosition":22.88},{"type":2,"time":1440,"positionX":-2.727273,"holdTime":0.0,"speed":1.0,"floorPosition":23.399998},{"type":2,"time":1504,"positionX":-2.715765,"holdTime":0.0,"speed":1.0,"floorPosition":24.439999},{"type":1,"time":1536,"positionX":1.104718,"holdTime":0.0,"speed":1.0,"floorPosition":24.96},{"type":2,"time":1568,"positionX":-5.443038,"holdTime":0.0,"speed":1.0,"floorPosition":25.48},{"type":2,"time":1632,"positionX":-5.512083,"holdTime":0.0,"speed":1.0,"floorPosition":26.519999},{"type":1,"time":1664,"positionX":3.751438,"holdTime":0.0,"speed":1.0,"floorPosition":27.039999},{"type":2,"time":1696,"positionX":-5.546606,"holdTime":0.0,"speed":1.0,"floorPosition":27.559998},{"type":2,"time":1760,"positionX":-5.500575,"holdTime":0.0,"speed":1.0,"floorPosition":28.6},{"type":1,"time":1792,"positionX":1.472959,"holdTime":0.0,"speed":1.0,"floorPosition":29.119999},{"type":2,"time":1824,"positionX":-2.853855,"holdTime":0.0,"speed":1.0,"floorPosition":29.64},{"type":2,"time":1888,"positionX":-2.888378,"holdTime":0.0,"speed":1.0,"floorPosition":30.679998},{"type":1,"time":1920,"positionX":-0.01150703,"holdTime":0.0,"speed":1.0,"floorPosition":31.2},{"type":2,"time":1952,"positionX":2.819332,"holdTime":0.0,"speed":1.0,"floorPosition":31.719997},{"type":2,"time":2016,"positionX":2.807825,"holdTime":0.0,"speed":1.0,"floorPosition":32.76},{"type":1,"time":2048,"positionX":-5.040276,"holdTime":0.0,"speed":1.0,"floorPosition":33.28},{"type":2,"time":2080,"positionX":4.649022,"holdTime":0.0,"speed":1.0,"floorPosition":33.8},{"type":2,"time":2144,"positionX":4.626007,"holdTime":0.0,"speed":1.0,"floorPosition":34.84},{"type":1,"time":2176,"positionX":-2.991944,"holdTime":0.0,"speed":1.0,"floorPosition":35.359997},{"type":1,"time":2224,"positionX":3.01496,"holdTime":0.0,"speed":1.0,"floorPosition":36.14},{"type":1,"time":2272,"positionX":-3.095512,"holdTime":0.0,"speed":1.0,"floorPosition":36.92},{"type":3,"time":2304,"positionX":3.003452,"holdTime":32.0,"speed":1.3,"floorPosition":37.44},{"type":3,"time":2352,"positionX":-3.878021,"holdTime":32.0,"speed":1.3,"floorPosition":38.219997},{"type":3,"time":2416,"positionX":5.247411,"holdTime":112.0,"speed":1.3,"floorPosition":39.26},{"type":3,"time":2560,"positionX":-4.073648,"holdTime":32.0,"speed":1.3,"floorPosition":41.6},{"type":3,"time":2608,"positionX":-4.108171,"holdTime":32.0,"speed":1.3,"floorPosition":42.379997},{"type":3,"time":2672,"positionX":2.980437,"holdTime":80.0,"speed":1.3,"floorPosition":43.42},{"type":2,"time":2752,"positionX":-4.695052,"holdTime":0.0,"speed":1.0,"floorPosition":44.719997},{"type":2,"time":2760,"positionX":-3.831991,"holdTime":0.0,"speed":1.0,"floorPosition":44.85},{"type":2,"time":2768,"positionX":-2.750288,"holdTime":0.0,"speed":1.0,"floorPosition":44.98},{"type":2,"time":2776,"positionX":-1.657077,"holdTime":0.0,"speed":1.0,"floorPosition":45.109997},{"type":2,"time":2784,"positionX":-2.73878,"holdTime":0.0,"speed":1.0,"floorPosition":45.239998},{"type":2,"time":2792,"positionX":-3.820484,"holdTime":0.0,"speed":1.0,"floorPosition":45.37},{"type":2,"time":2800,"positionX":-4.833141,"holdTime":0.0,"speed":1.0,"floorPosition":45.499996},{"type":2,"time":2808,"positionX":-3.831991,"holdTime":0.0,"speed":1.0,"floorPosition":45.629997},{"type":1,"time":2816,"positionX":1.680092,"holdTime":0.0,"speed":1.0,"floorPosition":45.76},{"type":1,"time":2848,"positionX":-1.680092,"holdTime":0.0,"speed":1.0,"floorPosition":46.28},{"type":1,"time":2880,"positionX":1.703106,"holdTime":0.0,"speed":1.0,"floorPosition":46.799995},{"type":1,"time":2912,"positionX":-1.749137,"holdTime":0.0,"speed":1.0,"floorPosition":47.32},{"type":1,"time":2944,"positionX":3.521289,"holdTime":0.0,"speed":1.0,"floorPosition":47.84},{"type":1,"time":2976,"positionX":-3.555811,"holdTime":0.0,"speed":1.0,"floorPosition":48.359997},{"type":1,"time":3008,"positionX":3.498274,"holdTime":0.0,"speed":1.0,"floorPosition":48.879997},{"type":1,"time":3040,"positionX":-3.578826,"holdTime":0.0,"speed":1.0,"floorPosition":49.399998},{"type":1,"time":3072,"positionX":5.558113,"holdTime":0.0,"speed":1.0,"floorPosition":49.92},{"type":1,"time":3104,"positionX":5.535097,"holdTime":0.0,"speed":1.0,"floorPosition":50.44},{"type":1,"time":3136,"positionX":-5.822784,"holdTime":0.0,"speed":1.0,"floorPosition":50.96},{"type":1,"time":3168,"positionX":-5.811277,"holdTime":0.0,"speed":1.0,"floorPosition":51.48},{"type":1,"time":3200,"positionX":-0.04603004,"holdTime":0.0,"speed":1.0,"floorPosition":52.0},{"type":1,"time":3584,"positionX":3.199079,"holdTime":0.0,"speed":1.0,"floorPosition":58.239998},{"type":1,"time":3616,"positionX":3.222095,"holdTime":0.0,"speed":1.0,"floorPosition":58.76},{"type":1,"time":3648,"positionX":-3.440737,"holdTime":0.0,"speed":1.0,"floorPosition":59.28},{"type":1,"time":3680,"positionX":-3.452244,"holdTime":0.0,"speed":1.0,"floorPosition":59.8},{"type":1,"time":3712,"positionX":3.210588,"holdTime":0.0,"speed":1.0,"floorPosition":60.319996},{"type":1,"time":3744,"positionX":3.187572,"holdTime":0.0,"speed":1.0,"floorPosition":60.839996},{"type":1,"time":3776,"positionX":-3.486767,"holdTime":0.0,"speed":1.0,"floorPosition":61.359997},{"type":1,"time":3968,"positionX":-4.718067,"holdTime":0.0,"speed":1.0,"floorPosition":64.479996},{"type":1,"time":4000,"positionX":2.681242,"holdTime":0.0,"speed":1.0,"floorPosition":65.0},{"type":1,"time":4032,"positionX":-1.933257,"holdTime":0.0,"speed":1.0,"floorPosition":65.52},{"type":1,"time":4064,"positionX":4.982739,"holdTime":0.0,"speed":1.0,"floorPosition":66.03999},{"type":2,"time":4080,"positionX":4.994247,"holdTime":0.0,"speed":1.0,"floorPosition":66.3},{"type":1,"time":4096,"positionX":-3.532796,"holdTime":0.0,"speed":1.0,"floorPosition":66.56},{"type":1,"time":4128,"positionX":2.911392,"holdTime":0.0,"speed":1.0,"floorPosition":67.08},{"type":1,"time":4160,"positionX":-5.028769,"holdTime":0.0,"speed":1.0,"floorPosition":67.6},{"type":1,"time":4192,"positionX":1.18527,"holdTime":0.0,"speed":1.0,"floorPosition":68.119995},{"type":2,"time":4208,"positionX":1.173763,"holdTime":0.0,"speed":1.0,"floorPosition":68.38},{"type":1,"time":4224,"positionX":-6.513233,"holdTime":0.0,"speed":1.0,"floorPosition":68.64},{"type":1,"time":4320,"positionX":1.472959,"holdTime":0.0,"speed":1.0,"floorPosition":70.2},{"type":1,"time":4352,"positionX":-4.06214,"holdTime":0.0,"speed":1.0,"floorPosition":70.71999},{"type":1,"time":4384,"positionX":1.449943,"holdTime":0.0,"speed":1.0,"floorPosition":71.24},{"type":1,"time":4416,"positionX":-2.220943,"holdTime":0.0,"speed":1.0,"floorPosition":71.759995},{"type":1,"time":4448,"positionX":3.866514,"holdTime":0.0,"speed":1.0,"floorPosition":72.28},{"type":1,"time":4480,"positionX":-4.810126,"holdTime":0.0,"speed":1.0,"floorPosition":72.8},{"type":1,"time":4512,"positionX":1.18527,"holdTime":0.0,"speed":1.0,"floorPosition":73.31999},{"type":1,"time":4544,"positionX":-1.898734,"holdTime":0.0,"speed":1.0,"floorPosition":73.84},{"type":1,"time":4576,"positionX":4.027618,"holdTime":0.0,"speed":1.0,"floorPosition":74.36},{"type":1,"time":4608,"positionX":1.27733,"holdTime":0.0,"speed":1.0,"floorPosition":74.88},{"type":1,"time":4640,"positionX":-4.787111,"holdTime":0.0,"speed":1.0,"floorPosition":75.4},{"type":1,"time":4672,"positionX":-1.32336,"holdTime":0.0,"speed":1.0,"floorPosition":75.92},{"type":1,"time":4704,"positionX":5.074799,"holdTime":0.0,"speed":1.0,"floorPosition":76.439995},{"type":1,"time":4736,"positionX":1.668585,"holdTime":0.0,"speed":1.0,"floorPosition":76.96},{"type":1,"time":4768,"positionX":-4.833141,"holdTime":0.0,"speed":1.0,"floorPosition":77.479996},{"type":1,"time":4800,"positionX":-1.530496,"holdTime":0.0,"speed":1.0,"floorPosition":78.0},{"type":3,"time":4832,"positionX":4.52244,"holdTime":16.0,"speed":1.3,"floorPosition":78.52},{"type":1,"time":4864,"positionX":-4.361335,"holdTime":0.0,"speed":1.0,"floorPosition":79.03999},{"type":2,"time":4880,"positionX":-3.831991,"holdTime":0.0,"speed":1.0,"floorPosition":79.3},{"type":2,"time":4896,"positionX":-3.452244,"holdTime":0.0,"speed":1.0,"floorPosition":79.56},{"type":2,"time":4912,"positionX":-3.049482,"holdTime":0.0,"speed":1.0,"floorPosition":79.81999},{"type":2,"time":4928,"positionX":-2.658228,"holdTime":0.0,"speed":1.0,"floorPosition":80.08},{"type":2,"time":4944,"positionX":-2.071346,"holdTime":0.0,"speed":1.0,"floorPosition":80.34},{"type":2,"time":4960,"positionX":-1.426928,"holdTime":0.0,"speed":1.0,"floorPosition":80.6},{"type":2,"time":4976,"positionX":-1.081703,"holdTime":0.0,"speed":1.0,"floorPosition":80.86},{"type":1,"time":4992,"positionX":5.56962,"holdTime":0.0,"speed":1.0,"floorPosition":81.119995},{"type":2,"time":5008,"positionX":4.994247,"holdTime":0.0,"speed":1.0,"floorPosition":81.38},{"type":2,"time":5024,"positionX":4.556962,"holdTime":0.0,"speed":1.0,"floorPosition":81.64},{"type":2,"time":5040,"positionX":3.981588,"holdTime":0.0,"speed":1.0,"floorPosition":81.9},{"type":2,"time":5056,"positionX":3.498274,"holdTime":0.0,"speed":1.0,"floorPosition":82.159996},{"type":2,"time":5072,"positionX":3.003452,"holdTime":0.0,"speed":1.0,"floorPosition":82.42},{"type":2,"time":5088,"positionX":2.359033,"holdTime":0.0,"speed":1.0,"floorPosition":82.68},{"type":2,"time":5104,"positionX":1.795167,"holdTime":0.0,"speed":1.0,"floorPosition":82.939995},{"type":1,"time":5120,"positionX":-3.486767,"holdTime":0.0,"speed":1.0,"floorPosition":83.2},{"type":1,"time":5152,"positionX":-3.475259,"holdTime":0.0,"speed":1.0,"floorPosition":83.71999},{"type":1,"time":5184,"positionX":3.314154,"holdTime":0.0,"speed":1.0,"floorPosition":84.24},{"type":1,"time":5216,"positionX":-3.417721,"holdTime":0.0,"speed":1.0,"floorPosition":84.759995},{"type":2,"time":5232,"positionX":-3.360185,"holdTime":0.0,"speed":1.0,"floorPosition":85.02},{"type":3,"time":5248,"positionX":-0.09206009,"holdTime":128.0,"speed":1.3,"floorPosition":85.28},{"type":2,"time":5376,"positionX":-0.09206009,"holdTime":0.0,"speed":1.0,"floorPosition":87.36},{"type":2,"time":5408,"positionX":-2.934408,"holdTime":0.0,"speed":1.0,"floorPosition":87.88},{"type":2,"time":5440,"positionX":-5.224396,"holdTime":0.0,"speed":1.0,"floorPosition":88.399994},{"type":2,"time":5472,"positionX":-2.830839,"holdTime":0.0,"speed":1.0,"floorPosition":88.92},{"type":2,"time":5504,"positionX":4.24626,"holdTime":0.0,"speed":1.0,"floorPosition":89.439995},{"type":2,"time":5536,"positionX":1.088176,"holdTime":0.0,"speed":1.0,"floorPosition":89.96},{"type":2,"time":5568,"positionX":3.279631,"holdTime":0.0,"speed":1.0,"floorPosition":90.479996},{"type":2,"time":5600,"positionX":1.116226,"holdTime":0.0,"speed":1.0,"floorPosition":90.99999},{"type":2,"time":5664,"positionX":-3.049482,"holdTime":0.0,"speed":1.0,"floorPosition":92.03999},{"type":2,"time":5696,"positionX":3.095511,"holdTime":0.0,"speed":1.0,"floorPosition":92.56},{"type":3,"time":5728,"positionX":-2.289989,"holdTime":64.0,"speed":1.3,"floorPosition":93.08},{"type":1,"time":5856,"positionX":-5.063291,"holdTime":0.0,"speed":1.0,"floorPosition":95.159996},{"type":2,"time":5888,"positionX":2.359033,"holdTime":0.0,"speed":1.0,"floorPosition":95.68},{"type":2,"time":5920,"positionX":-4.591484,"holdTime":0.0,"speed":1.0,"floorPosition":96.2},{"type":2,"time":5952,"positionX":-1.415421,"holdTime":0.0,"speed":1.0,"floorPosition":96.71999},{"type":2,"time":5984,"positionX":0.2186413,"holdTime":0.0,"speed":1.0,"floorPosition":97.24},{"type":2,"time":6016,"positionX":1.703106,"holdTime":0.0,"speed":1.0,"floorPosition":97.759995},{"type":2,"time":6048,"positionX":1.737629,"holdTime":0.0,"speed":1.0,"floorPosition":98.28},{"type":2,"time":6080,"positionX":1.691599,"holdTime":0.0,"speed":1.0,"floorPosition":98.799995},{"type":3,"time":6112,"positionX":-3.486767,"holdTime":96.0,"speed":1.3,"floorPosition":99.31999},{"type":1,"time":6400,"positionX":-1.668585,"holdTime":0.0,"speed":1.0,"floorPosition":104.0},{"type":1,"time":6432,"positionX":5.592636,"holdTime":0.0,"speed":1.0,"floorPosition":104.52},{"type":1,"time":6464,"positionX":-3.003452,"holdTime":0.0,"speed":1.0,"floorPosition":105.03999},{"type":1,"time":6496,"positionX":4.177215,"holdTime":0.0,"speed":1.0,"floorPosition":105.56},{"type":1,"time":6528,"positionX":-4.303798,"holdTime":0.0,"speed":1.0,"floorPosition":106.079994},{"type":1,"time":6560,"positionX":2.635212,"holdTime":0.0,"speed":1.0,"floorPosition":106.6},{"type":1,"time":6592,"positionX":-5.673188,"holdTime":0.0,"speed":1.0,"floorPosition":107.119995},{"type":1,"time":6624,"positionX":1.116226,"holdTime":0.0,"speed":1.0,"floorPosition":107.63999},{"type":1,"time":6656,"positionX":-7.537399,"holdTime":0.0,"speed":1.0,"floorPosition":108.159996},{"type":1,"time":6688,"positionX":-0.863061,"holdTime":0.0,"speed":1.0,"floorPosition":108.67999},{"type":1,"time":6720,"positionX":-5.719217,"holdTime":0.0,"speed":1.0,"floorPosition":109.2},{"type":1,"time":6752,"positionX":1.116226,"holdTime":0.0,"speed":1.0,"floorPosition":109.71999},{"type":1,"time":6784,"positionX":-4.188723,"holdTime":0.0,"speed":1.0,"floorPosition":110.23999},{"type":1,"time":6816,"positionX":2.405063,"holdTime":0.0,"speed":1.0,"floorPosition":110.759995},{"type":1,"time":6848,"positionX":-2.796318,"holdTime":0.0,"speed":1.0,"floorPosition":111.27999},{"type":1,"time":6880,"positionX":4.027618,"holdTime":0.0,"speed":1.0,"floorPosition":111.8},{"type":1,"time":6912,"positionX":-5.535098,"holdTime":0.0,"speed":1.0,"floorPosition":112.31999},{"type":1,"time":6944,"positionX":0.0,"holdTime":0.0,"speed":1.0,"floorPosition":112.83999},{"type":1,"time":6976,"positionX":-5.650173,"holdTime":0.0,"speed":1.0,"floorPosition":113.36},{"type":1,"time":7008,"positionX":-0.04603004,"holdTime":0.0,"speed":1.0,"floorPosition":113.87999},{"type":1,"time":7040,"positionX":-5.604143,"holdTime":0.0,"speed":1.0,"floorPosition":114.4},{"type":1,"time":7072,"positionX":-0.04603004,"holdTime":0.0,"speed":1.0,"floorPosition":114.92},{"type":1,"time":7104,"positionX":-5.673188,"holdTime":0.0,"speed":1.0,"floorPosition":115.43999},{"type":1,"time":7136,"positionX":-0.05753708,"holdTime":0.0,"speed":1.0,"floorPosition":115.96},{"type":1,"time":7168,"positionX":-2.589183,"holdTime":0.0,"speed":1.0,"floorPosition":116.479996},{"type":1,"time":7200,"positionX":-8.158802,"holdTime":0.0,"speed":1.0,"floorPosition":117.0},{"type":1,"time":7232,"positionX":-2.669735,"holdTime":0.0,"speed":1.0,"floorPosition":117.52},{"type":1,"time":7264,"positionX":-8.216341,"holdTime":0.0,"speed":1.0,"floorPosition":118.03999},{"type":1,"time":7296,"positionX":1.346376,"holdTime":0.0,"speed":1.0,"floorPosition":118.56},{"type":1,"time":7328,"positionX":-4.833141,"holdTime":0.0,"speed":1.0,"floorPosition":119.079994},{"type":1,"time":7360,"positionX":1.311853,"holdTime":0.0,"speed":1.0,"floorPosition":119.6},{"type":2,"time":7376,"positionX":3.049482,"holdTime":0.0,"speed":1.0,"floorPosition":119.86},{"type":3,"time":7392,"positionX":-4.959724,"holdTime":16.0,"speed":1.3,"floorPosition":120.119995},{"type":1,"time":7424,"positionX":1.265822,"holdTime":0.0,"speed":1.0,"floorPosition":120.63999},{"type":1,"time":7456,"positionX":-4.902186,"holdTime":0.0,"speed":1.0,"floorPosition":121.159996},{"type":1,"time":7520,"positionX":-3.026467,"holdTime":0.0,"speed":1.0,"floorPosition":122.2},{"type":1,"time":7584,"positionX":-1.058688,"holdTime":0.0,"speed":1.0,"floorPosition":123.23999},{"type":1,"time":7648,"positionX":0.6904497,"holdTime":0.0,"speed":1.0,"floorPosition":124.27999},{"type":1,"time":7712,"positionX":2.508631,"holdTime":0.0,"speed":1.0,"floorPosition":125.31999},{"type":1,"time":7776,"positionX":4.372842,"holdTime":0.0,"speed":1.0,"floorPosition":126.36},{"type":1,"time":7840,"positionX":6.144993,"holdTime":0.0,"speed":1.0,"floorPosition":127.4},{"type":1,"time":7904,"positionX":6.133486,"holdTime":0.0,"speed":1.0,"floorPosition":128.43999},{"type":2,"time":7936,"positionX":2.324511,"holdTime":0.0,"speed":1.0,"floorPosition":128.95999},{"type":2,"time":7952,"positionX":2.301497,"holdTime":0.0,"speed":1.0,"floorPosition":129.22},{"type":2,"time":7968,"positionX":2.301497,"holdTime":0.0,"speed":1.0,"floorPosition":129.48},{"type":2,"time":7984,"positionX":2.313003,"holdTime":0.0,"speed":1.0,"floorPosition":129.73999},{"type":2,"time":8064,"positionX":2.336018,"holdTime":0.0,"speed":1.0,"floorPosition":131.04},{"type":2,"time":8080,"positionX":2.289989,"holdTime":0.0,"speed":1.0,"floorPosition":131.3},{"type":2,"time":8096,"positionX":2.289989,"holdTime":0.0,"speed":1.0,"floorPosition":131.56},{"type":2,"time":8112,"positionX":2.301497,"holdTime":0.0,"speed":1.0,"floorPosition":131.81999},{"type":2,"time":8192,"positionX":-0.02301502,"holdTime":0.0,"speed":1.0,"floorPosition":133.12},{"type":2,"time":8200,"positionX":-0.01150703,"holdTime":0.0,"speed":1.0,"floorPosition":133.25},{"type":2,"time":8208,"positionX":-0.01150703,"holdTime":0.0,"speed":1.0,"floorPosition":133.37999},{"type":2,"time":8216,"positionX":-0.02301502,"holdTime":0.0,"speed":1.0,"floorPosition":133.51},{"type":2,"time":8224,"positionX":0.0,"holdTime":0.0,"speed":1.0,"floorPosition":133.63998},{"type":2,"time":8232,"positionX":0.01150703,"holdTime":0.0,"speed":1.0,"floorPosition":133.76999},{"type":2,"time":8240,"positionX":-0.02301502,"holdTime":0.0,"speed":1.0,"floorPosition":133.9},{"type":2,"time":8248,"positionX":-0.02301502,"holdTime":0.0,"speed":1.0,"floorPosition":134.03},{"type":2,"time":8256,"positionX":-0.02301502,"holdTime":0.0,"speed":1.0,"floorPosition":134.16},{"type":2,"time":8264,"positionX":-0.02301502,"holdTime":0.0,"speed":1.0,"floorPosition":134.29},{"type":2,"time":8272,"positionX":-0.01150703,"holdTime":0.0,"speed":1.0,"floorPosition":134.42},{"type":2,"time":8280,"positionX":0.01150703,"holdTime":0.0,"speed":1.0,"floorPosition":134.55},{"type":2,"time":8288,"positionX":0.0,"holdTime":0.0,"speed":1.0,"floorPosition":134.68},{"type":2,"time":8296,"positionX":0.0,"holdTime":0.0,"speed":1.0,"floorPosition":134.81},{"type":2,"time":8304,"positionX":-0.01150703,"holdTime":0.0,"speed":1.0,"floorPosition":134.93999},{"type":2,"time":8312,"positionX":-0.05753708,"holdTime":0.0,"speed":1.0,"floorPosition":135.06999},{"type":1,"time":8448,"positionX":4.326813,"holdTime":0.0,"speed":1.0,"floorPosition":137.6},{"type":1,"time":8480,"positionX":4.315305,"holdTime":0.0,"speed":1.0,"floorPosition":138.2},{"type":1,"time":8512,"positionX":4.303798,"holdTime":0.0,"speed":1.0,"floorPosition":138.8},{"type":1,"time":8544,"positionX":4.29229,"holdTime":0.0,"speed":1.0,"floorPosition":139.4},{"type":1,"time":8576,"positionX":0.874568,"holdTime":0.0,"speed":1.0,"floorPosition":140.0},{"type":1,"time":8608,"positionX":0.8515539,"holdTime":0.0,"speed":1.0,"floorPosition":140.6},{"type":1,"time":8640,"positionX":0.8515539,"holdTime":0.0,"speed":1.0,"floorPosition":141.2},{"type":1,"time":8672,"positionX":0.863061,"holdTime":0.0,"speed":1.0,"floorPosition":141.8},{"type":1,"time":8704,"positionX":4.6145,"holdTime":0.0,"speed":1.0,"floorPosition":142.4},{"type":1,"time":8736,"positionX":4.602993,"holdTime":0.0,"speed":1.0,"floorPosition":143.0},{"type":1,"time":8768,"positionX":4.579977,"holdTime":0.0,"speed":1.0,"floorPosition":143.6},{"type":1,"time":8800,"positionX":4.533947,"holdTime":0.0,"speed":1.0,"floorPosition":144.2},{"type":1,"time":8832,"positionX":1.162256,"holdTime":0.0,"speed":1.0,"floorPosition":144.8},{"type":1,"time":8864,"positionX":1.13924,"holdTime":0.0,"speed":1.0,"floorPosition":145.4},{"type":1,"time":8896,"positionX":1.150749,"holdTime":0.0,"speed":1.0,"floorPosition":146.0},{"type":1,"time":8960,"positionX":1.13924,"holdTime":0.0,"speed":1.0,"floorPosition":147.2},{"type":1,"time":8992,"positionX":1.13924,"holdTime":0.0,"speed":1.0,"floorPosition":147.8},{"type":1,"time":9024,"positionX":1.162256,"holdTime":0.0,"speed":1.0,"floorPosition":148.4},{"type":1,"time":9056,"positionX":1.162256,"holdTime":0.0,"speed":1.0,"floorPosition":149.0},{"type":1,"time":9088,"positionX":5.93786,"holdTime":0.0,"speed":1.0,"floorPosition":149.6},{"type":1,"time":9120,"positionX":5.857306,"holdTime":0.0,"speed":1.0,"floorPosition":150.2},{"type":1,"time":9152,"positionX":5.822785,"holdTime":0.0,"speed":1.0,"floorPosition":150.8},{"type":1,"time":9184,"positionX":5.834292,"holdTime":0.0,"speed":1.0,"floorPosition":151.4},{"type":2,"time":9200,"positionX":5.822785,"holdTime":0.0,"speed":1.0,"floorPosition":151.7},{"type":1,"time":9216,"positionX":-0.874568,"holdTime":0.0,"speed":1.0,"floorPosition":152.0},{"type":2,"time":9216,"positionX":5.811276,"holdTime":0.0,"speed":1.0,"floorPosition":152.0},{"type":1,"time":9248,"positionX":-0.863061,"holdTime":0.0,"speed":1.0,"floorPosition":152.6},{"type":1,"time":9280,"positionX":-0.920598,"holdTime":0.0,"speed":1.0,"floorPosition":153.2},{"type":1,"time":9312,"positionX":-0.886076,"holdTime":0.0,"speed":1.0,"floorPosition":153.8},{"type":2,"time":9328,"positionX":-0.874568,"holdTime":0.0,"speed":1.0,"floorPosition":154.1},{"type":1,"time":9344,"positionX":4.073647,"holdTime":0.0,"speed":1.0,"floorPosition":154.4},{"type":1,"time":9360,"positionX":-0.897583,"holdTime":0.0,"speed":1.0,"floorPosition":154.7},{"type":1,"time":9376,"positionX":3.993095,"holdTime":0.0,"speed":1.0,"floorPosition":155.0},{"type":1,"time":9392,"positionX":-0.932106,"holdTime":0.0,"speed":1.0,"floorPosition":155.3},{"type":3,"time":9440,"positionX":4.982739,"holdTime":32.0,"speed":1.5,"floorPosition":156.2},{"type":1,"time":9472,"positionX":-0.7019558,"holdTime":0.0,"speed":1.0,"floorPosition":156.8},{"type":1,"time":9504,"positionX":3.578826,"holdTime":0.0,"speed":1.0,"floorPosition":157.4},{"type":1,"time":9536,"positionX":0.1611042,"holdTime":0.0,"speed":1.0,"floorPosition":158.0},{"type":1,"time":9568,"positionX":4.695051,"holdTime":0.0,"speed":1.0,"floorPosition":158.6},{"type":1,"time":9600,"positionX":2.865362,"holdTime":0.0,"speed":1.0,"floorPosition":159.2},{"type":1,"time":9632,"positionX":2.819332,"holdTime":0.0,"speed":1.0,"floorPosition":159.8},{"type":1,"time":9664,"positionX":2.773303,"holdTime":0.0,"speed":1.0,"floorPosition":160.4},{"type":1,"time":9696,"positionX":2.761796,"holdTime":0.0,"speed":1.0,"floorPosition":161.0},{"type":1,"time":9728,"positionX":-2.220943,"holdTime":0.0,"speed":1.0,"floorPosition":161.6},{"type":1,"time":9760,"positionX":-2.266973,"holdTime":0.0,"speed":1.0,"floorPosition":162.2},{"type":1,"time":9792,"positionX":-2.255466,"holdTime":0.0,"speed":1.0,"floorPosition":162.8},{"type":1,"time":9824,"positionX":-2.289989,"holdTime":0.0,"speed":1.0,"floorPosition":163.4},{"type":1,"time":9856,"positionX":3.97008,"holdTime":0.0,"speed":1.0,"floorPosition":164.0},{"type":2,"time":9872,"positionX":2.002301,"holdTime":0.0,"speed":1.0,"floorPosition":164.3},{"type":1,"time":9888,"positionX":-3.774453,"holdTime":0.0,"speed":1.0,"floorPosition":164.6},{"type":2,"time":9904,"positionX":-1.749137,"holdTime":0.0,"speed":1.0,"floorPosition":164.9},{"type":1,"time":9920,"positionX":3.901034,"holdTime":0.0,"speed":1.0,"floorPosition":165.2},{"type":2,"time":9936,"positionX":5.52359,"holdTime":0.0,"speed":1.0,"floorPosition":165.5},{"type":2,"time":9952,"positionX":3.958573,"holdTime":0.0,"speed":1.0,"floorPosition":165.8},{"type":2,"time":9968,"positionX":5.512083,"holdTime":0.0,"speed":1.0,"floorPosition":166.1},{"type":1,"time":9984,"positionX":-3.440737,"holdTime":0.0,"speed":1.0,"floorPosition":166.4},{"type":2,"time":10000,"positionX":-3.107019,"holdTime":0.0,"speed":1.0,"floorPosition":166.7},{"type":2,"time":10016,"positionX":-2.819332,"holdTime":0.0,"speed":1.0,"floorPosition":167.0},{"type":2,"time":10032,"positionX":-2.474108,"holdTime":0.0,"speed":1.0,"floorPosition":167.3},{"type":1,"time":10048,"positionX":1.818182,"holdTime":0.0,"speed":1.0,"floorPosition":167.6},{"type":2,"time":10064,"positionX":2.105869,"holdTime":0.0,"speed":1.0,"floorPosition":167.9},{"type":2,"time":10080,"positionX":2.393556,"holdTime":0.0,"speed":1.0,"floorPosition":168.2},{"type":2,"time":10096,"positionX":2.738781,"holdTime":0.0,"speed":1.0,"floorPosition":168.5},{"type":1,"time":10112,"positionX":-4.280783,"holdTime":0.0,"speed":1.0,"floorPosition":168.8},{"type":2,"time":10128,"positionX":-3.947065,"holdTime":0.0,"speed":1.0,"floorPosition":169.1},{"type":2,"time":10144,"positionX":-3.619924,"holdTime":0.0,"speed":1.0,"floorPosition":169.4},{"type":2,"time":10160,"positionX":-3.141541,"holdTime":0.0,"speed":1.0,"floorPosition":169.7},{"type":1,"time":10176,"positionX":2.243958,"holdTime":0.0,"speed":1.0,"floorPosition":170.0},{"type":2,"time":10192,"positionX":2.692751,"holdTime":0.0,"speed":1.0,"floorPosition":170.3},{"type":2,"time":10208,"positionX":3.107018,"holdTime":0.0,"speed":1.0,"floorPosition":170.6},{"type":2,"time":10224,"positionX":3.601841,"holdTime":0.0,"speed":1.0,"floorPosition":170.9},{"type":1,"time":10240,"positionX":-2.497124,"holdTime":0.0,"speed":1.0,"floorPosition":171.2},{"type":1,"time":10264,"positionX":-2.543154,"holdTime":0.0,"speed":1.0,"floorPosition":171.65},{"type":1,"time":10288,"positionX":-2.531645,"holdTime":0.0,"speed":1.0,"floorPosition":172.1},{"type":1,"time":10320,"positionX":4.154201,"holdTime":0.0,"speed":1.0,"floorPosition":172.7},{"type":1,"time":10336,"positionX":4.108171,"holdTime":0.0,"speed":1.0,"floorPosition":173.0},{"type":1,"time":10368,"positionX":-4.154201,"holdTime":0.0,"speed":1.0,"floorPosition":173.6},{"type":1,"time":10392,"positionX":-4.142693,"holdTime":0.0,"speed":1.0,"floorPosition":174.05},{"type":1,"time":10416,"positionX":2.485615,"holdTime":0.0,"speed":1.0,"floorPosition":174.5},{"type":2,"time":10496,"positionX":-0.01150703,"holdTime":0.0,"speed":1.0,"floorPosition":176.0}],"notesBelow":[{"type":2,"time":3328,"positionX":3.118526,"holdTime":0.0,"speed":1.0,"floorPosition":54.079998},{"type":2,"time":3360,"positionX":-5.06329,"holdTime":0.0,"speed":1.0,"floorPosition":54.6},{"type":2,"time":3392,"positionX":1.04718,"holdTime":0.0,"speed":1.0,"floorPosition":55.119995},{"type":2,"time":3424,"positionX":-2.324512,"holdTime":0.0,"speed":1.0,"floorPosition":55.639996},{"type":2,"time":3456,"positionX":4.06214,"holdTime":0.0,"speed":1.0,"floorPosition":56.159996},{"type":2,"time":3488,"positionX":-3.670887,"holdTime":0.0,"speed":1.0,"floorPosition":56.68},{"type":2,"time":3520,"positionX":2.485615,"holdTime":0.0,"speed":1.0,"floorPosition":57.2},{"type":2,"time":3552,"positionX":-1.634062,"holdTime":0.0,"speed":1.0,"floorPosition":57.719994},{"type":2,"time":8000,"positionX":-2.347527,"holdTime":0.0,"speed":1.0,"floorPosition":130.0},{"type":2,"time":8016,"positionX":-2.347527,"holdTime":0.0,"speed":1.0,"floorPosition":130.26},{"type":2,"time":8032,"positionX":-2.359032,"holdTime":0.0,"speed":1.0,"floorPosition":130.51999},{"type":2,"time":8128,"positionX":-2.38205,"holdTime":0.0,"speed":1.0,"floorPosition":132.07999},{"type":2,"time":8144,"positionX":-2.324512,"holdTime":0.0,"speed":1.0,"floorPosition":132.34},{"type":2,"time":8160,"positionX":-2.359032,"holdTime":0.0,"speed":1.0,"floorPosition":132.6},{"type":1,"time":8416,"positionX":-4.66053,"holdTime":0.0,"speed":1.0,"floorPosition":137.0}],"speedEvents":[{"startTime":-8000.0,"endTime":0.0,"value":1.0},{"startTime":0.0,"endTime":8320.0,"value":1.3},{"startTime":8320.0,"endTime":6912000.0,"value":1.5}],"judgeLineMoveEvents":[{"startTime":-8000.0,"endTime":256.0,"start":440260.0,"end":440260.0},{"startTime":256.0,"endTime":768.0,"start":440260.0,"end":440130.0},{"startTime":768.0,"endTime":1280.0,"start":440130.0,"end":440260.0},{"startTime":1280.0,"endTime":1792.0,"start":440260.0,"end":440130.0},{"startTime":1792.0,"endTime":2304.0,"start":440130.0,"end":440208.0},{"startTime":2304.0,"endTime":2816.0,"start":440208.0,"end":440208.0},{"startTime":2816.0,"endTime":3200.0,"start":440208.0,"end":440052.0},{"startTime":3200.0,"endTime":3232.0,"start":440052.0,"end":440260.0},{"startTime":3232.0,"endTime":3808.0,"start":440260.0,"end":440260.0},{"startTime":3808.0,"endTime":3840.0,"start":440260.0,"end":440104.0},{"startTime":3840.0,"endTime":4256.0,"start":440104.0,"end":440104.0},{"startTime":4256.0,"endTime":4352.0,"start":440104.0,"end":440208.0},{"startTime":4352.0,"endTime":4832.0,"start":440208.0,"end":440208.0},{"startTime":4832.0,"endTime":4864.0,"start":440208.0,"end":440156.0},{"startTime":4864.0,"endTime":5248.0,"start":440156.0,"end":440156.0},{"startTime":5248.0,"endTime":5376.0,"start":440156.0,"end":440260.0},{"startTime":5376.0,"endTime":5888.0,"start":440260.0,"end":440260.0},{"startTime":5888.0,"endTime":6400.0,"start":440260.0,"end":440130.0},{"startTime":6400.0,"endTime":6656.0,"start":440130.0,"end":704130.0},{"startTime":6656.0,"endTime":6912.0,"start":704130.0,"end":440130.0},{"startTime":6912.0,"endTime":7168.0,"start":440130.0,"end":791130.0},{"startTime":7168.0,"endTime":7424.0,"start":791130.0,"end":440130.0},{"startTime":7424.0,"endTime":7936.0,"start":440130.0,"end":440260.0},{"startTime":7936.0,"endTime":8192.0,"start":440260.0,"end":440260.0},{"startTime":8192.0,"endTime":8320.0,"start":440260.0,"end":440130.0},{"startTime":8320.0,"endTime":8352.0,"start":440130.0,"end":440130.0},{"startTime":8352.0,"endTime":8448.0,"start":440260.0,"end":440260.0},{"startTime":8448.0,"endTime":8960.0,"start":440260.0,"end":88052.0},{"startTime":8960.0,"endTime":9472.0,"start":88052.0,"end":440052.0},{"startTime":9472.0,"endTime":10496.0,"start":440052.0,"end":440208.0},{"startTime":10496.0,"endTime":10624.0,"start":440208.0,"end":440416.0},{"startTime":10624.0,"endTime":10752.0,"start":440416.0,"end":440260.0},{"startTime":10752.0,"endTime":6912000.0,"start":440260.0,"end":440260.0}],"judgeLineRotateEvents":[{"startTime":-8000.0,"endTime":16.0,"start":0.0,"end":0.0},{"startTime":16.0,"endTime":64.0,"start":0.0,"end":90.0},{"startTime":64.0,"endTime":1280.0,"start":0.0,"end":0.0},{"startTime":1280.0,"endTime":1792.0,"start":0.0,"end":10.0},{"startTime":1792.0,"endTime":2304.0,"start":10.0,"end":0.0},{"startTime":2304.0,"endTime":2416.0,"start":0.0,"end":0.0},{"startTime":2416.0,"endTime":2464.0,"start":0.0,"end":10.0},{"startTime":2464.0,"endTime":2528.0,"start":10.0,"end":0.0},{"startTime":2528.0,"endTime":2672.0,"start":0.0,"end":0.0},{"startTime":2672.0,"endTime":2704.0,"start":0.0,"end":-10.0},{"startTime":2704.0,"endTime":2752.0,"start":-9.0,"end":0.0},{"startTime":2752.0,"endTime":3840.0,"start":0.0,"end":0.0},{"startTime":3840.0,"endTime":3872.0,"start":15.0,"end":0.0},{"startTime":3872.0,"endTime":3904.0,"start":10.0,"end":0.0},{"startTime":3904.0,"endTime":3936.0,"start":6.0,"end":0.0},{"startTime":3936.0,"endTime":3968.0,"start":4.0,"end":0.0},{"startTime":3968.0,"endTime":4832.0,"start":0.0,"end":0.0},{"startTime":4832.0,"endTime":4848.0,"start":0.0,"end":6.0},{"startTime":4848.0,"endTime":4864.0,"start":6.0,"end":0.0},{"startTime":4864.0,"endTime":5376.0,"start":0.0,"end":0.0},{"startTime":5376.0,"endTime":5888.0,"start":0.0,"end":30.0},{"startTime":5888.0,"endTime":6400.0,"start":30.0,"end":0.0},{"startTime":6400.0,"endTime":7424.0,"start":0.0,"end":0.0},{"startTime":7424.0,"endTime":7936.0,"start":0.0,"end":-20.0},{"startTime":7936.0,"endTime":8320.0,"start":-19.0,"end":-20.0},{"startTime":8320.0,"endTime":8352.0,"start":-19.0,"end":-20.0},{"startTime":8352.0,"endTime":9472.0,"start":0.0,"end":0.0},{"startTime":9472.0,"endTime":9984.0,"start":0.0,"end":15.0},{"startTime":9984.0,"endTime":10496.0,"start":15.0,"end":-10.0},{"startTime":10496.0,"endTime":10752.0,"start":-9.0,"end":360.0},{"startTime":10752.0,"endTime":6912000.0,"start":0.0,"end":0.0}],"judgeLineDisappearEvents":[{"startTime":-8000.0,"endTime":16.0,"start":1.0,"end":1.0},{"startTime":16.0,"endTime":32.0,"start":1.0,"end":0.0},{"startTime":32.0,"endTime":128.0,"start":0.0,"end":0.0},{"startTime":128.0,"endTime":192.0,"start":0.0,"end":1.0},{"startTime":192.0,"endTime":224.0,"start":1.0,"end":1.0},{"startTime":224.0,"endTime":256.0,"start":1.0,"end":0.0},{"startTime":256.0,"endTime":3216.0,"start":1.0,"end":1.0},{"startTime":3216.0,"endTime":3296.0,"start":1.0,"end":0.0},{"startTime":3296.0,"endTime":8320.0,"start":1.0,"end":1.0},{"startTime":8320.0,"endTime":8352.0,"start":1.0,"end":0.0},{"startTime":8352.0,"endTime":8368.0,"start":0.0,"end":0.0},{"startTime":8368.0,"endTime":8384.0,"start":0.0,"end":1.0},{"startTime":8384.0,"endTime":6912000.0,"start":1.0,"end":1.0}]}]}