{"formatVersion":3,"offset":0.0,"judgeLineList":[{"bpm":200.0,"notesAbove":[{"type":1,"time":256,"positionX":0.01754379,"holdTime":0.0,"speed":1.0,"floorPosition":3.8400002},{"type":1,"time":320,"positionX":-2.649123,"holdTime":0.0,"speed":1.0,"floorPosition":4.8},{"type":1,"time":384,"positionX":2.315789,"holdTime":0.0,"speed":1.0,"floorPosition":5.76},{"type":1,"time":448,"positionX":-3.754386,"holdTime":0.0,"speed":1.0,"floorPosition":6.7200003},{"type":1,"time":512,"positionX":1.087719,"holdTime":0.0,"speed":1.0,"floorPosition":7.6800003},{"type":1,"time":576,"positionX":-6.070175,"holdTime":0.0,"speed":1.0,"floorPosition":8.64},{"type":1,"time":640,"positionX":2.175438,"holdTime":0.0,"speed":1.0,"floorPosition":9.6},{"type":1,"time":704,"positionX":-3.596491,"holdTime":0.0,"speed":1.0,"floorPosition":10.56},{"type":1,"time":768,"positionX":2.052631,"holdTime":0.0,"speed":1.0,"floorPosition":11.52},{"type":1,"time":896,"positionX":-5.192983,"holdTime":0.0,"speed":1.0,"floorPosition":13.440001},{"type":1,"time":1024,"positionX":0.333334,"holdTime":0.0,"speed":1.0,"floorPosition":15.360001},{"type":1,"time":1152,"positionX":-2.947369,"holdTime":0.0,"speed":1.0,"floorPosition":17.28},{"type":1,"time":1216,"positionX":1.631578,"holdTime":0.0,"speed":1.0,"floorPosition":18.24},{"type":1,"time":1280,"positionX":-3.947369,"holdTime":0.0,"speed":1.0,"floorPosition":19.2},{"type":1,"time":1408,"positionX":2.719298,"holdTime":0.0,"speed":1.0,"floorPosition":21.12},{"type":1,"time":1536,"positionX":-3.017544,"holdTime":0.0,"speed":1.0,"floorPosition":23.04},{"type":1,"time":1664,"positionX":2.438597,"holdTime":0.0,"speed":1.0,"floorPosition":24.960001},{"type":1,"time":1728,"positionX":-0.9824562,"holdTime":0.0,"speed":1.0,"floorPosition":25.92},{"type":1,"time":1792,"positionX":-3.824561,"holdTime":0.0,"speed":1.0,"floorPosition":26.880001},{"type":1,"time":1920,"positionX":1.596491,"holdTime":0.0,"speed":1.0,"floorPosition":28.800001},{"type":1,"time":2048,"positionX":-2.596491,"holdTime":0.0,"speed":1.0,"floorPosition":30.720001},{"type":1,"time":2176,"positionX":2.175438,"holdTime":0.0,"speed":1.0,"floorPosition":32.64},{"type":1,"time":2240,"positionX":-2.508772,"holdTime":0.0,"speed":1.0,"floorPosition":33.600002},{"type":1,"time":2304,"positionX":2.385964,"holdTime":0.0,"speed":1.0,"floorPosition":34.56},{"type":1,"time":2432,"positionX":-3.491228,"holdTime":0.0,"speed":1.0,"floorPosition":36.48},{"type":1,"time":2560,"positionX":1.280703,"holdTime":0.0,"speed":1.0,"floorPosition":38.4},{"type":1,"time":2688,"positionX":-3.403509,"holdTime":0.0,"speed":1.0,"floorPosition":40.32},{"type":1,"time":2752,"positionX":2.543859,"holdTime":0.0,"speed":1.0,"floorPosition":41.28},{"type":1,"time":2816,"positionX":-3.894737,"holdTime":0.0,"speed":1.0,"floorPosition":42.24},{"type":1,"time":2944,"positionX":2.087719,"holdTime":0.0,"speed":1.0,"floorPosition":44.16},{"type":1,"time":3072,"positionX":-2.894737,"holdTime":0.0,"speed":1.0,"floorPosition":46.08},{"type":1,"time":3200,"positionX":1.982456,"holdTime":0.0,"speed":1.0,"floorPosition":48.0},{"type":1,"time":3264,"positionX":-2.912281,"holdTime":0.0,"speed":1.0,"floorPosition":48.96},{"type":1,"time":3328,"positionX":1.666666,"holdTime":0.0,"speed":1.0,"floorPosition":49.920002},{"type":1,"time":3456,"positionX":-2.842105,"holdTime":0.0,"speed":1.0,"floorPosition":51.84},{"type":1,"time":3584,"positionX":2.157894,"holdTime":0.0,"speed":1.0,"floorPosition":53.760002},{"type":1,"time":3712,"positionX":-2.035088,"holdTime":0.0,"speed":1.0,"floorPosition":55.68},{"type":1,"time":3840,"positionX":1.368422,"holdTime":0.0,"speed":1.0,"floorPosition":57.600002},{"type":2,"time":3904,"positionX":1.0,"holdTime":0.0,"speed":1.0,"floorPosition":58.56},{"type":1,"time":3968,"positionX":-3.333333,"holdTime":0.0,"speed":1.0,"floorPosition":59.52},{"type":2,"time":4032,"positionX":-2.912281,"holdTime":0.0,"speed":1.0,"floorPosition":60.48},{"type":1,"time":4096,"positionX":1.157894,"holdTime":0.0,"speed":1.0,"floorPosition":61.440002},{"type":2,"time":4160,"positionX":2.298245,"holdTime":0.0,"speed":1.0,"floorPosition":62.4},{"type":1,"time":4224,"positionX":-2.666667,"holdTime":0.0,"speed":1.0,"floorPosition":63.36},{"type":2,"time":4288,"positionX":-3.807018,"holdTime":0.0,"speed":1.0,"floorPosition":64.32},{"type":1,"time":4352,"positionX":2.245615,"holdTime":0.0,"speed":1.0,"floorPosition":65.28},{"type":1,"time":4416,"positionX":-4.052631,"holdTime":0.0,"speed":1.0,"floorPosition":66.24},{"type":1,"time":4480,"positionX":1.771931,"holdTime":0.0,"speed":1.0,"floorPosition":67.200005},{"type":1,"time":4544,"positionX":-3.456141,"holdTime":0.0,"speed":1.0,"floorPosition":68.16},{"type":1,"time":4608,"positionX":2.473684,"holdTime":0.0,"speed":1.0,"floorPosition":69.12},{"type":1,"time":4672,"positionX":-1.491228,"holdTime":0.0,"speed":1.0,"floorPosition":70.08},{"type":1,"time":4736,"positionX":0.1929817,"holdTime":0.0,"speed":1.0,"floorPosition":71.04},{"type":1,"time":4864,"positionX":-0.5964909,"holdTime":0.0,"speed":1.0,"floorPosition":72.96},{"type":3,"time":4928,"positionX":-0.8596497,"holdTime":480.0,"speed":1.6,"floorPosition":73.92},{"type":1,"time":5440,"positionX":5.0,"holdTime":0.0,"speed":1.0,"floorPosition":81.6},{"type":1,"time":5568,"positionX":-2.578947,"holdTime":0.0,"speed":1.0,"floorPosition":83.520004},{"type":1,"time":5696,"positionX":4.350878,"holdTime":0.0,"speed":1.0,"floorPosition":85.44},{"type":1,"time":5824,"positionX":-0.9473686,"holdTime":0.0,"speed":1.0,"floorPosition":87.36},{"type":1,"time":5952,"positionX":-0.6491232,"holdTime":0.0,"speed":1.0,"floorPosition":89.28},{"type":1,"time":6208,"positionX":-0.8596497,"holdTime":0.0,"speed":1.0,"floorPosition":93.12},{"type":1,"time":6336,"positionX":-0.8596497,"holdTime":0.0,"speed":1.0,"floorPosition":95.04},{"type":2,"time":6624,"positionX":-0.1578951,"holdTime":0.0,"speed":1.0,"floorPosition":99.36},{"type":2,"time":6728,"positionX":-0.1052628,"holdTime":0.0,"speed":1.0,"floorPosition":100.92},{"type":2,"time":6760,"positionX":-0.08771896,"holdTime":0.0,"speed":1.0,"floorPosition":101.4},{"type":2,"time":6800,"positionX":0.6140347,"holdTime":0.0,"speed":1.0,"floorPosition":102.0},{"type":2,"time":6805,"positionX":0.2807026,"holdTime":0.0,"speed":1.0,"floorPosition":102.075005},{"type":2,"time":6811,"positionX":-0.5614033,"holdTime":0.0,"speed":1.0,"floorPosition":102.165},{"type":2,"time":6816,"positionX":-1.438597,"holdTime":0.0,"speed":1.0,"floorPosition":102.24},{"type":2,"time":6859,"positionX":-0.08771896,"holdTime":0.0,"speed":1.0,"floorPosition":102.885},{"type":2,"time":6992,"positionX":-2.263158,"holdTime":0.0,"speed":1.0,"floorPosition":104.880005},{"type":2,"time":6997,"positionX":-1.491228,"holdTime":0.0,"speed":1.0,"floorPosition":104.955},{"type":2,"time":7003,"positionX":-1.017544,"holdTime":0.0,"speed":1.0,"floorPosition":105.045},{"type":2,"time":7008,"positionX":-0.5789471,"holdTime":0.0,"speed":1.0,"floorPosition":105.12},{"type":2,"time":7115,"positionX":1.210526,"holdTime":0.0,"speed":1.0,"floorPosition":106.725},{"type":2,"time":7120,"positionX":1.118421,"holdTime":0.0,"speed":1.0,"floorPosition":106.8},{"type":2,"time":7126,"positionX":0.4912281,"holdTime":0.0,"speed":1.0,"floorPosition":106.89},{"type":2,"time":7195,"positionX":1.333333,"holdTime":0.0,"speed":1.0,"floorPosition":107.925},{"type":2,"time":7200,"positionX":0.05263233,"holdTime":0.0,"speed":1.0,"floorPosition":108.0},{"type":2,"time":7248,"positionX":-1.982456,"holdTime":0.0,"speed":1.0,"floorPosition":108.72},{"type":2,"time":7253,"positionX":-1.263158,"holdTime":0.0,"speed":1.0,"floorPosition":108.795},{"type":2,"time":7307,"positionX":2.175438,"holdTime":0.0,"speed":1.0,"floorPosition":109.605},{"type":2,"time":7312,"positionX":1.807017,"holdTime":0.0,"speed":1.0,"floorPosition":109.68},{"type":2,"time":7440,"positionX":-1.017544,"holdTime":0.0,"speed":1.0,"floorPosition":111.6},{"type":2,"time":7445,"positionX":-0.3684216,"holdTime":0.0,"speed":1.0,"floorPosition":111.675},{"type":1,"time":7488,"positionX":2.035088,"holdTime":0.0,"speed":1.0,"floorPosition":112.32},{"type":1,"time":7552,"positionX":-1.438597,"holdTime":0.0,"speed":1.0,"floorPosition":113.28},{"type":1,"time":7616,"positionX":2.631578,"holdTime":0.0,"speed":1.0,"floorPosition":114.240005},{"type":1,"time":7680,"positionX":-3.035088,"holdTime":0.0,"speed":1.0,"floorPosition":115.200005},{"type":1,"time":7744,"positionX":1.210526,"holdTime":0.0,"speed":1.0,"floorPosition":116.16},{"type":1,"time":7808,"positionX":-4.438597,"holdTime":0.0,"speed":1.0,"floorPosition":117.12},{"type":1,"time":7872,"positionX":1.68421,"holdTime":0.0,"speed":1.0,"floorPosition":118.08},{"type":1,"time":8000,"positionX":-2.578947,"holdTime":0.0,"speed":1.0,"floorPosition":120.0},{"type":1,"time":8064,"positionX":-0.4912281,"holdTime":0.0,"speed":1.0,"floorPosition":120.96},{"type":1,"time":8128,"positionX":2.263157,"holdTime":0.0,"speed":1.0,"floorPosition":121.92},{"type":1,"time":8192,"positionX":-2.543859,"holdTime":0.0,"speed":1.0,"floorPosition":122.880005},{"type":1,"time":8256,"positionX":1.350878,"holdTime":0.0,"speed":1.0,"floorPosition":123.840004},{"type":1,"time":8320,"positionX":-3.964912,"holdTime":0.0,"speed":1.0,"floorPosition":124.8},{"type":1,"time":8384,"positionX":1.403508,"holdTime":0.0,"speed":1.0,"floorPosition":125.76},{"type":1,"time":8512,"positionX":-1.684211,"holdTime":0.0,"speed":1.0,"floorPosition":127.68},{"type":1,"time":8640,"positionX":1.824561,"holdTime":0.0,"speed":1.0,"floorPosition":129.6},{"type":1,"time":8768,"positionX":-2.684211,"holdTime":0.0,"speed":1.0,"floorPosition":131.52},{"type":1,"time":8896,"positionX":0.4385958,"holdTime":0.0,"speed":1.0,"floorPosition":133.44},{"type":1,"time":9024,"positionX":-2.403509,"holdTime":0.0,"speed":1.0,"floorPosition":135.36},{"type":1,"time":9152,"positionX":-0.2456141,"holdTime":0.0,"speed":1.0,"floorPosition":137.28},{"type":1,"time":9280,"positionX":0.8771915,"holdTime":0.0,"speed":1.0,"floorPosition":139.2},{"type":1,"time":9408,"positionX":-3.263159,"holdTime":0.0,"speed":1.0,"floorPosition":141.12},{"type":1,"time":9536,"positionX":0.5087719,"holdTime":0.0,"speed":1.0,"floorPosition":143.04001},{"type":1,"time":9664,"positionX":0.1403513,"holdTime":0.0,"speed":1.0,"floorPosition":144.96},{"type":1,"time":9792,"positionX":-2.122807,"holdTime":0.0,"speed":1.0,"floorPosition":146.88},{"type":1,"time":9920,"positionX":-3.736842,"holdTime":0.0,"speed":1.0,"floorPosition":148.8},{"type":1,"time":10048,"positionX":0.333334,"holdTime":0.0,"speed":1.0,"floorPosition":150.72},{"type":1,"time":10176,"positionX":-2.263158,"holdTime":0.0,"speed":1.0,"floorPosition":152.64},{"type":1,"time":10304,"positionX":1.175438,"holdTime":0.0,"speed":1.0,"floorPosition":154.56},{"type":1,"time":10432,"positionX":-1.245614,"holdTime":0.0,"speed":1.0,"floorPosition":156.48},{"type":1,"time":10560,"positionX":0.03508759,"holdTime":0.0,"speed":1.0,"floorPosition":158.40001},{"type":1,"time":10688,"positionX":-0.1578951,"holdTime":0.0,"speed":1.0,"floorPosition":160.32},{"type":1,"time":10816,"positionX":-0.333333,"holdTime":0.0,"speed":1.0,"floorPosition":162.24},{"type":1,"time":10944,"positionX":-2.649123,"holdTime":0.0,"speed":1.0,"floorPosition":164.16},{"type":1,"time":11072,"positionX":1.438597,"holdTime":0.0,"speed":1.0,"floorPosition":166.08},{"type":1,"time":11136,"positionX":-2.508772,"holdTime":0.0,"speed":1.0,"floorPosition":167.04001},{"type":1,"time":11200,"positionX":2.333333,"holdTime":0.0,"speed":1.0,"floorPosition":168.0},{"type":1,"time":11264,"positionX":-4.070175,"holdTime":0.0,"speed":1.0,"floorPosition":168.96},{"type":1,"time":11328,"positionX":1.070176,"holdTime":0.0,"speed":1.0,"floorPosition":169.92},{"type":1,"time":11456,"positionX":-2.771931,"holdTime":0.0,"speed":1.0,"floorPosition":171.84},{"type":1,"time":11584,"positionX":1.438597,"holdTime":0.0,"speed":1.0,"floorPosition":173.76001}],"notesBelow":[],"speedEvents":[{"startTime":0.0,"endTime":1000000000.0,"value":1.6}],"judgeLineMoveEvents":[{"startTime":-999999.0,"endTime":16.0,"start":0.5,"end":0.5,"start2":0.5,"end2":0.5},{"startTime":16.0,"endTime":20.0,"start":0.5,"end":0.5,"start2":0.5,"end2":0.4852683},{"startTime":20.0,"endTime":24.0,"start":0.5,"end":0.5,"start2":0.4852683,"end2":0.4710082},{"startTime":24.0,"endTime":28.0,"start":0.5,"end":0.5,"start2":0.4710082,"end2":0.45721248},{"startTime":28.0,"endTime":32.0,"start":0.5,"end":0.5,"start2":0.45721248,"end2":0.4439298},{"startTime":32.0,"endTime":36.0,"start":0.5,"end":0.5,"start2":0.4439298,"end2":0.4310947},{"startTime":36.0,"endTime":40.0,"start":0.5,"end":0.5,"start2":0.4310947,"end2":0.41869998},{"startTime":40.0,"endTime":44.0,"start":0.5,"end":0.5,"start2":0.41869998,"end2":0.4067913},{"startTime":44.0,"endTime":48.0,"start":0.5,"end":0.5,"start2":0.4067913,"end2":0.3953062},{"startTime":48.0,"endTime":52.0,"start":0.5,"end":0.5,"start2":0.3953062,"end2":0.3842375},{"startTime":52.0,"endTime":56.0,"start":0.5,"end":0.5,"start2":0.3842375,"end2":0.37362778},{"startTime":56.0,"endTime":60.0,"start":0.5,"end":0.5,"start2":0.37362778,"end2":0.36341769},{"startTime":60.0,"endTime":64.0,"start":0.5,"end":0.5,"start2":0.36341769,"end2":0.3536},{"startTime":64.0,"endTime":68.0,"start":0.5,"end":0.5,"start2":0.3536,"end2":0.3442143},{"startTime":68.0,"endTime":72.0,"start":0.5,"end":0.5,"start2":0.3442143,"end2":0.33520418},{"startTime":72.0,"endTime":76.0,"start":0.5,"end":0.5,"start2":0.33520418,"end2":0.3265625},{"startTime":76.0,"endTime":80.0,"start":0.5,"end":0.5,"start2":0.3265625,"end2":0.3183258},{"startTime":80.0,"endTime":84.0,"start":0.5,"end":0.5,"start2":0.3183258,"end2":0.3104407},{"startTime":84.0,"endTime":88.0,"start":0.5,"end":0.5,"start2":0.3104407,"end2":0.3029},{"startTime":88.0,"endTime":92.0,"start":0.5,"end":0.5,"start2":0.3029,"end2":0.2957373},{"startTime":92.0,"endTime":96.0,"start":0.5,"end":0.5,"start2":0.2957373,"end2":0.2889022},{"startTime":96.0,"endTime":100.0,"start":0.5,"end":0.5,"start2":0.2889022,"end2":0.28238747},{"startTime":100.0,"endTime":104.0,"start":0.5,"end":0.5,"start2":0.28238747,"end2":0.27622378},{"startTime":104.0,"endTime":108.0,"start":0.5,"end":0.5,"start2":0.27622378,"end2":0.2703637},{"startTime":108.0,"endTime":112.0,"start":0.5,"end":0.5,"start2":0.2703637,"end2":0.26479998},{"startTime":112.0,"endTime":116.0,"start":0.5,"end":0.5,"start2":0.26479998,"end2":0.2595603},{"startTime":116.0,"endTime":120.0,"start":0.5,"end":0.5,"start2":0.2595603,"end2":0.2546002},{"startTime":120.0,"endTime":124.0,"start":0.5,"end":0.5,"start2":0.2546002,"end2":0.2499125},{"startTime":124.0,"endTime":128.0,"start":0.5,"end":0.5,"start2":0.2499125,"end2":0.24552178},{"startTime":128.0,"endTime":132.0,"start":0.5,"end":0.5,"start2":0.24552178,"end2":0.2413867},{"startTime":132.0,"endTime":136.0,"start":0.5,"end":0.5,"start2":0.2413867,"end2":0.23749998},{"startTime":136.0,"endTime":140.0,"start":0.5,"end":0.5,"start2":0.23749998,"end2":0.23388329},{"startTime":140.0,"endTime":144.0,"start":0.5,"end":0.5,"start2":0.23388329,"end2":0.2304982},{"startTime":144.0,"endTime":148.0,"start":0.5,"end":0.5,"start2":0.2304982,"end2":0.2273375},{"startTime":148.0,"endTime":152.0,"start":0.5,"end":0.5,"start2":0.2273375,"end2":0.22441979},{"startTime":152.0,"endTime":156.0,"start":0.5,"end":0.5,"start2":0.22441979,"end2":0.22170968},{"startTime":156.0,"endTime":160.0,"start":0.5,"end":0.5,"start2":0.22170968,"end2":0.21919999},{"startTime":160.0,"endTime":164.0,"start":0.5,"end":0.5,"start2":0.21919999,"end2":0.2169063},{"startTime":164.0,"endTime":168.0,"start":0.5,"end":0.5,"start2":0.2169063,"end2":0.21479619},{"startTime":168.0,"endTime":172.0,"start":0.5,"end":0.5,"start2":0.21479619,"end2":0.21286249},{"startTime":172.0,"endTime":176.0,"start":0.5,"end":0.5,"start2":0.21286249,"end2":0.21111777},{"startTime":176.0,"endTime":180.0,"start":0.5,"end":0.5,"start2":0.21111777,"end2":0.20953268},{"startTime":180.0,"endTime":184.0,"start":0.5,"end":0.5,"start2":0.20953268,"end2":0.20809999},{"startTime":184.0,"endTime":188.0,"start":0.5,"end":0.5,"start2":0.20809999,"end2":0.20682928},{"startTime":188.0,"endTime":192.0,"start":0.5,"end":0.5,"start2":0.20682928,"end2":0.2056942},{"startTime":192.0,"endTime":196.0,"start":0.5,"end":0.5,"start2":0.2056942,"end2":0.20468749},{"startTime":196.0,"endTime":200.0,"start":0.5,"end":0.5,"start2":0.20468749,"end2":0.20381579},{"startTime":200.0,"endTime":204.0,"start":0.5,"end":0.5,"start2":0.20381579,"end2":0.20305568},{"startTime":204.0,"endTime":208.0,"start":0.5,"end":0.5,"start2":0.20305568,"end2":0.2024},{"startTime":208.0,"endTime":212.0,"start":0.5,"end":0.5,"start2":0.2024,"end2":0.20185229},{"startTime":212.0,"endTime":216.0,"start":0.5,"end":0.5,"start2":0.20185229,"end2":0.20139217},{"startTime":216.0,"endTime":220.0,"start":0.5,"end":0.5,"start2":0.20139217,"end2":0.20101249},{"startTime":220.0,"endTime":224.0,"start":0.5,"end":0.5,"start2":0.20101249,"end2":0.2007138},{"startTime":224.0,"endTime":228.0,"start":0.5,"end":0.5,"start2":0.2007138,"end2":0.20047869},{"startTime":228.0,"endTime":232.0,"start":0.5,"end":0.5,"start2":0.20047869,"end2":0.20029998},{"startTime":232.0,"endTime":236.0,"start":0.5,"end":0.5,"start2":0.20029998,"end2":0.2001753},{"startTime":236.0,"endTime":240.0,"start":0.5,"end":0.5,"start2":0.2001753,"end2":0.2000902},{"startTime":240.0,"endTime":244.0,"start":0.5,"end":0.5,"start2":0.2000902,"end2":0.20003748},{"startTime":244.0,"endTime":248.0,"start":0.5,"end":0.5,"start2":0.20003748,"end2":0.20001179},{"startTime":248.0,"endTime":252.0,"start":0.5,"end":0.5,"start2":0.20001179,"end2":0.20000169},{"startTime":252.0,"endTime":256.0,"start":0.5,"end":0.5,"start2":0.20000169,"end2":0.19999999},{"startTime":256.0,"endTime":11248.0,"start":0.5,"end":0.5,"start2":0.19999999,"end2":0.19999999},{"startTime":11248.0,"endTime":11264.0,"start":0.5,"end":0.5,"start2":0.19999999,"end2":0.2},{"startTime":11264.0,"endTime":11680.0,"start":0.5,"end":0.5,"start2":0.2,"end2":0.2},{"startTime":11680.0,"endTime":11681.0,"start":0.5,"end":0.5,"start2":0.2,"end2":0.22890624},{"startTime":11681.0,"endTime":11682.0,"start":0.5,"end":0.5,"start2":0.22890624,"end2":0.24375},{"startTime":11682.0,"endTime":11683.0,"start":0.5,"end":0.5,"start2":0.24375,"end2":0.24921875},{"startTime":11683.0,"endTime":11684.0,"start":0.5,"end":0.5,"start2":0.24921875,"end2":0.25},{"startTime":11684.0,"endTime":11685.0,"start":0.5,"end":0.5,"start2":0.25,"end2":0.19218749},{"startTime":11685.0,"endTime":11686.0,"start":0.5,"end":0.5,"start2":0.19218749,"end2":0.1625},{"startTime":11686.0,"endTime":11687.0,"start":0.5,"end":0.5,"start2":0.1625,"end2":0.1515625},{"startTime":11687.0,"endTime":11688.0,"start":0.5,"end":0.5,"start2":0.1515625,"end2":0.14999999},{"startTime":11688.0,"endTime":11689.0,"start":0.5,"end":0.5,"start2":0.14999999,"end2":0.2078125},{"startTime":11689.0,"endTime":11690.0,"start":0.5,"end":0.5,"start2":0.2078125,"end2":0.2375},{"startTime":11690.0,"endTime":11691.0,"start":0.5,"end":0.5,"start2":0.2375,"end2":0.2484375},{"startTime":11691.0,"endTime":11692.0,"start":0.5,"end":0.5,"start2":0.2484375,"end2":0.25},{"startTime":11692.0,"endTime":11693.0,"start":0.5,"end":0.5,"start2":0.25,"end2":0.2153125},{"startTime":11693.0,"endTime":11694.0,"start":0.5,"end":0.5,"start2":0.2153125,"end2":0.19749999},{"startTime":11694.0,"endTime":11695.0,"start":0.5,"end":0.5,"start2":0.19749999,"end2":0.1909375},{"startTime":11695.0,"endTime":11696.0,"start":0.5,"end":0.5,"start2":0.1909375,"end2":0.19},{"startTime":11696.0,"endTime":11697.0,"start":0.5,"end":0.5,"start2":0.19,"end2":0.23955949},{"startTime":11697.0,"endTime":11698.0,"start":0.5,"end":0.5,"start2":0.23955949,"end2":0.28705764},{"startTime":11698.0,"endTime":11699.0,"start":0.5,"end":0.5,"start2":0.28705764,"end2":0.33253792},{"startTime":11699.0,"endTime":11700.0,"start":0.5,"end":0.5,"start2":0.33253792,"end2":0.37604427},{"startTime":11700.0,"endTime":11701.0,"start":0.5,"end":0.5,"start2":0.37604427,"end2":0.41762048},{"startTime":11701.0,"endTime":11702.0,"start":0.5,"end":0.5,"start2":0.41762048,"end2":0.4573101},{"startTime":11702.0,"endTime":11703.0,"start":0.5,"end":0.5,"start2":0.4573101,"end2":0.495157},{"startTime":11703.0,"endTime":11704.0,"start":0.5,"end":0.5,"start2":0.495157,"end2":0.531205},{"startTime":11704.0,"endTime":11705.0,"start":0.5,"end":0.5,"start2":0.531205,"end2":0.5654975},{"startTime":11705.0,"endTime":11706.0,"start":0.5,"end":0.5,"start2":0.5654975,"end2":0.59807867},{"startTime":11706.0,"endTime":11707.0,"start":0.5,"end":0.5,"start2":0.59807867,"end2":0.628992},{"startTime":11707.0,"endTime":11708.0,"start":0.5,"end":0.5,"start2":0.628992,"end2":0.65828127},{"startTime":11708.0,"endTime":11709.0,"start":0.5,"end":0.5,"start2":0.65828127,"end2":0.68596065},{"startTime":11709.0,"endTime":11710.0,"start":0.5,"end":0.5,"start2":0.68596065,"end2":0.7121051},{"startTime":11710.0,"endTime":11711.0,"start":0.5,"end":0.5,"start2":0.7121051,"end2":0.7367583},{"startTime":11711.0,"endTime":11712.0,"start":0.5,"end":0.5,"start2":0.7367583,"end2":0.75996405},{"startTime":11712.0,"endTime":11713.0,"start":0.5,"end":0.5,"start2":0.75996405,"end2":0.7817661},{"startTime":11713.0,"endTime":11714.0,"start":0.5,"end":0.5,"start2":0.7817661,"end2":0.8022081},{"startTime":11714.0,"endTime":11715.0,"start":0.5,"end":0.5,"start2":0.8022081,"end2":0.82133394},{"startTime":11715.0,"endTime":11716.0,"start":0.5,"end":0.5,"start2":0.82133394,"end2":0.83918715},{"startTime":11716.0,"endTime":11717.0,"start":0.5,"end":0.5,"start2":0.83918715,"end2":0.85581166},{"startTime":11717.0,"endTime":11718.0,"start":0.5,"end":0.5,"start2":0.85581166,"end2":0.87125117},{"startTime":11718.0,"endTime":11719.0,"start":0.5,"end":0.5,"start2":0.87125117,"end2":0.88554937},{"startTime":11719.0,"endTime":11720.0,"start":0.5,"end":0.5,"start2":0.88554937,"end2":0.89875},{"startTime":11720.0,"endTime":11721.0,"start":0.5,"end":0.5,"start2":0.89875,"end2":0.9108774},{"startTime":11721.0,"endTime":11722.0,"start":0.5,"end":0.5,"start2":0.9108774,"end2":0.9219963},{"startTime":11722.0,"endTime":11723.0,"start":0.5,"end":0.5,"start2":0.9219963,"end2":0.93215054},{"startTime":11723.0,"endTime":11724.0,"start":0.5,"end":0.5,"start2":0.93215054,"end2":0.94138384},{"startTime":11724.0,"endTime":11725.0,"start":0.5,"end":0.5,"start2":0.94138384,"end2":0.9497399},{"startTime":11725.0,"endTime":11726.0,"start":0.5,"end":0.5,"start2":0.9497399,"end2":0.9572624},{"startTime":11726.0,"endTime":11727.0,"start":0.5,"end":0.5,"start2":0.9572624,"end2":0.9639951},{"startTime":11727.0,"endTime":11728.0,"start":0.5,"end":0.5,"start2":0.9639951,"end2":0.96998197},{"startTime":11728.0,"endTime":11729.0,"start":0.5,"end":0.5,"start2":0.96998197,"end2":0.97526646},{"startTime":11729.0,"endTime":11730.0,"start":0.5,"end":0.5,"start2":0.97526646,"end2":0.9798924},{"startTime":11730.0,"endTime":11731.0,"start":0.5,"end":0.5,"start2":0.9798924,"end2":0.98390365},{"startTime":11731.0,"endTime":11732.0,"start":0.5,"end":0.5,"start2":0.98390365,"end2":0.9873437},{"startTime":11732.0,"endTime":11733.0,"start":0.5,"end":0.5,"start2":0.9873437,"end2":0.9902473},{"startTime":11733.0,"endTime":11734.0,"start":0.5,"end":0.5,"start2":0.9902473,"end2":0.9926688},{"startTime":11734.0,"endTime":11735.0,"start":0.5,"end":0.5,"start2":0.9926688,"end2":0.99465215},{"startTime":11735.0,"endTime":11736.0,"start":0.5,"end":0.5,"start2":0.99465215,"end2":0.9962411},{"startTime":11736.0,"endTime":11737.0,"start":0.5,"end":0.5,"start2":0.9962411,"end2":0.9974792},{"startTime":11737.0,"endTime":11738.0,"start":0.5,"end":0.5,"start2":0.9974792,"end2":0.99841034},{"startTime":11738.0,"endTime":11739.0,"start":0.5,"end":0.5,"start2":0.99841034,"end2":0.9990783},{"startTime":11739.0,"endTime":11740.0,"start":0.5,"end":0.5,"start2":0.9990783,"end2":0.9995267},{"startTime":11740.0,"endTime":11741.0,"start":0.5,"end":0.5,"start2":0.9995267,"end2":0.9997993},{"startTime":11741.0,"endTime":11742.0,"start":0.5,"end":0.5,"start2":0.9997993,"end2":0.9999399},{"startTime":11742.0,"endTime":11743.0,"start":0.5,"end":0.5,"start2":0.9999399,"end2":0.99999225},{"startTime":11743.0,"endTime":11744.0,"start":0.5,"end":0.5,"start2":0.99999225,"end2":1.0},{"startTime":11744.0,"endTime":1000000000.0,"start":0.5,"end":0.5,"start2":1.0,"end2":1.0}],"judgeLineRotateEvents":[{"startTime":-999999.0,"endTime":4928.0,"start":0.0,"end":0.0},{"startTime":4928.0,"endTime":5440.0,"start":0.0,"end":18.75},{"startTime":5440.0,"endTime":6016.0,"start":0.0,"end":0.0},{"startTime":6016.0,"endTime":6032.0,"start":0.0,"end":360.0},{"startTime":6032.0,"endTime":9536.0,"start":0.0,"end":0.0},{"startTime":9536.0,"endTime":9552.0,"start":0.0,"end":-1.8163817},{"startTime":9552.0,"endTime":9568.0,"start":-1.8163817,"end":-3.5194552},{"startTime":9568.0,"endTime":9584.0,"start":-3.5194552,"end":-5.112862},{"startTime":9584.0,"endTime":9600.0,"start":-5.112862,"end":-6.6002502},{"startTime":9600.0,"endTime":9616.0,"start":-6.6002502,"end":-7.985263},{"startTime":9616.0,"endTime":9632.0,"start":-7.985263,"end":-9.271544},{"startTime":9632.0,"endTime":9648.0,"start":-9.271544,"end":-10.462744},{"startTime":9648.0,"endTime":9664.0,"start":-10.462744,"end":-11.5625},{"startTime":9664.0,"endTime":9680.0,"start":-11.5625,"end":-12.573381},{"startTime":9680.0,"endTime":9696.0,"start":-12.573381,"end":-13.500205},{"startTime":9696.0,"endTime":9712.0,"start":-13.500205,"end":-14.346613},{"startTime":9712.0,"endTime":9728.0,"start":-14.346613,"end":-15.116251},{"startTime":9728.0,"endTime":9744.0,"start":-15.116251,"end":-15.812761},{"startTime":9744.0,"endTime":9760.0,"start":-15.812761,"end":-16.439795},{"startTime":9760.0,"endTime":9776.0,"start":-16.439795,"end":-17.000994},{"startTime":9776.0,"endTime":9792.0,"start":-17.000994,"end":-17.5},{"startTime":9792.0,"endTime":9808.0,"start":-17.5,"end":-17.939756},{"startTime":9808.0,"endTime":9824.0,"start":-17.939756,"end":-18.324705},{"startTime":9824.0,"endTime":9840.0,"start":-18.324705,"end":-18.658487},{"startTime":9840.0,"endTime":9856.0,"start":-18.658487,"end":-18.94475},{"startTime":9856.0,"endTime":9872.0,"start":-18.94475,"end":-19.187138},{"startTime":9872.0,"endTime":9888.0,"start":-19.187138,"end":-19.389296},{"startTime":9888.0,"endTime":9904.0,"start":-19.389296,"end":-19.554867},{"startTime":9904.0,"endTime":9920.0,"start":-19.554867,"end":-19.6875},{"startTime":9920.0,"endTime":9936.0,"start":-19.6875,"end":-19.790508},{"startTime":9936.0,"endTime":9952.0,"start":-19.790508,"end":-19.867954},{"startTime":9952.0,"endTime":9968.0,"start":-19.867954,"end":-19.923489},{"startTime":9968.0,"endTime":9984.0,"start":-19.923489,"end":-19.960749},{"startTime":9984.0,"endTime":10000.0,"start":-19.960749,"end":-19.983387},{"startTime":10000.0,"endTime":10016.0,"start":-19.983387,"end":-19.995045},{"startTime":10016.0,"endTime":10032.0,"start":-19.995045,"end":-19.999367},{"startTime":10032.0,"endTime":10048.0,"start":-19.999367,"end":-20.0},{"startTime":10048.0,"endTime":10064.0,"start":-20.0,"end":-18.183619},{"startTime":10064.0,"endTime":10080.0,"start":-18.183619,"end":-16.480545},{"startTime":10080.0,"endTime":10096.0,"start":-16.480545,"end":-14.887138},{"startTime":10096.0,"endTime":10112.0,"start":-14.887138,"end":-13.39975},{"startTime":10112.0,"endTime":10128.0,"start":-13.39975,"end":-12.014737},{"startTime":10128.0,"endTime":10144.0,"start":-12.014737,"end":-10.728456},{"startTime":10144.0,"endTime":10160.0,"start":-10.728456,"end":-9.537256},{"startTime":10160.0,"endTime":10176.0,"start":-9.537256,"end":-8.4375},{"startTime":10176.0,"endTime":10192.0,"start":-8.4375,"end":-7.4266186},{"startTime":10192.0,"endTime":10208.0,"start":-7.4266186,"end":-6.499795},{"startTime":10208.0,"endTime":10224.0,"start":-6.499795,"end":-5.653387},{"startTime":10224.0,"endTime":10240.0,"start":-5.653387,"end":-4.8837495},{"startTime":10240.0,"endTime":10256.0,"start":-4.8837495,"end":-4.187238},{"startTime":10256.0,"endTime":10272.0,"start":-4.187238,"end":-3.5602057},{"startTime":10272.0,"endTime":10288.0,"start":-3.5602057,"end":-2.9990065},{"startTime":10288.0,"endTime":10304.0,"start":-2.9990065,"end":-2.5},{"startTime":10304.0,"endTime":10320.0,"start":-2.5,"end":-2.060243},{"startTime":10320.0,"endTime":10336.0,"start":-2.060243,"end":-1.6752946},{"startTime":10336.0,"endTime":10352.0,"start":-1.6752946,"end":-1.3415122},{"startTime":10352.0,"endTime":10368.0,"start":-1.3415122,"end":-1.0552502},{"startTime":10368.0,"endTime":10384.0,"start":-1.0552502,"end":-0.8128631},{"startTime":10384.0,"endTime":10400.0,"start":-0.8128631,"end":-0.6107044},{"startTime":10400.0,"endTime":10416.0,"start":-0.6107044,"end":-0.44513226},{"startTime":10416.0,"endTime":10432.0,"start":-0.44513226,"end":-0.3125},{"startTime":10432.0,"endTime":10448.0,"start":-0.3125,"end":-0.20949244},{"startTime":10448.0,"endTime":10464.0,"start":-0.20949244,"end":-0.13204575},{"startTime":10464.0,"endTime":10480.0,"start":-0.13204575,"end":-0.0765121},{"startTime":10480.0,"endTime":10496.0,"start":-0.0765121,"end":-0.03925085},{"startTime":10496.0,"endTime":10512.0,"start":-0.03925085,"end":-0.016613007},{"startTime":10512.0,"endTime":10528.0,"start":-0.016613007,"end":-0.00495553},{"startTime":10528.0,"endTime":10544.0,"start":-0.00495553,"end":-0.0006330013},{"startTime":10544.0,"endTime":10560.0,"start":-0.0006330013,"end":0.0},{"startTime":10560.0,"endTime":1000000000.0,"start":0.0,"end":0.0}],"judgeLineDisappearEvents":[{"startTime":-999999.0,"endTime":11696.0,"start":1.0,"end":1.0},{"startTime":11696.0,"endTime":11697.0,"start":1.0,"end":0.9995583},{"startTime":11697.0,"endTime":11698.0,"start":0.9995583,"end":0.99825},{"startTime":11698.0,"endTime":11699.0,"start":0.99825,"end":0.996075},{"startTime":11699.0,"endTime":11700.0,"start":0.996075,"end":0.99303335},{"startTime":11700.0,"endTime":11701.0,"start":0.99303335,"end":0.989125},{"startTime":11701.0,"endTime":11702.0,"start":0.989125,"end":0.98435},{"startTime":11702.0,"endTime":11703.0,"start":0.98435,"end":0.9787083},{"startTime":11703.0,"endTime":11704.0,"start":0.9787083,"end":0.9722},{"startTime":11704.0,"endTime":11705.0,"start":0.9722,"end":0.964825},{"startTime":11705.0,"endTime":11706.0,"start":0.964825,"end":0.9565833},{"startTime":11706.0,"endTime":11707.0,"start":0.9565833,"end":0.947475},{"startTime":11707.0,"endTime":11708.0,"start":0.947475,"end":0.9375},{"startTime":11708.0,"endTime":11709.0,"start":0.9375,"end":0.92664164},{"startTime":11709.0,"endTime":11710.0,"start":0.92664164,"end":0.9149167},{"startTime":11710.0,"endTime":11711.0,"start":0.9149167,"end":0.902325},{"startTime":11711.0,"endTime":11712.0,"start":0.902325,"end":0.88886666},{"startTime":11712.0,"endTime":11713.0,"start":0.88886666,"end":0.8745417},{"startTime":11713.0,"endTime":11714.0,"start":0.8745417,"end":0.85934997},{"startTime":11714.0,"endTime":11715.0,"start":0.85934997,"end":0.84329164},{"startTime":11715.0,"endTime":11716.0,"start":0.84329164,"end":0.82636666},{"startTime":11716.0,"endTime":11717.0,"start":0.82636666,"end":0.80857503},{"startTime":11717.0,"endTime":11718.0,"start":0.80857503,"end":0.78991663},{"startTime":11718.0,"endTime":11719.0,"start":0.78991663,"end":0.7703917},{"startTime":11719.0,"endTime":11720.0,"start":0.7703917,"end":0.75},{"startTime":11720.0,"endTime":11721.0,"start":0.75,"end":0.728725},{"startTime":11721.0,"endTime":11722.0,"start":0.728725,"end":0.70658326},{"startTime":11722.0,"endTime":11723.0,"start":0.70658326,"end":0.68357503},{"startTime":11723.0,"endTime":11724.0,"start":0.68357503,"end":0.65970004},{"startTime":11724.0,"endTime":11725.0,"start":0.65970004,"end":0.63495827},{"startTime":11725.0,"endTime":11726.0,"start":0.63495827,"end":0.60934997},{"startTime":11726.0,"endTime":11727.0,"start":0.60934997,"end":0.58287513},{"startTime":11727.0,"endTime":11728.0,"start":0.58287513,"end":0.55553323},{"startTime":11728.0,"endTime":11729.0,"start":0.55553323,"end":0.52732503},{"startTime":11729.0,"endTime":11730.0,"start":0.52732503,"end":0.49825013},{"startTime":11730.0,"endTime":11731.0,"start":0.49825013,"end":0.4683082},{"startTime":11731.0,"endTime":11732.0,"start":0.4683082,"end":0.4375},{"startTime":11732.0,"endTime":11733.0,"start":0.4375,"end":0.40580845},{"startTime":11733.0,"endTime":11734.0,"start":0.40580845,"end":0.3732499},{"startTime":11734.0,"endTime":11735.0,"start":0.3732499,"end":0.33982503},{"startTime":11735.0,"endTime":11736.0,"start":0.33982503,"end":0.3055334},{"startTime":11736.0,"endTime":11737.0,"start":0.3055334,"end":0.2703749},{"startTime":11737.0,"endTime":11738.0,"start":0.2703749,"end":0.23434997},{"startTime":11738.0,"endTime":11739.0,"start":0.23434997,"end":0.1974585},{"startTime":11739.0,"endTime":11740.0,"start":0.1974585,"end":0.15969986},{"startTime":11740.0,"endTime":11741.0,"start":0.15969986,"end":0.121075034},{"startTime":11741.0,"endTime":11742.0,"start":0.121075034,"end":0.08158344},{"startTime":11742.0,"endTime":11743.0,"start":0.08158344,"end":0.041224837},{"startTime":11743.0,"endTime":11744.0,"start":0.041224837,"end":0.0},{"startTime":11744.0,"endTime":1000000000.0,"start":0.0,"end":0.0}]}]}