{"formatVersion":1,"offset":0.468,"judgeLineList":[{"bpm":128.0,"notesAbove":[{"type":1,"time":608,"positionX":-4.0,"holdTime":0.0,"speed":1.0,"floorPosition":16.03125},{"type":1,"time":640,"positionX":0.0,"holdTime":0.0,"speed":1.0,"floorPosition":16.875},{"type":1,"time":672,"positionX":4.0,"holdTime":0.0,"speed":1.0,"floorPosition":17.71875},{"type":1,"time":736,"positionX":-4.0,"holdTime":0.0,"speed":1.0,"floorPosition":19.406248},{"type":1,"time":768,"positionX":0.0,"holdTime":0.0,"speed":1.0,"floorPosition":20.249998},{"type":1,"time":800,"positionX":4.0,"holdTime":0.0,"speed":1.0,"floorPosition":21.09375},{"type":1,"time":864,"positionX":-4.0,"holdTime":0.0,"speed":1.0,"floorPosition":22.78125},{"type":1,"time":896,"positionX":0.0,"holdTime":0.0,"speed":1.0,"floorPosition":23.624998},{"type":1,"time":928,"positionX":4.0,"holdTime":0.0,"speed":1.0,"floorPosition":24.468748},{"type":2,"time":992,"positionX":6.0,"holdTime":0.0,"speed":1.0,"floorPosition":26.15625},{"type":2,"time":1008,"positionX":4.0,"holdTime":0.0,"speed":1.0,"floorPosition":26.578123},{"type":2,"time":1024,"positionX":2.0,"holdTime":0.0,"speed":1.0,"floorPosition":27.0},{"type":2,"time":1040,"positionX":4.0,"holdTime":0.0,"speed":1.0,"floorPosition":27.421875},{"type":2,"time":1072,"positionX":-4.0,"holdTime":0.0,"speed":1.0,"floorPosition":28.265625},{"type":2,"time":1088,"positionX":-2.0,"holdTime":0.0,"speed":1.0,"floorPosition":28.687498},{"type":2,"time":1104,"positionX":-4.0,"holdTime":0.0,"speed":1.0,"floorPosition":29.109375},{"type":1,"time":1120,"positionX":3.970856,"holdTime":0.0,"speed":1.0,"floorPosition":29.53125},{"type":1,"time":1152,"positionX":0.0,"holdTime":0.0,"speed":1.0,"floorPosition":30.374998},{"type":1,"time":1184,"positionX":-4.0,"holdTime":0.0,"speed":1.0,"floorPosition":31.21875},{"type":1,"time":1248,"positionX":4.0,"holdTime":0.0,"speed":1.0,"floorPosition":32.90625},{"type":1,"time":1280,"positionX":0.0,"holdTime":0.0,"speed":1.0,"floorPosition":33.75},{"type":1,"time":1312,"positionX":-4.0,"holdTime":0.0,"speed":1.0,"floorPosition":34.593746},{"type":1,"time":1376,"positionX":4.0,"holdTime":0.0,"speed":1.0,"floorPosition":36.28125},{"type":1,"time":1408,"positionX":0.0,"holdTime":0.0,"speed":1.0,"floorPosition":37.125},{"type":1,"time":1440,"positionX":-4.0,"holdTime":0.0,"speed":1.0,"floorPosition":37.96875},{"type":2,"time":1504,"positionX":4.0,"holdTime":0.0,"speed":1.0,"floorPosition":39.65625},{"type":2,"time":1520,"positionX":3.0,"holdTime":0.0,"speed":1.0,"floorPosition":40.078125},{"type":2,"time":1536,"positionX":2.0,"holdTime":0.0,"speed":1.0,"floorPosition":40.499996},{"type":2,"time":1552,"positionX":1.0,"holdTime":0.0,"speed":1.0,"floorPosition":40.92187},{"type":2,"time":1568,"positionX":-4.0,"holdTime":0.0,"speed":1.0,"floorPosition":41.34375},{"type":2,"time":1584,"positionX":-3.0,"holdTime":0.0,"speed":1.0,"floorPosition":41.765625},{"type":2,"time":1600,"positionX":-2.0,"holdTime":0.0,"speed":1.0,"floorPosition":42.1875},{"type":2,"time":1616,"positionX":-1.0,"holdTime":0.0,"speed":1.0,"floorPosition":42.60937},{"type":1,"time":1632,"positionX":4.0,"holdTime":0.0,"speed":1.0,"floorPosition":43.031246},{"type":1,"time":1664,"positionX":4.0,"holdTime":0.0,"speed":1.0,"floorPosition":43.875},{"type":1,"time":1696,"positionX":4.0,"holdTime":0.0,"speed":1.0,"floorPosition":44.718746},{"type":1,"time":1728,"positionX":4.0,"holdTime":0.0,"speed":1.0,"floorPosition":45.5625},{"type":1,"time":1760,"positionX":-4.0,"holdTime":0.0,"speed":1.0,"floorPosition":46.40625},{"type":1,"time":1792,"positionX":-4.0,"holdTime":0.0,"speed":1.0,"floorPosition":47.249996},{"type":1,"time":1824,"positionX":-4.0,"holdTime":0.0,"speed":1.0,"floorPosition":48.09375},{"type":1,"time":1856,"positionX":-4.0,"holdTime":0.0,"speed":1.0,"floorPosition":48.937496},{"type":1,"time":1888,"positionX":4.0,"holdTime":0.0,"speed":1.0,"floorPosition":49.78125},{"type":1,"time":1920,"positionX":2.0,"holdTime":0.0,"speed":1.0,"floorPosition":50.625},{"type":1,"time":1952,"positionX":4.0,"holdTime":0.0,"speed":1.0,"floorPosition":51.468746},{"type":1,"time":1984,"positionX":2.0,"holdTime":0.0,"speed":1.0,"floorPosition":52.3125},{"type":1,"time":2016,"positionX":-4.0,"holdTime":0.0,"speed":1.0,"floorPosition":53.156246},{"type":1,"time":2048,"positionX":-2.0,"holdTime":0.0,"speed":1.0,"floorPosition":54.0},{"type":1,"time":2080,"positionX":-4.0,"holdTime":0.0,"speed":1.0,"floorPosition":54.84375},{"type":1,"time":2112,"positionX":-2.0,"holdTime":0.0,"speed":1.0,"floorPosition":55.687496},{"type":1,"time":2144,"positionX":6.0,"holdTime":0.0,"speed":1.0,"floorPosition":56.53125},{"type":2,"time":2160,"positionX":5.0,"holdTime":0.0,"speed":1.0,"floorPosition":56.953125},{"type":2,"time":2176,"positionX":4.0,"holdTime":0.0,"speed":1.0,"floorPosition":57.374996},{"type":2,"time":2192,"positionX":3.0,"holdTime":0.0,"speed":1.0,"floorPosition":57.79687},{"type":2,"time":2208,"positionX":2.0,"holdTime":0.0,"speed":1.0,"floorPosition":58.21875},{"type":1,"time":2272,"positionX":-6.0,"holdTime":0.0,"speed":1.0,"floorPosition":59.906246},{"type":2,"time":2288,"positionX":-5.0,"holdTime":0.0,"speed":1.0,"floorPosition":60.328125},{"type":2,"time":2304,"positionX":-4.0,"holdTime":0.0,"speed":1.0,"floorPosition":60.749996},{"type":2,"time":2320,"positionX":-3.0,"holdTime":0.0,"speed":1.0,"floorPosition":61.171875},{"type":2,"time":2336,"positionX":-2.0,"holdTime":0.0,"speed":1.0,"floorPosition":61.593746},{"type":1,"time":2400,"positionX":2.0,"holdTime":0.0,"speed":1.0,"floorPosition":63.28125},{"type":2,"time":2416,"positionX":3.0,"holdTime":0.0,"speed":1.0,"floorPosition":63.70312},{"type":2,"time":2432,"positionX":4.0,"holdTime":0.0,"speed":1.0,"floorPosition":64.125},{"type":2,"time":2448,"positionX":5.0,"holdTime":0.0,"speed":1.0,"floorPosition":64.546875},{"type":2,"time":2464,"positionX":6.0,"holdTime":0.0,"speed":1.0,"floorPosition":64.96874},{"type":1,"time":2528,"positionX":-2.0,"holdTime":0.0,"speed":1.0,"floorPosition":66.65625},{"type":2,"time":2544,"positionX":-3.0,"holdTime":0.0,"speed":1.0,"floorPosition":67.07812},{"type":2,"time":2560,"positionX":-4.0,"holdTime":0.0,"speed":1.0,"floorPosition":67.5},{"type":2,"time":2576,"positionX":-5.0,"holdTime":0.0,"speed":1.0,"floorPosition":67.921875},{"type":2,"time":2592,"positionX":-6.0,"holdTime":0.0,"speed":1.0,"floorPosition":68.34375},{"type":2,"time":2608,"positionX":-5.0,"holdTime":0.0,"speed":1.0,"floorPosition":68.765625},{"type":2,"time":2624,"positionX":-4.0,"holdTime":0.0,"speed":1.0,"floorPosition":69.18749},{"type":2,"time":2640,"positionX":-3.0,"holdTime":0.0,"speed":1.0,"floorPosition":69.609375},{"type":1,"time":2656,"positionX":4.0,"holdTime":0.0,"speed":1.0,"floorPosition":70.03125},{"type":1,"time":2688,"positionX":4.0,"holdTime":0.0,"speed":1.0,"floorPosition":70.875},{"type":1,"time":2720,"positionX":4.0,"holdTime":0.0,"speed":1.0,"floorPosition":71.71875},{"type":1,"time":2752,"positionX":4.0,"holdTime":0.0,"speed":1.0,"floorPosition":72.5625},{"type":1,"time":2784,"positionX":-4.0,"holdTime":0.0,"speed":1.0,"floorPosition":73.40624},{"type":1,"time":2816,"positionX":-4.0,"holdTime":0.0,"speed":1.0,"floorPosition":74.25},{"type":1,"time":2848,"positionX":-4.0,"holdTime":0.0,"speed":1.0,"floorPosition":75.09375},{"type":1,"time":2880,"positionX":-4.0,"holdTime":0.0,"speed":1.0,"floorPosition":75.9375},{"type":2,"time":2912,"positionX":6.0,"holdTime":0.0,"speed":1.0,"floorPosition":76.78125},{"type":2,"time":2916,"positionX":6.0,"holdTime":0.0,"speed":1.0,"floorPosition":76.88672},{"type":2,"time":2920,"positionX":6.0,"holdTime":0.0,"speed":1.0,"floorPosition":76.99219},{"type":2,"time":2924,"positionX":6.0,"holdTime":0.0,"speed":1.0,"floorPosition":77.09765},{"type":2,"time":2928,"positionX":6.0,"holdTime":0.0,"speed":1.0,"floorPosition":77.203125},{"type":2,"time":2932,"positionX":6.0,"holdTime":0.0,"speed":1.0,"floorPosition":77.30859},{"type":2,"time":2936,"positionX":6.0,"holdTime":0.0,"speed":1.0,"floorPosition":77.41406},{"type":2,"time":2940,"positionX":6.0,"holdTime":0.0,"speed":1.0,"floorPosition":77.51953},{"type":2,"time":2944,"positionX":6.0,"holdTime":0.0,"speed":1.0,"floorPosition":77.62499},{"type":2,"time":2952,"positionX":6.0,"holdTime":0.0,"speed":1.0,"floorPosition":77.83594},{"type":2,"time":2960,"positionX":6.0,"holdTime":0.0,"speed":1.0,"floorPosition":78.046875},{"type":2,"time":2968,"positionX":6.0,"holdTime":0.0,"speed":1.0,"floorPosition":78.25781},{"type":2,"time":2976,"positionX":-6.0,"holdTime":0.0,"speed":1.0,"floorPosition":78.46875},{"type":2,"time":2980,"positionX":-6.0,"holdTime":0.0,"speed":1.0,"floorPosition":78.57422},{"type":2,"time":2984,"positionX":-6.0,"holdTime":0.0,"speed":1.0,"floorPosition":78.67968},{"type":2,"time":2988,"positionX":-6.0,"holdTime":0.0,"speed":1.0,"floorPosition":78.78516},{"type":2,"time":2992,"positionX":-6.0,"holdTime":0.0,"speed":1.0,"floorPosition":78.890625},{"type":2,"time":2996,"positionX":-6.0,"holdTime":0.0,"speed":1.0,"floorPosition":78.99609},{"type":2,"time":3000,"positionX":-6.0,"holdTime":0.0,"speed":1.0,"floorPosition":79.10156},{"type":2,"time":3004,"positionX":-6.0,"holdTime":0.0,"speed":1.0,"floorPosition":79.20702},{"type":2,"time":3008,"positionX":-6.0,"holdTime":0.0,"speed":1.0,"floorPosition":79.3125},{"type":2,"time":3016,"positionX":-6.0,"holdTime":0.0,"speed":1.0,"floorPosition":79.52344},{"type":2,"time":3024,"positionX":-6.0,"holdTime":0.0,"speed":1.0,"floorPosition":79.73437},{"type":2,"time":3032,"positionX":-6.0,"holdTime":0.0,"speed":1.0,"floorPosition":79.94531},{"type":1,"time":3040,"positionX":0.09107494,"holdTime":0.0,"speed":1.0,"floorPosition":80.15625},{"type":1,"time":3168,"positionX":0.0,"holdTime":0.0,"speed":1.0,"floorPosition":83.53125},{"type":1,"time":3200,"positionX":0.0,"holdTime":0.0,"speed":1.0,"floorPosition":84.375},{"type":1,"time":3232,"positionX":0.0,"holdTime":0.0,"speed":1.0,"floorPosition":85.21874},{"type":1,"time":3264,"positionX":-4.0,"holdTime":0.0,"speed":1.0,"floorPosition":86.06249},{"type":1,"time":3280,"positionX":-4.0,"holdTime":0.0,"speed":1.0,"floorPosition":86.484375},{"type":2,"time":3312,"positionX":2.0,"holdTime":0.0,"speed":1.0,"floorPosition":87.32812},{"type":2,"time":3328,"positionX":2.0,"holdTime":0.0,"speed":1.0,"floorPosition":87.75},{"type":2,"time":3344,"positionX":2.0,"holdTime":0.0,"speed":1.0,"floorPosition":88.17187},{"type":2,"time":3360,"positionX":2.0,"holdTime":0.0,"speed":1.0,"floorPosition":88.59375},{"type":2,"time":3376,"positionX":2.0,"holdTime":0.0,"speed":1.0,"floorPosition":89.015625},{"type":1,"time":3392,"positionX":-4.0,"holdTime":0.0,"speed":1.0,"floorPosition":89.43749},{"type":1,"time":3408,"positionX":-4.0,"holdTime":0.0,"speed":1.0,"floorPosition":89.859375},{"type":1,"time":3424,"positionX":0.0,"holdTime":0.0,"speed":1.0,"floorPosition":90.28124},{"type":1,"time":3456,"positionX":0.0,"holdTime":0.0,"speed":1.0,"floorPosition":91.125},{"type":1,"time":3488,"positionX":0.0,"holdTime":0.0,"speed":1.0,"floorPosition":91.96875},{"type":1,"time":3520,"positionX":-4.0,"holdTime":0.0,"speed":1.0,"floorPosition":92.8125},{"type":1,"time":3536,"positionX":-4.0,"holdTime":0.0,"speed":1.0,"floorPosition":93.234375},{"type":2,"time":3568,"positionX":2.0,"holdTime":0.0,"speed":1.0,"floorPosition":94.078125},{"type":2,"time":3584,"positionX":2.0,"holdTime":0.0,"speed":1.0,"floorPosition":94.49999},{"type":2,"time":3600,"positionX":2.0,"holdTime":0.0,"speed":1.0,"floorPosition":94.921875},{"type":2,"time":3616,"positionX":2.0,"holdTime":0.0,"speed":1.0,"floorPosition":95.34375},{"type":2,"time":3632,"positionX":-4.0,"holdTime":0.0,"speed":1.0,"floorPosition":95.76562},{"type":2,"time":3648,"positionX":-4.0,"holdTime":0.0,"speed":1.0,"floorPosition":96.1875},{"type":2,"time":3664,"positionX":-4.0,"holdTime":0.0,"speed":1.0,"floorPosition":96.60937},{"type":1,"time":3680,"positionX":0.0,"holdTime":0.0,"speed":1.0,"floorPosition":97.03125},{"type":1,"time":3712,"positionX":0.0,"holdTime":0.0,"speed":1.0,"floorPosition":97.87499},{"type":1,"time":3744,"positionX":0.0,"holdTime":0.0,"speed":1.0,"floorPosition":98.71874},{"type":1,"time":3776,"positionX":4.0,"holdTime":0.0,"speed":1.0,"floorPosition":99.5625},{"type":1,"time":3792,"positionX":4.0,"holdTime":0.0,"speed":1.0,"floorPosition":99.98437},{"type":2,"time":3824,"positionX":-2.0,"holdTime":0.0,"speed":1.0,"floorPosition":100.82812},{"type":2,"time":3840,"positionX":-2.0,"holdTime":0.0,"speed":1.0,"floorPosition":101.25},{"type":2,"time":3856,"positionX":-2.0,"holdTime":0.0,"speed":1.0,"floorPosition":101.671875},{"type":2,"time":3872,"positionX":-2.0,"holdTime":0.0,"speed":1.0,"floorPosition":102.09374},{"type":2,"time":3888,"positionX":-2.0,"holdTime":0.0,"speed":1.0,"floorPosition":102.515625},{"type":1,"time":3904,"positionX":4.0,"holdTime":0.0,"speed":1.0,"floorPosition":102.93749},{"type":1,"time":3920,"positionX":4.0,"holdTime":0.0,"speed":1.0,"floorPosition":103.359375},{"type":1,"time":3936,"positionX":0.0,"holdTime":0.0,"speed":1.0,"floorPosition":103.78125},{"type":1,"time":3968,"positionX":0.0,"holdTime":0.0,"speed":1.0,"floorPosition":104.625},{"type":1,"time":4000,"positionX":0.0,"holdTime":0.0,"speed":1.0,"floorPosition":105.46875},{"type":1,"time":4032,"positionX":4.0,"holdTime":0.0,"speed":1.0,"floorPosition":106.31249},{"type":1,"time":4048,"positionX":4.0,"holdTime":0.0,"speed":1.0,"floorPosition":106.734375},{"type":2,"time":4080,"positionX":-4.0,"holdTime":0.0,"speed":1.0,"floorPosition":107.578125},{"type":2,"time":4096,"positionX":-4.0,"holdTime":0.0,"speed":1.0,"floorPosition":108.0},{"type":2,"time":4112,"positionX":-4.0,"holdTime":0.0,"speed":1.0,"floorPosition":108.42187},{"type":2,"time":4128,"positionX":-4.0,"holdTime":0.0,"speed":1.0,"floorPosition":108.84375},{"type":1,"time":4704,"positionX":-2.0,"holdTime":0.0,"speed":1.0,"floorPosition":123.356255},{"type":1,"time":4736,"positionX":-2.0,"holdTime":0.0,"speed":1.0,"floorPosition":124.03125},{"type":1,"time":4768,"positionX":4.0,"holdTime":0.0,"speed":1.0,"floorPosition":124.70625},{"type":1,"time":4800,"positionX":-2.0,"holdTime":0.0,"speed":1.0,"floorPosition":125.38124},{"type":1,"time":4832,"positionX":2.0,"holdTime":0.0,"speed":1.0,"floorPosition":126.056244},{"type":1,"time":4864,"positionX":2.0,"holdTime":0.0,"speed":1.0,"floorPosition":126.73125},{"type":1,"time":4896,"positionX":-4.0,"holdTime":0.0,"speed":1.0,"floorPosition":127.40624},{"type":1,"time":4928,"positionX":2.0,"holdTime":0.0,"speed":1.0,"floorPosition":128.08124},{"type":1,"time":4960,"positionX":-4.0,"holdTime":0.0,"speed":1.0,"floorPosition":128.75624},{"type":1,"time":4992,"positionX":-4.0,"holdTime":0.0,"speed":1.0,"floorPosition":129.43124},{"type":1,"time":5024,"positionX":4.0,"holdTime":0.0,"speed":1.0,"floorPosition":130.10625},{"type":1,"time":5056,"positionX":4.0,"holdTime":0.0,"speed":1.0,"floorPosition":130.78125},{"type":2,"time":5088,"positionX":0.0,"holdTime":0.0,"speed":1.0,"floorPosition":131.45625},{"type":2,"time":5104,"positionX":0.0,"holdTime":0.0,"speed":1.0,"floorPosition":131.79375},{"type":2,"time":5120,"positionX":0.0,"holdTime":0.0,"speed":1.0,"floorPosition":132.13126},{"type":2,"time":5136,"positionX":0.0,"holdTime":0.0,"speed":1.0,"floorPosition":132.46875},{"type":1,"time":5728,"positionX":0.0,"holdTime":0.0,"speed":1.0,"floorPosition":145.63124},{"type":1,"time":5760,"positionX":0.0,"holdTime":0.0,"speed":1.0,"floorPosition":146.47499},{"type":1,"time":5792,"positionX":0.0,"holdTime":0.0,"speed":1.0,"floorPosition":147.31874},{"type":1,"time":5824,"positionX":-4.0,"holdTime":0.0,"speed":1.0,"floorPosition":148.16249},{"type":1,"time":5840,"positionX":-4.0,"holdTime":0.0,"speed":1.0,"floorPosition":148.58437},{"type":2,"time":5872,"positionX":2.0,"holdTime":0.0,"speed":1.0,"floorPosition":149.42812},{"type":2,"time":5888,"positionX":2.0,"holdTime":0.0,"speed":1.0,"floorPosition":149.84999},{"type":2,"time":5904,"positionX":2.0,"holdTime":0.0,"speed":1.0,"floorPosition":150.27187},{"type":2,"time":5920,"positionX":2.0,"holdTime":0.0,"speed":1.0,"floorPosition":150.69374},{"type":2,"time":5936,"positionX":2.0,"holdTime":0.0,"speed":1.0,"floorPosition":151.11562},{"type":1,"time":5952,"positionX":-4.0,"holdTime":0.0,"speed":1.0,"floorPosition":151.53749},{"type":1,"time":5968,"positionX":-4.0,"holdTime":0.0,"speed":1.0,"floorPosition":151.95937},{"type":1,"time":5984,"positionX":0.0,"holdTime":0.0,"speed":1.0,"floorPosition":152.38124},{"type":1,"time":6016,"positionX":0.0,"holdTime":0.0,"speed":1.0,"floorPosition":153.22499},{"type":1,"time":6048,"positionX":0.0,"holdTime":0.0,"speed":1.0,"floorPosition":154.06874},{"type":1,"time":6080,"positionX":-4.0,"holdTime":0.0,"speed":1.0,"floorPosition":154.91249},{"type":1,"time":6096,"positionX":-4.0,"holdTime":0.0,"speed":1.0,"floorPosition":155.33437},{"type":2,"time":6128,"positionX":2.0,"holdTime":0.0,"speed":1.0,"floorPosition":156.17812},{"type":2,"time":6144,"positionX":2.0,"holdTime":0.0,"speed":1.0,"floorPosition":156.59999},{"type":2,"time":6160,"positionX":2.0,"holdTime":0.0,"speed":1.0,"floorPosition":157.02187},{"type":2,"time":6176,"positionX":2.0,"holdTime":0.0,"speed":1.0,"floorPosition":157.44374},{"type":2,"time":6192,"positionX":-4.0,"holdTime":0.0,"speed":1.0,"floorPosition":157.86562},{"type":2,"time":6208,"positionX":-4.0,"holdTime":0.0,"speed":1.0,"floorPosition":158.28749},{"type":2,"time":6224,"positionX":-4.0,"holdTime":0.0,"speed":1.0,"floorPosition":158.70937},{"type":1,"time":6240,"positionX":0.0,"holdTime":0.0,"speed":1.0,"floorPosition":159.13124},{"type":1,"time":6272,"positionX":0.0,"holdTime":0.0,"speed":1.0,"floorPosition":159.97499},{"type":1,"time":6304,"positionX":0.0,"holdTime":0.0,"speed":1.0,"floorPosition":160.81874},{"type":1,"time":6336,"positionX":4.0,"holdTime":0.0,"speed":1.0,"floorPosition":161.66249},{"type":1,"time":6352,"positionX":4.0,"holdTime":0.0,"speed":1.0,"floorPosition":162.08437},{"type":2,"time":6384,"positionX":-2.0,"holdTime":0.0,"speed":1.0,"floorPosition":162.92812},{"type":2,"time":6400,"positionX":-2.0,"holdTime":0.0,"speed":1.0,"floorPosition":163.34999},{"type":2,"time":6416,"positionX":-2.0,"holdTime":0.0,"speed":1.0,"floorPosition":163.77187},{"type":2,"time":6432,"positionX":-2.0,"holdTime":0.0,"speed":1.0,"floorPosition":164.19374},{"type":2,"time":6448,"positionX":-2.0,"holdTime":0.0,"speed":1.0,"floorPosition":164.61562},{"type":1,"time":6464,"positionX":4.0,"holdTime":0.0,"speed":1.0,"floorPosition":165.03749},{"type":1,"time":6480,"positionX":4.0,"holdTime":0.0,"speed":1.0,"floorPosition":165.45937},{"type":1,"time":6496,"positionX":0.0,"holdTime":0.0,"speed":1.0,"floorPosition":165.88124},{"type":1,"time":6528,"positionX":0.0,"holdTime":0.0,"speed":1.0,"floorPosition":166.72499},{"type":1,"time":6560,"positionX":0.0,"holdTime":0.0,"speed":1.0,"floorPosition":167.56874},{"type":1,"time":6592,"positionX":4.0,"holdTime":0.0,"speed":1.0,"floorPosition":168.41249},{"type":1,"time":6608,"positionX":4.0,"holdTime":0.0,"speed":1.0,"floorPosition":168.83437},{"type":2,"time":6640,"positionX":-4.0,"holdTime":0.0,"speed":1.0,"floorPosition":169.67812},{"type":2,"time":6656,"positionX":-4.0,"holdTime":0.0,"speed":1.0,"floorPosition":170.09999},{"type":2,"time":6672,"positionX":-4.0,"holdTime":0.0,"speed":1.0,"floorPosition":170.52187},{"type":2,"time":6688,"positionX":4.0,"holdTime":0.0,"speed":1.0,"floorPosition":170.94374},{"type":2,"time":6704,"positionX":4.0,"holdTime":0.0,"speed":1.0,"floorPosition":171.36562},{"type":1,"time":6720,"positionX":0.0,"holdTime":0.0,"speed":1.0,"floorPosition":171.78749},{"type":2,"time":6724,"positionX":0.0,"holdTime":0.0,"speed":1.0,"floorPosition":171.89296},{"type":2,"time":6728,"positionX":0.0,"holdTime":0.0,"speed":1.0,"floorPosition":171.99843},{"type":2,"time":6732,"positionX":0.0,"holdTime":0.0,"speed":1.0,"floorPosition":172.1039},{"type":2,"time":6736,"positionX":0.0,"holdTime":0.0,"speed":1.0,"floorPosition":172.20937},{"type":2,"time":6740,"positionX":0.0,"holdTime":0.0,"speed":1.0,"floorPosition":172.31483},{"type":2,"time":6744,"positionX":0.0,"holdTime":0.0,"speed":1.0,"floorPosition":172.4203},{"type":2,"time":6748,"positionX":0.0,"holdTime":0.0,"speed":1.0,"floorPosition":172.52577},{"type":2,"time":6752,"positionX":0.0,"holdTime":0.0,"speed":1.0,"floorPosition":172.63124},{"type":2,"time":6880,"positionX":-6.0,"holdTime":0.0,"speed":1.0,"floorPosition":175.33124},{"type":2,"time":6896,"positionX":-4.5,"holdTime":0.0,"speed":1.0,"floorPosition":175.66875},{"type":2,"time":6912,"positionX":-3.0,"holdTime":0.0,"speed":1.0,"floorPosition":176.00624},{"type":2,"time":6928,"positionX":-1.5,"holdTime":0.0,"speed":1.0,"floorPosition":176.34373},{"type":2,"time":6944,"positionX":0.0,"holdTime":0.0,"speed":1.0,"floorPosition":176.68124},{"type":2,"time":7008,"positionX":-4.5,"holdTime":0.0,"speed":1.0,"floorPosition":178.03123},{"type":2,"time":7024,"positionX":-3.0,"holdTime":0.0,"speed":1.0,"floorPosition":178.36873},{"type":2,"time":7040,"positionX":-1.5,"holdTime":0.0,"speed":1.0,"floorPosition":178.70624},{"type":2,"time":7056,"positionX":0.0,"holdTime":0.0,"speed":1.0,"floorPosition":179.04373},{"type":2,"time":7072,"positionX":1.5,"holdTime":0.0,"speed":1.0,"floorPosition":179.38123},{"type":2,"time":7136,"positionX":-6.0,"holdTime":0.0,"speed":1.0,"floorPosition":180.73123},{"type":2,"time":7152,"positionX":-4.0,"holdTime":0.0,"speed":1.0,"floorPosition":181.06874},{"type":2,"time":7168,"positionX":-2.0,"holdTime":0.0,"speed":1.0,"floorPosition":181.40623},{"type":2,"time":7184,"positionX":-4.0,"holdTime":0.0,"speed":1.0,"floorPosition":181.74374},{"type":2,"time":7216,"positionX":4.0,"holdTime":0.0,"speed":1.0,"floorPosition":182.41873},{"type":2,"time":7232,"positionX":2.0,"holdTime":0.0,"speed":1.0,"floorPosition":182.75624},{"type":2,"time":7248,"positionX":4.0,"holdTime":0.0,"speed":1.0,"floorPosition":183.09373},{"type":2,"time":7264,"positionX":6.0,"holdTime":0.0,"speed":1.0,"floorPosition":183.43124},{"type":2,"time":7280,"positionX":4.5,"holdTime":0.0,"speed":1.0,"floorPosition":183.76874},{"type":2,"time":7296,"positionX":3.0,"holdTime":0.0,"speed":1.0,"floorPosition":184.10625},{"type":2,"time":7312,"positionX":1.5,"holdTime":0.0,"speed":1.0,"floorPosition":184.44374},{"type":2,"time":7328,"positionX":0.0,"holdTime":0.0,"speed":1.0,"floorPosition":184.78123},{"type":2,"time":7392,"positionX":4.5,"holdTime":0.0,"speed":1.0,"floorPosition":186.13123},{"type":2,"time":7408,"positionX":3.0,"holdTime":0.0,"speed":1.0,"floorPosition":186.46873},{"type":2,"time":7424,"positionX":1.5,"holdTime":0.0,"speed":1.0,"floorPosition":186.80623},{"type":2,"time":7440,"positionX":0.0,"holdTime":0.0,"speed":1.0,"floorPosition":187.14374},{"type":2,"time":7456,"positionX":-1.5,"holdTime":0.0,"speed":1.0,"floorPosition":187.48123},{"type":2,"time":7520,"positionX":6.0,"holdTime":0.0,"speed":1.0,"floorPosition":188.83124},{"type":2,"time":7536,"positionX":4.0,"holdTime":0.0,"speed":1.0,"floorPosition":189.16873},{"type":2,"time":7552,"positionX":2.0,"holdTime":0.0,"speed":1.0,"floorPosition":189.50624},{"type":2,"time":7568,"positionX":0.0,"holdTime":0.0,"speed":1.0,"floorPosition":189.84373},{"type":2,"time":7600,"positionX":-6.0,"holdTime":0.0,"speed":1.0,"floorPosition":190.51874},{"type":2,"time":7616,"positionX":-4.0,"holdTime":0.0,"speed":1.0,"floorPosition":190.85623},{"type":1,"time":7648,"positionX":0.0,"holdTime":0.0,"speed":1.0,"floorPosition":191.53123}],"notesBelow":[{"type":1,"time":4224,"positionX":-2.0,"holdTime":0.0,"speed":1.0,"floorPosition":111.37499},{"type":1,"time":4256,"positionX":2.0,"holdTime":0.0,"speed":1.0,"floorPosition":112.21875},{"type":1,"time":4288,"positionX":-4.0,"holdTime":0.0,"speed":1.0,"floorPosition":113.0625},{"type":1,"time":4320,"positionX":4.0,"holdTime":0.0,"speed":1.0,"floorPosition":113.90625},{"type":1,"time":4352,"positionX":-2.0,"holdTime":0.0,"speed":1.0,"floorPosition":114.74999},{"type":1,"time":4384,"positionX":2.0,"holdTime":0.0,"speed":1.0,"floorPosition":115.59374},{"type":1,"time":4416,"positionX":-4.0,"holdTime":0.0,"speed":1.0,"floorPosition":116.4375},{"type":1,"time":4448,"positionX":4.0,"holdTime":0.0,"speed":1.0,"floorPosition":117.28125},{"type":1,"time":4480,"positionX":4.0,"holdTime":0.0,"speed":1.0,"floorPosition":118.125},{"type":1,"time":4512,"positionX":-4.0,"holdTime":0.0,"speed":1.0,"floorPosition":118.96874},{"type":1,"time":4544,"positionX":-4.0,"holdTime":0.0,"speed":1.0,"floorPosition":119.81249},{"type":3,"time":4576,"positionX":0.0,"holdTime":96.0,"speed":1.44,"floorPosition":120.65625},{"type":2,"time":5152,"positionX":0.0,"holdTime":0.0,"speed":1.0,"floorPosition":132.80626},{"type":2,"time":5168,"positionX":0.0,"holdTime":0.0,"speed":1.0,"floorPosition":133.14375},{"type":2,"time":5184,"positionX":0.0,"holdTime":0.0,"speed":1.0,"floorPosition":133.48126},{"type":2,"time":5200,"positionX":0.0,"holdTime":0.0,"speed":1.0,"floorPosition":133.81874},{"type":1,"time":5216,"positionX":4.0,"holdTime":0.0,"speed":1.0,"floorPosition":134.15623},{"type":1,"time":5248,"positionX":4.0,"holdTime":0.0,"speed":1.0,"floorPosition":134.83124},{"type":1,"time":5280,"positionX":-2.0,"holdTime":0.0,"speed":1.0,"floorPosition":135.50624},{"type":1,"time":5312,"positionX":4.0,"holdTime":0.0,"speed":1.0,"floorPosition":136.18124},{"type":1,"time":5344,"positionX":-4.0,"holdTime":0.0,"speed":1.0,"floorPosition":136.85625},{"type":1,"time":5376,"positionX":-4.0,"holdTime":0.0,"speed":1.0,"floorPosition":137.53125},{"type":1,"time":5408,"positionX":2.0,"holdTime":0.0,"speed":1.0,"floorPosition":138.20625},{"type":1,"time":5440,"positionX":-4.0,"holdTime":0.0,"speed":1.0,"floorPosition":138.88126},{"type":1,"time":5472,"positionX":4.0,"holdTime":0.0,"speed":1.0,"floorPosition":139.55624},{"type":1,"time":5504,"positionX":4.0,"holdTime":0.0,"speed":1.0,"floorPosition":140.23125},{"type":1,"time":5536,"positionX":-4.0,"holdTime":0.0,"speed":1.0,"floorPosition":140.90625},{"type":1,"time":5568,"positionX":-4.0,"holdTime":0.0,"speed":1.0,"floorPosition":141.58125}],"speedEvents":[{"startTime":0.0,"endTime":4576.0,"value":1.8},{"startTime":4576.0,"endTime":5600.0,"value":1.44},{"startTime":5600.0,"endTime":6752.0,"value":1.8},{"startTime":6752.0,"endTime":5898240.0,"value":1.44}],"judgeLineMoveEvents":[{"startTime":0.0,"endTime":96.0,"start":440260.0,"end":440260.0},{"startTime":96.0,"endTime":112.0,"start":440104.0,"end":440104.0},{"startTime":112.0,"endTime":128.0,"start":440181.0,"end":440181.0},{"startTime":128.0,"endTime":144.0,"start":440260.0,"end":440260.0},{"startTime":144.0,"endTime":160.0,"start":440337.0,"end":440337.0},{"startTime":160.0,"endTime":240.0,"start":440416.0,"end":440416.0},{"startTime":240.0,"endTime":256.0,"start":440337.0,"end":440337.0},{"startTime":256.0,"endTime":272.0,"start":440260.0,"end":440260.0},{"startTime":272.0,"endTime":288.0,"start":440181.0,"end":440181.0},{"startTime":288.0,"endTime":368.0,"start":440104.0,"end":440104.0},{"startTime":368.0,"endTime":384.0,"start":440181.0,"end":440181.0},{"startTime":384.0,"endTime":400.0,"start":440260.0,"end":440260.0},{"startTime":400.0,"endTime":416.0,"start":440337.0,"end":440337.0},{"startTime":416.0,"endTime":496.0,"start":440416.0,"end":440416.0},{"startTime":496.0,"endTime":512.0,"start":440337.0,"end":440337.0},{"startTime":512.0,"endTime":528.0,"start":440260.0,"end":440260.0},{"startTime":528.0,"endTime":544.0,"start":440181.0,"end":440181.0},{"startTime":544.0,"endTime":4160.0,"start":440104.0,"end":440104.0},{"startTime":4160.0,"endTime":4161.0,"start":440104.0,"end":440162.0},{"startTime":4161.0,"endTime":4162.0,"start":440162.0,"end":440197.0},{"startTime":4162.0,"endTime":4163.0,"start":440197.0,"end":440224.0},{"startTime":4163.0,"endTime":4164.0,"start":440224.0,"end":440245.0},{"startTime":4164.0,"endTime":4165.0,"start":440245.0,"end":440263.0},{"startTime":4165.0,"endTime":4166.0,"start":440263.0,"end":440279.0},{"startTime":4166.0,"endTime":4167.0,"start":440279.0,"end":440293.0},{"startTime":4167.0,"endTime":4168.0,"start":440293.0,"end":440305.0},{"startTime":4168.0,"endTime":4169.0,"start":440305.0,"end":440316.0},{"startTime":4169.0,"endTime":4170.0,"start":440316.0,"end":440326.0},{"startTime":4170.0,"endTime":4171.0,"start":440326.0,"end":440335.0},{"startTime":4171.0,"endTime":4172.0,"start":440335.0,"end":440343.0},{"startTime":4172.0,"endTime":4174.0,"start":440343.0,"end":440357.0},{"startTime":4174.0,"endTime":4175.0,"start":440357.0,"end":440363.0},{"startTime":4175.0,"endTime":4176.0,"start":440363.0,"end":440369.0},{"startTime":4176.0,"endTime":4178.0,"start":440369.0,"end":440379.0},{"startTime":4178.0,"endTime":4179.0,"start":440379.0,"end":440383.0},{"startTime":4179.0,"endTime":4180.0,"start":440383.0,"end":440388.0},{"startTime":4180.0,"endTime":4181.0,"start":440388.0,"end":440391.0},{"startTime":4181.0,"endTime":4182.0,"start":440391.0,"end":440395.0},{"startTime":4182.0,"endTime":4184.0,"start":440395.0,"end":440401.0},{"startTime":4184.0,"endTime":4185.0,"start":440401.0,"end":440403.0},{"startTime":4185.0,"endTime":4186.0,"start":440403.0,"end":440406.0},{"startTime":4186.0,"endTime":4188.0,"start":440406.0,"end":440410.0},{"startTime":4188.0,"endTime":4189.0,"start":440410.0,"end":440411.0},{"startTime":4189.0,"endTime":4190.0,"start":440411.0,"end":440413.0},{"startTime":4190.0,"endTime":4191.0,"start":440413.0,"end":440414.0},{"startTime":4191.0,"endTime":4192.0,"start":440414.0,"end":440416.0},{"startTime":4192.0,"endTime":4576.0,"start":440416.0,"end":440416.0},{"startTime":4576.0,"endTime":4581.0,"start":440416.0,"end":440415.0},{"startTime":4581.0,"endTime":4589.0,"start":440415.0,"end":440413.0},{"startTime":4589.0,"endTime":4595.0,"start":440413.0,"end":440411.0},{"startTime":4595.0,"endTime":4597.0,"start":440411.0,"end":440410.0},{"startTime":4597.0,"endTime":4600.0,"start":440410.0,"end":440409.0},{"startTime":4600.0,"endTime":4608.0,"start":440409.0,"end":440405.0},{"startTime":4608.0,"endTime":4609.0,"start":440405.0,"end":440404.0},{"startTime":4609.0,"endTime":4611.0,"start":440404.0,"end":440403.0},{"startTime":4611.0,"endTime":4613.0,"start":440403.0,"end":440402.0},{"startTime":4613.0,"endTime":4615.0,"start":440402.0,"end":440400.0},{"startTime":4615.0,"endTime":4617.0,"start":440400.0,"end":440399.0},{"startTime":4617.0,"endTime":4619.0,"start":440399.0,"end":440397.0},{"startTime":4619.0,"endTime":4621.0,"start":440397.0,"end":440396.0},{"startTime":4621.0,"endTime":4622.0,"start":440396.0,"end":440395.0},{"startTime":4622.0,"endTime":4623.0,"start":440395.0,"end":440394.0},{"startTime":4623.0,"endTime":4631.0,"start":440394.0,"end":440386.0},{"startTime":4631.0,"endTime":4632.0,"start":440386.0,"end":440385.0},{"startTime":4632.0,"endTime":4634.0,"start":440385.0,"end":440383.0},{"startTime":4634.0,"endTime":4635.0,"start":440383.0,"end":440381.0},{"startTime":4635.0,"endTime":4637.0,"start":440381.0,"end":440379.0},{"startTime":4637.0,"endTime":4638.0,"start":440379.0,"end":440377.0},{"startTime":4638.0,"endTime":4640.0,"start":440377.0,"end":440375.0},{"startTime":4640.0,"endTime":4641.0,"start":440375.0,"end":440373.0},{"startTime":4641.0,"endTime":4642.0,"start":440373.0,"end":440372.0},{"startTime":4642.0,"endTime":4643.0,"start":440372.0,"end":440370.0},{"startTime":4643.0,"endTime":4644.0,"start":440370.0,"end":440368.0},{"startTime":4644.0,"endTime":4645.0,"start":440368.0,"end":440367.0},{"startTime":4645.0,"endTime":4647.0,"start":440367.0,"end":440363.0},{"startTime":4647.0,"endTime":4648.0,"start":440363.0,"end":440361.0},{"startTime":4648.0,"endTime":4651.0,"start":440361.0,"end":440355.0},{"startTime":4651.0,"endTime":4652.0,"start":440355.0,"end":440353.0},{"startTime":4652.0,"endTime":4653.0,"start":440353.0,"end":440351.0},{"startTime":4653.0,"endTime":4654.0,"start":440351.0,"end":440348.0},{"startTime":4654.0,"endTime":4655.0,"start":440348.0,"end":440346.0},{"startTime":4655.0,"endTime":4656.0,"start":440346.0,"end":440343.0},{"startTime":4656.0,"endTime":4657.0,"start":440343.0,"end":440340.0},{"startTime":4657.0,"endTime":4658.0,"start":440340.0,"end":440338.0},{"startTime":4658.0,"endTime":4659.0,"start":440338.0,"end":440335.0},{"startTime":4659.0,"endTime":4660.0,"start":440335.0,"end":440331.0},{"startTime":4660.0,"endTime":4661.0,"start":440331.0,"end":440328.0},{"startTime":4661.0,"endTime":4662.0,"start":440328.0,"end":440324.0},{"startTime":4662.0,"endTime":4663.0,"start":440324.0,"end":440321.0},{"startTime":4663.0,"endTime":4664.0,"start":440321.0,"end":440316.0},{"startTime":4664.0,"endTime":4665.0,"start":440316.0,"end":440312.0},{"startTime":4665.0,"endTime":4666.0,"start":440312.0,"end":440307.0},{"startTime":4666.0,"endTime":4667.0,"start":440307.0,"end":440302.0},{"startTime":4667.0,"endTime":4668.0,"start":440302.0,"end":440296.0},{"startTime":4668.0,"endTime":4669.0,"start":440296.0,"end":440290.0},{"startTime":4669.0,"endTime":4670.0,"start":440290.0,"end":440282.0},{"startTime":4670.0,"endTime":4671.0,"start":440282.0,"end":440273.0},{"startTime":4671.0,"endTime":4672.0,"start":440273.0,"end":440260.0},{"startTime":4672.0,"endTime":5600.0,"start":440260.0,"end":440260.0},{"startTime":5600.0,"endTime":5606.0,"start":440260.0,"end":440259.0},{"startTime":5606.0,"endTime":5611.0,"start":440259.0,"end":440258.0},{"startTime":5611.0,"endTime":5614.0,"start":440258.0,"end":440257.0},{"startTime":5614.0,"endTime":5620.0,"start":440257.0,"end":440255.0},{"startTime":5620.0,"endTime":5622.0,"start":440255.0,"end":440254.0},{"startTime":5622.0,"endTime":5625.0,"start":440254.0,"end":440253.0},{"startTime":5625.0,"endTime":5626.0,"start":440253.0,"end":440252.0},{"startTime":5626.0,"endTime":5630.0,"start":440252.0,"end":440250.0},{"startTime":5630.0,"endTime":5632.0,"start":440250.0,"end":440249.0},{"startTime":5632.0,"endTime":5634.0,"start":440249.0,"end":440247.0},{"startTime":5634.0,"endTime":5636.0,"start":440247.0,"end":440246.0},{"startTime":5636.0,"endTime":5637.0,"start":440246.0,"end":440245.0},{"startTime":5637.0,"endTime":5640.0,"start":440245.0,"end":440242.0},{"startTime":5640.0,"endTime":5641.0,"start":440242.0,"end":440241.0},{"startTime":5641.0,"endTime":5644.0,"start":440241.0,"end":440238.0},{"startTime":5644.0,"endTime":5645.0,"start":440238.0,"end":440237.0},{"startTime":5645.0,"endTime":5646.0,"start":440237.0,"end":440236.0},{"startTime":5646.0,"endTime":5647.0,"start":440236.0,"end":440234.0},{"startTime":5647.0,"endTime":5648.0,"start":440234.0,"end":440233.0},{"startTime":5648.0,"endTime":5649.0,"start":440233.0,"end":440231.0},{"startTime":5649.0,"endTime":5650.0,"start":440231.0,"end":440230.0},{"startTime":5650.0,"endTime":5651.0,"start":440230.0,"end":440228.0},{"startTime":5651.0,"endTime":5652.0,"start":440228.0,"end":440226.0},{"startTime":5652.0,"endTime":5653.0,"start":440226.0,"end":440224.0},{"startTime":5653.0,"endTime":5654.0,"start":440224.0,"end":440222.0},{"startTime":5654.0,"endTime":5655.0,"start":440222.0,"end":440220.0},{"startTime":5655.0,"endTime":5656.0,"start":440220.0,"end":440218.0},{"startTime":5656.0,"endTime":5657.0,"start":440218.0,"end":440215.0},{"startTime":5657.0,"endTime":5658.0,"start":440215.0,"end":440213.0},{"startTime":5658.0,"endTime":5659.0,"start":440213.0,"end":440209.0},{"startTime":5659.0,"endTime":5660.0,"start":440209.0,"end":440206.0},{"startTime":5660.0,"endTime":5661.0,"start":440206.0,"end":440202.0},{"startTime":5661.0,"endTime":5662.0,"start":440202.0,"end":440197.0},{"startTime":5662.0,"endTime":5663.0,"start":440197.0,"end":440191.0},{"startTime":5663.0,"endTime":5664.0,"start":440191.0,"end":440182.0},{"startTime":5664.0,"endTime":5665.0,"start":440182.0,"end":440174.0},{"startTime":5665.0,"endTime":5666.0,"start":440174.0,"end":440168.0},{"startTime":5666.0,"endTime":5667.0,"start":440168.0,"end":440163.0},{"startTime":5667.0,"endTime":5668.0,"start":440163.0,"end":440159.0},{"startTime":5668.0,"endTime":5669.0,"start":440159.0,"end":440156.0},{"startTime":5669.0,"endTime":5670.0,"start":440156.0,"end":440152.0},{"startTime":5670.0,"endTime":5671.0,"start":440152.0,"end":440150.0},{"startTime":5671.0,"endTime":5672.0,"start":440150.0,"end":440147.0},{"startTime":5672.0,"endTime":5673.0,"start":440147.0,"end":440145.0},{"startTime":5673.0,"endTime":5674.0,"start":440145.0,"end":440143.0},{"startTime":5674.0,"endTime":5675.0,"start":440143.0,"end":440141.0},{"startTime":5675.0,"endTime":5676.0,"start":440141.0,"end":440139.0},{"startTime":5676.0,"endTime":5677.0,"start":440139.0,"end":440137.0},{"startTime":5677.0,"endTime":5678.0,"start":440137.0,"end":440135.0},{"startTime":5678.0,"endTime":5679.0,"start":440135.0,"end":440134.0},{"startTime":5679.0,"endTime":5680.0,"start":440134.0,"end":440132.0},{"startTime":5680.0,"endTime":5681.0,"start":440132.0,"end":440131.0},{"startTime":5681.0,"endTime":5682.0,"start":440131.0,"end":440129.0},{"startTime":5682.0,"endTime":5683.0,"start":440129.0,"end":440128.0},{"startTime":5683.0,"endTime":5684.0,"start":440128.0,"end":440127.0},{"startTime":5684.0,"endTime":5685.0,"start":440127.0,"end":440126.0},{"startTime":5685.0,"endTime":5686.0,"start":440126.0,"end":440125.0},{"startTime":5686.0,"endTime":5687.0,"start":440125.0,"end":440124.0},{"startTime":5687.0,"endTime":5688.0,"start":440124.0,"end":440123.0},{"startTime":5688.0,"endTime":5689.0,"start":440123.0,"end":440122.0},{"startTime":5689.0,"endTime":5690.0,"start":440122.0,"end":440121.0},{"startTime":5690.0,"endTime":5691.0,"start":440121.0,"end":440120.0},{"startTime":5691.0,"endTime":5692.0,"start":440120.0,"end":440119.0},{"startTime":5692.0,"endTime":5693.0,"start":440119.0,"end":440118.0},{"startTime":5693.0,"endTime":5695.0,"start":440118.0,"end":440117.0},{"startTime":5695.0,"endTime":5696.0,"start":440117.0,"end":440116.0},{"startTime":5696.0,"endTime":5697.0,"start":440116.0,"end":440115.0},{"startTime":5697.0,"endTime":5699.0,"start":440115.0,"end":440114.0},{"startTime":5699.0,"endTime":5701.0,"start":440114.0,"end":440113.0},{"startTime":5701.0,"endTime":5703.0,"start":440113.0,"end":440112.0},{"startTime":5703.0,"endTime":5704.0,"start":440112.0,"end":440111.0},{"startTime":5704.0,"endTime":5707.0,"start":440111.0,"end":440110.0},{"startTime":5707.0,"endTime":5709.0,"start":440110.0,"end":440109.0},{"startTime":5709.0,"endTime":5712.0,"start":440109.0,"end":440108.0},{"startTime":5712.0,"endTime":5715.0,"start":440108.0,"end":440107.0},{"startTime":5715.0,"endTime":5718.0,"start":440107.0,"end":440106.0},{"startTime":5718.0,"endTime":5723.0,"start":440106.0,"end":440105.0},{"startTime":5723.0,"endTime":5728.0,"start":440105.0,"end":440104.0},{"startTime":5728.0,"endTime":6752.0,"start":440104.0,"end":440104.0},{"startTime":6752.0,"endTime":6753.0,"start":440104.0,"end":440113.0},{"startTime":6753.0,"endTime":6754.0,"start":440113.0,"end":440121.0},{"startTime":6754.0,"endTime":6756.0,"start":440121.0,"end":440133.0},{"startTime":6756.0,"endTime":6757.0,"start":440133.0,"end":440138.0},{"startTime":6757.0,"endTime":6761.0,"start":440138.0,"end":440154.0},{"startTime":6761.0,"endTime":6762.0,"start":440154.0,"end":440157.0},{"startTime":6762.0,"endTime":6763.0,"start":440157.0,"end":440161.0},{"startTime":6763.0,"endTime":6764.0,"start":440161.0,"end":440164.0},{"startTime":6764.0,"endTime":6765.0,"start":440164.0,"end":440166.0},{"startTime":6765.0,"endTime":6766.0,"start":440166.0,"end":440169.0},{"startTime":6766.0,"endTime":6767.0,"start":440169.0,"end":440172.0},{"startTime":6767.0,"endTime":6768.0,"start":440172.0,"end":440174.0},{"startTime":6768.0,"endTime":6769.0,"start":440174.0,"end":440177.0},{"startTime":6769.0,"endTime":6770.0,"start":440177.0,"end":440179.0},{"startTime":6770.0,"endTime":6771.0,"start":440179.0,"end":440181.0},{"startTime":6771.0,"endTime":6772.0,"start":440181.0,"end":440183.0},{"startTime":6772.0,"endTime":6773.0,"start":440183.0,"end":440185.0},{"startTime":6773.0,"endTime":6774.0,"start":440185.0,"end":440187.0},{"startTime":6774.0,"endTime":6775.0,"start":440187.0,"end":440189.0},{"startTime":6775.0,"endTime":6776.0,"start":440189.0,"end":440191.0},{"startTime":6776.0,"endTime":6777.0,"start":440191.0,"end":440193.0},{"startTime":6777.0,"endTime":6778.0,"start":440193.0,"end":440195.0},{"startTime":6778.0,"endTime":6779.0,"start":440195.0,"end":440196.0},{"startTime":6779.0,"endTime":6780.0,"start":440196.0,"end":440198.0},{"startTime":6780.0,"endTime":6781.0,"start":440198.0,"end":440200.0},{"startTime":6781.0,"endTime":6782.0,"start":440200.0,"end":440201.0},{"startTime":6782.0,"endTime":6783.0,"start":440201.0,"end":440203.0},{"startTime":6783.0,"endTime":6784.0,"start":440203.0,"end":440204.0},{"startTime":6784.0,"endTime":6785.0,"start":440204.0,"end":440206.0},{"startTime":6785.0,"endTime":6787.0,"start":440206.0,"end":440208.0},{"startTime":6787.0,"endTime":6788.0,"start":440208.0,"end":440210.0},{"startTime":6788.0,"endTime":6791.0,"start":440210.0,"end":440213.0},{"startTime":6791.0,"endTime":6792.0,"start":440213.0,"end":440215.0},{"startTime":6792.0,"endTime":6794.0,"start":440215.0,"end":440217.0},{"startTime":6794.0,"endTime":6795.0,"start":440217.0,"end":440218.0},{"startTime":6795.0,"endTime":6798.0,"start":440218.0,"end":440221.0},{"startTime":6798.0,"endTime":6799.0,"start":440221.0,"end":440222.0},{"startTime":6799.0,"endTime":6802.0,"start":440222.0,"end":440225.0},{"startTime":6802.0,"endTime":6803.0,"start":440225.0,"end":440226.0},{"startTime":6803.0,"endTime":6806.0,"start":440226.0,"end":440229.0},{"startTime":6806.0,"endTime":6808.0,"start":440229.0,"end":440230.0},{"startTime":6808.0,"endTime":6811.0,"start":440230.0,"end":440233.0},{"startTime":6811.0,"endTime":6813.0,"start":440233.0,"end":440234.0},{"startTime":6813.0,"endTime":6815.0,"start":440234.0,"end":440236.0},{"startTime":6815.0,"endTime":6817.0,"start":440236.0,"end":440237.0},{"startTime":6817.0,"endTime":6818.0,"start":440237.0,"end":440238.0},{"startTime":6818.0,"endTime":6822.0,"start":440238.0,"end":440240.0},{"startTime":6822.0,"endTime":6823.0,"start":440240.0,"end":440241.0},{"startTime":6823.0,"endTime":6825.0,"start":440241.0,"end":440242.0},{"startTime":6825.0,"endTime":6829.0,"start":440242.0,"end":440244.0},{"startTime":6829.0,"endTime":6830.0,"start":440244.0,"end":440245.0},{"startTime":6830.0,"endTime":6832.0,"start":440245.0,"end":440246.0},{"startTime":6832.0,"endTime":6835.0,"start":440246.0,"end":440247.0},{"startTime":6835.0,"endTime":6839.0,"start":440247.0,"end":440249.0},{"startTime":6839.0,"endTime":6841.0,"start":440249.0,"end":440250.0},{"startTime":6841.0,"endTime":6850.0,"start":440250.0,"end":440253.0},{"startTime":6850.0,"endTime":6853.0,"start":440253.0,"end":440254.0},{"startTime":6853.0,"endTime":6856.0,"start":440254.0,"end":440255.0},{"startTime":6856.0,"endTime":6864.0,"start":440255.0,"end":440257.0},{"startTime":6864.0,"endTime":6869.0,"start":440257.0,"end":440258.0},{"startTime":6869.0,"endTime":6874.0,"start":440258.0,"end":440259.0},{"startTime":6874.0,"endTime":6880.0,"start":440259.0,"end":440260.0},{"startTime":6880.0,"endTime":5898240.0,"start":440260.0,"end":440260.0}],"judgeLineRotateEvents":[{"startTime":0.0,"endTime":1632.0,"start":0.0,"end":0.0},{"startTime":1632.0,"endTime":1760.0,"start":0.0,"end":10.0},{"startTime":1760.0,"endTime":2016.0,"start":10.0,"end":-10.0},{"startTime":2016.0,"endTime":2208.0,"start":-10.0,"end":5.0},{"startTime":2208.0,"endTime":2272.0,"start":5.0,"end":5.0},{"startTime":2272.0,"endTime":2336.0,"start":5.0,"end":0.0},{"startTime":2336.0,"endTime":2400.0,"start":0.0,"end":0.0},{"startTime":2400.0,"endTime":2464.0,"start":0.0,"end":-5.0},{"startTime":2464.0,"endTime":2528.0,"start":-5.0,"end":-5.0},{"startTime":2528.0,"endTime":2656.0,"start":-5.0,"end":0.0},{"startTime":2656.0,"endTime":2912.0,"start":0.0,"end":0.0},{"startTime":2912.0,"endTime":2944.0,"start":0.0,"end":-10.0},{"startTime":2944.0,"endTime":2960.0,"start":-10.0,"end":0.0},{"startTime":2960.0,"endTime":2976.0,"start":0.0,"end":0.0},{"startTime":2976.0,"endTime":3008.0,"start":0.0,"end":10.0},{"startTime":3008.0,"endTime":3024.0,"start":10.0,"end":0.0},{"startTime":3024.0,"endTime":3040.0,"start":0.0,"end":0.0},{"startTime":3040.0,"endTime":3041.0,"start":0.0,"end":60.0},{"startTime":3041.0,"endTime":3042.0,"start":60.0,"end":84.0},{"startTime":3042.0,"endTime":3043.0,"start":84.0,"end":101.0},{"startTime":3043.0,"endTime":3044.0,"start":101.0,"end":116.0},{"startTime":3044.0,"endTime":3045.0,"start":116.0,"end":128.0},{"startTime":3045.0,"endTime":3046.0,"start":128.0,"end":139.0},{"startTime":3046.0,"endTime":3048.0,"start":139.0,"end":157.0},{"startTime":3048.0,"endTime":3050.0,"start":157.0,"end":173.0},{"startTime":3050.0,"endTime":3051.0,"start":173.0,"end":180.0},{"startTime":3051.0,"endTime":3055.0,"start":180.0,"end":204.0},{"startTime":3055.0,"endTime":3058.0,"start":204.0,"end":219.0},{"startTime":3058.0,"endTime":3059.0,"start":219.0,"end":223.0},{"startTime":3059.0,"endTime":3060.0,"start":223.0,"end":228.0},{"startTime":3060.0,"endTime":3064.0,"start":228.0,"end":244.0},{"startTime":3064.0,"endTime":3065.0,"start":244.0,"end":247.0},{"startTime":3065.0,"endTime":3066.0,"start":247.0,"end":251.0},{"startTime":3066.0,"endTime":3068.0,"start":251.0,"end":257.0},{"startTime":3068.0,"endTime":3069.0,"start":257.0,"end":261.0},{"startTime":3069.0,"endTime":3072.0,"start":261.0,"end":270.0},{"startTime":3072.0,"endTime":3073.0,"start":270.0,"end":272.0},{"startTime":3073.0,"endTime":3075.0,"start":272.0,"end":278.0},{"startTime":3075.0,"endTime":3076.0,"start":278.0,"end":280.0},{"startTime":3076.0,"endTime":3077.0,"start":280.0,"end":283.0},{"startTime":3077.0,"endTime":3080.0,"start":283.0,"end":289.0},{"startTime":3080.0,"endTime":3081.0,"start":289.0,"end":292.0},{"startTime":3081.0,"endTime":3087.0,"start":292.0,"end":304.0},{"startTime":3087.0,"endTime":3088.0,"start":304.0,"end":305.0},{"startTime":3088.0,"endTime":3091.0,"start":305.0,"end":311.0},{"startTime":3091.0,"endTime":3092.0,"start":311.0,"end":312.0},{"startTime":3092.0,"endTime":3093.0,"start":312.0,"end":314.0},{"startTime":3093.0,"endTime":3094.0,"start":314.0,"end":315.0},{"startTime":3094.0,"endTime":3095.0,"start":315.0,"end":317.0},{"startTime":3095.0,"endTime":3096.0,"start":317.0,"end":318.0},{"startTime":3096.0,"endTime":3097.0,"start":318.0,"end":320.0},{"startTime":3097.0,"endTime":3099.0,"start":320.0,"end":322.0},{"startTime":3099.0,"endTime":3100.0,"start":322.0,"end":324.0},{"startTime":3100.0,"endTime":3103.0,"start":324.0,"end":327.0},{"startTime":3103.0,"endTime":3104.0,"start":327.0,"end":329.0},{"startTime":3104.0,"endTime":3116.0,"start":329.0,"end":341.0},{"startTime":3116.0,"endTime":3118.0,"start":341.0,"end":342.0},{"startTime":3118.0,"endTime":3120.0,"start":342.0,"end":344.0},{"startTime":3120.0,"endTime":3122.0,"start":344.0,"end":345.0},{"startTime":3122.0,"endTime":3124.0,"start":345.0,"end":347.0},{"startTime":3124.0,"endTime":3128.0,"start":347.0,"end":349.0},{"startTime":3128.0,"endTime":3129.0,"start":349.0,"end":350.0},{"startTime":3129.0,"endTime":3135.0,"start":350.0,"end":353.0},{"startTime":3135.0,"endTime":3138.0,"start":353.0,"end":354.0},{"startTime":3138.0,"endTime":3140.0,"start":354.0,"end":355.0},{"startTime":3140.0,"endTime":3146.0,"start":355.0,"end":357.0},{"startTime":3146.0,"endTime":3150.0,"start":357.0,"end":358.0},{"startTime":3150.0,"endTime":3155.0,"start":358.0,"end":359.0},{"startTime":3155.0,"endTime":3168.0,"start":359.0,"end":360.0},{"startTime":3168.0,"endTime":3232.0,"start":0.0,"end":0.0},{"startTime":3232.0,"endTime":3264.0,"start":0.0,"end":5.0},{"startTime":3264.0,"endTime":3328.0,"start":5.0,"end":-5.0},{"startTime":3328.0,"endTime":3392.0,"start":-5.0,"end":5.0},{"startTime":3392.0,"endTime":3424.0,"start":5.0,"end":0.0},{"startTime":3424.0,"endTime":3488.0,"start":0.0,"end":0.0},{"startTime":3488.0,"endTime":3520.0,"start":0.0,"end":-5.0},{"startTime":3520.0,"endTime":3584.0,"start":-5.0,"end":5.0},{"startTime":3584.0,"endTime":3648.0,"start":5.0,"end":-5.0},{"startTime":3648.0,"endTime":3680.0,"start":-5.0,"end":0.0},{"startTime":3680.0,"endTime":3744.0,"start":0.0,"end":0.0},{"startTime":3744.0,"endTime":3776.0,"start":0.0,"end":5.0},{"startTime":3776.0,"endTime":3840.0,"start":5.0,"end":-5.0},{"startTime":3840.0,"endTime":3904.0,"start":-5.0,"end":5.0},{"startTime":3904.0,"endTime":3936.0,"start":5.0,"end":0.0},{"startTime":3936.0,"endTime":4000.0,"start":0.0,"end":0.0},{"startTime":4000.0,"endTime":4032.0,"start":0.0,"end":-5.0},{"startTime":4032.0,"endTime":4096.0,"start":-5.0,"end":5.0},{"startTime":4096.0,"endTime":4128.0,"start":5.0,"end":0.0},{"startTime":4128.0,"endTime":5792.0,"start":0.0,"end":0.0},{"startTime":5792.0,"endTime":5824.0,"start":0.0,"end":5.0},{"startTime":5824.0,"endTime":5888.0,"start":5.0,"end":-5.0},{"startTime":5888.0,"endTime":5952.0,"start":-5.0,"end":5.0},{"startTime":5952.0,"endTime":5984.0,"start":5.0,"end":0.0},{"startTime":5984.0,"endTime":6048.0,"start":0.0,"end":0.0},{"startTime":6048.0,"endTime":6080.0,"start":0.0,"end":-5.0},{"startTime":6080.0,"endTime":6144.0,"start":-5.0,"end":5.0},{"startTime":6144.0,"endTime":6208.0,"start":5.0,"end":-5.0},{"startTime":6208.0,"endTime":6240.0,"start":-5.0,"end":0.0},{"startTime":6240.0,"endTime":6304.0,"start":0.0,"end":0.0},{"startTime":6304.0,"endTime":6336.0,"start":0.0,"end":5.0},{"startTime":6336.0,"endTime":6400.0,"start":5.0,"end":-5.0},{"startTime":6400.0,"endTime":6464.0,"start":-5.0,"end":5.0},{"startTime":6464.0,"endTime":6496.0,"start":5.0,"end":0.0},{"startTime":6496.0,"endTime":6560.0,"start":0.0,"end":0.0},{"startTime":6560.0,"endTime":6592.0,"start":0.0,"end":-5.0},{"startTime":6592.0,"endTime":6656.0,"start":-5.0,"end":5.0},{"startTime":6656.0,"endTime":6720.0,"start":5.0,"end":-5.0},{"startTime":6720.0,"endTime":6752.0,"start":-5.0,"end":0.0},{"startTime":6752.0,"endTime":5898240.0,"start":0.0,"end":0.0}],"judgeLineDisappearEvents":[{"startTime":0.0,"endTime":16.0,"start":1.0,"end":0.0},{"startTime":16.0,"endTime":96.0,"start":0.0,"end":0.0},{"startTime":96.0,"endTime":176.0,"start":1.0,"end":1.0},{"startTime":176.0,"endTime":224.0,"start":1.0,"end":0.0},{"startTime":224.0,"endTime":304.0,"start":1.0,"end":1.0},{"startTime":304.0,"endTime":352.0,"start":1.0,"end":0.0},{"startTime":352.0,"endTime":432.0,"start":1.0,"end":1.0},{"startTime":432.0,"endTime":480.0,"start":1.0,"end":0.0},{"startTime":480.0,"endTime":4144.0,"start":1.0,"end":1.0},{"startTime":4144.0,"endTime":4148.0,"start":0.0,"end":0.0},{"startTime":4148.0,"endTime":4152.0,"start":1.0,"end":1.0},{"startTime":4152.0,"endTime":4156.0,"start":0.0,"end":0.0},{"startTime":4156.0,"endTime":7648.0,"start":1.0,"end":1.0},{"startTime":7648.0,"endTime":7776.0,"start":1.0,"end":0.0},{"startTime":7776.0,"endTime":37776.0,"start":0.0,"end":0.0},{"startTime":37776.0,"endTime":5898240.0,"start":1.0,"end":1.0}]},{"bpm":128.0,"notesAbove":[],"notesBelow":[],"speedEvents":[{"startTime":0.0,"endTime":5898240.0,"value":1.0}],"judgeLineMoveEvents":[{"startTime":0.0,"endTime":112.0,"start":440260.0,"end":440260.0},{"startTime":112.0,"endTime":128.0,"start":440104.0,"end":440104.0},{"startTime":128.0,"endTime":144.0,"start":440181.0,"end":440181.0},{"startTime":144.0,"endTime":160.0,"start":440260.0,"end":440260.0},{"startTime":160.0,"endTime":176.0,"start":440337.0,"end":440337.0},{"startTime":176.0,"endTime":240.0,"start":440260.0,"end":440260.0},{"startTime":240.0,"endTime":256.0,"start":440416.0,"end":440416.0},{"startTime":256.0,"endTime":272.0,"start":440337.0,"end":440337.0},{"startTime":272.0,"endTime":288.0,"start":440260.0,"end":440260.0},{"startTime":288.0,"endTime":304.0,"start":440181.0,"end":440181.0},{"startTime":304.0,"endTime":368.0,"start":440260.0,"end":440260.0},{"startTime":368.0,"endTime":384.0,"start":440104.0,"end":440104.0},{"startTime":384.0,"endTime":400.0,"start":440181.0,"end":440181.0},{"startTime":400.0,"endTime":416.0,"start":440260.0,"end":440260.0},{"startTime":416.0,"endTime":432.0,"start":440337.0,"end":440337.0},{"startTime":432.0,"endTime":496.0,"start":440260.0,"end":440260.0},{"startTime":496.0,"endTime":512.0,"start":440416.0,"end":440416.0},{"startTime":512.0,"endTime":528.0,"start":440337.0,"end":440337.0},{"startTime":528.0,"endTime":544.0,"start":440260.0,"end":440260.0},{"startTime":544.0,"endTime":560.0,"start":440181.0,"end":440181.0},{"startTime":560.0,"endTime":5898240.0,"start":440260.0,"end":440260.0}],"judgeLineRotateEvents":[{"startTime":0.0,"endTime":5898240.0,"start":0.0,"end":0.0}],"judgeLineDisappearEvents":[{"startTime":0.0,"endTime":112.0,"start":0.0,"end":0.0},{"startTime":112.0,"endTime":128.0,"start":1.0,"end":0.0},{"startTime":128.0,"endTime":144.0,"start":1.0,"end":0.0},{"startTime":144.0,"endTime":160.0,"start":1.0,"end":0.0},{"startTime":160.0,"endTime":176.0,"start":1.0,"end":0.0},{"startTime":176.0,"endTime":240.0,"start":0.0,"end":0.0},{"startTime":240.0,"endTime":256.0,"start":1.0,"end":0.0},{"startTime":256.0,"endTime":272.0,"start":1.0,"end":0.0},{"startTime":272.0,"endTime":288.0,"start":1.0,"end":0.0},{"startTime":288.0,"endTime":304.0,"start":1.0,"end":0.0},{"startTime":304.0,"endTime":368.0,"start":0.0,"end":0.0},{"startTime":368.0,"endTime":384.0,"start":1.0,"end":0.0},{"startTime":384.0,"endTime":400.0,"start":1.0,"end":0.0},{"startTime":400.0,"endTime":416.0,"start":1.0,"end":0.0},{"startTime":416.0,"endTime":432.0,"start":1.0,"end":0.0},{"startTime":432.0,"endTime":496.0,"start":0.0,"end":0.0},{"startTime":496.0,"endTime":512.0,"start":1.0,"end":0.0},{"startTime":512.0,"endTime":528.0,"start":1.0,"end":0.0},{"startTime":528.0,"endTime":544.0,"start":1.0,"end":0.0},{"startTime":544.0,"endTime":560.0,"start":1.0,"end":0.0},{"startTime":560.0,"endTime":30560.0,"start":0.0,"end":0.0},{"startTime":30560.0,"endTime":30001.0,"start":0.0,"end":0.0},{"startTime":30001.0,"endTime":5898240.0,"start":1.0,"end":1.0}]}]}