{"formatVersion":3,"offset":0.0,"judgeLineList":[{"bpm":145.0,"notesAbove":[{"type":1,"time":128,"positionX":-0.3873243,"holdTime":0.0,"speed":0.8,"floorPosition":2.3172414},{"type":1,"time":192,"positionX":-2.711267,"holdTime":0.0,"speed":0.8,"floorPosition":3.475862},{"type":1,"time":256,"positionX":2.588029,"holdTime":0.0,"speed":0.8,"floorPosition":4.634483},{"type":1,"time":320,"positionX":-1.161972,"holdTime":0.0,"speed":0.8,"floorPosition":5.793103},{"type":1,"time":384,"positionX":1.214789,"holdTime":0.0,"speed":0.8,"floorPosition":6.951724},{"type":1,"time":448,"positionX":-2.341549,"holdTime":0.0,"speed":0.8,"floorPosition":8.110345},{"type":1,"time":480,"positionX":2.570423,"holdTime":0.0,"speed":0.8,"floorPosition":8.689655},{"type":1,"time":512,"positionX":-2.447184,"holdTime":0.0,"speed":0.8,"floorPosition":9.268966},{"type":1,"time":576,"positionX":0.7922535,"holdTime":0.0,"speed":0.8,"floorPosition":10.427586},{"type":1,"time":640,"positionX":-1.443662,"holdTime":0.0,"speed":0.8,"floorPosition":11.586206},{"type":1,"time":704,"positionX":2.059859,"holdTime":0.0,"speed":0.8,"floorPosition":12.744827},{"type":1,"time":736,"positionX":2.007042,"holdTime":0.0,"speed":0.8,"floorPosition":13.324138},{"type":1,"time":768,"positionX":-1.338028,"holdTime":0.0,"speed":0.8,"floorPosition":13.903448},{"type":1,"time":832,"positionX":1.654929,"holdTime":0.0,"speed":0.8,"floorPosition":15.062069},{"type":1,"time":896,"positionX":-3.573943,"holdTime":0.0,"speed":0.8,"floorPosition":16.22069},{"type":1,"time":960,"positionX":1.602114,"holdTime":0.0,"speed":0.8,"floorPosition":17.37931},{"type":1,"time":1024,"positionX":-1.25,"holdTime":0.0,"speed":0.8,"floorPosition":18.537931},{"type":4,"time":1120,"positionX":0.5985918,"holdTime":0.0,"speed":0.8,"floorPosition":20.275862},{"type":1,"time":1152,"positionX":-2.112676,"holdTime":0.0,"speed":1.0,"floorPosition":20.896551},{"type":1,"time":1216,"positionX":1.901408,"holdTime":0.0,"speed":1.0,"floorPosition":22.13793},{"type":1,"time":1280,"positionX":-1.602113,"holdTime":0.0,"speed":1.0,"floorPosition":23.37931},{"type":1,"time":1344,"positionX":2.112676,"holdTime":0.0,"speed":1.0,"floorPosition":24.62069},{"type":1,"time":1408,"positionX":-0.1056337,"holdTime":0.0,"speed":1.0,"floorPosition":25.862068},{"type":1,"time":1472,"positionX":-1.795774,"holdTime":0.0,"speed":1.0,"floorPosition":27.103449},{"type":1,"time":1536,"positionX":2.235916,"holdTime":0.0,"speed":1.0,"floorPosition":28.344828},{"type":1,"time":1600,"positionX":-0.8098593,"holdTime":0.0,"speed":1.0,"floorPosition":29.586206},{"type":1,"time":1664,"positionX":2.37676,"holdTime":0.0,"speed":1.0,"floorPosition":30.827585},{"type":1,"time":1728,"positionX":-1.338028,"holdTime":0.0,"speed":1.0,"floorPosition":32.068966},{"type":1,"time":1792,"positionX":2.218309,"holdTime":0.0,"speed":1.0,"floorPosition":33.310345},{"type":1,"time":1856,"positionX":-3.961267,"holdTime":0.0,"speed":1.0,"floorPosition":34.551723},{"type":1,"time":1920,"positionX":1.848592,"holdTime":0.0,"speed":1.0,"floorPosition":35.793102},{"type":2,"time":1952,"positionX":-2.183099,"holdTime":0.0,"speed":1.0,"floorPosition":36.41379},{"type":2,"time":1968,"positionX":-2.288733,"holdTime":0.0,"speed":1.0,"floorPosition":36.724136},{"type":2,"time":1984,"positionX":-2.351742,"holdTime":0.0,"speed":1.0,"floorPosition":37.03448},{"type":2,"time":2016,"positionX":2.693663,"holdTime":0.0,"speed":1.0,"floorPosition":37.65517},{"type":2,"time":2032,"positionX":2.676055,"holdTime":0.0,"speed":1.0,"floorPosition":37.965515},{"type":2,"time":2048,"positionX":2.693663,"holdTime":0.0,"speed":1.0,"floorPosition":38.275864},{"type":1,"time":2080,"positionX":-1.602113,"holdTime":0.0,"speed":1.0,"floorPosition":38.896553},{"type":1,"time":2112,"positionX":2.165493,"holdTime":0.0,"speed":1.0,"floorPosition":39.517242},{"type":1,"time":2176,"positionX":-1.197184,"holdTime":0.0,"speed":1.0,"floorPosition":40.75862},{"type":1,"time":2240,"positionX":2.077465,"holdTime":0.0,"speed":1.0,"floorPosition":42.0},{"type":1,"time":2304,"positionX":-1.971831,"holdTime":0.0,"speed":1.0,"floorPosition":43.24138},{"type":1,"time":2368,"positionX":1.830987,"holdTime":0.0,"speed":1.0,"floorPosition":44.482758},{"type":1,"time":2432,"positionX":-0.3169012,"holdTime":0.0,"speed":1.0,"floorPosition":45.724136},{"type":1,"time":2496,"positionX":2.799295,"holdTime":0.0,"speed":1.0,"floorPosition":46.965515},{"type":1,"time":2560,"positionX":-1.954226,"holdTime":0.0,"speed":1.0,"floorPosition":48.206898},{"type":1,"time":2624,"positionX":2.323945,"holdTime":0.0,"speed":1.0,"floorPosition":49.448277},{"type":1,"time":2688,"positionX":-1.197184,"holdTime":0.0,"speed":1.0,"floorPosition":50.689655},{"type":1,"time":2752,"positionX":2.570423,"holdTime":0.0,"speed":1.0,"floorPosition":51.931034},{"type":1,"time":2816,"positionX":-1.81338,"holdTime":0.0,"speed":1.0,"floorPosition":53.172413},{"type":1,"time":2880,"positionX":0.6161976,"holdTime":0.0,"speed":1.0,"floorPosition":54.41379},{"type":1,"time":2944,"positionX":3.961267,"holdTime":0.0,"speed":1.0,"floorPosition":55.65517},{"type":1,"time":3008,"positionX":-1.408451,"holdTime":0.0,"speed":1.0,"floorPosition":56.896553},{"type":1,"time":3072,"positionX":3.433098,"holdTime":0.0,"speed":1.0,"floorPosition":58.13793},{"type":1,"time":3136,"positionX":-2.359155,"holdTime":0.0,"speed":1.0,"floorPosition":59.37931},{"type":3,"time":3200,"positionX":2.464789,"holdTime":64.0,"speed":1.5,"floorPosition":60.62069},{"type":3,"time":3296,"positionX":-4.031691,"holdTime":32.0,"speed":1.5,"floorPosition":62.482758},{"type":3,"time":3328,"positionX":3.943663,"holdTime":64.0,"speed":1.5,"floorPosition":63.103447},{"type":3,"time":3392,"positionX":-2.218309,"holdTime":64.0,"speed":1.5,"floorPosition":64.344826},{"type":3,"time":3456,"positionX":1.795774,"holdTime":64.0,"speed":1.5,"floorPosition":65.586205},{"type":3,"time":3552,"positionX":-4.31338,"holdTime":32.0,"speed":1.5,"floorPosition":67.44827},{"type":3,"time":3584,"positionX":4.313381,"holdTime":64.0,"speed":1.5,"floorPosition":68.06896},{"type":3,"time":3648,"positionX":-2.147887,"holdTime":64.0,"speed":1.5,"floorPosition":69.31034},{"type":3,"time":3712,"positionX":4.014084,"holdTime":64.0,"speed":1.5,"floorPosition":70.55173},{"type":3,"time":3808,"positionX":-4.049295,"holdTime":32.0,"speed":1.5,"floorPosition":72.413795},{"type":3,"time":3840,"positionX":4.595071,"holdTime":64.0,"speed":1.5,"floorPosition":73.034485},{"type":3,"time":3904,"positionX":-4.295774,"holdTime":64.0,"speed":1.5,"floorPosition":74.27586},{"type":3,"time":3968,"positionX":2.253522,"holdTime":64.0,"speed":1.5,"floorPosition":75.51724},{"type":1,"time":4096,"positionX":-0.334507,"holdTime":0.0,"speed":1.0,"floorPosition":78.0},{"type":1,"time":4224,"positionX":3.820423,"holdTime":0.0,"speed":1.0,"floorPosition":80.31724},{"type":1,"time":4288,"positionX":1.320423,"holdTime":0.0,"speed":1.0,"floorPosition":81.47586},{"type":1,"time":4352,"positionX":3.75,"holdTime":0.0,"speed":1.0,"floorPosition":82.63448},{"type":1,"time":4384,"positionX":3.362676,"holdTime":0.0,"speed":1.0,"floorPosition":83.21379},{"type":1,"time":4416,"positionX":0.6866188,"holdTime":0.0,"speed":1.0,"floorPosition":83.793106},{"type":1,"time":4480,"positionX":4.771127,"holdTime":0.0,"speed":1.0,"floorPosition":84.95172},{"type":1,"time":4544,"positionX":1.936619,"holdTime":0.0,"speed":1.0,"floorPosition":86.110344},{"type":1,"time":4608,"positionX":5.387324,"holdTime":0.0,"speed":1.0,"floorPosition":87.26897},{"type":1,"time":4672,"positionX":2.253522,"holdTime":0.0,"speed":1.0,"floorPosition":88.42759},{"type":1,"time":4736,"positionX":4.559859,"holdTime":0.0,"speed":1.0,"floorPosition":89.586205},{"type":1,"time":4800,"positionX":1.866198,"holdTime":0.0,"speed":1.0,"floorPosition":90.74483},{"type":1,"time":4864,"positionX":4.630282,"holdTime":0.0,"speed":1.0,"floorPosition":91.90345},{"type":1,"time":4896,"positionX":4.630282,"holdTime":0.0,"speed":1.0,"floorPosition":92.48276},{"type":1,"time":4928,"positionX":1.690141,"holdTime":0.0,"speed":1.0,"floorPosition":93.062065},{"type":1,"time":4992,"positionX":4.471831,"holdTime":0.0,"speed":1.0,"floorPosition":94.22069},{"type":1,"time":5056,"positionX":1.971831,"holdTime":0.0,"speed":1.0,"floorPosition":95.37931},{"type":1,"time":5120,"positionX":4.894366,"holdTime":0.0,"speed":1.0,"floorPosition":96.53793},{"type":1,"time":5184,"positionX":2.341549,"holdTime":0.0,"speed":1.0,"floorPosition":97.69655},{"type":3,"time":6272,"positionX":-0.1584511,"holdTime":448.0,"speed":1.4,"floorPosition":117.393105},{"type":1,"time":6784,"positionX":-3.855634,"holdTime":0.0,"speed":1.0,"floorPosition":126.66207},{"type":1,"time":6848,"positionX":-2.640845,"holdTime":0.0,"speed":1.0,"floorPosition":127.82069},{"type":1,"time":6912,"positionX":1.443663,"holdTime":0.0,"speed":1.0,"floorPosition":128.97931},{"type":1,"time":6960,"positionX":0.8802814,"holdTime":0.0,"speed":1.0,"floorPosition":129.84828},{"type":1,"time":6976,"positionX":-3.380281,"holdTime":0.0,"speed":1.0,"floorPosition":130.13792},{"type":1,"time":7040,"positionX":-0.01760578,"holdTime":0.0,"speed":1.0,"floorPosition":131.29655},{"type":1,"time":7104,"positionX":1.267606,"holdTime":0.0,"speed":1.0,"floorPosition":132.45517},{"type":1,"time":7168,"positionX":-1.584507,"holdTime":0.0,"speed":1.0,"floorPosition":133.61378},{"type":1,"time":7216,"positionX":2.676055,"holdTime":0.0,"speed":1.0,"floorPosition":134.48276},{"type":1,"time":7232,"positionX":-0.8802814,"holdTime":0.0,"speed":1.0,"floorPosition":134.77242},{"type":1,"time":7296,"positionX":1.566902,"holdTime":0.0,"speed":1.0,"floorPosition":135.93103},{"type":1,"time":7360,"positionX":-1.443662,"holdTime":0.0,"speed":1.0,"floorPosition":137.08966},{"type":1,"time":7424,"positionX":3.75,"holdTime":0.0,"speed":1.0,"floorPosition":138.24828},{"type":1,"time":7488,"positionX":-1.461267,"holdTime":0.0,"speed":1.0,"floorPosition":139.40689},{"type":1,"time":7552,"positionX":3.644366,"holdTime":0.0,"speed":1.0,"floorPosition":140.56552},{"type":1,"time":7616,"positionX":-1.531691,"holdTime":0.0,"speed":1.0,"floorPosition":141.72414},{"type":1,"time":7680,"positionX":2.323945,"holdTime":0.0,"speed":1.0,"floorPosition":142.88275},{"type":1,"time":7744,"positionX":-1.778169,"holdTime":0.0,"speed":1.0,"floorPosition":144.04138},{"type":1,"time":7808,"positionX":2.218309,"holdTime":0.0,"speed":1.0,"floorPosition":145.2},{"type":1,"time":7872,"positionX":-1.619719,"holdTime":0.0,"speed":1.0,"floorPosition":146.35861},{"type":1,"time":7936,"positionX":1.531691,"holdTime":0.0,"speed":1.0,"floorPosition":147.51724},{"type":1,"time":8000,"positionX":-2.112676,"holdTime":0.0,"speed":1.0,"floorPosition":148.67586},{"type":3,"time":8064,"positionX":2.165493,"holdTime":32.0,"speed":1.4,"floorPosition":149.83449},{"type":3,"time":8128,"positionX":-2.147887,"holdTime":32.0,"speed":1.4,"floorPosition":150.9931},{"type":1,"time":8192,"positionX":0.4225349,"holdTime":0.0,"speed":1.0,"floorPosition":152.15172},{"type":1,"time":8320,"positionX":-0.5105629,"holdTime":0.0,"speed":1.0,"floorPosition":154.46896},{"type":1,"time":8384,"positionX":2.746478,"holdTime":0.0,"speed":1.0,"floorPosition":155.62758},{"type":1,"time":8448,"positionX":-1.971831,"holdTime":0.0,"speed":1.0,"floorPosition":156.78621},{"type":1,"time":8512,"positionX":1.971831,"holdTime":0.0,"speed":1.0,"floorPosition":157.94482},{"type":1,"time":8576,"positionX":-1.93662,"holdTime":0.0,"speed":1.0,"floorPosition":159.10344},{"type":1,"time":8640,"positionX":2.288733,"holdTime":0.0,"speed":1.0,"floorPosition":160.26207},{"type":1,"time":8704,"positionX":-2.535212,"holdTime":0.0,"speed":1.0,"floorPosition":161.42068},{"type":1,"time":8768,"positionX":2.394366,"holdTime":0.0,"speed":1.0,"floorPosition":162.57932},{"type":1,"time":8832,"positionX":-0.6514082,"holdTime":0.0,"speed":1.1,"floorPosition":163.73793},{"type":1,"time":8896,"positionX":2.764084,"holdTime":0.0,"speed":1.1,"floorPosition":164.89655},{"type":1,"time":8960,"positionX":-2.5,"holdTime":0.0,"speed":1.1,"floorPosition":166.05518},{"type":1,"time":9024,"positionX":2.552817,"holdTime":0.0,"speed":1.1,"floorPosition":167.21379},{"type":1,"time":9088,"positionX":-1.989437,"holdTime":0.0,"speed":1.1,"floorPosition":168.3724},{"type":1,"time":9152,"positionX":2.482394,"holdTime":0.0,"speed":1.1,"floorPosition":169.53104},{"type":1,"time":9216,"positionX":-2.323943,"holdTime":0.0,"speed":1.1,"floorPosition":170.68965},{"type":1,"time":9280,"positionX":3.045774,"holdTime":0.0,"speed":1.1,"floorPosition":171.84828},{"type":1,"time":9344,"positionX":-1.214788,"holdTime":0.0,"speed":1.1,"floorPosition":173.0069},{"type":1,"time":9376,"positionX":1.566902,"holdTime":0.0,"speed":0.9,"floorPosition":173.58621},{"type":1,"time":9408,"positionX":-2.816901,"holdTime":0.0,"speed":0.9,"floorPosition":174.16551},{"type":1,"time":9440,"positionX":1.971831,"holdTime":0.0,"speed":0.9,"floorPosition":174.74483},{"type":1,"time":9472,"positionX":-3.292253,"holdTime":0.0,"speed":0.9,"floorPosition":175.32414},{"type":1,"time":9504,"positionX":2.482394,"holdTime":0.0,"speed":0.9,"floorPosition":175.90344},{"type":1,"time":9536,"positionX":-1.338028,"holdTime":0.0,"speed":0.9,"floorPosition":176.48276},{"type":1,"time":9568,"positionX":2.482394,"holdTime":0.0,"speed":0.9,"floorPosition":177.06207},{"type":1,"time":9600,"positionX":-3.362676,"holdTime":0.0,"speed":0.9,"floorPosition":177.64137},{"type":1,"time":9632,"positionX":2.62324,"holdTime":0.0,"speed":0.9,"floorPosition":178.22069},{"type":1,"time":9664,"positionX":-2.640845,"holdTime":0.0,"speed":0.9,"floorPosition":178.8},{"type":1,"time":9696,"positionX":1.883802,"holdTime":0.0,"speed":0.9,"floorPosition":179.3793},{"type":1,"time":9728,"positionX":-2.042253,"holdTime":0.0,"speed":0.9,"floorPosition":179.95862},{"type":1,"time":9760,"positionX":2.570423,"holdTime":0.0,"speed":0.9,"floorPosition":180.53793},{"type":1,"time":9792,"positionX":-0.08802795,"holdTime":0.0,"speed":0.9,"floorPosition":181.11723},{"type":3,"time":9824,"positionX":0.03521061,"holdTime":32.0,"speed":1.4,"floorPosition":181.69655}],"notesBelow":[{"type":1,"time":5248,"positionX":-3.133804,"holdTime":0.0,"speed":1.0,"floorPosition":98.85517},{"type":1,"time":5312,"positionX":-6.038734,"holdTime":0.0,"speed":1.0,"floorPosition":100.013794},{"type":1,"time":5376,"positionX":-1.566902,"holdTime":0.0,"speed":1.0,"floorPosition":101.17242},{"type":1,"time":5408,"positionX":-3.450703,"holdTime":0.0,"speed":1.0,"floorPosition":101.751724},{"type":1,"time":5440,"positionX":-5.686619,"holdTime":0.0,"speed":1.0,"floorPosition":102.33103},{"type":1,"time":5504,"positionX":-1.954226,"holdTime":0.0,"speed":1.0,"floorPosition":103.489655},{"type":1,"time":5568,"positionX":-5.40493,"holdTime":0.0,"speed":1.0,"floorPosition":104.64828},{"type":1,"time":5632,"positionX":-1.584507,"holdTime":0.0,"speed":1.0,"floorPosition":105.80689},{"type":1,"time":5664,"positionX":-1.795774,"holdTime":0.0,"speed":1.0,"floorPosition":106.38621},{"type":1,"time":5696,"positionX":-3.732395,"holdTime":0.0,"speed":1.0,"floorPosition":106.965515},{"type":1,"time":5760,"positionX":-2.341549,"holdTime":0.0,"speed":1.0,"floorPosition":108.12414},{"type":1,"time":5824,"positionX":-4.96479,"holdTime":0.0,"speed":1.0,"floorPosition":109.28276},{"type":1,"time":5888,"positionX":-1.989437,"holdTime":0.0,"speed":1.0,"floorPosition":110.441376},{"type":1,"time":5920,"positionX":-2.042252,"holdTime":0.0,"speed":1.0,"floorPosition":111.02069},{"type":1,"time":5952,"positionX":-5.264084,"holdTime":0.0,"speed":1.0,"floorPosition":111.6},{"type":1,"time":6016,"positionX":-1.707747,"holdTime":0.0,"speed":1.0,"floorPosition":112.75862},{"type":1,"time":6080,"positionX":-2.147888,"holdTime":0.0,"speed":1.0,"floorPosition":113.917244},{"type":1,"time":6144,"positionX":-1.566902,"holdTime":0.0,"speed":1.0,"floorPosition":115.07586},{"type":1,"time":6176,"positionX":-1.602112,"holdTime":0.0,"speed":1.0,"floorPosition":115.655174},{"type":1,"time":6240,"positionX":-3.556339,"holdTime":0.0,"speed":1.0,"floorPosition":116.81379}],"speedEvents":[{"startTime":0.0,"endTime":1120.0,"value":1.4},{"startTime":1120.0,"endTime":4096.0,"value":1.5},{"startTime":4096.0,"endTime":1000000000.0,"value":1.4}],"judgeLineMoveEvents":[{"startTime":-999999.0,"endTime":1120.0,"start":0.5,"end":0.5,"start2":0.5,"end2":0.5},{"startTime":1120.0,"endTime":1152.0,"start":0.5,"end":0.5,"start2":0.5,"end2":0.4},{"startTime":1152.0,"endTime":2176.0,"start":0.5,"end":0.5,"start2":0.4,"end2":0.1},{"startTime":2176.0,"endTime":2432.0,"start":0.5,"end":0.4,"start2":0.1,"end2":0.1},{"startTime":2432.0,"endTime":2944.0,"start":0.4,"end":0.6,"start2":0.1,"end2":0.1},{"startTime":2944.0,"endTime":3200.0,"start":0.6,"end":0.5,"start2":0.1,"end2":0.2},{"startTime":3200.0,"endTime":3712.0,"start":0.5,"end":0.5,"start2":0.2,"end2":0.3},{"startTime":3712.0,"endTime":4096.0,"start":0.5,"end":0.5,"start2":0.3,"end2":0.1},{"startTime":4096.0,"endTime":4160.0,"start":0.5,"end":0.5,"start2":0.1,"end2":0.5},{"startTime":4160.0,"endTime":7808.0,"start":0.5,"end":0.5,"start2":0.5,"end2":0.5},{"startTime":7808.0,"endTime":8192.0,"start":0.5,"end":0.5,"start2":0.5,"end2":0.2},{"startTime":8192.0,"endTime":8800.0,"start":0.5,"end":0.5,"start2":0.2,"end2":0.2},{"startTime":8800.0,"endTime":9056.0,"start":0.5,"end":0.5,"start2":0.2,"end2":0.3},{"startTime":9056.0,"endTime":9344.0,"start":0.5,"end":0.4,"start2":0.3,"end2":0.2},{"startTime":9344.0,"endTime":9600.0,"start":0.4,"end":0.5,"start2":0.2,"end2":0.5},{"startTime":9600.0,"endTime":1000000000.0,"start":0.5,"end":0.5,"start2":0.5,"end2":0.5}],"judgeLineRotateEvents":[{"startTime":-999999.0,"endTime":2944.0,"start":0.0,"end":0.0},{"startTime":2944.0,"endTime":3200.0,"start":0.0,"end":-5.0},{"startTime":3200.0,"endTime":3712.0,"start":-5.0,"end":10.0},{"startTime":3712.0,"endTime":4096.0,"start":10.0,"end":0.0},{"startTime":4096.0,"endTime":4160.0,"start":0.0,"end":150.0},{"startTime":4160.0,"endTime":6272.0,"start":150.0,"end":150.0},{"startTime":6272.0,"endTime":6784.0,"start":150.0,"end":210.0},{"startTime":6784.0,"endTime":6848.0,"start":210.0,"end":190.0},{"startTime":6848.0,"endTime":6856.0,"start":195.0,"end":195.0},{"startTime":6856.0,"endTime":6864.0,"start":200.0,"end":200.0},{"startTime":6864.0,"endTime":6872.0,"start":205.0,"end":205.0},{"startTime":6872.0,"endTime":6880.0,"start":210.0,"end":210.0},{"startTime":6880.0,"endTime":6888.0,"start":215.0,"end":215.0},{"startTime":6888.0,"endTime":6896.0,"start":220.0,"end":220.0},{"startTime":6896.0,"endTime":6904.0,"start":225.0,"end":225.0},{"startTime":6904.0,"endTime":6912.0,"start":230.0,"end":230.0},{"startTime":6912.0,"endTime":6976.0,"start":230.0,"end":245.0},{"startTime":6976.0,"endTime":6992.0,"start":250.0,"end":250.0},{"startTime":6992.0,"endTime":7000.0,"start":255.0,"end":255.0},{"startTime":7000.0,"endTime":7008.0,"start":260.0,"end":260.0},{"startTime":7008.0,"endTime":7024.0,"start":265.0,"end":265.0},{"startTime":7024.0,"endTime":7040.0,"start":270.0,"end":270.0},{"startTime":7040.0,"endTime":7104.0,"start":270.0,"end":290.0},{"startTime":7104.0,"endTime":7120.0,"start":295.0,"end":295.0},{"startTime":7120.0,"endTime":7128.0,"start":300.0,"end":300.0},{"startTime":7128.0,"endTime":7136.0,"start":305.0,"end":305.0},{"startTime":7136.0,"endTime":7152.0,"start":310.0,"end":310.0},{"startTime":7152.0,"endTime":7168.0,"start":315.0,"end":315.0},{"startTime":7168.0,"endTime":7232.0,"start":315.0,"end":330.0},{"startTime":7232.0,"endTime":7808.0,"start":330.0,"end":330.0},{"startTime":7808.0,"endTime":8192.0,"start":330.0,"end":360.0},{"startTime":8192.0,"endTime":1000000000.0,"start":0.0,"end":0.0}],"judgeLineDisappearEvents":[{"startTime":-999999.0,"endTime":1000000000.0,"start":1.0,"end":1.0}]}]}