{"formatVersion":3,"offset":0.0,"judgeLineList":[{"bpm":186.0,"notesAbove":[{"type":1,"time":256,"positionX":-0.3157892,"holdTime":0.0,"speed":1.0,"floorPosition":4.129032},{"type":1,"time":320,"positionX":-2.421053,"holdTime":0.0,"speed":1.0,"floorPosition":5.16129},{"type":1,"time":368,"positionX":2.263157,"holdTime":0.0,"speed":1.0,"floorPosition":5.935484},{"type":1,"time":448,"positionX":-3.017544,"holdTime":0.0,"speed":1.0,"floorPosition":7.2258067},{"type":1,"time":512,"positionX":1.596491,"holdTime":0.0,"speed":1.0,"floorPosition":8.258064},{"type":1,"time":576,"positionX":-1.526316,"holdTime":0.0,"speed":1.0,"floorPosition":9.290322},{"type":1,"time":624,"positionX":-4.807018,"holdTime":0.0,"speed":1.0,"floorPosition":10.064516},{"type":1,"time":704,"positionX":2.0,"holdTime":0.0,"speed":1.0,"floorPosition":11.354839},{"type":1,"time":768,"positionX":-0.07017517,"holdTime":0.0,"speed":1.0,"floorPosition":12.387097},{"type":1,"time":832,"positionX":-3.017544,"holdTime":0.0,"speed":1.0,"floorPosition":13.419355},{"type":1,"time":880,"positionX":2.385964,"holdTime":0.0,"speed":1.0,"floorPosition":14.193548},{"type":1,"time":960,"positionX":-2.701754,"holdTime":0.0,"speed":1.0,"floorPosition":15.483871},{"type":1,"time":1024,"positionX":2.070175,"holdTime":0.0,"speed":1.0,"floorPosition":16.516129},{"type":1,"time":1088,"positionX":-1.596491,"holdTime":0.0,"speed":1.0,"floorPosition":17.548388},{"type":1,"time":1152,"positionX":1.157894,"holdTime":0.0,"speed":1.0,"floorPosition":18.580645},{"type":1,"time":1216,"positionX":0.1403513,"holdTime":0.0,"speed":1.0,"floorPosition":19.612904},{"type":2,"time":1280,"positionX":-1.754386,"holdTime":0.0,"speed":1.0,"floorPosition":20.64516},{"type":2,"time":1296,"positionX":-1.842106,"holdTime":0.0,"speed":1.0,"floorPosition":20.903227},{"type":2,"time":1328,"positionX":1.894736,"holdTime":0.0,"speed":1.0,"floorPosition":21.419355},{"type":2,"time":1344,"positionX":1.894736,"holdTime":0.0,"speed":1.0,"floorPosition":21.67742},{"type":2,"time":1376,"positionX":-1.14035,"holdTime":0.0,"speed":1.0,"floorPosition":22.193548},{"type":2,"time":1392,"positionX":-1.087719,"holdTime":0.0,"speed":1.0,"floorPosition":22.451612},{"type":2,"time":1536,"positionX":1.578947,"holdTime":0.0,"speed":1.0,"floorPosition":24.774195},{"type":2,"time":1552,"positionX":1.649122,"holdTime":0.0,"speed":1.0,"floorPosition":25.032259},{"type":2,"time":1584,"positionX":-1.982456,"holdTime":0.0,"speed":1.0,"floorPosition":25.548388},{"type":2,"time":1600,"positionX":-1.982456,"holdTime":0.0,"speed":1.0,"floorPosition":25.806452},{"type":2,"time":1632,"positionX":-3.473684,"holdTime":0.0,"speed":1.0,"floorPosition":26.32258},{"type":2,"time":1648,"positionX":-3.543859,"holdTime":0.0,"speed":1.0,"floorPosition":26.580645},{"type":1,"time":1792,"positionX":0.2982464,"holdTime":0.0,"speed":1.0,"floorPosition":28.903227},{"type":1,"time":1856,"positionX":-2.298246,"holdTime":0.0,"speed":1.0,"floorPosition":29.935484},{"type":1,"time":1904,"positionX":2.894736,"holdTime":0.0,"speed":1.0,"floorPosition":30.709679},{"type":1,"time":1952,"positionX":-1.491228,"holdTime":0.0,"speed":1.0,"floorPosition":31.483871},{"type":1,"time":2048,"positionX":2.017545,"holdTime":0.0,"speed":1.0,"floorPosition":33.032257},{"type":1,"time":2112,"positionX":-1.508772,"holdTime":0.0,"speed":1.0,"floorPosition":34.064518},{"type":1,"time":2160,"positionX":2.614036,"holdTime":0.0,"speed":1.0,"floorPosition":34.83871},{"type":1,"time":2272,"positionX":-3.421053,"holdTime":0.0,"speed":1.0,"floorPosition":36.64516},{"type":1,"time":2304,"positionX":0.4035082,"holdTime":0.0,"speed":1.0,"floorPosition":37.16129},{"type":1,"time":2368,"positionX":1.666666,"holdTime":0.0,"speed":1.0,"floorPosition":38.19355},{"type":1,"time":2400,"positionX":-0.8245611,"holdTime":0.0,"speed":1.0,"floorPosition":38.70968},{"type":1,"time":2560,"positionX":0.9473686,"holdTime":0.0,"speed":1.0,"floorPosition":41.29032},{"type":1,"time":2624,"positionX":-1.929825,"holdTime":0.0,"speed":1.0,"floorPosition":42.322582},{"type":1,"time":2688,"positionX":0.5263157,"holdTime":0.0,"speed":1.0,"floorPosition":43.35484},{"type":1,"time":2752,"positionX":-1.912281,"holdTime":0.0,"speed":1.0,"floorPosition":44.387096},{"type":1,"time":2816,"positionX":0.8070183,"holdTime":0.0,"speed":1.0,"floorPosition":45.419357},{"type":1,"time":2848,"positionX":-2.508772,"holdTime":0.0,"speed":1.0,"floorPosition":45.935486},{"type":1,"time":2912,"positionX":3.280702,"holdTime":0.0,"speed":1.0,"floorPosition":46.967743},{"type":1,"time":2976,"positionX":-3.666667,"holdTime":0.0,"speed":1.0,"floorPosition":48.0},{"type":1,"time":3040,"positionX":2.894736,"holdTime":0.0,"speed":1.0,"floorPosition":49.032257},{"type":1,"time":3104,"positionX":-1.035088,"holdTime":0.0,"speed":1.0,"floorPosition":50.064518},{"type":1,"time":3168,"positionX":0.666666,"holdTime":0.0,"speed":1.0,"floorPosition":51.096775},{"type":1,"time":3232,"positionX":5.403508,"holdTime":0.0,"speed":1.0,"floorPosition":52.129032},{"type":1,"time":3296,"positionX":0.3508778,"holdTime":0.0,"speed":1.0,"floorPosition":53.16129},{"type":1,"time":3328,"positionX":2.561403,"holdTime":0.0,"speed":1.0,"floorPosition":53.67742},{"type":1,"time":3360,"positionX":-2.017544,"holdTime":0.0,"speed":1.0,"floorPosition":54.19355},{"type":1,"time":3424,"positionX":0.1578951,"holdTime":0.0,"speed":1.0,"floorPosition":55.225807},{"type":1,"time":3488,"positionX":-3.210526,"holdTime":0.0,"speed":1.0,"floorPosition":56.258064},{"type":1,"time":3552,"positionX":-2.228069,"holdTime":0.0,"speed":1.0,"floorPosition":57.290325},{"type":1,"time":3584,"positionX":1.263159,"holdTime":0.0,"speed":1.0,"floorPosition":57.806454},{"type":1,"time":3648,"positionX":1.0,"holdTime":0.0,"speed":1.0,"floorPosition":58.83871},{"type":1,"time":3712,"positionX":-1.596491,"holdTime":0.0,"speed":1.0,"floorPosition":59.870968},{"type":1,"time":3776,"positionX":-1.561404,"holdTime":0.0,"speed":1.0,"floorPosition":60.903225},{"type":1,"time":3840,"positionX":1.175438,"holdTime":0.0,"speed":1.0,"floorPosition":61.935486},{"type":1,"time":3968,"positionX":-0.4736843,"holdTime":0.0,"speed":1.0,"floorPosition":64.0},{"type":1,"time":4096,"positionX":1.789474,"holdTime":0.0,"speed":1.0,"floorPosition":66.064514},{"type":1,"time":4224,"positionX":0.2105255,"holdTime":0.0,"speed":1.0,"floorPosition":68.129036},{"type":1,"time":4352,"positionX":-0.2807026,"holdTime":0.0,"speed":1.0,"floorPosition":70.19355},{"type":1,"time":4480,"positionX":2.0,"holdTime":0.0,"speed":1.0,"floorPosition":72.258064},{"type":1,"time":4608,"positionX":-0.5614033,"holdTime":0.0,"speed":1.0,"floorPosition":74.32258},{"type":1,"time":4736,"positionX":-3.017544,"holdTime":0.0,"speed":1.0,"floorPosition":76.3871},{"type":1,"time":4864,"positionX":0.3859634,"holdTime":0.0,"speed":1.0,"floorPosition":78.451614},{"type":1,"time":4928,"positionX":-2.631578,"holdTime":0.0,"speed":1.0,"floorPosition":79.48387},{"type":1,"time":4992,"positionX":1.210526,"holdTime":0.0,"speed":1.0,"floorPosition":80.51613},{"type":1,"time":5056,"positionX":-0.8421049,"holdTime":0.0,"speed":1.0,"floorPosition":81.548386},{"type":1,"time":5120,"positionX":1.315789,"holdTime":0.0,"speed":1.0,"floorPosition":82.58064},{"type":1,"time":5184,"positionX":-2.210526,"holdTime":0.0,"speed":1.0,"floorPosition":83.61291},{"type":1,"time":5248,"positionX":-0.912281,"holdTime":0.0,"speed":1.0,"floorPosition":84.645164},{"type":1,"time":5312,"positionX":-2.298246,"holdTime":0.0,"speed":1.0,"floorPosition":85.67742},{"type":1,"time":5376,"positionX":1.403508,"holdTime":0.0,"speed":1.0,"floorPosition":86.70968},{"type":1,"time":5440,"positionX":-0.2631578,"holdTime":0.0,"speed":1.0,"floorPosition":87.741936},{"type":1,"time":5504,"positionX":-2.85965,"holdTime":0.0,"speed":1.0,"floorPosition":88.77419},{"type":1,"time":5568,"positionX":2.175438,"holdTime":0.0,"speed":1.0,"floorPosition":89.80645},{"type":1,"time":5632,"positionX":1.157894,"holdTime":0.0,"speed":1.0,"floorPosition":90.838715},{"type":1,"time":5696,"positionX":-0.05263233,"holdTime":0.0,"speed":1.0,"floorPosition":91.87097},{"type":1,"time":5760,"positionX":-1.192982,"holdTime":0.0,"speed":1.0,"floorPosition":92.90323},{"type":1,"time":5824,"positionX":-2.649123,"holdTime":0.0,"speed":1.0,"floorPosition":93.935486},{"type":1,"time":5888,"positionX":0.2105255,"holdTime":0.0,"speed":1.0,"floorPosition":94.96774},{"type":1,"time":5952,"positionX":0.1578951,"holdTime":0.0,"speed":1.0,"floorPosition":96.0},{"type":1,"time":6016,"positionX":-1.210526,"holdTime":0.0,"speed":1.0,"floorPosition":97.03226},{"type":1,"time":6080,"positionX":-1.578947,"holdTime":0.0,"speed":1.0,"floorPosition":98.064514},{"type":1,"time":6144,"positionX":-0.2456141,"holdTime":0.0,"speed":1.0,"floorPosition":99.09678},{"type":1,"time":6208,"positionX":1.403508,"holdTime":0.0,"speed":1.0,"floorPosition":100.129036},{"type":1,"time":6272,"positionX":-1.333333,"holdTime":0.0,"speed":1.0,"floorPosition":101.16129},{"type":1,"time":6336,"positionX":0.5614042,"holdTime":0.0,"speed":1.0,"floorPosition":102.19355},{"type":1,"time":6400,"positionX":-1.649123,"holdTime":0.0,"speed":1.0,"floorPosition":103.22581},{"type":1,"time":6464,"positionX":-2.701754,"holdTime":0.0,"speed":1.0,"floorPosition":104.258064},{"type":1,"time":6528,"positionX":1.210526,"holdTime":0.0,"speed":1.0,"floorPosition":105.29032},{"type":1,"time":6592,"positionX":-1.421053,"holdTime":0.0,"speed":1.0,"floorPosition":106.32258},{"type":1,"time":6656,"positionX":-0.1578951,"holdTime":0.0,"speed":1.0,"floorPosition":107.35484},{"type":1,"time":6720,"positionX":-0.7543859,"holdTime":0.0,"speed":1.0,"floorPosition":108.3871},{"type":1,"time":6784,"positionX":0.08771896,"holdTime":0.0,"speed":1.0,"floorPosition":109.41936},{"type":1,"time":6848,"positionX":0.03508759,"holdTime":0.0,"speed":1.0,"floorPosition":110.451614},{"type":1,"time":6912,"positionX":1.701755,"holdTime":0.0,"speed":1.0,"floorPosition":111.48387},{"type":1,"time":6944,"positionX":-2.473684,"holdTime":0.0,"speed":1.0,"floorPosition":112.0},{"type":1,"time":7008,"positionX":3.035088,"holdTime":0.0,"speed":1.0,"floorPosition":113.03226},{"type":1,"time":7040,"positionX":-2.210526,"holdTime":0.0,"speed":1.0,"floorPosition":113.548386},{"type":1,"time":7072,"positionX":3.122808,"holdTime":0.0,"speed":1.0,"floorPosition":114.064514},{"type":1,"time":7168,"positionX":-2.087719,"holdTime":0.0,"speed":1.0,"floorPosition":115.61291},{"type":1,"time":7232,"positionX":2.385964,"holdTime":0.0,"speed":1.0,"floorPosition":116.645164},{"type":1,"time":7296,"positionX":-0.1228065,"holdTime":0.0,"speed":1.0,"floorPosition":117.67742},{"type":1,"time":7328,"positionX":4.052632,"holdTime":0.0,"speed":1.0,"floorPosition":118.19355},{"type":1,"time":7424,"positionX":-1.210526,"holdTime":0.0,"speed":1.0,"floorPosition":119.741936},{"type":1,"time":7456,"positionX":2.052631,"holdTime":0.0,"speed":1.0,"floorPosition":120.258064},{"type":1,"time":7552,"positionX":2.578948,"holdTime":0.0,"speed":1.0,"floorPosition":121.80645},{"type":1,"time":7584,"positionX":-1.017544,"holdTime":0.0,"speed":1.0,"floorPosition":122.322586},{"type":1,"time":7680,"positionX":2.982455,"holdTime":0.0,"speed":1.0,"floorPosition":123.87097},{"type":1,"time":7728,"positionX":-0.01754379,"holdTime":0.0,"speed":1.0,"floorPosition":124.645164},{"type":1,"time":7776,"positionX":-2.982456,"holdTime":0.0,"speed":1.0,"floorPosition":125.41936},{"type":1,"time":7808,"positionX":0.2631578,"holdTime":0.0,"speed":1.0,"floorPosition":125.935486},{"type":1,"time":7936,"positionX":1.052632,"holdTime":0.0,"speed":1.0,"floorPosition":128.0},{"type":1,"time":8032,"positionX":1.368422,"holdTime":0.0,"speed":1.0,"floorPosition":129.37901},{"type":1,"time":8192,"positionX":-1.175439,"holdTime":0.0,"speed":1.0,"floorPosition":131.4758},{"type":1,"time":8288,"positionX":-0.9824562,"holdTime":0.0,"speed":1.0,"floorPosition":132.73386},{"type":1,"time":8448,"positionX":0.5614042,"holdTime":0.0,"speed":1.0,"floorPosition":134.83063},{"type":1,"time":8544,"positionX":0.8771915,"holdTime":0.0,"speed":1.0,"floorPosition":136.0887},{"type":1,"time":8704,"positionX":-1.859649,"holdTime":0.0,"speed":1.0,"floorPosition":138.18547},{"type":1,"time":8800,"positionX":-1.929825,"holdTime":0.0,"speed":1.0,"floorPosition":139.44354}],"notesBelow":[],"speedEvents":[{"startTime":0.0,"endTime":7936.0,"value":1.6},{"startTime":7936.0,"endTime":7952.0,"value":1.55},{"startTime":7952.0,"endTime":7968.0,"value":1.5},{"startTime":7968.0,"endTime":7984.0,"value":1.45},{"startTime":7984.0,"endTime":8000.0,"value":1.4},{"startTime":8000.0,"endTime":8016.0,"value":1.35},{"startTime":8016.0,"endTime":1000000000.0,"value":1.3}],"judgeLineMoveEvents":[{"startTime":-999999.0,"endTime":128.0,"start":0.5,"end":0.5,"start2":0.5,"end2":0.5},{"startTime":128.0,"endTime":132.0,"start":0.5,"end":0.5,"start2":0.5,"end2":0.47275427},{"startTime":132.0,"endTime":136.0,"start":0.5,"end":0.5,"start2":0.47275427,"end2":0.44720817},{"startTime":136.0,"endTime":140.0,"start":0.5,"end":0.5,"start2":0.44720817,"end2":0.42330706},{"startTime":140.0,"endTime":144.0,"start":0.5,"end":0.5,"start2":0.42330706,"end2":0.40099624},{"startTime":144.0,"endTime":148.0,"start":0.5,"end":0.5,"start2":0.40099624,"end2":0.38022104},{"startTime":148.0,"endTime":152.0,"start":0.5,"end":0.5,"start2":0.38022104,"end2":0.36092684},{"startTime":152.0,"endTime":156.0,"start":0.5,"end":0.5,"start2":0.36092684,"end2":0.34305882},{"startTime":156.0,"endTime":160.0,"start":0.5,"end":0.5,"start2":0.34305882,"end2":0.3265625},{"startTime":160.0,"endTime":164.0,"start":0.5,"end":0.5,"start2":0.3265625,"end2":0.31139928},{"startTime":164.0,"endTime":168.0,"start":0.5,"end":0.5,"start2":0.31139928,"end2":0.2974969},{"startTime":168.0,"endTime":172.0,"start":0.5,"end":0.5,"start2":0.2974969,"end2":0.2848008},{"startTime":172.0,"endTime":176.0,"start":0.5,"end":0.5,"start2":0.2848008,"end2":0.27325624},{"startTime":176.0,"endTime":180.0,"start":0.5,"end":0.5,"start2":0.27325624,"end2":0.26280856},{"startTime":180.0,"endTime":184.0,"start":0.5,"end":0.5,"start2":0.26280856,"end2":0.25340307},{"startTime":184.0,"endTime":188.0,"start":0.5,"end":0.5,"start2":0.25340307,"end2":0.24498509},{"startTime":188.0,"endTime":192.0,"start":0.5,"end":0.5,"start2":0.24498509,"end2":0.23749998},{"startTime":192.0,"endTime":196.0,"start":0.5,"end":0.5,"start2":0.23749998,"end2":0.23090363},{"startTime":196.0,"endTime":200.0,"start":0.5,"end":0.5,"start2":0.23090363,"end2":0.22512941},{"startTime":200.0,"endTime":204.0,"start":0.5,"end":0.5,"start2":0.22512941,"end2":0.22012267},{"startTime":204.0,"endTime":208.0,"start":0.5,"end":0.5,"start2":0.22012267,"end2":0.21582875},{"startTime":208.0,"endTime":212.0,"start":0.5,"end":0.5,"start2":0.21582875,"end2":0.21219294},{"startTime":212.0,"endTime":216.0,"start":0.5,"end":0.5,"start2":0.21219294,"end2":0.20916055},{"startTime":216.0,"endTime":220.0,"start":0.5,"end":0.5,"start2":0.20916055,"end2":0.20667697},{"startTime":220.0,"endTime":224.0,"start":0.5,"end":0.5,"start2":0.20667697,"end2":0.20468749},{"startTime":224.0,"endTime":228.0,"start":0.5,"end":0.5,"start2":0.20468749,"end2":0.20314237},{"startTime":228.0,"endTime":232.0,"start":0.5,"end":0.5,"start2":0.20314237,"end2":0.20198068},{"startTime":232.0,"endTime":236.0,"start":0.5,"end":0.5,"start2":0.20198068,"end2":0.20114768},{"startTime":236.0,"endTime":240.0,"start":0.5,"end":0.5,"start2":0.20114768,"end2":0.20058875},{"startTime":240.0,"endTime":244.0,"start":0.5,"end":0.5,"start2":0.20058875,"end2":0.20024918},{"startTime":244.0,"endTime":248.0,"start":0.5,"end":0.5,"start2":0.20024918,"end2":0.20007432},{"startTime":248.0,"endTime":252.0,"start":0.5,"end":0.5,"start2":0.20007432,"end2":0.20000948},{"startTime":252.0,"endTime":256.0,"start":0.5,"end":0.5,"start2":0.20000948,"end2":0.19999999},{"startTime":256.0,"endTime":2816.0,"start":0.5,"end":0.5,"start2":0.19999999,"end2":0.19999999},{"startTime":2816.0,"endTime":2832.0,"start":0.5,"end":0.49996838,"start2":0.19999999,"end2":0.19999999},{"startTime":2832.0,"endTime":2848.0,"start":0.49996838,"end":0.49975225,"start2":0.19999999,"end2":0.19999999},{"startTime":2848.0,"endTime":2864.0,"start":0.49975225,"end":0.49916938,"start2":0.19999999,"end2":0.19999999},{"startTime":2864.0,"endTime":2880.0,"start":0.49916938,"end":0.4980375,"start2":0.19999999,"end2":0.19999999},{"startTime":2880.0,"endTime":2896.0,"start":0.4980375,"end":0.49617437,"start2":0.19999999,"end2":0.19999999},{"startTime":2896.0,"endTime":2912.0,"start":0.49617437,"end":0.49339774,"start2":0.19999999,"end2":0.19999999},{"startTime":2912.0,"endTime":2928.0,"start":0.49339774,"end":0.48952538,"start2":0.19999999,"end2":0.19999999},{"startTime":2928.0,"endTime":2944.0,"start":0.48952538,"end":0.484375,"start2":0.19999999,"end2":0.19999999},{"startTime":2944.0,"endTime":2960.0,"start":0.484375,"end":0.4777434,"start2":0.19999999,"end2":0.19999999},{"startTime":2960.0,"endTime":2976.0,"start":0.4777434,"end":0.46946475,"start2":0.19999999,"end2":0.19999999},{"startTime":2976.0,"endTime":2992.0,"start":0.46946475,"end":0.45935687,"start2":0.19999999,"end2":0.19999999},{"startTime":2992.0,"endTime":3008.0,"start":0.45935687,"end":0.4472375,"start2":0.19999999,"end2":0.19999999},{"startTime":3008.0,"endTime":3024.0,"start":0.4472375,"end":0.4329244,"start2":0.19999999,"end2":0.19999999},{"startTime":3024.0,"endTime":3040.0,"start":0.4329244,"end":0.41623527,"start2":0.19999999,"end2":0.19999999},{"startTime":3040.0,"endTime":3056.0,"start":0.41623527,"end":0.3969879,"start2":0.19999999,"end2":0.19999999},{"startTime":3056.0,"endTime":3072.0,"start":0.3969879,"end":0.375,"start2":0.19999999,"end2":0.19999999},{"startTime":3072.0,"endTime":3088.0,"start":0.375,"end":0.35301214,"start2":0.19999999,"end2":0.19999999},{"startTime":3088.0,"endTime":3104.0,"start":0.35301214,"end":0.33376476,"start2":0.19999999,"end2":0.19999999},{"startTime":3104.0,"endTime":3120.0,"start":0.33376476,"end":0.3170756,"start2":0.19999999,"end2":0.19999999},{"startTime":3120.0,"endTime":3136.0,"start":0.3170756,"end":0.3027625,"start2":0.19999999,"end2":0.19999999},{"startTime":3136.0,"endTime":3152.0,"start":0.3027625,"end":0.29064313,"start2":0.19999999,"end2":0.19999999},{"startTime":3152.0,"endTime":3168.0,"start":0.29064313,"end":0.28053525,"start2":0.19999999,"end2":0.19999999},{"startTime":3168.0,"endTime":3184.0,"start":0.28053525,"end":0.2722566,"start2":0.19999999,"end2":0.19999999},{"startTime":3184.0,"endTime":3200.0,"start":0.2722566,"end":0.265625,"start2":0.19999999,"end2":0.19999999},{"startTime":3200.0,"endTime":3216.0,"start":0.265625,"end":0.26047462,"start2":0.19999999,"end2":0.19999999},{"startTime":3216.0,"endTime":3232.0,"start":0.26047462,"end":0.25660226,"start2":0.19999999,"end2":0.19999999},{"startTime":3232.0,"endTime":3248.0,"start":0.25660226,"end":0.2538256,"start2":0.19999999,"end2":0.19999999},{"startTime":3248.0,"endTime":3264.0,"start":0.2538256,"end":0.25196248,"start2":0.19999999,"end2":0.19999999},{"startTime":3264.0,"endTime":3280.0,"start":0.25196248,"end":0.25083062,"start2":0.19999999,"end2":0.19999999},{"startTime":3280.0,"endTime":3296.0,"start":0.25083062,"end":0.25024775,"start2":0.19999999,"end2":0.19999999},{"startTime":3296.0,"endTime":3312.0,"start":0.25024775,"end":0.25003162,"start2":0.19999999,"end2":0.19999999},{"startTime":3312.0,"endTime":3328.0,"start":0.25003162,"end":0.25,"start2":0.19999999,"end2":0.19999999},{"startTime":3328.0,"endTime":3344.0,"start":0.25,"end":0.25003162,"start2":0.19999999,"end2":0.19999999},{"startTime":3344.0,"endTime":3360.0,"start":0.25003162,"end":0.25024775,"start2":0.19999999,"end2":0.19999999},{"startTime":3360.0,"endTime":3376.0,"start":0.25024775,"end":0.25083062,"start2":0.19999999,"end2":0.19999999},{"startTime":3376.0,"endTime":3392.0,"start":0.25083062,"end":0.2519625,"start2":0.19999999,"end2":0.19999999},{"startTime":3392.0,"endTime":3408.0,"start":0.2519625,"end":0.25382563,"start2":0.19999999,"end2":0.19999999},{"startTime":3408.0,"endTime":3424.0,"start":0.25382563,"end":0.25660226,"start2":0.19999999,"end2":0.19999999},{"startTime":3424.0,"endTime":3440.0,"start":0.25660226,"end":0.26047462,"start2":0.19999999,"end2":0.19999999},{"startTime":3440.0,"endTime":3456.0,"start":0.26047462,"end":0.265625,"start2":0.19999999,"end2":0.19999999},{"startTime":3456.0,"endTime":3472.0,"start":0.265625,"end":0.2722566,"start2":0.19999999,"end2":0.19999999},{"startTime":3472.0,"endTime":3488.0,"start":0.2722566,"end":0.28053525,"start2":0.19999999,"end2":0.19999999},{"startTime":3488.0,"endTime":3504.0,"start":0.28053525,"end":0.29064313,"start2":0.19999999,"end2":0.19999999},{"startTime":3504.0,"endTime":3520.0,"start":0.29064313,"end":0.3027625,"start2":0.19999999,"end2":0.19999999},{"startTime":3520.0,"endTime":3536.0,"start":0.3027625,"end":0.3170756,"start2":0.19999999,"end2":0.19999999},{"startTime":3536.0,"endTime":3552.0,"start":0.3170756,"end":0.33376473,"start2":0.19999999,"end2":0.19999999},{"startTime":3552.0,"endTime":3568.0,"start":0.33376473,"end":0.3530121,"start2":0.19999999,"end2":0.19999999},{"startTime":3568.0,"endTime":3584.0,"start":0.3530121,"end":0.375,"start2":0.19999999,"end2":0.19999999},{"startTime":3584.0,"endTime":3600.0,"start":0.375,"end":0.39698786,"start2":0.19999999,"end2":0.19999999},{"startTime":3600.0,"endTime":3616.0,"start":0.39698786,"end":0.41623524,"start2":0.19999999,"end2":0.19999999},{"startTime":3616.0,"endTime":3632.0,"start":0.41623524,"end":0.4329244,"start2":0.19999999,"end2":0.19999999},{"startTime":3632.0,"endTime":3648.0,"start":0.4329244,"end":0.4472375,"start2":0.19999999,"end2":0.19999999},{"startTime":3648.0,"endTime":3664.0,"start":0.4472375,"end":0.45935687,"start2":0.19999999,"end2":0.19999999},{"startTime":3664.0,"endTime":3680.0,"start":0.45935687,"end":0.46946475,"start2":0.19999999,"end2":0.19999999},{"startTime":3680.0,"endTime":3696.0,"start":0.46946475,"end":0.4777434,"start2":0.19999999,"end2":0.19999999},{"startTime":3696.0,"endTime":3712.0,"start":0.4777434,"end":0.484375,"start2":0.19999999,"end2":0.19999999},{"startTime":3712.0,"endTime":3728.0,"start":0.484375,"end":0.48952538,"start2":0.19999999,"end2":0.19999999},{"startTime":3728.0,"endTime":3744.0,"start":0.48952538,"end":0.49339774,"start2":0.19999999,"end2":0.19999999},{"startTime":3744.0,"endTime":3760.0,"start":0.49339774,"end":0.4961744,"start2":0.19999999,"end2":0.19999999},{"startTime":3760.0,"endTime":3776.0,"start":0.4961744,"end":0.49803752,"start2":0.19999999,"end2":0.19999999},{"startTime":3776.0,"endTime":3792.0,"start":0.49803752,"end":0.49916938,"start2":0.19999999,"end2":0.19999999},{"startTime":3792.0,"endTime":3808.0,"start":0.49916938,"end":0.49975225,"start2":0.19999999,"end2":0.19999999},{"startTime":3808.0,"endTime":3824.0,"start":0.49975225,"end":0.49996838,"start2":0.19999999,"end2":0.19999999},{"startTime":3824.0,"endTime":3840.0,"start":0.49996838,"end":0.5,"start2":0.19999999,"end2":0.19999999},{"startTime":3840.0,"endTime":8796.0,"start":0.5,"end":0.5,"start2":0.19999999,"end2":0.2},{"startTime":8796.0,"endTime":8800.0,"start":0.5,"end":0.5,"start2":0.2,"end2":0.2},{"startTime":8800.0,"endTime":8804.0,"start":0.5,"end":0.5,"start2":0.2,"end2":0.22724573},{"startTime":8804.0,"endTime":8808.0,"start":0.5,"end":0.5,"start2":0.22724573,"end2":0.25279182},{"startTime":8808.0,"endTime":8812.0,"start":0.5,"end":0.5,"start2":0.25279182,"end2":0.27669293},{"startTime":8812.0,"endTime":8816.0,"start":0.5,"end":0.5,"start2":0.27669293,"end2":0.29900375},{"startTime":8816.0,"endTime":8820.0,"start":0.5,"end":0.5,"start2":0.29900375,"end2":0.31977895},{"startTime":8820.0,"endTime":8824.0,"start":0.5,"end":0.5,"start2":0.31977895,"end2":0.33907315},{"startTime":8824.0,"endTime":8828.0,"start":0.5,"end":0.5,"start2":0.33907315,"end2":0.35694116},{"startTime":8828.0,"endTime":8832.0,"start":0.5,"end":0.5,"start2":0.35694116,"end2":0.3734375},{"startTime":8832.0,"endTime":8836.0,"start":0.5,"end":0.5,"start2":0.3734375,"end2":0.38860074},{"startTime":8836.0,"endTime":8840.0,"start":0.5,"end":0.5,"start2":0.38860074,"end2":0.40250307},{"startTime":8840.0,"endTime":8844.0,"start":0.5,"end":0.5,"start2":0.40250307,"end2":0.4151992},{"startTime":8844.0,"endTime":8848.0,"start":0.5,"end":0.5,"start2":0.4151992,"end2":0.42674375},{"startTime":8848.0,"endTime":8852.0,"start":0.5,"end":0.5,"start2":0.42674375,"end2":0.43719143},{"startTime":8852.0,"endTime":8856.0,"start":0.5,"end":0.5,"start2":0.43719143,"end2":0.44659692},{"startTime":8856.0,"endTime":8860.0,"start":0.5,"end":0.5,"start2":0.44659692,"end2":0.4550149},{"startTime":8860.0,"endTime":8864.0,"start":0.5,"end":0.5,"start2":0.4550149,"end2":0.4625},{"startTime":8864.0,"endTime":8868.0,"start":0.5,"end":0.5,"start2":0.4625,"end2":0.46909636},{"startTime":8868.0,"endTime":8872.0,"start":0.5,"end":0.5,"start2":0.46909636,"end2":0.4748706},{"startTime":8872.0,"endTime":8876.0,"start":0.5,"end":0.5,"start2":0.4748706,"end2":0.47987732},{"startTime":8876.0,"endTime":8880.0,"start":0.5,"end":0.5,"start2":0.47987732,"end2":0.48417124},{"startTime":8880.0,"endTime":8884.0,"start":0.5,"end":0.5,"start2":0.48417124,"end2":0.48780707},{"startTime":8884.0,"endTime":8888.0,"start":0.5,"end":0.5,"start2":0.48780707,"end2":0.49083942},{"startTime":8888.0,"endTime":8892.0,"start":0.5,"end":0.5,"start2":0.49083942,"end2":0.49332303},{"startTime":8892.0,"endTime":8896.0,"start":0.5,"end":0.5,"start2":0.49332303,"end2":0.4953125},{"startTime":8896.0,"endTime":8900.0,"start":0.5,"end":0.5,"start2":0.4953125,"end2":0.4968576},{"startTime":8900.0,"endTime":8904.0,"start":0.5,"end":0.5,"start2":0.4968576,"end2":0.4980193},{"startTime":8904.0,"endTime":8908.0,"start":0.5,"end":0.5,"start2":0.4980193,"end2":0.4988523},{"startTime":8908.0,"endTime":8912.0,"start":0.5,"end":0.5,"start2":0.4988523,"end2":0.49941123},{"startTime":8912.0,"endTime":8916.0,"start":0.5,"end":0.5,"start2":0.49941123,"end2":0.4997508},{"startTime":8916.0,"endTime":8920.0,"start":0.5,"end":0.5,"start2":0.4997508,"end2":0.49992567},{"startTime":8920.0,"endTime":8924.0,"start":0.5,"end":0.5,"start2":0.49992567,"end2":0.4999905},{"startTime":8924.0,"endTime":8928.0,"start":0.5,"end":0.5,"start2":0.4999905,"end2":0.5},{"startTime":8928.0,"endTime":1000000000.0,"start":0.5,"end":0.5,"start2":0.5,"end2":0.5}],"judgeLineRotateEvents":[{"startTime":-999999.0,"endTime":1280.0,"start":0.0,"end":0.0},{"startTime":1280.0,"endTime":1281.0,"start":0.0,"end":0.9990099},{"startTime":1281.0,"endTime":1282.0,"start":0.9990099,"end":1.9357004},{"startTime":1282.0,"endTime":1283.0,"start":1.9357004,"end":2.8120742},{"startTime":1283.0,"endTime":1284.0,"start":2.8120742,"end":3.6301374},{"startTime":1284.0,"endTime":1285.0,"start":3.6301374,"end":4.3918943},{"startTime":1285.0,"endTime":1286.0,"start":4.3918943,"end":5.0993495},{"startTime":1286.0,"endTime":1287.0,"start":5.0993495,"end":5.7545094},{"startTime":1287.0,"endTime":1288.0,"start":5.7545094,"end":6.359375},{"startTime":1288.0,"endTime":1289.0,"start":6.359375,"end":6.91536},{"startTime":1289.0,"endTime":1290.0,"start":6.91536,"end":7.4251127},{"startTime":1290.0,"endTime":1291.0,"start":7.4251127,"end":7.890637},{"startTime":1291.0,"endTime":1292.0,"start":7.890637,"end":8.313938},{"startTime":1292.0,"endTime":1293.0,"start":8.313938,"end":8.697019},{"startTime":1293.0,"endTime":1294.0,"start":8.697019,"end":9.041887},{"startTime":1294.0,"endTime":1295.0,"start":9.041887,"end":9.350547},{"startTime":1295.0,"endTime":1296.0,"start":9.350547,"end":9.625},{"startTime":1296.0,"endTime":1297.0,"start":9.625,"end":9.866866},{"startTime":1297.0,"endTime":1298.0,"start":9.866866,"end":10.078588},{"startTime":1298.0,"endTime":1299.0,"start":10.078588,"end":10.262168},{"startTime":1299.0,"endTime":1300.0,"start":10.262168,"end":10.419613},{"startTime":1300.0,"endTime":1301.0,"start":10.419613,"end":10.552925},{"startTime":1301.0,"endTime":1302.0,"start":10.552925,"end":10.664112},{"startTime":1302.0,"endTime":1303.0,"start":10.664112,"end":10.7551775},{"startTime":1303.0,"endTime":1304.0,"start":10.7551775,"end":10.828125},{"startTime":1304.0,"endTime":1305.0,"start":10.828125,"end":10.884779},{"startTime":1305.0,"endTime":1306.0,"start":10.884779,"end":10.927375},{"startTime":1306.0,"endTime":1307.0,"start":10.927375,"end":10.957918},{"startTime":1307.0,"endTime":1308.0,"start":10.957918,"end":10.978412},{"startTime":1308.0,"endTime":1309.0,"start":10.978412,"end":10.990863},{"startTime":1309.0,"endTime":1310.0,"start":10.990863,"end":10.997274},{"startTime":1310.0,"endTime":1311.0,"start":10.997274,"end":10.999652},{"startTime":1311.0,"endTime":1312.0,"start":10.999652,"end":11.0},{"startTime":1312.0,"endTime":1328.0,"start":11.0,"end":11.0},{"startTime":1328.0,"endTime":1329.0,"start":11.0,"end":11.99901},{"startTime":1329.0,"endTime":1330.0,"start":11.99901,"end":12.9357},{"startTime":1330.0,"endTime":1331.0,"start":12.9357,"end":13.812074},{"startTime":1331.0,"endTime":1332.0,"start":13.812074,"end":14.630137},{"startTime":1332.0,"endTime":1333.0,"start":14.630137,"end":15.391894},{"startTime":1333.0,"endTime":1334.0,"start":15.391894,"end":16.09935},{"startTime":1334.0,"endTime":1335.0,"start":16.09935,"end":16.754509},{"startTime":1335.0,"endTime":1336.0,"start":16.754509,"end":17.359375},{"startTime":1336.0,"endTime":1337.0,"start":17.359375,"end":17.91536},{"startTime":1337.0,"endTime":1338.0,"start":17.91536,"end":18.425114},{"startTime":1338.0,"endTime":1339.0,"start":18.425114,"end":18.890636},{"startTime":1339.0,"endTime":1340.0,"start":18.890636,"end":19.313938},{"startTime":1340.0,"endTime":1341.0,"start":19.313938,"end":19.69702},{"startTime":1341.0,"endTime":1342.0,"start":19.69702,"end":20.041887},{"startTime":1342.0,"endTime":1343.0,"start":20.041887,"end":20.350546},{"startTime":1343.0,"endTime":1344.0,"start":20.350546,"end":20.625},{"startTime":1344.0,"endTime":1345.0,"start":20.625,"end":20.866867},{"startTime":1345.0,"endTime":1346.0,"start":20.866867,"end":21.078588},{"startTime":1346.0,"endTime":1347.0,"start":21.078588,"end":21.262169},{"startTime":1347.0,"endTime":1348.0,"start":21.262169,"end":21.419613},{"startTime":1348.0,"endTime":1349.0,"start":21.419613,"end":21.552925},{"startTime":1349.0,"endTime":1350.0,"start":21.552925,"end":21.664112},{"startTime":1350.0,"endTime":1351.0,"start":21.664112,"end":21.755177},{"startTime":1351.0,"endTime":1352.0,"start":21.755177,"end":21.828125},{"startTime":1352.0,"endTime":1353.0,"start":21.828125,"end":21.884779},{"startTime":1353.0,"endTime":1354.0,"start":21.884779,"end":21.927376},{"startTime":1354.0,"endTime":1355.0,"start":21.927376,"end":21.957918},{"startTime":1355.0,"endTime":1356.0,"start":21.957918,"end":21.978413},{"startTime":1356.0,"endTime":1357.0,"start":21.978413,"end":21.990864},{"startTime":1357.0,"endTime":1358.0,"start":21.990864,"end":21.997274},{"startTime":1358.0,"endTime":1359.0,"start":21.997274,"end":21.999651},{"startTime":1359.0,"endTime":1360.0,"start":21.999651,"end":22.0},{"startTime":1360.0,"endTime":1376.0,"start":22.0,"end":22.0},{"startTime":1376.0,"endTime":1377.0,"start":22.0,"end":20.00198},{"startTime":1377.0,"endTime":1378.0,"start":20.00198,"end":18.1286},{"startTime":1378.0,"endTime":1379.0,"start":18.1286,"end":16.375853},{"startTime":1379.0,"endTime":1380.0,"start":16.375853,"end":14.739725},{"startTime":1380.0,"endTime":1381.0,"start":14.739725,"end":13.216211},{"startTime":1381.0,"endTime":1382.0,"start":13.216211,"end":11.801301},{"startTime":1382.0,"endTime":1383.0,"start":11.801301,"end":10.490981},{"startTime":1383.0,"endTime":1384.0,"start":10.490981,"end":9.28125},{"startTime":1384.0,"endTime":1385.0,"start":9.28125,"end":8.16928},{"startTime":1385.0,"endTime":1386.0,"start":8.16928,"end":7.149774},{"startTime":1386.0,"endTime":1387.0,"start":7.149774,"end":6.218726},{"startTime":1387.0,"endTime":1388.0,"start":6.218726,"end":5.3721247},{"startTime":1388.0,"endTime":1389.0,"start":5.3721247,"end":4.605962},{"startTime":1389.0,"endTime":1390.0,"start":4.605962,"end":3.9162264},{"startTime":1390.0,"endTime":1391.0,"start":3.9162264,"end":3.2989073},{"startTime":1391.0,"endTime":1392.0,"start":3.2989073,"end":2.75},{"startTime":1392.0,"endTime":1393.0,"start":2.75,"end":2.2662673},{"startTime":1393.0,"endTime":1394.0,"start":2.2662673,"end":1.8428241},{"startTime":1394.0,"endTime":1395.0,"start":1.8428241,"end":1.4756634},{"startTime":1395.0,"endTime":1396.0,"start":1.4756634,"end":1.1607752},{"startTime":1396.0,"endTime":1397.0,"start":1.1607752,"end":0.8941494},{"startTime":1397.0,"endTime":1398.0,"start":0.8941494,"end":0.67177486},{"startTime":1398.0,"endTime":1399.0,"start":0.67177486,"end":0.48964548},{"startTime":1399.0,"endTime":1400.0,"start":0.48964548,"end":0.34375},{"startTime":1400.0,"endTime":1401.0,"start":0.34375,"end":0.23044169},{"startTime":1401.0,"endTime":1402.0,"start":0.23044169,"end":0.14525032},{"startTime":1402.0,"endTime":1403.0,"start":0.14525032,"end":0.08416331},{"startTime":1403.0,"endTime":1404.0,"start":0.08416331,"end":0.043175936},{"startTime":1404.0,"endTime":1405.0,"start":0.043175936,"end":0.018274307},{"startTime":1405.0,"endTime":1406.0,"start":0.018274307,"end":0.005451083},{"startTime":1406.0,"endTime":1407.0,"start":0.005451083,"end":0.00069630146},{"startTime":1407.0,"endTime":1408.0,"start":0.00069630146,"end":0.0},{"startTime":1408.0,"endTime":1536.0,"start":0.0,"end":0.0},{"startTime":1536.0,"endTime":1537.0,"start":0.0,"end":-0.9990099},{"startTime":1537.0,"endTime":1538.0,"start":-0.9990099,"end":-1.9357004},{"startTime":1538.0,"endTime":1539.0,"start":-1.9357004,"end":-2.8120742},{"startTime":1539.0,"endTime":1540.0,"start":-2.8120742,"end":-3.6301374},{"startTime":1540.0,"endTime":1541.0,"start":-3.6301374,"end":-4.3918943},{"startTime":1541.0,"endTime":1542.0,"start":-4.3918943,"end":-5.0993495},{"startTime":1542.0,"endTime":1543.0,"start":-5.0993495,"end":-5.7545094},{"startTime":1543.0,"endTime":1544.0,"start":-5.7545094,"end":-6.359375},{"startTime":1544.0,"endTime":1545.0,"start":-6.359375,"end":-6.91536},{"startTime":1545.0,"endTime":1546.0,"start":-6.91536,"end":-7.4251127},{"startTime":1546.0,"endTime":1547.0,"start":-7.4251127,"end":-7.890637},{"startTime":1547.0,"endTime":1548.0,"start":-7.890637,"end":-8.313938},{"startTime":1548.0,"endTime":1549.0,"start":-8.313938,"end":-8.697019},{"startTime":1549.0,"endTime":1550.0,"start":-8.697019,"end":-9.041887},{"startTime":1550.0,"endTime":1551.0,"start":-9.041887,"end":-9.350547},{"startTime":1551.0,"endTime":1552.0,"start":-9.350547,"end":-9.625},{"startTime":1552.0,"endTime":1553.0,"start":-9.625,"end":-9.866866},{"startTime":1553.0,"endTime":1554.0,"start":-9.866866,"end":-10.078588},{"startTime":1554.0,"endTime":1555.0,"start":-10.078588,"end":-10.262168},{"startTime":1555.0,"endTime":1556.0,"start":-10.262168,"end":-10.419613},{"startTime":1556.0,"endTime":1557.0,"start":-10.419613,"end":-10.552925},{"startTime":1557.0,"endTime":1558.0,"start":-10.552925,"end":-10.664112},{"startTime":1558.0,"endTime":1559.0,"start":-10.664112,"end":-10.7551775},{"startTime":1559.0,"endTime":1560.0,"start":-10.7551775,"end":-10.828125},{"startTime":1560.0,"endTime":1561.0,"start":-10.828125,"end":-10.884779},{"startTime":1561.0,"endTime":1562.0,"start":-10.884779,"end":-10.927375},{"startTime":1562.0,"endTime":1563.0,"start":-10.927375,"end":-10.957918},{"startTime":1563.0,"endTime":1564.0,"start":-10.957918,"end":-10.978412},{"startTime":1564.0,"endTime":1565.0,"start":-10.978412,"end":-10.990863},{"startTime":1565.0,"endTime":1566.0,"start":-10.990863,"end":-10.997274},{"startTime":1566.0,"endTime":1567.0,"start":-10.997274,"end":-10.999652},{"startTime":1567.0,"endTime":1568.0,"start":-10.999652,"end":-11.0},{"startTime":1568.0,"endTime":1584.0,"start":-11.0,"end":-11.0},{"startTime":1584.0,"endTime":1585.0,"start":-11.0,"end":-11.99901},{"startTime":1585.0,"endTime":1586.0,"start":-11.99901,"end":-12.9357},{"startTime":1586.0,"endTime":1587.0,"start":-12.9357,"end":-13.812074},{"startTime":1587.0,"endTime":1588.0,"start":-13.812074,"end":-14.630137},{"startTime":1588.0,"endTime":1589.0,"start":-14.630137,"end":-15.391894},{"startTime":1589.0,"endTime":1590.0,"start":-15.391894,"end":-16.09935},{"startTime":1590.0,"endTime":1591.0,"start":-16.09935,"end":-16.754509},{"startTime":1591.0,"endTime":1592.0,"start":-16.754509,"end":-17.359375},{"startTime":1592.0,"endTime":1593.0,"start":-17.359375,"end":-17.91536},{"startTime":1593.0,"endTime":1594.0,"start":-17.91536,"end":-18.425114},{"startTime":1594.0,"endTime":1595.0,"start":-18.425114,"end":-18.890636},{"startTime":1595.0,"endTime":1596.0,"start":-18.890636,"end":-19.313938},{"startTime":1596.0,"endTime":1597.0,"start":-19.313938,"end":-19.69702},{"startTime":1597.0,"endTime":1598.0,"start":-19.69702,"end":-20.041887},{"startTime":1598.0,"endTime":1599.0,"start":-20.041887,"end":-20.350546},{"startTime":1599.0,"endTime":1600.0,"start":-20.350546,"end":-20.625},{"startTime":1600.0,"endTime":1601.0,"start":-20.625,"end":-20.866867},{"startTime":1601.0,"endTime":1602.0,"start":-20.866867,"end":-21.078588},{"startTime":1602.0,"endTime":1603.0,"start":-21.078588,"end":-21.262169},{"startTime":1603.0,"endTime":1604.0,"start":-21.262169,"end":-21.419613},{"startTime":1604.0,"endTime":1605.0,"start":-21.419613,"end":-21.552925},{"startTime":1605.0,"endTime":1606.0,"start":-21.552925,"end":-21.664112},{"startTime":1606.0,"endTime":1607.0,"start":-21.664112,"end":-21.755177},{"startTime":1607.0,"endTime":1608.0,"start":-21.755177,"end":-21.828125},{"startTime":1608.0,"endTime":1609.0,"start":-21.828125,"end":-21.884779},{"startTime":1609.0,"endTime":1610.0,"start":-21.884779,"end":-21.927376},{"startTime":1610.0,"endTime":1611.0,"start":-21.927376,"end":-21.957918},{"startTime":1611.0,"endTime":1612.0,"start":-21.957918,"end":-21.978413},{"startTime":1612.0,"endTime":1613.0,"start":-21.978413,"end":-21.990864},{"startTime":1613.0,"endTime":1614.0,"start":-21.990864,"end":-21.997274},{"startTime":1614.0,"endTime":1615.0,"start":-21.997274,"end":-21.999651},{"startTime":1615.0,"endTime":1616.0,"start":-21.999651,"end":-22.0},{"startTime":1616.0,"endTime":1632.0,"start":-22.0,"end":-22.0},{"startTime":1632.0,"endTime":1633.0,"start":-22.0,"end":-20.00198},{"startTime":1633.0,"endTime":1634.0,"start":-20.00198,"end":-18.1286},{"startTime":1634.0,"endTime":1635.0,"start":-18.1286,"end":-16.375853},{"startTime":1635.0,"endTime":1636.0,"start":-16.375853,"end":-14.739725},{"startTime":1636.0,"endTime":1637.0,"start":-14.739725,"end":-13.216211},{"startTime":1637.0,"endTime":1638.0,"start":-13.216211,"end":-11.801301},{"startTime":1638.0,"endTime":1639.0,"start":-11.801301,"end":-10.490981},{"startTime":1639.0,"endTime":1640.0,"start":-10.490981,"end":-9.28125},{"startTime":1640.0,"endTime":1641.0,"start":-9.28125,"end":-8.16928},{"startTime":1641.0,"endTime":1642.0,"start":-8.16928,"end":-7.149774},{"startTime":1642.0,"endTime":1643.0,"start":-7.149774,"end":-6.218726},{"startTime":1643.0,"endTime":1644.0,"start":-6.218726,"end":-5.3721247},{"startTime":1644.0,"endTime":1645.0,"start":-5.3721247,"end":-4.605962},{"startTime":1645.0,"endTime":1646.0,"start":-4.605962,"end":-3.9162264},{"startTime":1646.0,"endTime":1647.0,"start":-3.9162264,"end":-3.2989073},{"startTime":1647.0,"endTime":1648.0,"start":-3.2989073,"end":-2.75},{"startTime":1648.0,"endTime":1649.0,"start":-2.75,"end":-2.2662673},{"startTime":1649.0,"endTime":1650.0,"start":-2.2662673,"end":-1.8428241},{"startTime":1650.0,"endTime":1651.0,"start":-1.8428241,"end":-1.4756634},{"startTime":1651.0,"endTime":1652.0,"start":-1.4756634,"end":-1.1607752},{"startTime":1652.0,"endTime":1653.0,"start":-1.1607752,"end":-0.8941494},{"startTime":1653.0,"endTime":1654.0,"start":-0.8941494,"end":-0.67177486},{"startTime":1654.0,"endTime":1655.0,"start":-0.67177486,"end":-0.48964548},{"startTime":1655.0,"endTime":1656.0,"start":-0.48964548,"end":-0.34375},{"startTime":1656.0,"endTime":1657.0,"start":-0.34375,"end":-0.23044169},{"startTime":1657.0,"endTime":1658.0,"start":-0.23044169,"end":-0.14525032},{"startTime":1658.0,"endTime":1659.0,"start":-0.14525032,"end":-0.08416331},{"startTime":1659.0,"endTime":1660.0,"start":-0.08416331,"end":-0.043175936},{"startTime":1660.0,"endTime":1661.0,"start":-0.043175936,"end":-0.018274307},{"startTime":1661.0,"endTime":1662.0,"start":-0.018274307,"end":-0.005451083},{"startTime":1662.0,"endTime":1663.0,"start":-0.005451083,"end":-0.00069630146},{"startTime":1663.0,"endTime":1664.0,"start":-0.00069630146,"end":0.0},{"startTime":1664.0,"endTime":3840.0,"start":0.0,"end":0.0},{"startTime":3840.0,"endTime":3844.0,"start":0.0,"end":0.0012649999},{"startTime":3844.0,"endTime":3848.0,"start":0.0012649999,"end":0.00991},{"startTime":3848.0,"endTime":3852.0,"start":0.00991,"end":0.033225004},{"startTime":3852.0,"endTime":3856.0,"start":0.033225004,"end":0.07849999},{"startTime":3856.0,"endTime":3860.0,"start":0.07849999,"end":0.153025},{"startTime":3860.0,"endTime":3864.0,"start":0.153025,"end":0.26409},{"startTime":3864.0,"endTime":3868.0,"start":0.26409,"end":0.418985},{"startTime":3868.0,"endTime":3872.0,"start":0.418985,"end":0.625},{"startTime":3872.0,"endTime":3876.0,"start":0.625,"end":0.890265},{"startTime":3876.0,"endTime":3880.0,"start":0.890265,"end":1.22141},{"startTime":3880.0,"endTime":3884.0,"start":1.22141,"end":1.625725},{"startTime":3884.0,"endTime":3888.0,"start":1.625725,"end":2.1105},{"startTime":3888.0,"endTime":3892.0,"start":2.1105,"end":2.683025},{"startTime":3892.0,"endTime":3896.0,"start":2.683025,"end":3.3505898},{"startTime":3896.0,"endTime":3900.0,"start":3.3505898,"end":4.120485},{"startTime":3900.0,"endTime":3904.0,"start":4.120485,"end":5.0},{"startTime":3904.0,"endTime":3908.0,"start":5.0,"end":5.8795147},{"startTime":3908.0,"endTime":3912.0,"start":5.8795147,"end":6.6494093},{"startTime":3912.0,"endTime":3916.0,"start":6.6494093,"end":7.316975},{"startTime":3916.0,"endTime":3920.0,"start":7.316975,"end":7.8894997},{"startTime":3920.0,"endTime":3924.0,"start":7.8894997,"end":8.374275},{"startTime":3924.0,"endTime":3928.0,"start":8.374275,"end":8.77859},{"startTime":3928.0,"endTime":3932.0,"start":8.77859,"end":9.109735},{"startTime":3932.0,"endTime":3936.0,"start":9.109735,"end":9.375},{"startTime":3936.0,"endTime":3940.0,"start":9.375,"end":9.581015},{"startTime":3940.0,"endTime":3944.0,"start":9.581015,"end":9.735909},{"startTime":3944.0,"endTime":3948.0,"start":9.735909,"end":9.846975},{"startTime":3948.0,"endTime":3952.0,"start":9.846975,"end":9.9215},{"startTime":3952.0,"endTime":3956.0,"start":9.9215,"end":9.966775},{"startTime":3956.0,"endTime":3960.0,"start":9.966775,"end":9.99009},{"startTime":3960.0,"endTime":3964.0,"start":9.99009,"end":9.998735},{"startTime":3964.0,"endTime":3968.0,"start":9.998735,"end":10.0},{"startTime":3968.0,"endTime":4096.0,"start":10.0,"end":10.0},{"startTime":4096.0,"endTime":4100.0,"start":10.0,"end":10.001265},{"startTime":4100.0,"endTime":4104.0,"start":10.001265,"end":10.00991},{"startTime":4104.0,"endTime":4108.0,"start":10.00991,"end":10.033225},{"startTime":4108.0,"endTime":4112.0,"start":10.033225,"end":10.0785},{"startTime":4112.0,"endTime":4116.0,"start":10.0785,"end":10.153025},{"startTime":4116.0,"endTime":4120.0,"start":10.153025,"end":10.26409},{"startTime":4120.0,"endTime":4124.0,"start":10.26409,"end":10.418985},{"startTime":4124.0,"endTime":4128.0,"start":10.418985,"end":10.625},{"startTime":4128.0,"endTime":4132.0,"start":10.625,"end":10.8902645},{"startTime":4132.0,"endTime":4136.0,"start":10.8902645,"end":11.22141},{"startTime":4136.0,"endTime":4140.0,"start":11.22141,"end":11.625725},{"startTime":4140.0,"endTime":4144.0,"start":11.625725,"end":12.1105},{"startTime":4144.0,"endTime":4148.0,"start":12.1105,"end":12.683025},{"startTime":4148.0,"endTime":4152.0,"start":12.683025,"end":13.35059},{"startTime":4152.0,"endTime":4156.0,"start":13.35059,"end":14.120485},{"startTime":4156.0,"endTime":4164.0,"start":14.120485,"end":15.879515},{"startTime":4164.0,"endTime":4168.0,"start":15.879515,"end":16.64941},{"startTime":4168.0,"endTime":4172.0,"start":16.64941,"end":17.316975},{"startTime":4172.0,"endTime":4176.0,"start":17.316975,"end":17.8895},{"startTime":4176.0,"endTime":4180.0,"start":17.8895,"end":18.374275},{"startTime":4180.0,"endTime":4184.0,"start":18.374275,"end":18.77859},{"startTime":4184.0,"endTime":4188.0,"start":18.77859,"end":19.109735},{"startTime":4188.0,"endTime":4192.0,"start":19.109735,"end":19.375},{"startTime":4192.0,"endTime":4196.0,"start":19.375,"end":19.581015},{"startTime":4196.0,"endTime":4200.0,"start":19.581015,"end":19.73591},{"startTime":4200.0,"endTime":4204.0,"start":19.73591,"end":19.846975},{"startTime":4204.0,"endTime":4208.0,"start":19.846975,"end":19.9215},{"startTime":4208.0,"endTime":4212.0,"start":19.9215,"end":19.966776},{"startTime":4212.0,"endTime":4216.0,"start":19.966776,"end":19.99009},{"startTime":4216.0,"endTime":4220.0,"start":19.99009,"end":19.998735},{"startTime":4220.0,"endTime":4224.0,"start":19.998735,"end":20.0},{"startTime":4224.0,"endTime":4352.0,"start":20.0,"end":20.0},{"startTime":4352.0,"endTime":4356.0,"start":20.0,"end":19.998735},{"startTime":4356.0,"endTime":4360.0,"start":19.998735,"end":19.99009},{"startTime":4360.0,"endTime":4364.0,"start":19.99009,"end":19.966776},{"startTime":4364.0,"endTime":4368.0,"start":19.966776,"end":19.9215},{"startTime":4368.0,"endTime":4372.0,"start":19.9215,"end":19.846975},{"startTime":4372.0,"endTime":4376.0,"start":19.846975,"end":19.73591},{"startTime":4376.0,"endTime":4380.0,"start":19.73591,"end":19.581015},{"startTime":4380.0,"endTime":4384.0,"start":19.581015,"end":19.375},{"startTime":4384.0,"endTime":4388.0,"start":19.375,"end":19.109735},{"startTime":4388.0,"endTime":4392.0,"start":19.109735,"end":18.77859},{"startTime":4392.0,"endTime":4396.0,"start":18.77859,"end":18.374275},{"startTime":4396.0,"endTime":4400.0,"start":18.374275,"end":17.8895},{"startTime":4400.0,"endTime":4404.0,"start":17.8895,"end":17.316975},{"startTime":4404.0,"endTime":4408.0,"start":17.316975,"end":16.64941},{"startTime":4408.0,"endTime":4412.0,"start":16.64941,"end":15.879515},{"startTime":4412.0,"endTime":4420.0,"start":15.879515,"end":14.120485},{"startTime":4420.0,"endTime":4424.0,"start":14.120485,"end":13.350591},{"startTime":4424.0,"endTime":4428.0,"start":13.350591,"end":12.683025},{"startTime":4428.0,"endTime":4432.0,"start":12.683025,"end":12.1105},{"startTime":4432.0,"endTime":4436.0,"start":12.1105,"end":11.625725},{"startTime":4436.0,"endTime":4440.0,"start":11.625725,"end":11.22141},{"startTime":4440.0,"endTime":4444.0,"start":11.22141,"end":10.890265},{"startTime":4444.0,"endTime":4448.0,"start":10.890265,"end":10.625},{"startTime":4448.0,"endTime":4452.0,"start":10.625,"end":10.418985},{"startTime":4452.0,"endTime":4456.0,"start":10.418985,"end":10.264091},{"startTime":4456.0,"endTime":4460.0,"start":10.264091,"end":10.153025},{"startTime":4460.0,"endTime":4464.0,"start":10.153025,"end":10.0785},{"startTime":4464.0,"endTime":4468.0,"start":10.0785,"end":10.033225},{"startTime":4468.0,"endTime":4472.0,"start":10.033225,"end":10.00991},{"startTime":4472.0,"endTime":4476.0,"start":10.00991,"end":10.001265},{"startTime":4476.0,"endTime":4480.0,"start":10.001265,"end":10.0},{"startTime":4480.0,"endTime":4608.0,"start":10.0,"end":10.0},{"startTime":4608.0,"endTime":4612.0,"start":10.0,"end":9.998735},{"startTime":4612.0,"endTime":4616.0,"start":9.998735,"end":9.99009},{"startTime":4616.0,"endTime":4620.0,"start":9.99009,"end":9.966775},{"startTime":4620.0,"endTime":4624.0,"start":9.966775,"end":9.9215},{"startTime":4624.0,"endTime":4628.0,"start":9.9215,"end":9.846975},{"startTime":4628.0,"endTime":4632.0,"start":9.846975,"end":9.73591},{"startTime":4632.0,"endTime":4636.0,"start":9.73591,"end":9.581015},{"startTime":4636.0,"endTime":4640.0,"start":9.581015,"end":9.375},{"startTime":4640.0,"endTime":4644.0,"start":9.375,"end":9.1097355},{"startTime":4644.0,"endTime":4648.0,"start":9.1097355,"end":8.77859},{"startTime":4648.0,"endTime":4652.0,"start":8.77859,"end":8.374275},{"startTime":4652.0,"endTime":4656.0,"start":8.374275,"end":7.8895},{"startTime":4656.0,"endTime":4660.0,"start":7.8895,"end":7.316975},{"startTime":4660.0,"endTime":4664.0,"start":7.316975,"end":6.6494102},{"startTime":4664.0,"endTime":4668.0,"start":6.6494102,"end":5.879515},{"startTime":4668.0,"endTime":4672.0,"start":5.879515,"end":5.0},{"startTime":4672.0,"endTime":4676.0,"start":5.0,"end":4.1204853},{"startTime":4676.0,"endTime":4680.0,"start":4.1204853,"end":3.3505905},{"startTime":4680.0,"endTime":4684.0,"start":3.3505905,"end":2.683025},{"startTime":4684.0,"endTime":4688.0,"start":2.683025,"end":2.1105003},{"startTime":4688.0,"endTime":4692.0,"start":2.1105003,"end":1.625725},{"startTime":4692.0,"endTime":4696.0,"start":1.625725,"end":1.22141},{"startTime":4696.0,"endTime":4700.0,"start":1.22141,"end":0.8902651},{"startTime":4700.0,"endTime":4704.0,"start":0.8902651,"end":0.625},{"startTime":4704.0,"endTime":4708.0,"start":0.625,"end":0.4189849},{"startTime":4708.0,"endTime":4712.0,"start":0.4189849,"end":0.2640903},{"startTime":4712.0,"endTime":4716.0,"start":0.2640903,"end":0.1530248},{"startTime":4716.0,"endTime":4720.0,"start":0.1530248,"end":0.07849991},{"startTime":4720.0,"endTime":4724.0,"start":0.07849991,"end":0.03322482},{"startTime":4724.0,"endTime":4728.0,"start":0.03322482,"end":0.009909868},{"startTime":4728.0,"endTime":4732.0,"start":0.009909868,"end":0.0012648106},{"startTime":4732.0,"endTime":4736.0,"start":0.0012648106,"end":0.0},{"startTime":4736.0,"endTime":1000000000.0,"start":0.0,"end":0.0}],"judgeLineDisappearEvents":[{"startTime":-999999.0,"endTime":1000000000.0,"start":1.0,"end":1.0}]}]}