{"formatVersion":3,"offset":0.0,"judgeLineList":[{"bpm":180.0,"notesAbove":[{"type":1,"time":704,"positionX":0.9430771,"holdTime":0.0,"speed":1.0,"floorPosition":11.733334},{"type":1,"time":832,"positionX":-1.673747,"holdTime":0.0,"speed":1.0,"floorPosition":13.866667},{"type":1,"time":960,"positionX":0.7221756,"holdTime":0.0,"speed":1.0,"floorPosition":16.0},{"type":1,"time":1088,"positionX":-2.438402,"holdTime":0.0,"speed":1.0,"floorPosition":18.133333},{"type":3,"time":1152,"positionX":2.0,"holdTime":128.0,"speed":1.6,"floorPosition":19.2},{"type":1,"time":1344,"positionX":-3.186066,"holdTime":0.0,"speed":1.0,"floorPosition":22.4},{"type":3,"time":1408,"positionX":2.0,"holdTime":96.0,"speed":1.6,"floorPosition":23.466667},{"type":1,"time":1600,"positionX":-3.169074,"holdTime":0.0,"speed":1.0,"floorPosition":26.666668},{"type":3,"time":1664,"positionX":5.0,"holdTime":128.0,"speed":1.6,"floorPosition":27.733334},{"type":1,"time":1856,"positionX":4.0,"holdTime":0.0,"speed":1.0,"floorPosition":30.933334},{"type":3,"time":1920,"positionX":-5.0,"holdTime":128.0,"speed":1.6,"floorPosition":32.0},{"type":1,"time":2112,"positionX":2.13254,"holdTime":0.0,"speed":1.0,"floorPosition":35.2},{"type":1,"time":2144,"positionX":-2.081563,"holdTime":0.0,"speed":1.0,"floorPosition":35.733334},{"type":1,"time":2176,"positionX":1.062021,"holdTime":0.0,"speed":1.0,"floorPosition":36.266666},{"type":1,"time":2224,"positionX":-2.829227,"holdTime":0.0,"speed":1.0,"floorPosition":37.066666},{"type":1,"time":2272,"positionX":2.302463,"holdTime":0.0,"speed":1.0,"floorPosition":37.86667},{"type":1,"time":2304,"positionX":-4.120646,"holdTime":0.0,"speed":1.0,"floorPosition":38.4},{"type":1,"time":2368,"positionX":0.6032286,"holdTime":0.0,"speed":1.0,"floorPosition":39.466667},{"type":1,"time":2432,"positionX":-3.525913,"holdTime":0.0,"speed":1.0,"floorPosition":40.533333},{"type":1,"time":2480,"positionX":1.792693,"holdTime":0.0,"speed":1.0,"floorPosition":41.333332},{"type":1,"time":2528,"positionX":-4.494477,"holdTime":0.0,"speed":1.0,"floorPosition":42.133335},{"type":1,"time":2560,"positionX":0.6032286,"holdTime":0.0,"speed":1.0,"floorPosition":42.666668},{"type":1,"time":2624,"positionX":-3.101105,"holdTime":0.0,"speed":1.0,"floorPosition":43.733334},{"type":1,"time":2688,"positionX":1.605778,"holdTime":0.0,"speed":1.0,"floorPosition":44.8},{"type":1,"time":2736,"positionX":-2.608327,"holdTime":0.0,"speed":1.0,"floorPosition":45.600002},{"type":1,"time":2784,"positionX":3.152081,"holdTime":0.0,"speed":1.0,"floorPosition":46.4},{"type":1,"time":2816,"positionX":-3.338997,"holdTime":0.0,"speed":1.0,"floorPosition":46.933334},{"type":1,"time":2880,"positionX":1.979609,"holdTime":0.0,"speed":1.0,"floorPosition":48.0},{"type":1,"time":2944,"positionX":-3.13509,"holdTime":0.0,"speed":1.0,"floorPosition":49.066666},{"type":1,"time":2992,"positionX":1.741716,"holdTime":0.0,"speed":1.0,"floorPosition":49.86667},{"type":1,"time":3040,"positionX":-3.440952,"holdTime":0.0,"speed":1.0,"floorPosition":50.666668},{"type":1,"time":3072,"positionX":1.588785,"holdTime":0.0,"speed":1.0,"floorPosition":51.2},{"type":1,"time":3136,"positionX":-2.149532,"holdTime":0.0,"speed":1.0,"floorPosition":52.266666},{"type":1,"time":3200,"positionX":1.724724,"holdTime":0.0,"speed":1.0,"floorPosition":53.333336},{"type":1,"time":3248,"positionX":-2.625319,"holdTime":0.0,"speed":1.0,"floorPosition":54.133335},{"type":1,"time":3296,"positionX":2.812234,"holdTime":0.0,"speed":1.0,"floorPosition":54.933334},{"type":1,"time":3328,"positionX":-3.440952,"holdTime":0.0,"speed":1.0,"floorPosition":55.466667},{"type":1,"time":3392,"positionX":1.282922,"holdTime":0.0,"speed":1.0,"floorPosition":56.533333},{"type":1,"time":3456,"positionX":-2.183517,"holdTime":0.0,"speed":1.0,"floorPosition":57.600002},{"type":1,"time":3504,"positionX":1.452847,"holdTime":0.0,"speed":1.0,"floorPosition":58.4},{"type":1,"time":3552,"positionX":-2.370434,"holdTime":0.0,"speed":1.0,"floorPosition":59.2},{"type":1,"time":3584,"positionX":1.962618,"holdTime":0.0,"speed":1.0,"floorPosition":59.733334},{"type":1,"time":3648,"positionX":2.642311,"holdTime":0.0,"speed":1.0,"floorPosition":60.8},{"type":1,"time":3712,"positionX":0.008496284,"holdTime":0.0,"speed":1.0,"floorPosition":61.86667},{"type":1,"time":3760,"positionX":2.863212,"holdTime":0.0,"speed":1.0,"floorPosition":62.666668},{"type":1,"time":3808,"positionX":-1.310345,"holdTime":0.0,"speed":1.0,"floorPosition":63.466667},{"type":1,"time":3840,"positionX":0.263381,"holdTime":0.0,"speed":1.0,"floorPosition":64.0},{"type":1,"time":3904,"positionX":2.812234,"holdTime":0.0,"speed":1.0,"floorPosition":65.066666},{"type":1,"time":3968,"positionX":1.214953,"holdTime":0.0,"speed":1.0,"floorPosition":66.13333},{"type":1,"time":4016,"positionX":-0.5522518,"holdTime":0.0,"speed":1.0,"floorPosition":66.933334},{"type":1,"time":4064,"positionX":3.525913,"holdTime":0.0,"speed":1.0,"floorPosition":67.73334},{"type":1,"time":4096,"positionX":-2.795242,"holdTime":0.0,"speed":1.0,"floorPosition":68.26667},{"type":1,"time":4160,"positionX":1.707731,"holdTime":0.0,"speed":1.0,"floorPosition":69.333336},{"type":1,"time":4224,"positionX":-1.673747,"holdTime":0.0,"speed":1.0,"floorPosition":70.4},{"type":4,"time":4480,"positionX":1.231946,"holdTime":0.0,"speed":1.0,"floorPosition":74.666664},{"type":4,"time":4736,"positionX":-1.69074,"holdTime":0.0,"speed":1.0,"floorPosition":78.933334},{"type":4,"time":4992,"positionX":2.234495,"holdTime":0.0,"speed":1.0,"floorPosition":83.200005},{"type":1,"time":5248,"positionX":-2.353441,"holdTime":0.0,"speed":1.0,"floorPosition":87.46667},{"type":1,"time":5312,"positionX":1.197962,"holdTime":0.0,"speed":1.0,"floorPosition":88.53333},{"type":1,"time":5440,"positionX":0.0,"holdTime":0.0,"speed":1.0,"floorPosition":90.66667},{"type":1,"time":5568,"positionX":-1.163977,"holdTime":0.0,"speed":1.0,"floorPosition":92.8},{"type":1,"time":5696,"positionX":-1.0,"holdTime":0.0,"speed":1.0,"floorPosition":94.933334},{"type":1,"time":5824,"positionX":1.350893,"holdTime":0.0,"speed":1.0,"floorPosition":97.066666},{"type":1,"time":5952,"positionX":4.0,"holdTime":0.0,"speed":1.0,"floorPosition":98.799995},{"type":1,"time":6528,"positionX":0.9260836,"holdTime":0.0,"speed":1.0,"floorPosition":108.399994},{"type":1,"time":6576,"positionX":-1.809686,"holdTime":0.0,"speed":1.0,"floorPosition":109.2},{"type":1,"time":6608,"positionX":-1.197961,"holdTime":0.0,"speed":1.0,"floorPosition":109.73333},{"type":1,"time":6640,"positionX":1.282922,"holdTime":0.0,"speed":1.0,"floorPosition":110.26666},{"type":1,"time":6704,"positionX":-1.809686,"holdTime":0.0,"speed":1.0,"floorPosition":111.33333},{"type":1,"time":6736,"positionX":1.605778,"holdTime":0.0,"speed":1.0,"floorPosition":111.86666},{"type":1,"time":6784,"positionX":-1.316908,"holdTime":0.0,"speed":1.0,"floorPosition":112.666664},{"type":1,"time":6832,"positionX":1.26593,"holdTime":0.0,"speed":1.0,"floorPosition":113.46666},{"type":1,"time":6864,"positionX":-2.982159,"holdTime":0.0,"speed":1.0,"floorPosition":113.99999},{"type":1,"time":6896,"positionX":2.880204,"holdTime":0.0,"speed":1.0,"floorPosition":114.533325},{"type":1,"time":6960,"positionX":-1.231946,"holdTime":0.0,"speed":1.0,"floorPosition":115.6},{"type":1,"time":6992,"positionX":2.455396,"holdTime":0.0,"speed":1.0,"floorPosition":116.13333},{"type":1,"time":7040,"positionX":3.525913,"holdTime":0.0,"speed":1.0,"floorPosition":116.93333},{"type":1,"time":7088,"positionX":-0.07646561,"holdTime":0.0,"speed":1.0,"floorPosition":117.73333},{"type":1,"time":7120,"positionX":-3.93373,"holdTime":0.0,"speed":1.0,"floorPosition":118.26666},{"type":1,"time":7152,"positionX":2.081563,"holdTime":0.0,"speed":1.0,"floorPosition":118.799995},{"type":1,"time":7216,"positionX":-1.775701,"holdTime":0.0,"speed":1.0,"floorPosition":119.86666},{"type":1,"time":7248,"positionX":2.13254,"holdTime":0.0,"speed":1.0,"floorPosition":120.399994},{"type":1,"time":7296,"positionX":-1.69074,"holdTime":0.0,"speed":1.0,"floorPosition":121.2},{"type":1,"time":7344,"positionX":1.792693,"holdTime":0.0,"speed":1.0,"floorPosition":121.99999},{"type":1,"time":7376,"positionX":-4.035685,"holdTime":0.0,"speed":1.0,"floorPosition":122.53333},{"type":2,"time":7408,"positionX":1.945625,"holdTime":0.0,"speed":1.0,"floorPosition":123.066666},{"type":2,"time":7424,"positionX":2.234495,"holdTime":0.0,"speed":1.0,"floorPosition":123.33333},{"type":1,"time":7472,"positionX":-2.030586,"holdTime":0.0,"speed":1.0,"floorPosition":124.13333},{"type":1,"time":7520,"positionX":2.064571,"holdTime":0.0,"speed":1.0,"floorPosition":124.93333},{"type":1,"time":7552,"positionX":-2.659304,"holdTime":0.0,"speed":1.0,"floorPosition":125.46666},{"type":1,"time":7680,"positionX":2.693288,"holdTime":0.0,"speed":1.0,"floorPosition":127.6},{"type":4,"time":7808,"positionX":-2.48938,"holdTime":0.0,"speed":1.0,"floorPosition":129.73332},{"type":4,"time":7872,"positionX":2.71028,"holdTime":0.0,"speed":1.0,"floorPosition":130.8},{"type":3,"time":7936,"positionX":-0.07646561,"holdTime":96.0,"speed":1.6,"floorPosition":131.86667},{"type":1,"time":8192,"positionX":-0.263382,"holdTime":0.0,"speed":1.0,"floorPosition":136.13333},{"type":1,"time":8240,"positionX":2.540356,"holdTime":0.0,"speed":1.0,"floorPosition":136.93333},{"type":1,"time":8272,"positionX":-3.06712,"holdTime":0.0,"speed":1.0,"floorPosition":137.46666},{"type":1,"time":8304,"positionX":1.537808,"holdTime":0.0,"speed":1.0,"floorPosition":138.0},{"type":1,"time":8336,"positionX":-2.455395,"holdTime":0.0,"speed":1.0,"floorPosition":138.53333},{"type":1,"time":8368,"positionX":0.5352592,"holdTime":0.0,"speed":1.0,"floorPosition":139.06667},{"type":2,"time":8400,"positionX":2.795242,"holdTime":0.0,"speed":1.0,"floorPosition":139.59999},{"type":2,"time":8416,"positionX":3.292875,"holdTime":0.0,"speed":1.0,"floorPosition":139.86667},{"type":2,"time":8432,"positionX":3.08751,"holdTime":0.0,"speed":1.0,"floorPosition":140.13333},{"type":2,"time":8448,"positionX":2.71028,"holdTime":0.0,"speed":1.0,"floorPosition":140.4},{"type":1,"time":8496,"positionX":-3.084112,"holdTime":0.0,"speed":1.0,"floorPosition":141.2},{"type":1,"time":8528,"positionX":1.843671,"holdTime":0.0,"speed":1.0,"floorPosition":141.73332},{"type":1,"time":8560,"positionX":-2.455395,"holdTime":0.0,"speed":1.0,"floorPosition":142.26666},{"type":1,"time":8592,"positionX":2.404418,"holdTime":0.0,"speed":1.0,"floorPosition":142.8},{"type":1,"time":8624,"positionX":-2.13254,"holdTime":0.0,"speed":1.0,"floorPosition":143.33333},{"type":2,"time":8656,"positionX":1.962618,"holdTime":0.0,"speed":1.0,"floorPosition":143.86667},{"type":2,"time":8672,"positionX":2.540356,"holdTime":0.0,"speed":1.0,"floorPosition":144.13333},{"type":2,"time":8688,"positionX":2.723874,"holdTime":0.0,"speed":1.0,"floorPosition":144.4},{"type":2,"time":8704,"positionX":3.037667,"holdTime":0.0,"speed":1.0,"floorPosition":144.66666},{"type":1,"time":8752,"positionX":-1.945624,"holdTime":0.0,"speed":1.0,"floorPosition":145.46666},{"type":1,"time":8784,"positionX":3.746814,"holdTime":0.0,"speed":1.0,"floorPosition":146.0},{"type":1,"time":8816,"positionX":-4.256584,"holdTime":0.0,"speed":1.0,"floorPosition":146.53333},{"type":1,"time":8848,"positionX":1.69074,"holdTime":0.0,"speed":1.0,"floorPosition":147.06667},{"type":2,"time":8880,"positionX":-1.792694,"holdTime":0.0,"speed":1.0,"floorPosition":147.59999},{"type":2,"time":8912,"positionX":-2.992542,"holdTime":0.0,"speed":1.0,"floorPosition":148.13333},{"type":2,"time":8928,"positionX":-3.440952,"holdTime":0.0,"speed":1.0,"floorPosition":148.4},{"type":2,"time":8944,"positionX":-3.271028,"holdTime":0.0,"speed":1.0,"floorPosition":148.66666},{"type":1,"time":8976,"positionX":2.761258,"holdTime":0.0,"speed":1.0,"floorPosition":149.2},{"type":1,"time":9008,"positionX":-3.305013,"holdTime":0.0,"speed":1.0,"floorPosition":149.73332},{"type":2,"time":9040,"positionX":3.084112,"holdTime":0.0,"speed":1.0,"floorPosition":150.26666},{"type":2,"time":9056,"positionX":2.018449,"holdTime":0.0,"speed":1.0,"floorPosition":150.53333},{"type":2,"time":9072,"positionX":0.9819155,"holdTime":0.0,"speed":1.0,"floorPosition":150.8},{"type":2,"time":9088,"positionX":2.285472,"holdTime":0.0,"speed":1.0,"floorPosition":151.06667},{"type":1,"time":9136,"positionX":-2.676296,"holdTime":0.0,"speed":1.0,"floorPosition":151.86667},{"type":1,"time":9184,"positionX":2.795242,"holdTime":0.0,"speed":1.0,"floorPosition":152.66666},{"type":1,"time":9216,"positionX":-1.384877,"holdTime":0.0,"speed":1.0,"floorPosition":153.2},{"type":1,"time":9264,"positionX":1.741716,"holdTime":0.0,"speed":1.0,"floorPosition":154.0},{"type":1,"time":9296,"positionX":1.639762,"holdTime":0.0,"speed":1.0,"floorPosition":154.53333},{"type":1,"time":9328,"positionX":1.537808,"holdTime":0.0,"speed":1.0,"floorPosition":155.06667},{"type":1,"time":9360,"positionX":-2.693288,"holdTime":0.0,"speed":1.0,"floorPosition":155.59999},{"type":1,"time":9392,"positionX":-1.079015,"holdTime":0.0,"speed":1.0,"floorPosition":156.13333},{"type":1,"time":9424,"positionX":1.724724,"holdTime":0.0,"speed":1.0,"floorPosition":156.66666},{"type":1,"time":9472,"positionX":-2.77825,"holdTime":0.0,"speed":1.0,"floorPosition":157.46666},{"type":1,"time":9520,"positionX":2.183517,"holdTime":0.0,"speed":1.0,"floorPosition":158.26666},{"type":1,"time":9552,"positionX":-1.605778,"holdTime":0.0,"speed":1.0,"floorPosition":158.8},{"type":1,"time":9584,"positionX":2.472387,"holdTime":0.0,"speed":1.0,"floorPosition":159.33333},{"type":1,"time":9616,"positionX":-2.285471,"holdTime":0.0,"speed":1.0,"floorPosition":159.86667},{"type":1,"time":9648,"positionX":2.285471,"holdTime":0.0,"speed":1.0,"floorPosition":160.4},{"type":1,"time":9728,"positionX":-2.13254,"holdTime":0.0,"speed":1.0,"floorPosition":161.73332},{"type":1,"time":9776,"positionX":2.540356,"holdTime":0.0,"speed":1.0,"floorPosition":162.53333},{"type":1,"time":9808,"positionX":0.586237,"holdTime":0.0,"speed":1.0,"floorPosition":163.06667},{"type":1,"time":9840,"positionX":-2.931181,"holdTime":0.0,"speed":1.0,"floorPosition":163.59999},{"type":1,"time":9872,"positionX":1.163977,"holdTime":0.0,"speed":1.0,"floorPosition":164.13333},{"type":1,"time":9904,"positionX":-1.520816,"holdTime":0.0,"speed":1.0,"floorPosition":164.66666},{"type":1,"time":9984,"positionX":2.047578,"holdTime":0.0,"speed":1.0,"floorPosition":166.0},{"type":1,"time":10032,"positionX":-1.214953,"holdTime":0.0,"speed":1.0,"floorPosition":166.8},{"type":1,"time":10064,"positionX":2.234495,"holdTime":0.0,"speed":1.0,"floorPosition":167.33333},{"type":1,"time":10112,"positionX":-2.931181,"holdTime":0.0,"speed":1.0,"floorPosition":168.13333},{"type":1,"time":10160,"positionX":1.146984,"holdTime":0.0,"speed":1.0,"floorPosition":168.93333},{"type":1,"time":10208,"positionX":-3.474936,"holdTime":0.0,"speed":1.0,"floorPosition":169.73334},{"type":1,"time":10240,"positionX":1.486831,"holdTime":0.0,"speed":1.0,"floorPosition":170.26666},{"type":1,"time":10272,"positionX":-1.452846,"holdTime":0.0,"speed":1.0,"floorPosition":170.8},{"type":1,"time":10336,"positionX":1.350893,"holdTime":0.0,"speed":1.0,"floorPosition":171.86667},{"type":1,"time":10400,"positionX":-3.13509,"holdTime":0.0,"speed":1.0,"floorPosition":172.93333},{"type":1,"time":10464,"positionX":0.8581142,"holdTime":0.0,"speed":1.0,"floorPosition":174.0},{"type":1,"time":10528,"positionX":-1.928633,"holdTime":0.0,"speed":1.0,"floorPosition":175.06667},{"type":1,"time":10592,"positionX":1.435853,"holdTime":0.0,"speed":1.0,"floorPosition":176.13333},{"type":1,"time":10656,"positionX":-2.914189,"holdTime":0.0,"speed":1.0,"floorPosition":177.2},{"type":1,"time":10720,"positionX":0.8411217,"holdTime":0.0,"speed":1.0,"floorPosition":178.26666},{"type":1,"time":10784,"positionX":-1.894648,"holdTime":0.0,"speed":1.0,"floorPosition":179.33333},{"type":1,"time":10848,"positionX":2.200511,"holdTime":0.0,"speed":1.0,"floorPosition":180.4},{"type":1,"time":10912,"positionX":-3.593884,"holdTime":0.0,"speed":1.0,"floorPosition":181.46666},{"type":1,"time":10976,"positionX":2.13254,"holdTime":0.0,"speed":1.0,"floorPosition":182.53333},{"type":1,"time":11040,"positionX":-3.118097,"holdTime":0.0,"speed":1.0,"floorPosition":183.59999},{"type":1,"time":11104,"positionX":-4.494477,"holdTime":0.0,"speed":1.0,"floorPosition":184.66666},{"type":1,"time":11168,"positionX":4.426508,"holdTime":0.0,"speed":1.0,"floorPosition":185.73334},{"type":1,"time":11232,"positionX":-4.724138,"holdTime":0.0,"speed":1.0,"floorPosition":186.8},{"type":4,"time":11264,"positionX":0.0,"holdTime":0.0,"speed":1.0,"floorPosition":187.33333}],"notesBelow":[{"type":1,"time":6080,"positionX":1.0,"holdTime":0.0,"speed":1.0,"floorPosition":100.93333},{"type":1,"time":6208,"positionX":1.0,"holdTime":0.0,"speed":1.0,"floorPosition":103.066666},{"type":4,"time":11456,"positionX":1.894648,"holdTime":0.0,"speed":1.0,"floorPosition":190.53333},{"type":4,"time":11584,"positionX":-3.271027,"holdTime":0.0,"speed":1.0,"floorPosition":192.66666},{"type":4,"time":11712,"positionX":2.795242,"holdTime":0.0,"speed":1.0,"floorPosition":194.8},{"type":4,"time":11840,"positionX":-2.013596,"holdTime":0.0,"speed":1.0,"floorPosition":196.93333},{"type":4,"time":11968,"positionX":1.605778,"holdTime":0.0,"speed":1.0,"floorPosition":199.06667},{"type":4,"time":12096,"positionX":-3.440952,"holdTime":0.0,"speed":1.0,"floorPosition":201.2},{"type":4,"time":12224,"positionX":2.591335,"holdTime":0.0,"speed":1.0,"floorPosition":203.33333},{"type":2,"time":12288,"positionX":0.0,"holdTime":0.0,"speed":1.0,"floorPosition":204.4}],"speedEvents":[{"startTime":0.0,"endTime":5824.0,"value":1.6},{"startTime":5824.0,"endTime":5952.0,"value":1.3},{"startTime":5952.0,"endTime":1000000000.0,"value":1.6}],"judgeLineMoveEvents":[{"startTime":-999999.0,"endTime":128.0,"start":0.5,"end":0.5,"start2":0.5,"end2":0.5},{"startTime":128.0,"endTime":129.0,"start":0.5,"end":0.5,"start2":0.5,"end2":0.49539262},{"startTime":129.0,"endTime":130.0,"start":0.5,"end":0.5,"start2":0.49539262,"end2":0.4909181},{"startTime":130.0,"endTime":131.0,"start":0.5,"end":0.5,"start2":0.4909181,"end2":0.48659253},{"startTime":131.0,"endTime":132.0,"start":0.5,"end":0.5,"start2":0.48659253,"end2":0.4824027},{"startTime":132.0,"endTime":133.0,"start":0.5,"end":0.5,"start2":0.4824027,"end2":0.4783501},{"startTime":133.0,"endTime":134.0,"start":0.5,"end":0.5,"start2":0.4783501,"end2":0.4744357},{"startTime":134.0,"endTime":135.0,"start":0.5,"end":0.5,"start2":0.4744357,"end2":0.4706471},{"startTime":135.0,"endTime":136.0,"start":0.5,"end":0.5,"start2":0.4706471,"end2":0.46699876},{"startTime":136.0,"endTime":137.0,"start":0.5,"end":0.5,"start2":0.46699876,"end2":0.46346852},{"startTime":137.0,"endTime":138.0,"start":0.5,"end":0.5,"start2":0.46346852,"end2":0.46007368},{"startTime":138.0,"endTime":139.0,"start":0.5,"end":0.5,"start2":0.46007368,"end2":0.45679584},{"startTime":139.0,"endTime":140.0,"start":0.5,"end":0.5,"start2":0.45679584,"end2":0.45364228},{"startTime":140.0,"endTime":141.0,"start":0.5,"end":0.5,"start2":0.45364228,"end2":0.45060745},{"startTime":141.0,"endTime":142.0,"start":0.5,"end":0.5,"start2":0.45060745,"end2":0.44768625},{"startTime":142.0,"endTime":143.0,"start":0.5,"end":0.5,"start2":0.44768625,"end2":0.44488516},{"startTime":143.0,"endTime":144.0,"start":0.5,"end":0.5,"start2":0.44488516,"end2":0.4421875},{"startTime":144.0,"endTime":145.0,"start":0.5,"end":0.5,"start2":0.4421875,"end2":0.43961075},{"startTime":145.0,"endTime":146.0,"start":0.5,"end":0.5,"start2":0.43961075,"end2":0.43713307},{"startTime":146.0,"endTime":147.0,"start":0.5,"end":0.5,"start2":0.43713307,"end2":0.43476596},{"startTime":147.0,"endTime":148.0,"start":0.5,"end":0.5,"start2":0.43476596,"end2":0.43249896},{"startTime":148.0,"endTime":149.0,"start":0.5,"end":0.5,"start2":0.43249896,"end2":0.43033257},{"startTime":149.0,"endTime":150.0,"start":0.5,"end":0.5,"start2":0.43033257,"end2":0.4282669},{"startTime":150.0,"endTime":151.0,"start":0.5,"end":0.5,"start2":0.4282669,"end2":0.4262924},{"startTime":151.0,"endTime":152.0,"start":0.5,"end":0.5,"start2":0.4262924,"end2":0.42441872},{"startTime":152.0,"endTime":153.0,"start":0.5,"end":0.5,"start2":0.42441872,"end2":0.42262945},{"startTime":153.0,"endTime":154.0,"start":0.5,"end":0.5,"start2":0.42262945,"end2":0.42093617},{"startTime":154.0,"endTime":155.0,"start":0.5,"end":0.5,"start2":0.42093617,"end2":0.4193252},{"startTime":155.0,"endTime":156.0,"start":0.5,"end":0.5,"start2":0.4193252,"end2":0.41780102},{"startTime":156.0,"endTime":157.0,"start":0.5,"end":0.5,"start2":0.41780102,"end2":0.416359},{"startTime":157.0,"endTime":158.0,"start":0.5,"end":0.5,"start2":0.416359,"end2":0.414995},{"startTime":158.0,"endTime":159.0,"start":0.5,"end":0.5,"start2":0.414995,"end2":0.41371265},{"startTime":159.0,"endTime":160.0,"start":0.5,"end":0.5,"start2":0.41371265,"end2":0.41249996},{"startTime":160.0,"endTime":161.0,"start":0.5,"end":0.5,"start2":0.41249996,"end2":0.41136792},{"startTime":161.0,"endTime":162.0,"start":0.5,"end":0.5,"start2":0.41136792,"end2":0.41030118},{"startTime":162.0,"endTime":163.0,"start":0.5,"end":0.5,"start2":0.41030118,"end2":0.40930656},{"startTime":163.0,"endTime":164.0,"start":0.5,"end":0.5,"start2":0.40930656,"end2":0.40837646},{"startTime":164.0,"endTime":165.0,"start":0.5,"end":0.5,"start2":0.40837646,"end2":0.40751037},{"startTime":165.0,"endTime":166.0,"start":0.5,"end":0.5,"start2":0.40751037,"end2":0.40670753},{"startTime":166.0,"endTime":167.0,"start":0.5,"end":0.5,"start2":0.40670753,"end2":0.40596113},{"startTime":167.0,"endTime":168.0,"start":0.5,"end":0.5,"start2":0.40596113,"end2":0.40527624},{"startTime":168.0,"endTime":169.0,"start":0.5,"end":0.5,"start2":0.40527624,"end2":0.40464196},{"startTime":169.0,"endTime":170.0,"start":0.5,"end":0.5,"start2":0.40464196,"end2":0.4040643},{"startTime":170.0,"endTime":171.0,"start":0.5,"end":0.5,"start2":0.4040643,"end2":0.40353426},{"startTime":171.0,"endTime":172.0,"start":0.5,"end":0.5,"start2":0.40353426,"end2":0.4030535},{"startTime":172.0,"endTime":173.0,"start":0.5,"end":0.5,"start2":0.4030535,"end2":0.40261838},{"startTime":173.0,"endTime":174.0,"start":0.5,"end":0.5,"start2":0.40261838,"end2":0.40222564},{"startTime":174.0,"endTime":175.0,"start":0.5,"end":0.5,"start2":0.40222564,"end2":0.4018761},{"startTime":175.0,"endTime":176.0,"start":0.5,"end":0.5,"start2":0.4018761,"end2":0.40156248},{"startTime":176.0,"endTime":177.0,"start":0.5,"end":0.5,"start2":0.40156248,"end2":0.40128917},{"startTime":177.0,"endTime":178.0,"start":0.5,"end":0.5,"start2":0.40128917,"end2":0.40104744},{"startTime":178.0,"endTime":179.0,"start":0.5,"end":0.5,"start2":0.40104744,"end2":0.4008394},{"startTime":179.0,"endTime":180.0,"start":0.5,"end":0.5,"start2":0.4008394,"end2":0.40066022},{"startTime":180.0,"endTime":181.0,"start":0.5,"end":0.5,"start2":0.40066022,"end2":0.4005085},{"startTime":181.0,"endTime":182.0,"start":0.5,"end":0.5,"start2":0.4005085,"end2":0.40038255},{"startTime":182.0,"endTime":183.0,"start":0.5,"end":0.5,"start2":0.40038255,"end2":0.40027833},{"startTime":183.0,"endTime":184.0,"start":0.5,"end":0.5,"start2":0.40027833,"end2":0.40019622},{"startTime":184.0,"endTime":185.0,"start":0.5,"end":0.5,"start2":0.40019622,"end2":0.40013102},{"startTime":185.0,"endTime":186.0,"start":0.5,"end":0.5,"start2":0.40013102,"end2":0.40008304},{"startTime":186.0,"endTime":187.0,"start":0.5,"end":0.5,"start2":0.40008304,"end2":0.40004802},{"startTime":187.0,"endTime":188.0,"start":0.5,"end":0.5,"start2":0.40004802,"end2":0.40002474},{"startTime":188.0,"endTime":189.0,"start":0.5,"end":0.5,"start2":0.40002474,"end2":0.40001056},{"startTime":189.0,"endTime":190.0,"start":0.5,"end":0.5,"start2":0.40001056,"end2":0.40000314},{"startTime":190.0,"endTime":191.0,"start":0.5,"end":0.5,"start2":0.40000314,"end2":0.40000048},{"startTime":191.0,"endTime":192.0,"start":0.5,"end":0.5,"start2":0.40000048,"end2":0.39999998},{"startTime":192.0,"endTime":384.0,"start":0.5,"end":0.5,"start2":0.39999998,"end2":0.39999998},{"startTime":384.0,"endTime":385.0,"start":0.5,"end":0.5,"start2":0.39999998,"end2":0.3953926},{"startTime":385.0,"endTime":386.0,"start":0.5,"end":0.5,"start2":0.3953926,"end2":0.39091808},{"startTime":386.0,"endTime":387.0,"start":0.5,"end":0.5,"start2":0.39091808,"end2":0.3865925},{"startTime":387.0,"endTime":388.0,"start":0.5,"end":0.5,"start2":0.3865925,"end2":0.3824027},{"startTime":388.0,"endTime":389.0,"start":0.5,"end":0.5,"start2":0.3824027,"end2":0.37835008},{"startTime":389.0,"endTime":390.0,"start":0.5,"end":0.5,"start2":0.37835008,"end2":0.37443566},{"startTime":390.0,"endTime":391.0,"start":0.5,"end":0.5,"start2":0.37443566,"end2":0.37064707},{"startTime":391.0,"endTime":392.0,"start":0.5,"end":0.5,"start2":0.37064707,"end2":0.36699873},{"startTime":392.0,"endTime":393.0,"start":0.5,"end":0.5,"start2":0.36699873,"end2":0.3634685},{"startTime":393.0,"endTime":394.0,"start":0.5,"end":0.5,"start2":0.3634685,"end2":0.36007366},{"startTime":394.0,"endTime":395.0,"start":0.5,"end":0.5,"start2":0.36007366,"end2":0.35679582},{"startTime":395.0,"endTime":396.0,"start":0.5,"end":0.5,"start2":0.35679582,"end2":0.35364226},{"startTime":396.0,"endTime":397.0,"start":0.5,"end":0.5,"start2":0.35364226,"end2":0.35060745},{"startTime":397.0,"endTime":398.0,"start":0.5,"end":0.5,"start2":0.35060745,"end2":0.34768626},{"startTime":398.0,"endTime":399.0,"start":0.5,"end":0.5,"start2":0.34768626,"end2":0.34488517},{"startTime":399.0,"endTime":400.0,"start":0.5,"end":0.5,"start2":0.34488517,"end2":0.3421875},{"startTime":400.0,"endTime":401.0,"start":0.5,"end":0.5,"start2":0.3421875,"end2":0.33961073},{"startTime":401.0,"endTime":402.0,"start":0.5,"end":0.5,"start2":0.33961073,"end2":0.33713308},{"startTime":402.0,"endTime":403.0,"start":0.5,"end":0.5,"start2":0.33713308,"end2":0.33476594},{"startTime":403.0,"endTime":404.0,"start":0.5,"end":0.5,"start2":0.33476594,"end2":0.33249897},{"startTime":404.0,"endTime":405.0,"start":0.5,"end":0.5,"start2":0.33249897,"end2":0.33033258},{"startTime":405.0,"endTime":406.0,"start":0.5,"end":0.5,"start2":0.33033258,"end2":0.32826692},{"startTime":406.0,"endTime":407.0,"start":0.5,"end":0.5,"start2":0.32826692,"end2":0.3262924},{"startTime":407.0,"endTime":408.0,"start":0.5,"end":0.5,"start2":0.3262924,"end2":0.32441872},{"startTime":408.0,"endTime":409.0,"start":0.5,"end":0.5,"start2":0.32441872,"end2":0.32262945},{"startTime":409.0,"endTime":410.0,"start":0.5,"end":0.5,"start2":0.32262945,"end2":0.32093617},{"startTime":410.0,"endTime":411.0,"start":0.5,"end":0.5,"start2":0.32093617,"end2":0.3193252},{"startTime":411.0,"endTime":412.0,"start":0.5,"end":0.5,"start2":0.3193252,"end2":0.317801},{"startTime":412.0,"endTime":413.0,"start":0.5,"end":0.5,"start2":0.317801,"end2":0.316359},{"startTime":413.0,"endTime":414.0,"start":0.5,"end":0.5,"start2":0.316359,"end2":0.31499502},{"startTime":414.0,"endTime":415.0,"start":0.5,"end":0.5,"start2":0.31499502,"end2":0.31371266},{"startTime":415.0,"endTime":416.0,"start":0.5,"end":0.5,"start2":0.31371266,"end2":0.31249997},{"startTime":416.0,"endTime":417.0,"start":0.5,"end":0.5,"start2":0.31249997,"end2":0.31136793},{"startTime":417.0,"endTime":418.0,"start":0.5,"end":0.5,"start2":0.31136793,"end2":0.31030118},{"startTime":418.0,"endTime":419.0,"start":0.5,"end":0.5,"start2":0.31030118,"end2":0.30930656},{"startTime":419.0,"endTime":420.0,"start":0.5,"end":0.5,"start2":0.30930656,"end2":0.30837646},{"startTime":420.0,"endTime":421.0,"start":0.5,"end":0.5,"start2":0.30837646,"end2":0.30751038},{"startTime":421.0,"endTime":422.0,"start":0.5,"end":0.5,"start2":0.30751038,"end2":0.30670753},{"startTime":422.0,"endTime":423.0,"start":0.5,"end":0.5,"start2":0.30670753,"end2":0.30596113},{"startTime":423.0,"endTime":424.0,"start":0.5,"end":0.5,"start2":0.30596113,"end2":0.30527624},{"startTime":424.0,"endTime":425.0,"start":0.5,"end":0.5,"start2":0.30527624,"end2":0.30464196},{"startTime":425.0,"endTime":426.0,"start":0.5,"end":0.5,"start2":0.30464196,"end2":0.3040643},{"startTime":426.0,"endTime":427.0,"start":0.5,"end":0.5,"start2":0.3040643,"end2":0.30353427},{"startTime":427.0,"endTime":428.0,"start":0.5,"end":0.5,"start2":0.30353427,"end2":0.3030535},{"startTime":428.0,"endTime":429.0,"start":0.5,"end":0.5,"start2":0.3030535,"end2":0.30261838},{"startTime":429.0,"endTime":430.0,"start":0.5,"end":0.5,"start2":0.30261838,"end2":0.30222565},{"startTime":430.0,"endTime":431.0,"start":0.5,"end":0.5,"start2":0.30222565,"end2":0.3018761},{"startTime":431.0,"endTime":432.0,"start":0.5,"end":0.5,"start2":0.3018761,"end2":0.3015625},{"startTime":432.0,"endTime":433.0,"start":0.5,"end":0.5,"start2":0.3015625,"end2":0.30128917},{"startTime":433.0,"endTime":434.0,"start":0.5,"end":0.5,"start2":0.30128917,"end2":0.30104744},{"startTime":434.0,"endTime":435.0,"start":0.5,"end":0.5,"start2":0.30104744,"end2":0.3008394},{"startTime":435.0,"endTime":436.0,"start":0.5,"end":0.5,"start2":0.3008394,"end2":0.30066022},{"startTime":436.0,"endTime":437.0,"start":0.5,"end":0.5,"start2":0.30066022,"end2":0.3005085},{"startTime":437.0,"endTime":438.0,"start":0.5,"end":0.5,"start2":0.3005085,"end2":0.30038255},{"startTime":438.0,"endTime":439.0,"start":0.5,"end":0.5,"start2":0.30038255,"end2":0.30027834},{"startTime":439.0,"endTime":440.0,"start":0.5,"end":0.5,"start2":0.30027834,"end2":0.30019623},{"startTime":440.0,"endTime":441.0,"start":0.5,"end":0.5,"start2":0.30019623,"end2":0.30013102},{"startTime":441.0,"endTime":442.0,"start":0.5,"end":0.5,"start2":0.30013102,"end2":0.30008304},{"startTime":442.0,"endTime":443.0,"start":0.5,"end":0.5,"start2":0.30008304,"end2":0.30004802},{"startTime":443.0,"endTime":444.0,"start":0.5,"end":0.5,"start2":0.30004802,"end2":0.30002475},{"startTime":444.0,"endTime":445.0,"start":0.5,"end":0.5,"start2":0.30002475,"end2":0.30001056},{"startTime":445.0,"endTime":446.0,"start":0.5,"end":0.5,"start2":0.30001056,"end2":0.30000314},{"startTime":446.0,"endTime":447.0,"start":0.5,"end":0.5,"start2":0.30000314,"end2":0.3000005},{"startTime":447.0,"endTime":448.0,"start":0.5,"end":0.5,"start2":0.3000005,"end2":0.29999998},{"startTime":448.0,"endTime":640.0,"start":0.5,"end":0.5,"start2":0.29999998,"end2":0.29999998},{"startTime":640.0,"endTime":641.0,"start":0.5,"end":0.5,"start2":0.29999998,"end2":0.2953926},{"startTime":641.0,"endTime":642.0,"start":0.5,"end":0.5,"start2":0.2953926,"end2":0.29091808},{"startTime":642.0,"endTime":643.0,"start":0.5,"end":0.5,"start2":0.29091808,"end2":0.2865925},{"startTime":643.0,"endTime":644.0,"start":0.5,"end":0.5,"start2":0.2865925,"end2":0.2824027},{"startTime":644.0,"endTime":645.0,"start":0.5,"end":0.5,"start2":0.2824027,"end2":0.27835009},{"startTime":645.0,"endTime":646.0,"start":0.5,"end":0.5,"start2":0.27835009,"end2":0.27443567},{"startTime":646.0,"endTime":647.0,"start":0.5,"end":0.5,"start2":0.27443567,"end2":0.27064708},{"startTime":647.0,"endTime":648.0,"start":0.5,"end":0.5,"start2":0.27064708,"end2":0.26699874},{"startTime":648.0,"endTime":649.0,"start":0.5,"end":0.5,"start2":0.26699874,"end2":0.2634685},{"startTime":649.0,"endTime":650.0,"start":0.5,"end":0.5,"start2":0.2634685,"end2":0.26007366},{"startTime":650.0,"endTime":651.0,"start":0.5,"end":0.5,"start2":0.26007366,"end2":0.25679582},{"startTime":651.0,"endTime":652.0,"start":0.5,"end":0.5,"start2":0.25679582,"end2":0.25364226},{"startTime":652.0,"endTime":653.0,"start":0.5,"end":0.5,"start2":0.25364226,"end2":0.25060746},{"startTime":653.0,"endTime":654.0,"start":0.5,"end":0.5,"start2":0.25060746,"end2":0.24768627},{"startTime":654.0,"endTime":655.0,"start":0.5,"end":0.5,"start2":0.24768627,"end2":0.24488516},{"startTime":655.0,"endTime":656.0,"start":0.5,"end":0.5,"start2":0.24488516,"end2":0.24218749},{"startTime":656.0,"endTime":657.0,"start":0.5,"end":0.5,"start2":0.24218749,"end2":0.23961075},{"startTime":657.0,"endTime":658.0,"start":0.5,"end":0.5,"start2":0.23961075,"end2":0.23713307},{"startTime":658.0,"endTime":659.0,"start":0.5,"end":0.5,"start2":0.23713307,"end2":0.23476596},{"startTime":659.0,"endTime":660.0,"start":0.5,"end":0.5,"start2":0.23476596,"end2":0.23249896},{"startTime":660.0,"endTime":661.0,"start":0.5,"end":0.5,"start2":0.23249896,"end2":0.23033258},{"startTime":661.0,"endTime":662.0,"start":0.5,"end":0.5,"start2":0.23033258,"end2":0.22826692},{"startTime":662.0,"endTime":663.0,"start":0.5,"end":0.5,"start2":0.22826692,"end2":0.22629239},{"startTime":663.0,"endTime":664.0,"start":0.5,"end":0.5,"start2":0.22629239,"end2":0.22441873},{"startTime":664.0,"endTime":665.0,"start":0.5,"end":0.5,"start2":0.22441873,"end2":0.22262946},{"startTime":665.0,"endTime":666.0,"start":0.5,"end":0.5,"start2":0.22262946,"end2":0.22093618},{"startTime":666.0,"endTime":667.0,"start":0.5,"end":0.5,"start2":0.22093618,"end2":0.21932521},{"startTime":667.0,"endTime":668.0,"start":0.5,"end":0.5,"start2":0.21932521,"end2":0.21780102},{"startTime":668.0,"endTime":669.0,"start":0.5,"end":0.5,"start2":0.21780102,"end2":0.21635902},{"startTime":669.0,"endTime":670.0,"start":0.5,"end":0.5,"start2":0.21635902,"end2":0.21499503},{"startTime":670.0,"endTime":671.0,"start":0.5,"end":0.5,"start2":0.21499503,"end2":0.21371266},{"startTime":671.0,"endTime":672.0,"start":0.5,"end":0.5,"start2":0.21371266,"end2":0.21249999},{"startTime":672.0,"endTime":673.0,"start":0.5,"end":0.5,"start2":0.21249999,"end2":0.21136793},{"startTime":673.0,"endTime":674.0,"start":0.5,"end":0.5,"start2":0.21136793,"end2":0.2103012},{"startTime":674.0,"endTime":675.0,"start":0.5,"end":0.5,"start2":0.2103012,"end2":0.20930658},{"startTime":675.0,"endTime":676.0,"start":0.5,"end":0.5,"start2":0.20930658,"end2":0.20837647},{"startTime":676.0,"endTime":677.0,"start":0.5,"end":0.5,"start2":0.20837647,"end2":0.2075104},{"startTime":677.0,"endTime":678.0,"start":0.5,"end":0.5,"start2":0.2075104,"end2":0.20670755},{"startTime":678.0,"endTime":679.0,"start":0.5,"end":0.5,"start2":0.20670755,"end2":0.20596114},{"startTime":679.0,"endTime":680.0,"start":0.5,"end":0.5,"start2":0.20596114,"end2":0.20527624},{"startTime":680.0,"endTime":681.0,"start":0.5,"end":0.5,"start2":0.20527624,"end2":0.20464195},{"startTime":681.0,"endTime":682.0,"start":0.5,"end":0.5,"start2":0.20464195,"end2":0.20406431},{"startTime":682.0,"endTime":683.0,"start":0.5,"end":0.5,"start2":0.20406431,"end2":0.20353428},{"startTime":683.0,"endTime":684.0,"start":0.5,"end":0.5,"start2":0.20353428,"end2":0.2030535},{"startTime":684.0,"endTime":685.0,"start":0.5,"end":0.5,"start2":0.2030535,"end2":0.20261839},{"startTime":685.0,"endTime":686.0,"start":0.5,"end":0.5,"start2":0.20261839,"end2":0.20222566},{"startTime":686.0,"endTime":687.0,"start":0.5,"end":0.5,"start2":0.20222566,"end2":0.2018761},{"startTime":687.0,"endTime":688.0,"start":0.5,"end":0.5,"start2":0.2018761,"end2":0.2015625},{"startTime":688.0,"endTime":689.0,"start":0.5,"end":0.5,"start2":0.2015625,"end2":0.20128918},{"startTime":689.0,"endTime":690.0,"start":0.5,"end":0.5,"start2":0.20128918,"end2":0.20104745},{"startTime":690.0,"endTime":691.0,"start":0.5,"end":0.5,"start2":0.20104745,"end2":0.2008394},{"startTime":691.0,"endTime":692.0,"start":0.5,"end":0.5,"start2":0.2008394,"end2":0.20066021},{"startTime":692.0,"endTime":693.0,"start":0.5,"end":0.5,"start2":0.20066021,"end2":0.20050852},{"startTime":693.0,"endTime":694.0,"start":0.5,"end":0.5,"start2":0.20050852,"end2":0.20038255},{"startTime":694.0,"endTime":695.0,"start":0.5,"end":0.5,"start2":0.20038255,"end2":0.20027834},{"startTime":695.0,"endTime":696.0,"start":0.5,"end":0.5,"start2":0.20027834,"end2":0.20019624},{"startTime":696.0,"endTime":697.0,"start":0.5,"end":0.5,"start2":0.20019624,"end2":0.20013101},{"startTime":697.0,"endTime":698.0,"start":0.5,"end":0.5,"start2":0.20013101,"end2":0.20008305},{"startTime":698.0,"endTime":699.0,"start":0.5,"end":0.5,"start2":0.20008305,"end2":0.20004801},{"startTime":699.0,"endTime":700.0,"start":0.5,"end":0.5,"start2":0.20004801,"end2":0.20002477},{"startTime":700.0,"endTime":701.0,"start":0.5,"end":0.5,"start2":0.20002477,"end2":0.20001058},{"startTime":701.0,"endTime":702.0,"start":0.5,"end":0.5,"start2":0.20001058,"end2":0.20000315},{"startTime":702.0,"endTime":703.0,"start":0.5,"end":0.5,"start2":0.20000315,"end2":0.20000048},{"startTime":703.0,"endTime":704.0,"start":0.5,"end":0.5,"start2":0.20000048,"end2":0.19999999},{"startTime":704.0,"endTime":1104.0,"start":0.5,"end":0.5,"start2":0.19999999,"end2":0.19999999},{"startTime":1104.0,"endTime":1120.0,"start":0.5,"end":0.5,"start2":0.19999999,"end2":0.2},{"startTime":1120.0,"endTime":2688.0,"start":0.5,"end":0.5,"start2":0.2,"end2":0.2},{"startTime":2688.0,"endTime":3200.0,"start":0.5,"end":0.5,"start2":0.19999999,"end2":0.2},{"startTime":3200.0,"endTime":3216.0,"start":0.5,"end":0.499605,"start2":0.2,"end2":0.2},{"startTime":3216.0,"endTime":3232.0,"start":0.499605,"end":0.49843,"start2":0.2,"end2":0.2},{"startTime":3232.0,"endTime":3248.0,"start":0.49843,"end":0.496475,"start2":0.2,"end2":0.2},{"startTime":3248.0,"endTime":3264.0,"start":0.496475,"end":0.49374,"start2":0.2,"end2":0.2},{"startTime":3264.0,"endTime":3280.0,"start":0.49374,"end":0.490225,"start2":0.2,"end2":0.2},{"startTime":3280.0,"endTime":3296.0,"start":0.490225,"end":0.48593,"start2":0.2,"end2":0.2},{"startTime":3296.0,"endTime":3312.0,"start":0.48593,"end":0.480855,"start2":0.2,"end2":0.2},{"startTime":3312.0,"endTime":3328.0,"start":0.480855,"end":0.475,"start2":0.2,"end2":0.2},{"startTime":3328.0,"endTime":3344.0,"start":0.475,"end":0.468355,"start2":0.2,"end2":0.2},{"startTime":3344.0,"endTime":3360.0,"start":0.468355,"end":0.46093,"start2":0.2,"end2":0.2},{"startTime":3360.0,"endTime":3376.0,"start":0.46093,"end":0.452725,"start2":0.2,"end2":0.2},{"startTime":3376.0,"endTime":3392.0,"start":0.452725,"end":0.44374,"start2":0.2,"end2":0.2},{"startTime":3392.0,"endTime":3408.0,"start":0.44374,"end":0.433975,"start2":0.2,"end2":0.2},{"startTime":3408.0,"endTime":3424.0,"start":0.433975,"end":0.42343,"start2":0.2,"end2":0.2},{"startTime":3424.0,"endTime":3440.0,"start":0.42343,"end":0.412105,"start2":0.2,"end2":0.2},{"startTime":3440.0,"endTime":3472.0,"start":0.412105,"end":0.38789502,"start2":0.2,"end2":0.2},{"startTime":3472.0,"endTime":3488.0,"start":0.38789502,"end":0.37657002,"start2":0.2,"end2":0.2},{"startTime":3488.0,"endTime":3504.0,"start":0.37657002,"end":0.366025,"start2":0.2,"end2":0.2},{"startTime":3504.0,"endTime":3520.0,"start":0.366025,"end":0.35626,"start2":0.2,"end2":0.2},{"startTime":3520.0,"endTime":3536.0,"start":0.35626,"end":0.34727502,"start2":0.2,"end2":0.2},{"startTime":3536.0,"endTime":3552.0,"start":0.34727502,"end":0.33907002,"start2":0.2,"end2":0.2},{"startTime":3552.0,"endTime":3568.0,"start":0.33907002,"end":0.331645,"start2":0.2,"end2":0.2},{"startTime":3568.0,"endTime":3584.0,"start":0.331645,"end":0.32500002,"start2":0.2,"end2":0.2},{"startTime":3584.0,"endTime":3600.0,"start":0.32500002,"end":0.319145,"start2":0.2,"end2":0.2},{"startTime":3600.0,"endTime":3616.0,"start":0.319145,"end":0.31407002,"start2":0.2,"end2":0.2},{"startTime":3616.0,"endTime":3632.0,"start":0.31407002,"end":0.30977502,"start2":0.2,"end2":0.2},{"startTime":3632.0,"endTime":3648.0,"start":0.30977502,"end":0.30626002,"start2":0.2,"end2":0.2},{"startTime":3648.0,"endTime":3664.0,"start":0.30626002,"end":0.303525,"start2":0.2,"end2":0.2},{"startTime":3664.0,"endTime":3680.0,"start":0.303525,"end":0.30157,"start2":0.2,"end2":0.2},{"startTime":3680.0,"endTime":3696.0,"start":0.30157,"end":0.300395,"start2":0.2,"end2":0.2},{"startTime":3696.0,"endTime":3712.0,"start":0.300395,"end":0.3,"start2":0.2,"end2":0.2},{"startTime":3712.0,"endTime":3728.0,"start":0.3,"end":0.300395,"start2":0.2,"end2":0.2},{"startTime":3728.0,"endTime":3744.0,"start":0.300395,"end":0.30157,"start2":0.2,"end2":0.2},{"startTime":3744.0,"endTime":3760.0,"start":0.30157,"end":0.303525,"start2":0.2,"end2":0.2},{"startTime":3760.0,"endTime":3776.0,"start":0.303525,"end":0.30626002,"start2":0.2,"end2":0.2},{"startTime":3776.0,"endTime":3792.0,"start":0.30626002,"end":0.30977502,"start2":0.2,"end2":0.2},{"startTime":3792.0,"endTime":3808.0,"start":0.30977502,"end":0.31407002,"start2":0.2,"end2":0.2},{"startTime":3808.0,"endTime":3824.0,"start":0.31407002,"end":0.31914502,"start2":0.2,"end2":0.2},{"startTime":3824.0,"endTime":3840.0,"start":0.31914502,"end":0.32500002,"start2":0.2,"end2":0.2},{"startTime":3840.0,"endTime":3856.0,"start":0.32500002,"end":0.331645,"start2":0.2,"end2":0.2},{"startTime":3856.0,"endTime":3872.0,"start":0.331645,"end":0.33907002,"start2":0.2,"end2":0.2},{"startTime":3872.0,"endTime":3888.0,"start":0.33907002,"end":0.34727502,"start2":0.2,"end2":0.2},{"startTime":3888.0,"endTime":3904.0,"start":0.34727502,"end":0.35626,"start2":0.2,"end2":0.2},{"startTime":3904.0,"endTime":3920.0,"start":0.35626,"end":0.366025,"start2":0.2,"end2":0.2},{"startTime":3920.0,"endTime":3936.0,"start":0.366025,"end":0.37657002,"start2":0.2,"end2":0.2},{"startTime":3936.0,"endTime":3952.0,"start":0.37657002,"end":0.38789502,"start2":0.2,"end2":0.2},{"startTime":3952.0,"endTime":3984.0,"start":0.38789502,"end":0.412105,"start2":0.2,"end2":0.2},{"startTime":3984.0,"endTime":4000.0,"start":0.412105,"end":0.42343,"start2":0.2,"end2":0.2},{"startTime":4000.0,"endTime":4016.0,"start":0.42343,"end":0.433975,"start2":0.2,"end2":0.2},{"startTime":4016.0,"endTime":4032.0,"start":0.433975,"end":0.44374,"start2":0.2,"end2":0.2},{"startTime":4032.0,"endTime":4048.0,"start":0.44374,"end":0.452725,"start2":0.2,"end2":0.2},{"startTime":4048.0,"endTime":4064.0,"start":0.452725,"end":0.46093,"start2":0.2,"end2":0.2},{"startTime":4064.0,"endTime":4080.0,"start":0.46093,"end":0.468355,"start2":0.2,"end2":0.2},{"startTime":4080.0,"endTime":4096.0,"start":0.468355,"end":0.475,"start2":0.2,"end2":0.2},{"startTime":4096.0,"endTime":4112.0,"start":0.475,"end":0.48085502,"start2":0.2,"end2":0.2},{"startTime":4112.0,"endTime":4128.0,"start":0.48085502,"end":0.48593,"start2":0.2,"end2":0.2},{"startTime":4128.0,"endTime":4144.0,"start":0.48593,"end":0.490225,"start2":0.2,"end2":0.2},{"startTime":4144.0,"endTime":4160.0,"start":0.490225,"end":0.49374,"start2":0.2,"end2":0.2},{"startTime":4160.0,"endTime":4176.0,"start":0.49374,"end":0.496475,"start2":0.2,"end2":0.2},{"startTime":4176.0,"endTime":4192.0,"start":0.496475,"end":0.49843,"start2":0.2,"end2":0.2},{"startTime":4192.0,"endTime":4208.0,"start":0.49843,"end":0.499605,"start2":0.2,"end2":0.2},{"startTime":4208.0,"endTime":4224.0,"start":0.499605,"end":0.5,"start2":0.2,"end2":0.2},{"startTime":4224.0,"endTime":4480.0,"start":0.5,"end":0.4,"start2":0.2,"end2":0.2},{"startTime":4480.0,"endTime":4736.0,"start":0.4,"end":0.6,"start2":0.2,"end2":0.2},{"startTime":4736.0,"endTime":4992.0,"start":0.6,"end":0.6,"start2":0.2,"end2":0.2},{"startTime":4992.0,"endTime":5248.0,"start":0.6,"end":0.5,"start2":0.2,"end2":0.2},{"startTime":5248.0,"endTime":6272.0,"start":0.5,"end":0.5,"start2":0.2,"end2":0.2},{"startTime":6272.0,"endTime":6400.0,"start":0.5,"end":0.5,"start2":0.19999999,"end2":0.0},{"startTime":6400.0,"endTime":6404.0,"start":0.5,"end":0.5,"start2":0.0,"end2":0.018163815},{"startTime":6404.0,"endTime":6408.0,"start":0.5,"end":0.5,"start2":0.018163815,"end2":0.03519455},{"startTime":6408.0,"endTime":6412.0,"start":0.5,"end":0.5,"start2":0.03519455,"end2":0.05112862},{"startTime":6412.0,"endTime":6416.0,"start":0.5,"end":0.5,"start2":0.05112862,"end2":0.066002496},{"startTime":6416.0,"endTime":6420.0,"start":0.5,"end":0.5,"start2":0.066002496,"end2":0.079852626},{"startTime":6420.0,"endTime":6424.0,"start":0.5,"end":0.5,"start2":0.079852626,"end2":0.092715435},{"startTime":6424.0,"endTime":6428.0,"start":0.5,"end":0.5,"start2":0.092715435,"end2":0.10462744},{"startTime":6428.0,"endTime":6432.0,"start":0.5,"end":0.5,"start2":0.10462744,"end2":0.115624994},{"startTime":6432.0,"endTime":6436.0,"start":0.5,"end":0.5,"start2":0.115624994,"end2":0.12573381},{"startTime":6436.0,"endTime":6440.0,"start":0.5,"end":0.5,"start2":0.12573381,"end2":0.13500205},{"startTime":6440.0,"endTime":6444.0,"start":0.5,"end":0.5,"start2":0.13500205,"end2":0.14346611},{"startTime":6444.0,"endTime":6448.0,"start":0.5,"end":0.5,"start2":0.14346611,"end2":0.15116249},{"startTime":6448.0,"endTime":6452.0,"start":0.5,"end":0.5,"start2":0.15116249,"end2":0.1581276},{"startTime":6452.0,"endTime":6456.0,"start":0.5,"end":0.5,"start2":0.1581276,"end2":0.16439794},{"startTime":6456.0,"endTime":6460.0,"start":0.5,"end":0.5,"start2":0.16439794,"end2":0.17000993},{"startTime":6460.0,"endTime":6464.0,"start":0.5,"end":0.5,"start2":0.17000993,"end2":0.17499998},{"startTime":6464.0,"endTime":6468.0,"start":0.5,"end":0.5,"start2":0.17499998,"end2":0.17939755},{"startTime":6468.0,"endTime":6472.0,"start":0.5,"end":0.5,"start2":0.17939755,"end2":0.18324704},{"startTime":6472.0,"endTime":6476.0,"start":0.5,"end":0.5,"start2":0.18324704,"end2":0.18658486},{"startTime":6476.0,"endTime":6480.0,"start":0.5,"end":0.5,"start2":0.18658486,"end2":0.18944749},{"startTime":6480.0,"endTime":6484.0,"start":0.5,"end":0.5,"start2":0.18944749,"end2":0.19187136},{"startTime":6484.0,"endTime":6488.0,"start":0.5,"end":0.5,"start2":0.19187136,"end2":0.19389294},{"startTime":6488.0,"endTime":6492.0,"start":0.5,"end":0.5,"start2":0.19389294,"end2":0.19554867},{"startTime":6492.0,"endTime":6496.0,"start":0.5,"end":0.5,"start2":0.19554867,"end2":0.19687499},{"startTime":6496.0,"endTime":6500.0,"start":0.5,"end":0.5,"start2":0.19687499,"end2":0.19790506},{"startTime":6500.0,"endTime":6504.0,"start":0.5,"end":0.5,"start2":0.19790506,"end2":0.19867954},{"startTime":6504.0,"endTime":6508.0,"start":0.5,"end":0.5,"start2":0.19867954,"end2":0.19923487},{"startTime":6508.0,"endTime":6512.0,"start":0.5,"end":0.5,"start2":0.19923487,"end2":0.19960748},{"startTime":6512.0,"endTime":6516.0,"start":0.5,"end":0.5,"start2":0.19960748,"end2":0.19983386},{"startTime":6516.0,"endTime":6520.0,"start":0.5,"end":0.5,"start2":0.19983386,"end2":0.19995043},{"startTime":6520.0,"endTime":6524.0,"start":0.5,"end":0.5,"start2":0.19995043,"end2":0.19999366},{"startTime":6524.0,"endTime":6528.0,"start":0.5,"end":0.5,"start2":0.19999366,"end2":0.19999999},{"startTime":6528.0,"endTime":8192.0,"start":0.5,"end":0.5,"start2":0.19999999,"end2":0.19999999},{"startTime":8192.0,"endTime":8208.0,"start":0.5,"end":0.5,"start2":0.19999999,"end2":0.19998734},{"startTime":8208.0,"endTime":8224.0,"start":0.5,"end":0.5,"start2":0.19998734,"end2":0.1999009},{"startTime":8224.0,"endTime":8240.0,"start":0.5,"end":0.5,"start2":0.1999009,"end2":0.19966774},{"startTime":8240.0,"endTime":8256.0,"start":0.5,"end":0.5,"start2":0.19966774,"end2":0.199215},{"startTime":8256.0,"endTime":8272.0,"start":0.5,"end":0.5,"start2":0.199215,"end2":0.19846974},{"startTime":8272.0,"endTime":8288.0,"start":0.5,"end":0.5,"start2":0.19846974,"end2":0.19735909},{"startTime":8288.0,"endTime":8304.0,"start":0.5,"end":0.5,"start2":0.19735909,"end2":0.19581014},{"startTime":8304.0,"endTime":8320.0,"start":0.5,"end":0.5,"start2":0.19581014,"end2":0.19375},{"startTime":8320.0,"endTime":8336.0,"start":0.5,"end":0.5,"start2":0.19375,"end2":0.19109733},{"startTime":8336.0,"endTime":8352.0,"start":0.5,"end":0.5,"start2":0.19109733,"end2":0.1877859},{"startTime":8352.0,"endTime":8368.0,"start":0.5,"end":0.5,"start2":0.1877859,"end2":0.18374275},{"startTime":8368.0,"endTime":8384.0,"start":0.5,"end":0.5,"start2":0.18374275,"end2":0.178895},{"startTime":8384.0,"endTime":8400.0,"start":0.5,"end":0.5,"start2":0.178895,"end2":0.17316975},{"startTime":8400.0,"endTime":8416.0,"start":0.5,"end":0.5,"start2":0.17316975,"end2":0.1664941},{"startTime":8416.0,"endTime":8432.0,"start":0.5,"end":0.5,"start2":0.1664941,"end2":0.15879515},{"startTime":8432.0,"endTime":8448.0,"start":0.5,"end":0.5,"start2":0.15879515,"end2":0.14999999},{"startTime":8448.0,"endTime":8464.0,"start":0.5,"end":0.5,"start2":0.14999999,"end2":0.14120485},{"startTime":8464.0,"endTime":8480.0,"start":0.5,"end":0.5,"start2":0.14120485,"end2":0.1335059},{"startTime":8480.0,"endTime":8496.0,"start":0.5,"end":0.5,"start2":0.1335059,"end2":0.12683025},{"startTime":8496.0,"endTime":8512.0,"start":0.5,"end":0.5,"start2":0.12683025,"end2":0.121105},{"startTime":8512.0,"endTime":8528.0,"start":0.5,"end":0.5,"start2":0.121105,"end2":0.11625725},{"startTime":8528.0,"endTime":8544.0,"start":0.5,"end":0.5,"start2":0.11625725,"end2":0.1122141},{"startTime":8544.0,"endTime":8560.0,"start":0.5,"end":0.5,"start2":0.1122141,"end2":0.10890265},{"startTime":8560.0,"endTime":8576.0,"start":0.5,"end":0.5,"start2":0.10890265,"end2":0.10625},{"startTime":8576.0,"endTime":8592.0,"start":0.5,"end":0.5,"start2":0.10625,"end2":0.10418985},{"startTime":8592.0,"endTime":8608.0,"start":0.5,"end":0.5,"start2":0.10418985,"end2":0.102640904},{"startTime":8608.0,"endTime":8624.0,"start":0.5,"end":0.5,"start2":0.102640904,"end2":0.10153025},{"startTime":8624.0,"endTime":8640.0,"start":0.5,"end":0.5,"start2":0.10153025,"end2":0.100785},{"startTime":8640.0,"endTime":8656.0,"start":0.5,"end":0.5,"start2":0.100785,"end2":0.10033225},{"startTime":8656.0,"endTime":8672.0,"start":0.5,"end":0.5,"start2":0.10033225,"end2":0.1000991},{"startTime":8672.0,"endTime":8688.0,"start":0.5,"end":0.5,"start2":0.1000991,"end2":0.10001265},{"startTime":8688.0,"endTime":8704.0,"start":0.5,"end":0.5,"start2":0.10001265,"end2":0.1},{"startTime":8704.0,"endTime":8720.0,"start":0.5,"end":0.50001264,"start2":0.1,"end2":0.10001898},{"startTime":8720.0,"endTime":8736.0,"start":0.50001264,"end":0.5000991,"start2":0.10001898,"end2":0.10014865},{"startTime":8736.0,"endTime":8752.0,"start":0.5000991,"end":0.50033224,"start2":0.10014865,"end2":0.10049838},{"startTime":8752.0,"endTime":8768.0,"start":0.50033224,"end":0.500785,"start2":0.10049838,"end2":0.1011775},{"startTime":8768.0,"endTime":8784.0,"start":0.500785,"end":0.50153023,"start2":0.1011775,"end2":0.10229538},{"startTime":8784.0,"endTime":8800.0,"start":0.50153023,"end":0.5026409,"start2":0.10229538,"end2":0.10396135},{"startTime":8800.0,"endTime":8816.0,"start":0.5026409,"end":0.50418985,"start2":0.10396135,"end2":0.106284775},{"startTime":8816.0,"endTime":8832.0,"start":0.50418985,"end":0.50625,"start2":0.106284775,"end2":0.109375},{"startTime":8832.0,"endTime":8848.0,"start":0.50625,"end":0.50890267,"start2":0.109375,"end2":0.113353975},{"startTime":8848.0,"endTime":8864.0,"start":0.50890267,"end":0.5122141,"start2":0.113353975,"end2":0.11832115},{"startTime":8864.0,"endTime":8880.0,"start":0.5122141,"end":0.5162572,"start2":0.11832115,"end2":0.12438588},{"startTime":8880.0,"endTime":8896.0,"start":0.5162572,"end":0.521105,"start2":0.12438588,"end2":0.1316575},{"startTime":8896.0,"endTime":8912.0,"start":0.521105,"end":0.52683026,"start2":0.1316575,"end2":0.14024538},{"startTime":8912.0,"endTime":8928.0,"start":0.52683026,"end":0.5335059,"start2":0.14024538,"end2":0.15025885},{"startTime":8928.0,"endTime":8944.0,"start":0.5335059,"end":0.54120487,"start2":0.15025885,"end2":0.16180727},{"startTime":8944.0,"endTime":8976.0,"start":0.54120487,"end":0.55879515,"start2":0.16180727,"end2":0.18819273},{"startTime":8976.0,"endTime":8992.0,"start":0.55879515,"end":0.5664941,"start2":0.18819273,"end2":0.19974114},{"startTime":8992.0,"endTime":9008.0,"start":0.5664941,"end":0.57316977,"start2":0.19974114,"end2":0.20975463},{"startTime":9008.0,"endTime":9024.0,"start":0.57316977,"end":0.57889503,"start2":0.20975463,"end2":0.2183425},{"startTime":9024.0,"endTime":9040.0,"start":0.57889503,"end":0.5837428,"start2":0.2183425,"end2":0.22561413},{"startTime":9040.0,"endTime":9056.0,"start":0.5837428,"end":0.5877859,"start2":0.22561413,"end2":0.23167884},{"startTime":9056.0,"endTime":9072.0,"start":0.5877859,"end":0.59109735,"start2":0.23167884,"end2":0.23664603},{"startTime":9072.0,"endTime":9088.0,"start":0.59109735,"end":0.59375,"start2":0.23664603,"end2":0.240625},{"startTime":9088.0,"endTime":9104.0,"start":0.59375,"end":0.5958102,"start2":0.240625,"end2":0.24371523},{"startTime":9104.0,"endTime":9120.0,"start":0.5958102,"end":0.5973591,"start2":0.24371523,"end2":0.24603865},{"startTime":9120.0,"endTime":9136.0,"start":0.5973591,"end":0.5984698,"start2":0.24603865,"end2":0.24770463},{"startTime":9136.0,"endTime":9152.0,"start":0.5984698,"end":0.59921503,"start2":0.24770463,"end2":0.2488225},{"startTime":9152.0,"endTime":9168.0,"start":0.59921503,"end":0.5996678,"start2":0.2488225,"end2":0.24950163},{"startTime":9168.0,"endTime":9184.0,"start":0.5996678,"end":0.5999009,"start2":0.24950163,"end2":0.24985135},{"startTime":9184.0,"endTime":9200.0,"start":0.5999009,"end":0.5999874,"start2":0.24985135,"end2":0.24998103},{"startTime":9200.0,"endTime":9216.0,"start":0.5999874,"end":0.6,"start2":0.24998103,"end2":0.25},{"startTime":9216.0,"endTime":9232.0,"start":0.6,"end":0.59997475,"start2":0.25,"end2":0.25000632},{"startTime":9232.0,"endTime":9248.0,"start":0.59997475,"end":0.59980184,"start2":0.25000632,"end2":0.25004956},{"startTime":9248.0,"endTime":9264.0,"start":0.59980184,"end":0.59933555,"start2":0.25004956,"end2":0.25016612},{"startTime":9264.0,"endTime":9280.0,"start":0.59933555,"end":0.59843004,"start2":0.25016612,"end2":0.2503925},{"startTime":9280.0,"endTime":9296.0,"start":0.59843004,"end":0.5969395,"start2":0.2503925,"end2":0.25076512},{"startTime":9296.0,"endTime":9312.0,"start":0.5969395,"end":0.5947182,"start2":0.25076512,"end2":0.25132045},{"startTime":9312.0,"endTime":9328.0,"start":0.5947182,"end":0.5916203,"start2":0.25132045,"end2":0.25209492},{"startTime":9328.0,"endTime":9344.0,"start":0.5916203,"end":0.58750004,"start2":0.25209492,"end2":0.253125},{"startTime":9344.0,"endTime":9360.0,"start":0.58750004,"end":0.58219475,"start2":0.253125,"end2":0.25445133},{"startTime":9360.0,"endTime":9376.0,"start":0.58219475,"end":0.57557184,"start2":0.25445133,"end2":0.25610706},{"startTime":9376.0,"endTime":9392.0,"start":0.57557184,"end":0.5674855,"start2":0.25610706,"end2":0.2581286},{"startTime":9392.0,"endTime":9408.0,"start":0.5674855,"end":0.55779004,"start2":0.2581286,"end2":0.2605525},{"startTime":9408.0,"endTime":9424.0,"start":0.55779004,"end":0.5463395,"start2":0.2605525,"end2":0.26341513},{"startTime":9424.0,"endTime":9440.0,"start":0.5463395,"end":0.5329882,"start2":0.26341513,"end2":0.26675296},{"startTime":9440.0,"endTime":9456.0,"start":0.5329882,"end":0.51759034,"start2":0.26675296,"end2":0.27060243},{"startTime":9456.0,"endTime":9472.0,"start":0.51759034,"end":0.5,"start2":0.27060243,"end2":0.275},{"startTime":9472.0,"endTime":9488.0,"start":0.5,"end":0.48240972,"start2":0.275,"end2":0.27939758},{"startTime":9488.0,"endTime":9504.0,"start":0.48240972,"end":0.4670118,"start2":0.27939758,"end2":0.28324705},{"startTime":9504.0,"endTime":9520.0,"start":0.4670118,"end":0.45366052,"start2":0.28324705,"end2":0.28658488},{"startTime":9520.0,"endTime":9536.0,"start":0.45366052,"end":0.44221002,"start2":0.28658488,"end2":0.28944752},{"startTime":9536.0,"endTime":9552.0,"start":0.44221002,"end":0.43251452,"start2":0.28944752,"end2":0.2918714},{"startTime":9552.0,"endTime":9568.0,"start":0.43251452,"end":0.4244282,"start2":0.2918714,"end2":0.29389295},{"startTime":9568.0,"endTime":9584.0,"start":0.4244282,"end":0.4178053,"start2":0.29389295,"end2":0.29554868},{"startTime":9584.0,"endTime":9600.0,"start":0.4178053,"end":0.4125,"start2":0.29554868,"end2":0.296875},{"startTime":9600.0,"endTime":9616.0,"start":0.4125,"end":0.4083797,"start2":0.296875,"end2":0.2979051},{"startTime":9616.0,"endTime":9632.0,"start":0.4083797,"end":0.4052818,"start2":0.2979051,"end2":0.29867956},{"startTime":9632.0,"endTime":9648.0,"start":0.4052818,"end":0.4030605,"start2":0.29867956,"end2":0.2992349},{"startTime":9648.0,"endTime":9664.0,"start":0.4030605,"end":0.40157,"start2":0.2992349,"end2":0.29960752},{"startTime":9664.0,"endTime":9680.0,"start":0.40157,"end":0.4006645,"start2":0.29960752,"end2":0.2998339},{"startTime":9680.0,"endTime":9696.0,"start":0.4006645,"end":0.4001982,"start2":0.2998339,"end2":0.29995045},{"startTime":9696.0,"endTime":9712.0,"start":0.4001982,"end":0.4000253,"start2":0.29995045,"end2":0.2999937},{"startTime":9712.0,"endTime":9728.0,"start":0.4000253,"end":0.4,"start2":0.2999937,"end2":0.3},{"startTime":9728.0,"endTime":9744.0,"start":0.4,"end":0.40001264,"start2":0.3,"end2":0.29998738},{"startTime":9744.0,"endTime":9760.0,"start":0.40001264,"end":0.4000991,"start2":0.29998738,"end2":0.29990092},{"startTime":9760.0,"endTime":9776.0,"start":0.4000991,"end":0.40033224,"start2":0.29990092,"end2":0.29966778},{"startTime":9776.0,"endTime":9792.0,"start":0.40033224,"end":0.400785,"start2":0.29966778,"end2":0.29921502},{"startTime":9792.0,"endTime":9808.0,"start":0.400785,"end":0.40153027,"start2":0.29921502,"end2":0.29846975},{"startTime":9808.0,"endTime":9824.0,"start":0.40153027,"end":0.4026409,"start2":0.29846975,"end2":0.2973591},{"startTime":9824.0,"endTime":9840.0,"start":0.4026409,"end":0.40418985,"start2":0.2973591,"end2":0.29581016},{"startTime":9840.0,"endTime":9856.0,"start":0.40418985,"end":0.40625,"start2":0.29581016,"end2":0.29375002},{"startTime":9856.0,"endTime":9872.0,"start":0.40625,"end":0.40890265,"start2":0.29375002,"end2":0.29109737},{"startTime":9872.0,"endTime":9888.0,"start":0.40890265,"end":0.4122141,"start2":0.29109737,"end2":0.28778592},{"startTime":9888.0,"endTime":9904.0,"start":0.4122141,"end":0.41625726,"start2":0.28778592,"end2":0.28374276},{"startTime":9904.0,"endTime":9920.0,"start":0.41625726,"end":0.421105,"start2":0.28374276,"end2":0.27889502},{"startTime":9920.0,"endTime":9936.0,"start":0.421105,"end":0.42683026,"start2":0.27889502,"end2":0.27316976},{"startTime":9936.0,"endTime":9952.0,"start":0.42683026,"end":0.4335059,"start2":0.27316976,"end2":0.2664941},{"startTime":9952.0,"endTime":9968.0,"start":0.4335059,"end":0.44120485,"start2":0.2664941,"end2":0.25879514},{"startTime":9968.0,"endTime":9984.0,"start":0.44120485,"end":0.45,"start2":0.25879514,"end2":0.25},{"startTime":9984.0,"endTime":10000.0,"start":0.45,"end":0.45879516,"start2":0.25,"end2":0.24120484},{"startTime":10000.0,"endTime":10016.0,"start":0.45879516,"end":0.46649408,"start2":0.24120484,"end2":0.2335059},{"startTime":10016.0,"endTime":10032.0,"start":0.46649408,"end":0.47316974,"start2":0.2335059,"end2":0.22683024},{"startTime":10032.0,"endTime":10048.0,"start":0.47316974,"end":0.478895,"start2":0.22683024,"end2":0.221105},{"startTime":10048.0,"endTime":10064.0,"start":0.478895,"end":0.48374274,"start2":0.221105,"end2":0.21625724},{"startTime":10064.0,"endTime":10080.0,"start":0.48374274,"end":0.4877859,"start2":0.21625724,"end2":0.2122141},{"startTime":10080.0,"endTime":10096.0,"start":0.4877859,"end":0.49109736,"start2":0.2122141,"end2":0.20890264},{"startTime":10096.0,"endTime":10112.0,"start":0.49109736,"end":0.49375,"start2":0.20890264,"end2":0.20624998},{"startTime":10112.0,"endTime":10128.0,"start":0.49375,"end":0.49581015,"start2":0.20624998,"end2":0.20418984},{"startTime":10128.0,"endTime":10144.0,"start":0.49581015,"end":0.4973591,"start2":0.20418984,"end2":0.20264089},{"startTime":10144.0,"endTime":10160.0,"start":0.4973591,"end":0.49846974,"start2":0.20264089,"end2":0.20153023},{"startTime":10160.0,"endTime":10176.0,"start":0.49846974,"end":0.499215,"start2":0.20153023,"end2":0.20078498},{"startTime":10176.0,"endTime":10192.0,"start":0.499215,"end":0.49966776,"start2":0.20078498,"end2":0.20033224},{"startTime":10192.0,"endTime":10208.0,"start":0.49966776,"end":0.4999009,"start2":0.20033224,"end2":0.20009908},{"startTime":10208.0,"endTime":10224.0,"start":0.4999009,"end":0.49998736,"start2":0.20009908,"end2":0.20001264},{"startTime":10224.0,"endTime":10240.0,"start":0.49998736,"end":0.5,"start2":0.20001264,"end2":0.19999999},{"startTime":10240.0,"endTime":11238.0,"start":0.5,"end":0.5,"start2":0.19999999,"end2":0.19999999},{"startTime":11238.0,"endTime":11239.0,"start":0.5,"end":0.5,"start2":0.19999999,"end2":0.2},{"startTime":11239.0,"endTime":11264.0,"start":0.5,"end":0.5,"start2":0.2,"end2":0.2},{"startTime":11264.0,"endTime":11268.0,"start":0.5,"end":0.5,"start2":0.2,"end2":0.25449145},{"startTime":11268.0,"endTime":11272.0,"start":0.5,"end":0.5,"start2":0.25449145,"end2":0.30558366},{"startTime":11272.0,"endTime":11276.0,"start":0.5,"end":0.5,"start2":0.30558366,"end2":0.35338584},{"startTime":11276.0,"endTime":11280.0,"start":0.5,"end":0.5,"start2":0.35338584,"end2":0.39800748},{"startTime":11280.0,"endTime":11284.0,"start":0.5,"end":0.5,"start2":0.39800748,"end2":0.43955788},{"startTime":11284.0,"endTime":11288.0,"start":0.5,"end":0.5,"start2":0.43955788,"end2":0.4781463},{"startTime":11288.0,"endTime":11292.0,"start":0.5,"end":0.5,"start2":0.4781463,"end2":0.5138823},{"startTime":11292.0,"endTime":11296.0,"start":0.5,"end":0.5,"start2":0.5138823,"end2":0.546875},{"startTime":11296.0,"endTime":11300.0,"start":0.5,"end":0.5,"start2":0.546875,"end2":0.5772014},{"startTime":11300.0,"endTime":11304.0,"start":0.5,"end":0.5,"start2":0.5772014,"end2":0.6050061},{"startTime":11304.0,"endTime":11308.0,"start":0.5,"end":0.5,"start2":0.6050061,"end2":0.63039833},{"startTime":11308.0,"endTime":11312.0,"start":0.5,"end":0.5,"start2":0.63039833,"end2":0.6534875},{"startTime":11312.0,"endTime":11316.0,"start":0.5,"end":0.5,"start2":0.6534875,"end2":0.6743828},{"startTime":11316.0,"endTime":11320.0,"start":0.5,"end":0.5,"start2":0.6743828,"end2":0.6931938},{"startTime":11320.0,"endTime":11324.0,"start":0.5,"end":0.5,"start2":0.6931938,"end2":0.7100298},{"startTime":11324.0,"endTime":11328.0,"start":0.5,"end":0.5,"start2":0.7100298,"end2":0.72499996},{"startTime":11328.0,"endTime":11332.0,"start":0.5,"end":0.5,"start2":0.72499996,"end2":0.7381927},{"startTime":11332.0,"endTime":11336.0,"start":0.5,"end":0.5,"start2":0.7381927,"end2":0.74974114},{"startTime":11336.0,"endTime":11340.0,"start":0.5,"end":0.5,"start2":0.74974114,"end2":0.7597546},{"startTime":11340.0,"endTime":11344.0,"start":0.5,"end":0.5,"start2":0.7597546,"end2":0.76834244},{"startTime":11344.0,"endTime":11348.0,"start":0.5,"end":0.5,"start2":0.76834244,"end2":0.7756141},{"startTime":11348.0,"endTime":11352.0,"start":0.5,"end":0.5,"start2":0.7756141,"end2":0.7816788},{"startTime":11352.0,"endTime":11356.0,"start":0.5,"end":0.5,"start2":0.7816788,"end2":0.786646},{"startTime":11356.0,"endTime":11360.0,"start":0.5,"end":0.5,"start2":0.786646,"end2":0.790625},{"startTime":11360.0,"endTime":11364.0,"start":0.5,"end":0.5,"start2":0.790625,"end2":0.7937152},{"startTime":11364.0,"endTime":11368.0,"start":0.5,"end":0.5,"start2":0.7937152,"end2":0.79603857},{"startTime":11368.0,"endTime":11372.0,"start":0.5,"end":0.5,"start2":0.79603857,"end2":0.7977046},{"startTime":11372.0,"endTime":11376.0,"start":0.5,"end":0.5,"start2":0.7977046,"end2":0.7988224},{"startTime":11376.0,"endTime":11380.0,"start":0.5,"end":0.5,"start2":0.7988224,"end2":0.79950154},{"startTime":11380.0,"endTime":11384.0,"start":0.5,"end":0.5,"start2":0.79950154,"end2":0.7998513},{"startTime":11384.0,"endTime":11388.0,"start":0.5,"end":0.5,"start2":0.7998513,"end2":0.79998094},{"startTime":11388.0,"endTime":11392.0,"start":0.5,"end":0.5,"start2":0.79998094,"end2":0.79999995},{"startTime":11392.0,"endTime":12288.0,"start":0.5,"end":0.5,"start2":0.79999995,"end2":0.79999995},{"startTime":12288.0,"endTime":12296.0,"start":0.5,"end":0.5,"start2":0.79999995,"end2":0.77578354},{"startTime":12296.0,"endTime":12304.0,"start":0.5,"end":0.5,"start2":0.77578354,"end2":0.7530619},{"startTime":12304.0,"endTime":12312.0,"start":0.5,"end":0.5,"start2":0.7530619,"end2":0.73177236},{"startTime":12312.0,"endTime":12320.0,"start":0.5,"end":0.5,"start2":0.73177236,"end2":0.7118535},{"startTime":12320.0,"endTime":12328.0,"start":0.5,"end":0.5,"start2":0.7118535,"end2":0.69324523},{"startTime":12328.0,"endTime":12336.0,"start":0.5,"end":0.5,"start2":0.69324523,"end2":0.6758889},{"startTime":12336.0,"endTime":12344.0,"start":0.5,"end":0.5,"start2":0.6758889,"end2":0.6597271},{"startTime":12344.0,"endTime":12352.0,"start":0.5,"end":0.5,"start2":0.6597271,"end2":0.64470375},{"startTime":12352.0,"endTime":12360.0,"start":0.5,"end":0.5,"start2":0.64470375,"end2":0.63076425},{"startTime":12360.0,"endTime":12368.0,"start":0.5,"end":0.5,"start2":0.63076425,"end2":0.6178552},{"startTime":12368.0,"endTime":12376.0,"start":0.5,"end":0.5,"start2":0.6178552,"end2":0.6059246},{"startTime":12376.0,"endTime":12384.0,"start":0.5,"end":0.5,"start2":0.6059246,"end2":0.5949219},{"startTime":12384.0,"endTime":12392.0,"start":0.5,"end":0.5,"start2":0.5949219,"end2":0.5848136},{"startTime":12392.0,"endTime":12400.0,"start":0.5,"end":0.5,"start2":0.5848136,"end2":0.57553416},{"startTime":12400.0,"endTime":12408.0,"start":0.5,"end":0.5,"start2":0.57553416,"end2":0.56703705},{"startTime":12408.0,"endTime":12416.0,"start":0.5,"end":0.5,"start2":0.56703705,"end2":0.559277},{"startTime":12416.0,"endTime":12424.0,"start":0.5,"end":0.5,"start2":0.559277,"end2":0.5522101},{"startTime":12424.0,"endTime":12432.0,"start":0.5,"end":0.5,"start2":0.5522101,"end2":0.54579395},{"startTime":12432.0,"endTime":12440.0,"start":0.5,"end":0.5,"start2":0.54579395,"end2":0.53998727},{"startTime":12440.0,"endTime":12448.0,"start":0.5,"end":0.5,"start2":0.53998727,"end2":0.53475034},{"startTime":12448.0,"endTime":12456.0,"start":0.5,"end":0.5,"start2":0.53475034,"end2":0.5300446},{"startTime":12456.0,"endTime":12464.0,"start":0.5,"end":0.5,"start2":0.5300446,"end2":0.52583295},{"startTime":12464.0,"endTime":12472.0,"start":0.5,"end":0.5,"start2":0.52583295,"end2":0.5220795},{"startTime":12472.0,"endTime":12480.0,"start":0.5,"end":0.5,"start2":0.5220795,"end2":0.51875},{"startTime":12480.0,"endTime":12488.0,"start":0.5,"end":0.5,"start2":0.51875,"end2":0.51581806},{"startTime":12488.0,"endTime":12496.0,"start":0.5,"end":0.5,"start2":0.51581806,"end2":0.5132439},{"startTime":12496.0,"endTime":12504.0,"start":0.5,"end":0.5,"start2":0.5132439,"end2":0.5109973},{"startTime":12504.0,"endTime":12512.0,"start":0.5,"end":0.5,"start2":0.5109973,"end2":0.5090491},{"startTime":12512.0,"endTime":12520.0,"start":0.5,"end":0.5,"start2":0.5090491,"end2":0.5073718},{"startTime":12520.0,"endTime":12528.0,"start":0.5,"end":0.5,"start2":0.5073718,"end2":0.50593895},{"startTime":12528.0,"endTime":12536.0,"start":0.5,"end":0.5,"start2":0.50593895,"end2":0.50472564},{"startTime":12536.0,"endTime":12544.0,"start":0.5,"end":0.5,"start2":0.50472564,"end2":0.5037082},{"startTime":12544.0,"endTime":12552.0,"start":0.5,"end":0.5,"start2":0.5037082,"end2":0.50286436},{"startTime":12552.0,"endTime":12560.0,"start":0.5,"end":0.5,"start2":0.50286436,"end2":0.5021732},{"startTime":12560.0,"endTime":12568.0,"start":0.5,"end":0.5,"start2":0.5021732,"end2":0.5016151},{"startTime":12568.0,"endTime":12576.0,"start":0.5,"end":0.5,"start2":0.5016151,"end2":0.5011719},{"startTime":12576.0,"endTime":12584.0,"start":0.5,"end":0.5,"start2":0.5011719,"end2":0.50082815},{"startTime":12584.0,"endTime":12592.0,"start":0.5,"end":0.5,"start2":0.50082815,"end2":0.5005662},{"startTime":12592.0,"endTime":12600.0,"start":0.5,"end":0.5,"start2":0.5005662,"end2":0.50037193},{"startTime":12600.0,"endTime":12608.0,"start":0.5,"end":0.5,"start2":0.50037193,"end2":0.5002326},{"startTime":12608.0,"endTime":12616.0,"start":0.5,"end":0.5,"start2":0.5002326,"end2":0.5001366},{"startTime":12616.0,"endTime":12624.0,"start":0.5,"end":0.5,"start2":0.5001366,"end2":0.50007397},{"startTime":12624.0,"endTime":12632.0,"start":0.5,"end":0.5,"start2":0.50007397,"end2":0.5000358},{"startTime":12632.0,"endTime":12640.0,"start":0.5,"end":0.5,"start2":0.5000358,"end2":0.5000147},{"startTime":12640.0,"endTime":12648.0,"start":0.5,"end":0.5,"start2":0.5000147,"end2":0.5000047},{"startTime":12648.0,"endTime":12656.0,"start":0.5,"end":0.5,"start2":0.5000047,"end2":0.50000095},{"startTime":12656.0,"endTime":12664.0,"start":0.5,"end":0.5,"start2":0.50000095,"end2":0.50000006},{"startTime":12664.0,"endTime":12672.0,"start":0.5,"end":0.5,"start2":0.50000006,"end2":0.5},{"startTime":12672.0,"endTime":1000000000.0,"start":0.5,"end":0.5,"start2":0.5,"end2":0.5}],"judgeLineRotateEvents":[{"startTime":-999999.0,"endTime":4736.0,"start":0.0,"end":0.0},{"startTime":4736.0,"endTime":4992.0,"start":0.0,"end":-15.0},{"startTime":4992.0,"endTime":5248.0,"start":-15.0,"end":-50.0},{"startTime":5248.0,"endTime":5264.0,"start":-50.0,"end":-49.995457},{"startTime":5264.0,"endTime":5280.0,"start":-49.995457,"end":-49.970905},{"startTime":5280.0,"endTime":5296.0,"start":-49.970905,"end":-49.90254},{"startTime":5296.0,"endTime":5312.0,"start":-49.90254,"end":-49.77207},{"startTime":5312.0,"endTime":5328.0,"start":-49.77207,"end":-49.558113},{"startTime":5328.0,"endTime":5344.0,"start":-49.558113,"end":-49.235825},{"startTime":5344.0,"endTime":5360.0,"start":-49.235825,"end":-48.794514},{"startTime":5360.0,"endTime":5376.0,"start":-48.794514,"end":-48.1945},{"startTime":5376.0,"endTime":5392.0,"start":-48.1945,"end":-47.439236},{"startTime":5392.0,"endTime":5408.0,"start":-47.439236,"end":-46.480427},{"startTime":5408.0,"endTime":5424.0,"start":-46.480427,"end":-45.321514},{"startTime":5424.0,"endTime":5440.0,"start":-45.321514,"end":-43.92593},{"startTime":5440.0,"endTime":5456.0,"start":-43.92593,"end":-42.277462},{"startTime":5456.0,"endTime":5472.0,"start":-42.277462,"end":-40.363346},{"startTime":5472.0,"endTime":5488.0,"start":-40.363346,"end":-38.13942},{"startTime":5488.0,"endTime":5504.0,"start":-38.13942,"end":-35.625},{"startTime":5504.0,"endTime":5520.0,"start":-35.625,"end":-32.739708},{"startTime":5520.0,"endTime":5536.0,"start":-32.739708,"end":-29.523907},{"startTime":5536.0,"endTime":5552.0,"start":-29.523907,"end":-25.910662},{"startTime":5552.0,"endTime":5568.0,"start":-25.910662,"end":-21.90757},{"startTime":5568.0,"endTime":5584.0,"start":-21.90757,"end":-17.48461},{"startTime":5584.0,"endTime":5600.0,"start":-17.48461,"end":-12.608324},{"startTime":5600.0,"endTime":5616.0,"start":-12.608324,"end":-7.293884},{"startTime":5616.0,"endTime":5632.0,"start":-7.293884,"end":-1.4584992},{"startTime":5632.0,"endTime":5648.0,"start":-1.4584992,"end":4.842631},{"startTime":5648.0,"endTime":5664.0,"start":4.842631,"end":11.709575},{"startTime":5664.0,"endTime":5680.0,"start":11.709575,"end":19.095734},{"startTime":5680.0,"endTime":5696.0,"start":19.095734,"end":27.063566},{"startTime":5696.0,"endTime":5712.0,"start":27.063566,"end":35.62066},{"startTime":5712.0,"endTime":5728.0,"start":35.62066,"end":44.771152},{"startTime":5728.0,"endTime":5744.0,"start":44.771152,"end":54.585083},{"startTime":5744.0,"endTime":5776.0,"start":54.585083,"end":75.41492},{"startTime":5776.0,"endTime":5792.0,"start":75.41492,"end":85.22884},{"startTime":5792.0,"endTime":5808.0,"start":85.22884,"end":94.37936},{"startTime":5808.0,"endTime":5824.0,"start":94.37936,"end":102.93642},{"startTime":5824.0,"endTime":5840.0,"start":102.93642,"end":110.90427},{"startTime":5840.0,"endTime":5856.0,"start":110.90427,"end":118.29043},{"startTime":5856.0,"endTime":5872.0,"start":118.29043,"end":125.157364},{"startTime":5872.0,"endTime":5888.0,"start":125.157364,"end":131.4585},{"startTime":5888.0,"endTime":5904.0,"start":131.4585,"end":137.29388},{"startTime":5904.0,"endTime":5920.0,"start":137.29388,"end":142.60832},{"startTime":5920.0,"endTime":5936.0,"start":142.60832,"end":147.4846},{"startTime":5936.0,"endTime":5952.0,"start":147.4846,"end":151.90756},{"startTime":5952.0,"endTime":5968.0,"start":151.90756,"end":155.91066},{"startTime":5968.0,"endTime":5984.0,"start":155.91066,"end":159.5239},{"startTime":5984.0,"endTime":6000.0,"start":159.5239,"end":162.7397},{"startTime":6000.0,"endTime":6016.0,"start":162.7397,"end":165.625},{"startTime":6016.0,"endTime":6032.0,"start":165.625,"end":168.1394},{"startTime":6032.0,"endTime":6048.0,"start":168.1394,"end":170.36334},{"startTime":6048.0,"endTime":6064.0,"start":170.36334,"end":172.27747},{"startTime":6064.0,"endTime":6080.0,"start":172.27747,"end":173.92592},{"startTime":6080.0,"endTime":6096.0,"start":173.92592,"end":175.3215},{"startTime":6096.0,"endTime":6112.0,"start":175.3215,"end":176.48042},{"startTime":6112.0,"endTime":6128.0,"start":176.48042,"end":177.43924},{"startTime":6128.0,"endTime":6144.0,"start":177.43924,"end":178.1945},{"startTime":6144.0,"endTime":6160.0,"start":178.1945,"end":178.79451},{"startTime":6160.0,"endTime":6176.0,"start":178.79451,"end":179.23582},{"startTime":6176.0,"endTime":6192.0,"start":179.23582,"end":179.55812},{"startTime":6192.0,"endTime":6208.0,"start":179.55812,"end":179.77208},{"startTime":6208.0,"endTime":6224.0,"start":179.77208,"end":179.90254},{"startTime":6224.0,"endTime":6240.0,"start":179.90254,"end":179.97092},{"startTime":6240.0,"endTime":6256.0,"start":179.97092,"end":179.99547},{"startTime":6256.0,"endTime":6272.0,"start":179.99547,"end":180.0},{"startTime":6272.0,"endTime":7552.0,"start":0.0,"end":0.0},{"startTime":7552.0,"endTime":7556.0,"start":0.0,"end":0.90819085},{"startTime":7556.0,"endTime":7560.0,"start":0.90819085,"end":1.7597276},{"startTime":7560.0,"endTime":7564.0,"start":1.7597276,"end":2.556431},{"startTime":7564.0,"endTime":7568.0,"start":2.556431,"end":3.3001251},{"startTime":7568.0,"endTime":7572.0,"start":3.3001251,"end":3.9926314},{"startTime":7572.0,"endTime":7576.0,"start":3.9926314,"end":4.635772},{"startTime":7576.0,"endTime":7580.0,"start":4.635772,"end":5.231372},{"startTime":7580.0,"endTime":7584.0,"start":5.231372,"end":5.78125},{"startTime":7584.0,"endTime":7588.0,"start":5.78125,"end":6.2866907},{"startTime":7588.0,"endTime":7592.0,"start":6.2866907,"end":6.7501025},{"startTime":7592.0,"endTime":7596.0,"start":6.7501025,"end":7.1733065},{"startTime":7596.0,"endTime":7600.0,"start":7.1733065,"end":7.5581255},{"startTime":7600.0,"endTime":7604.0,"start":7.5581255,"end":7.9063807},{"startTime":7604.0,"endTime":7608.0,"start":7.9063807,"end":8.219897},{"startTime":7608.0,"endTime":7612.0,"start":8.219897,"end":8.500497},{"startTime":7612.0,"endTime":7616.0,"start":8.500497,"end":8.75},{"startTime":7616.0,"endTime":7620.0,"start":8.75,"end":8.969878},{"startTime":7620.0,"endTime":7624.0,"start":8.969878,"end":9.162353},{"startTime":7624.0,"endTime":7628.0,"start":9.162353,"end":9.329244},{"startTime":7628.0,"endTime":7632.0,"start":9.329244,"end":9.472375},{"startTime":7632.0,"endTime":7636.0,"start":9.472375,"end":9.593569},{"startTime":7636.0,"endTime":7640.0,"start":9.593569,"end":9.694648},{"startTime":7640.0,"endTime":7644.0,"start":9.694648,"end":9.777433},{"startTime":7644.0,"endTime":7648.0,"start":9.777433,"end":9.84375},{"startTime":7648.0,"endTime":7652.0,"start":9.84375,"end":9.895254},{"startTime":7652.0,"endTime":7656.0,"start":9.895254,"end":9.933977},{"startTime":7656.0,"endTime":7660.0,"start":9.933977,"end":9.961744},{"startTime":7660.0,"endTime":7664.0,"start":9.961744,"end":9.980374},{"startTime":7664.0,"endTime":7668.0,"start":9.980374,"end":9.9916935},{"startTime":7668.0,"endTime":7672.0,"start":9.9916935,"end":9.997522},{"startTime":7672.0,"endTime":7676.0,"start":9.997522,"end":9.999683},{"startTime":7676.0,"endTime":7680.0,"start":9.999683,"end":10.0},{"startTime":7680.0,"endTime":7684.0,"start":10.0,"end":8.637713},{"startTime":7684.0,"endTime":7688.0,"start":8.637713,"end":7.360409},{"startTime":7688.0,"endTime":7692.0,"start":7.360409,"end":6.1653533},{"startTime":7692.0,"endTime":7696.0,"start":6.1653533,"end":5.0498123},{"startTime":7696.0,"endTime":7700.0,"start":5.0498123,"end":4.011053},{"startTime":7700.0,"endTime":7704.0,"start":4.011053,"end":3.046342},{"startTime":7704.0,"endTime":7708.0,"start":3.046342,"end":2.1529417},{"startTime":7708.0,"endTime":7712.0,"start":2.1529417,"end":1.328125},{"startTime":7712.0,"endTime":7716.0,"start":1.328125,"end":0.56996375},{"startTime":7716.0,"endTime":7720.0,"start":0.56996375,"end":-0.12515396},{"startTime":7720.0,"endTime":7724.0,"start":-0.12515396,"end":-0.7599595},{"startTime":7724.0,"endTime":7728.0,"start":-0.7599595,"end":-1.3371879},{"startTime":7728.0,"endTime":7732.0,"start":-1.3371879,"end":-1.8595713},{"startTime":7732.0,"endTime":7736.0,"start":-1.8595713,"end":-2.3298457},{"startTime":7736.0,"endTime":7740.0,"start":-2.3298457,"end":-2.750745},{"startTime":7740.0,"endTime":7744.0,"start":-2.750745,"end":-3.125},{"startTime":7744.0,"endTime":7748.0,"start":-3.125,"end":-3.4548178},{"startTime":7748.0,"endTime":7752.0,"start":-3.4548178,"end":-3.743529},{"startTime":7752.0,"endTime":7756.0,"start":-3.743529,"end":-3.993866},{"startTime":7756.0,"endTime":7760.0,"start":-3.993866,"end":-4.2085624},{"startTime":7760.0,"endTime":7764.0,"start":-4.2085624,"end":-4.3903527},{"startTime":7764.0,"endTime":7768.0,"start":-4.3903527,"end":-4.5419717},{"startTime":7768.0,"endTime":7772.0,"start":-4.5419717,"end":-4.666151},{"startTime":7772.0,"endTime":7776.0,"start":-4.666151,"end":-4.765625},{"startTime":7776.0,"endTime":7780.0,"start":-4.765625,"end":-4.8428807},{"startTime":7780.0,"endTime":7784.0,"start":-4.8428807,"end":-4.9009657},{"startTime":7784.0,"endTime":7788.0,"start":-4.9009657,"end":-4.942616},{"startTime":7788.0,"endTime":7792.0,"start":-4.942616,"end":-4.970562},{"startTime":7792.0,"endTime":7796.0,"start":-4.970562,"end":-4.9875402},{"startTime":7796.0,"endTime":7800.0,"start":-4.9875402,"end":-4.9962835},{"startTime":7800.0,"endTime":7804.0,"start":-4.9962835,"end":-4.999525},{"startTime":7804.0,"endTime":7808.0,"start":-4.999525,"end":-5.0},{"startTime":7808.0,"endTime":7812.0,"start":-5.0,"end":-4.0918093},{"startTime":7812.0,"endTime":7816.0,"start":-4.0918093,"end":-3.2402725},{"startTime":7816.0,"endTime":7820.0,"start":-3.2402725,"end":-2.443569},{"startTime":7820.0,"endTime":7824.0,"start":-2.443569,"end":-1.699875},{"startTime":7824.0,"endTime":7828.0,"start":-1.699875,"end":-1.0073686},{"startTime":7828.0,"endTime":7832.0,"start":-1.0073686,"end":-0.3642279},{"startTime":7832.0,"endTime":7836.0,"start":-0.3642279,"end":0.23137212},{"startTime":7836.0,"endTime":7840.0,"start":0.23137212,"end":0.78125},{"startTime":7840.0,"endTime":7844.0,"start":0.78125,"end":1.2866908},{"startTime":7844.0,"endTime":7848.0,"start":1.2866908,"end":1.7501026},{"startTime":7848.0,"endTime":7852.0,"start":1.7501026,"end":2.1733065},{"startTime":7852.0,"endTime":7856.0,"start":2.1733065,"end":2.5581253},{"startTime":7856.0,"endTime":7860.0,"start":2.5581253,"end":2.906381},{"startTime":7860.0,"endTime":7864.0,"start":2.906381,"end":3.2198973},{"startTime":7864.0,"endTime":7868.0,"start":3.2198973,"end":3.5004969},{"startTime":7868.0,"endTime":7872.0,"start":3.5004969,"end":3.75},{"startTime":7872.0,"endTime":7876.0,"start":3.75,"end":3.9698787},{"startTime":7876.0,"endTime":7880.0,"start":3.9698787,"end":4.1623526},{"startTime":7880.0,"endTime":7884.0,"start":4.1623526,"end":4.3292437},{"startTime":7884.0,"endTime":7888.0,"start":4.3292437,"end":4.472375},{"startTime":7888.0,"endTime":7892.0,"start":4.472375,"end":4.5935683},{"startTime":7892.0,"endTime":7896.0,"start":4.5935683,"end":4.694648},{"startTime":7896.0,"endTime":7900.0,"start":4.694648,"end":4.777434},{"startTime":7900.0,"endTime":7904.0,"start":4.777434,"end":4.84375},{"startTime":7904.0,"endTime":7908.0,"start":4.84375,"end":4.8952537},{"startTime":7908.0,"endTime":7912.0,"start":4.8952537,"end":4.933977},{"startTime":7912.0,"endTime":7916.0,"start":4.933977,"end":4.961744},{"startTime":7916.0,"endTime":7920.0,"start":4.961744,"end":4.9803743},{"startTime":7920.0,"endTime":7924.0,"start":4.9803743,"end":4.9916935},{"startTime":7924.0,"endTime":7928.0,"start":4.9916935,"end":4.9975224},{"startTime":7928.0,"endTime":7932.0,"start":4.9975224,"end":4.9996834},{"startTime":7932.0,"endTime":7936.0,"start":4.9996834,"end":5.0},{"startTime":7936.0,"endTime":7940.0,"start":5.0,"end":4.5459046},{"startTime":7940.0,"endTime":7944.0,"start":4.5459046,"end":4.1201363},{"startTime":7944.0,"endTime":7948.0,"start":4.1201363,"end":3.7217846},{"startTime":7948.0,"endTime":7952.0,"start":3.7217846,"end":3.3499374},{"startTime":7952.0,"endTime":7956.0,"start":3.3499374,"end":3.0036843},{"startTime":7956.0,"endTime":7960.0,"start":3.0036843,"end":2.682114},{"startTime":7960.0,"endTime":7964.0,"start":2.682114,"end":2.384314},{"startTime":7964.0,"endTime":7968.0,"start":2.384314,"end":2.109375},{"startTime":7968.0,"endTime":7972.0,"start":2.109375,"end":1.8566546},{"startTime":7972.0,"endTime":7976.0,"start":1.8566546,"end":1.6249487},{"startTime":7976.0,"endTime":7980.0,"start":1.6249487,"end":1.4133468},{"startTime":7980.0,"endTime":7984.0,"start":1.4133468,"end":1.2209374},{"startTime":7984.0,"endTime":7988.0,"start":1.2209374,"end":1.0468096},{"startTime":7988.0,"endTime":7992.0,"start":1.0468096,"end":0.8900514},{"startTime":7992.0,"endTime":7996.0,"start":0.8900514,"end":0.7497516},{"startTime":7996.0,"endTime":8000.0,"start":0.7497516,"end":0.625},{"startTime":8000.0,"endTime":8004.0,"start":0.625,"end":0.5150607},{"startTime":8004.0,"endTime":8008.0,"start":0.5150607,"end":0.41882366},{"startTime":8008.0,"endTime":8012.0,"start":0.41882366,"end":0.33537805},{"startTime":8012.0,"endTime":8016.0,"start":0.33537805,"end":0.26381254},{"startTime":8016.0,"endTime":8020.0,"start":0.26381254,"end":0.20321578},{"startTime":8020.0,"endTime":8024.0,"start":0.20321578,"end":0.1526761},{"startTime":8024.0,"endTime":8028.0,"start":0.1526761,"end":0.111283064},{"startTime":8028.0,"endTime":8032.0,"start":0.111283064,"end":0.078125},{"startTime":8032.0,"endTime":8036.0,"start":0.078125,"end":0.05237311},{"startTime":8036.0,"endTime":8040.0,"start":0.05237311,"end":0.033011436},{"startTime":8040.0,"endTime":8044.0,"start":0.033011436,"end":0.019128025},{"startTime":8044.0,"endTime":8048.0,"start":0.019128025,"end":0.009812713},{"startTime":8048.0,"endTime":8052.0,"start":0.009812713,"end":0.0041532516},{"startTime":8052.0,"endTime":8056.0,"start":0.0041532516,"end":0.0012388825},{"startTime":8056.0,"endTime":8060.0,"start":0.0012388825,"end":0.00015825033},{"startTime":8060.0,"endTime":8064.0,"start":0.00015825033,"end":0.0},{"startTime":8064.0,"endTime":8192.0,"start":0.0,"end":0.0},{"startTime":8192.0,"endTime":8704.0,"start":0.0,"end":-7.0},{"startTime":8704.0,"endTime":9216.0,"start":-7.0,"end":15.0},{"startTime":9216.0,"endTime":9232.0,"start":15.0,"end":14.99747},{"startTime":9232.0,"endTime":9248.0,"start":14.99747,"end":14.98018},{"startTime":9248.0,"endTime":9264.0,"start":14.98018,"end":14.93355},{"startTime":9264.0,"endTime":9280.0,"start":14.93355,"end":14.843},{"startTime":9280.0,"endTime":9296.0,"start":14.843,"end":14.69395},{"startTime":9296.0,"endTime":9312.0,"start":14.69395,"end":14.47182},{"startTime":9312.0,"endTime":9328.0,"start":14.47182,"end":14.16203},{"startTime":9328.0,"endTime":9344.0,"start":14.16203,"end":13.75},{"startTime":9344.0,"endTime":9360.0,"start":13.75,"end":13.21947},{"startTime":9360.0,"endTime":9376.0,"start":13.21947,"end":12.55718},{"startTime":9376.0,"endTime":9392.0,"start":12.55718,"end":11.74855},{"startTime":9392.0,"endTime":9408.0,"start":11.74855,"end":10.779},{"startTime":9408.0,"endTime":9424.0,"start":10.779,"end":9.63395},{"startTime":9424.0,"endTime":9440.0,"start":9.63395,"end":8.2988205},{"startTime":9440.0,"endTime":9456.0,"start":8.2988205,"end":6.7590303},{"startTime":9456.0,"endTime":9472.0,"start":6.7590303,"end":5.0},{"startTime":9472.0,"endTime":9488.0,"start":5.0,"end":3.2409704},{"startTime":9488.0,"endTime":9504.0,"start":3.2409704,"end":1.7011809},{"startTime":9504.0,"endTime":9520.0,"start":1.7011809,"end":0.36605},{"startTime":9520.0,"endTime":9536.0,"start":0.36605,"end":-0.7789993},{"startTime":9536.0,"endTime":9552.0,"start":-0.7789993,"end":-1.7485499},{"startTime":9552.0,"endTime":9568.0,"start":-1.7485499,"end":-2.55718},{"startTime":9568.0,"endTime":9584.0,"start":-2.55718,"end":-3.2194698},{"startTime":9584.0,"endTime":9600.0,"start":-3.2194698,"end":-3.75},{"startTime":9600.0,"endTime":9616.0,"start":-3.75,"end":-4.16203},{"startTime":9616.0,"endTime":9632.0,"start":-4.16203,"end":-4.4718194},{"startTime":9632.0,"endTime":9648.0,"start":-4.4718194,"end":-4.6939507},{"startTime":9648.0,"endTime":9664.0,"start":-4.6939507,"end":-4.8430004},{"startTime":9664.0,"endTime":9680.0,"start":-4.8430004,"end":-4.9335504},{"startTime":9680.0,"endTime":9696.0,"start":-4.9335504,"end":-4.9801803},{"startTime":9696.0,"endTime":9712.0,"start":-4.9801803,"end":-4.9974704},{"startTime":9712.0,"endTime":9728.0,"start":-4.9974704,"end":-5.0},{"startTime":9728.0,"endTime":9744.0,"start":-5.0,"end":-4.9993677},{"startTime":9744.0,"endTime":9760.0,"start":-4.9993677,"end":-4.995045},{"startTime":9760.0,"endTime":9776.0,"start":-4.995045,"end":-4.9833875},{"startTime":9776.0,"endTime":9792.0,"start":-4.9833875,"end":-4.96075},{"startTime":9792.0,"endTime":9808.0,"start":-4.96075,"end":-4.9234877},{"startTime":9808.0,"endTime":9824.0,"start":-4.9234877,"end":-4.867955},{"startTime":9824.0,"endTime":9840.0,"start":-4.867955,"end":-4.7905073},{"startTime":9840.0,"endTime":9856.0,"start":-4.7905073,"end":-4.6875},{"startTime":9856.0,"endTime":9872.0,"start":-4.6875,"end":-4.5548677},{"startTime":9872.0,"endTime":9888.0,"start":-4.5548677,"end":-4.389295},{"startTime":9888.0,"endTime":9904.0,"start":-4.389295,"end":-4.1871376},{"startTime":9904.0,"endTime":9920.0,"start":-4.1871376,"end":-3.94475},{"startTime":9920.0,"endTime":9936.0,"start":-3.94475,"end":-3.6584876},{"startTime":9936.0,"endTime":9952.0,"start":-3.6584876,"end":-3.3247051},{"startTime":9952.0,"endTime":9968.0,"start":-3.3247051,"end":-2.9397576},{"startTime":9968.0,"endTime":9984.0,"start":-2.9397576,"end":-2.5},{"startTime":9984.0,"endTime":10000.0,"start":-2.5,"end":-2.0602427},{"startTime":10000.0,"endTime":10016.0,"start":-2.0602427,"end":-1.6752952},{"startTime":10016.0,"endTime":10032.0,"start":-1.6752952,"end":-1.3415124},{"startTime":10032.0,"endTime":10048.0,"start":-1.3415124,"end":-1.0552502},{"startTime":10048.0,"endTime":10064.0,"start":-1.0552502,"end":-0.8128625},{"startTime":10064.0,"endTime":10080.0,"start":-0.8128625,"end":-0.610705},{"startTime":10080.0,"endTime":10096.0,"start":-0.610705,"end":-0.44513255},{"startTime":10096.0,"endTime":10112.0,"start":-0.44513255,"end":-0.3125},{"startTime":10112.0,"endTime":10128.0,"start":-0.3125,"end":-0.20949244},{"startTime":10128.0,"endTime":10144.0,"start":-0.20949244,"end":-0.13204515},{"startTime":10144.0,"endTime":10160.0,"start":-0.13204515,"end":-0.0765124},{"startTime":10160.0,"endTime":10176.0,"start":-0.0765124,"end":-0.039249957},{"startTime":10176.0,"endTime":10192.0,"start":-0.039249957,"end":-0.01661241},{"startTime":10192.0,"endTime":10208.0,"start":-0.01661241,"end":-0.004954934},{"startTime":10208.0,"endTime":10224.0,"start":-0.004954934,"end":-0.0006324053},{"startTime":10224.0,"endTime":10240.0,"start":-0.0006324053,"end":0.0},{"startTime":10240.0,"endTime":1000000000.0,"start":0.0,"end":0.0}],"judgeLineDisappearEvents":[{"startTime":-999999.0,"endTime":6272.0,"start":1.0,"end":1.0},{"startTime":6272.0,"endTime":6400.0,"start":0.0,"end":0.0},{"startTime":6400.0,"endTime":6404.0,"start":0.0,"end":0.09081908},{"startTime":6404.0,"endTime":6408.0,"start":0.09081908,"end":0.17597276},{"startTime":6408.0,"endTime":6412.0,"start":0.17597276,"end":0.2556431},{"startTime":6412.0,"endTime":6416.0,"start":0.2556431,"end":0.3300125},{"startTime":6416.0,"endTime":6420.0,"start":0.3300125,"end":0.39926314},{"startTime":6420.0,"endTime":6424.0,"start":0.39926314,"end":0.4635772},{"startTime":6424.0,"endTime":6428.0,"start":0.4635772,"end":0.5231372},{"startTime":6428.0,"endTime":6432.0,"start":0.5231372,"end":0.578125},{"startTime":6432.0,"endTime":6436.0,"start":0.578125,"end":0.6286691},{"startTime":6436.0,"endTime":6440.0,"start":0.6286691,"end":0.67501026},{"startTime":6440.0,"endTime":6444.0,"start":0.67501026,"end":0.71733063},{"startTime":6444.0,"endTime":6448.0,"start":0.71733063,"end":0.7558125},{"startTime":6448.0,"endTime":6452.0,"start":0.7558125,"end":0.7906381},{"startTime":6452.0,"endTime":6456.0,"start":0.7906381,"end":0.8219897},{"startTime":6456.0,"endTime":6460.0,"start":0.8219897,"end":0.8500497},{"startTime":6460.0,"endTime":6464.0,"start":0.8500497,"end":0.875},{"startTime":6464.0,"endTime":6468.0,"start":0.875,"end":0.89698786},{"startTime":6468.0,"endTime":6472.0,"start":0.89698786,"end":0.91623527},{"startTime":6472.0,"endTime":6476.0,"start":0.91623527,"end":0.9329244},{"startTime":6476.0,"endTime":6480.0,"start":0.9329244,"end":0.9472375},{"startTime":6480.0,"endTime":6484.0,"start":0.9472375,"end":0.95935684},{"startTime":6484.0,"endTime":6488.0,"start":0.95935684,"end":0.9694648},{"startTime":6488.0,"endTime":6492.0,"start":0.9694648,"end":0.9777434},{"startTime":6492.0,"endTime":6496.0,"start":0.9777434,"end":0.984375},{"startTime":6496.0,"endTime":6500.0,"start":0.984375,"end":0.9895254},{"startTime":6500.0,"endTime":6504.0,"start":0.9895254,"end":0.9933977},{"startTime":6504.0,"endTime":6508.0,"start":0.9933977,"end":0.9961744},{"startTime":6508.0,"endTime":6512.0,"start":0.9961744,"end":0.99803746},{"startTime":6512.0,"endTime":6516.0,"start":0.99803746,"end":0.99916935},{"startTime":6516.0,"endTime":6520.0,"start":0.99916935,"end":0.9997522},{"startTime":6520.0,"endTime":6524.0,"start":0.9997522,"end":0.99996835},{"startTime":6524.0,"endTime":6528.0,"start":0.99996835,"end":1.0},{"startTime":6528.0,"endTime":8096.0,"start":1.0,"end":1.0},{"startTime":8096.0,"endTime":8097.0,"start":0.3,"end":0.32163966},{"startTime":8097.0,"endTime":8098.0,"start":0.32163966,"end":0.3428292},{"startTime":8098.0,"endTime":8099.0,"start":0.3428292,"end":0.36357337},{"startTime":8099.0,"endTime":8100.0,"start":0.36357337,"end":0.38387698},{"startTime":8100.0,"endTime":8101.0,"start":0.38387698,"end":0.40374455},{"startTime":8101.0,"endTime":8102.0,"start":0.40374455,"end":0.42318094},{"startTime":8102.0,"endTime":8103.0,"start":0.42318094,"end":0.44219086},{"startTime":8103.0,"endTime":8104.0,"start":0.44219086,"end":0.460779},{"startTime":8104.0,"endTime":8105.0,"start":0.460779,"end":0.47895017},{"startTime":8105.0,"endTime":8106.0,"start":0.47895017,"end":0.49670908},{"startTime":8106.0,"endTime":8107.0,"start":0.49670908,"end":0.5140603},{"startTime":8107.0,"endTime":8108.0,"start":0.5140603,"end":0.5310088},{"startTime":8108.0,"endTime":8109.0,"start":0.5310088,"end":0.5475591},{"startTime":8109.0,"endTime":8110.0,"start":0.5475591,"end":0.56371593},{"startTime":8110.0,"endTime":8111.0,"start":0.56371593,"end":0.5794842},{"startTime":8111.0,"endTime":8112.0,"start":0.5794842,"end":0.59486854},{"startTime":8112.0,"endTime":8113.0,"start":0.59486854,"end":0.60987353},{"startTime":8113.0,"endTime":8114.0,"start":0.60987353,"end":0.624504},{"startTime":8114.0,"endTime":8115.0,"start":0.624504,"end":0.63876486},{"startTime":8115.0,"endTime":8116.0,"start":0.63876486,"end":0.65266055},{"startTime":8116.0,"endTime":8117.0,"start":0.65266055,"end":0.66619605},{"startTime":8117.0,"endTime":8118.0,"start":0.66619605,"end":0.6793758},{"startTime":8118.0,"endTime":8119.0,"start":0.6793758,"end":0.6922047},{"startTime":8119.0,"endTime":8120.0,"start":0.6922047,"end":0.7046875},{"startTime":8120.0,"endTime":8121.0,"start":0.7046875,"end":0.7168159},{"startTime":8121.0,"endTime":8122.0,"start":0.7168159,"end":0.728608},{"startTime":8122.0,"endTime":8123.0,"start":0.728608,"end":0.7400684},{"startTime":8123.0,"endTime":8124.0,"start":0.7400684,"end":0.7512019},{"startTime":8124.0,"endTime":8125.0,"start":0.7512019,"end":0.7620133},{"startTime":8125.0,"endTime":8126.0,"start":0.7620133,"end":0.7725072},{"startTime":8126.0,"endTime":8127.0,"start":0.7725072,"end":0.7826883},{"startTime":8127.0,"endTime":8128.0,"start":0.7826883,"end":0.79256153},{"startTime":8128.0,"endTime":8129.0,"start":0.79256153,"end":0.8021315},{"startTime":8129.0,"endTime":8130.0,"start":0.8021315,"end":0.8114028},{"startTime":8130.0,"endTime":8131.0,"start":0.8114028,"end":0.8203804},{"startTime":8131.0,"endTime":8132.0,"start":0.8203804,"end":0.8290688},{"startTime":8132.0,"endTime":8133.0,"start":0.8290688,"end":0.8374728},{"startTime":8133.0,"endTime":8134.0,"start":0.8374728,"end":0.8455972},{"startTime":8134.0,"endTime":8135.0,"start":0.8455972,"end":0.85344666},{"startTime":8135.0,"endTime":8136.0,"start":0.85344666,"end":0.8610259},{"startTime":8136.0,"endTime":8137.0,"start":0.8610259,"end":0.8683398},{"startTime":8137.0,"endTime":8138.0,"start":0.8683398,"end":0.8753928},{"startTime":8138.0,"endTime":8139.0,"start":0.8753928,"end":0.8821898},{"startTime":8139.0,"endTime":8140.0,"start":0.8821898,"end":0.8887356},{"startTime":8140.0,"endTime":8141.0,"start":0.8887356,"end":0.8950348},{"startTime":8141.0,"endTime":8142.0,"start":0.8950348,"end":0.90109205},{"startTime":8142.0,"endTime":8143.0,"start":0.90109205,"end":0.90691227},{"startTime":8143.0,"endTime":8144.0,"start":0.90691227,"end":0.9125},{"startTime":8144.0,"endTime":8145.0,"start":0.9125,"end":0.9178515},{"startTime":8145.0,"endTime":8146.0,"start":0.9178515,"end":0.9229805},{"startTime":8146.0,"endTime":8147.0,"start":0.9229805,"end":0.9278915},{"startTime":8147.0,"endTime":8148.0,"start":0.9278915,"end":0.9325894},{"startTime":8148.0,"endTime":8149.0,"start":0.9325894,"end":0.9370789},{"startTime":8149.0,"endTime":8150.0,"start":0.9370789,"end":0.9413647},{"startTime":8150.0,"endTime":8151.0,"start":0.9413647,"end":0.9454515},{"startTime":8151.0,"endTime":8152.0,"start":0.9454515,"end":0.94934404},{"startTime":8152.0,"endTime":8153.0,"start":0.94934404,"end":0.9530471},{"startTime":8153.0,"endTime":8154.0,"start":0.9530471,"end":0.9565653},{"startTime":8154.0,"endTime":8155.0,"start":0.9565653,"end":0.9599035},{"startTime":8155.0,"endTime":8156.0,"start":0.9599035,"end":0.9630662},{"startTime":8156.0,"endTime":8157.0,"start":0.9630662,"end":0.96605843},{"startTime":8157.0,"endTime":8158.0,"start":0.96605843,"end":0.9688847},{"startTime":8158.0,"endTime":8159.0,"start":0.9688847,"end":0.9715498},{"startTime":8159.0,"endTime":8160.0,"start":0.9715498,"end":0.9740585},{"startTime":8160.0,"endTime":8161.0,"start":0.9740585,"end":0.9764154},{"startTime":8161.0,"endTime":8162.0,"start":0.9764154,"end":0.97862536},{"startTime":8162.0,"endTime":8163.0,"start":0.97862536,"end":0.980693},{"startTime":8163.0,"endTime":8164.0,"start":0.980693,"end":0.98262304},{"startTime":8164.0,"endTime":8165.0,"start":0.98262304,"end":0.98442036},{"startTime":8165.0,"endTime":8166.0,"start":0.98442036,"end":0.9860895},{"startTime":8166.0,"endTime":8167.0,"start":0.9860895,"end":0.9876354},{"startTime":8167.0,"endTime":8168.0,"start":0.9876354,"end":0.9890625},{"startTime":8168.0,"endTime":8169.0,"start":0.9890625,"end":0.9903715},{"startTime":8169.0,"endTime":8170.0,"start":0.9903715,"end":0.9915717},{"startTime":8170.0,"endTime":8171.0,"start":0.9915717,"end":0.9926678},{"startTime":8171.0,"endTime":8172.0,"start":0.9926678,"end":0.9936644},{"startTime":8172.0,"endTime":8173.0,"start":0.9936644,"end":0.9945664},{"startTime":8173.0,"endTime":8174.0,"start":0.9945664,"end":0.9953784},{"startTime":8174.0,"endTime":8175.0,"start":0.9953784,"end":0.9961052},{"startTime":8175.0,"endTime":8176.0,"start":0.9961052,"end":0.99675155},{"startTime":8176.0,"endTime":8177.0,"start":0.99675155,"end":0.9973221},{"startTime":8177.0,"endTime":8178.0,"start":0.9973221,"end":0.99782157},{"startTime":8178.0,"endTime":8179.0,"start":0.99782157,"end":0.99825466},{"startTime":8179.0,"endTime":8180.0,"start":0.99825466,"end":0.99862623},{"startTime":8180.0,"endTime":8181.0,"start":0.99862623,"end":0.99894094},{"startTime":8181.0,"endTime":8182.0,"start":0.99894094,"end":0.99920344},{"startTime":8182.0,"endTime":8183.0,"start":0.99920344,"end":0.99941856},{"startTime":8183.0,"endTime":8184.0,"start":0.99941856,"end":0.99959093},{"startTime":8184.0,"endTime":8185.0,"start":0.99959093,"end":0.9997254},{"startTime":8185.0,"endTime":8186.0,"start":0.9997254,"end":0.99982655},{"startTime":8186.0,"endTime":8187.0,"start":0.99982655,"end":0.99989927},{"startTime":8187.0,"endTime":8188.0,"start":0.99989927,"end":0.9999481},{"startTime":8188.0,"endTime":8189.0,"start":0.9999481,"end":0.9999778},{"startTime":8189.0,"endTime":8190.0,"start":0.9999778,"end":0.99999326},{"startTime":8190.0,"endTime":8191.0,"start":0.99999326,"end":0.9999991},{"startTime":8191.0,"endTime":8192.0,"start":0.9999991,"end":1.0},{"startTime":8192.0,"endTime":1000000000.0,"start":1.0,"end":1.0}]}]}