{"formatVersion":3,"offset":0.0,"judgeLineList":[{"bpm":180.0,"notesAbove":[{"type":3,"time":128,"positionX":-4.0,"holdTime":64.0,"speed":1.2,"floorPosition":1.6},{"type":3,"time":256,"positionX":4.0,"holdTime":64.0,"speed":1.2,"floorPosition":3.2},{"type":3,"time":384,"positionX":-3.0,"holdTime":128.0,"speed":1.2,"floorPosition":4.8},{"type":3,"time":640,"positionX":4.0,"holdTime":64.0,"speed":1.2,"floorPosition":8.0},{"type":3,"time":768,"positionX":-4.0,"holdTime":64.0,"speed":1.2,"floorPosition":9.6},{"type":3,"time":896,"positionX":4.0,"holdTime":128.0,"speed":1.2,"floorPosition":11.200001},{"type":1,"time":1152,"positionX":-2.308782,"holdTime":0.0,"speed":1.0,"floorPosition":14.400001},{"type":1,"time":1280,"positionX":3.05949,"holdTime":0.0,"speed":1.0,"floorPosition":16.0},{"type":1,"time":1344,"positionX":-3.569405,"holdTime":0.0,"speed":1.0,"floorPosition":16.800001},{"type":1,"time":1408,"positionX":1.827196,"holdTime":0.0,"speed":1.0,"floorPosition":17.6},{"type":1,"time":1504,"positionX":-2.0,"holdTime":0.0,"speed":1.0,"floorPosition":18.800001},{"type":2,"time":1536,"positionX":-1.0,"holdTime":0.0,"speed":1.0,"floorPosition":19.2},{"type":2,"time":1568,"positionX":0.0,"holdTime":0.0,"speed":1.0,"floorPosition":19.6},{"type":2,"time":1600,"positionX":0.0,"holdTime":0.0,"speed":1.0,"floorPosition":20.0},{"type":2,"time":1632,"positionX":-1.0,"holdTime":0.0,"speed":1.0,"floorPosition":20.400002},{"type":2,"time":1664,"positionX":-2.0,"holdTime":0.0,"speed":1.0,"floorPosition":20.800001},{"type":1,"time":1728,"positionX":3.229462,"holdTime":0.0,"speed":1.0,"floorPosition":21.6},{"type":1,"time":1792,"positionX":-3.838527,"holdTime":0.0,"speed":1.0,"floorPosition":22.400002},{"type":1,"time":1856,"positionX":3.824363,"holdTime":0.0,"speed":1.0,"floorPosition":23.2},{"type":2,"time":1888,"positionX":2.648726,"holdTime":0.0,"speed":1.0,"floorPosition":23.6},{"type":2,"time":1920,"positionX":1.713881,"holdTime":0.0,"speed":1.0,"floorPosition":24.0},{"type":1,"time":1984,"positionX":-2.43626,"holdTime":0.0,"speed":1.0,"floorPosition":24.800001},{"type":1,"time":2048,"positionX":2.025496,"holdTime":0.0,"speed":1.0,"floorPosition":25.6},{"type":2,"time":2080,"positionX":3.045326,"holdTime":0.0,"speed":1.0,"floorPosition":26.000002},{"type":2,"time":2112,"positionX":4.0,"holdTime":0.0,"speed":1.0,"floorPosition":26.400002},{"type":2,"time":2144,"positionX":3.0,"holdTime":0.0,"speed":1.0,"floorPosition":26.800001},{"type":2,"time":2176,"positionX":2.0,"holdTime":0.0,"speed":1.0,"floorPosition":27.2},{"type":1,"time":2304,"positionX":-1.94051,"holdTime":0.0,"speed":1.0,"floorPosition":28.800001},{"type":1,"time":2368,"positionX":2.705382,"holdTime":0.0,"speed":1.0,"floorPosition":29.6},{"type":1,"time":2432,"positionX":-4.135977,"holdTime":0.0,"speed":1.0,"floorPosition":30.400002},{"type":1,"time":2528,"positionX":-1.0,"holdTime":0.0,"speed":1.0,"floorPosition":31.6},{"type":2,"time":2560,"positionX":-2.0,"holdTime":0.0,"speed":1.0,"floorPosition":32.0},{"type":2,"time":2592,"positionX":-3.0,"holdTime":0.0,"speed":1.0,"floorPosition":32.4},{"type":2,"time":2624,"positionX":-3.0,"holdTime":0.0,"speed":1.0,"floorPosition":32.800003},{"type":2,"time":2656,"positionX":-2.0,"holdTime":0.0,"speed":1.0,"floorPosition":33.2},{"type":2,"time":2688,"positionX":-1.0,"holdTime":0.0,"speed":1.0,"floorPosition":33.600002},{"type":1,"time":2752,"positionX":3.810198,"holdTime":0.0,"speed":1.0,"floorPosition":34.4},{"type":1,"time":2816,"positionX":-2.379603,"holdTime":0.0,"speed":1.0,"floorPosition":35.2},{"type":1,"time":2880,"positionX":3.243625,"holdTime":0.0,"speed":1.0,"floorPosition":36.0},{"type":2,"time":2912,"positionX":1.827196,"holdTime":0.0,"speed":1.0,"floorPosition":36.4},{"type":2,"time":2944,"positionX":0.5099144,"holdTime":0.0,"speed":1.0,"floorPosition":36.800003},{"type":1,"time":3008,"positionX":-3.215298,"holdTime":0.0,"speed":1.0,"floorPosition":37.600002},{"type":1,"time":3072,"positionX":1.0,"holdTime":0.0,"speed":1.0,"floorPosition":38.4},{"type":2,"time":3104,"positionX":2.0,"holdTime":0.0,"speed":1.0,"floorPosition":38.800003},{"type":2,"time":3136,"positionX":3.0,"holdTime":0.0,"speed":1.0,"floorPosition":39.2},{"type":2,"time":3168,"positionX":4.0,"holdTime":0.0,"speed":1.0,"floorPosition":39.600002},{"type":1,"time":3232,"positionX":-2.677053,"holdTime":0.0,"speed":1.0,"floorPosition":40.4},{"type":1,"time":3296,"positionX":2.946176,"holdTime":0.0,"speed":1.0,"floorPosition":41.2},{"type":1,"time":3360,"positionX":-2.634562,"holdTime":0.0,"speed":1.0,"floorPosition":42.0},{"type":1,"time":3424,"positionX":2.889518,"holdTime":0.0,"speed":1.0,"floorPosition":42.800003},{"type":1,"time":3488,"positionX":-2.76204,"holdTime":0.0,"speed":1.0,"floorPosition":43.600002},{"type":1,"time":3552,"positionX":3.101982,"holdTime":0.0,"speed":1.0,"floorPosition":44.4},{"type":1,"time":3616,"positionX":-2.818697,"holdTime":0.0,"speed":1.0,"floorPosition":45.2},{"type":1,"time":3680,"positionX":3.356941,"holdTime":0.0,"speed":1.0,"floorPosition":46.0},{"type":1,"time":3744,"positionX":-3.951841,"holdTime":0.0,"speed":1.0,"floorPosition":46.800003},{"type":1,"time":3808,"positionX":4.504249,"holdTime":0.0,"speed":1.0,"floorPosition":47.600002},{"type":1,"time":3872,"positionX":-3.753541,"holdTime":0.0,"speed":1.0,"floorPosition":48.4},{"type":1,"time":3936,"positionX":4.390935,"holdTime":0.0,"speed":1.0,"floorPosition":49.2},{"type":1,"time":4000,"positionX":-3.597734,"holdTime":0.0,"speed":1.0,"floorPosition":50.000004},{"type":1,"time":4064,"positionX":4.235127,"holdTime":0.0,"speed":1.0,"floorPosition":50.800003},{"type":1,"time":4128,"positionX":-3.796034,"holdTime":0.0,"speed":1.0,"floorPosition":51.600002},{"type":1,"time":4192,"positionX":4.050992,"holdTime":0.0,"speed":1.0,"floorPosition":52.4},{"type":1,"time":4256,"positionX":-4.858356,"holdTime":0.0,"speed":1.0,"floorPosition":53.2},{"type":1,"time":4320,"positionX":0.1133146,"holdTime":0.0,"speed":1.0,"floorPosition":54.000004},{"type":1,"time":4384,"positionX":-4.801701,"holdTime":0.0,"speed":1.0,"floorPosition":54.800003},{"type":1,"time":4448,"positionX":-0.0283289,"holdTime":0.0,"speed":1.0,"floorPosition":55.600002},{"type":1,"time":4512,"positionX":-4.759207,"holdTime":0.0,"speed":1.0,"floorPosition":56.4},{"type":1,"time":4576,"positionX":0.0283289,"holdTime":0.0,"speed":1.0,"floorPosition":57.2},{"type":1,"time":4640,"positionX":-4.830028,"holdTime":0.0,"speed":1.0,"floorPosition":58.000004},{"type":1,"time":4704,"positionX":0.01416397,"holdTime":0.0,"speed":1.0,"floorPosition":58.800003},{"type":1,"time":4768,"positionX":5.339944,"holdTime":0.0,"speed":1.0,"floorPosition":59.600002},{"type":1,"time":4832,"positionX":0.04249191,"holdTime":0.0,"speed":1.0,"floorPosition":60.4},{"type":1,"time":4896,"positionX":5.169972,"holdTime":0.0,"speed":1.0,"floorPosition":61.2},{"type":1,"time":4960,"positionX":-0.01416397,"holdTime":0.0,"speed":1.0,"floorPosition":62.000004},{"type":1,"time":5024,"positionX":5.014163,"holdTime":0.0,"speed":1.0,"floorPosition":62.800003},{"type":1,"time":5088,"positionX":0.05665684,"holdTime":0.0,"speed":1.0,"floorPosition":63.600002},{"type":1,"time":5152,"positionX":5.042492,"holdTime":0.0,"speed":1.0,"floorPosition":64.4},{"type":1,"time":5216,"positionX":0.0283289,"holdTime":0.0,"speed":1.0,"floorPosition":65.200005},{"type":1,"time":5248,"positionX":-2.818697,"holdTime":0.0,"speed":1.0,"floorPosition":65.600006},{"type":1,"time":5312,"positionX":1.458923,"holdTime":0.0,"speed":1.0,"floorPosition":66.4},{"type":1,"time":5312,"positionX":-4.263456,"holdTime":0.0,"speed":1.0,"floorPosition":66.4},{"type":1,"time":5376,"positionX":-1.64306,"holdTime":0.0,"speed":1.0,"floorPosition":67.200005},{"type":1,"time":5440,"positionX":0.01416397,"holdTime":0.0,"speed":1.0,"floorPosition":68.0},{"type":1,"time":5440,"positionX":4.957508,"holdTime":0.0,"speed":1.0,"floorPosition":68.0},{"type":1,"time":5504,"positionX":2.082153,"holdTime":0.0,"speed":1.0,"floorPosition":68.8},{"type":1,"time":5568,"positionX":-3.78187,"holdTime":0.0,"speed":1.0,"floorPosition":69.600006},{"type":1,"time":5568,"positionX":2.507082,"holdTime":0.0,"speed":1.0,"floorPosition":69.600006},{"type":1,"time":5632,"positionX":-1.458923,"holdTime":0.0,"speed":1.0,"floorPosition":70.4},{"type":1,"time":5696,"positionX":-3.144476,"holdTime":0.0,"speed":1.0,"floorPosition":71.200005},{"type":1,"time":5696,"positionX":2.804532,"holdTime":0.0,"speed":1.0,"floorPosition":71.200005},{"type":1,"time":5760,"positionX":4.320114,"holdTime":0.0,"speed":1.0,"floorPosition":72.0},{"type":1,"time":5824,"positionX":-1.968839,"holdTime":0.0,"speed":1.0,"floorPosition":72.8},{"type":1,"time":5824,"positionX":1.926345,"holdTime":0.0,"speed":1.0,"floorPosition":72.8},{"type":1,"time":5888,"positionX":-3.569405,"holdTime":0.0,"speed":1.0,"floorPosition":73.600006},{"type":1,"time":5952,"positionX":-0.3824368,"holdTime":0.0,"speed":1.0,"floorPosition":74.4},{"type":1,"time":5952,"positionX":3.385268,"holdTime":0.0,"speed":1.0,"floorPosition":74.4},{"type":1,"time":6016,"positionX":-1.798866,"holdTime":0.0,"speed":1.0,"floorPosition":75.200005},{"type":1,"time":6080,"positionX":-4.745043,"holdTime":0.0,"speed":1.0,"floorPosition":76.0},{"type":1,"time":6080,"positionX":2.818696,"holdTime":0.0,"speed":1.0,"floorPosition":76.0},{"type":1,"time":6144,"positionX":1.04816,"holdTime":0.0,"speed":1.0,"floorPosition":76.8},{"type":1,"time":6208,"positionX":-1.742209,"holdTime":0.0,"speed":1.0,"floorPosition":77.600006},{"type":1,"time":6208,"positionX":5.212464,"holdTime":0.0,"speed":1.0,"floorPosition":77.600006},{"type":1,"time":6272,"positionX":3.073655,"holdTime":0.0,"speed":1.0,"floorPosition":78.4},{"type":2,"time":6304,"positionX":-0.7365437,"holdTime":0.0,"speed":1.0,"floorPosition":78.8},{"type":1,"time":6336,"positionX":2.875354,"holdTime":0.0,"speed":1.0,"floorPosition":79.200005},{"type":2,"time":6368,"positionX":-0.4674225,"holdTime":0.0,"speed":1.0,"floorPosition":79.600006},{"type":1,"time":6400,"positionX":3.243625,"holdTime":0.0,"speed":1.0,"floorPosition":80.0},{"type":2,"time":6432,"positionX":-1.11898,"holdTime":0.0,"speed":1.0,"floorPosition":80.4},{"type":1,"time":6464,"positionX":3.116148,"holdTime":0.0,"speed":1.0,"floorPosition":80.8},{"type":2,"time":6496,"positionX":-2.776204,"holdTime":0.0,"speed":1.0,"floorPosition":81.200005},{"type":1,"time":6528,"positionX":1.898018,"holdTime":0.0,"speed":1.0,"floorPosition":81.600006},{"type":2,"time":6560,"positionX":-3.172805,"holdTime":0.0,"speed":1.0,"floorPosition":82.0},{"type":1,"time":6592,"positionX":3.668555,"holdTime":0.0,"speed":1.0,"floorPosition":82.4},{"type":2,"time":6624,"positionX":-4.943342,"holdTime":0.0,"speed":1.0,"floorPosition":82.8},{"type":1,"time":6656,"positionX":2.450424,"holdTime":0.0,"speed":1.0,"floorPosition":83.200005},{"type":2,"time":6688,"positionX":-4.093485,"holdTime":0.0,"speed":1.0,"floorPosition":83.600006},{"type":1,"time":6720,"positionX":3.427763,"holdTime":0.0,"speed":1.0,"floorPosition":84.0},{"type":2,"time":6752,"positionX":-1.84136,"holdTime":0.0,"speed":1.0,"floorPosition":84.4},{"type":2,"time":6784,"positionX":4.150142,"holdTime":0.0,"speed":1.0,"floorPosition":84.8},{"type":2,"time":6816,"positionX":4.219874,"holdTime":0.0,"speed":1.0,"floorPosition":85.200005},{"type":2,"time":6848,"positionX":4.249291,"holdTime":0.0,"speed":1.0,"floorPosition":85.600006},{"type":2,"time":6880,"positionX":4.362606,"holdTime":0.0,"speed":1.0,"floorPosition":86.0},{"type":3,"time":6912,"positionX":-2.818697,"holdTime":128.0,"speed":1.2,"floorPosition":86.4},{"type":1,"time":7296,"positionX":-3.0,"holdTime":0.0,"speed":1.0,"floorPosition":91.200005},{"type":1,"time":7328,"positionX":-3.0,"holdTime":0.0,"speed":1.0,"floorPosition":91.600006},{"type":1,"time":7360,"positionX":-3.0,"holdTime":0.0,"speed":1.0,"floorPosition":92.0},{"type":1,"time":7392,"positionX":-3.0,"holdTime":0.0,"speed":1.0,"floorPosition":92.4},{"type":1,"time":7424,"positionX":3.0,"holdTime":0.0,"speed":1.0,"floorPosition":92.8},{"type":1,"time":7456,"positionX":3.0,"holdTime":0.0,"speed":1.0,"floorPosition":93.200005},{"type":1,"time":7488,"positionX":3.0,"holdTime":0.0,"speed":1.0,"floorPosition":93.600006},{"type":1,"time":7520,"positionX":3.0,"holdTime":0.0,"speed":1.0,"floorPosition":94.0},{"type":1,"time":7552,"positionX":-5.0,"holdTime":0.0,"speed":1.0,"floorPosition":94.4},{"type":1,"time":7584,"positionX":-5.0,"holdTime":0.0,"speed":1.0,"floorPosition":94.8},{"type":1,"time":7616,"positionX":-4.971672,"holdTime":0.0,"speed":1.0,"floorPosition":95.200005},{"type":1,"time":7648,"positionX":-5.0,"holdTime":0.0,"speed":1.0,"floorPosition":95.600006},{"type":1,"time":7680,"positionX":5.0,"holdTime":0.0,"speed":1.0,"floorPosition":96.0},{"type":1,"time":7712,"positionX":5.0,"holdTime":0.0,"speed":1.0,"floorPosition":96.4},{"type":1,"time":7744,"positionX":5.0,"holdTime":0.0,"speed":1.0,"floorPosition":96.8},{"type":1,"time":7776,"positionX":5.0,"holdTime":0.0,"speed":1.0,"floorPosition":97.200005},{"type":1,"time":7808,"positionX":-2.0,"holdTime":0.0,"speed":1.0,"floorPosition":97.600006},{"type":1,"time":7840,"positionX":-2.0,"holdTime":0.0,"speed":1.0,"floorPosition":98.00001},{"type":1,"time":7872,"positionX":-2.0,"holdTime":0.0,"speed":1.0,"floorPosition":98.4},{"type":1,"time":7904,"positionX":-2.0,"holdTime":0.0,"speed":1.0,"floorPosition":98.8},{"type":1,"time":7936,"positionX":2.0,"holdTime":0.0,"speed":1.0,"floorPosition":99.200005},{"type":1,"time":7968,"positionX":2.0,"holdTime":0.0,"speed":1.0,"floorPosition":99.600006},{"type":1,"time":8000,"positionX":2.0,"holdTime":0.0,"speed":1.0,"floorPosition":100.00001},{"type":1,"time":8032,"positionX":2.0,"holdTime":0.0,"speed":1.0,"floorPosition":100.4},{"type":1,"time":8064,"positionX":-4.0,"holdTime":0.0,"speed":1.0,"floorPosition":100.8},{"type":1,"time":8096,"positionX":-4.0,"holdTime":0.0,"speed":1.0,"floorPosition":101.200005},{"type":1,"time":8128,"positionX":-4.0,"holdTime":0.0,"speed":1.0,"floorPosition":101.600006},{"type":1,"time":8160,"positionX":-4.0,"holdTime":0.0,"speed":1.0,"floorPosition":102.00001},{"type":3,"time":8192,"positionX":4.0,"holdTime":96.0,"speed":1.2,"floorPosition":102.4},{"type":1,"time":8320,"positionX":-2.0,"holdTime":0.0,"speed":1.0,"floorPosition":104.00001},{"type":1,"time":8352,"positionX":-2.0,"holdTime":0.0,"speed":1.0,"floorPosition":104.4},{"type":1,"time":8384,"positionX":-2.0,"holdTime":0.0,"speed":1.0,"floorPosition":104.8},{"type":1,"time":8416,"positionX":-2.0,"holdTime":0.0,"speed":1.0,"floorPosition":105.200005},{"type":1,"time":8448,"positionX":4.0,"holdTime":0.0,"speed":1.0,"floorPosition":105.600006},{"type":1,"time":8480,"positionX":4.0,"holdTime":0.0,"speed":1.0,"floorPosition":106.00001},{"type":1,"time":8512,"positionX":4.0,"holdTime":0.0,"speed":1.0,"floorPosition":106.4},{"type":1,"time":8544,"positionX":4.0,"holdTime":0.0,"speed":1.0,"floorPosition":106.8},{"type":1,"time":8576,"positionX":-4.0,"holdTime":0.0,"speed":1.0,"floorPosition":107.200005},{"type":1,"time":8608,"positionX":-4.0,"holdTime":0.0,"speed":1.0,"floorPosition":107.600006},{"type":1,"time":8640,"positionX":-4.0,"holdTime":0.0,"speed":1.0,"floorPosition":108.00001},{"type":1,"time":8672,"positionX":-4.0,"holdTime":0.0,"speed":1.0,"floorPosition":108.4},{"type":1,"time":8704,"positionX":2.0,"holdTime":0.0,"speed":1.0,"floorPosition":108.8},{"type":1,"time":8736,"positionX":2.0,"holdTime":0.0,"speed":1.0,"floorPosition":109.200005},{"type":1,"time":8768,"positionX":2.0,"holdTime":0.0,"speed":1.0,"floorPosition":109.600006},{"type":1,"time":8800,"positionX":2.0,"holdTime":0.0,"speed":1.0,"floorPosition":110.00001},{"type":1,"time":8832,"positionX":-2.0,"holdTime":0.0,"speed":1.0,"floorPosition":110.4},{"type":1,"time":8864,"positionX":-2.0,"holdTime":0.0,"speed":1.0,"floorPosition":110.8},{"type":1,"time":8896,"positionX":-2.0,"holdTime":0.0,"speed":1.0,"floorPosition":111.200005},{"type":1,"time":8928,"positionX":-2.0,"holdTime":0.0,"speed":1.0,"floorPosition":111.600006},{"type":1,"time":8960,"positionX":4.0,"holdTime":0.0,"speed":1.0,"floorPosition":112.00001},{"type":1,"time":8992,"positionX":4.0,"holdTime":0.0,"speed":1.0,"floorPosition":112.4},{"type":1,"time":9024,"positionX":4.0,"holdTime":0.0,"speed":1.0,"floorPosition":112.8},{"type":1,"time":9056,"positionX":4.0,"holdTime":0.0,"speed":1.0,"floorPosition":113.200005},{"type":1,"time":9088,"positionX":-4.0,"holdTime":0.0,"speed":1.0,"floorPosition":113.600006},{"type":1,"time":9120,"positionX":-4.0,"holdTime":0.0,"speed":1.0,"floorPosition":114.00001},{"type":1,"time":9152,"positionX":-4.0,"holdTime":0.0,"speed":1.0,"floorPosition":114.4},{"type":1,"time":9184,"positionX":-4.0,"holdTime":0.0,"speed":1.0,"floorPosition":114.8},{"type":3,"time":9216,"positionX":4.0,"holdTime":96.0,"speed":1.2,"floorPosition":115.200005},{"type":1,"time":9344,"positionX":-2.0,"holdTime":0.0,"speed":1.0,"floorPosition":116.8},{"type":1,"time":9376,"positionX":2.0,"holdTime":0.0,"speed":1.0,"floorPosition":117.200005},{"type":1,"time":9408,"positionX":-1.94051,"holdTime":0.0,"speed":1.0,"floorPosition":117.600006},{"type":1,"time":9440,"positionX":2.0,"holdTime":0.0,"speed":1.0,"floorPosition":118.00001},{"type":1,"time":9472,"positionX":-4.0,"holdTime":0.0,"speed":1.0,"floorPosition":118.4},{"type":1,"time":9504,"positionX":4.0,"holdTime":0.0,"speed":1.0,"floorPosition":118.8},{"type":1,"time":9536,"positionX":-4.0,"holdTime":0.0,"speed":1.0,"floorPosition":119.200005},{"type":1,"time":9568,"positionX":4.0,"holdTime":0.0,"speed":1.0,"floorPosition":119.600006},{"type":1,"time":9600,"positionX":-4.0,"holdTime":0.0,"speed":1.0,"floorPosition":120.00001},{"type":1,"time":9632,"positionX":2.0,"holdTime":0.0,"speed":1.0,"floorPosition":120.4},{"type":1,"time":9664,"positionX":-4.0,"holdTime":0.0,"speed":1.0,"floorPosition":120.8},{"type":1,"time":9696,"positionX":2.0,"holdTime":0.0,"speed":1.0,"floorPosition":121.200005},{"type":1,"time":9728,"positionX":-2.0,"holdTime":0.0,"speed":1.0,"floorPosition":121.600006},{"type":1,"time":9760,"positionX":4.0,"holdTime":0.0,"speed":1.0,"floorPosition":122.00001},{"type":1,"time":9792,"positionX":-2.0,"holdTime":0.0,"speed":1.0,"floorPosition":122.4},{"type":1,"time":9824,"positionX":4.0,"holdTime":0.0,"speed":1.0,"floorPosition":122.8},{"type":1,"time":9856,"positionX":-4.0,"holdTime":0.0,"speed":1.0,"floorPosition":123.200005},{"type":1,"time":9888,"positionX":0.0,"holdTime":0.0,"speed":1.0,"floorPosition":123.600006},{"type":1,"time":9920,"positionX":-4.0,"holdTime":0.0,"speed":1.0,"floorPosition":124.00001},{"type":1,"time":9952,"positionX":0.0,"holdTime":0.0,"speed":1.0,"floorPosition":124.4},{"type":1,"time":9984,"positionX":-2.0,"holdTime":0.0,"speed":1.0,"floorPosition":124.8},{"type":1,"time":10016,"positionX":2.0,"holdTime":0.0,"speed":1.0,"floorPosition":125.200005},{"type":1,"time":10048,"positionX":-2.0,"holdTime":0.0,"speed":1.0,"floorPosition":125.600006},{"type":1,"time":10080,"positionX":2.0,"holdTime":0.0,"speed":1.0,"floorPosition":126.00001},{"type":1,"time":10112,"positionX":0.0,"holdTime":0.0,"speed":1.0,"floorPosition":126.4},{"type":1,"time":10144,"positionX":4.0,"holdTime":0.0,"speed":1.0,"floorPosition":126.8},{"type":1,"time":10176,"positionX":0.0,"holdTime":0.0,"speed":1.0,"floorPosition":127.200005},{"type":1,"time":10208,"positionX":4.0,"holdTime":0.0,"speed":1.0,"floorPosition":127.600006},{"type":1,"time":10240,"positionX":-2.0,"holdTime":0.0,"speed":1.0,"floorPosition":128.0},{"type":1,"time":10272,"positionX":2.0,"holdTime":0.0,"speed":1.0,"floorPosition":128.40001},{"type":1,"time":10304,"positionX":-2.0,"holdTime":0.0,"speed":1.0,"floorPosition":128.8},{"type":1,"time":10336,"positionX":2.0,"holdTime":0.0,"speed":1.0,"floorPosition":129.20001},{"type":1,"time":10400,"positionX":-4.0,"holdTime":0.0,"speed":1.0,"floorPosition":130.0},{"type":1,"time":10400,"positionX":4.0,"holdTime":0.0,"speed":1.0,"floorPosition":130.0},{"type":1,"time":10464,"positionX":-2.0,"holdTime":0.0,"speed":1.0,"floorPosition":130.8},{"type":1,"time":10464,"positionX":2.0,"holdTime":0.0,"speed":1.0,"floorPosition":130.8},{"type":1,"time":10528,"positionX":-4.0,"holdTime":0.0,"speed":1.0,"floorPosition":131.6},{"type":1,"time":10528,"positionX":4.0,"holdTime":0.0,"speed":1.0,"floorPosition":131.6},{"type":1,"time":10592,"positionX":-2.0,"holdTime":0.0,"speed":1.0,"floorPosition":132.40001},{"type":1,"time":10592,"positionX":2.0,"holdTime":0.0,"speed":1.0,"floorPosition":132.40001},{"type":1,"time":10656,"positionX":-4.0,"holdTime":0.0,"speed":1.0,"floorPosition":133.20001},{"type":1,"time":10656,"positionX":2.0,"holdTime":0.0,"speed":1.0,"floorPosition":133.20001},{"type":1,"time":10720,"positionX":-2.0,"holdTime":0.0,"speed":1.0,"floorPosition":134.0},{"type":1,"time":10720,"positionX":4.0,"holdTime":0.0,"speed":1.0,"floorPosition":134.0},{"type":1,"time":10784,"positionX":-4.0,"holdTime":0.0,"speed":1.0,"floorPosition":134.8},{"type":1,"time":10784,"positionX":2.0,"holdTime":0.0,"speed":1.0,"floorPosition":134.8},{"type":1,"time":10848,"positionX":-2.0,"holdTime":0.0,"speed":1.0,"floorPosition":135.6},{"type":1,"time":10848,"positionX":4.0,"holdTime":0.0,"speed":1.0,"floorPosition":135.6},{"type":1,"time":10912,"positionX":-4.0,"holdTime":0.0,"speed":1.0,"floorPosition":136.40001},{"type":1,"time":10912,"positionX":0.0,"holdTime":0.0,"speed":1.0,"floorPosition":136.40001},{"type":1,"time":10976,"positionX":-4.0,"holdTime":0.0,"speed":1.0,"floorPosition":137.20001},{"type":1,"time":10976,"positionX":0.0,"holdTime":0.0,"speed":1.0,"floorPosition":137.20001},{"type":1,"time":11040,"positionX":0.0,"holdTime":0.0,"speed":1.0,"floorPosition":138.0},{"type":1,"time":11040,"positionX":4.0,"holdTime":0.0,"speed":1.0,"floorPosition":138.0},{"type":1,"time":11104,"positionX":0.0,"holdTime":0.0,"speed":1.0,"floorPosition":138.8},{"type":1,"time":11104,"positionX":4.0,"holdTime":0.0,"speed":1.0,"floorPosition":138.8},{"type":1,"time":11168,"positionX":-4.0,"holdTime":0.0,"speed":1.0,"floorPosition":139.6},{"type":1,"time":11168,"positionX":4.0,"holdTime":0.0,"speed":1.0,"floorPosition":139.6},{"type":1,"time":11232,"positionX":-4.0,"holdTime":0.0,"speed":1.0,"floorPosition":140.40001},{"type":1,"time":11232,"positionX":4.0,"holdTime":0.0,"speed":1.0,"floorPosition":140.40001},{"type":1,"time":11392,"positionX":-2.0,"holdTime":0.0,"speed":1.0,"floorPosition":142.40001},{"type":1,"time":11520,"positionX":-2.0,"holdTime":0.0,"speed":1.0,"floorPosition":144.0},{"type":1,"time":11648,"positionX":2.0,"holdTime":0.0,"speed":1.0,"floorPosition":145.6},{"type":1,"time":11776,"positionX":2.0,"holdTime":0.0,"speed":1.0,"floorPosition":147.20001},{"type":1,"time":11904,"positionX":-4.0,"holdTime":0.0,"speed":1.0,"floorPosition":148.8},{"type":1,"time":12032,"positionX":4.0,"holdTime":0.0,"speed":1.0,"floorPosition":150.40001},{"type":1,"time":12160,"positionX":-4.0,"holdTime":0.0,"speed":1.0,"floorPosition":152.0},{"type":1,"time":12288,"positionX":4.0,"holdTime":0.0,"speed":1.0,"floorPosition":153.6}],"notesBelow":[],"speedEvents":[{"startTime":0.0,"endTime":1000000000.0,"value":1.2}],"judgeLineMoveEvents":[{"startTime":-999999.0,"endTime":0.0,"start":0.5,"end":0.5,"start2":0.5,"end2":0.5},{"startTime":0.0,"endTime":1.0,"start":0.5,"end":0.5,"start2":0.5,"end2":0.4861779},{"startTime":1.0,"endTime":2.0,"start":0.5,"end":0.5,"start2":0.4861779,"end2":0.47275427},{"startTime":2.0,"endTime":3.0,"start":0.5,"end":0.5,"start2":0.47275427,"end2":0.4597776},{"startTime":3.0,"endTime":4.0,"start":0.5,"end":0.5,"start2":0.4597776,"end2":0.44720817},{"startTime":4.0,"endTime":5.0,"start":0.5,"end":0.5,"start2":0.44720817,"end2":0.43505028},{"startTime":5.0,"endTime":6.0,"start":0.5,"end":0.5,"start2":0.43505028,"end2":0.42330706},{"startTime":6.0,"endTime":7.0,"start":0.5,"end":0.5,"start2":0.42330706,"end2":0.41194126},{"startTime":7.0,"endTime":8.0,"start":0.5,"end":0.5,"start2":0.41194126,"end2":0.40099624},{"startTime":8.0,"endTime":9.0,"start":0.5,"end":0.5,"start2":0.40099624,"end2":0.3904056},{"startTime":9.0,"endTime":10.0,"start":0.5,"end":0.5,"start2":0.3904056,"end2":0.38022107},{"startTime":10.0,"endTime":11.0,"start":0.5,"end":0.5,"start2":0.38022107,"end2":0.37038752},{"startTime":11.0,"endTime":12.0,"start":0.5,"end":0.5,"start2":0.37038752,"end2":0.36092684},{"startTime":12.0,"endTime":13.0,"start":0.5,"end":0.5,"start2":0.36092684,"end2":0.3518224},{"startTime":13.0,"endTime":14.0,"start":0.5,"end":0.5,"start2":0.3518224,"end2":0.34305882},{"startTime":14.0,"endTime":15.0,"start":0.5,"end":0.5,"start2":0.34305882,"end2":0.33465552},{"startTime":15.0,"endTime":16.0,"start":0.5,"end":0.5,"start2":0.33465552,"end2":0.3265625},{"startTime":16.0,"endTime":17.0,"start":0.5,"end":0.5,"start2":0.3265625,"end2":0.31883228},{"startTime":17.0,"endTime":18.0,"start":0.5,"end":0.5,"start2":0.31883228,"end2":0.31139928},{"startTime":18.0,"endTime":19.0,"start":0.5,"end":0.5,"start2":0.31139928,"end2":0.30429792},{"startTime":19.0,"endTime":20.0,"start":0.5,"end":0.5,"start2":0.30429792,"end2":0.2974969},{"startTime":20.0,"endTime":21.0,"start":0.5,"end":0.5,"start2":0.2974969,"end2":0.29099777},{"startTime":21.0,"endTime":22.0,"start":0.5,"end":0.5,"start2":0.29099777,"end2":0.2848008},{"startTime":22.0,"endTime":23.0,"start":0.5,"end":0.5,"start2":0.2848008,"end2":0.2788772},{"startTime":23.0,"endTime":24.0,"start":0.5,"end":0.5,"start2":0.2788772,"end2":0.27325624},{"startTime":24.0,"endTime":25.0,"start":0.5,"end":0.5,"start2":0.27325624,"end2":0.26788843},{"startTime":25.0,"endTime":26.0,"start":0.5,"end":0.5,"start2":0.26788843,"end2":0.26280856},{"startTime":26.0,"endTime":27.0,"start":0.5,"end":0.5,"start2":0.26280856,"end2":0.25797567},{"startTime":27.0,"endTime":28.0,"start":0.5,"end":0.5,"start2":0.25797567,"end2":0.2534031},{"startTime":28.0,"endTime":29.0,"start":0.5,"end":0.5,"start2":0.2534031,"end2":0.24907711},{"startTime":29.0,"endTime":30.0,"start":0.5,"end":0.5,"start2":0.24907711,"end2":0.2449851},{"startTime":30.0,"endTime":31.0,"start":0.5,"end":0.5,"start2":0.2449851,"end2":0.24113804},{"startTime":31.0,"endTime":32.0,"start":0.5,"end":0.5,"start2":0.24113804,"end2":0.2375},{"startTime":32.0,"endTime":33.0,"start":0.5,"end":0.5,"start2":0.2375,"end2":0.23410384},{"startTime":33.0,"endTime":34.0,"start":0.5,"end":0.5,"start2":0.23410384,"end2":0.23090364},{"startTime":34.0,"endTime":35.0,"start":0.5,"end":0.5,"start2":0.23090364,"end2":0.22791977},{"startTime":35.0,"endTime":36.0,"start":0.5,"end":0.5,"start2":0.22791977,"end2":0.22512943},{"startTime":36.0,"endTime":37.0,"start":0.5,"end":0.5,"start2":0.22512943,"end2":0.22253121},{"startTime":37.0,"endTime":38.0,"start":0.5,"end":0.5,"start2":0.22253121,"end2":0.22012268},{"startTime":38.0,"endTime":39.0,"start":0.5,"end":0.5,"start2":0.22012268,"end2":0.21788347},{"startTime":39.0,"endTime":40.0,"start":0.5,"end":0.5,"start2":0.21788347,"end2":0.21582876},{"startTime":40.0,"endTime":41.0,"start":0.5,"end":0.5,"start2":0.21582876,"end2":0.21392591},{"startTime":41.0,"endTime":42.0,"start":0.5,"end":0.5,"start2":0.21392591,"end2":0.21219295},{"startTime":42.0,"endTime":43.0,"start":0.5,"end":0.5,"start2":0.21219295,"end2":0.21060285},{"startTime":43.0,"endTime":44.0,"start":0.5,"end":0.5,"start2":0.21060285,"end2":0.20916057},{"startTime":44.0,"endTime":45.0,"start":0.5,"end":0.5,"start2":0.20916057,"end2":0.20785522},{"startTime":45.0,"endTime":46.0,"start":0.5,"end":0.5,"start2":0.20785522,"end2":0.20667699},{"startTime":46.0,"endTime":47.0,"start":0.5,"end":0.5,"start2":0.20667699,"end2":0.20562835},{"startTime":47.0,"endTime":48.0,"start":0.5,"end":0.5,"start2":0.20562835,"end2":0.2046875},{"startTime":48.0,"endTime":49.0,"start":0.5,"end":0.5,"start2":0.2046875,"end2":0.20386757},{"startTime":49.0,"endTime":50.0,"start":0.5,"end":0.5,"start2":0.20386757,"end2":0.20314239},{"startTime":50.0,"endTime":51.0,"start":0.5,"end":0.5,"start2":0.20314239,"end2":0.20251822},{"startTime":51.0,"endTime":52.0,"start":0.5,"end":0.5,"start2":0.20251822,"end2":0.2019807},{"startTime":52.0,"endTime":53.0,"start":0.5,"end":0.5,"start2":0.2019807,"end2":0.20152558},{"startTime":53.0,"endTime":54.0,"start":0.5,"end":0.5,"start2":0.20152558,"end2":0.20114769},{"startTime":54.0,"endTime":55.0,"start":0.5,"end":0.5,"start2":0.20114769,"end2":0.20083505},{"startTime":55.0,"endTime":56.0,"start":0.5,"end":0.5,"start2":0.20083505,"end2":0.20058876},{"startTime":56.0,"endTime":57.0,"start":0.5,"end":0.5,"start2":0.20058876,"end2":0.2003931},{"startTime":57.0,"endTime":58.0,"start":0.5,"end":0.5,"start2":0.2003931,"end2":0.2002492},{"startTime":58.0,"endTime":59.0,"start":0.5,"end":0.5,"start2":0.2002492,"end2":0.2001441},{"startTime":59.0,"endTime":60.0,"start":0.5,"end":0.5,"start2":0.2001441,"end2":0.20007433},{"startTime":60.0,"endTime":61.0,"start":0.5,"end":0.5,"start2":0.20007433,"end2":0.20003177},{"startTime":61.0,"endTime":62.0,"start":0.5,"end":0.5,"start2":0.20003177,"end2":0.2000095},{"startTime":62.0,"endTime":63.0,"start":0.5,"end":0.5,"start2":0.2000095,"end2":0.2000015},{"startTime":63.0,"endTime":64.0,"start":0.5,"end":0.5,"start2":0.2000015,"end2":0.2},{"startTime":64.0,"endTime":1000000000.0,"start":0.5,"end":0.5,"start2":0.2,"end2":0.2}],"judgeLineRotateEvents":[{"startTime":-999999.0,"endTime":7040.0,"start":0.0,"end":0.0},{"startTime":7040.0,"endTime":7044.0,"start":0.0,"end":18.925474},{"startTime":7044.0,"endTime":7048.0,"start":18.925474,"end":37.184765},{"startTime":7048.0,"endTime":7052.0,"start":37.184765,"end":54.78957},{"startTime":7052.0,"endTime":7056.0,"start":54.78957,"end":71.75161},{"startTime":7056.0,"endTime":7060.0,"start":71.75161,"end":88.06855},{"startTime":7060.0,"endTime":7064.0,"start":88.06855,"end":103.73941},{"startTime":7064.0,"endTime":7068.0,"start":103.73941,"end":118.8045},{"startTime":7068.0,"endTime":7072.0,"start":118.8045,"end":133.2756},{"startTime":7072.0,"endTime":7076.0,"start":133.2756,"end":147.16444},{"startTime":7076.0,"endTime":7080.0,"start":147.16444,"end":160.4574},{"startTime":7080.0,"endTime":7084.0,"start":160.4574,"end":173.18044},{"startTime":7084.0,"endTime":7088.0,"start":173.18044,"end":185.35826},{"startTime":7088.0,"endTime":7092.0,"start":185.35826,"end":197.00252},{"startTime":7092.0,"endTime":7096.0,"start":197.00252,"end":208.125},{"startTime":7096.0,"endTime":7100.0,"start":208.125,"end":218.70361},{"startTime":7100.0,"endTime":7104.0,"start":218.70361,"end":228.78575},{"startTime":7104.0,"endTime":7108.0,"start":228.78575,"end":238.38313},{"startTime":7108.0,"endTime":7112.0,"start":238.38313,"end":247.50745},{"startTime":7112.0,"endTime":7116.0,"start":247.50745,"end":256.16028},{"startTime":7116.0,"endTime":7120.0,"start":256.16028,"end":264.34442},{"startTime":7120.0,"endTime":7124.0,"start":264.34442,"end":272.0925},{"startTime":7124.0,"endTime":7128.0,"start":272.0925,"end":279.4163},{"startTime":7128.0,"endTime":7132.0,"start":279.4163,"end":286.32758},{"startTime":7132.0,"endTime":7136.0,"start":286.32758,"end":292.8204},{"startTime":7136.0,"endTime":7140.0,"start":292.8204,"end":298.91684},{"startTime":7140.0,"endTime":7144.0,"start":298.91684,"end":304.63782},{"startTime":7144.0,"endTime":7148.0,"start":304.63782,"end":309.99496},{"startTime":7148.0,"endTime":7152.0,"start":309.99496,"end":315.0},{"startTime":7152.0,"endTime":7156.0,"start":315.0,"end":319.6425},{"startTime":7156.0,"endTime":7160.0,"start":319.6425,"end":323.9582},{"startTime":7160.0,"endTime":7164.0,"start":323.9582,"end":327.95883},{"startTime":7164.0,"endTime":7168.0,"start":327.95883,"end":331.6562},{"startTime":7168.0,"endTime":7172.0,"start":331.6562,"end":335.05557},{"startTime":7172.0,"endTime":7176.0,"start":335.05557,"end":338.1637},{"startTime":7176.0,"endTime":7180.0,"start":338.1637,"end":341.0055},{"startTime":7180.0,"endTime":7184.0,"start":341.0055,"end":343.59274},{"startTime":7184.0,"endTime":7188.0,"start":343.59274,"end":345.93713},{"startTime":7188.0,"endTime":7192.0,"start":345.93713,"end":348.04056},{"startTime":7192.0,"endTime":7196.0,"start":348.04056,"end":349.92117},{"startTime":7196.0,"endTime":7200.0,"start":349.92117,"end":351.59595},{"startTime":7200.0,"endTime":7204.0,"start":351.59595,"end":353.07666},{"startTime":7204.0,"endTime":7208.0,"start":353.07666,"end":354.375},{"startTime":7208.0,"endTime":7212.0,"start":354.375,"end":355.49207},{"startTime":7212.0,"endTime":7216.0,"start":355.49207,"end":356.45203},{"startTime":7216.0,"endTime":7220.0,"start":356.45203,"end":357.2667},{"startTime":7220.0,"endTime":7224.0,"start":357.2667,"end":357.94775},{"startTime":7224.0,"endTime":7228.0,"start":357.94775,"end":358.50446},{"startTime":7228.0,"endTime":7232.0,"start":358.50446,"end":358.94724},{"startTime":7232.0,"endTime":7236.0,"start":358.94724,"end":359.2935},{"startTime":7236.0,"endTime":7240.0,"start":359.2935,"end":359.5549},{"startTime":7240.0,"endTime":7244.0,"start":359.5549,"end":359.74313},{"startTime":7244.0,"endTime":7248.0,"start":359.74313,"end":359.86783},{"startTime":7248.0,"endTime":7252.0,"start":359.86783,"end":359.9433},{"startTime":7252.0,"endTime":7256.0,"start":359.9433,"end":359.98267},{"startTime":7256.0,"endTime":7260.0,"start":359.98267,"end":359.99765},{"startTime":7260.0,"endTime":7264.0,"start":359.99765,"end":360.0},{"startTime":7264.0,"endTime":1000000000.0,"start":360.0,"end":360.0}],"judgeLineDisappearEvents":[{"startTime":-999999.0,"endTime":1000000000.0,"start":1.0,"end":1.0}]}]}