{"formatVersion":1,"offset":0.0,"judgeLineList":[{"bpm":128.0,"notesAbove":[{"type":3,"time":128,"positionX":0.0,"holdTime":96.0,"speed":1.5,"floorPosition":2.8125},{"type":3,"time":256,"positionX":4.0,"holdTime":96.0,"speed":1.5,"floorPosition":5.625},{"type":3,"time":384,"positionX":-2.0,"holdTime":96.0,"speed":1.5,"floorPosition":8.4375},{"type":3,"time":512,"positionX":3.0,"holdTime":96.0,"speed":1.5,"floorPosition":11.25},{"type":2,"time":656,"positionX":-3.0,"holdTime":0.0,"speed":1.0,"floorPosition":14.4140625},{"type":2,"time":688,"positionX":2.0,"holdTime":0.0,"speed":1.0,"floorPosition":15.1171875},{"type":2,"time":720,"positionX":-2.0,"holdTime":0.0,"speed":1.0,"floorPosition":15.8203125},{"type":2,"time":752,"positionX":2.0,"holdTime":0.0,"speed":1.0,"floorPosition":16.523438},{"type":2,"time":784,"positionX":-1.0,"holdTime":0.0,"speed":1.0,"floorPosition":17.226562},{"type":2,"time":816,"positionX":2.0,"holdTime":0.0,"speed":1.0,"floorPosition":17.929688},{"type":2,"time":848,"positionX":-1.0,"holdTime":0.0,"speed":1.0,"floorPosition":18.632812},{"type":2,"time":880,"positionX":2.0,"holdTime":0.0,"speed":1.0,"floorPosition":19.335938},{"type":2,"time":912,"positionX":-1.0,"holdTime":0.0,"speed":1.0,"floorPosition":20.039062},{"type":2,"time":944,"positionX":4.0,"holdTime":0.0,"speed":1.0,"floorPosition":20.742188},{"type":2,"time":976,"positionX":-2.0,"holdTime":0.0,"speed":1.0,"floorPosition":21.445312},{"type":2,"time":1008,"positionX":1.0,"holdTime":0.0,"speed":1.0,"floorPosition":22.148438},{"type":2,"time":1040,"positionX":3.0,"holdTime":0.0,"speed":1.0,"floorPosition":22.851562},{"type":2,"time":1072,"positionX":4.0,"holdTime":0.0,"speed":1.0,"floorPosition":23.554688},{"type":2,"time":1104,"positionX":4.0,"holdTime":0.0,"speed":1.0,"floorPosition":24.257812},{"type":4,"time":1120,"positionX":-3.0,"holdTime":0.0,"speed":1.0,"floorPosition":24.609375},{"type":1,"time":1152,"positionX":0.0,"holdTime":0.0,"speed":1.0,"floorPosition":25.3125},{"type":1,"time":1216,"positionX":-1.0,"holdTime":0.0,"speed":1.0,"floorPosition":26.71875},{"type":1,"time":1280,"positionX":2.0,"holdTime":0.0,"speed":1.0,"floorPosition":28.125},{"type":1,"time":1344,"positionX":3.0,"holdTime":0.0,"speed":1.0,"floorPosition":29.53125},{"type":1,"time":1408,"positionX":-1.0,"holdTime":0.0,"speed":1.0,"floorPosition":30.9375},{"type":1,"time":1472,"positionX":3.0,"holdTime":0.0,"speed":1.0,"floorPosition":32.34375},{"type":1,"time":1536,"positionX":-1.0,"holdTime":0.0,"speed":1.0,"floorPosition":33.75},{"type":1,"time":1600,"positionX":-2.0,"holdTime":0.0,"speed":1.0,"floorPosition":35.15625},{"type":1,"time":1664,"positionX":0.0,"holdTime":0.0,"speed":1.0,"floorPosition":36.5625},{"type":1,"time":1728,"positionX":-2.0,"holdTime":0.0,"speed":1.0,"floorPosition":37.96875},{"type":1,"time":1792,"positionX":3.0,"holdTime":0.0,"speed":1.0,"floorPosition":39.375},{"type":1,"time":1856,"positionX":-1.0,"holdTime":0.0,"speed":1.0,"floorPosition":40.78125},{"type":1,"time":1920,"positionX":-2.0,"holdTime":0.0,"speed":1.0,"floorPosition":42.1875},{"type":1,"time":1984,"positionX":2.0,"holdTime":0.0,"speed":1.0,"floorPosition":43.59375},{"type":1,"time":2048,"positionX":-1.0,"holdTime":0.0,"speed":1.0,"floorPosition":45.0},{"type":1,"time":2112,"positionX":-3.0,"holdTime":0.0,"speed":1.0,"floorPosition":46.40625},{"type":1,"time":2176,"positionX":1.0,"holdTime":0.0,"speed":1.0,"floorPosition":47.8125},{"type":4,"time":2272,"positionX":-1.0,"holdTime":0.0,"speed":1.0,"floorPosition":49.921875},{"type":1,"time":2304,"positionX":2.0,"holdTime":0.0,"speed":1.0,"floorPosition":50.625},{"type":1,"time":2368,"positionX":-3.0,"holdTime":0.0,"speed":1.0,"floorPosition":52.03125},{"type":1,"time":2432,"positionX":3.0,"holdTime":0.0,"speed":1.0,"floorPosition":53.4375},{"type":1,"time":2464,"positionX":3.0,"holdTime":0.0,"speed":1.0,"floorPosition":54.140625},{"type":1,"time":2496,"positionX":-1.0,"holdTime":0.0,"speed":1.0,"floorPosition":54.84375},{"type":1,"time":2528,"positionX":-1.0,"holdTime":0.0,"speed":1.0,"floorPosition":55.546875},{"type":1,"time":2560,"positionX":3.0,"holdTime":0.0,"speed":1.0,"floorPosition":56.25},{"type":1,"time":2624,"positionX":1.0,"holdTime":0.0,"speed":1.0,"floorPosition":57.65625},{"type":1,"time":2688,"positionX":-3.0,"holdTime":0.0,"speed":1.0,"floorPosition":59.0625},{"type":1,"time":2720,"positionX":3.0,"holdTime":0.0,"speed":1.0,"floorPosition":59.765625},{"type":1,"time":2752,"positionX":0.0,"holdTime":0.0,"speed":1.0,"floorPosition":60.46875},{"type":1,"time":2784,"positionX":-2.0,"holdTime":0.0,"speed":1.0,"floorPosition":61.171875},{"type":3,"time":2816,"positionX":1.0,"holdTime":96.0,"speed":1.5,"floorPosition":61.875},{"type":3,"time":2944,"positionX":-3.0,"holdTime":96.0,"speed":1.5,"floorPosition":64.6875},{"type":3,"time":3072,"positionX":4.0,"holdTime":64.0,"speed":1.5,"floorPosition":67.5},{"type":3,"time":3136,"positionX":-2.0,"holdTime":128.0,"speed":1.5,"floorPosition":68.90625},{"type":3,"time":3200,"positionX":4.0,"holdTime":64.0,"speed":1.5,"floorPosition":70.3125},{"type":4,"time":3296,"positionX":1.0,"holdTime":0.0,"speed":1.0,"floorPosition":72.421875},{"type":1,"time":3328,"positionX":-2.0,"holdTime":0.0,"speed":1.0,"floorPosition":73.125},{"type":1,"time":3392,"positionX":3.0,"holdTime":0.0,"speed":1.0,"floorPosition":74.53125},{"type":1,"time":3456,"positionX":-2.0,"holdTime":0.0,"speed":1.0,"floorPosition":75.9375},{"type":1,"time":3520,"positionX":3.0,"holdTime":0.0,"speed":1.0,"floorPosition":77.34375},{"type":1,"time":3584,"positionX":-3.0,"holdTime":0.0,"speed":1.0,"floorPosition":78.75},{"type":1,"time":3648,"positionX":4.0,"holdTime":0.0,"speed":1.0,"floorPosition":80.15625},{"type":1,"time":3712,"positionX":-2.0,"holdTime":0.0,"speed":1.0,"floorPosition":81.5625},{"type":1,"time":3776,"positionX":4.0,"holdTime":0.0,"speed":1.0,"floorPosition":82.96875},{"type":1,"time":3840,"positionX":-2.0,"holdTime":0.0,"speed":1.0,"floorPosition":84.375},{"type":1,"time":3904,"positionX":3.0,"holdTime":0.0,"speed":1.0,"floorPosition":85.78125},{"type":1,"time":3968,"positionX":-2.0,"holdTime":0.0,"speed":1.0,"floorPosition":87.1875},{"type":1,"time":4032,"positionX":-3.0,"holdTime":0.0,"speed":1.0,"floorPosition":88.59375},{"type":1,"time":4096,"positionX":3.0,"holdTime":0.0,"speed":1.0,"floorPosition":90.0},{"type":1,"time":4160,"positionX":-3.0,"holdTime":0.0,"speed":1.0,"floorPosition":91.40625},{"type":1,"time":4224,"positionX":2.0,"holdTime":0.0,"speed":1.0,"floorPosition":92.8125},{"type":1,"time":4288,"positionX":-4.0,"holdTime":0.0,"speed":1.0,"floorPosition":94.21875},{"type":4,"time":4320,"positionX":5.0,"holdTime":0.0,"speed":1.0,"floorPosition":94.921875},{"type":1,"time":4352,"positionX":-2.0,"holdTime":0.0,"speed":1.0,"floorPosition":95.625},{"type":1,"time":4416,"positionX":4.0,"holdTime":0.0,"speed":1.0,"floorPosition":97.03125},{"type":1,"time":4480,"positionX":0.0,"holdTime":0.0,"speed":1.0,"floorPosition":98.4375},{"type":1,"time":4544,"positionX":-3.0,"holdTime":0.0,"speed":1.0,"floorPosition":99.84375},{"type":1,"time":4608,"positionX":3.0,"holdTime":0.0,"speed":1.0,"floorPosition":101.25},{"type":1,"time":4672,"positionX":-4.0,"holdTime":0.0,"speed":1.0,"floorPosition":102.65625},{"type":1,"time":4736,"positionX":3.0,"holdTime":0.0,"speed":1.0,"floorPosition":104.0625},{"type":1,"time":4800,"positionX":3.0,"holdTime":0.0,"speed":1.0,"floorPosition":105.46875},{"type":4,"time":4832,"positionX":-4.0,"holdTime":0.0,"speed":1.0,"floorPosition":106.171875},{"type":1,"time":4864,"positionX":-1.0,"holdTime":0.0,"speed":1.0,"floorPosition":106.875},{"type":1,"time":4928,"positionX":3.0,"holdTime":0.0,"speed":1.0,"floorPosition":108.28125},{"type":1,"time":4992,"positionX":0.0,"holdTime":0.0,"speed":1.0,"floorPosition":109.6875},{"type":1,"time":5056,"positionX":4.0,"holdTime":0.0,"speed":1.0,"floorPosition":111.09375},{"type":1,"time":5120,"positionX":-2.0,"holdTime":0.0,"speed":1.0,"floorPosition":112.5},{"type":1,"time":5184,"positionX":2.0,"holdTime":0.0,"speed":1.0,"floorPosition":113.90625},{"type":1,"time":5248,"positionX":-2.0,"holdTime":0.0,"speed":1.0,"floorPosition":115.3125},{"type":1,"time":5312,"positionX":4.0,"holdTime":0.0,"speed":1.0,"floorPosition":116.71875},{"type":4,"time":5344,"positionX":-4.0,"holdTime":0.0,"speed":1.0,"floorPosition":117.421875},{"type":1,"time":5632,"positionX":1.0,"holdTime":0.0,"speed":1.0,"floorPosition":123.75},{"type":2,"time":5664,"positionX":0.0,"holdTime":0.0,"speed":1.0,"floorPosition":124.453125},{"type":2,"time":5704,"positionX":2.0,"holdTime":0.0,"speed":1.0,"floorPosition":125.33203},{"type":1,"time":5728,"positionX":-1.0,"holdTime":0.0,"speed":1.0,"floorPosition":125.859375},{"type":1,"time":5888,"positionX":2.0,"holdTime":0.0,"speed":1.0,"floorPosition":129.375},{"type":2,"time":5920,"positionX":-2.0,"holdTime":0.0,"speed":1.0,"floorPosition":130.07812},{"type":2,"time":5960,"positionX":1.0,"holdTime":0.0,"speed":1.0,"floorPosition":130.95703},{"type":1,"time":5984,"positionX":-2.0,"holdTime":0.0,"speed":1.0,"floorPosition":131.48438},{"type":1,"time":6144,"positionX":-2.0,"holdTime":0.0,"speed":1.0,"floorPosition":135.0},{"type":2,"time":6176,"positionX":2.0,"holdTime":0.0,"speed":1.0,"floorPosition":135.70312},{"type":2,"time":6216,"positionX":2.0,"holdTime":0.0,"speed":1.0,"floorPosition":136.58203},{"type":1,"time":6240,"positionX":-2.0,"holdTime":0.0,"speed":1.0,"floorPosition":137.10938},{"type":1,"time":6400,"positionX":2.0,"holdTime":0.0,"speed":1.0,"floorPosition":140.625},{"type":2,"time":6432,"positionX":-2.0,"holdTime":0.0,"speed":1.0,"floorPosition":141.32812},{"type":2,"time":6472,"positionX":-2.0,"holdTime":0.0,"speed":1.0,"floorPosition":142.20703},{"type":1,"time":6496,"positionX":2.0,"holdTime":0.0,"speed":1.0,"floorPosition":142.73438},{"type":1,"time":6680,"positionX":-2.0,"holdTime":0.0,"speed":1.0,"floorPosition":146.77734},{"type":2,"time":6704,"positionX":-2.0,"holdTime":0.0,"speed":1.0,"floorPosition":147.30469},{"type":1,"time":6744,"positionX":3.0,"holdTime":0.0,"speed":1.0,"floorPosition":148.1836},{"type":2,"time":6768,"positionX":3.0,"holdTime":0.0,"speed":1.0,"floorPosition":148.71094},{"type":1,"time":6808,"positionX":1.0,"holdTime":0.0,"speed":1.0,"floorPosition":149.58984},{"type":2,"time":6832,"positionX":1.0,"holdTime":0.0,"speed":1.0,"floorPosition":150.11719},{"type":1,"time":6872,"positionX":0.0,"holdTime":0.0,"speed":1.0,"floorPosition":150.9961},{"type":2,"time":6896,"positionX":0.0,"holdTime":0.0,"speed":1.0,"floorPosition":151.52344},{"type":1,"time":6936,"positionX":3.0,"holdTime":0.0,"speed":1.0,"floorPosition":152.40234},{"type":2,"time":6960,"positionX":3.0,"holdTime":0.0,"speed":1.0,"floorPosition":152.92969},{"type":1,"time":7000,"positionX":1.0,"holdTime":0.0,"speed":1.0,"floorPosition":153.8086},{"type":2,"time":7024,"positionX":1.0,"holdTime":0.0,"speed":1.0,"floorPosition":154.33594},{"type":1,"time":7064,"positionX":-1.0,"holdTime":0.0,"speed":1.0,"floorPosition":155.21484},{"type":2,"time":7088,"positionX":-1.0,"holdTime":0.0,"speed":1.0,"floorPosition":155.74219},{"type":1,"time":7128,"positionX":4.0,"holdTime":0.0,"speed":1.0,"floorPosition":156.6211},{"type":2,"time":7152,"positionX":4.0,"holdTime":0.0,"speed":1.0,"floorPosition":157.14844},{"type":1,"time":7192,"positionX":-1.0,"holdTime":0.0,"speed":1.0,"floorPosition":158.02734},{"type":2,"time":7216,"positionX":-1.0,"holdTime":0.0,"speed":1.0,"floorPosition":158.55469},{"type":1,"time":7256,"positionX":3.0,"holdTime":0.0,"speed":1.0,"floorPosition":159.4336},{"type":2,"time":7280,"positionX":3.0,"holdTime":0.0,"speed":1.0,"floorPosition":159.96094},{"type":1,"time":7320,"positionX":-3.0,"holdTime":0.0,"speed":1.0,"floorPosition":160.83984},{"type":2,"time":7344,"positionX":-3.0,"holdTime":0.0,"speed":1.0,"floorPosition":161.36719},{"type":1,"time":7384,"positionX":0.0,"holdTime":0.0,"speed":1.0,"floorPosition":162.2461},{"type":2,"time":7408,"positionX":0.0,"holdTime":0.0,"speed":1.0,"floorPosition":162.77344},{"type":1,"time":7448,"positionX":-1.0,"holdTime":0.0,"speed":1.0,"floorPosition":163.65234},{"type":2,"time":7472,"positionX":-1.0,"holdTime":0.0,"speed":1.0,"floorPosition":164.17969},{"type":1,"time":7512,"positionX":-2.0,"holdTime":0.0,"speed":1.0,"floorPosition":165.0586},{"type":2,"time":7536,"positionX":-2.0,"holdTime":0.0,"speed":1.0,"floorPosition":165.58594},{"type":1,"time":7576,"positionX":0.0,"holdTime":0.0,"speed":1.0,"floorPosition":166.46484},{"type":2,"time":7600,"positionX":0.0,"holdTime":0.0,"speed":1.0,"floorPosition":166.99219},{"type":2,"time":7632,"positionX":2.0,"holdTime":0.0,"speed":1.0,"floorPosition":167.69531},{"type":4,"time":7648,"positionX":-2.0,"holdTime":0.0,"speed":1.0,"floorPosition":168.04688},{"type":2,"time":7680,"positionX":0.0,"holdTime":0.0,"speed":1.0,"floorPosition":168.75},{"type":2,"time":7808,"positionX":0.0,"holdTime":0.0,"speed":1.0,"floorPosition":171.5625},{"type":2,"time":7936,"positionX":0.0,"holdTime":0.0,"speed":1.0,"floorPosition":174.375},{"type":2,"time":8064,"positionX":0.0,"holdTime":0.0,"speed":1.0,"floorPosition":177.1875},{"type":2,"time":8096,"positionX":0.0,"holdTime":0.0,"speed":1.0,"floorPosition":177.89062},{"type":2,"time":8128,"positionX":0.0,"holdTime":0.0,"speed":1.0,"floorPosition":178.59375},{"type":2,"time":8160,"positionX":0.0,"holdTime":0.0,"speed":1.0,"floorPosition":179.29688},{"type":2,"time":8192,"positionX":0.0,"holdTime":0.0,"speed":1.0,"floorPosition":180.0},{"type":2,"time":8224,"positionX":0.0,"holdTime":0.0,"speed":1.0,"floorPosition":180.70312},{"type":2,"time":8256,"positionX":0.0,"holdTime":0.0,"speed":1.0,"floorPosition":181.40625},{"type":2,"time":8288,"positionX":0.0,"holdTime":0.0,"speed":1.0,"floorPosition":182.10938},{"type":2,"time":8320,"positionX":0.0,"holdTime":0.0,"speed":1.0,"floorPosition":182.8125},{"type":2,"time":8352,"positionX":0.0,"holdTime":0.0,"speed":1.0,"floorPosition":183.51562},{"type":2,"time":8384,"positionX":0.0,"holdTime":0.0,"speed":1.0,"floorPosition":184.21875},{"type":2,"time":8416,"positionX":0.0,"holdTime":0.0,"speed":1.0,"floorPosition":184.92188},{"type":2,"time":8448,"positionX":0.0,"holdTime":0.0,"speed":1.0,"floorPosition":185.625},{"type":2,"time":8480,"positionX":0.0,"holdTime":0.0,"speed":1.0,"floorPosition":186.32812},{"type":2,"time":8512,"positionX":0.0,"holdTime":0.0,"speed":1.0,"floorPosition":187.03125},{"type":2,"time":8544,"positionX":0.0,"holdTime":0.0,"speed":1.0,"floorPosition":187.73438},{"type":2,"time":8576,"positionX":0.0,"holdTime":0.0,"speed":1.0,"floorPosition":188.4375},{"type":4,"time":8672,"positionX":0.0,"holdTime":0.0,"speed":1.0,"floorPosition":190.54688},{"type":1,"time":8704,"positionX":-3.0,"holdTime":0.0,"speed":1.0,"floorPosition":191.25},{"type":2,"time":8736,"positionX":-3.0,"holdTime":0.0,"speed":1.0,"floorPosition":191.95312},{"type":1,"time":8768,"positionX":2.0,"holdTime":0.0,"speed":1.0,"floorPosition":192.65625},{"type":2,"time":8800,"positionX":2.0,"holdTime":0.0,"speed":1.0,"floorPosition":193.35938},{"type":1,"time":8832,"positionX":-2.0,"holdTime":0.0,"speed":1.0,"floorPosition":194.0625},{"type":2,"time":8864,"positionX":-2.0,"holdTime":0.0,"speed":1.0,"floorPosition":194.76562},{"type":1,"time":8896,"positionX":2.0,"holdTime":0.0,"speed":1.0,"floorPosition":195.46875},{"type":2,"time":8928,"positionX":2.0,"holdTime":0.0,"speed":1.0,"floorPosition":196.17188},{"type":2,"time":8928,"positionX":2.0,"holdTime":0.0,"speed":1.0,"floorPosition":196.17188},{"type":1,"time":8960,"positionX":0.0,"holdTime":0.0,"speed":1.0,"floorPosition":196.875},{"type":2,"time":8992,"positionX":0.0,"holdTime":0.0,"speed":1.0,"floorPosition":197.57812},{"type":1,"time":9024,"positionX":3.8888886,"holdTime":0.0,"speed":1.0,"floorPosition":198.28125},{"type":2,"time":9056,"positionX":4.0,"holdTime":0.0,"speed":1.0,"floorPosition":198.98438},{"type":1,"time":9088,"positionX":-1.0,"holdTime":0.0,"speed":1.0,"floorPosition":199.6875},{"type":2,"time":9120,"positionX":-1.0,"holdTime":0.0,"speed":1.0,"floorPosition":200.39062},{"type":1,"time":9152,"positionX":-3.111111,"holdTime":0.0,"speed":1.0,"floorPosition":201.09375},{"type":2,"time":9184,"positionX":-3.0,"holdTime":0.0,"speed":1.0,"floorPosition":201.79688},{"type":2,"time":9200,"positionX":-3.0,"holdTime":0.0,"speed":1.0,"floorPosition":202.14844},{"type":1,"time":9216,"positionX":4.0,"holdTime":0.0,"speed":1.0,"floorPosition":202.5},{"type":2,"time":9248,"positionX":4.0,"holdTime":0.0,"speed":1.0,"floorPosition":203.20312},{"type":1,"time":9280,"positionX":3.0,"holdTime":0.0,"speed":1.0,"floorPosition":203.90625},{"type":2,"time":9312,"positionX":3.0,"holdTime":0.0,"speed":1.0,"floorPosition":204.60938},{"type":1,"time":9344,"positionX":-1.0,"holdTime":0.0,"speed":1.0,"floorPosition":205.3125},{"type":2,"time":9376,"positionX":-1.0,"holdTime":0.0,"speed":1.0,"floorPosition":206.01562},{"type":1,"time":9408,"positionX":3.111111,"holdTime":0.0,"speed":1.0,"floorPosition":206.71875},{"type":2,"time":9440,"positionX":3.0,"holdTime":0.0,"speed":1.0,"floorPosition":207.42188},{"type":1,"time":9472,"positionX":-2.0,"holdTime":0.0,"speed":1.0,"floorPosition":208.125},{"type":2,"time":9504,"positionX":-2.0,"holdTime":0.0,"speed":1.0,"floorPosition":208.82812},{"type":1,"time":9536,"positionX":3.0,"holdTime":0.0,"speed":1.0,"floorPosition":209.53125},{"type":2,"time":9560,"positionX":3.0,"holdTime":0.0,"speed":1.0,"floorPosition":210.0586},{"type":2,"time":9584,"positionX":3.0,"holdTime":0.0,"speed":1.0,"floorPosition":210.58594},{"type":1,"time":9600,"positionX":-2.0,"holdTime":0.0,"speed":1.0,"floorPosition":210.9375},{"type":2,"time":9632,"positionX":-2.0,"holdTime":0.0,"speed":1.0,"floorPosition":211.64062},{"type":1,"time":9664,"positionX":3.8888886,"holdTime":0.0,"speed":1.0,"floorPosition":212.34375},{"type":4,"time":9696,"positionX":-2.0,"holdTime":0.0,"speed":1.0,"floorPosition":213.04688},{"type":1,"time":9728,"positionX":4.0,"holdTime":0.0,"speed":1.0,"floorPosition":213.75},{"type":2,"time":9760,"positionX":4.0,"holdTime":0.0,"speed":1.0,"floorPosition":214.45312},{"type":1,"time":9792,"positionX":-2.0,"holdTime":0.0,"speed":1.0,"floorPosition":215.15625},{"type":2,"time":9824,"positionX":-2.0,"holdTime":0.0,"speed":1.0,"floorPosition":215.85938},{"type":1,"time":9856,"positionX":3.0,"holdTime":0.0,"speed":1.0,"floorPosition":216.5625},{"type":2,"time":9888,"positionX":3.0,"holdTime":0.0,"speed":1.0,"floorPosition":217.26562},{"type":1,"time":9920,"positionX":2.3333333,"holdTime":0.0,"speed":1.0,"floorPosition":217.96875},{"type":2,"time":9952,"positionX":2.0,"holdTime":0.0,"speed":1.0,"floorPosition":218.67188},{"type":2,"time":10016,"positionX":-2.0,"holdTime":0.0,"speed":1.0,"floorPosition":220.07812},{"type":1,"time":10048,"positionX":2.3333333,"holdTime":0.0,"speed":1.0,"floorPosition":220.78125},{"type":2,"time":10080,"positionX":2.0,"holdTime":0.0,"speed":1.0,"floorPosition":221.48438},{"type":1,"time":10112,"positionX":-4.0,"holdTime":0.0,"speed":1.0,"floorPosition":222.1875},{"type":2,"time":10136,"positionX":-4.0,"holdTime":0.0,"speed":1.0,"floorPosition":222.71484},{"type":2,"time":10160,"positionX":-4.0,"holdTime":0.0,"speed":1.0,"floorPosition":223.24219},{"type":1,"time":10176,"positionX":3.0,"holdTime":0.0,"speed":1.0,"floorPosition":223.59375},{"type":4,"time":10208,"positionX":-3.111111,"holdTime":0.0,"speed":1.0,"floorPosition":224.29688},{"type":1,"time":10240,"positionX":3.0,"holdTime":0.0,"speed":1.0,"floorPosition":225.0},{"type":2,"time":10272,"positionX":3.0,"holdTime":0.0,"speed":1.0,"floorPosition":225.70312},{"type":1,"time":10304,"positionX":-4.0,"holdTime":0.0,"speed":1.0,"floorPosition":226.40625},{"type":2,"time":10336,"positionX":-4.0,"holdTime":0.0,"speed":1.0,"floorPosition":227.10938},{"type":1,"time":10368,"positionX":3.0,"holdTime":0.0,"speed":1.0,"floorPosition":227.8125},{"type":2,"time":10400,"positionX":3.0,"holdTime":0.0,"speed":1.0,"floorPosition":228.51562},{"type":1,"time":10432,"positionX":-3.0,"holdTime":0.0,"speed":1.0,"floorPosition":229.21875},{"type":2,"time":10464,"positionX":-3.0,"holdTime":0.0,"speed":1.0,"floorPosition":229.92188},{"type":1,"time":10496,"positionX":3.0,"holdTime":0.0,"speed":1.0,"floorPosition":230.625},{"type":2,"time":10528,"positionX":3.0,"holdTime":0.0,"speed":1.0,"floorPosition":231.32812},{"type":1,"time":10560,"positionX":-1.5555555,"holdTime":0.0,"speed":1.0,"floorPosition":232.03125},{"type":2,"time":10592,"positionX":-2.0,"holdTime":0.0,"speed":1.0,"floorPosition":232.73438},{"type":1,"time":10624,"positionX":4.0,"holdTime":0.0,"speed":1.0,"floorPosition":233.4375},{"type":2,"time":10648,"positionX":4.0,"holdTime":0.0,"speed":1.0,"floorPosition":233.96484},{"type":2,"time":10672,"positionX":4.0,"holdTime":0.0,"speed":1.0,"floorPosition":234.49219},{"type":1,"time":10688,"positionX":-3.0,"holdTime":0.0,"speed":1.0,"floorPosition":234.84375},{"type":4,"time":10720,"positionX":3.111111,"holdTime":0.0,"speed":1.0,"floorPosition":235.54688},{"type":3,"time":10752,"positionX":0.0,"holdTime":480.0,"speed":1.5,"floorPosition":236.25}],"notesBelow":[],"speedEvents":[{"startTime":0.0,"endTime":1000000000.0,"value":1.5}],"judgeLineMoveEvents":[{"startTime":-999999.0,"endTime":32.0,"start":440260.0,"end":440260.0},{"startTime":32.0,"endTime":34.0,"start":440260.0,"end":440250.0},{"startTime":34.0,"endTime":35.0,"start":440250.0,"end":440245.0},{"startTime":35.0,"endTime":36.0,"start":440245.0,"end":440241.0},{"startTime":36.0,"endTime":37.0,"start":440241.0,"end":440236.0},{"startTime":37.0,"endTime":38.0,"start":440236.0,"end":440232.0},{"startTime":38.0,"endTime":39.0,"start":440232.0,"end":440227.0},{"startTime":39.0,"endTime":42.0,"start":440227.0,"end":440215.0},{"startTime":42.0,"endTime":43.0,"start":440215.0,"end":440210.0},{"startTime":43.0,"endTime":44.0,"start":440210.0,"end":440206.0},{"startTime":44.0,"endTime":45.0,"start":440206.0,"end":440203.0},{"startTime":45.0,"endTime":48.0,"start":440203.0,"end":440191.0},{"startTime":48.0,"endTime":49.0,"start":440191.0,"end":440188.0},{"startTime":49.0,"endTime":50.0,"start":440188.0,"end":440184.0},{"startTime":50.0,"endTime":51.0,"start":440184.0,"end":440181.0},{"startTime":51.0,"endTime":52.0,"start":440181.0,"end":440177.0},{"startTime":52.0,"endTime":55.0,"start":440177.0,"end":440168.0},{"startTime":55.0,"endTime":56.0,"start":440168.0,"end":440164.0},{"startTime":56.0,"endTime":57.0,"start":440164.0,"end":440161.0},{"startTime":57.0,"endTime":58.0,"start":440161.0,"end":440158.0},{"startTime":58.0,"endTime":59.0,"start":440158.0,"end":440156.0},{"startTime":59.0,"endTime":60.0,"start":440156.0,"end":440153.0},{"startTime":60.0,"endTime":61.0,"start":440153.0,"end":440150.0},{"startTime":61.0,"endTime":62.0,"start":440150.0,"end":440148.0},{"startTime":62.0,"endTime":63.0,"start":440148.0,"end":440145.0},{"startTime":63.0,"endTime":64.0,"start":440145.0,"end":440142.0},{"startTime":64.0,"endTime":65.0,"start":440142.0,"end":440140.0},{"startTime":65.0,"endTime":66.0,"start":440140.0,"end":440138.0},{"startTime":66.0,"endTime":67.0,"start":440138.0,"end":440136.0},{"startTime":67.0,"endTime":68.0,"start":440136.0,"end":440133.0},{"startTime":68.0,"endTime":69.0,"start":440133.0,"end":440131.0},{"startTime":69.0,"endTime":70.0,"start":440131.0,"end":440129.0},{"startTime":70.0,"endTime":72.0,"start":440129.0,"end":440125.0},{"startTime":72.0,"endTime":73.0,"start":440125.0,"end":440124.0},{"startTime":73.0,"endTime":75.0,"start":440124.0,"end":440120.0},{"startTime":75.0,"endTime":76.0,"start":440120.0,"end":440119.0},{"startTime":76.0,"endTime":77.0,"start":440119.0,"end":440117.0},{"startTime":77.0,"endTime":78.0,"start":440117.0,"end":440116.0},{"startTime":78.0,"endTime":79.0,"start":440116.0,"end":440115.0},{"startTime":79.0,"endTime":80.0,"start":440115.0,"end":440113.0},{"startTime":80.0,"endTime":81.0,"start":440113.0,"end":440112.0},{"startTime":81.0,"endTime":82.0,"start":440112.0,"end":440111.0},{"startTime":82.0,"endTime":83.0,"start":440111.0,"end":440110.0},{"startTime":83.0,"endTime":84.0,"start":440110.0,"end":440109.0},{"startTime":84.0,"endTime":85.0,"start":440109.0,"end":440108.0},{"startTime":85.0,"endTime":86.0,"start":440108.0,"end":440107.0},{"startTime":86.0,"endTime":87.0,"start":440107.0,"end":440107.0},{"startTime":87.0,"endTime":88.0,"start":440107.0,"end":440106.0},{"startTime":88.0,"endTime":89.0,"start":440106.0,"end":440105.0},{"startTime":89.0,"endTime":90.0,"start":440105.0,"end":440105.0},{"startTime":90.0,"endTime":91.0,"start":440105.0,"end":440104.0},{"startTime":91.0,"endTime":95.0,"start":440104.0,"end":440104.0},{"startTime":95.0,"endTime":96.0,"start":440104.0,"end":440103.0},{"startTime":96.0,"endTime":1120.0,"start":440103.0,"end":440104.0},{"startTime":1120.0,"endTime":2272.0,"start":440104.0,"end":440104.0},{"startTime":2272.0,"endTime":2288.0,"start":440104.0,"end":440057.0},{"startTime":2288.0,"endTime":2304.0,"start":440057.0,"end":440057.0},{"startTime":2304.0,"endTime":2336.0,"start":440057.0,"end":440097.0},{"startTime":2336.0,"endTime":2344.0,"start":440097.0,"end":440106.0},{"startTime":2344.0,"endTime":2352.0,"start":440106.0,"end":440115.0},{"startTime":2352.0,"endTime":2360.0,"start":440115.0,"end":440124.0},{"startTime":2360.0,"endTime":2368.0,"start":440124.0,"end":440132.0},{"startTime":2368.0,"endTime":2376.0,"start":440132.0,"end":440140.0},{"startTime":2376.0,"endTime":2400.0,"start":440140.0,"end":440161.0},{"startTime":2400.0,"endTime":2408.0,"start":440161.0,"end":440168.0},{"startTime":2408.0,"endTime":2416.0,"start":440168.0,"end":440174.0},{"startTime":2416.0,"endTime":2424.0,"start":440174.0,"end":440180.0},{"startTime":2424.0,"endTime":2432.0,"start":440180.0,"end":440185.0},{"startTime":2432.0,"endTime":2440.0,"start":440185.0,"end":440191.0},{"startTime":2440.0,"endTime":2448.0,"start":440191.0,"end":440195.0},{"startTime":2448.0,"endTime":2456.0,"start":440195.0,"end":440200.0},{"startTime":2456.0,"endTime":2480.0,"start":440200.0,"end":440212.0},{"startTime":2480.0,"endTime":2496.0,"start":440212.0,"end":440218.0},{"startTime":2496.0,"endTime":2504.0,"start":440218.0,"end":440220.0},{"startTime":2504.0,"endTime":2512.0,"start":440220.0,"end":440222.0},{"startTime":2512.0,"endTime":2520.0,"start":440222.0,"end":440224.0},{"startTime":2520.0,"endTime":2528.0,"start":440224.0,"end":440226.0},{"startTime":2528.0,"endTime":2544.0,"start":440226.0,"end":440228.0},{"startTime":2544.0,"endTime":2560.0,"start":440228.0,"end":440228.0},{"startTime":2560.0,"endTime":2576.0,"start":440228.0,"end":440202.0},{"startTime":2576.0,"endTime":2584.0,"start":440202.0,"end":440190.0},{"startTime":2584.0,"endTime":2600.0,"start":440190.0,"end":440168.0},{"startTime":2600.0,"endTime":2608.0,"start":440168.0,"end":440158.0},{"startTime":2608.0,"endTime":2616.0,"start":440158.0,"end":440149.0},{"startTime":2616.0,"endTime":2632.0,"start":440149.0,"end":440133.0},{"startTime":2632.0,"endTime":2640.0,"start":440133.0,"end":440127.0},{"startTime":2640.0,"endTime":2648.0,"start":440127.0,"end":440120.0},{"startTime":2648.0,"endTime":2656.0,"start":440120.0,"end":440114.0},{"startTime":2656.0,"endTime":2664.0,"start":440114.0,"end":440109.0},{"startTime":2664.0,"endTime":2672.0,"start":440109.0,"end":440104.0},{"startTime":2672.0,"endTime":2688.0,"start":440104.0,"end":440096.0},{"startTime":2688.0,"endTime":2696.0,"start":440096.0,"end":440093.0},{"startTime":2696.0,"endTime":2704.0,"start":440093.0,"end":440090.0},{"startTime":2704.0,"endTime":2712.0,"start":440090.0,"end":440088.0},{"startTime":2712.0,"endTime":2720.0,"start":440088.0,"end":440085.0},{"startTime":2720.0,"endTime":2728.0,"start":440085.0,"end":440084.0},{"startTime":2728.0,"endTime":2736.0,"start":440084.0,"end":440082.0},{"startTime":2736.0,"endTime":2744.0,"start":440082.0,"end":440081.0},{"startTime":2744.0,"endTime":2752.0,"start":440081.0,"end":440080.0},{"startTime":2752.0,"endTime":2760.0,"start":440080.0,"end":440079.0},{"startTime":2760.0,"endTime":2768.0,"start":440079.0,"end":440078.0},{"startTime":2768.0,"endTime":2808.0,"start":440078.0,"end":440078.0},{"startTime":2808.0,"endTime":2816.0,"start":440078.0,"end":440077.0},{"startTime":2816.0,"endTime":3296.0,"start":440077.0,"end":440078.0},{"startTime":3296.0,"endTime":3313.0,"start":440078.0,"end":440155.0},{"startTime":3313.0,"endTime":3584.0,"start":440155.0,"end":440155.0},{"startTime":3584.0,"endTime":3616.0,"start":440155.0,"end":351145.0},{"startTime":3616.0,"endTime":3840.0,"start":351145.0,"end":351145.0},{"startTime":3840.0,"endTime":3872.0,"start":351145.0,"end":290197.0},{"startTime":3872.0,"endTime":4096.0,"start":290197.0,"end":290197.0},{"startTime":4096.0,"endTime":4128.0,"start":290197.0,"end":325130.0},{"startTime":4128.0,"endTime":4320.0,"start":325130.0,"end":440161.0},{"startTime":4320.0,"endTime":4336.0,"start":440161.0,"end":440130.0},{"startTime":4336.0,"endTime":4352.0,"start":440130.0,"end":440130.0},{"startTime":4352.0,"endTime":4608.0,"start":440130.0,"end":440187.0},{"startTime":4608.0,"endTime":4620.0,"start":440187.0,"end":440187.0},{"startTime":4620.0,"endTime":4624.0,"start":440187.0,"end":440186.0},{"startTime":4624.0,"endTime":4644.0,"start":440186.0,"end":440186.0},{"startTime":4644.0,"endTime":4648.0,"start":440186.0,"end":440185.0},{"startTime":4648.0,"endTime":4656.0,"start":440185.0,"end":440185.0},{"startTime":4656.0,"endTime":4660.0,"start":440185.0,"end":440184.0},{"startTime":4660.0,"endTime":4668.0,"start":440184.0,"end":440184.0},{"startTime":4668.0,"endTime":4672.0,"start":440184.0,"end":440183.0},{"startTime":4672.0,"endTime":4676.0,"start":440183.0,"end":440183.0},{"startTime":4676.0,"endTime":4680.0,"start":440183.0,"end":440182.0},{"startTime":4680.0,"endTime":4684.0,"start":440182.0,"end":440182.0},{"startTime":4684.0,"endTime":4688.0,"start":440182.0,"end":440181.0},{"startTime":4688.0,"endTime":4692.0,"start":440181.0,"end":440181.0},{"startTime":4692.0,"endTime":4696.0,"start":440181.0,"end":440180.0},{"startTime":4696.0,"endTime":4700.0,"start":440180.0,"end":440180.0},{"startTime":4700.0,"endTime":4708.0,"start":440180.0,"end":440178.0},{"startTime":4708.0,"endTime":4712.0,"start":440178.0,"end":440178.0},{"startTime":4712.0,"endTime":4716.0,"start":440178.0,"end":440177.0},{"startTime":4716.0,"endTime":4720.0,"start":440177.0,"end":440176.0},{"startTime":4720.0,"endTime":4724.0,"start":440176.0,"end":440176.0},{"startTime":4724.0,"endTime":4732.0,"start":440176.0,"end":440174.0},{"startTime":4732.0,"endTime":4736.0,"start":440174.0,"end":440174.0},{"startTime":4736.0,"endTime":4740.0,"start":440174.0,"end":440173.0},{"startTime":4740.0,"endTime":4744.0,"start":440173.0,"end":440172.0},{"startTime":4744.0,"endTime":4748.0,"start":440172.0,"end":440172.0},{"startTime":4748.0,"endTime":4752.0,"start":440172.0,"end":440171.0},{"startTime":4752.0,"endTime":4756.0,"start":440171.0,"end":440171.0},{"startTime":4756.0,"endTime":4760.0,"start":440171.0,"end":440170.0},{"startTime":4760.0,"endTime":4764.0,"start":440170.0,"end":440170.0},{"startTime":4764.0,"endTime":4768.0,"start":440170.0,"end":440169.0},{"startTime":4768.0,"endTime":4772.0,"start":440169.0,"end":440169.0},{"startTime":4772.0,"endTime":4776.0,"start":440169.0,"end":440168.0},{"startTime":4776.0,"endTime":4788.0,"start":440168.0,"end":440168.0},{"startTime":4788.0,"endTime":4792.0,"start":440168.0,"end":440167.0},{"startTime":4792.0,"endTime":4804.0,"start":440167.0,"end":440167.0},{"startTime":4804.0,"endTime":4808.0,"start":440167.0,"end":440166.0},{"startTime":4808.0,"endTime":4832.0,"start":440166.0,"end":440166.0},{"startTime":4832.0,"endTime":4848.0,"start":440166.0,"end":440119.0},{"startTime":4848.0,"endTime":4864.0,"start":440119.0,"end":440119.0},{"startTime":4864.0,"endTime":5120.0,"start":440119.0,"end":527155.0},{"startTime":5120.0,"endTime":5376.0,"start":527155.0,"end":440057.0},{"startTime":5376.0,"endTime":5510.0,"start":440057.0,"end":440057.0},{"startTime":5510.0,"endTime":5511.0,"start":440057.0,"end":441058.0},{"startTime":5511.0,"endTime":5512.0,"start":441058.0,"end":442058.0},{"startTime":5512.0,"endTime":5513.0,"start":442058.0,"end":442059.0},{"startTime":5513.0,"endTime":5514.0,"start":442059.0,"end":444060.0},{"startTime":5514.0,"endTime":5516.0,"start":444060.0,"end":446062.0},{"startTime":5516.0,"endTime":5517.0,"start":446062.0,"end":448064.0},{"startTime":5517.0,"endTime":5518.0,"start":448064.0,"end":451065.0},{"startTime":5518.0,"endTime":5519.0,"start":451065.0,"end":453067.0},{"startTime":5519.0,"endTime":5520.0,"start":453067.0,"end":456069.0},{"startTime":5520.0,"endTime":5521.0,"start":456069.0,"end":459072.0},{"startTime":5521.0,"endTime":5522.0,"start":459072.0,"end":463075.0},{"startTime":5522.0,"endTime":5523.0,"start":463075.0,"end":467078.0},{"startTime":5523.0,"endTime":5524.0,"start":467078.0,"end":472081.0},{"startTime":5524.0,"endTime":5525.0,"start":472081.0,"end":477085.0},{"startTime":5525.0,"endTime":5526.0,"start":477085.0,"end":482090.0},{"startTime":5526.0,"endTime":5527.0,"start":482090.0,"end":489094.0},{"startTime":5527.0,"endTime":5528.0,"start":489094.0,"end":495100.0},{"startTime":5528.0,"endTime":5529.0,"start":495100.0,"end":502105.0},{"startTime":5529.0,"endTime":5530.0,"start":502105.0,"end":510111.0},{"startTime":5530.0,"endTime":5531.0,"start":510111.0,"end":519118.0},{"startTime":5531.0,"endTime":5532.0,"start":519118.0,"end":528125.0},{"startTime":5532.0,"endTime":5533.0,"start":528125.0,"end":538132.0},{"startTime":5533.0,"endTime":5534.0,"start":538132.0,"end":548140.0},{"startTime":5534.0,"endTime":5535.0,"start":548140.0,"end":560149.0},{"startTime":5535.0,"endTime":5536.0,"start":560149.0,"end":571158.0},{"startTime":5536.0,"endTime":5537.0,"start":571158.0,"end":583167.0},{"startTime":5537.0,"endTime":5538.0,"start":583167.0,"end":595176.0},{"startTime":5538.0,"endTime":5540.0,"start":595176.0,"end":615192.0},{"startTime":5540.0,"endTime":5541.0,"start":615192.0,"end":624199.0},{"startTime":5541.0,"endTime":5542.0,"start":624199.0,"end":633205.0},{"startTime":5542.0,"endTime":5543.0,"start":633205.0,"end":641211.0},{"startTime":5543.0,"endTime":5544.0,"start":641211.0,"end":648217.0},{"startTime":5544.0,"endTime":5545.0,"start":648217.0,"end":654222.0},{"startTime":5545.0,"endTime":5546.0,"start":654222.0,"end":661227.0},{"startTime":5546.0,"endTime":5548.0,"start":661227.0,"end":671235.0},{"startTime":5548.0,"endTime":5549.0,"start":671235.0,"end":676238.0},{"startTime":5549.0,"endTime":5550.0,"start":676238.0,"end":680241.0},{"startTime":5550.0,"endTime":5551.0,"start":680241.0,"end":684244.0},{"startTime":5551.0,"endTime":5552.0,"start":684244.0,"end":687247.0},{"startTime":5552.0,"endTime":5553.0,"start":687247.0,"end":690249.0},{"startTime":5553.0,"endTime":5554.0,"start":690249.0,"end":692251.0},{"startTime":5554.0,"endTime":5555.0,"start":692251.0,"end":695253.0},{"startTime":5555.0,"endTime":5556.0,"start":695253.0,"end":697254.0},{"startTime":5556.0,"endTime":5558.0,"start":697254.0,"end":699256.0},{"startTime":5558.0,"endTime":5559.0,"start":699256.0,"end":701257.0},{"startTime":5559.0,"endTime":5560.0,"start":701257.0,"end":701258.0},{"startTime":5560.0,"endTime":5561.0,"start":701258.0,"end":702258.0},{"startTime":5561.0,"endTime":5562.0,"start":702258.0,"end":703259.0},{"startTime":5562.0,"endTime":5567.0,"start":703259.0,"end":703259.0},{"startTime":5567.0,"endTime":5568.0,"start":703259.0,"end":703260.0},{"startTime":5568.0,"endTime":5760.0,"start":703260.0,"end":703260.0},{"startTime":5760.0,"endTime":5856.0,"start":703260.0,"end":527260.0},{"startTime":5856.0,"endTime":6016.0,"start":527260.0,"end":527260.0},{"startTime":6016.0,"endTime":6112.0,"start":527260.0,"end":404260.0},{"startTime":6112.0,"endTime":6272.0,"start":404260.0,"end":404260.0},{"startTime":6272.0,"endTime":6368.0,"start":404260.0,"end":263260.0},{"startTime":6368.0,"endTime":6528.0,"start":263260.0,"end":263260.0},{"startTime":6528.0,"endTime":6624.0,"start":263260.0,"end":440260.0},{"startTime":6624.0,"endTime":6656.0,"start":440260.0,"end":440260.0},{"startTime":6656.0,"endTime":7168.0,"start":440260.0,"end":440207.0},{"startTime":7168.0,"endTime":7680.0,"start":440207.0,"end":475260.0},{"startTime":7680.0,"endTime":8064.0,"start":475260.0,"end":440260.0},{"startTime":8064.0,"endTime":8576.0,"start":440260.0,"end":440260.0},{"startTime":8576.0,"endTime":8578.0,"start":440260.0,"end":440234.0},{"startTime":8578.0,"endTime":8579.0,"start":440234.0,"end":440222.0},{"startTime":8579.0,"endTime":8581.0,"start":440222.0,"end":440200.0},{"startTime":8581.0,"endTime":8582.0,"start":440200.0,"end":440189.0},{"startTime":8582.0,"endTime":8583.0,"start":440189.0,"end":440178.0},{"startTime":8583.0,"endTime":8584.0,"start":440178.0,"end":440168.0},{"startTime":8584.0,"endTime":8587.0,"start":440168.0,"end":440141.0},{"startTime":8587.0,"endTime":8590.0,"start":440141.0,"end":440117.0},{"startTime":8590.0,"endTime":8591.0,"start":440117.0,"end":440110.0},{"startTime":8591.0,"endTime":8592.0,"start":440110.0,"end":440103.0},{"startTime":8592.0,"endTime":8594.0,"start":440103.0,"end":440091.0},{"startTime":8594.0,"endTime":8595.0,"start":440091.0,"end":440086.0},{"startTime":8595.0,"endTime":8596.0,"start":440086.0,"end":440081.0},{"startTime":8596.0,"endTime":8597.0,"start":440081.0,"end":440076.0},{"startTime":8597.0,"endTime":8599.0,"start":440076.0,"end":440068.0},{"startTime":8599.0,"endTime":8600.0,"start":440068.0,"end":440064.0},{"startTime":8600.0,"endTime":8601.0,"start":440064.0,"end":440061.0},{"startTime":8601.0,"endTime":8605.0,"start":440061.0,"end":440053.0},{"startTime":8605.0,"endTime":8606.0,"start":440053.0,"end":440052.0},{"startTime":8606.0,"endTime":8607.0,"start":440052.0,"end":440052.0},{"startTime":8607.0,"endTime":8608.0,"start":440052.0,"end":440051.0},{"startTime":8608.0,"endTime":9728.0,"start":440051.0,"end":440057.0},{"startTime":9728.0,"endTime":9984.0,"start":440057.0,"end":527103.0},{"startTime":9984.0,"endTime":10240.0,"start":527103.0,"end":440155.0},{"startTime":10240.0,"endTime":10496.0,"start":440155.0,"end":351103.0},{"startTime":10496.0,"endTime":10752.0,"start":351103.0,"end":440051.0},{"startTime":10752.0,"endTime":1000000000.0,"start":440051.0,"end":440051.0}],"judgeLineRotateEvents":[{"startTime":-999999.0,"endTime":1120.0,"start":0.0,"end":0.0},{"startTime":1120.0,"endTime":1136.0,"start":0.0,"end":10.0},{"startTime":1136.0,"endTime":1152.0,"start":10.0,"end":10.0},{"startTime":1152.0,"endTime":1160.0,"start":10.0,"end":9.962475},{"startTime":1160.0,"endTime":1168.0,"start":9.962475,"end":9.85085},{"startTime":1168.0,"endTime":1176.0,"start":9.85085,"end":9.665125},{"startTime":1176.0,"endTime":1184.0,"start":9.665125,"end":9.4053},{"startTime":1184.0,"endTime":1192.0,"start":9.4053,"end":9.071375},{"startTime":1192.0,"endTime":1200.0,"start":9.071375,"end":8.66335},{"startTime":1200.0,"endTime":1208.0,"start":8.66335,"end":8.181225},{"startTime":1208.0,"endTime":1216.0,"start":8.181225,"end":7.625},{"startTime":1216.0,"endTime":1224.0,"start":7.625,"end":6.993725},{"startTime":1224.0,"endTime":1232.0,"start":6.993725,"end":6.28835},{"startTime":1232.0,"endTime":1240.0,"start":6.28835,"end":5.508875},{"startTime":1240.0,"endTime":1248.0,"start":5.508875,"end":4.6552997},{"startTime":1248.0,"endTime":1256.0,"start":4.6552997,"end":3.727625},{"startTime":1256.0,"endTime":1264.0,"start":3.727625,"end":2.72585},{"startTime":1264.0,"endTime":1272.0,"start":2.72585,"end":1.6499751},{"startTime":1272.0,"endTime":1288.0,"start":1.6499751,"end":-0.649975},{"startTime":1288.0,"endTime":1296.0,"start":-0.649975,"end":-1.7258501},{"startTime":1296.0,"endTime":1304.0,"start":-1.7258501,"end":-2.7276244},{"startTime":1304.0,"endTime":1312.0,"start":-2.7276244,"end":-3.6553},{"startTime":1312.0,"endTime":1320.0,"start":-3.6553,"end":-4.5088754},{"startTime":1320.0,"endTime":1328.0,"start":-4.5088754,"end":-5.28835},{"startTime":1328.0,"endTime":1336.0,"start":-5.28835,"end":-5.993724},{"startTime":1336.0,"endTime":1344.0,"start":-5.993724,"end":-6.625},{"startTime":1344.0,"endTime":1352.0,"start":-6.625,"end":-7.1812263},{"startTime":1352.0,"endTime":1360.0,"start":-7.1812263,"end":-7.66335},{"startTime":1360.0,"endTime":1368.0,"start":-7.66335,"end":-8.071374},{"startTime":1368.0,"endTime":1376.0,"start":-8.071374,"end":-8.4053},{"startTime":1376.0,"endTime":1384.0,"start":-8.4053,"end":-8.665126},{"startTime":1384.0,"endTime":1392.0,"start":-8.665126,"end":-8.85085},{"startTime":1392.0,"endTime":1400.0,"start":-8.85085,"end":-8.962475},{"startTime":1400.0,"endTime":1408.0,"start":-8.962475,"end":-9.0},{"startTime":1408.0,"endTime":1416.0,"start":-9.0,"end":-8.9526005},{"startTime":1416.0,"endTime":1424.0,"start":-8.9526005,"end":-8.8116},{"startTime":1424.0,"endTime":1432.0,"start":-8.8116,"end":-8.577},{"startTime":1432.0,"endTime":1440.0,"start":-8.577,"end":-8.2488},{"startTime":1440.0,"endTime":1448.0,"start":-8.2488,"end":-7.827},{"startTime":1448.0,"endTime":1456.0,"start":-7.827,"end":-7.3116},{"startTime":1456.0,"endTime":1464.0,"start":-7.3116,"end":-6.7026},{"startTime":1464.0,"endTime":1472.0,"start":-6.7026,"end":-6.0},{"startTime":1472.0,"endTime":1480.0,"start":-6.0,"end":-5.2026},{"startTime":1480.0,"endTime":1488.0,"start":-5.2026,"end":-4.3115997},{"startTime":1488.0,"endTime":1496.0,"start":-4.3115997,"end":-3.327},{"startTime":1496.0,"endTime":1504.0,"start":-3.327,"end":-2.2487998},{"startTime":1504.0,"endTime":1512.0,"start":-2.2487998,"end":-1.0769999},{"startTime":1512.0,"endTime":1520.0,"start":-1.0769999,"end":0.18839979},{"startTime":1520.0,"endTime":1528.0,"start":0.18839979,"end":1.5474},{"startTime":1528.0,"endTime":1544.0,"start":1.5474,"end":4.4526},{"startTime":1544.0,"endTime":1552.0,"start":4.4526,"end":5.8116},{"startTime":1552.0,"endTime":1560.0,"start":5.8116,"end":7.076999},{"startTime":1560.0,"endTime":1568.0,"start":7.076999,"end":8.2488},{"startTime":1568.0,"endTime":1576.0,"start":8.2488,"end":9.327001},{"startTime":1576.0,"endTime":1584.0,"start":9.327001,"end":10.3116},{"startTime":1584.0,"endTime":1592.0,"start":10.3116,"end":11.202599},{"startTime":1592.0,"endTime":1600.0,"start":11.202599,"end":12.0},{"startTime":1600.0,"endTime":1608.0,"start":12.0,"end":12.702601},{"startTime":1608.0,"endTime":1616.0,"start":12.702601,"end":13.3116},{"startTime":1616.0,"endTime":1624.0,"start":13.3116,"end":13.827},{"startTime":1624.0,"endTime":1632.0,"start":13.827,"end":14.2488},{"startTime":1632.0,"endTime":1640.0,"start":14.2488,"end":14.577001},{"startTime":1640.0,"endTime":1648.0,"start":14.577001,"end":14.8116},{"startTime":1648.0,"endTime":1656.0,"start":14.8116,"end":14.9526005},{"startTime":1656.0,"endTime":1664.0,"start":14.9526005,"end":15.0},{"startTime":1664.0,"endTime":1672.0,"start":15.0,"end":14.946675},{"startTime":1672.0,"endTime":1680.0,"start":14.946675,"end":14.78805},{"startTime":1680.0,"endTime":1688.0,"start":14.78805,"end":14.524125},{"startTime":1688.0,"endTime":1696.0,"start":14.524125,"end":14.1549},{"startTime":1696.0,"endTime":1704.0,"start":14.1549,"end":13.680375},{"startTime":1704.0,"endTime":1712.0,"start":13.680375,"end":13.10055},{"startTime":1712.0,"endTime":1720.0,"start":13.10055,"end":12.415425},{"startTime":1720.0,"endTime":1728.0,"start":12.415425,"end":11.625},{"startTime":1728.0,"endTime":1736.0,"start":11.625,"end":10.727925},{"startTime":1736.0,"endTime":1744.0,"start":10.727925,"end":9.72555},{"startTime":1744.0,"endTime":1752.0,"start":9.72555,"end":8.617875},{"startTime":1752.0,"endTime":1760.0,"start":8.617875,"end":7.4048996},{"startTime":1760.0,"endTime":1768.0,"start":7.4048996,"end":6.086625},{"startTime":1768.0,"endTime":1776.0,"start":6.086625,"end":4.66305},{"startTime":1776.0,"endTime":1784.0,"start":4.66305,"end":3.134175},{"startTime":1784.0,"endTime":1800.0,"start":3.134175,"end":-0.134175},{"startTime":1800.0,"endTime":1808.0,"start":-0.134175,"end":-1.6630502},{"startTime":1808.0,"endTime":1816.0,"start":-1.6630502,"end":-3.0866241},{"startTime":1816.0,"endTime":1824.0,"start":-3.0866241,"end":-4.4048996},{"startTime":1824.0,"endTime":1832.0,"start":-4.4048996,"end":-5.6178756},{"startTime":1832.0,"endTime":1840.0,"start":-5.6178756,"end":-6.72555},{"startTime":1840.0,"endTime":1848.0,"start":-6.72555,"end":-7.7279234},{"startTime":1848.0,"endTime":1856.0,"start":-7.7279234,"end":-8.625},{"startTime":1856.0,"endTime":1864.0,"start":-8.625,"end":-9.415426},{"startTime":1864.0,"endTime":1872.0,"start":-9.415426,"end":-10.100551},{"startTime":1872.0,"endTime":1880.0,"start":-10.100551,"end":-10.680374},{"startTime":1880.0,"endTime":1888.0,"start":-10.680374,"end":-11.1549},{"startTime":1888.0,"endTime":1896.0,"start":-11.1549,"end":-11.524126},{"startTime":1896.0,"endTime":1904.0,"start":-11.524126,"end":-11.788051},{"startTime":1904.0,"endTime":1912.0,"start":-11.788051,"end":-11.946675},{"startTime":1912.0,"endTime":1920.0,"start":-11.946675,"end":-12.0},{"startTime":1920.0,"endTime":1928.0,"start":-12.0,"end":-11.998482},{"startTime":1928.0,"endTime":1936.0,"start":-11.998482,"end":-11.988108},{"startTime":1936.0,"endTime":1944.0,"start":-11.988108,"end":-11.96013},{"startTime":1944.0,"endTime":1952.0,"start":-11.96013,"end":-11.9058},{"startTime":1952.0,"endTime":1960.0,"start":-11.9058,"end":-11.81637},{"startTime":1960.0,"endTime":1968.0,"start":-11.81637,"end":-11.683092},{"startTime":1968.0,"endTime":1976.0,"start":-11.683092,"end":-11.497218},{"startTime":1976.0,"endTime":1984.0,"start":-11.497218,"end":-11.25},{"startTime":1984.0,"endTime":1992.0,"start":-11.25,"end":-10.931682},{"startTime":1992.0,"endTime":2000.0,"start":-10.931682,"end":-10.5343075},{"startTime":2000.0,"endTime":2008.0,"start":-10.5343075,"end":-10.0491295},{"startTime":2008.0,"endTime":2016.0,"start":-10.0491295,"end":-9.4674},{"startTime":2016.0,"endTime":2024.0,"start":-9.4674,"end":-8.78037},{"startTime":2024.0,"endTime":2032.0,"start":-8.78037,"end":-7.979292},{"startTime":2032.0,"endTime":2040.0,"start":-7.979292,"end":-7.055418},{"startTime":2040.0,"endTime":2056.0,"start":-7.055418,"end":-4.944582},{"startTime":2056.0,"endTime":2064.0,"start":-4.944582,"end":-4.0207086},{"startTime":2064.0,"endTime":2072.0,"start":-4.0207086,"end":-3.21963},{"startTime":2072.0,"endTime":2080.0,"start":-3.21963,"end":-2.5326004},{"startTime":2080.0,"endTime":2088.0,"start":-2.5326004,"end":-1.95087},{"startTime":2088.0,"endTime":2096.0,"start":-1.95087,"end":-1.465692},{"startTime":2096.0,"endTime":2104.0,"start":-1.465692,"end":-1.0683181},{"startTime":2104.0,"endTime":2112.0,"start":-1.0683181,"end":-0.75},{"startTime":2112.0,"endTime":2120.0,"start":-0.75,"end":-0.50278187},{"startTime":2120.0,"endTime":2128.0,"start":-0.50278187,"end":-0.31690836},{"startTime":2128.0,"endTime":2136.0,"start":-0.31690836,"end":-0.18362975},{"startTime":2136.0,"endTime":2144.0,"start":-0.18362975,"end":-0.094199896},{"startTime":2144.0,"endTime":2152.0,"start":-0.094199896,"end":-0.039869785},{"startTime":2152.0,"endTime":2160.0,"start":-0.039869785,"end":-0.011891842},{"startTime":2160.0,"endTime":2168.0,"start":-0.011891842,"end":-0.0015177727},{"startTime":2168.0,"endTime":2176.0,"start":-0.0015177727,"end":0.0},{"startTime":2176.0,"endTime":3584.0,"start":0.0,"end":0.0},{"startTime":3584.0,"endTime":3616.0,"start":0.0,"end":-16.0},{"startTime":3616.0,"endTime":3840.0,"start":-16.0,"end":-16.0},{"startTime":3840.0,"endTime":3872.0,"start":-16.0,"end":-27.0},{"startTime":3872.0,"endTime":4096.0,"start":-27.0,"end":-27.0},{"startTime":4096.0,"endTime":4128.0,"start":-27.0,"end":-15.0},{"startTime":4128.0,"endTime":4320.0,"start":-15.0,"end":0.0},{"startTime":4320.0,"endTime":4352.0,"start":0.0,"end":0.0},{"startTime":4352.0,"endTime":4608.0,"start":0.0,"end":12.0},{"startTime":4608.0,"endTime":4612.0,"start":12.0,"end":11.985229},{"startTime":4612.0,"endTime":4616.0,"start":11.985229,"end":11.9428},{"startTime":4616.0,"endTime":4620.0,"start":11.9428,"end":11.872714},{"startTime":4620.0,"endTime":4624.0,"start":11.872714,"end":11.774971},{"startTime":4624.0,"endTime":4628.0,"start":11.774971,"end":11.648943},{"startTime":4628.0,"endTime":4632.0,"start":11.648943,"end":11.494},{"startTime":4632.0,"endTime":4636.0,"start":11.494,"end":11.3114},{"startTime":4636.0,"endTime":4640.0,"start":11.3114,"end":11.101143},{"startTime":4640.0,"endTime":4644.0,"start":11.101143,"end":10.863229},{"startTime":4644.0,"endTime":4648.0,"start":10.863229,"end":10.5964},{"startTime":4648.0,"endTime":4652.0,"start":10.5964,"end":10.301286},{"startTime":4652.0,"endTime":4656.0,"start":10.301286,"end":9.978515},{"startTime":4656.0,"endTime":4660.0,"start":9.978515,"end":9.628086},{"startTime":4660.0,"endTime":4664.0,"start":9.628086,"end":9.25},{"startTime":4664.0,"endTime":4668.0,"start":9.25,"end":8.842372},{"startTime":4668.0,"endTime":4672.0,"start":8.842372,"end":8.407085},{"startTime":4672.0,"endTime":4676.0,"start":8.407085,"end":7.944143},{"startTime":4676.0,"endTime":4680.0,"start":7.944143,"end":7.4535427},{"startTime":4680.0,"endTime":4684.0,"start":7.4535427,"end":6.934657},{"startTime":4684.0,"endTime":4688.0,"start":6.934657,"end":6.386857},{"startTime":4688.0,"endTime":4692.0,"start":6.386857,"end":5.8114},{"startTime":4692.0,"endTime":4696.0,"start":5.8114,"end":5.208287},{"startTime":4696.0,"endTime":4700.0,"start":5.208287,"end":4.5775137},{"startTime":4700.0,"endTime":4704.0,"start":4.5775137,"end":3.9178283},{"startTime":4704.0,"endTime":4708.0,"start":3.9178283,"end":3.2298574},{"startTime":4708.0,"endTime":4712.0,"start":3.2298574,"end":2.5142288},{"startTime":4712.0,"endTime":4716.0,"start":2.5142288,"end":1.7709427},{"startTime":4716.0,"endTime":4720.0,"start":1.7709427,"end":1.0},{"startTime":4720.0,"endTime":4724.0,"start":1.0,"end":0.22905791},{"startTime":4724.0,"endTime":4728.0,"start":0.22905791,"end":-0.5142275},{"startTime":4728.0,"endTime":4732.0,"start":-0.5142275,"end":-1.2298563},{"startTime":4732.0,"endTime":4736.0,"start":-1.2298563,"end":-1.917831},{"startTime":4736.0,"endTime":4740.0,"start":-1.917831,"end":-2.5775156},{"startTime":4740.0,"endTime":4744.0,"start":-2.5775156,"end":-3.2082872},{"startTime":4744.0,"endTime":4748.0,"start":-3.2082872,"end":-3.8114},{"startTime":4748.0,"endTime":4752.0,"start":-3.8114,"end":-4.386857},{"startTime":4752.0,"endTime":4756.0,"start":-4.386857,"end":-4.934657},{"startTime":4756.0,"endTime":4760.0,"start":-4.934657,"end":-5.453542},{"startTime":4760.0,"endTime":4764.0,"start":-5.453542,"end":-5.944144},{"startTime":4764.0,"endTime":4768.0,"start":-5.944144,"end":-6.407086},{"startTime":4768.0,"endTime":4772.0,"start":-6.407086,"end":-6.842371},{"startTime":4772.0,"endTime":4776.0,"start":-6.842371,"end":-7.25},{"startTime":4776.0,"endTime":4780.0,"start":-7.25,"end":-7.628085},{"startTime":4780.0,"endTime":4784.0,"start":-7.628085,"end":-7.9785147},{"startTime":4784.0,"endTime":4788.0,"start":-7.9785147,"end":-8.301284},{"startTime":4788.0,"endTime":4792.0,"start":-8.301284,"end":-8.5964},{"startTime":4792.0,"endTime":4796.0,"start":-8.5964,"end":-8.863228},{"startTime":4796.0,"endTime":4800.0,"start":-8.863228,"end":-9.101143},{"startTime":4800.0,"endTime":4804.0,"start":-9.101143,"end":-9.311399},{"startTime":4804.0,"endTime":4808.0,"start":-9.311399,"end":-9.4939995},{"startTime":4808.0,"endTime":4812.0,"start":-9.4939995,"end":-9.648942},{"startTime":4812.0,"endTime":4816.0,"start":-9.648942,"end":-9.774973},{"startTime":4816.0,"endTime":4820.0,"start":-9.774973,"end":-9.872715},{"startTime":4820.0,"endTime":4824.0,"start":-9.872715,"end":-9.9428},{"startTime":4824.0,"endTime":4828.0,"start":-9.9428,"end":-9.985229},{"startTime":4828.0,"endTime":4832.0,"start":-9.985229,"end":-10.0},{"startTime":4832.0,"endTime":4848.0,"start":-10.0,"end":-1.0},{"startTime":4848.0,"endTime":4864.0,"start":-1.0,"end":-1.0},{"startTime":4864.0,"endTime":5120.0,"start":-1.0,"end":23.0},{"startTime":5120.0,"endTime":5376.0,"start":23.0,"end":0.0},{"startTime":5376.0,"endTime":5504.0,"start":0.0,"end":0.0},{"startTime":5504.0,"endTime":5505.0,"start":0.0,"end":0.0017774998},{"startTime":5505.0,"endTime":5506.0,"start":0.0017774998,"end":0.011384999},{"startTime":5506.0,"endTime":5507.0,"start":0.011384999,"end":0.0381375},{"startTime":5507.0,"endTime":5508.0,"start":0.0381375,"end":0.08919},{"startTime":5508.0,"endTime":5509.0,"start":0.08919,"end":0.17291248},{"startTime":5509.0,"endTime":5510.0,"start":0.17291248,"end":0.29902503},{"startTime":5510.0,"endTime":5511.0,"start":0.29902503,"end":0.4717125},{"startTime":5511.0,"endTime":5512.0,"start":0.4717125,"end":0.7064999},{"startTime":5512.0,"endTime":5513.0,"start":0.7064999,"end":1.0020375},{"startTime":5513.0,"endTime":5514.0,"start":1.0020375,"end":1.3772249},{"startTime":5514.0,"endTime":5515.0,"start":1.3772249,"end":1.8307126},{"startTime":5515.0,"endTime":5516.0,"start":1.8307126,"end":2.37681},{"startTime":5516.0,"endTime":5517.0,"start":2.37681,"end":3.0218625},{"startTime":5517.0,"endTime":5518.0,"start":3.0218625,"end":3.770865},{"startTime":5518.0,"endTime":5519.0,"start":3.770865,"end":4.6410975},{"startTime":5519.0,"endTime":5520.0,"start":4.6410975,"end":5.625},{"startTime":5520.0,"endTime":5521.0,"start":5.625,"end":6.7540274},{"startTime":5521.0,"endTime":5522.0,"start":6.7540274,"end":8.012384},{"startTime":5522.0,"endTime":5523.0,"start":8.012384,"end":9.426263},{"startTime":5523.0,"endTime":5524.0,"start":9.426263,"end":10.99269},{"startTime":5524.0,"endTime":5525.0,"start":10.99269,"end":12.723413},{"startTime":5525.0,"endTime":5526.0,"start":12.723413,"end":14.631525},{"startTime":5526.0,"endTime":5527.0,"start":14.631525,"end":16.711088},{"startTime":5527.0,"endTime":5528.0,"start":16.711088,"end":18.994501},{"startTime":5528.0,"endTime":5529.0,"start":18.994501,"end":21.46016},{"startTime":5529.0,"endTime":5530.0,"start":21.46016,"end":24.147224},{"startTime":5530.0,"endTime":5531.0,"start":24.147224,"end":27.03746},{"startTime":5531.0,"endTime":5532.0,"start":27.03746,"end":30.15531},{"startTime":5532.0,"endTime":5533.0,"start":30.15531,"end":33.503735},{"startTime":5533.0,"endTime":5534.0,"start":33.503735,"end":37.084366},{"startTime":5534.0,"endTime":5535.0,"start":37.084366,"end":40.9246},{"startTime":5535.0,"endTime":5537.0,"start":40.9246,"end":49.0754},{"startTime":5537.0,"endTime":5538.0,"start":49.0754,"end":52.915634},{"startTime":5538.0,"endTime":5539.0,"start":52.915634,"end":56.49627},{"startTime":5539.0,"endTime":5540.0,"start":56.49627,"end":59.844685},{"startTime":5540.0,"endTime":5541.0,"start":59.844685,"end":62.96254},{"startTime":5541.0,"endTime":5542.0,"start":62.96254,"end":65.852776},{"startTime":5542.0,"endTime":5543.0,"start":65.852776,"end":68.53984},{"startTime":5543.0,"endTime":5544.0,"start":68.53984,"end":71.00549},{"startTime":5544.0,"endTime":5545.0,"start":71.00549,"end":73.28891},{"startTime":5545.0,"endTime":5546.0,"start":73.28891,"end":75.36848},{"startTime":5546.0,"endTime":5547.0,"start":75.36848,"end":77.27658},{"startTime":5547.0,"endTime":5548.0,"start":77.27658,"end":79.00731},{"startTime":5548.0,"endTime":5549.0,"start":79.00731,"end":80.57374},{"startTime":5549.0,"endTime":5550.0,"start":80.57374,"end":81.98762},{"startTime":5550.0,"endTime":5551.0,"start":81.98762,"end":83.24597},{"startTime":5551.0,"endTime":5552.0,"start":83.24597,"end":84.375},{"startTime":5552.0,"endTime":5553.0,"start":84.375,"end":85.3589},{"startTime":5553.0,"endTime":5554.0,"start":85.3589,"end":86.22913},{"startTime":5554.0,"endTime":5555.0,"start":86.22913,"end":86.978134},{"startTime":5555.0,"endTime":5556.0,"start":86.978134,"end":87.623184},{"startTime":5556.0,"endTime":5557.0,"start":87.623184,"end":88.16929},{"startTime":5557.0,"endTime":5558.0,"start":88.16929,"end":88.62278},{"startTime":5558.0,"endTime":5559.0,"start":88.62278,"end":88.99796},{"startTime":5559.0,"endTime":5560.0,"start":88.99796,"end":89.2935},{"startTime":5560.0,"endTime":5561.0,"start":89.2935,"end":89.52828},{"startTime":5561.0,"endTime":5562.0,"start":89.52828,"end":89.70097},{"startTime":5562.0,"endTime":5563.0,"start":89.70097,"end":89.82709},{"startTime":5563.0,"endTime":5564.0,"start":89.82709,"end":89.91081},{"startTime":5564.0,"endTime":5565.0,"start":89.91081,"end":89.96186},{"startTime":5565.0,"endTime":5566.0,"start":89.96186,"end":89.98862},{"startTime":5566.0,"endTime":5567.0,"start":89.98862,"end":89.99822},{"startTime":5567.0,"endTime":5568.0,"start":89.99822,"end":90.0},{"startTime":5568.0,"endTime":6016.0,"start":90.0,"end":90.0},{"startTime":6016.0,"endTime":6112.0,"start":90.0,"end":270.0},{"startTime":6112.0,"endTime":6656.0,"start":270.0,"end":270.0},{"startTime":6656.0,"endTime":7680.0,"start":270.0,"end":450.0},{"startTime":7680.0,"endTime":8064.0,"start":450.0,"end":630.0},{"startTime":8064.0,"endTime":8576.0,"start":630.0,"end":1080.0},{"startTime":8576.0,"endTime":1000000000.0,"start":1080.0,"end":1080.0}],"judgeLineDisappearEvents":[{"startTime":-999999.0,"endTime":1000000000.0,"start":1.0,"end":1.0}]}]}