{"formatVersion":1,"offset":0.0,"judgeLineList":[{"bpm":148.0,"notesAbove":[{"type":1,"time":192,"positionX":3.648553,"holdTime":0.0,"speed":1.0,"floorPosition":3.4054053},{"type":1,"time":208,"positionX":0.8398018,"holdTime":0.0,"speed":1.0,"floorPosition":3.689189},{"type":1,"time":224,"positionX":-2.03952,"holdTime":0.0,"speed":1.0,"floorPosition":3.972973},{"type":1,"time":240,"positionX":-4.820042,"holdTime":0.0,"speed":1.0,"floorPosition":4.256757},{"type":1,"time":256,"positionX":3.716689,"holdTime":0.0,"speed":1.0,"floorPosition":4.5405407},{"type":1,"time":256,"positionX":-0.8274899,"holdTime":0.0,"speed":1.0,"floorPosition":4.5405407},{"type":1,"time":288,"positionX":-3.001403,"holdTime":0.0,"speed":1.0,"floorPosition":5.108108},{"type":4,"time":320,"positionX":4.241354,"holdTime":0.0,"speed":1.0,"floorPosition":5.675676},{"type":1,"time":384,"positionX":-2.27209,"holdTime":0.0,"speed":1.0,"floorPosition":6.8108106},{"type":1,"time":400,"positionX":1.711081,"holdTime":0.0,"speed":1.0,"floorPosition":7.0945945},{"type":1,"time":416,"positionX":1.711081,"holdTime":0.0,"speed":1.0,"floorPosition":7.378378},{"type":1,"time":432,"positionX":1.711081,"holdTime":0.0,"speed":1.0,"floorPosition":7.662162},{"type":1,"time":448,"positionX":-3.42216,"holdTime":0.0,"speed":1.0,"floorPosition":7.945946},{"type":1,"time":464,"positionX":0.6030855,"holdTime":0.0,"speed":1.0,"floorPosition":8.22973},{"type":1,"time":480,"positionX":0.6171112,"holdTime":0.0,"speed":1.0,"floorPosition":8.513514},{"type":1,"time":496,"positionX":0.6311369,"holdTime":0.0,"speed":1.0,"floorPosition":8.797297},{"type":1,"time":512,"positionX":-1.921459,"holdTime":0.0,"speed":1.0,"floorPosition":9.081081},{"type":1,"time":512,"positionX":3.674614,"holdTime":0.0,"speed":1.0,"floorPosition":9.081081},{"type":1,"time":544,"positionX":-4.754559,"holdTime":0.0,"speed":1.0,"floorPosition":9.648648},{"type":4,"time":576,"positionX":0.532959,"holdTime":0.0,"speed":1.0,"floorPosition":10.216216},{"type":1,"time":640,"positionX":3.814867,"holdTime":0.0,"speed":1.0,"floorPosition":11.351352},{"type":1,"time":656,"positionX":-0.01402473,"holdTime":0.0,"speed":1.0,"floorPosition":11.635135},{"type":1,"time":672,"positionX":-0.02805042,"holdTime":0.0,"speed":1.0,"floorPosition":11.918919},{"type":1,"time":688,"positionX":-0.02805042,"holdTime":0.0,"speed":1.0,"floorPosition":12.2027025},{"type":1,"time":704,"positionX":2.103786,"holdTime":0.0,"speed":1.0,"floorPosition":12.486486},{"type":1,"time":720,"positionX":-2.047686,"holdTime":0.0,"speed":1.0,"floorPosition":12.77027},{"type":1,"time":736,"positionX":-2.047686,"holdTime":0.0,"speed":1.0,"floorPosition":13.054054},{"type":1,"time":752,"positionX":-2.033661,"holdTime":0.0,"speed":1.0,"floorPosition":13.337837},{"type":1,"time":768,"positionX":-3.366059,"holdTime":0.0,"speed":1.0,"floorPosition":13.621621},{"type":1,"time":768,"positionX":3.309958,"holdTime":0.0,"speed":1.0,"floorPosition":13.621621},{"type":1,"time":800,"positionX":-2.27209,"holdTime":0.0,"speed":1.0,"floorPosition":14.189189},{"type":1,"time":816,"positionX":-2.27209,"holdTime":0.0,"speed":1.0,"floorPosition":14.472973},{"type":1,"time":848,"positionX":2.398317,"holdTime":0.0,"speed":1.0,"floorPosition":15.04054},{"type":3,"time":864,"positionX":2.384292,"holdTime":48.0,"speed":1.4,"floorPosition":15.324324},{"type":1,"time":912,"positionX":-3.352034,"holdTime":0.0,"speed":1.0,"floorPosition":16.175674},{"type":1,"time":992,"positionX":-0.02805042,"holdTime":0.0,"speed":1.0,"floorPosition":17.594593},{"type":1,"time":1008,"positionX":2.959328,"holdTime":0.0,"speed":1.0,"floorPosition":17.878378},{"type":1,"time":1024,"positionX":-2.945301,"holdTime":0.0,"speed":1.0,"floorPosition":18.162163},{"type":1,"time":1056,"positionX":4.025246,"holdTime":0.0,"speed":1.0,"floorPosition":18.72973},{"type":1,"time":1072,"positionX":4.039271,"holdTime":0.0,"speed":1.0,"floorPosition":19.013512},{"type":1,"time":1104,"positionX":-3.71669,"holdTime":0.0,"speed":1.0,"floorPosition":19.581081},{"type":3,"time":1120,"positionX":-3.71669,"holdTime":48.0,"speed":1.4,"floorPosition":19.864864},{"type":1,"time":1168,"positionX":1.458626,"holdTime":0.0,"speed":1.0,"floorPosition":20.716215},{"type":1,"time":1216,"positionX":-3.099579,"holdTime":0.0,"speed":1.0,"floorPosition":21.567568},{"type":1,"time":1232,"positionX":0.1542778,"holdTime":0.0,"speed":1.0,"floorPosition":21.85135},{"type":1,"time":1248,"positionX":3.183731,"holdTime":0.0,"speed":1.0,"floorPosition":22.135134},{"type":1,"time":1264,"positionX":6.157083,"holdTime":0.0,"speed":1.0,"floorPosition":22.418919},{"type":1,"time":1280,"positionX":-1.73913,"holdTime":0.0,"speed":1.0,"floorPosition":22.702703},{"type":1,"time":1280,"positionX":2.075737,"holdTime":0.0,"speed":1.0,"floorPosition":22.702703},{"type":1,"time":1296,"positionX":-4.389902,"holdTime":0.0,"speed":1.0,"floorPosition":22.986486},{"type":1,"time":1312,"positionX":-4.389902,"holdTime":0.0,"speed":1.0,"floorPosition":23.27027},{"type":1,"time":1344,"positionX":0.434782,"holdTime":0.0,"speed":1.0,"floorPosition":23.837837},{"type":1,"time":1360,"positionX":-3.323983,"holdTime":0.0,"speed":1.0,"floorPosition":24.121622},{"type":1,"time":1392,"positionX":-3.380084,"holdTime":0.0,"speed":1.0,"floorPosition":24.689188},{"type":1,"time":1408,"positionX":3.842917,"holdTime":0.0,"speed":1.0,"floorPosition":24.972973},{"type":1,"time":1424,"positionX":3.870968,"holdTime":0.0,"speed":1.0,"floorPosition":25.256756},{"type":1,"time":1440,"positionX":-0.6591864,"holdTime":0.0,"speed":1.0,"floorPosition":25.54054},{"type":1,"time":1456,"positionX":2.300141,"holdTime":0.0,"speed":1.0,"floorPosition":25.824326},{"type":1,"time":1472,"positionX":-2.917252,"holdTime":0.0,"speed":1.0,"floorPosition":26.108109},{"type":1,"time":1488,"positionX":-2.917252,"holdTime":0.0,"speed":1.0,"floorPosition":26.391891},{"type":1,"time":1504,"positionX":1.332398,"holdTime":0.0,"speed":1.0,"floorPosition":26.675674},{"type":1,"time":1520,"positionX":-1.71108,"holdTime":0.0,"speed":1.0,"floorPosition":26.95946},{"type":1,"time":1536,"positionX":2.496494,"holdTime":0.0,"speed":1.0,"floorPosition":27.243242},{"type":1,"time":1552,"positionX":-2.805049,"holdTime":0.0,"speed":1.0,"floorPosition":27.527027},{"type":1,"time":1568,"positionX":-2.805049,"holdTime":0.0,"speed":1.0,"floorPosition":27.81081},{"type":1,"time":1600,"positionX":1.009818,"holdTime":0.0,"speed":1.0,"floorPosition":28.378378},{"type":1,"time":1616,"positionX":-3.870968,"holdTime":0.0,"speed":1.0,"floorPosition":28.66216},{"type":1,"time":1648,"positionX":-3.884993,"holdTime":0.0,"speed":1.0,"floorPosition":29.229729},{"type":1,"time":1664,"positionX":1.037868,"holdTime":0.0,"speed":1.0,"floorPosition":29.513512},{"type":1,"time":1680,"positionX":4.109397,"holdTime":0.0,"speed":1.0,"floorPosition":29.797297},{"type":1,"time":1696,"positionX":-2.145863,"holdTime":0.0,"speed":1.0,"floorPosition":30.08108},{"type":1,"time":1712,"positionX":-2.131837,"holdTime":0.0,"speed":1.0,"floorPosition":30.364866},{"type":1,"time":1728,"positionX":1.023844,"holdTime":0.0,"speed":1.0,"floorPosition":30.648647},{"type":1,"time":1744,"positionX":-3.506311,"holdTime":0.0,"speed":1.0,"floorPosition":30.93243},{"type":1,"time":1760,"positionX":2.047686,"holdTime":0.0,"speed":1.0,"floorPosition":31.216217},{"type":1,"time":1776,"positionX":2.03366,"holdTime":0.0,"speed":1.0,"floorPosition":31.499998},{"type":1,"time":1792,"positionX":-2.286116,"holdTime":0.0,"speed":1.0,"floorPosition":31.783785},{"type":1,"time":1792,"positionX":4.712482,"holdTime":0.0,"speed":1.0,"floorPosition":31.783785},{"type":1,"time":1824,"positionX":-3.436185,"holdTime":0.0,"speed":1.0,"floorPosition":32.35135},{"type":1,"time":1840,"positionX":-3.42216,"holdTime":0.0,"speed":1.0,"floorPosition":32.635136},{"type":1,"time":1872,"positionX":2.734923,"holdTime":0.0,"speed":1.0,"floorPosition":33.2027},{"type":3,"time":1888,"positionX":2.748948,"holdTime":48.0,"speed":1.4,"floorPosition":33.486485},{"type":1,"time":1936,"positionX":-2.24404,"holdTime":0.0,"speed":1.0,"floorPosition":34.337837},{"type":1,"time":2016,"positionX":-0.02805042,"holdTime":0.0,"speed":1.0,"floorPosition":35.756756},{"type":1,"time":2032,"positionX":3.239832,"holdTime":0.0,"speed":1.0,"floorPosition":36.040543},{"type":1,"time":2048,"positionX":-3.632538,"holdTime":0.0,"speed":1.0,"floorPosition":36.324326},{"type":1,"time":2080,"positionX":1.991585,"holdTime":0.0,"speed":1.0,"floorPosition":36.89189},{"type":1,"time":2096,"positionX":1.991585,"holdTime":0.0,"speed":1.0,"floorPosition":37.175674},{"type":1,"time":2128,"positionX":-1.935484,"holdTime":0.0,"speed":1.0,"floorPosition":37.743244},{"type":3,"time":2144,"positionX":-1.94951,"holdTime":48.0,"speed":1.4,"floorPosition":38.027023},{"type":1,"time":2192,"positionX":3.211781,"holdTime":0.0,"speed":1.0,"floorPosition":38.87838},{"type":4,"time":2240,"positionX":-0.01402473,"holdTime":0.0,"speed":1.0,"floorPosition":39.72973},{"type":3,"time":2304,"positionX":-4.291725,"holdTime":64.0,"speed":1.4,"floorPosition":40.864864},{"type":3,"time":2368,"positionX":1.612903,"holdTime":64.0,"speed":1.4,"floorPosition":42.0},{"type":1,"time":2432,"positionX":-3.099579,"holdTime":0.0,"speed":1.0,"floorPosition":43.135136},{"type":1,"time":2448,"positionX":-3.113605,"holdTime":0.0,"speed":1.0,"floorPosition":43.41892},{"type":1,"time":2464,"positionX":2.847126,"holdTime":0.0,"speed":1.0,"floorPosition":43.7027},{"type":1,"time":2480,"positionX":2.847126,"holdTime":0.0,"speed":1.0,"floorPosition":43.98649},{"type":1,"time":2496,"positionX":-0.05610085,"holdTime":0.0,"speed":1.0,"floorPosition":44.270267},{"type":1,"time":2512,"positionX":-0.05610085,"holdTime":0.0,"speed":1.0,"floorPosition":44.554054},{"type":1,"time":2528,"positionX":5.862552,"holdTime":0.0,"speed":1.0,"floorPosition":44.837837},{"type":1,"time":2544,"positionX":5.862552,"holdTime":0.0,"speed":1.0,"floorPosition":45.12162},{"type":3,"time":2560,"positionX":3.534361,"holdTime":64.0,"speed":1.4,"floorPosition":45.405407},{"type":3,"time":2624,"positionX":-1.542777,"holdTime":64.0,"speed":1.4,"floorPosition":46.54054},{"type":1,"time":2688,"positionX":5.175316,"holdTime":0.0,"speed":1.0,"floorPosition":47.675674},{"type":1,"time":2704,"positionX":2.230014,"holdTime":0.0,"speed":1.0,"floorPosition":47.959457},{"type":1,"time":2720,"positionX":-4.670406,"holdTime":0.0,"speed":1.0,"floorPosition":48.243244},{"type":1,"time":2736,"positionX":-1.626928,"holdTime":0.0,"speed":1.0,"floorPosition":48.527027},{"type":1,"time":2752,"positionX":3.464236,"holdTime":0.0,"speed":1.0,"floorPosition":48.81081},{"type":1,"time":2768,"positionX":3.47826,"holdTime":0.0,"speed":1.0,"floorPosition":49.094593},{"type":1,"time":2784,"positionX":-3.267881,"holdTime":0.0,"speed":1.0,"floorPosition":49.378376},{"type":3,"time":2800,"positionX":-3.239832,"holdTime":48.0,"speed":1.4,"floorPosition":49.662163},{"type":3,"time":2848,"positionX":3.786817,"holdTime":48.0,"speed":1.4,"floorPosition":50.51351},{"type":3,"time":2896,"positionX":-3.267881,"holdTime":80.0,"speed":1.4,"floorPosition":51.364864},{"type":1,"time":3008,"positionX":2.819075,"holdTime":0.0,"speed":1.0,"floorPosition":53.35135},{"type":3,"time":3072,"positionX":-1.935484,"holdTime":48.0,"speed":1.4,"floorPosition":54.486485},{"type":3,"time":3072,"positionX":1.935483,"holdTime":48.0,"speed":1.4,"floorPosition":54.486485},{"type":3,"time":3136,"positionX":-3.225806,"holdTime":96.0,"speed":1.4,"floorPosition":55.62162},{"type":3,"time":3136,"positionX":3.15568,"holdTime":96.0,"speed":1.4,"floorPosition":55.62162},{"type":4,"time":3264,"positionX":0.0,"holdTime":0.0,"speed":1.0,"floorPosition":57.89189},{"type":3,"time":3328,"positionX":3.646564,"holdTime":48.0,"speed":1.4,"floorPosition":59.027023},{"type":1,"time":3328,"positionX":-2.230015,"holdTime":0.0,"speed":1.0,"floorPosition":59.027023},{"type":3,"time":3392,"positionX":3.618513,"holdTime":48.0,"speed":1.4,"floorPosition":60.16216},{"type":1,"time":3392,"positionX":-2.230015,"holdTime":0.0,"speed":1.0,"floorPosition":60.16216},{"type":1,"time":3456,"positionX":-1.206171,"holdTime":0.0,"speed":1.0,"floorPosition":61.297295},{"type":1,"time":3472,"positionX":2.00561,"holdTime":0.0,"speed":1.0,"floorPosition":61.581078},{"type":1,"time":3488,"positionX":-3.730716,"holdTime":0.0,"speed":1.0,"floorPosition":61.86486},{"type":1,"time":3504,"positionX":5.273492,"holdTime":0.0,"speed":1.0,"floorPosition":62.14865},{"type":1,"time":3520,"positionX":-0.08415127,"holdTime":0.0,"speed":1.0,"floorPosition":62.432434},{"type":1,"time":3536,"positionX":3.281908,"holdTime":0.0,"speed":1.0,"floorPosition":62.716213},{"type":1,"time":3552,"positionX":-2.398317,"holdTime":0.0,"speed":1.0,"floorPosition":62.999996},{"type":1,"time":3568,"positionX":0.2384291,"holdTime":0.0,"speed":1.0,"floorPosition":63.28378},{"type":3,"time":3584,"positionX":-4.291725,"holdTime":48.0,"speed":1.4,"floorPosition":63.56757},{"type":1,"time":3584,"positionX":3.281908,"holdTime":0.0,"speed":1.0,"floorPosition":63.56757},{"type":3,"time":3648,"positionX":-4.291725,"holdTime":48.0,"speed":1.4,"floorPosition":64.7027},{"type":1,"time":3648,"positionX":3.267882,"holdTime":0.0,"speed":1.0,"floorPosition":64.7027},{"type":1,"time":3712,"positionX":1.598878,"holdTime":0.0,"speed":1.0,"floorPosition":65.83784},{"type":1,"time":3728,"positionX":-1.612904,"holdTime":0.0,"speed":1.0,"floorPosition":66.12162},{"type":1,"time":3744,"positionX":4.544179,"holdTime":0.0,"speed":1.0,"floorPosition":66.4054},{"type":1,"time":3760,"positionX":-4.417953,"holdTime":0.0,"speed":1.0,"floorPosition":66.689186},{"type":1,"time":3776,"positionX":2.819075,"holdTime":0.0,"speed":1.0,"floorPosition":66.97297},{"type":1,"time":3792,"positionX":-0.1683035,"holdTime":0.0,"speed":1.0,"floorPosition":67.25675},{"type":1,"time":3808,"positionX":-3.506311,"holdTime":0.0,"speed":1.0,"floorPosition":67.540535},{"type":3,"time":3824,"positionX":3.338008,"holdTime":48.0,"speed":1.4,"floorPosition":67.824326},{"type":3,"time":3872,"positionX":-3.141655,"holdTime":48.0,"speed":1.4,"floorPosition":68.675674},{"type":3,"time":3920,"positionX":3.281908,"holdTime":80.0,"speed":1.4,"floorPosition":69.52702},{"type":1,"time":4064,"positionX":-3.085554,"holdTime":0.0,"speed":1.0,"floorPosition":72.081085},{"type":1,"time":4080,"positionX":-0.01402473,"holdTime":0.0,"speed":1.0,"floorPosition":72.36487},{"type":1,"time":4096,"positionX":3.225807,"holdTime":0.0,"speed":1.0,"floorPosition":72.64865},{"type":3,"time":4144,"positionX":-2.945301,"holdTime":272.0,"speed":1.4,"floorPosition":73.5},{"type":3,"time":4192,"positionX":3.029452,"holdTime":224.0,"speed":1.4,"floorPosition":74.35135},{"type":1,"time":5760,"positionX":-4.586256,"holdTime":0.0,"speed":1.0,"floorPosition":102.16216},{"type":1,"time":5792,"positionX":-4.586256,"holdTime":0.0,"speed":1.0,"floorPosition":102.72973},{"type":1,"time":5824,"positionX":-4.586256,"holdTime":0.0,"speed":1.0,"floorPosition":103.2973},{"type":1,"time":5856,"positionX":-4.586256,"holdTime":0.0,"speed":1.0,"floorPosition":103.86486},{"type":1,"time":5888,"positionX":4.670406,"holdTime":0.0,"speed":1.0,"floorPosition":104.432434},{"type":1,"time":5920,"positionX":4.670406,"holdTime":0.0,"speed":1.0,"floorPosition":105.0},{"type":1,"time":5952,"positionX":4.670406,"holdTime":0.0,"speed":1.0,"floorPosition":105.567566},{"type":1,"time":5984,"positionX":4.670406,"holdTime":0.0,"speed":1.0,"floorPosition":106.13513},{"type":1,"time":6000,"positionX":-2.692847,"holdTime":0.0,"speed":1.0,"floorPosition":106.41892},{"type":1,"time":6016,"positionX":2.075737,"holdTime":0.0,"speed":1.0,"floorPosition":106.7027},{"type":1,"time":6032,"positionX":-5.231417,"holdTime":0.0,"speed":1.0,"floorPosition":106.98648},{"type":1,"time":6048,"positionX":3.688641,"holdTime":0.0,"speed":1.0,"floorPosition":107.27027},{"type":1,"time":6064,"positionX":-1.598878,"holdTime":0.0,"speed":1.0,"floorPosition":107.55405},{"type":1,"time":6080,"positionX":4.936886,"holdTime":0.0,"speed":1.0,"floorPosition":107.83784},{"type":1,"time":6096,"positionX":-3.562412,"holdTime":0.0,"speed":1.0,"floorPosition":108.12161},{"type":1,"time":6112,"positionX":3.183731,"holdTime":0.0,"speed":1.0,"floorPosition":108.4054},{"type":1,"time":6128,"positionX":-5.035063,"holdTime":0.0,"speed":1.0,"floorPosition":108.68919},{"type":1,"time":6144,"positionX":1.262272,"holdTime":0.0,"speed":1.0,"floorPosition":108.97297},{"type":1,"time":6160,"positionX":-3.42216,"holdTime":0.0,"speed":1.0,"floorPosition":109.25676},{"type":1,"time":6176,"positionX":3.085554,"holdTime":0.0,"speed":1.0,"floorPosition":109.540535},{"type":1,"time":6192,"positionX":-0.7854137,"holdTime":0.0,"speed":1.0,"floorPosition":109.824326},{"type":1,"time":6208,"positionX":5.287518,"holdTime":0.0,"speed":1.0,"floorPosition":110.10811},{"type":1,"time":6224,"positionX":-1.991585,"holdTime":0.0,"speed":1.0,"floorPosition":110.391884},{"type":1,"time":6240,"positionX":2.131838,"holdTime":0.0,"speed":1.0,"floorPosition":110.675674},{"type":1,"time":6256,"positionX":-5.371669,"holdTime":0.0,"speed":1.0,"floorPosition":110.95945},{"type":3,"time":6272,"positionX":0.0,"holdTime":192.0,"speed":1.4,"floorPosition":111.24324},{"type":2,"time":6272,"positionX":-5.399719,"holdTime":0.0,"speed":1.0,"floorPosition":111.24324},{"type":2,"time":6280,"positionX":-5.203366,"holdTime":0.0,"speed":1.0,"floorPosition":111.38513},{"type":2,"time":6288,"positionX":-4.684431,"holdTime":0.0,"speed":1.0,"floorPosition":111.52703},{"type":2,"time":6296,"positionX":-3.660589,"holdTime":0.0,"speed":1.0,"floorPosition":111.668915},{"type":2,"time":6304,"positionX":-2.734923,"holdTime":0.0,"speed":1.0,"floorPosition":111.81081},{"type":2,"time":6312,"positionX":-1.570827,"holdTime":0.0,"speed":1.0,"floorPosition":111.9527},{"type":2,"time":6320,"positionX":-0.4207573,"holdTime":0.0,"speed":1.0,"floorPosition":112.0946},{"type":2,"time":6328,"positionX":1.164095,"holdTime":0.0,"speed":1.0,"floorPosition":112.23649},{"type":2,"time":6336,"positionX":2.215989,"holdTime":0.0,"speed":1.0,"floorPosition":112.37837},{"type":2,"time":6344,"positionX":3.029452,"holdTime":0.0,"speed":1.0,"floorPosition":112.52026},{"type":2,"time":6352,"positionX":3.758765,"holdTime":0.0,"speed":1.0,"floorPosition":112.66216},{"type":2,"time":6360,"positionX":4.109397,"holdTime":0.0,"speed":1.0,"floorPosition":112.804054},{"type":2,"time":6368,"positionX":4.375876,"holdTime":0.0,"speed":1.0,"floorPosition":112.945946},{"type":2,"time":6376,"positionX":4.081347,"holdTime":0.0,"speed":1.0,"floorPosition":113.08783},{"type":2,"time":6384,"positionX":3.688641,"holdTime":0.0,"speed":1.0,"floorPosition":113.22972},{"type":2,"time":6392,"positionX":3.057504,"holdTime":0.0,"speed":1.0,"floorPosition":113.37162},{"type":2,"time":6400,"positionX":2.27209,"holdTime":0.0,"speed":1.0,"floorPosition":113.51351},{"type":2,"time":6408,"positionX":1.136045,"holdTime":0.0,"speed":1.0,"floorPosition":113.65541},{"type":2,"time":6416,"positionX":-0.4908838,"holdTime":0.0,"speed":1.0,"floorPosition":113.79729},{"type":2,"time":6424,"positionX":-1.626928,"holdTime":0.0,"speed":1.0,"floorPosition":113.939186},{"type":2,"time":6432,"positionX":-2.398317,"holdTime":0.0,"speed":1.0,"floorPosition":114.08108},{"type":2,"time":6440,"positionX":-3.015428,"holdTime":0.0,"speed":1.0,"floorPosition":114.22298},{"type":2,"time":6448,"positionX":-3.450211,"holdTime":0.0,"speed":1.0,"floorPosition":114.36487},{"type":2,"time":6456,"positionX":-3.828892,"holdTime":0.0,"speed":1.0,"floorPosition":114.50675},{"type":2,"time":6464,"positionX":-4.207574,"holdTime":0.0,"speed":1.0,"floorPosition":114.64864},{"type":1,"time":6528,"positionX":-5.45582,"holdTime":0.0,"speed":1.0,"floorPosition":115.78378},{"type":1,"time":6528,"positionX":-0.01402473,"holdTime":0.0,"speed":1.0,"floorPosition":115.78378},{"type":1,"time":6560,"positionX":-5.45582,"holdTime":0.0,"speed":1.0,"floorPosition":116.35135},{"type":1,"time":6576,"positionX":4.165498,"holdTime":0.0,"speed":1.0,"floorPosition":116.635124},{"type":1,"time":6592,"positionX":-5.45582,"holdTime":0.0,"speed":1.0,"floorPosition":116.918915},{"type":1,"time":6624,"positionX":-5.45582,"holdTime":0.0,"speed":1.0,"floorPosition":117.48648},{"type":1,"time":6624,"positionX":-0.02805042,"holdTime":0.0,"speed":1.0,"floorPosition":117.48648},{"type":1,"time":6656,"positionX":-5.45582,"holdTime":0.0,"speed":1.0,"floorPosition":118.05405},{"type":1,"time":6672,"positionX":4.123422,"holdTime":0.0,"speed":1.0,"floorPosition":118.33784},{"type":1,"time":6688,"positionX":-5.45582,"holdTime":0.0,"speed":1.0,"floorPosition":118.62163},{"type":1,"time":6720,"positionX":-5.45582,"holdTime":0.0,"speed":1.0,"floorPosition":119.189186},{"type":1,"time":6720,"positionX":-0.02805042,"holdTime":0.0,"speed":1.0,"floorPosition":119.189186},{"type":1,"time":6752,"positionX":-5.45582,"holdTime":0.0,"speed":1.0,"floorPosition":119.75675},{"type":1,"time":6752,"positionX":4.165498,"holdTime":0.0,"speed":1.0,"floorPosition":119.75675},{"type":1,"time":6784,"positionX":2.03366,"holdTime":0.0,"speed":1.0,"floorPosition":120.32432},{"type":1,"time":6784,"positionX":-2.482469,"holdTime":0.0,"speed":1.0,"floorPosition":120.32432},{"type":1,"time":6816,"positionX":-2.482469,"holdTime":0.0,"speed":1.0,"floorPosition":120.891884},{"type":1,"time":6832,"positionX":6.129032,"holdTime":0.0,"speed":1.0,"floorPosition":121.175674},{"type":1,"time":6848,"positionX":-2.482469,"holdTime":0.0,"speed":1.0,"floorPosition":121.459465},{"type":1,"time":6880,"positionX":-2.482469,"holdTime":0.0,"speed":1.0,"floorPosition":122.02702},{"type":1,"time":6880,"positionX":2.173914,"holdTime":0.0,"speed":1.0,"floorPosition":122.02702},{"type":1,"time":6912,"positionX":-2.482469,"holdTime":0.0,"speed":1.0,"floorPosition":122.59459},{"type":1,"time":6928,"positionX":6.171108,"holdTime":0.0,"speed":1.0,"floorPosition":122.87838},{"type":1,"time":6944,"positionX":-2.482469,"holdTime":0.0,"speed":1.0,"floorPosition":123.162155},{"type":1,"time":6976,"positionX":-2.482469,"holdTime":0.0,"speed":1.0,"floorPosition":123.72972},{"type":1,"time":6976,"positionX":2.145863,"holdTime":0.0,"speed":1.0,"floorPosition":123.72972},{"type":2,"time":7008,"positionX":4.403927,"holdTime":0.0,"speed":1.0,"floorPosition":124.2973},{"type":1,"time":7008,"positionX":-2.482469,"holdTime":0.0,"speed":1.0,"floorPosition":124.2973},{"type":2,"time":7016,"positionX":2.8892,"holdTime":0.0,"speed":1.0,"floorPosition":124.43918},{"type":2,"time":7024,"positionX":1.416551,"holdTime":0.0,"speed":1.0,"floorPosition":124.58108},{"type":2,"time":7032,"positionX":-0.1683035,"holdTime":0.0,"speed":1.0,"floorPosition":124.72297},{"type":2,"time":7040,"positionX":-1.697055,"holdTime":0.0,"speed":1.0,"floorPosition":124.86487},{"type":1,"time":7040,"positionX":5.259466,"holdTime":0.0,"speed":1.0,"floorPosition":124.86487},{"type":1,"time":7072,"positionX":5.259466,"holdTime":0.0,"speed":1.0,"floorPosition":125.43243},{"type":1,"time":7088,"positionX":-4.754559,"holdTime":0.0,"speed":1.0,"floorPosition":125.71622},{"type":1,"time":7104,"positionX":5.259466,"holdTime":0.0,"speed":1.0,"floorPosition":125.99999},{"type":1,"time":7136,"positionX":5.259466,"holdTime":0.0,"speed":1.0,"floorPosition":126.56756},{"type":1,"time":7136,"positionX":-1.486675,"holdTime":0.0,"speed":1.0,"floorPosition":126.56756},{"type":1,"time":7168,"positionX":5.259466,"holdTime":0.0,"speed":1.0,"floorPosition":127.13514},{"type":1,"time":7184,"positionX":-4.768583,"holdTime":0.0,"speed":1.0,"floorPosition":127.418915},{"type":1,"time":7200,"positionX":5.259466,"holdTime":0.0,"speed":1.0,"floorPosition":127.702705},{"type":1,"time":7232,"positionX":5.259466,"holdTime":0.0,"speed":1.0,"floorPosition":128.27026},{"type":1,"time":7232,"positionX":-1.458625,"holdTime":0.0,"speed":1.0,"floorPosition":128.27026},{"type":1,"time":7264,"positionX":-4.754559,"holdTime":0.0,"speed":1.0,"floorPosition":128.83783},{"type":1,"time":7264,"positionX":5.259466,"holdTime":0.0,"speed":1.0,"floorPosition":128.83783},{"type":1,"time":7296,"positionX":-2.875175,"holdTime":0.0,"speed":1.0,"floorPosition":129.4054},{"type":1,"time":7296,"positionX":2.103786,"holdTime":0.0,"speed":1.0,"floorPosition":129.4054},{"type":1,"time":7328,"positionX":2.103786,"holdTime":0.0,"speed":1.0,"floorPosition":129.97298},{"type":1,"time":7344,"positionX":-6.479664,"holdTime":0.0,"speed":1.0,"floorPosition":130.25674},{"type":1,"time":7360,"positionX":2.103786,"holdTime":0.0,"speed":1.0,"floorPosition":130.54054},{"type":1,"time":7392,"positionX":2.103786,"holdTime":0.0,"speed":1.0,"floorPosition":131.10811},{"type":1,"time":7392,"positionX":-2.903225,"holdTime":0.0,"speed":1.0,"floorPosition":131.10811},{"type":1,"time":7424,"positionX":2.103786,"holdTime":0.0,"speed":1.0,"floorPosition":131.67567},{"type":1,"time":7440,"positionX":-6.409538,"holdTime":0.0,"speed":1.0,"floorPosition":131.95946},{"type":1,"time":7456,"positionX":2.103786,"holdTime":0.0,"speed":1.0,"floorPosition":132.24324},{"type":1,"time":7488,"positionX":2.103786,"holdTime":0.0,"speed":1.0,"floorPosition":132.8108},{"type":1,"time":7488,"positionX":-2.833099,"holdTime":0.0,"speed":1.0,"floorPosition":132.8108},{"type":1,"time":7504,"positionX":-2.819075,"holdTime":0.0,"speed":1.0,"floorPosition":133.09459},{"type":1,"time":7520,"positionX":2.103786,"holdTime":0.0,"speed":1.0,"floorPosition":133.37837},{"type":2,"time":7520,"positionX":-3.997194,"holdTime":0.0,"speed":1.0,"floorPosition":133.37837},{"type":2,"time":7528,"positionX":-2.875175,"holdTime":0.0,"speed":1.0,"floorPosition":133.52028},{"type":2,"time":7536,"positionX":-3.997194,"holdTime":0.0,"speed":1.0,"floorPosition":133.66216},{"type":2,"time":7544,"positionX":-2.875175,"holdTime":0.0,"speed":1.0,"floorPosition":133.80405},{"type":1,"time":7552,"positionX":-5.175315,"holdTime":0.0,"speed":1.0,"floorPosition":133.94594},{"type":3,"time":7552,"positionX":3.12763,"holdTime":32.0,"speed":1.4,"floorPosition":133.94594},{"type":1,"time":7584,"positionX":-5.175315,"holdTime":0.0,"speed":1.0,"floorPosition":134.5135},{"type":3,"time":7600,"positionX":1.935483,"holdTime":32.0,"speed":1.4,"floorPosition":134.7973},{"type":1,"time":7616,"positionX":-5.175315,"holdTime":0.0,"speed":1.0,"floorPosition":135.08107},{"type":1,"time":7648,"positionX":-5.175315,"holdTime":0.0,"speed":1.0,"floorPosition":135.64865},{"type":3,"time":7648,"positionX":4.670406,"holdTime":32.0,"speed":1.4,"floorPosition":135.64865},{"type":1,"time":7680,"positionX":-5.175315,"holdTime":0.0,"speed":1.0,"floorPosition":136.21622},{"type":3,"time":7696,"positionX":-0.01402473,"holdTime":32.0,"speed":1.4,"floorPosition":136.5},{"type":1,"time":7712,"positionX":-5.175315,"holdTime":0.0,"speed":1.0,"floorPosition":136.78378},{"type":3,"time":7744,"positionX":3.225807,"holdTime":16.0,"speed":1.4,"floorPosition":137.35135},{"type":1,"time":7744,"positionX":-5.175315,"holdTime":0.0,"speed":1.0,"floorPosition":137.35135},{"type":3,"time":7776,"positionX":3.211781,"holdTime":16.0,"speed":1.4,"floorPosition":137.91891},{"type":1,"time":7776,"positionX":-5.175315,"holdTime":0.0,"speed":1.0,"floorPosition":137.91891},{"type":1,"time":7792,"positionX":-3.604488,"holdTime":0.0,"speed":1.0,"floorPosition":138.2027},{"type":3,"time":7808,"positionX":4.375876,"holdTime":32.0,"speed":1.4,"floorPosition":138.4865},{"type":1,"time":7808,"positionX":-2.117812,"holdTime":0.0,"speed":1.0,"floorPosition":138.4865},{"type":1,"time":7840,"positionX":-2.117812,"holdTime":0.0,"speed":1.0,"floorPosition":139.05405},{"type":3,"time":7856,"positionX":6.311359,"holdTime":32.0,"speed":1.4,"floorPosition":139.33783},{"type":1,"time":7872,"positionX":-2.117812,"holdTime":0.0,"speed":1.0,"floorPosition":139.62161},{"type":1,"time":7904,"positionX":-2.117812,"holdTime":0.0,"speed":1.0,"floorPosition":140.18918},{"type":3,"time":7904,"positionX":1.907434,"holdTime":32.0,"speed":1.4,"floorPosition":140.18918},{"type":1,"time":7936,"positionX":-2.117812,"holdTime":0.0,"speed":1.0,"floorPosition":140.75674},{"type":3,"time":7952,"positionX":3.506311,"holdTime":32.0,"speed":1.4,"floorPosition":141.04054},{"type":1,"time":7968,"positionX":-2.117812,"holdTime":0.0,"speed":1.0,"floorPosition":141.32433},{"type":1,"time":7984,"positionX":-2.117812,"holdTime":0.0,"speed":1.0,"floorPosition":141.60811},{"type":3,"time":8000,"positionX":4.768584,"holdTime":32.0,"speed":1.4,"floorPosition":141.89189},{"type":1,"time":8000,"positionX":-2.117812,"holdTime":0.0,"speed":1.0,"floorPosition":141.89189},{"type":1,"time":8032,"positionX":-2.117812,"holdTime":0.0,"speed":1.0,"floorPosition":142.45946},{"type":1,"time":8048,"positionX":-0.01402473,"holdTime":0.0,"speed":1.0,"floorPosition":142.74324},{"type":3,"time":8064,"positionX":-3.366059,"holdTime":32.0,"speed":1.4,"floorPosition":143.02702},{"type":1,"time":8064,"positionX":2.286115,"holdTime":0.0,"speed":1.0,"floorPosition":143.02702},{"type":1,"time":8096,"positionX":2.286115,"holdTime":0.0,"speed":1.0,"floorPosition":143.59459},{"type":3,"time":8112,"positionX":-4.600281,"holdTime":32.0,"speed":1.4,"floorPosition":143.87837},{"type":1,"time":8128,"positionX":2.286115,"holdTime":0.0,"speed":1.0,"floorPosition":144.16217},{"type":3,"time":8160,"positionX":-5.7784,"holdTime":32.0,"speed":1.4,"floorPosition":144.72974},{"type":1,"time":8160,"positionX":2.286115,"holdTime":0.0,"speed":1.0,"floorPosition":144.72974},{"type":1,"time":8192,"positionX":2.286115,"holdTime":0.0,"speed":1.0,"floorPosition":145.2973},{"type":3,"time":8208,"positionX":-1.991585,"holdTime":32.0,"speed":1.4,"floorPosition":145.58109},{"type":1,"time":8224,"positionX":2.286115,"holdTime":0.0,"speed":1.0,"floorPosition":145.86485},{"type":3,"time":8256,"positionX":-3.253857,"holdTime":16.0,"speed":1.4,"floorPosition":146.43242},{"type":1,"time":8256,"positionX":2.286115,"holdTime":0.0,"speed":1.0,"floorPosition":146.43242},{"type":1,"time":8288,"positionX":2.286115,"holdTime":0.0,"speed":1.0,"floorPosition":147.0},{"type":3,"time":8288,"positionX":-3.239832,"holdTime":16.0,"speed":1.4,"floorPosition":147.0},{"type":1,"time":8320,"positionX":5.455821,"holdTime":0.0,"speed":1.0,"floorPosition":147.56757},{"type":3,"time":8320,"positionX":0.0,"holdTime":32.0,"speed":1.4,"floorPosition":147.56757},{"type":1,"time":8352,"positionX":5.455821,"holdTime":0.0,"speed":1.0,"floorPosition":148.13513},{"type":3,"time":8368,"positionX":-2.720898,"holdTime":32.0,"speed":1.4,"floorPosition":148.41891},{"type":1,"time":8384,"positionX":5.455821,"holdTime":0.0,"speed":1.0,"floorPosition":148.7027},{"type":1,"time":8416,"positionX":5.455821,"holdTime":0.0,"speed":1.0,"floorPosition":149.27026},{"type":3,"time":8416,"positionX":-0.09817696,"holdTime":32.0,"speed":1.4,"floorPosition":149.27026},{"type":1,"time":8448,"positionX":5.455821,"holdTime":0.0,"speed":1.0,"floorPosition":149.83784},{"type":3,"time":8464,"positionX":1.851334,"holdTime":32.0,"speed":1.4,"floorPosition":150.12161},{"type":1,"time":8480,"positionX":5.455821,"holdTime":0.0,"speed":1.0,"floorPosition":150.40541},{"type":1,"time":8512,"positionX":5.455821,"holdTime":0.0,"speed":1.0,"floorPosition":150.97298},{"type":1,"time":8512,"positionX":-0.01402473,"holdTime":0.0,"speed":1.0,"floorPosition":150.97298},{"type":1,"time":8528,"positionX":-0.01402473,"holdTime":0.0,"speed":1.0,"floorPosition":151.25676},{"type":1,"time":8544,"positionX":5.455821,"holdTime":0.0,"speed":1.0,"floorPosition":151.54054},{"type":2,"time":8544,"positionX":-0.02805042,"holdTime":0.0,"speed":1.0,"floorPosition":151.54054},{"type":2,"time":8552,"positionX":-2.30014,"holdTime":0.0,"speed":1.0,"floorPosition":151.68243},{"type":1,"time":8560,"positionX":5.441795,"holdTime":0.0,"speed":1.0,"floorPosition":151.82433},{"type":2,"time":8560,"positionX":-1.15007,"holdTime":0.0,"speed":1.0,"floorPosition":151.82433},{"type":2,"time":8568,"positionX":-3.42216,"holdTime":0.0,"speed":1.0,"floorPosition":151.96622},{"type":1,"time":8576,"positionX":-4.54418,"holdTime":0.0,"speed":1.0,"floorPosition":152.1081},{"type":1,"time":8576,"positionX":0.02804947,"holdTime":0.0,"speed":1.0,"floorPosition":152.1081},{"type":1,"time":8592,"positionX":0.02804947,"holdTime":0.0,"speed":1.0,"floorPosition":152.39189},{"type":1,"time":8592,"positionX":-4.530154,"holdTime":0.0,"speed":1.0,"floorPosition":152.39189},{"type":1,"time":8608,"positionX":0.02804947,"holdTime":0.0,"speed":1.0,"floorPosition":152.67567},{"type":1,"time":8608,"positionX":-4.54418,"holdTime":0.0,"speed":1.0,"floorPosition":152.67567},{"type":1,"time":8640,"positionX":-1.065919,"holdTime":0.0,"speed":1.0,"floorPosition":153.24324},{"type":1,"time":8640,"positionX":4.011221,"holdTime":0.0,"speed":1.0,"floorPosition":153.24324},{"type":1,"time":8672,"positionX":5.273492,"holdTime":0.0,"speed":1.0,"floorPosition":153.8108},{"type":1,"time":8672,"positionX":-3.786817,"holdTime":0.0,"speed":1.0,"floorPosition":153.8108},{"type":1,"time":8688,"positionX":-3.786817,"holdTime":0.0,"speed":1.0,"floorPosition":154.0946},{"type":1,"time":8688,"positionX":5.287518,"holdTime":0.0,"speed":1.0,"floorPosition":154.0946},{"type":1,"time":8704,"positionX":5.273492,"holdTime":0.0,"speed":1.0,"floorPosition":154.37837},{"type":1,"time":8704,"positionX":-3.786817,"holdTime":0.0,"speed":1.0,"floorPosition":154.37837},{"type":1,"time":8736,"positionX":1.430574,"holdTime":0.0,"speed":1.0,"floorPosition":154.94594},{"type":1,"time":8736,"positionX":-4.880785,"holdTime":0.0,"speed":1.0,"floorPosition":154.94594},{"type":1,"time":8768,"positionX":-0.8835907,"holdTime":0.0,"speed":1.0,"floorPosition":155.51352},{"type":1,"time":8768,"positionX":5.582047,"holdTime":0.0,"speed":1.0,"floorPosition":155.51352},{"type":1,"time":8800,"positionX":-3.562412,"holdTime":0.0,"speed":1.0,"floorPosition":156.08109},{"type":1,"time":8800,"positionX":2.791024,"holdTime":0.0,"speed":1.0,"floorPosition":156.08109},{"type":1,"time":8832,"positionX":-0.01402473,"holdTime":0.0,"speed":1.0,"floorPosition":156.64865},{"type":1,"time":8832,"positionX":-5.568023,"holdTime":0.0,"speed":1.0,"floorPosition":156.64865},{"type":1,"time":8848,"positionX":-4.417953,"holdTime":0.0,"speed":1.0,"floorPosition":156.93243},{"type":1,"time":8848,"positionX":1.079945,"holdTime":0.0,"speed":1.0,"floorPosition":156.93243},{"type":1,"time":8864,"positionX":-3.281908,"holdTime":0.0,"speed":1.0,"floorPosition":157.21622},{"type":1,"time":8864,"positionX":2.215989,"holdTime":0.0,"speed":1.0,"floorPosition":157.21622},{"type":1,"time":8896,"positionX":-0.04207516,"holdTime":0.0,"speed":1.0,"floorPosition":157.78378},{"type":1,"time":8896,"positionX":4.810658,"holdTime":0.0,"speed":1.0,"floorPosition":157.78378},{"type":1,"time":8928,"positionX":0.0,"holdTime":0.0,"speed":1.0,"floorPosition":158.35135},{"type":1,"time":8928,"positionX":-4.768583,"holdTime":0.0,"speed":1.0,"floorPosition":158.35135},{"type":1,"time":8944,"positionX":-2.370267,"holdTime":0.0,"speed":1.0,"floorPosition":158.63513},{"type":1,"time":8944,"positionX":2.496494,"holdTime":0.0,"speed":1.0,"floorPosition":158.63513},{"type":1,"time":8960,"positionX":0.0,"holdTime":0.0,"speed":1.0,"floorPosition":158.91891},{"type":1,"time":8960,"positionX":5.035063,"holdTime":0.0,"speed":1.0,"floorPosition":158.91891},{"type":1,"time":8992,"positionX":-3.492287,"holdTime":0.0,"speed":1.0,"floorPosition":159.48648},{"type":1,"time":8992,"positionX":1.374474,"holdTime":0.0,"speed":1.0,"floorPosition":159.48648},{"type":1,"time":9024,"positionX":0.1683035,"holdTime":0.0,"speed":1.0,"floorPosition":160.05405},{"type":1,"time":9024,"positionX":5.343618,"holdTime":0.0,"speed":1.0,"floorPosition":160.05405},{"type":2,"time":9056,"positionX":0.3646564,"holdTime":0.0,"speed":1.0,"floorPosition":160.62161},{"type":1,"time":9056,"positionX":-4.670406,"holdTime":0.0,"speed":1.0,"floorPosition":160.62161},{"type":2,"time":9064,"positionX":2.636746,"holdTime":0.0,"speed":1.0,"floorPosition":160.7635},{"type":2,"time":9072,"positionX":1.472652,"holdTime":0.0,"speed":1.0,"floorPosition":160.9054},{"type":2,"time":9080,"positionX":3.730716,"holdTime":0.0,"speed":1.0,"floorPosition":161.0473},{"type":1,"time":9088,"positionX":4.880785,"holdTime":0.0,"speed":1.0,"floorPosition":161.1892},{"type":1,"time":9088,"positionX":-0.02805042,"holdTime":0.0,"speed":1.0,"floorPosition":161.1892},{"type":1,"time":9120,"positionX":-3.085554,"holdTime":0.0,"speed":1.0,"floorPosition":161.75676},{"type":1,"time":9120,"positionX":2.328191,"holdTime":0.0,"speed":1.0,"floorPosition":161.75676},{"type":1,"time":9152,"positionX":0.8274889,"holdTime":0.0,"speed":1.0,"floorPosition":162.32433},{"type":1,"time":9152,"positionX":4.474052,"holdTime":0.0,"speed":1.0,"floorPosition":162.32433},{"type":1,"time":9184,"positionX":-4.768583,"holdTime":0.0,"speed":1.0,"floorPosition":162.89189},{"type":1,"time":9184,"positionX":2.650771,"holdTime":0.0,"speed":1.0,"floorPosition":162.89189},{"type":1,"time":9216,"positionX":-1.206171,"holdTime":0.0,"speed":1.0,"floorPosition":163.45946},{"type":1,"time":9216,"positionX":6.01683,"holdTime":0.0,"speed":1.0,"floorPosition":163.45946},{"type":1,"time":9248,"positionX":-3.057504,"holdTime":0.0,"speed":1.0,"floorPosition":164.02702},{"type":1,"time":9248,"positionX":0.7012615,"holdTime":0.0,"speed":1.0,"floorPosition":164.02702},{"type":1,"time":9280,"positionX":-5.231417,"holdTime":0.0,"speed":1.0,"floorPosition":164.59459},{"type":1,"time":9280,"positionX":3.842917,"holdTime":0.0,"speed":1.0,"floorPosition":164.59459},{"type":1,"time":9312,"positionX":1.837307,"holdTime":0.0,"speed":1.0,"floorPosition":165.16216},{"type":1,"time":9320,"positionX":-1.851332,"holdTime":0.0,"speed":1.0,"floorPosition":165.30405},{"type":1,"time":9328,"positionX":1.823282,"holdTime":0.0,"speed":1.0,"floorPosition":165.44595},{"type":1,"time":9344,"positionX":-3.029453,"holdTime":0.0,"speed":1.0,"floorPosition":165.72972},{"type":1,"time":9344,"positionX":2.973351,"holdTime":0.0,"speed":1.0,"floorPosition":165.72972},{"type":1,"time":9376,"positionX":-4.361851,"holdTime":0.0,"speed":1.0,"floorPosition":166.29729},{"type":1,"time":9376,"positionX":1.739131,"holdTime":0.0,"speed":1.0,"floorPosition":166.29729},{"type":1,"time":9408,"positionX":-0.7994385,"holdTime":0.0,"speed":1.0,"floorPosition":166.86487},{"type":1,"time":9408,"positionX":5.16129,"holdTime":0.0,"speed":1.0,"floorPosition":166.86487},{"type":1,"time":9440,"positionX":-2.075736,"holdTime":0.0,"speed":1.0,"floorPosition":167.43243},{"type":1,"time":9440,"positionX":2.103786,"holdTime":0.0,"speed":1.0,"floorPosition":167.43243},{"type":1,"time":9472,"positionX":-5.287518,"holdTime":0.0,"speed":1.0,"floorPosition":168.0},{"type":1,"time":9472,"positionX":5.568023,"holdTime":0.0,"speed":1.0,"floorPosition":168.0},{"type":1,"time":9504,"positionX":-1.893408,"holdTime":0.0,"speed":1.0,"floorPosition":168.56757},{"type":1,"time":9504,"positionX":2.00561,"holdTime":0.0,"speed":1.0,"floorPosition":168.56757},{"type":1,"time":9528,"positionX":-1.893408,"holdTime":0.0,"speed":1.0,"floorPosition":168.99324},{"type":1,"time":9536,"positionX":1.991585,"holdTime":0.0,"speed":1.0,"floorPosition":169.13513},{"type":1,"time":9552,"positionX":1.991585,"holdTime":0.0,"speed":1.0,"floorPosition":169.41891},{"type":1,"time":9568,"positionX":-1.893408,"holdTime":0.0,"speed":1.0,"floorPosition":169.7027},{"type":1,"time":9584,"positionX":-1.921459,"holdTime":0.0,"speed":1.0,"floorPosition":169.98648},{"type":3,"time":9600,"positionX":5.413746,"holdTime":16.0,"speed":1.4,"floorPosition":170.27026},{"type":3,"time":9600,"positionX":-3.043478,"holdTime":32.0,"speed":1.4,"floorPosition":170.27026},{"type":3,"time":9632,"positionX":1.935483,"holdTime":16.0,"speed":1.4,"floorPosition":170.83783},{"type":3,"time":9648,"positionX":-4.2216,"holdTime":32.0,"speed":1.4,"floorPosition":171.12163},{"type":3,"time":9664,"positionX":5.455821,"holdTime":16.0,"speed":1.4,"floorPosition":171.4054},{"type":3,"time":9696,"positionX":1.935483,"holdTime":16.0,"speed":1.4,"floorPosition":171.97296},{"type":3,"time":9696,"positionX":-5.469846,"holdTime":32.0,"speed":1.4,"floorPosition":171.97296},{"type":3,"time":9728,"positionX":5.441795,"holdTime":16.0,"speed":1.4,"floorPosition":172.54054},{"type":3,"time":9744,"positionX":-4.2216,"holdTime":32.0,"speed":1.4,"floorPosition":172.82433},{"type":3,"time":9760,"positionX":1.935483,"holdTime":16.0,"speed":1.4,"floorPosition":173.10811},{"type":3,"time":9792,"positionX":5.469847,"holdTime":16.0,"speed":1.4,"floorPosition":173.67567},{"type":3,"time":9792,"positionX":-3.001403,"holdTime":16.0,"speed":1.4,"floorPosition":173.67567},{"type":3,"time":9824,"positionX":1.893408,"holdTime":16.0,"speed":1.4,"floorPosition":174.24324},{"type":3,"time":9824,"positionX":-4.263674,"holdTime":16.0,"speed":1.4,"floorPosition":174.24324},{"type":3,"time":9856,"positionX":3.001403,"holdTime":32.0,"speed":1.4,"floorPosition":174.8108},{"type":3,"time":9856,"positionX":-1.907434,"holdTime":16.0,"speed":1.4,"floorPosition":174.8108},{"type":3,"time":9888,"positionX":-5.301542,"holdTime":16.0,"speed":1.4,"floorPosition":175.37839},{"type":3,"time":9904,"positionX":4.123422,"holdTime":32.0,"speed":1.4,"floorPosition":175.66216},{"type":3,"time":9920,"positionX":-1.865357,"holdTime":16.0,"speed":1.4,"floorPosition":175.94595},{"type":3,"time":9952,"positionX":-5.301542,"holdTime":16.0,"speed":1.4,"floorPosition":176.5135},{"type":3,"time":9952,"positionX":5.287518,"holdTime":32.0,"speed":1.4,"floorPosition":176.5135},{"type":3,"time":9984,"positionX":-1.795231,"holdTime":16.0,"speed":1.4,"floorPosition":177.08107},{"type":3,"time":10000,"positionX":4.053296,"holdTime":32.0,"speed":1.4,"floorPosition":177.36487},{"type":3,"time":10016,"positionX":-5.231417,"holdTime":16.0,"speed":1.4,"floorPosition":177.64864},{"type":3,"time":10048,"positionX":-1.809257,"holdTime":16.0,"speed":1.4,"floorPosition":178.21622},{"type":3,"time":10048,"positionX":2.692847,"holdTime":16.0,"speed":1.4,"floorPosition":178.21622},{"type":3,"time":10080,"positionX":-5.245441,"holdTime":16.0,"speed":1.4,"floorPosition":178.78378},{"type":1,"time":10080,"positionX":1.52875,"holdTime":0.0,"speed":1.0,"floorPosition":178.78378},{"type":1,"time":10096,"positionX":2.748948,"holdTime":0.0,"speed":1.0,"floorPosition":179.06757},{"type":3,"time":10112,"positionX":4.095371,"holdTime":32.0,"speed":1.4,"floorPosition":179.35135},{"type":3,"time":10112,"positionX":-1.893408,"holdTime":8.0,"speed":1.4,"floorPosition":179.35135},{"type":3,"time":10144,"positionX":-3.169705,"holdTime":8.0,"speed":1.4,"floorPosition":179.91891},{"type":3,"time":10160,"positionX":2.833099,"holdTime":32.0,"speed":1.4,"floorPosition":180.2027},{"type":3,"time":10176,"positionX":-4.361851,"holdTime":8.0,"speed":1.4,"floorPosition":180.48648},{"type":3,"time":10208,"positionX":1.626929,"holdTime":112.0,"speed":1.4,"floorPosition":181.05406},{"type":3,"time":10208,"positionX":-5.568023,"holdTime":8.0,"speed":1.4,"floorPosition":181.05406},{"type":3,"time":10240,"positionX":-4.319775,"holdTime":8.0,"speed":1.4,"floorPosition":181.62163},{"type":3,"time":10272,"positionX":-3.141655,"holdTime":8.0,"speed":1.4,"floorPosition":182.1892},{"type":3,"time":10304,"positionX":-4.2216,"holdTime":8.0,"speed":1.4,"floorPosition":182.75674},{"type":3,"time":10336,"positionX":2.875175,"holdTime":24.0,"speed":1.4,"floorPosition":183.32431},{"type":3,"time":10336,"positionX":-5.441795,"holdTime":8.0,"speed":1.4,"floorPosition":183.32431},{"type":1,"time":10368,"positionX":3.98317,"holdTime":0.0,"speed":1.0,"floorPosition":183.89189},{"type":3,"time":10368,"positionX":-3.660589,"holdTime":8.0,"speed":1.4,"floorPosition":183.89189},{"type":1,"time":10384,"positionX":-3.660589,"holdTime":0.0,"speed":1.0,"floorPosition":184.17567},{"type":3,"time":10384,"positionX":3.98317,"holdTime":8.0,"speed":1.4,"floorPosition":184.17567},{"type":1,"time":10400,"positionX":3.98317,"holdTime":0.0,"speed":1.0,"floorPosition":184.45946},{"type":3,"time":10400,"positionX":-3.660589,"holdTime":8.0,"speed":1.4,"floorPosition":184.45946},{"type":1,"time":10416,"positionX":-3.660589,"holdTime":0.0,"speed":1.0,"floorPosition":184.74324},{"type":3,"time":10416,"positionX":3.98317,"holdTime":8.0,"speed":1.4,"floorPosition":184.74324},{"type":3,"time":10448,"positionX":-1.626928,"holdTime":8.0,"speed":1.4,"floorPosition":185.3108},{"type":3,"time":10448,"positionX":1.612903,"holdTime":8.0,"speed":1.4,"floorPosition":185.3108},{"type":3,"time":10464,"positionX":-1.640954,"holdTime":8.0,"speed":1.4,"floorPosition":185.59459},{"type":3,"time":10464,"positionX":1.612903,"holdTime":8.0,"speed":1.4,"floorPosition":185.59459},{"type":3,"time":10480,"positionX":1.598878,"holdTime":8.0,"speed":1.4,"floorPosition":185.87837},{"type":3,"time":10480,"positionX":-1.640954,"holdTime":8.0,"speed":1.4,"floorPosition":185.87837},{"type":1,"time":10496,"positionX":-2.776999,"holdTime":0.0,"speed":1.0,"floorPosition":186.16216},{"type":1,"time":10496,"positionX":2.720897,"holdTime":0.0,"speed":1.0,"floorPosition":186.16216},{"type":3,"time":10512,"positionX":-2.776999,"holdTime":272.0,"speed":1.4,"floorPosition":186.44594},{"type":3,"time":10512,"positionX":2.734923,"holdTime":272.0,"speed":1.4,"floorPosition":186.44594}],"notesBelow":[{"type":3,"time":4480,"positionX":-3.941093,"holdTime":32.0,"speed":1.4,"floorPosition":79.45946},{"type":3,"time":4528,"positionX":1.612904,"holdTime":32.0,"speed":1.4,"floorPosition":80.31081},{"type":3,"time":4576,"positionX":-2.664795,"holdTime":32.0,"speed":1.4,"floorPosition":81.16216},{"type":3,"time":4624,"positionX":2.791025,"holdTime":32.0,"speed":1.4,"floorPosition":82.01351},{"type":3,"time":4672,"positionX":-3.941093,"holdTime":16.0,"speed":1.4,"floorPosition":82.86486},{"type":3,"time":4704,"positionX":-3.95512,"holdTime":16.0,"speed":1.4,"floorPosition":83.432434},{"type":3,"time":4736,"positionX":5.10519,"holdTime":32.0,"speed":1.4,"floorPosition":84.0},{"type":3,"time":4784,"positionX":-0.02805138,"holdTime":32.0,"speed":1.4,"floorPosition":84.85135},{"type":3,"time":4832,"positionX":3.941093,"holdTime":32.0,"speed":1.4,"floorPosition":85.7027},{"type":3,"time":4880,"positionX":-1.262272,"holdTime":32.0,"speed":1.4,"floorPosition":86.554054},{"type":3,"time":4928,"positionX":2.636745,"holdTime":16.0,"speed":1.4,"floorPosition":87.4054},{"type":3,"time":4960,"positionX":2.622721,"holdTime":32.0,"speed":1.4,"floorPosition":87.97298},{"type":3,"time":4992,"positionX":-4.431976,"holdTime":32.0,"speed":1.4,"floorPosition":88.540535},{"type":3,"time":5040,"positionX":-4.431976,"holdTime":32.0,"speed":1.4,"floorPosition":89.39189},{"type":3,"time":5088,"positionX":1.921459,"holdTime":32.0,"speed":1.4,"floorPosition":90.24324},{"type":3,"time":5136,"positionX":1.907433,"holdTime":32.0,"speed":1.4,"floorPosition":91.0946},{"type":3,"time":5184,"positionX":-2.440392,"holdTime":16.0,"speed":1.4,"floorPosition":91.945946},{"type":3,"time":5216,"positionX":-2.412342,"holdTime":16.0,"speed":1.4,"floorPosition":92.51351},{"type":3,"time":5248,"positionX":4.628332,"holdTime":32.0,"speed":1.4,"floorPosition":93.08108},{"type":3,"time":5296,"positionX":4.628332,"holdTime":32.0,"speed":1.4,"floorPosition":93.932434},{"type":3,"time":5344,"positionX":-1.781206,"holdTime":32.0,"speed":1.4,"floorPosition":94.78378},{"type":3,"time":5392,"positionX":-1.781206,"holdTime":32.0,"speed":1.4,"floorPosition":95.63513},{"type":3,"time":5440,"positionX":2.24404,"holdTime":32.0,"speed":1.4,"floorPosition":96.48649},{"type":3,"time":5472,"positionX":-3.029453,"holdTime":16.0,"speed":1.4,"floorPosition":97.054054},{"type":3,"time":5488,"positionX":1.079945,"holdTime":16.0,"speed":1.4,"floorPosition":97.33784},{"type":1,"time":5504,"positionX":-4.263672,"holdTime":0.0,"speed":1.0,"floorPosition":97.62162},{"type":1,"time":5536,"positionX":-4.263672,"holdTime":0.0,"speed":1.0,"floorPosition":98.189186},{"type":1,"time":5568,"positionX":-4.263672,"holdTime":0.0,"speed":1.0,"floorPosition":98.75675},{"type":1,"time":5600,"positionX":-4.263672,"holdTime":0.0,"speed":1.0,"floorPosition":99.324326},{"type":1,"time":5632,"positionX":4.516129,"holdTime":0.0,"speed":1.0,"floorPosition":99.89189},{"type":1,"time":5664,"positionX":4.516129,"holdTime":0.0,"speed":1.0,"floorPosition":100.45946},{"type":1,"time":5696,"positionX":4.516129,"holdTime":0.0,"speed":1.0,"floorPosition":101.02702},{"type":1,"time":5728,"positionX":4.516129,"holdTime":0.0,"speed":1.0,"floorPosition":101.59459}],"speedEvents":[{"startTime":0.0,"endTime":6819840.0,"value":1.4}],"judgeLineMoveEvents":[{"startTime":0.0,"endTime":256.0,"start":440156.0,"end":440156.0},{"startTime":256.0,"endTime":320.0,"start":440156.0,"end":440052.0},{"startTime":320.0,"endTime":512.0,"start":440052.0,"end":440156.0},{"startTime":512.0,"endTime":576.0,"start":440156.0,"end":440052.0},{"startTime":576.0,"endTime":768.0,"start":440052.0,"end":440156.0},{"startTime":768.0,"endTime":832.0,"start":440156.0,"end":440052.0},{"startTime":832.0,"endTime":1024.0,"start":440052.0,"end":440156.0},{"startTime":1024.0,"endTime":1216.0,"start":440156.0,"end":440052.0},{"startTime":1216.0,"endTime":1280.0,"start":440052.0,"end":440156.0},{"startTime":1280.0,"endTime":1344.0,"start":440156.0,"end":440052.0},{"startTime":1344.0,"endTime":1536.0,"start":440052.0,"end":440156.0},{"startTime":1536.0,"endTime":1600.0,"start":440156.0,"end":440052.0},{"startTime":1600.0,"endTime":1792.0,"start":440052.0,"end":440156.0},{"startTime":1792.0,"endTime":1856.0,"start":440156.0,"end":440052.0},{"startTime":1856.0,"endTime":2048.0,"start":440052.0,"end":440156.0},{"startTime":2048.0,"endTime":2240.0,"start":440156.0,"end":440052.0},{"startTime":2240.0,"endTime":2304.0,"start":440052.0,"end":440260.0},{"startTime":2304.0,"endTime":2560.0,"start":440260.0,"end":440104.0},{"startTime":2560.0,"endTime":2816.0,"start":440104.0,"end":440260.0},{"startTime":2816.0,"endTime":3072.0,"start":440260.0,"end":440104.0},{"startTime":3072.0,"endTime":3264.0,"start":440104.0,"end":440104.0},{"startTime":3264.0,"endTime":3328.0,"start":440104.0,"end":440260.0},{"startTime":3328.0,"endTime":3584.0,"start":440260.0,"end":440104.0},{"startTime":3584.0,"endTime":3840.0,"start":440104.0,"end":440260.0},{"startTime":3840.0,"endTime":4096.0,"start":440260.0,"end":440104.0},{"startTime":4096.0,"endTime":4320.0,"start":440104.0,"end":440104.0},{"startTime":4320.0,"endTime":4480.0,"start":440104.0,"end":440416.0},{"startTime":4480.0,"endTime":4736.0,"start":440416.0,"end":440312.0},{"startTime":4736.0,"endTime":4992.0,"start":440312.0,"end":440416.0},{"startTime":4992.0,"endTime":5248.0,"start":440416.0,"end":440312.0},{"startTime":5248.0,"endTime":5504.0,"start":440312.0,"end":440416.0},{"startTime":5504.0,"endTime":6016.0,"start":440416.0,"end":440104.0},{"startTime":6016.0,"endTime":6272.0,"start":440104.0,"end":440260.0},{"startTime":6272.0,"endTime":6528.0,"start":440260.0,"end":440104.0},{"startTime":6528.0,"endTime":8576.0,"start":440104.0,"end":440104.0},{"startTime":8576.0,"endTime":8832.0,"start":440104.0,"end":440208.0},{"startTime":8832.0,"endTime":9088.0,"start":440208.0,"end":440104.0},{"startTime":9088.0,"endTime":9344.0,"start":440104.0,"end":440208.0},{"startTime":9344.0,"endTime":9600.0,"start":440208.0,"end":440104.0},{"startTime":9600.0,"endTime":10496.0,"start":440104.0,"end":440104.0},{"startTime":10496.0,"endTime":10784.0,"start":440104.0,"end":704260.0},{"startTime":10784.0,"endTime":10867.0,"start":704260.0,"end":880260.0},{"startTime":10867.0,"endTime":6819840.0,"start":440260.0,"end":440260.0}],"judgeLineRotateEvents":[{"startTime":0.0,"endTime":6528.0,"start":0.0,"end":0.0},{"startTime":6528.0,"endTime":6544.0,"start":5.0,"end":0.0},{"startTime":6544.0,"endTime":6560.0,"start":0.0,"end":0.0},{"startTime":6560.0,"endTime":6576.0,"start":5.0,"end":0.0},{"startTime":6576.0,"endTime":6592.0,"start":0.0,"end":0.0},{"startTime":6592.0,"endTime":6608.0,"start":5.0,"end":0.0},{"startTime":6608.0,"endTime":6624.0,"start":0.0,"end":0.0},{"startTime":6624.0,"endTime":6640.0,"start":5.0,"end":0.0},{"startTime":6640.0,"endTime":6656.0,"start":0.0,"end":0.0},{"startTime":6656.0,"endTime":6672.0,"start":5.0,"end":0.0},{"startTime":6672.0,"endTime":6688.0,"start":0.0,"end":0.0},{"startTime":6688.0,"endTime":6704.0,"start":5.0,"end":0.0},{"startTime":6704.0,"endTime":6720.0,"start":0.0,"end":0.0},{"startTime":6720.0,"endTime":6736.0,"start":5.0,"end":0.0},{"startTime":6736.0,"endTime":6752.0,"start":0.0,"end":0.0},{"startTime":6752.0,"endTime":6768.0,"start":5.0,"end":0.0},{"startTime":6768.0,"endTime":6784.0,"start":0.0,"end":0.0},{"startTime":6784.0,"endTime":6800.0,"start":3.0,"end":0.0},{"startTime":6800.0,"endTime":6816.0,"start":0.0,"end":0.0},{"startTime":6816.0,"endTime":6832.0,"start":3.0,"end":0.0},{"startTime":6832.0,"endTime":6848.0,"start":0.0,"end":0.0},{"startTime":6848.0,"endTime":6864.0,"start":3.0,"end":0.0},{"startTime":6864.0,"endTime":6880.0,"start":0.0,"end":0.0},{"startTime":6880.0,"endTime":6896.0,"start":3.0,"end":0.0},{"startTime":6896.0,"endTime":6912.0,"start":0.0,"end":0.0},{"startTime":6912.0,"endTime":6928.0,"start":3.0,"end":0.0},{"startTime":6928.0,"endTime":6944.0,"start":0.0,"end":0.0},{"startTime":6944.0,"endTime":6960.0,"start":3.0,"end":0.0},{"startTime":6960.0,"endTime":6976.0,"start":0.0,"end":0.0},{"startTime":6976.0,"endTime":6992.0,"start":3.0,"end":0.0},{"startTime":6992.0,"endTime":7008.0,"start":0.0,"end":0.0},{"startTime":7008.0,"endTime":7024.0,"start":3.0,"end":0.0},{"startTime":7024.0,"endTime":7040.0,"start":0.0,"end":0.0},{"startTime":7040.0,"endTime":7056.0,"start":-5.0,"end":0.0},{"startTime":7056.0,"endTime":7072.0,"start":0.0,"end":0.0},{"startTime":7072.0,"endTime":7088.0,"start":-5.0,"end":0.0},{"startTime":7088.0,"endTime":7104.0,"start":0.0,"end":0.0},{"startTime":7104.0,"endTime":7120.0,"start":-5.0,"end":0.0},{"startTime":7120.0,"endTime":7136.0,"start":0.0,"end":0.0},{"startTime":7136.0,"endTime":7152.0,"start":-5.0,"end":0.0},{"startTime":7152.0,"endTime":7168.0,"start":0.0,"end":0.0},{"startTime":7168.0,"endTime":7184.0,"start":-5.0,"end":0.0},{"startTime":7184.0,"endTime":7200.0,"start":0.0,"end":0.0},{"startTime":7200.0,"endTime":7216.0,"start":-5.0,"end":0.0},{"startTime":7216.0,"endTime":7232.0,"start":0.0,"end":0.0},{"startTime":7232.0,"endTime":7248.0,"start":-5.0,"end":0.0},{"startTime":7248.0,"endTime":7264.0,"start":0.0,"end":0.0},{"startTime":7264.0,"endTime":7280.0,"start":-5.0,"end":0.0},{"startTime":7280.0,"endTime":7296.0,"start":0.0,"end":0.0},{"startTime":7296.0,"endTime":7312.0,"start":-3.0,"end":0.0},{"startTime":7312.0,"endTime":7328.0,"start":0.0,"end":0.0},{"startTime":7328.0,"endTime":7344.0,"start":-3.0,"end":0.0},{"startTime":7344.0,"endTime":7360.0,"start":0.0,"end":0.0},{"startTime":7360.0,"endTime":7376.0,"start":-3.0,"end":0.0},{"startTime":7376.0,"endTime":7392.0,"start":0.0,"end":0.0},{"startTime":7392.0,"endTime":7408.0,"start":-3.0,"end":0.0},{"startTime":7408.0,"endTime":7424.0,"start":0.0,"end":0.0},{"startTime":7424.0,"endTime":7440.0,"start":-3.0,"end":0.0},{"startTime":7440.0,"endTime":7456.0,"start":0.0,"end":0.0},{"startTime":7456.0,"endTime":7472.0,"start":-3.0,"end":0.0},{"startTime":7472.0,"endTime":7488.0,"start":0.0,"end":0.0},{"startTime":7488.0,"endTime":7504.0,"start":-3.0,"end":0.0},{"startTime":7504.0,"endTime":7520.0,"start":0.0,"end":0.0},{"startTime":7520.0,"endTime":7536.0,"start":-3.0,"end":0.0},{"startTime":7536.0,"endTime":7552.0,"start":0.0,"end":0.0},{"startTime":7552.0,"endTime":7808.0,"start":0.0,"end":10.0},{"startTime":7808.0,"endTime":8320.0,"start":10.0,"end":-10.0},{"startTime":8320.0,"endTime":8576.0,"start":-10.0,"end":0.0},{"startTime":8576.0,"endTime":9600.0,"start":0.0,"end":0.0},{"startTime":9600.0,"endTime":9856.0,"start":0.0,"end":10.0},{"startTime":9856.0,"endTime":10368.0,"start":10.0,"end":-10.0},{"startTime":10368.0,"endTime":10496.0,"start":-10.0,"end":0.0},{"startTime":10496.0,"endTime":10784.0,"start":0.0,"end":90.0},{"startTime":10784.0,"endTime":10867.0,"start":90.0,"end":90.0},{"startTime":10867.0,"endTime":6819840.0,"start":0.0,"end":0.0}],"judgeLineDisappearEvents":[{"startTime":0.0,"endTime":128.0,"start":0.0,"end":0.0},{"startTime":128.0,"endTime":192.0,"start":0.0,"end":1.0},{"startTime":192.0,"endTime":3072.0,"start":1.0,"end":1.0},{"startTime":3072.0,"endTime":3074.0,"start":0.0,"end":0.0},{"startTime":3074.0,"endTime":3076.0,"start":1.0,"end":1.0},{"startTime":3076.0,"endTime":3078.0,"start":0.0,"end":0.0},{"startTime":3078.0,"endTime":3080.0,"start":1.0,"end":1.0},{"startTime":3080.0,"endTime":3082.0,"start":0.0,"end":0.0},{"startTime":3082.0,"endTime":3084.0,"start":1.0,"end":1.0},{"startTime":3084.0,"endTime":3086.0,"start":0.0,"end":0.0},{"startTime":3086.0,"endTime":3088.0,"start":1.0,"end":1.0},{"startTime":3088.0,"endTime":3090.0,"start":0.0,"end":0.0},{"startTime":3090.0,"endTime":3092.0,"start":1.0,"end":1.0},{"startTime":3092.0,"endTime":3094.0,"start":0.0,"end":0.0},{"startTime":3094.0,"endTime":3096.0,"start":1.0,"end":1.0},{"startTime":3096.0,"endTime":3098.0,"start":0.0,"end":0.0},{"startTime":3098.0,"endTime":3100.0,"start":1.0,"end":1.0},{"startTime":3100.0,"endTime":3102.0,"start":0.0,"end":0.0},{"startTime":3102.0,"endTime":3104.0,"start":1.0,"end":1.0},{"startTime":3104.0,"endTime":3106.0,"start":0.0,"end":0.0},{"startTime":3106.0,"endTime":3108.0,"start":1.0,"end":1.0},{"startTime":3108.0,"endTime":3110.0,"start":0.0,"end":0.0},{"startTime":3110.0,"endTime":3112.0,"start":1.0,"end":1.0},{"startTime":3112.0,"endTime":3114.0,"start":0.0,"end":0.0},{"startTime":3114.0,"endTime":3116.0,"start":1.0,"end":1.0},{"startTime":3116.0,"endTime":3118.0,"start":0.0,"end":0.0},{"startTime":3118.0,"endTime":3120.0,"start":1.0,"end":1.0},{"startTime":3120.0,"endTime":3122.0,"start":0.0,"end":0.0},{"startTime":3122.0,"endTime":3124.0,"start":1.0,"end":1.0},{"startTime":3124.0,"endTime":3126.0,"start":0.0,"end":0.0},{"startTime":3126.0,"endTime":3128.0,"start":1.0,"end":1.0},{"startTime":3128.0,"endTime":3130.0,"start":0.0,"end":0.0},{"startTime":3130.0,"endTime":3132.0,"start":1.0,"end":1.0},{"startTime":3132.0,"endTime":3134.0,"start":0.0,"end":0.0},{"startTime":3134.0,"endTime":3136.0,"start":1.0,"end":1.0},{"startTime":3136.0,"endTime":3138.0,"start":0.0,"end":0.0},{"startTime":3138.0,"endTime":3140.0,"start":1.0,"end":1.0},{"startTime":3140.0,"endTime":3142.0,"start":0.0,"end":0.0},{"startTime":3142.0,"endTime":3144.0,"start":1.0,"end":1.0},{"startTime":3144.0,"endTime":3146.0,"start":0.0,"end":0.0},{"startTime":3146.0,"endTime":3148.0,"start":1.0,"end":1.0},{"startTime":3148.0,"endTime":3150.0,"start":0.0,"end":0.0},{"startTime":3150.0,"endTime":3152.0,"start":1.0,"end":1.0},{"startTime":3152.0,"endTime":3154.0,"start":0.0,"end":0.0},{"startTime":3154.0,"endTime":3156.0,"start":1.0,"end":1.0},{"startTime":3156.0,"endTime":3158.0,"start":0.0,"end":0.0},{"startTime":3158.0,"endTime":3160.0,"start":1.0,"end":1.0},{"startTime":3160.0,"endTime":3162.0,"start":0.0,"end":0.0},{"startTime":3162.0,"endTime":3164.0,"start":1.0,"end":1.0},{"startTime":3164.0,"endTime":3166.0,"start":0.0,"end":0.0},{"startTime":3166.0,"endTime":3168.0,"start":1.0,"end":1.0},{"startTime":3168.0,"endTime":3170.0,"start":0.0,"end":0.0},{"startTime":3170.0,"endTime":3172.0,"start":1.0,"end":1.0},{"startTime":3172.0,"endTime":3174.0,"start":0.0,"end":0.0},{"startTime":3174.0,"endTime":3176.0,"start":1.0,"end":1.0},{"startTime":3176.0,"endTime":3178.0,"start":0.0,"end":0.0},{"startTime":3178.0,"endTime":3180.0,"start":1.0,"end":1.0},{"startTime":3180.0,"endTime":3182.0,"start":0.0,"end":0.0},{"startTime":3182.0,"endTime":3184.0,"start":1.0,"end":1.0},{"startTime":3184.0,"endTime":3186.0,"start":0.0,"end":0.0},{"startTime":3186.0,"endTime":3188.0,"start":1.0,"end":1.0},{"startTime":3188.0,"endTime":3190.0,"start":0.0,"end":0.0},{"startTime":3190.0,"endTime":3192.0,"start":1.0,"end":1.0},{"startTime":3192.0,"endTime":3194.0,"start":0.0,"end":0.0},{"startTime":3194.0,"endTime":3196.0,"start":1.0,"end":1.0},{"startTime":3196.0,"endTime":3198.0,"start":0.0,"end":0.0},{"startTime":3198.0,"endTime":3200.0,"start":1.0,"end":1.0},{"startTime":3200.0,"endTime":3202.0,"start":0.0,"end":0.0},{"startTime":3202.0,"endTime":3204.0,"start":1.0,"end":1.0},{"startTime":3204.0,"endTime":3206.0,"start":0.0,"end":0.0},{"startTime":3206.0,"endTime":3208.0,"start":1.0,"end":1.0},{"startTime":3208.0,"endTime":3210.0,"start":0.0,"end":0.0},{"startTime":3210.0,"endTime":3212.0,"start":1.0,"end":1.0},{"startTime":3212.0,"endTime":3214.0,"start":0.0,"end":0.0},{"startTime":3214.0,"endTime":3216.0,"start":1.0,"end":1.0},{"startTime":3216.0,"endTime":3218.0,"start":0.0,"end":0.0},{"startTime":3218.0,"endTime":3220.0,"start":1.0,"end":1.0},{"startTime":3220.0,"endTime":3222.0,"start":0.0,"end":0.0},{"startTime":3222.0,"endTime":3224.0,"start":1.0,"end":1.0},{"startTime":3224.0,"endTime":3226.0,"start":0.0,"end":0.0},{"startTime":3226.0,"endTime":3228.0,"start":1.0,"end":1.0},{"startTime":3228.0,"endTime":3230.0,"start":0.0,"end":0.0},{"startTime":3230.0,"endTime":6464.0,"start":1.0,"end":1.0},{"startTime":6464.0,"endTime":6472.0,"start":0.0,"end":0.0},{"startTime":6472.0,"endTime":6480.0,"start":1.0,"end":1.0},{"startTime":6480.0,"endTime":6488.0,"start":0.0,"end":0.0},{"startTime":6488.0,"endTime":6496.0,"start":1.0,"end":1.0},{"startTime":6496.0,"endTime":6500.0,"start":0.0,"end":0.0},{"startTime":6500.0,"endTime":6504.0,"start":1.0,"end":1.0},{"startTime":6504.0,"endTime":6508.0,"start":0.0,"end":0.0},{"startTime":6508.0,"endTime":6512.0,"start":1.0,"end":1.0},{"startTime":6512.0,"endTime":6516.0,"start":0.0,"end":0.0},{"startTime":6516.0,"endTime":6520.0,"start":1.0,"end":1.0},{"startTime":6520.0,"endTime":6524.0,"start":0.0,"end":0.0},{"startTime":6524.0,"endTime":10784.0,"start":1.0,"end":1.0},{"startTime":10784.0,"endTime":10867.0,"start":1.0,"end":0.0},{"startTime":10867.0,"endTime":6819840.0,"start":1.0,"end":1.0}]}]}