{"formatVersion":3,"offset":0.0,"judgeLineList":[{"bpm":160.0,"notesAbove":[{"type":1,"time":128,"positionX":0.386343,"holdTime":0.0,"speed":1.0,"floorPosition":1.6500001},{"type":1,"time":256,"positionX":-2.866127,"holdTime":0.0,"speed":1.0,"floorPosition":3.3000002},{"type":1,"time":384,"positionX":3.45912,"holdTime":0.0,"speed":1.0,"floorPosition":4.9500003},{"type":1,"time":512,"positionX":1.033243,"holdTime":0.0,"speed":1.0,"floorPosition":6.6000004},{"type":1,"time":576,"positionX":-3.279425,"holdTime":0.0,"speed":1.0,"floorPosition":7.425},{"type":1,"time":640,"positionX":4.0,"holdTime":0.0,"speed":1.0,"floorPosition":8.25},{"type":1,"time":768,"positionX":-2.830189,"holdTime":0.0,"speed":1.0,"floorPosition":9.900001},{"type":1,"time":896,"positionX":5.0,"holdTime":0.0,"speed":1.0,"floorPosition":11.55},{"type":1,"time":1024,"positionX":-2.45283,"holdTime":0.0,"speed":1.0,"floorPosition":13.200001},{"type":1,"time":1152,"positionX":-4.285714,"holdTime":0.0,"speed":1.0,"floorPosition":14.85},{"type":4,"time":1216,"positionX":2.219228,"holdTime":0.0,"speed":1.0,"floorPosition":15.675},{"type":1,"time":1280,"positionX":-5.238095,"holdTime":0.0,"speed":1.0,"floorPosition":16.5},{"type":4,"time":1344,"positionX":4.357592,"holdTime":0.0,"speed":1.0,"floorPosition":17.325},{"type":1,"time":1408,"positionX":-3.0,"holdTime":0.0,"speed":1.0,"floorPosition":18.15},{"type":4,"time":1472,"positionX":3.656783,"holdTime":0.0,"speed":1.0,"floorPosition":18.975},{"type":1,"time":1536,"positionX":1.0,"holdTime":0.0,"speed":1.0,"floorPosition":19.800001},{"type":4,"time":1600,"positionX":-3.369272,"holdTime":0.0,"speed":1.0,"floorPosition":20.625},{"type":1,"time":1664,"positionX":-2.0,"holdTime":0.0,"speed":1.0,"floorPosition":21.45},{"type":4,"time":1728,"positionX":2.0,"holdTime":0.0,"speed":1.0,"floorPosition":22.275},{"type":1,"time":1792,"positionX":5.0,"holdTime":0.0,"speed":1.0,"floorPosition":23.1},{"type":4,"time":1856,"positionX":0.0,"holdTime":0.0,"speed":1.0,"floorPosition":23.925001},{"type":3,"time":1920,"positionX":-3.45912,"holdTime":96.0,"speed":1.1,"floorPosition":24.75},{"type":3,"time":2048,"positionX":4.08805,"holdTime":96.0,"speed":1.1,"floorPosition":26.400002},{"type":2,"time":2048,"positionX":-3.333333,"holdTime":0.0,"speed":1.0,"floorPosition":26.400002},{"type":2,"time":2080,"positionX":-3.315363,"holdTime":0.0,"speed":1.0,"floorPosition":26.8125},{"type":2,"time":2112,"positionX":-3.279425,"holdTime":0.0,"speed":1.0,"floorPosition":27.225},{"type":2,"time":2144,"positionX":-3.126942,"holdTime":0.0,"speed":1.0,"floorPosition":27.6375},{"type":3,"time":2176,"positionX":-1.518419,"holdTime":96.0,"speed":1.1,"floorPosition":28.050001},{"type":3,"time":2304,"positionX":4.213836,"holdTime":96.0,"speed":1.1,"floorPosition":29.7},{"type":3,"time":2432,"positionX":-4.141958,"holdTime":96.0,"speed":1.1,"floorPosition":31.35},{"type":3,"time":2560,"positionX":5.166217,"holdTime":64.0,"speed":1.1,"floorPosition":33.0},{"type":1,"time":3200,"positionX":-2.11141,"holdTime":0.0,"speed":1.0,"floorPosition":41.25},{"type":1,"time":3296,"positionX":1.78796,"holdTime":0.0,"speed":1.0,"floorPosition":42.4875},{"type":1,"time":3328,"positionX":-4.016172,"holdTime":0.0,"speed":1.0,"floorPosition":42.9},{"type":1,"time":3424,"positionX":2.398922,"holdTime":0.0,"speed":1.0,"floorPosition":44.1375},{"type":1,"time":3456,"positionX":-2.884097,"holdTime":0.0,"speed":1.0,"floorPosition":44.55},{"type":1,"time":3552,"positionX":-2.884097,"holdTime":0.0,"speed":1.0,"floorPosition":45.787502},{"type":1,"time":3584,"positionX":1.823898,"holdTime":0.0,"speed":1.0,"floorPosition":46.2},{"type":1,"time":3648,"positionX":-3.117701,"holdTime":0.0,"speed":1.0,"floorPosition":47.025},{"type":1,"time":3712,"positionX":-2.758311,"holdTime":0.0,"speed":1.0,"floorPosition":47.850002},{"type":1,"time":3808,"positionX":3.297395,"holdTime":0.0,"speed":1.0,"floorPosition":49.0875},{"type":1,"time":3840,"positionX":-3.09973,"holdTime":0.0,"speed":1.0,"floorPosition":49.5},{"type":1,"time":3936,"positionX":-2.524709,"holdTime":0.0,"speed":1.0,"floorPosition":50.7375},{"type":1,"time":3968,"positionX":-4.177897,"holdTime":0.0,"speed":1.0,"floorPosition":51.15},{"type":1,"time":4064,"positionX":1.356693,"holdTime":0.0,"speed":1.0,"floorPosition":52.3875},{"type":1,"time":4096,"positionX":-2.991914,"holdTime":0.0,"speed":1.0,"floorPosition":52.800003},{"type":1,"time":4160,"positionX":-0.04492378,"holdTime":0.0,"speed":1.0,"floorPosition":53.625},{"type":3,"time":4224,"positionX":-3.566936,"holdTime":64.0,"speed":1.1,"floorPosition":54.45},{"type":3,"time":4352,"positionX":1.859838,"holdTime":64.0,"speed":1.1,"floorPosition":56.100002},{"type":3,"time":4480,"positionX":-0.853549,"holdTime":64.0,"speed":1.1,"floorPosition":57.75},{"type":3,"time":4608,"positionX":-1.680144,"holdTime":64.0,"speed":1.1,"floorPosition":59.4},{"type":3,"time":4736,"positionX":3.854447,"holdTime":64.0,"speed":1.1,"floorPosition":61.050003},{"type":3,"time":4864,"positionX":-2.614555,"holdTime":64.0,"speed":1.1,"floorPosition":62.7},{"type":1,"time":4992,"positionX":0.4761896,"holdTime":0.0,"speed":1.0,"floorPosition":64.35},{"type":1,"time":5088,"positionX":-2.093441,"holdTime":0.0,"speed":1.0,"floorPosition":65.5875},{"type":1,"time":5120,"positionX":3.009883,"holdTime":0.0,"speed":1.0,"floorPosition":66.0},{"type":1,"time":5184,"positionX":-3.872417,"holdTime":0.0,"speed":1.0,"floorPosition":66.825005},{"type":3,"time":5248,"positionX":2.273136,"holdTime":64.0,"speed":1.1,"floorPosition":67.65},{"type":3,"time":5376,"positionX":-3.009883,"holdTime":64.0,"speed":1.1,"floorPosition":69.3},{"type":3,"time":5504,"positionX":2.704403,"holdTime":64.0,"speed":1.1,"floorPosition":70.950005},{"type":3,"time":5632,"positionX":-2.955975,"holdTime":64.0,"speed":1.1,"floorPosition":72.6},{"type":3,"time":5760,"positionX":2.219228,"holdTime":64.0,"speed":1.1,"floorPosition":74.25},{"type":3,"time":5888,"positionX":-3.78257,"holdTime":64.0,"speed":1.3,"floorPosition":75.975006},{"type":3,"time":6016,"positionX":3.0,"holdTime":256.0,"speed":1.3,"floorPosition":77.925},{"type":3,"time":6144,"positionX":-4.249775,"holdTime":128.0,"speed":1.3,"floorPosition":79.875},{"type":2,"time":6272,"positionX":3.0,"holdTime":0.0,"speed":1.0,"floorPosition":81.825005},{"type":2,"time":6288,"positionX":3.0,"holdTime":0.0,"speed":1.0,"floorPosition":82.068756},{"type":2,"time":6400,"positionX":-0.548068,"holdTime":0.0,"speed":1.0,"floorPosition":83.775},{"type":2,"time":6416,"positionX":-0.6019773,"holdTime":0.0,"speed":1.0,"floorPosition":84.01875},{"type":2,"time":6528,"positionX":0.7457333,"holdTime":0.0,"speed":1.0,"floorPosition":85.725006},{"type":2,"time":6544,"positionX":0.691824,"holdTime":0.0,"speed":1.0,"floorPosition":85.96875},{"type":2,"time":6656,"positionX":0.4043121,"holdTime":0.0,"speed":1.0,"floorPosition":87.675},{"type":2,"time":6672,"positionX":0.386343,"holdTime":0.0,"speed":1.0,"floorPosition":87.918755},{"type":2,"time":6784,"positionX":-4.591195,"holdTime":0.0,"speed":1.0,"floorPosition":89.625},{"type":2,"time":6800,"positionX":-4.483378,"holdTime":0.0,"speed":1.0,"floorPosition":89.86875},{"type":2,"time":6912,"positionX":5.238095,"holdTime":0.0,"speed":1.0,"floorPosition":91.575005},{"type":2,"time":6928,"positionX":5.345912,"holdTime":0.0,"speed":1.0,"floorPosition":91.818756},{"type":2,"time":7040,"positionX":-1.500449,"holdTime":0.0,"speed":1.0,"floorPosition":93.525},{"type":2,"time":7056,"positionX":-1.28841,"holdTime":0.0,"speed":1.0,"floorPosition":93.76875},{"type":2,"time":7168,"positionX":2.201257,"holdTime":0.0,"speed":1.0,"floorPosition":95.475006},{"type":2,"time":7184,"positionX":2.183289,"holdTime":0.0,"speed":1.0,"floorPosition":95.71875},{"type":1,"time":7296,"positionX":0.5660381,"holdTime":0.0,"speed":1.0,"floorPosition":97.425},{"type":1,"time":7360,"positionX":-4.0,"holdTime":0.0,"speed":1.0,"floorPosition":98.4},{"type":1,"time":7360,"positionX":3.548968,"holdTime":0.0,"speed":1.0,"floorPosition":98.4},{"type":1,"time":7424,"positionX":0.6199465,"holdTime":0.0,"speed":1.0,"floorPosition":99.375},{"type":1,"time":7488,"positionX":-3.08176,"holdTime":0.0,"speed":1.0,"floorPosition":100.35},{"type":1,"time":7488,"positionX":3.7646,"holdTime":0.0,"speed":1.0,"floorPosition":100.35},{"type":1,"time":7552,"positionX":0.4761896,"holdTime":0.0,"speed":1.0,"floorPosition":101.325005},{"type":1,"time":7616,"positionX":3.872417,"holdTime":0.0,"speed":1.0,"floorPosition":102.3},{"type":1,"time":7616,"positionX":-3.333333,"holdTime":0.0,"speed":1.0,"floorPosition":102.3},{"type":1,"time":7680,"positionX":1.141061,"holdTime":0.0,"speed":1.0,"floorPosition":103.275},{"type":1,"time":7744,"positionX":-3.728662,"holdTime":0.0,"speed":1.0,"floorPosition":104.25},{"type":1,"time":7744,"positionX":3.207548,"holdTime":0.0,"speed":1.0,"floorPosition":104.25},{"type":1,"time":7808,"positionX":0.5300989,"holdTime":0.0,"speed":1.0,"floorPosition":105.225},{"type":1,"time":7872,"positionX":-0.7816715,"holdTime":0.0,"speed":1.0,"floorPosition":106.200005},{"type":1,"time":7872,"positionX":5.507637,"holdTime":0.0,"speed":1.0,"floorPosition":106.200005},{"type":1,"time":7936,"positionX":2.291105,"holdTime":0.0,"speed":1.0,"floorPosition":107.175},{"type":1,"time":8000,"positionX":-1.841868,"holdTime":0.0,"speed":1.0,"floorPosition":108.15},{"type":1,"time":8000,"positionX":5.399821,"holdTime":0.0,"speed":1.0,"floorPosition":108.15},{"type":1,"time":8064,"positionX":2.111411,"holdTime":0.0,"speed":1.0,"floorPosition":109.125},{"type":1,"time":8128,"positionX":5.309973,"holdTime":0.0,"speed":1.0,"floorPosition":110.1},{"type":1,"time":8192,"positionX":1.823898,"holdTime":0.0,"speed":1.0,"floorPosition":111.075005},{"type":1,"time":8256,"positionX":-3.962265,"holdTime":0.0,"speed":1.0,"floorPosition":112.05},{"type":1,"time":8288,"positionX":4.0,"holdTime":0.0,"speed":1.0,"floorPosition":112.5375},{"type":1,"time":8320,"positionX":-4.4115,"holdTime":0.0,"speed":1.0,"floorPosition":113.025},{"type":1,"time":8512,"positionX":-1.913747,"holdTime":0.0,"speed":1.0,"floorPosition":115.950005},{"type":1,"time":8544,"positionX":2.686433,"holdTime":0.0,"speed":1.0,"floorPosition":116.4375},{"type":1,"time":8576,"positionX":-5.525606,"holdTime":0.0,"speed":1.0,"floorPosition":116.925},{"type":1,"time":8640,"positionX":3.998203,"holdTime":0.0,"speed":1.0,"floorPosition":117.9},{"type":1,"time":8704,"positionX":-5.453729,"holdTime":0.0,"speed":1.0,"floorPosition":118.875},{"type":1,"time":8768,"positionX":2.416891,"holdTime":0.0,"speed":1.0,"floorPosition":119.85},{"type":1,"time":8832,"positionX":-5.561545,"holdTime":0.0,"speed":1.0,"floorPosition":120.825005},{"type":1,"time":8896,"positionX":3.7646,"holdTime":0.0,"speed":1.0,"floorPosition":121.8},{"type":1,"time":8960,"positionX":-5.489668,"holdTime":0.0,"speed":1.0,"floorPosition":122.775},{"type":1,"time":9024,"positionX":3.908355,"holdTime":0.0,"speed":1.0,"floorPosition":123.75},{"type":1,"time":9088,"positionX":-4.914645,"holdTime":0.0,"speed":1.0,"floorPosition":124.725},{"type":1,"time":9152,"positionX":0.7277622,"holdTime":0.0,"speed":1.0,"floorPosition":125.700005},{"type":1,"time":9216,"positionX":4.285715,"holdTime":0.0,"speed":1.0,"floorPosition":126.675},{"type":1,"time":9280,"positionX":-5.39982,"holdTime":0.0,"speed":1.0,"floorPosition":127.65},{"type":1,"time":9344,"positionX":-4.663073,"holdTime":0.0,"speed":1.0,"floorPosition":128.625},{"type":1,"time":9408,"positionX":3.189578,"holdTime":0.0,"speed":1.0,"floorPosition":129.6},{"type":1,"time":9472,"positionX":-5.040431,"holdTime":0.0,"speed":1.0,"floorPosition":130.575},{"type":1,"time":9536,"positionX":2.43486,"holdTime":0.0,"speed":1.0,"floorPosition":131.55},{"type":1,"time":9600,"positionX":-3.117701,"holdTime":0.0,"speed":1.0,"floorPosition":132.525},{"type":1,"time":9664,"positionX":2.093441,"holdTime":0.0,"speed":1.0,"floorPosition":133.5},{"type":1,"time":9728,"positionX":-3.351303,"holdTime":0.0,"speed":1.0,"floorPosition":134.475},{"type":1,"time":9792,"positionX":4.914645,"holdTime":0.0,"speed":1.0,"floorPosition":135.45},{"type":1,"time":9856,"positionX":-1.392632,"holdTime":0.0,"speed":1.0,"floorPosition":136.425},{"type":2,"time":9920,"positionX":0.04492378,"holdTime":0.0,"speed":1.0,"floorPosition":137.4},{"type":2,"time":9944,"positionX":-0.8355789,"holdTime":0.0,"speed":1.0,"floorPosition":137.76562},{"type":2,"time":9968,"positionX":-1.967655,"holdTime":0.0,"speed":1.0,"floorPosition":138.13126},{"type":2,"time":9984,"positionX":-1.482479,"holdTime":0.0,"speed":1.0,"floorPosition":138.375},{"type":2,"time":10008,"positionX":-0.6199465,"holdTime":0.0,"speed":1.0,"floorPosition":138.74063},{"type":2,"time":10032,"positionX":0.02695465,"holdTime":0.0,"speed":1.0,"floorPosition":139.10625},{"type":2,"time":10048,"positionX":1.159029,"holdTime":0.0,"speed":1.0,"floorPosition":139.35},{"type":2,"time":10072,"positionX":2.183289,"holdTime":0.0,"speed":1.0,"floorPosition":139.71562},{"type":2,"time":10096,"positionX":3.45912,"holdTime":0.0,"speed":1.0,"floorPosition":140.08125},{"type":2,"time":10112,"positionX":2.740341,"holdTime":0.0,"speed":1.0,"floorPosition":140.325},{"type":1,"time":10176,"positionX":-1.554358,"holdTime":0.0,"speed":1.0,"floorPosition":141.3},{"type":3,"time":10240,"positionX":2.362983,"holdTime":64.0,"speed":1.3,"floorPosition":142.275},{"type":3,"time":10368,"positionX":0.008984566,"holdTime":128.0,"speed":1.3,"floorPosition":144.225},{"type":2,"time":10496,"positionX":0.008984566,"holdTime":0.0,"speed":1.0,"floorPosition":146.175},{"type":1,"time":10752,"positionX":-2.398922,"holdTime":0.0,"speed":1.0,"floorPosition":150.075},{"type":1,"time":10880,"positionX":-3.207547,"holdTime":0.0,"speed":1.0,"floorPosition":152.025},{"type":1,"time":11008,"positionX":0.5840073,"holdTime":0.0,"speed":1.0,"floorPosition":153.975},{"type":1,"time":11136,"positionX":-1.464511,"holdTime":0.0,"speed":1.0,"floorPosition":155.925},{"type":1,"time":11264,"positionX":1.644205,"holdTime":0.0,"speed":1.0,"floorPosition":157.875},{"type":1,"time":11392,"positionX":-2.380953,"holdTime":0.0,"speed":1.0,"floorPosition":159.825},{"type":1,"time":11520,"positionX":-2.668464,"holdTime":0.0,"speed":1.0,"floorPosition":161.775},{"type":1,"time":11648,"positionX":0.8355799,"holdTime":0.0,"speed":1.0,"floorPosition":163.725},{"type":1,"time":11776,"positionX":1.949684,"holdTime":0.0,"speed":1.0,"floorPosition":165.675},{"type":1,"time":11904,"positionX":1.105122,"holdTime":0.0,"speed":1.0,"floorPosition":167.625},{"type":1,"time":12032,"positionX":-2.506739,"holdTime":0.0,"speed":1.0,"floorPosition":169.575},{"type":1,"time":12160,"positionX":2.596586,"holdTime":0.0,"speed":1.0,"floorPosition":171.525},{"type":1,"time":12288,"positionX":3.1177,"holdTime":0.0,"speed":1.0,"floorPosition":173.475},{"type":2,"time":12416,"positionX":3.0,"holdTime":0.0,"speed":1.0,"floorPosition":175.425},{"type":2,"time":12480,"positionX":-0.9613657,"holdTime":0.0,"speed":1.0,"floorPosition":176.4},{"type":2,"time":12544,"positionX":-3.602876,"holdTime":0.0,"speed":1.0,"floorPosition":177.375},{"type":2,"time":12608,"positionX":-0.1527405,"holdTime":0.0,"speed":1.0,"floorPosition":178.35},{"type":1,"time":8128,"positionX":-4.0,"holdTime":0.0,"speed":1.0,"floorPosition":110.1}],"notesBelow":[{"type":3,"time":2688,"positionX":-1.967655,"holdTime":96.0,"speed":1.1,"floorPosition":34.65},{"type":3,"time":2816,"positionX":3.189579,"holdTime":96.0,"speed":1.1,"floorPosition":36.3},{"type":3,"time":2944,"positionX":-4.034142,"holdTime":96.0,"speed":1.1,"floorPosition":37.95},{"type":3,"time":3072,"positionX":-0.02695465,"holdTime":64.0,"speed":1.1,"floorPosition":39.600002}],"speedEvents":[{"startTime":0.0,"endTime":0.0,"value":1.0},{"startTime":0.0,"endTime":5856.0,"value":1.1},{"startTime":5856.0,"endTime":10624.0,"value":1.3},{"startTime":10624.0,"endTime":1000000000.0,"value":1.3}],"judgeLineMoveEvents":[{"startTime":-999999.0,"endTime":1216.0,"start":0.5,"end":0.5,"start2":0.5,"end2":0.5},{"startTime":1216.0,"endTime":1232.0,"start":0.5,"end":0.5,"start2":0.5,"end2":0.44807693},{"startTime":1232.0,"endTime":1344.0,"start":0.5,"end":0.5,"start2":0.44807693,"end2":0.44807693},{"startTime":1344.0,"endTime":1360.0,"start":0.5,"end":0.5,"start2":0.44807693,"end2":0.4},{"startTime":1360.0,"endTime":1472.0,"start":0.5,"end":0.5,"start2":0.4,"end2":0.4},{"startTime":1472.0,"endTime":1488.0,"start":0.5,"end":0.5,"start2":0.4,"end2":0.3480769},{"startTime":1488.0,"endTime":1600.0,"start":0.5,"end":0.5,"start2":0.3480769,"end2":0.3480769},{"startTime":1600.0,"endTime":1616.0,"start":0.5,"end":0.5,"start2":0.3480769,"end2":0.3},{"startTime":1616.0,"endTime":1728.0,"start":0.5,"end":0.5,"start2":0.3,"end2":0.3},{"startTime":1728.0,"endTime":1744.0,"start":0.5,"end":0.5,"start2":0.3,"end2":0.25},{"startTime":1744.0,"endTime":1856.0,"start":0.5,"end":0.5,"start2":0.25,"end2":0.25},{"startTime":1856.0,"endTime":1872.0,"start":0.5,"end":0.5,"start2":0.25,"end2":0.2},{"startTime":1872.0,"endTime":2560.0,"start":0.5,"end":0.5,"start2":0.2,"end2":0.2},{"startTime":2560.0,"endTime":2624.0,"start":0.5,"end":0.5,"start2":0.2,"end2":0.5},{"startTime":2624.0,"endTime":3072.0,"start":0.5,"end":0.5,"start2":0.5,"end2":0.5},{"startTime":3072.0,"endTime":3136.0,"start":0.5,"end":0.5,"start2":0.5,"end2":0.1},{"startTime":3136.0,"endTime":3584.0,"start":0.5,"end":0.5,"start2":0.1,"end2":0.1},{"startTime":3584.0,"endTime":3712.0,"start":0.5,"end":0.69772726,"start2":0.1,"end2":0.3},{"startTime":3712.0,"endTime":4096.0,"start":0.69772726,"end":0.69772726,"start2":0.3,"end2":0.3},{"startTime":4096.0,"endTime":4224.0,"start":0.69772726,"end":0.55,"start2":0.3,"end2":0.4},{"startTime":4224.0,"endTime":6272.0,"start":0.55,"end":0.5,"start2":0.4,"end2":0.3},{"startTime":6272.0,"endTime":6288.0,"start":0.5,"end":0.5,"start2":0.3,"end2":0.26923078},{"startTime":6288.0,"endTime":6304.0,"start":0.5,"end":0.5,"start2":0.26923078,"end2":0.3},{"startTime":6304.0,"endTime":6400.0,"start":0.5,"end":0.5,"start2":0.3,"end2":0.3},{"startTime":6400.0,"endTime":6416.0,"start":0.5,"end":0.5,"start2":0.3,"end2":0.26923078},{"startTime":6416.0,"endTime":6432.0,"start":0.5,"end":0.5,"start2":0.26923078,"end2":0.3},{"startTime":6432.0,"endTime":6528.0,"start":0.5,"end":0.5,"start2":0.3,"end2":0.3},{"startTime":6528.0,"endTime":6544.0,"start":0.5,"end":0.5,"start2":0.3,"end2":0.26923078},{"startTime":6544.0,"endTime":6560.0,"start":0.5,"end":0.5,"start2":0.26923078,"end2":0.3},{"startTime":6560.0,"endTime":6656.0,"start":0.5,"end":0.5,"start2":0.3,"end2":0.3},{"startTime":6656.0,"endTime":6672.0,"start":0.5,"end":0.5,"start2":0.3,"end2":0.26923078},{"startTime":6672.0,"endTime":6688.0,"start":0.5,"end":0.5,"start2":0.26923078,"end2":0.3},{"startTime":6688.0,"endTime":6784.0,"start":0.5,"end":0.5,"start2":0.3,"end2":0.3},{"startTime":6784.0,"endTime":6800.0,"start":0.5,"end":0.5,"start2":0.3,"end2":0.26923078},{"startTime":6800.0,"endTime":6816.0,"start":0.5,"end":0.5,"start2":0.26923078,"end2":0.3},{"startTime":6816.0,"endTime":6912.0,"start":0.5,"end":0.5,"start2":0.3,"end2":0.3},{"startTime":6912.0,"endTime":6928.0,"start":0.5,"end":0.5,"start2":0.3,"end2":0.26923078},{"startTime":6928.0,"endTime":6944.0,"start":0.5,"end":0.5,"start2":0.26923078,"end2":0.3},{"startTime":6944.0,"endTime":7040.0,"start":0.5,"end":0.5,"start2":0.3,"end2":0.3},{"startTime":7040.0,"endTime":7056.0,"start":0.5,"end":0.5,"start2":0.3,"end2":0.26923078},{"startTime":7056.0,"endTime":7072.0,"start":0.5,"end":0.5,"start2":0.26923078,"end2":0.3},{"startTime":7072.0,"endTime":7168.0,"start":0.5,"end":0.5,"start2":0.3,"end2":0.3},{"startTime":7168.0,"endTime":7184.0,"start":0.5,"end":0.5,"start2":0.3,"end2":0.26923078},{"startTime":7184.0,"endTime":7200.0,"start":0.5,"end":0.5,"start2":0.26923078,"end2":0.3},{"startTime":7200.0,"endTime":7296.0,"start":0.5,"end":0.5,"start2":0.3,"end2":0.3},{"startTime":7296.0,"endTime":7808.0,"start":0.5,"end":0.4,"start2":0.3,"end2":0.2},{"startTime":7808.0,"endTime":8320.0,"start":0.4,"end":0.5,"start2":0.2,"end2":0.1},{"startTime":8320.0,"endTime":8448.0,"start":0.5,"end":0.5,"start2":0.1,"end2":0.2},{"startTime":8448.0,"endTime":9600.0,"start":0.5,"end":0.5,"start2":0.2,"end2":0.2},{"startTime":9600.0,"endTime":9856.0,"start":0.5,"end":0.3,"start2":0.2,"end2":0.2},{"startTime":9856.0,"endTime":9920.0,"start":0.3,"end":0.3,"start2":0.2,"end2":0.2},{"startTime":9920.0,"endTime":10304.0,"start":0.3,"end":0.6,"start2":0.2,"end2":0.25},{"startTime":10304.0,"endTime":10496.0,"start":0.6,"end":0.5,"start2":0.25,"end2":0.3},{"startTime":10496.0,"endTime":10624.0,"start":0.5,"end":0.5,"start2":0.3,"end2":0.5},{"startTime":10624.0,"endTime":11648.0,"start":0.5,"end":0.5,"start2":0.5,"end2":0.5},{"startTime":11648.0,"endTime":11712.0,"start":0.5,"end":0.5,"start2":0.5,"end2":0.55},{"startTime":11712.0,"endTime":11776.0,"start":0.5,"end":0.5,"start2":0.55,"end2":0.55},{"startTime":11776.0,"endTime":11840.0,"start":0.5,"end":0.5,"start2":0.55,"end2":0.6},{"startTime":11840.0,"endTime":11904.0,"start":0.5,"end":0.5,"start2":0.6,"end2":0.6},{"startTime":11904.0,"endTime":11968.0,"start":0.5,"end":0.5,"start2":0.6,"end2":0.64807695},{"startTime":11968.0,"endTime":12032.0,"start":0.5,"end":0.5,"start2":0.64807695,"end2":0.64807695},{"startTime":12032.0,"endTime":12096.0,"start":0.5,"end":0.5,"start2":0.64807695,"end2":0.6980769},{"startTime":12096.0,"endTime":12160.0,"start":0.5,"end":0.5,"start2":0.6980769,"end2":0.6980769},{"startTime":12160.0,"endTime":12224.0,"start":0.5,"end":0.5,"start2":0.6980769,"end2":0.75},{"startTime":12224.0,"endTime":12288.0,"start":0.5,"end":0.5,"start2":0.75,"end2":0.75},{"startTime":12288.0,"endTime":12352.0,"start":0.5,"end":0.5,"start2":0.75,"end2":0.8},{"startTime":12352.0,"endTime":12416.0,"start":0.5,"end":0.5,"start2":0.8,"end2":0.8},{"startTime":12416.0,"endTime":12832.0,"start":0.5,"end":0.5,"start2":0.8,"end2":1.0480769},{"startTime":12832.0,"endTime":1000000000.0,"start":0.5,"end":0.5,"start2":0.5,"end2":0.5}],"judgeLineRotateEvents":[{"startTime":-999999.0,"endTime":3584.0,"start":0.0,"end":0.0},{"startTime":3584.0,"endTime":3712.0,"start":0.0,"end":25.0},{"startTime":3712.0,"endTime":4096.0,"start":25.0,"end":25.0},{"startTime":4096.0,"endTime":4224.0,"start":25.0,"end":40.0},{"startTime":4224.0,"endTime":4480.0,"start":40.0,"end":0.0},{"startTime":4480.0,"endTime":4736.0,"start":0.0,"end":-30.0},{"startTime":4736.0,"endTime":4992.0,"start":-30.0,"end":-5.0},{"startTime":4992.0,"endTime":5248.0,"start":-5.0,"end":25.0},{"startTime":5248.0,"endTime":5760.0,"start":25.0,"end":-20.0},{"startTime":5760.0,"endTime":6272.0,"start":-20.0,"end":0.0},{"startTime":6272.0,"endTime":7296.0,"start":0.0,"end":0.0},{"startTime":7296.0,"endTime":7808.0,"start":0.0,"end":-16.0},{"startTime":7808.0,"endTime":8320.0,"start":-16.0,"end":10.0},{"startTime":8320.0,"endTime":8448.0,"start":10.0,"end":0.0},{"startTime":8448.0,"endTime":10496.0,"start":0.0,"end":0.0},{"startTime":10496.0,"endTime":10624.0,"start":0.0,"end":180.0},{"startTime":10624.0,"endTime":20624.0,"start":180.0,"end":180.0},{"startTime":20624.0,"endTime":1000000000.0,"start":0.0,"end":0.0}],"judgeLineDisappearEvents":[{"startTime":-999999.0,"endTime":12832.0,"start":1.0,"end":1.0},{"startTime":12832.0,"endTime":22832.0,"start":0.0,"end":0.0},{"startTime":22832.0,"endTime":1000000000.0,"start":1.0,"end":1.0}]}]}