{"formatVersion":3,"offset":0.75,"judgeLineList":[{"bpm":180.0,"notesAbove":[{"type":1,"time":128,"positionX":-6.462297,"holdTime":0.0,"speed":1.0,"floorPosition":1.7333332},{"type":1,"time":128,"positionX":2.078928,"holdTime":0.0,"speed":1.0,"floorPosition":1.7333332},{"type":1,"time":160,"positionX":-4.094433,"holdTime":0.0,"speed":1.0,"floorPosition":2.1666665},{"type":1,"time":192,"positionX":-1.472868,"holdTime":0.0,"speed":1.0,"floorPosition":2.6},{"type":2,"time":224,"positionX":3.619865,"holdTime":0.0,"speed":1.0,"floorPosition":3.0333333},{"type":2,"time":240,"positionX":2.645655,"holdTime":0.0,"speed":1.0,"floorPosition":3.25},{"type":1,"time":256,"positionX":-2.0,"holdTime":0.0,"speed":1.0,"floorPosition":3.4666665},{"type":1,"time":288,"positionX":-2.0,"holdTime":0.0,"speed":1.0,"floorPosition":3.8999999},{"type":2,"time":320,"positionX":-5.893028,"holdTime":0.0,"speed":1.0,"floorPosition":4.333333},{"type":2,"time":336,"positionX":-4.422159,"holdTime":0.0,"speed":1.0,"floorPosition":4.5499997},{"type":2,"time":352,"positionX":-3.199617,"holdTime":0.0,"speed":1.0,"floorPosition":4.7666664},{"type":2,"time":368,"positionX":-2.206304,"holdTime":0.0,"speed":1.0,"floorPosition":4.983333},{"type":1,"time":384,"positionX":4.0,"holdTime":0.0,"speed":1.0,"floorPosition":5.2},{"type":1,"time":416,"positionX":-3.123209,"holdTime":0.0,"speed":1.0,"floorPosition":5.633333},{"type":1,"time":448,"positionX":4.0,"holdTime":0.0,"speed":1.0,"floorPosition":6.0666666},{"type":1,"time":480,"positionX":-0.08596039,"holdTime":0.0,"speed":1.0,"floorPosition":6.5},{"type":1,"time":496,"positionX":-0.1050625,"holdTime":0.0,"speed":1.0,"floorPosition":6.716666},{"type":1,"time":512,"positionX":-5.950335,"holdTime":0.0,"speed":1.0,"floorPosition":6.933333},{"type":1,"time":544,"positionX":-3.658071,"holdTime":0.0,"speed":1.0,"floorPosition":7.3666663},{"type":1,"time":576,"positionX":3.371538,"holdTime":0.0,"speed":1.0,"floorPosition":7.7999997},{"type":1,"time":592,"positionX":3.371538,"holdTime":0.0,"speed":1.0,"floorPosition":8.016666},{"type":1,"time":608,"positionX":0.0,"holdTime":0.0,"speed":1.0,"floorPosition":8.233333},{"type":4,"time":640,"positionX":4.078319,"holdTime":0.0,"speed":1.0,"floorPosition":8.666666},{"type":1,"time":640,"positionX":-4.0,"holdTime":0.0,"speed":1.0,"floorPosition":8.666666},{"type":4,"time":768,"positionX":-3.0,"holdTime":0.0,"speed":1.0,"floorPosition":10.4},{"type":1,"time":768,"positionX":3.0,"holdTime":0.0,"speed":1.0,"floorPosition":10.4},{"type":1,"time":896,"positionX":-6.0,"holdTime":0.0,"speed":1.0,"floorPosition":12.133333},{"type":1,"time":896,"positionX":6.0,"holdTime":0.0,"speed":1.0,"floorPosition":12.133333},{"type":1,"time":960,"positionX":-3.0,"holdTime":0.0,"speed":1.0,"floorPosition":13.0},{"type":1,"time":960,"positionX":3.0,"holdTime":0.0,"speed":1.0,"floorPosition":13.0},{"type":4,"time":1024,"positionX":-4.403057,"holdTime":0.0,"speed":1.0,"floorPosition":13.866666},{"type":4,"time":1056,"positionX":2.0,"holdTime":0.0,"speed":1.0,"floorPosition":14.299999},{"type":4,"time":1088,"positionX":-2.0,"holdTime":0.0,"speed":1.0,"floorPosition":14.733333},{"type":4,"time":1120,"positionX":4.059216,"holdTime":0.0,"speed":1.0,"floorPosition":15.166666},{"type":1,"time":1152,"positionX":6.16046,"holdTime":0.0,"speed":1.0,"floorPosition":15.599999},{"type":1,"time":1152,"positionX":-6.0,"holdTime":0.0,"speed":1.0,"floorPosition":15.599999},{"type":1,"time":1408,"positionX":-4.689589,"holdTime":0.0,"speed":1.0,"floorPosition":19.066666},{"type":1,"time":1408,"positionX":-0.06685829,"holdTime":0.0,"speed":1.0,"floorPosition":19.066666},{"type":1,"time":1472,"positionX":2.397325,"holdTime":0.0,"speed":1.0,"floorPosition":19.933332},{"type":1,"time":1664,"positionX":5.0,"holdTime":0.0,"speed":1.0,"floorPosition":22.533333},{"type":1,"time":1728,"positionX":5.0,"holdTime":0.0,"speed":1.0,"floorPosition":23.4},{"type":1,"time":1792,"positionX":-6.0,"holdTime":0.0,"speed":1.0,"floorPosition":24.266666},{"type":1,"time":1856,"positionX":-6.0,"holdTime":0.0,"speed":1.0,"floorPosition":25.133333},{"type":1,"time":1920,"positionX":-3.0,"holdTime":0.0,"speed":1.0,"floorPosition":26.0},{"type":1,"time":1952,"positionX":-3.0,"holdTime":0.0,"speed":1.0,"floorPosition":26.433332},{"type":1,"time":1984,"positionX":-5.0,"holdTime":0.0,"speed":1.0,"floorPosition":26.866665},{"type":1,"time":2016,"positionX":-5.0,"holdTime":0.0,"speed":1.0,"floorPosition":27.3},{"type":4,"time":2176,"positionX":5.186247,"holdTime":0.0,"speed":1.5,"floorPosition":29.466665},{"type":1,"time":2176,"positionX":-6.427889,"holdTime":0.0,"speed":1.5,"floorPosition":29.466665},{"type":1,"time":2208,"positionX":0.9873056,"holdTime":0.0,"speed":1.5,"floorPosition":29.9},{"type":1,"time":2240,"positionX":-6.459803,"holdTime":0.0,"speed":1.5,"floorPosition":30.333332},{"type":1,"time":2272,"positionX":4.823695,"holdTime":0.0,"speed":1.5,"floorPosition":30.766666},{"type":1,"time":2304,"positionX":-2.0,"holdTime":0.0,"speed":1.5,"floorPosition":31.199999},{"type":1,"time":2336,"positionX":4.640338,"holdTime":0.0,"speed":1.5,"floorPosition":31.525},{"type":1,"time":2368,"positionX":-2.0,"holdTime":0.0,"speed":1.5,"floorPosition":31.849998},{"type":1,"time":2400,"positionX":-4.809591,"holdTime":0.0,"speed":1.5,"floorPosition":32.175},{"type":1,"time":2432,"positionX":3.0,"holdTime":0.0,"speed":1.5,"floorPosition":32.5},{"type":1,"time":2464,"positionX":-4.682652,"holdTime":0.0,"speed":1.5,"floorPosition":32.816666},{"type":1,"time":2496,"positionX":3.0,"holdTime":0.0,"speed":1.5,"floorPosition":33.133335},{"type":1,"time":2528,"positionX":-0.3667145,"holdTime":0.0,"speed":1.5,"floorPosition":33.45},{"type":1,"time":2560,"positionX":5.0,"holdTime":0.0,"speed":1.5,"floorPosition":33.766666},{"type":1,"time":2592,"positionX":-0.3244009,"holdTime":0.0,"speed":1.5,"floorPosition":34.075},{"type":1,"time":2624,"positionX":5.0,"holdTime":0.0,"speed":1.5,"floorPosition":34.38333},{"type":1,"time":2656,"positionX":-0.1692524,"holdTime":0.0,"speed":1.5,"floorPosition":34.691666},{"type":4,"time":2688,"positionX":3.371538,"holdTime":0.0,"speed":1.5,"floorPosition":35.0},{"type":1,"time":2688,"positionX":-4.0,"holdTime":0.0,"speed":1.5,"floorPosition":35.0},{"type":1,"time":2720,"positionX":4.442878,"holdTime":0.0,"speed":1.5,"floorPosition":35.3},{"type":1,"time":2752,"positionX":0.0,"holdTime":0.0,"speed":1.5,"floorPosition":35.6},{"type":1,"time":2784,"positionX":4.273624,"holdTime":0.0,"speed":1.5,"floorPosition":35.9},{"type":1,"time":2816,"positionX":0.07052231,"holdTime":0.0,"speed":1.5,"floorPosition":36.2},{"type":1,"time":2848,"positionX":-4.203103,"holdTime":0.0,"speed":1.5,"floorPosition":36.508335},{"type":1,"time":2880,"positionX":0.1833572,"holdTime":0.0,"speed":1.5,"floorPosition":36.816666},{"type":1,"time":2912,"positionX":-4.146685,"holdTime":0.0,"speed":1.5,"floorPosition":37.125},{"type":1,"time":2944,"positionX":2.524682,"holdTime":0.0,"speed":1.5,"floorPosition":37.433334},{"type":1,"time":2976,"positionX":-2.284908,"holdTime":0.0,"speed":1.5,"floorPosition":37.75},{"type":1,"time":3008,"positionX":2.397743,"holdTime":0.0,"speed":1.5,"floorPosition":38.06667},{"type":1,"time":3040,"positionX":-2.299013,"holdTime":0.0,"speed":1.5,"floorPosition":38.383335},{"type":3,"time":3072,"positionX":4.0,"holdTime":96.0,"speed":1.0,"floorPosition":38.7},{"type":3,"time":3072,"positionX":-4.0,"holdTime":96.0,"speed":1.0,"floorPosition":38.7},{"type":1,"time":4224,"positionX":-7.0,"holdTime":0.0,"speed":1.5,"floorPosition":50.7},{"type":1,"time":4256,"positionX":-1.495064,"holdTime":0.0,"speed":1.5,"floorPosition":51.033333},{"type":1,"time":4288,"positionX":-7.0,"holdTime":0.0,"speed":1.5,"floorPosition":51.36667},{"type":1,"time":4320,"positionX":-1.537376,"holdTime":0.0,"speed":1.5,"floorPosition":51.7},{"type":1,"time":4352,"positionX":-7.0,"holdTime":0.0,"speed":1.5,"floorPosition":52.033333},{"type":1,"time":4384,"positionX":-1.537376,"holdTime":0.0,"speed":1.5,"floorPosition":52.36667},{"type":1,"time":4416,"positionX":-7.0,"holdTime":0.0,"speed":1.5,"floorPosition":52.7},{"type":1,"time":4448,"positionX":-1.537376,"holdTime":0.0,"speed":1.5,"floorPosition":53.033333},{"type":1,"time":4480,"positionX":-7.0,"holdTime":0.0,"speed":1.5,"floorPosition":53.36667},{"type":1,"time":4512,"positionX":-1.537376,"holdTime":0.0,"speed":1.5,"floorPosition":53.7},{"type":1,"time":4544,"positionX":-7.0,"holdTime":0.0,"speed":1.5,"floorPosition":54.033333},{"type":1,"time":4576,"positionX":-1.537376,"holdTime":0.0,"speed":1.5,"floorPosition":54.36667},{"type":1,"time":4608,"positionX":-7.0,"holdTime":0.0,"speed":1.5,"floorPosition":54.7},{"type":1,"time":4640,"positionX":-1.537376,"holdTime":0.0,"speed":1.5,"floorPosition":55.033333},{"type":1,"time":4672,"positionX":-7.0,"holdTime":0.0,"speed":1.5,"floorPosition":55.36667},{"type":4,"time":4704,"positionX":-1.466855,"holdTime":0.0,"speed":1.5,"floorPosition":55.7},{"type":1,"time":4736,"positionX":-7.0,"holdTime":0.0,"speed":1.5,"floorPosition":56.033333},{"type":1,"time":4768,"positionX":-1.537376,"holdTime":0.0,"speed":1.5,"floorPosition":56.36667},{"type":1,"time":4800,"positionX":-7.0,"holdTime":0.0,"speed":1.5,"floorPosition":56.7},{"type":1,"time":4832,"positionX":-1.537376,"holdTime":0.0,"speed":1.5,"floorPosition":57.033333},{"type":1,"time":4864,"positionX":-7.0,"holdTime":0.0,"speed":1.5,"floorPosition":57.36667},{"type":1,"time":4896,"positionX":-1.537376,"holdTime":0.0,"speed":1.5,"floorPosition":57.7},{"type":1,"time":4928,"positionX":-7.0,"holdTime":0.0,"speed":1.5,"floorPosition":58.033333},{"type":1,"time":4960,"positionX":-1.537376,"holdTime":0.0,"speed":1.5,"floorPosition":58.36667},{"type":1,"time":4992,"positionX":-7.0,"holdTime":0.0,"speed":1.5,"floorPosition":58.7},{"type":1,"time":5024,"positionX":-1.537376,"holdTime":0.0,"speed":1.5,"floorPosition":59.033333},{"type":1,"time":5056,"positionX":-7.0,"holdTime":0.0,"speed":1.5,"floorPosition":59.36667},{"type":1,"time":5088,"positionX":-1.537376,"holdTime":0.0,"speed":1.5,"floorPosition":59.7},{"type":1,"time":5120,"positionX":-7.0,"holdTime":0.0,"speed":1.5,"floorPosition":60.033333},{"type":3,"time":6400,"positionX":3.0,"holdTime":192.0,"speed":1.6,"floorPosition":73.96667},{"type":1,"time":6400,"positionX":-5.0,"holdTime":0.0,"speed":1.0,"floorPosition":73.96667},{"type":1,"time":6432,"positionX":-2.397743,"holdTime":0.0,"speed":1.0,"floorPosition":74.5},{"type":1,"time":6464,"positionX":-5.0,"holdTime":0.0,"speed":1.0,"floorPosition":75.03333},{"type":1,"time":6496,"positionX":-2.369534,"holdTime":0.0,"speed":1.0,"floorPosition":75.566666},{"type":1,"time":6528,"positionX":-5.0,"holdTime":0.0,"speed":1.0,"floorPosition":76.1},{"type":1,"time":6560,"positionX":-2.369534,"holdTime":0.0,"speed":1.0,"floorPosition":76.63334},{"type":1,"time":6592,"positionX":-5.0,"holdTime":0.0,"speed":1.0,"floorPosition":77.16667},{"type":1,"time":6624,"positionX":0.2538776,"holdTime":0.0,"speed":1.0,"floorPosition":77.700005},{"type":3,"time":6656,"positionX":-3.0,"holdTime":192.0,"speed":1.6,"floorPosition":78.23334},{"type":1,"time":6656,"positionX":5.0,"holdTime":0.0,"speed":1.0,"floorPosition":78.23334},{"type":1,"time":6688,"positionX":2.538787,"holdTime":0.0,"speed":1.0,"floorPosition":78.76667},{"type":1,"time":6720,"positionX":5.0,"holdTime":0.0,"speed":1.0,"floorPosition":79.3},{"type":1,"time":6752,"positionX":2.538787,"holdTime":0.0,"speed":1.0,"floorPosition":79.833336},{"type":1,"time":6784,"positionX":5.0,"holdTime":0.0,"speed":1.0,"floorPosition":80.36667},{"type":1,"time":6816,"positionX":2.538787,"holdTime":0.0,"speed":1.0,"floorPosition":80.9},{"type":1,"time":6848,"positionX":5.0,"holdTime":0.0,"speed":1.0,"floorPosition":81.433334},{"type":1,"time":6880,"positionX":0.0,"holdTime":0.0,"speed":1.0,"floorPosition":81.96667},{"type":3,"time":6912,"positionX":3.0,"holdTime":192.0,"speed":1.6,"floorPosition":82.5},{"type":1,"time":6912,"positionX":-6.0,"holdTime":0.0,"speed":1.0,"floorPosition":82.5},{"type":1,"time":6944,"positionX":-2.0,"holdTime":0.0,"speed":1.0,"floorPosition":83.03333},{"type":1,"time":6976,"positionX":-6.0,"holdTime":0.0,"speed":1.0,"floorPosition":83.566666},{"type":1,"time":7008,"positionX":-2.0,"holdTime":0.0,"speed":1.0,"floorPosition":84.1},{"type":1,"time":7040,"positionX":-6.0,"holdTime":0.0,"speed":1.0,"floorPosition":84.63334},{"type":1,"time":7072,"positionX":-2.0,"holdTime":0.0,"speed":1.0,"floorPosition":85.16667},{"type":1,"time":7104,"positionX":-6.0,"holdTime":0.0,"speed":1.0,"floorPosition":85.700005},{"type":1,"time":7136,"positionX":0.0,"holdTime":0.0,"speed":1.0,"floorPosition":86.23334},{"type":3,"time":7168,"positionX":-3.0,"holdTime":96.0,"speed":1.6,"floorPosition":86.76667},{"type":1,"time":7168,"positionX":6.0,"holdTime":0.0,"speed":1.0,"floorPosition":86.76667},{"type":1,"time":7200,"positionX":2.0,"holdTime":0.0,"speed":1.0,"floorPosition":87.3},{"type":1,"time":7232,"positionX":6.0,"holdTime":0.0,"speed":1.0,"floorPosition":87.833336},{"type":1,"time":7264,"positionX":2.0,"holdTime":0.0,"speed":1.0,"floorPosition":88.36667},{"type":3,"time":7296,"positionX":0.0,"holdTime":64.0,"speed":1.6,"floorPosition":88.9},{"type":1,"time":7424,"positionX":-7.0,"holdTime":0.0,"speed":1.0,"floorPosition":90.9},{"type":1,"time":7456,"positionX":-2.0,"holdTime":0.0,"speed":1.0,"floorPosition":91.36667},{"type":2,"time":7456,"positionX":-7.0,"holdTime":0.0,"speed":1.0,"floorPosition":91.36667},{"type":1,"time":7488,"positionX":-7.0,"holdTime":0.0,"speed":1.0,"floorPosition":91.833336},{"type":1,"time":7520,"positionX":-2.0,"holdTime":0.0,"speed":1.0,"floorPosition":92.3},{"type":2,"time":7520,"positionX":-7.0,"holdTime":0.0,"speed":1.0,"floorPosition":92.3},{"type":1,"time":7552,"positionX":-4.5,"holdTime":0.0,"speed":1.0,"floorPosition":92.76667},{"type":1,"time":7584,"positionX":0.5,"holdTime":0.0,"speed":1.0,"floorPosition":93.23334},{"type":2,"time":7584,"positionX":-4.5,"holdTime":0.0,"speed":1.0,"floorPosition":93.23334},{"type":1,"time":7616,"positionX":-4.5,"holdTime":0.0,"speed":1.0,"floorPosition":93.7},{"type":1,"time":7648,"positionX":0.5,"holdTime":0.0,"speed":1.0,"floorPosition":94.166664},{"type":2,"time":7648,"positionX":-4.5,"holdTime":0.0,"speed":1.0,"floorPosition":94.166664},{"type":1,"time":7680,"positionX":3.5,"holdTime":0.0,"speed":1.0,"floorPosition":94.63333},{"type":2,"time":7712,"positionX":3.5,"holdTime":0.0,"speed":1.0,"floorPosition":95.1},{"type":1,"time":7712,"positionX":-2.0,"holdTime":0.0,"speed":1.0,"floorPosition":95.1},{"type":1,"time":7744,"positionX":3.5,"holdTime":0.0,"speed":1.0,"floorPosition":95.566666},{"type":1,"time":7776,"positionX":-2.0,"holdTime":0.0,"speed":1.0,"floorPosition":96.03333},{"type":2,"time":7776,"positionX":3.5,"holdTime":0.0,"speed":1.0,"floorPosition":96.03333},{"type":1,"time":7808,"positionX":6.0,"holdTime":0.0,"speed":1.0,"floorPosition":96.5},{"type":1,"time":7840,"positionX":0.5,"holdTime":0.0,"speed":1.0,"floorPosition":96.96667},{"type":2,"time":7840,"positionX":6.0,"holdTime":0.0,"speed":1.0,"floorPosition":96.96667},{"type":1,"time":7872,"positionX":6.0,"holdTime":0.0,"speed":1.0,"floorPosition":97.433334},{"type":1,"time":7904,"positionX":0.5,"holdTime":0.0,"speed":1.0,"floorPosition":97.9},{"type":2,"time":7904,"positionX":6.0,"holdTime":0.0,"speed":1.0,"floorPosition":97.9},{"type":1,"time":8448,"positionX":-6.0,"holdTime":0.0,"speed":1.0,"floorPosition":105.833336},{"type":1,"time":8512,"positionX":-6.0,"holdTime":0.0,"speed":1.0,"floorPosition":106.76667},{"type":1,"time":8576,"positionX":-6.0,"holdTime":0.0,"speed":1.0,"floorPosition":107.7},{"type":1,"time":8640,"positionX":-6.0,"holdTime":0.0,"speed":1.0,"floorPosition":108.63333},{"type":1,"time":8704,"positionX":6.0,"holdTime":0.0,"speed":1.0,"floorPosition":109.566666},{"type":1,"time":8768,"positionX":6.0,"holdTime":0.0,"speed":1.0,"floorPosition":110.5},{"type":1,"time":8832,"positionX":6.0,"holdTime":0.0,"speed":1.0,"floorPosition":111.433334},{"type":1,"time":8896,"positionX":6.0,"holdTime":0.0,"speed":1.0,"floorPosition":112.36667},{"type":1,"time":8992,"positionX":0.0,"holdTime":0.0,"speed":1.0,"floorPosition":113.76667},{"type":1,"time":9056,"positionX":0.0,"holdTime":0.0,"speed":1.0,"floorPosition":114.7},{"type":1,"time":9120,"positionX":0.0,"holdTime":0.0,"speed":1.0,"floorPosition":115.63333},{"type":1,"time":9248,"positionX":0.0,"holdTime":0.0,"speed":1.0,"floorPosition":117.5},{"type":1,"time":9312,"positionX":0.0,"holdTime":0.0,"speed":1.0,"floorPosition":118.433334},{"type":1,"time":9472,"positionX":-6.0,"holdTime":0.0,"speed":1.0,"floorPosition":120.76667},{"type":1,"time":9504,"positionX":-3.0,"holdTime":0.0,"speed":1.0,"floorPosition":121.23333},{"type":1,"time":9536,"positionX":-6.0,"holdTime":0.0,"speed":1.0,"floorPosition":121.7},{"type":1,"time":9568,"positionX":-3.0,"holdTime":0.0,"speed":1.0,"floorPosition":122.166664},{"type":1,"time":9600,"positionX":-6.0,"holdTime":0.0,"speed":1.0,"floorPosition":122.63333},{"type":1,"time":9632,"positionX":-3.0,"holdTime":0.0,"speed":1.0,"floorPosition":123.1},{"type":1,"time":9664,"positionX":-6.0,"holdTime":0.0,"speed":1.0,"floorPosition":123.566666},{"type":1,"time":9696,"positionX":-3.0,"holdTime":0.0,"speed":1.0,"floorPosition":124.03333},{"type":1,"time":9728,"positionX":0.0,"holdTime":0.0,"speed":1.0,"floorPosition":124.5},{"type":1,"time":9760,"positionX":3.0,"holdTime":0.0,"speed":1.0,"floorPosition":124.96667},{"type":1,"time":9792,"positionX":0.0,"holdTime":0.0,"speed":1.0,"floorPosition":125.433334},{"type":1,"time":9824,"positionX":3.0,"holdTime":0.0,"speed":1.0,"floorPosition":125.9},{"type":1,"time":9856,"positionX":-5.0,"holdTime":0.0,"speed":1.0,"floorPosition":126.36667},{"type":1,"time":9888,"positionX":2.0,"holdTime":0.0,"speed":1.0,"floorPosition":126.833336},{"type":1,"time":9920,"positionX":-2.0,"holdTime":0.0,"speed":1.0,"floorPosition":127.3},{"type":1,"time":9952,"positionX":5.0,"holdTime":0.0,"speed":1.0,"floorPosition":127.76667},{"type":1,"time":10560,"positionX":5.0,"holdTime":0.0,"speed":1.0,"floorPosition":136.63333},{"type":1,"time":10560,"positionX":-5.0,"holdTime":0.0,"speed":1.0,"floorPosition":136.63333},{"type":1,"time":10656,"positionX":0.0,"holdTime":0.0,"speed":1.0,"floorPosition":138.03334},{"type":1,"time":10656,"positionX":6.0,"holdTime":0.0,"speed":1.0,"floorPosition":138.03334}],"notesBelow":[{"type":1,"time":1280,"positionX":4.059216,"holdTime":0.0,"speed":1.0,"floorPosition":17.333332},{"type":1,"time":1280,"positionX":-1.079275,"holdTime":0.0,"speed":1.0,"floorPosition":17.333332},{"type":1,"time":1344,"positionX":-3.925503,"holdTime":0.0,"speed":1.0,"floorPosition":18.199999},{"type":1,"time":1536,"positionX":-7.0,"holdTime":0.0,"speed":1.0,"floorPosition":20.8},{"type":1,"time":1536,"positionX":0.02865219,"holdTime":0.0,"speed":1.0,"floorPosition":20.8},{"type":1,"time":1600,"positionX":2.683859,"holdTime":0.0,"speed":1.0,"floorPosition":21.666666},{"type":1,"time":1664,"positionX":-6.0,"holdTime":0.0,"speed":1.0,"floorPosition":22.533333},{"type":1,"time":1728,"positionX":-6.0,"holdTime":0.0,"speed":1.0,"floorPosition":23.4},{"type":1,"time":1792,"positionX":6.0,"holdTime":0.0,"speed":1.0,"floorPosition":24.266666},{"type":1,"time":1856,"positionX":6.0,"holdTime":0.0,"speed":1.0,"floorPosition":25.133333},{"type":1,"time":1920,"positionX":3.0,"holdTime":0.0,"speed":1.0,"floorPosition":26.0},{"type":1,"time":1952,"positionX":3.0,"holdTime":0.0,"speed":1.0,"floorPosition":26.433332},{"type":1,"time":1984,"positionX":5.0,"holdTime":0.0,"speed":1.0,"floorPosition":26.866665},{"type":1,"time":2016,"positionX":5.0,"holdTime":0.0,"speed":1.0,"floorPosition":27.3},{"type":1,"time":3200,"positionX":-6.657116,"holdTime":0.0,"speed":1.5,"floorPosition":40.033333},{"type":4,"time":3200,"positionX":0.0,"holdTime":0.0,"speed":1.5,"floorPosition":40.033333},{"type":1,"time":3264,"positionX":-6.599808,"holdTime":0.0,"speed":1.5,"floorPosition":40.7},{"type":1,"time":3328,"positionX":-2.893982,"holdTime":0.0,"speed":1.5,"floorPosition":41.36667},{"type":1,"time":3392,"positionX":-2.722061,"holdTime":0.0,"speed":1.5,"floorPosition":42.033333},{"type":1,"time":3456,"positionX":0.5444126,"holdTime":0.0,"speed":1.5,"floorPosition":42.7},{"type":1,"time":3520,"positionX":0.6972294,"holdTime":0.0,"speed":1.5,"floorPosition":43.36667},{"type":1,"time":3584,"positionX":4.040115,"holdTime":0.0,"speed":1.5,"floorPosition":44.033333},{"type":1,"time":3648,"positionX":4.001911,"holdTime":0.0,"speed":1.5,"floorPosition":44.7},{"type":4,"time":3712,"positionX":2.0,"holdTime":0.0,"speed":1.5,"floorPosition":45.36667},{"type":1,"time":3712,"positionX":-4.0,"holdTime":0.0,"speed":1.5,"floorPosition":45.36667},{"type":1,"time":3776,"positionX":-5.0,"holdTime":0.0,"speed":1.5,"floorPosition":46.033333},{"type":1,"time":3808,"positionX":1.255289,"holdTime":0.0,"speed":1.5,"floorPosition":46.36667},{"type":1,"time":3840,"positionX":-2.778561,"holdTime":0.0,"speed":1.5,"floorPosition":46.7},{"type":1,"time":3872,"positionX":3.526093,"holdTime":0.0,"speed":1.5,"floorPosition":47.033333},{"type":1,"time":3904,"positionX":-2.792667,"holdTime":0.0,"speed":1.5,"floorPosition":47.36667},{"type":1,"time":3936,"positionX":2.0,"holdTime":0.0,"speed":1.5,"floorPosition":47.7},{"type":1,"time":3968,"positionX":-0.04231262,"holdTime":0.0,"speed":1.5,"floorPosition":48.033333},{"type":1,"time":4000,"positionX":4.724964,"holdTime":0.0,"speed":1.5,"floorPosition":48.36667},{"type":1,"time":4032,"positionX":0.0,"holdTime":0.0,"speed":1.5,"floorPosition":48.7},{"type":1,"time":4064,"positionX":5.0,"holdTime":0.0,"speed":1.5,"floorPosition":49.033333},{"type":1,"time":4096,"positionX":-3.0,"holdTime":0.0,"speed":1.0,"floorPosition":49.36667},{"type":1,"time":4096,"positionX":3.0,"holdTime":0.0,"speed":1.0,"floorPosition":49.36667},{"type":1,"time":5248,"positionX":7.0,"holdTime":0.0,"speed":1.5,"floorPosition":61.36667},{"type":1,"time":5280,"positionX":2.708038,"holdTime":0.0,"speed":1.5,"floorPosition":61.7},{"type":1,"time":5312,"positionX":7.0,"holdTime":0.0,"speed":1.5,"floorPosition":62.033333},{"type":1,"time":5344,"positionX":2.708038,"holdTime":0.0,"speed":1.5,"floorPosition":62.36667},{"type":1,"time":5376,"positionX":7.0,"holdTime":0.0,"speed":1.5,"floorPosition":62.7},{"type":1,"time":5408,"positionX":2.708038,"holdTime":0.0,"speed":1.5,"floorPosition":63.033333},{"type":1,"time":5440,"positionX":7.0,"holdTime":0.0,"speed":1.5,"floorPosition":63.36667},{"type":1,"time":5472,"positionX":2.708038,"holdTime":0.0,"speed":1.5,"floorPosition":63.7},{"type":1,"time":5504,"positionX":7.0,"holdTime":0.0,"speed":1.5,"floorPosition":64.03333},{"type":1,"time":5536,"positionX":2.708038,"holdTime":0.0,"speed":1.5,"floorPosition":64.36667},{"type":1,"time":5568,"positionX":7.0,"holdTime":0.0,"speed":1.5,"floorPosition":64.7},{"type":1,"time":5600,"positionX":2.708038,"holdTime":0.0,"speed":1.5,"floorPosition":65.03333},{"type":1,"time":5632,"positionX":7.0,"holdTime":0.0,"speed":1.5,"floorPosition":65.36667},{"type":1,"time":5664,"positionX":2.708038,"holdTime":0.0,"speed":1.5,"floorPosition":65.7},{"type":1,"time":5696,"positionX":7.0,"holdTime":0.0,"speed":1.5,"floorPosition":66.03333},{"type":4,"time":5728,"positionX":2.722145,"holdTime":0.0,"speed":1.5,"floorPosition":66.36667},{"type":1,"time":5760,"positionX":7.0,"holdTime":0.0,"speed":1.5,"floorPosition":66.7},{"type":1,"time":5792,"positionX":2.736248,"holdTime":0.0,"speed":1.5,"floorPosition":67.03333},{"type":1,"time":5824,"positionX":7.0,"holdTime":0.0,"speed":1.5,"floorPosition":67.36667},{"type":1,"time":5856,"positionX":2.708038,"holdTime":0.0,"speed":1.5,"floorPosition":67.7},{"type":1,"time":5888,"positionX":7.0,"holdTime":0.0,"speed":1.5,"floorPosition":68.03333},{"type":1,"time":5920,"positionX":2.708038,"holdTime":0.0,"speed":1.5,"floorPosition":68.36667},{"type":1,"time":5952,"positionX":7.0,"holdTime":0.0,"speed":1.5,"floorPosition":68.7},{"type":1,"time":5984,"positionX":2.708038,"holdTime":0.0,"speed":1.5,"floorPosition":69.03333},{"type":1,"time":6016,"positionX":7.0,"holdTime":0.0,"speed":1.5,"floorPosition":69.36667},{"type":1,"time":6048,"positionX":2.708038,"holdTime":0.0,"speed":1.5,"floorPosition":69.7},{"type":1,"time":6080,"positionX":7.0,"holdTime":0.0,"speed":1.5,"floorPosition":70.03333},{"type":1,"time":6112,"positionX":2.708038,"holdTime":0.0,"speed":1.5,"floorPosition":70.36667},{"type":1,"time":6144,"positionX":7.0,"holdTime":0.0,"speed":1.5,"floorPosition":70.7},{"type":1,"time":6176,"positionX":2.708038,"holdTime":0.0,"speed":1.5,"floorPosition":71.03333},{"type":1,"time":6208,"positionX":7.0,"holdTime":0.0,"speed":1.5,"floorPosition":71.36667},{"type":4,"time":6296,"positionX":0.0,"holdTime":0.0,"speed":1.5,"floorPosition":72.28333},{"type":1,"time":7936,"positionX":-7.0,"holdTime":0.0,"speed":1.0,"floorPosition":98.36667},{"type":1,"time":7968,"positionX":-2.0,"holdTime":0.0,"speed":1.0,"floorPosition":98.833336},{"type":2,"time":7968,"positionX":-7.0,"holdTime":0.0,"speed":1.0,"floorPosition":98.833336},{"type":1,"time":8000,"positionX":-7.0,"holdTime":0.0,"speed":1.0,"floorPosition":99.3},{"type":2,"time":8032,"positionX":-7.0,"holdTime":0.0,"speed":1.0,"floorPosition":99.76667},{"type":1,"time":8032,"positionX":-2.0,"holdTime":0.0,"speed":1.0,"floorPosition":99.76667},{"type":1,"time":8064,"positionX":-4.5,"holdTime":0.0,"speed":1.0,"floorPosition":100.23334},{"type":2,"time":8096,"positionX":-4.5,"holdTime":0.0,"speed":1.0,"floorPosition":100.7},{"type":1,"time":8096,"positionX":0.5,"holdTime":0.0,"speed":1.0,"floorPosition":100.7},{"type":1,"time":8128,"positionX":-4.5,"holdTime":0.0,"speed":1.0,"floorPosition":101.166664},{"type":2,"time":8160,"positionX":-4.5,"holdTime":0.0,"speed":1.0,"floorPosition":101.63333},{"type":1,"time":8160,"positionX":0.5,"holdTime":0.0,"speed":1.0,"floorPosition":101.63333},{"type":1,"time":8192,"positionX":3.0,"holdTime":0.0,"speed":1.0,"floorPosition":102.1},{"type":2,"time":8224,"positionX":3.0,"holdTime":0.0,"speed":1.0,"floorPosition":102.566666},{"type":1,"time":8224,"positionX":-2.0,"holdTime":0.0,"speed":1.0,"floorPosition":102.566666},{"type":1,"time":8256,"positionX":3.0,"holdTime":0.0,"speed":1.0,"floorPosition":103.03333},{"type":1,"time":8288,"positionX":-2.0,"holdTime":0.0,"speed":1.0,"floorPosition":103.5},{"type":2,"time":8288,"positionX":3.0,"holdTime":0.0,"speed":1.0,"floorPosition":103.5},{"type":1,"time":8320,"positionX":5.759314,"holdTime":0.0,"speed":1.0,"floorPosition":103.96667},{"type":1,"time":8352,"positionX":-5.128941,"holdTime":0.0,"speed":1.0,"floorPosition":104.433334},{"type":1,"time":8480,"positionX":0.0,"holdTime":0.0,"speed":1.0,"floorPosition":106.3},{"type":1,"time":8544,"positionX":0.0,"holdTime":0.0,"speed":1.0,"floorPosition":107.23333},{"type":1,"time":8608,"positionX":0.0,"holdTime":0.0,"speed":1.0,"floorPosition":108.166664},{"type":1,"time":8736,"positionX":0.0,"holdTime":0.0,"speed":1.0,"floorPosition":110.03333},{"type":1,"time":8800,"positionX":0.0,"holdTime":0.0,"speed":1.0,"floorPosition":110.96667},{"type":1,"time":8864,"positionX":0.0,"holdTime":0.0,"speed":1.0,"floorPosition":111.9},{"type":1,"time":8960,"positionX":-6.0,"holdTime":0.0,"speed":1.0,"floorPosition":113.3},{"type":1,"time":9024,"positionX":-6.0,"holdTime":0.0,"speed":1.0,"floorPosition":114.23333},{"type":1,"time":9088,"positionX":-6.0,"holdTime":0.0,"speed":1.0,"floorPosition":115.166664},{"type":1,"time":9152,"positionX":-6.0,"holdTime":0.0,"speed":1.0,"floorPosition":116.1},{"type":1,"time":9216,"positionX":6.0,"holdTime":0.0,"speed":1.0,"floorPosition":117.03333},{"type":1,"time":9280,"positionX":6.0,"holdTime":0.0,"speed":1.0,"floorPosition":117.96667},{"type":3,"time":9344,"positionX":5.0,"holdTime":96.0,"speed":1.4,"floorPosition":118.9},{"type":1,"time":9984,"positionX":-2.79847,"holdTime":0.0,"speed":1.0,"floorPosition":128.23334},{"type":1,"time":10016,"positionX":-6.0,"holdTime":0.0,"speed":1.0,"floorPosition":128.7},{"type":1,"time":10048,"positionX":-2.95129,"holdTime":0.0,"speed":1.0,"floorPosition":129.16667},{"type":1,"time":10080,"positionX":-5.82808,"holdTime":0.0,"speed":1.0,"floorPosition":129.63333},{"type":1,"time":10112,"positionX":1.919769,"holdTime":0.0,"speed":1.0,"floorPosition":130.1},{"type":1,"time":10144,"positionX":-2.855778,"holdTime":0.0,"speed":1.0,"floorPosition":130.56667},{"type":1,"time":10176,"positionX":1.614136,"holdTime":0.0,"speed":1.0,"floorPosition":131.03334},{"type":1,"time":10208,"positionX":-2.855778,"holdTime":0.0,"speed":1.0,"floorPosition":131.5},{"type":1,"time":10240,"positionX":5.0,"holdTime":0.0,"speed":1.0,"floorPosition":131.96666},{"type":1,"time":10272,"positionX":1.537727,"holdTime":0.0,"speed":1.0,"floorPosition":132.43333},{"type":1,"time":10304,"positionX":4.732569,"holdTime":0.0,"speed":1.0,"floorPosition":132.9},{"type":1,"time":10336,"positionX":1.480419,"holdTime":0.0,"speed":1.0,"floorPosition":133.36667},{"type":4,"time":10368,"positionX":0.0,"holdTime":0.0,"speed":1.0,"floorPosition":133.83333},{"type":1,"time":10496,"positionX":4.0,"holdTime":0.0,"speed":1.0,"floorPosition":135.7},{"type":1,"time":10496,"positionX":-4.0,"holdTime":0.0,"speed":1.0,"floorPosition":135.7},{"type":1,"time":10624,"positionX":0.0,"holdTime":0.0,"speed":1.0,"floorPosition":137.56667},{"type":1,"time":10624,"positionX":-6.0,"holdTime":0.0,"speed":1.0,"floorPosition":137.56667},{"type":3,"time":10688,"positionX":3.093727,"holdTime":64.0,"speed":1.4,"floorPosition":138.5},{"type":3,"time":10688,"positionX":-2.93869,"holdTime":64.0,"speed":1.4,"floorPosition":138.5}],"speedEvents":[{"startTime":0.0,"endTime":2304.0,"value":1.3},{"startTime":2304.0,"endTime":2432.0,"value":0.975},{"startTime":2432.0,"endTime":2560.0,"value":0.95},{"startTime":2560.0,"endTime":2688.0,"value":0.925},{"startTime":2688.0,"endTime":2816.0,"value":0.9},{"startTime":2816.0,"endTime":2944.0,"value":0.925},{"startTime":2944.0,"endTime":3072.0,"value":0.95},{"startTime":3072.0,"endTime":6304.0,"value":1.0},{"startTime":6304.0,"endTime":7360.0,"value":1.6},{"startTime":7360.0,"endTime":1000000000.0,"value":1.4}],"judgeLineMoveEvents":[{"startTime":-999999.0,"endTime":640.0,"start":0.5,"end":0.5,"start2":0.5,"end2":0.5},{"startTime":640.0,"endTime":648.0,"start":0.5,"end":0.5,"start2":0.5,"end2":0.52884614},{"startTime":648.0,"endTime":768.0,"start":0.5,"end":0.5,"start2":0.5,"end2":0.5},{"startTime":768.0,"endTime":776.0,"start":0.5,"end":0.5,"start2":0.5,"end2":0.5192308},{"startTime":776.0,"endTime":896.0,"start":0.5,"end":0.5,"start2":0.5,"end2":0.5},{"startTime":896.0,"endTime":904.0,"start":0.5,"end":0.5,"start2":0.5,"end2":0.5192308},{"startTime":904.0,"endTime":960.0,"start":0.5,"end":0.5,"start2":0.5,"end2":0.5},{"startTime":960.0,"endTime":968.0,"start":0.5,"end":0.5,"start2":0.5,"end2":0.5192308},{"startTime":968.0,"endTime":1024.0,"start":0.5,"end":0.5,"start2":0.5,"end2":0.5},{"startTime":1024.0,"endTime":1032.0,"start":0.5,"end":0.5,"start2":0.5,"end2":0.4},{"startTime":1032.0,"endTime":1056.0,"start":0.5,"end":0.5,"start2":0.4,"end2":0.4},{"startTime":1056.0,"endTime":1064.0,"start":0.5,"end":0.5,"start2":0.4,"end2":0.3},{"startTime":1064.0,"endTime":1088.0,"start":0.5,"end":0.5,"start2":0.3,"end2":0.3},{"startTime":1088.0,"endTime":1096.0,"start":0.5,"end":0.5,"start2":0.3,"end2":0.2},{"startTime":1096.0,"endTime":1120.0,"start":0.5,"end":0.5,"start2":0.2,"end2":0.2},{"startTime":1120.0,"endTime":1128.0,"start":0.5,"end":0.5,"start2":0.2,"end2":0.1},{"startTime":1128.0,"endTime":1152.0,"start":0.5,"end":0.5,"start2":0.1,"end2":0.1},{"startTime":1152.0,"endTime":1216.0,"start":0.5,"end":0.5,"start2":0.1,"end2":0.5},{"startTime":1216.0,"endTime":2048.0,"start":0.5,"end":0.5,"start2":0.5,"end2":0.5},{"startTime":2048.0,"endTime":2144.0,"start":0.5,"end":0.5,"start2":0.5,"end2":0.2},{"startTime":2144.0,"endTime":2176.0,"start":0.5,"end":0.5,"start2":0.2,"end2":0.2},{"startTime":2176.0,"endTime":2656.0,"start":0.5,"end":0.5,"start2":0.2,"end2":0.5},{"startTime":2656.0,"endTime":2688.0,"start":0.5,"end":0.5,"start2":0.5,"end2":0.5},{"startTime":2688.0,"endTime":3072.0,"start":0.5,"end":0.5,"start2":0.5,"end2":0.2},{"startTime":3072.0,"endTime":3168.0,"start":0.5,"end":0.5,"start2":0.2,"end2":0.5},{"startTime":3168.0,"endTime":3200.0,"start":0.5,"end":0.5,"start2":0.5,"end2":0.5},{"startTime":3200.0,"endTime":3712.0,"start":0.5,"end":0.5,"start2":0.5,"end2":0.8},{"startTime":3712.0,"endTime":4096.0,"start":0.5,"end":0.5,"start2":0.8,"end2":0.5},{"startTime":4096.0,"endTime":4112.0,"start":0.5,"end":0.5,"start2":0.5,"end2":0.425},{"startTime":4112.0,"endTime":4116.0,"start":0.5,"end":0.6,"start2":0.425,"end2":0.406},{"startTime":4116.0,"endTime":4160.0,"start":0.6,"end":0.6,"start2":0.406,"end2":0.2},{"startTime":4160.0,"endTime":4224.0,"start":0.6,"end":0.6,"start2":0.2,"end2":0.2},{"startTime":4224.0,"endTime":4736.0,"start":0.6,"end":0.8,"start2":0.2,"end2":0.2},{"startTime":4736.0,"endTime":5120.0,"start":0.8,"end":0.6,"start2":0.2,"end2":0.2},{"startTime":5120.0,"endTime":5124.0,"start":0.6,"end":0.5818362,"start2":0.2,"end2":0.25449145},{"startTime":5124.0,"endTime":5128.0,"start":0.5818362,"end":0.56480545,"start2":0.25449145,"end2":0.30558366},{"startTime":5128.0,"endTime":5132.0,"start":0.56480545,"end":0.5488714,"start2":0.30558366,"end2":0.35338587},{"startTime":5132.0,"endTime":5136.0,"start":0.5488714,"end":0.53399754,"start2":0.35338587,"end2":0.3980075},{"startTime":5136.0,"endTime":5140.0,"start":0.53399754,"end":0.5201474,"start2":0.3980075,"end2":0.43955788},{"startTime":5140.0,"endTime":5144.0,"start":0.5201474,"end":0.5072846,"start2":0.43955788,"end2":0.47814634},{"startTime":5144.0,"endTime":5148.0,"start":0.5072846,"end":0.49537256,"start2":0.47814634,"end2":0.51388234},{"startTime":5148.0,"endTime":5152.0,"start":0.49537256,"end":0.484375,"start2":0.51388234,"end2":0.546875},{"startTime":5152.0,"endTime":5156.0,"start":0.484375,"end":0.4742662,"start2":0.546875,"end2":0.5772015},{"startTime":5156.0,"endTime":5160.0,"start":0.4742662,"end":0.46499795,"start2":0.5772015,"end2":0.60500616},{"startTime":5160.0,"endTime":5164.0,"start":0.46499795,"end":0.45653388,"start2":0.60500616,"end2":0.6303984},{"startTime":5164.0,"endTime":5168.0,"start":0.45653388,"end":0.44883752,"start2":0.6303984,"end2":0.6534875},{"startTime":5168.0,"endTime":5172.0,"start":0.44883752,"end":0.4418724,"start2":0.6534875,"end2":0.67438287},{"startTime":5172.0,"endTime":5176.0,"start":0.4418724,"end":0.43560207,"start2":0.67438287,"end2":0.69319385},{"startTime":5176.0,"endTime":5180.0,"start":0.43560207,"end":0.42999008,"start2":0.69319385,"end2":0.71002984},{"startTime":5180.0,"endTime":5184.0,"start":0.42999008,"end":0.425,"start2":0.71002984,"end2":0.725},{"startTime":5184.0,"endTime":5188.0,"start":0.425,"end":0.42060244,"start2":0.725,"end2":0.73819274},{"startTime":5188.0,"endTime":5192.0,"start":0.42060244,"end":0.41675296,"start2":0.73819274,"end2":0.7497412},{"startTime":5192.0,"endTime":5196.0,"start":0.41675296,"end":0.41341513,"start2":0.7497412,"end2":0.75975466},{"startTime":5196.0,"endTime":5200.0,"start":0.41341513,"end":0.4105525,"start2":0.75975466,"end2":0.7683425},{"startTime":5200.0,"endTime":5204.0,"start":0.4105525,"end":0.40812865,"start2":0.7683425,"end2":0.77561414},{"startTime":5204.0,"endTime":5208.0,"start":0.40812865,"end":0.40610704,"start2":0.77561414,"end2":0.78167886},{"startTime":5208.0,"endTime":5212.0,"start":0.40610704,"end":0.40445134,"start2":0.78167886,"end2":0.78664607},{"startTime":5212.0,"endTime":5216.0,"start":0.40445134,"end":0.40312502,"start2":0.78664607,"end2":0.79062504},{"startTime":5216.0,"endTime":5220.0,"start":0.40312502,"end":0.40209493,"start2":0.79062504,"end2":0.79371524},{"startTime":5220.0,"endTime":5224.0,"start":0.40209493,"end":0.40132046,"start2":0.79371524,"end2":0.7960386},{"startTime":5224.0,"endTime":5228.0,"start":0.40132046,"end":0.40076512,"start2":0.7960386,"end2":0.79770464},{"startTime":5228.0,"endTime":5232.0,"start":0.40076512,"end":0.4003925,"start2":0.79770464,"end2":0.79882246},{"startTime":5232.0,"endTime":5236.0,"start":0.4003925,"end":0.40016612,"start2":0.79882246,"end2":0.7995016},{"startTime":5236.0,"endTime":5240.0,"start":0.40016612,"end":0.40004957,"start2":0.7995016,"end2":0.79985136},{"startTime":5240.0,"endTime":5244.0,"start":0.40004957,"end":0.40000632,"start2":0.79985136,"end2":0.799981},{"startTime":5244.0,"endTime":5248.0,"start":0.40000632,"end":0.4,"start2":0.799981,"end2":0.8},{"startTime":5248.0,"endTime":5760.0,"start":0.4,"end":0.2,"start2":0.8,"end2":0.8},{"startTime":5760.0,"endTime":6208.0,"start":0.2,"end":0.4,"start2":0.8,"end2":0.8},{"startTime":6208.0,"endTime":6304.0,"start":0.4,"end":0.4,"start2":0.8,"end2":0.8},{"startTime":6304.0,"endTime":7424.0,"start":0.5,"end":0.5,"start2":0.2,"end2":0.2},{"startTime":7424.0,"endTime":7680.0,"start":0.5,"end":0.5,"start2":0.2,"end2":0.1},{"startTime":7680.0,"endTime":7904.0,"start":0.5,"end":0.5,"start2":0.1,"end2":0.5},{"startTime":7904.0,"endTime":7936.0,"start":0.5,"end":0.5,"start2":0.5,"end2":0.5},{"startTime":7936.0,"endTime":8192.0,"start":0.5,"end":0.5,"start2":0.5,"end2":0.8},{"startTime":8192.0,"endTime":8320.0,"start":0.5,"end":0.5,"start2":0.8,"end2":0.5},{"startTime":8320.0,"endTime":8480.0,"start":0.5,"end":0.5,"start2":0.5,"end2":0.5},{"startTime":8480.0,"endTime":8496.0,"start":0.5,"end":0.55,"start2":0.5,"end2":0.5},{"startTime":8496.0,"endTime":8544.0,"start":0.55,"end":0.55,"start2":0.5,"end2":0.5},{"startTime":8544.0,"endTime":8560.0,"start":0.55,"end":0.5,"start2":0.5,"end2":0.5},{"startTime":8560.0,"endTime":8608.0,"start":0.5,"end":0.5,"start2":0.5,"end2":0.5},{"startTime":8608.0,"endTime":8624.0,"start":0.5,"end":0.55,"start2":0.5,"end2":0.5},{"startTime":8624.0,"endTime":8672.0,"start":0.55,"end":0.55,"start2":0.5,"end2":0.5},{"startTime":8672.0,"endTime":8688.0,"start":0.55,"end":0.5,"start2":0.5,"end2":0.5},{"startTime":8688.0,"endTime":8736.0,"start":0.5,"end":0.5,"start2":0.5,"end2":0.5},{"startTime":8736.0,"endTime":8752.0,"start":0.5,"end":0.44886363,"start2":0.5,"end2":0.5},{"startTime":8752.0,"endTime":8800.0,"start":0.44886363,"end":0.44886363,"start2":0.5,"end2":0.5},{"startTime":8800.0,"endTime":8816.0,"start":0.44886363,"end":0.5,"start2":0.5,"end2":0.5},{"startTime":8816.0,"endTime":8864.0,"start":0.5,"end":0.5,"start2":0.5,"end2":0.5},{"startTime":8864.0,"endTime":8880.0,"start":0.5,"end":0.44886363,"start2":0.5,"end2":0.5},{"startTime":8880.0,"endTime":8928.0,"start":0.44886363,"end":0.44886363,"start2":0.5,"end2":0.5},{"startTime":8928.0,"endTime":8944.0,"start":0.44886363,"end":0.5,"start2":0.5,"end2":0.5},{"startTime":8944.0,"endTime":8992.0,"start":0.5,"end":0.5,"start2":0.5,"end2":0.5},{"startTime":8992.0,"endTime":9008.0,"start":0.5,"end":0.55,"start2":0.5,"end2":0.5},{"startTime":9008.0,"endTime":9056.0,"start":0.55,"end":0.55,"start2":0.5,"end2":0.5},{"startTime":9056.0,"endTime":9072.0,"start":0.55,"end":0.5,"start2":0.5,"end2":0.5},{"startTime":9072.0,"endTime":9120.0,"start":0.5,"end":0.5,"start2":0.5,"end2":0.5},{"startTime":9120.0,"endTime":9136.0,"start":0.5,"end":0.55,"start2":0.5,"end2":0.5},{"startTime":9136.0,"endTime":9184.0,"start":0.55,"end":0.55,"start2":0.5,"end2":0.5},{"startTime":9184.0,"endTime":9200.0,"start":0.55,"end":0.5,"start2":0.5,"end2":0.5},{"startTime":9200.0,"endTime":9248.0,"start":0.5,"end":0.5,"start2":0.5,"end2":0.5},{"startTime":9248.0,"endTime":9264.0,"start":0.5,"end":0.44886363,"start2":0.5,"end2":0.5},{"startTime":9264.0,"endTime":9312.0,"start":0.44886363,"end":0.44886363,"start2":0.5,"end2":0.5},{"startTime":9312.0,"endTime":9328.0,"start":0.44886363,"end":0.5,"start2":0.5,"end2":0.5},{"startTime":9328.0,"endTime":1000000000.0,"start":0.5,"end":0.5,"start2":0.5,"end2":0.5}],"judgeLineRotateEvents":[{"startTime":-999999.0,"endTime":7360.0,"start":0.0,"end":0.0},{"startTime":7360.0,"endTime":7376.0,"start":0.0,"end":5.0},{"startTime":7376.0,"endTime":7392.0,"start":5.0,"end":-5.0},{"startTime":7392.0,"endTime":7408.0,"start":-5.0,"end":5.0},{"startTime":7408.0,"endTime":7424.0,"start":5.0,"end":0.0},{"startTime":7424.0,"endTime":10368.0,"start":0.0,"end":0.0},{"startTime":10368.0,"endTime":10496.0,"start":0.0,"end":180.0},{"startTime":10496.0,"endTime":10912.0,"start":180.0,"end":180.0},{"startTime":10912.0,"endTime":1000000000.0,"start":0.0,"end":0.0}],"judgeLineDisappearEvents":[{"startTime":-999999.0,"endTime":6304.0,"start":1.0,"end":1.0},{"startTime":6304.0,"endTime":6308.0,"start":0.0,"end":0.0},{"startTime":6308.0,"endTime":6312.0,"start":1.0,"end":1.0},{"startTime":6312.0,"endTime":6316.0,"start":0.0,"end":0.0},{"startTime":6316.0,"endTime":6320.0,"start":1.0,"end":1.0},{"startTime":6320.0,"endTime":6324.0,"start":0.0,"end":0.0},{"startTime":6324.0,"endTime":6328.0,"start":1.0,"end":1.0},{"startTime":6328.0,"endTime":6332.0,"start":0.0,"end":0.0},{"startTime":6332.0,"endTime":6336.0,"start":1.0,"end":1.0},{"startTime":6336.0,"endTime":6340.0,"start":0.0,"end":0.0},{"startTime":6340.0,"endTime":6344.0,"start":1.0,"end":1.0},{"startTime":6344.0,"endTime":6348.0,"start":0.0,"end":0.0},{"startTime":6348.0,"endTime":6352.0,"start":1.0,"end":1.0},{"startTime":6352.0,"endTime":6356.0,"start":0.0,"end":0.0},{"startTime":6356.0,"endTime":6360.0,"start":1.0,"end":1.0},{"startTime":6360.0,"endTime":6364.0,"start":0.0,"end":0.0},{"startTime":6364.0,"endTime":6368.0,"start":1.0,"end":1.0},{"startTime":6368.0,"endTime":6372.0,"start":0.0,"end":0.0},{"startTime":6372.0,"endTime":6376.0,"start":1.0,"end":1.0},{"startTime":6376.0,"endTime":6380.0,"start":0.0,"end":0.0},{"startTime":6380.0,"endTime":6384.0,"start":1.0,"end":1.0},{"startTime":6384.0,"endTime":6388.0,"start":0.0,"end":0.0},{"startTime":6388.0,"endTime":1000000000.0,"start":1.0,"end":1.0}]}]}