{"formatVersion":3,"offset":0.0,"judgeLineList":[{"bpm":165.0,"notesAbove":[{"type":1,"time":128,"positionX":-2.12938,"holdTime":0.0,"speed":1.0,"floorPosition":1.8909091},{"type":1,"time":192,"positionX":3.980234,"holdTime":0.0,"speed":1.0,"floorPosition":2.8363636},{"type":1,"time":256,"positionX":-3.423181,"holdTime":0.0,"speed":1.0,"floorPosition":3.7818182},{"type":1,"time":320,"positionX":3.674754,"holdTime":0.0,"speed":1.0,"floorPosition":4.7272725},{"type":4,"time":384,"positionX":-3.746632,"holdTime":0.0,"speed":1.0,"floorPosition":5.672727},{"type":1,"time":448,"positionX":0.1347713,"holdTime":0.0,"speed":1.0,"floorPosition":6.6181817},{"type":1,"time":512,"positionX":3.818508,"holdTime":0.0,"speed":1.0,"floorPosition":7.5636363},{"type":1,"time":576,"positionX":-1.949686,"holdTime":0.0,"speed":1.0,"floorPosition":8.50909},{"type":1,"time":640,"positionX":2.973944,"holdTime":0.0,"speed":1.0,"floorPosition":9.454545},{"type":1,"time":704,"positionX":-1.949686,"holdTime":0.0,"speed":1.0,"floorPosition":10.4},{"type":1,"time":768,"positionX":3.207548,"holdTime":0.0,"speed":1.0,"floorPosition":11.345454},{"type":1,"time":832,"positionX":-3.78257,"holdTime":0.0,"speed":1.0,"floorPosition":12.290909},{"type":4,"time":896,"positionX":3.746631,"holdTime":0.0,"speed":1.0,"floorPosition":13.236363},{"type":1,"time":960,"positionX":-2.398922,"holdTime":0.0,"speed":1.0,"floorPosition":14.181818},{"type":1,"time":1024,"positionX":2.111411,"holdTime":0.0,"speed":1.0,"floorPosition":15.127273},{"type":1,"time":1088,"positionX":-3.13567,"holdTime":0.0,"speed":1.0,"floorPosition":16.072727},{"type":2,"time":1168,"positionX":2.345014,"holdTime":0.0,"speed":1.0,"floorPosition":17.254545},{"type":2,"time":1192,"positionX":2.237197,"holdTime":0.0,"speed":1.0,"floorPosition":17.60909},{"type":2,"time":1216,"positionX":2.255166,"holdTime":0.0,"speed":1.0,"floorPosition":17.963636},{"type":2,"time":1240,"positionX":2.309074,"holdTime":0.0,"speed":1.0,"floorPosition":18.318182},{"type":2,"time":1264,"positionX":2.362983,"holdTime":0.0,"speed":1.0,"floorPosition":18.672726},{"type":2,"time":1296,"positionX":-3.13567,"holdTime":0.0,"speed":1.0,"floorPosition":19.145454},{"type":2,"time":1320,"positionX":-2.237196,"holdTime":0.0,"speed":1.0,"floorPosition":19.5},{"type":2,"time":1344,"positionX":-4.42947,"holdTime":0.0,"speed":1.0,"floorPosition":19.854546},{"type":2,"time":1368,"positionX":-1.626235,"holdTime":0.0,"speed":1.0,"floorPosition":20.20909},{"type":2,"time":1392,"positionX":-3.351303,"holdTime":0.0,"speed":1.0,"floorPosition":20.563635},{"type":2,"time":1424,"positionX":-6.316261,"holdTime":0.0,"speed":1.0,"floorPosition":21.036364},{"type":2,"time":1448,"positionX":-5.220126,"holdTime":0.0,"speed":1.0,"floorPosition":21.39091},{"type":2,"time":1472,"positionX":-4.375562,"holdTime":0.0,"speed":1.0,"floorPosition":21.745453},{"type":2,"time":1496,"positionX":-3.333333,"holdTime":0.0,"speed":1.0,"floorPosition":22.099998},{"type":2,"time":1520,"positionX":-2.380953,"holdTime":0.0,"speed":1.0,"floorPosition":22.454544},{"type":2,"time":1552,"positionX":0.9254274,"holdTime":0.0,"speed":1.0,"floorPosition":22.927273},{"type":2,"time":1576,"positionX":2.596586,"holdTime":0.0,"speed":1.0,"floorPosition":23.281816},{"type":2,"time":1600,"positionX":1.80593,"holdTime":0.0,"speed":1.0,"floorPosition":23.636362},{"type":2,"time":1624,"positionX":0.9074574,"holdTime":0.0,"speed":1.0,"floorPosition":23.990908},{"type":2,"time":1648,"positionX":2.003593,"holdTime":0.0,"speed":1.0,"floorPosition":24.345453},{"type":1,"time":1664,"positionX":-2.740341,"holdTime":0.0,"speed":1.0,"floorPosition":24.581818},{"type":1,"time":1728,"positionX":-2.704402,"holdTime":0.0,"speed":1.0,"floorPosition":25.527271},{"type":1,"time":1792,"positionX":1.338724,"holdTime":0.0,"speed":1.0,"floorPosition":26.472727},{"type":1,"time":1856,"positionX":1.338724,"holdTime":0.0,"speed":1.0,"floorPosition":27.41818},{"type":1,"time":1920,"positionX":-1.985624,"holdTime":0.0,"speed":1.0,"floorPosition":28.363636},{"type":1,"time":1984,"positionX":-1.967655,"holdTime":0.0,"speed":1.0,"floorPosition":29.30909},{"type":4,"time":2048,"positionX":0.02695465,"holdTime":0.0,"speed":1.0,"floorPosition":30.254545},{"type":3,"time":2176,"positionX":1.680144,"holdTime":64.0,"speed":1.3,"floorPosition":32.145454},{"type":3,"time":2288,"positionX":-2.614555,"holdTime":112.0,"speed":1.3,"floorPosition":33.8},{"type":3,"time":2432,"positionX":2.506738,"holdTime":64.0,"speed":1.3,"floorPosition":35.927273},{"type":3,"time":2544,"positionX":-2.866127,"holdTime":112.0,"speed":1.3,"floorPosition":37.581818},{"type":3,"time":2688,"positionX":1.716084,"holdTime":64.0,"speed":1.3,"floorPosition":39.70909},{"type":3,"time":2800,"positionX":-3.548966,"holdTime":48.0,"speed":1.3,"floorPosition":41.363636},{"type":3,"time":2880,"positionX":3.692722,"holdTime":32.0,"speed":1.3,"floorPosition":42.545452},{"type":3,"time":2944,"positionX":-1.967655,"holdTime":96.0,"speed":1.3,"floorPosition":43.490906},{"type":3,"time":3072,"positionX":2.686433,"holdTime":96.0,"speed":1.3,"floorPosition":45.381817},{"type":1,"time":3200,"positionX":-3.063791,"holdTime":0.0,"speed":1.0,"floorPosition":47.272724},{"type":1,"time":3264,"positionX":1.877808,"holdTime":0.0,"speed":1.0,"floorPosition":48.14545},{"type":1,"time":3392,"positionX":-3.297395,"holdTime":0.0,"speed":1.0,"floorPosition":49.890907},{"type":1,"time":3456,"positionX":2.291105,"holdTime":0.0,"speed":1.0,"floorPosition":50.763634},{"type":1,"time":3520,"positionX":-2.596586,"holdTime":0.0,"speed":1.0,"floorPosition":51.63636},{"type":1,"time":3648,"positionX":-2.488769,"holdTime":0.0,"speed":1.0,"floorPosition":53.381817},{"type":1,"time":3712,"positionX":1.877808,"holdTime":0.0,"speed":1.0,"floorPosition":54.254543},{"type":1,"time":3776,"positionX":-1.392632,"holdTime":0.0,"speed":1.0,"floorPosition":55.12727},{"type":1,"time":3904,"positionX":-1.572327,"holdTime":0.0,"speed":1.0,"floorPosition":56.872726},{"type":1,"time":3968,"positionX":2.327044,"holdTime":0.0,"speed":1.0,"floorPosition":57.745453},{"type":1,"time":4032,"positionX":-2.021563,"holdTime":0.0,"speed":1.0,"floorPosition":58.61818},{"type":1,"time":4160,"positionX":0.9973049,"holdTime":0.0,"speed":1.0,"floorPosition":60.363632},{"type":2,"time":4256,"positionX":-1.302785,"holdTime":0.0,"speed":1.0,"floorPosition":61.672726},{"type":2,"time":4280,"positionX":-1.302785,"holdTime":0.0,"speed":1.0,"floorPosition":61.999996},{"type":2,"time":4304,"positionX":-1.356693,"holdTime":0.0,"speed":1.0,"floorPosition":62.32727},{"type":2,"time":4328,"positionX":-1.338724,"holdTime":0.0,"speed":1.0,"floorPosition":62.654545},{"type":2,"time":4384,"positionX":3.1177,"holdTime":0.0,"speed":1.0,"floorPosition":63.41818},{"type":2,"time":4408,"positionX":3.027853,"holdTime":0.0,"speed":1.0,"floorPosition":63.745453},{"type":2,"time":4432,"positionX":3.009883,"holdTime":0.0,"speed":1.0,"floorPosition":64.07272},{"type":2,"time":4448,"positionX":2.920035,"holdTime":0.0,"speed":1.0,"floorPosition":64.29091},{"type":2,"time":4512,"positionX":-1.105122,"holdTime":0.0,"speed":1.0,"floorPosition":65.163635},{"type":2,"time":4536,"positionX":-1.176998,"holdTime":0.0,"speed":1.0,"floorPosition":65.490906},{"type":2,"time":4560,"positionX":-1.069182,"holdTime":0.0,"speed":1.0,"floorPosition":65.81818},{"type":2,"time":4584,"positionX":-1.212938,"holdTime":0.0,"speed":1.0,"floorPosition":66.145454},{"type":2,"time":5280,"positionX":-0.8894882,"holdTime":0.0,"speed":1.0,"floorPosition":75.63636},{"type":2,"time":5296,"positionX":-0.8735157,"holdTime":0.0,"speed":1.0,"floorPosition":75.854546},{"type":2,"time":5312,"positionX":-0.8715191,"holdTime":0.0,"speed":1.0,"floorPosition":76.07272},{"type":2,"time":5328,"positionX":-0.8715191,"holdTime":0.0,"speed":1.0,"floorPosition":76.29091},{"type":2,"time":5344,"positionX":-0.8715191,"holdTime":0.0,"speed":1.0,"floorPosition":76.50909},{"type":2,"time":5360,"positionX":-0.8715191,"holdTime":0.0,"speed":1.0,"floorPosition":76.72727},{"type":2,"time":5376,"positionX":-0.8715191,"holdTime":0.0,"speed":1.0,"floorPosition":76.94545},{"type":2,"time":5392,"positionX":-0.8715191,"holdTime":0.0,"speed":1.0,"floorPosition":77.163635},{"type":2,"time":5408,"positionX":-0.8715191,"holdTime":0.0,"speed":1.0,"floorPosition":77.38181},{"type":2,"time":5424,"positionX":-0.8715191,"holdTime":0.0,"speed":1.0,"floorPosition":77.6},{"type":2,"time":5440,"positionX":-0.8715191,"holdTime":0.0,"speed":1.0,"floorPosition":77.81818},{"type":2,"time":5456,"positionX":-0.8715191,"holdTime":0.0,"speed":1.0,"floorPosition":78.03636},{"type":2,"time":5472,"positionX":-0.8715191,"holdTime":0.0,"speed":1.0,"floorPosition":78.25455},{"type":2,"time":5488,"positionX":-0.8715191,"holdTime":0.0,"speed":1.0,"floorPosition":78.472725},{"type":2,"time":5504,"positionX":-0.8715191,"holdTime":0.0,"speed":1.0,"floorPosition":78.69091},{"type":2,"time":5536,"positionX":3.387241,"holdTime":0.0,"speed":1.0,"floorPosition":79.12727},{"type":2,"time":5552,"positionX":3.387241,"holdTime":0.0,"speed":1.0,"floorPosition":79.34545},{"type":2,"time":5568,"positionX":3.387241,"holdTime":0.0,"speed":1.0,"floorPosition":79.56364},{"type":2,"time":5584,"positionX":3.387241,"holdTime":0.0,"speed":1.0,"floorPosition":79.781815},{"type":2,"time":5600,"positionX":3.387241,"holdTime":0.0,"speed":1.0,"floorPosition":80.0},{"type":2,"time":5616,"positionX":3.387241,"holdTime":0.0,"speed":1.0,"floorPosition":80.21818},{"type":2,"time":5632,"positionX":3.387241,"holdTime":0.0,"speed":1.0,"floorPosition":80.43636},{"type":2,"time":5648,"positionX":3.387241,"holdTime":0.0,"speed":1.0,"floorPosition":80.65454},{"type":2,"time":5664,"positionX":3.387241,"holdTime":0.0,"speed":1.0,"floorPosition":80.87273},{"type":2,"time":5680,"positionX":3.387241,"holdTime":0.0,"speed":1.0,"floorPosition":81.090904},{"type":2,"time":5792,"positionX":-2.920036,"holdTime":0.0,"speed":1.0,"floorPosition":82.61818},{"type":2,"time":5808,"positionX":-2.44085,"holdTime":0.0,"speed":1.0,"floorPosition":82.836365},{"type":2,"time":5824,"positionX":-2.093441,"holdTime":0.0,"speed":1.0,"floorPosition":83.05454},{"type":2,"time":5840,"positionX":-1.734053,"holdTime":0.0,"speed":1.0,"floorPosition":83.27273},{"type":2,"time":5856,"positionX":-1.716083,"holdTime":0.0,"speed":1.0,"floorPosition":83.490906},{"type":2,"time":5872,"positionX":-1.716083,"holdTime":0.0,"speed":1.0,"floorPosition":83.70909},{"type":2,"time":5888,"positionX":-1.8239,"holdTime":0.0,"speed":1.0,"floorPosition":83.92727},{"type":2,"time":5904,"positionX":-2.12938,"holdTime":0.0,"speed":1.0,"floorPosition":84.145454},{"type":2,"time":5920,"positionX":-2.41789,"holdTime":0.0,"speed":1.0,"floorPosition":84.36363},{"type":2,"time":5936,"positionX":-2.553248,"holdTime":0.0,"speed":1.0,"floorPosition":84.58182},{"type":2,"time":5952,"positionX":-2.577559,"holdTime":0.0,"speed":1.0,"floorPosition":84.799995},{"type":2,"time":5968,"positionX":-2.426404,"holdTime":0.0,"speed":1.0,"floorPosition":85.01818},{"type":2,"time":5984,"positionX":-2.237196,"holdTime":0.0,"speed":1.0,"floorPosition":85.23636},{"type":2,"time":6000,"positionX":-2.057503,"holdTime":0.0,"speed":1.0,"floorPosition":85.454544},{"type":2,"time":6016,"positionX":-1.895777,"holdTime":0.0,"speed":1.0,"floorPosition":85.67273},{"type":2,"time":6048,"positionX":3.081761,"holdTime":0.0,"speed":1.0,"floorPosition":86.10909},{"type":2,"time":6064,"positionX":2.722372,"holdTime":0.0,"speed":1.0,"floorPosition":86.32727},{"type":2,"time":6080,"positionX":2.416892,"holdTime":0.0,"speed":1.0,"floorPosition":86.545456},{"type":2,"time":6096,"positionX":2.255167,"holdTime":0.0,"speed":1.0,"floorPosition":86.76363},{"type":2,"time":6112,"positionX":2.14735,"holdTime":0.0,"speed":1.0,"floorPosition":86.98182},{"type":2,"time":6128,"positionX":2.039533,"holdTime":0.0,"speed":1.0,"floorPosition":87.2},{"type":2,"time":6144,"positionX":2.003593,"holdTime":0.0,"speed":1.0,"floorPosition":87.41818},{"type":2,"time":6160,"positionX":1.816911,"holdTime":0.0,"speed":1.0,"floorPosition":87.63636},{"type":2,"time":6176,"positionX":1.536388,"holdTime":0.0,"speed":1.0,"floorPosition":87.854546},{"type":2,"time":6192,"positionX":1.177,"holdTime":0.0,"speed":1.0,"floorPosition":88.07272},{"type":2,"time":6208,"positionX":0.8545477,"holdTime":0.0,"speed":1.0,"floorPosition":88.29091},{"type":2,"time":6224,"positionX":0.6558847,"holdTime":0.0,"speed":1.0,"floorPosition":88.50909},{"type":2,"time":6240,"positionX":0.6379147,"holdTime":0.0,"speed":1.0,"floorPosition":88.72727},{"type":1,"time":6272,"positionX":-2.488769,"holdTime":0.0,"speed":1.0,"floorPosition":89.163635},{"type":2,"time":6336,"positionX":2.560647,"holdTime":0.0,"speed":1.0,"floorPosition":90.03636},{"type":1,"time":6400,"positionX":-3.854447,"holdTime":0.0,"speed":1.0,"floorPosition":90.90909},{"type":2,"time":6464,"positionX":2.14735,"holdTime":0.0,"speed":1.0,"floorPosition":91.781815},{"type":1,"time":6528,"positionX":-3.297395,"holdTime":0.0,"speed":1.0,"floorPosition":92.65454},{"type":2,"time":6592,"positionX":2.165318,"holdTime":0.0,"speed":1.0,"floorPosition":93.527275},{"type":1,"time":6656,"positionX":-1.698113,"holdTime":0.0,"speed":1.0,"floorPosition":94.4},{"type":2,"time":6720,"positionX":-0.1347713,"holdTime":0.0,"speed":1.0,"floorPosition":95.27273},{"type":1,"time":6784,"positionX":-3.09973,"holdTime":0.0,"speed":1.0,"floorPosition":96.145454},{"type":2,"time":6848,"positionX":2.273136,"holdTime":0.0,"speed":1.0,"floorPosition":97.01818},{"type":1,"time":6912,"positionX":-2.021563,"holdTime":0.0,"speed":1.0,"floorPosition":97.89091},{"type":2,"time":6976,"positionX":3.009883,"holdTime":0.0,"speed":1.0,"floorPosition":98.76363},{"type":1,"time":7040,"positionX":-2.991914,"holdTime":0.0,"speed":1.0,"floorPosition":99.63636},{"type":2,"time":7104,"positionX":2.560647,"holdTime":0.0,"speed":1.0,"floorPosition":100.50909},{"type":3,"time":7168,"positionX":-2.291105,"holdTime":96.0,"speed":1.2,"floorPosition":101.38182},{"type":3,"time":7296,"positionX":3.135669,"holdTime":96.0,"speed":1.2,"floorPosition":103.12727},{"type":3,"time":7424,"positionX":-3.764601,"holdTime":96.0,"speed":1.2,"floorPosition":104.87273},{"type":3,"time":7552,"positionX":3.261456,"holdTime":96.0,"speed":1.2,"floorPosition":106.61818},{"type":3,"time":7680,"positionX":-3.225516,"holdTime":96.0,"speed":1.2,"floorPosition":108.36363},{"type":3,"time":7808,"positionX":2.848158,"holdTime":96.0,"speed":1.2,"floorPosition":110.10909},{"type":3,"time":7936,"positionX":-2.237196,"holdTime":96.0,"speed":1.2,"floorPosition":111.854546},{"type":3,"time":8064,"positionX":3.1177,"holdTime":96.0,"speed":1.2,"floorPosition":113.6},{"type":1,"time":8192,"positionX":-2.560647,"holdTime":0.0,"speed":1.0,"floorPosition":115.34545},{"type":1,"time":8256,"positionX":3.009883,"holdTime":0.0,"speed":1.0,"floorPosition":116.21818},{"type":1,"time":8352,"positionX":-3.836478,"holdTime":0.0,"speed":1.0,"floorPosition":117.527275},{"type":1,"time":8384,"positionX":3.09973,"holdTime":0.0,"speed":1.0,"floorPosition":117.96364},{"type":1,"time":8448,"positionX":-2.309074,"holdTime":0.0,"speed":1.0,"floorPosition":118.836365},{"type":1,"time":8512,"positionX":2.506738,"holdTime":0.0,"speed":1.0,"floorPosition":119.70909},{"type":1,"time":8608,"positionX":-1.626235,"holdTime":0.0,"speed":1.0,"floorPosition":121.01818},{"type":1,"time":8640,"positionX":3.998203,"holdTime":0.0,"speed":1.0,"floorPosition":121.454544},{"type":1,"time":8704,"positionX":-3.944294,"holdTime":0.0,"speed":1.0,"floorPosition":122.32727},{"type":1,"time":8768,"positionX":4.231806,"holdTime":0.0,"speed":1.0,"floorPosition":123.2},{"type":1,"time":8864,"positionX":-2.973944,"holdTime":0.0,"speed":1.0,"floorPosition":124.509094},{"type":1,"time":8896,"positionX":2.398922,"holdTime":0.0,"speed":1.0,"floorPosition":124.94546},{"type":1,"time":8960,"positionX":-3.333333,"holdTime":0.0,"speed":1.0,"floorPosition":125.818184},{"type":1,"time":9024,"positionX":2.273136,"holdTime":0.0,"speed":1.0,"floorPosition":126.69091},{"type":1,"time":9120,"positionX":2.345014,"holdTime":0.0,"speed":1.0,"floorPosition":128.0},{"type":1,"time":9152,"positionX":-2.237196,"holdTime":0.0,"speed":1.0,"floorPosition":128.43637},{"type":1,"time":9344,"positionX":1.931716,"holdTime":0.0,"speed":1.0,"floorPosition":131.05455},{"type":1,"time":9408,"positionX":0.9254274,"holdTime":0.0,"speed":1.0,"floorPosition":131.92728},{"type":1,"time":9472,"positionX":3.638813,"holdTime":0.0,"speed":1.0,"floorPosition":132.8},{"type":1,"time":9536,"positionX":0.1886797,"holdTime":0.0,"speed":1.0,"floorPosition":133.67273},{"type":1,"time":9600,"positionX":2.345014,"holdTime":0.0,"speed":1.0,"floorPosition":134.54546},{"type":1,"time":9664,"positionX":-0.6558847,"holdTime":0.0,"speed":1.0,"floorPosition":135.41818},{"type":1,"time":9728,"positionX":1.033243,"holdTime":0.0,"speed":1.0,"floorPosition":136.29091},{"type":1,"time":9792,"positionX":-1.536387,"holdTime":0.0,"speed":1.0,"floorPosition":137.16364},{"type":1,"time":9856,"positionX":-4.123989,"holdTime":0.0,"speed":1.0,"floorPosition":138.03636},{"type":1,"time":9920,"positionX":-1.752022,"holdTime":0.0,"speed":1.0,"floorPosition":138.90909},{"type":1,"time":9984,"positionX":-3.836478,"holdTime":0.0,"speed":1.0,"floorPosition":139.78181},{"type":1,"time":10048,"positionX":-1.716083,"holdTime":0.0,"speed":1.0,"floorPosition":140.65454},{"type":1,"time":10112,"positionX":-4.357592,"holdTime":0.0,"speed":1.0,"floorPosition":141.52727},{"type":1,"time":10176,"positionX":-2.291105,"holdTime":0.0,"speed":1.0,"floorPosition":142.4},{"type":1,"time":10240,"positionX":-2.165319,"holdTime":0.0,"speed":1.0,"floorPosition":143.27274},{"type":1,"time":10304,"positionX":0.7996416,"holdTime":0.0,"speed":1.0,"floorPosition":144.14546},{"type":1,"time":10368,"positionX":2.991914,"holdTime":0.0,"speed":1.0,"floorPosition":145.01819},{"type":1,"time":10432,"positionX":-0.4043121,"holdTime":0.0,"speed":1.0,"floorPosition":145.89091},{"type":1,"time":10496,"positionX":3.530997,"holdTime":0.0,"speed":1.0,"floorPosition":146.76364},{"type":1,"time":10560,"positionX":-0.4402514,"holdTime":0.0,"speed":1.0,"floorPosition":147.63637},{"type":1,"time":10624,"positionX":1.680144,"holdTime":0.0,"speed":1.0,"floorPosition":148.5091},{"type":1,"time":10688,"positionX":-1.859838,"holdTime":0.0,"speed":1.0,"floorPosition":149.38182},{"type":1,"time":10752,"positionX":3.063792,"holdTime":0.0,"speed":1.0,"floorPosition":150.25455},{"type":1,"time":10816,"positionX":-1.913747,"holdTime":0.0,"speed":1.0,"floorPosition":151.12727},{"type":1,"time":10880,"positionX":3.620845,"holdTime":0.0,"speed":1.0,"floorPosition":152.0},{"type":1,"time":10944,"positionX":-2.596586,"holdTime":0.0,"speed":1.0,"floorPosition":152.87273},{"type":1,"time":10976,"positionX":3.638813,"holdTime":0.0,"speed":1.0,"floorPosition":153.3091},{"type":1,"time":11008,"positionX":-2.848158,"holdTime":0.0,"speed":1.0,"floorPosition":153.74545},{"type":1,"time":11072,"positionX":3.423181,"holdTime":0.0,"speed":1.0,"floorPosition":154.61818},{"type":1,"time":11136,"positionX":-2.255166,"holdTime":0.0,"speed":1.0,"floorPosition":155.4909},{"type":2,"time":11168,"positionX":-2.165319,"holdTime":0.0,"speed":1.0,"floorPosition":155.92728},{"type":1,"time":11200,"positionX":4.303684,"holdTime":0.0,"speed":1.0,"floorPosition":156.36363},{"type":2,"time":11232,"positionX":4.339622,"holdTime":0.0,"speed":1.0,"floorPosition":156.8},{"type":1,"time":11264,"positionX":-3.477089,"holdTime":0.0,"speed":1.0,"floorPosition":157.23636},{"type":2,"time":11296,"positionX":-2.255166,"holdTime":0.0,"speed":1.0,"floorPosition":157.67273},{"type":2,"time":11328,"positionX":-0.7517221,"holdTime":0.0,"speed":1.0,"floorPosition":158.10909},{"type":2,"time":11360,"positionX":0.9433956,"holdTime":0.0,"speed":1.0,"floorPosition":158.54546},{"type":3,"time":11392,"positionX":0.04492378,"holdTime":64.0,"speed":1.2,"floorPosition":158.98183}],"notesBelow":[{"type":2,"time":4640,"positionX":2.506737,"holdTime":0.0,"speed":1.0,"floorPosition":66.90909},{"type":2,"time":4664,"positionX":2.48877,"holdTime":0.0,"speed":1.0,"floorPosition":67.23636},{"type":2,"time":4688,"positionX":2.43486,"holdTime":0.0,"speed":1.0,"floorPosition":67.56364},{"type":2,"time":4704,"positionX":2.398922,"holdTime":0.0,"speed":1.0,"floorPosition":67.781815},{"type":1,"time":4736,"positionX":-1.302786,"holdTime":0.0,"speed":1.0,"floorPosition":68.21818},{"type":1,"time":4800,"positionX":2.991913,"holdTime":0.0,"speed":1.0,"floorPosition":69.090904},{"type":1,"time":4864,"positionX":-2.668465,"holdTime":0.0,"speed":1.0,"floorPosition":69.96363},{"type":1,"time":4928,"positionX":2.003593,"holdTime":0.0,"speed":1.0,"floorPosition":70.836365},{"type":3,"time":4992,"positionX":-2.686432,"holdTime":128.0,"speed":1.2,"floorPosition":71.70909},{"type":3,"time":5056,"positionX":3.09973,"holdTime":64.0,"speed":1.2,"floorPosition":72.58182}],"speedEvents":[{"startTime":0.0,"endTime":0.0,"value":1.0},{"startTime":0.0,"endTime":3200.0,"value":1.3},{"startTime":3200.0,"endTime":1000000000.0,"value":1.2}],"judgeLineMoveEvents":[{"startTime":-999999.0,"endTime":128.0,"start":0.5,"end":0.5,"start2":0.5,"end2":0.5},{"startTime":128.0,"endTime":1152.0,"start":0.5,"end":0.5,"start2":0.5,"end2":0.1},{"startTime":1152.0,"endTime":2048.0,"start":0.5,"end":0.5,"start2":0.1,"end2":0.1},{"startTime":2048.0,"endTime":2144.0,"start":0.5,"end":0.5,"start2":0.1,"end2":0.3},{"startTime":2144.0,"endTime":2176.0,"start":0.5,"end":0.5,"start2":0.3,"end2":0.2},{"startTime":2176.0,"endTime":3200.0,"start":0.5,"end":0.5,"start2":0.2,"end2":0.2},{"startTime":3200.0,"endTime":4256.0,"start":0.5,"end":0.5,"start2":0.2,"end2":0.6980769},{"startTime":4256.0,"endTime":4352.0,"start":0.5,"end":0.5,"start2":0.6980769,"end2":0.6},{"startTime":4352.0,"endTime":4384.0,"start":0.5,"end":0.5,"start2":0.6,"end2":0.6},{"startTime":4384.0,"endTime":4448.0,"start":0.5,"end":0.5,"start2":0.6,"end2":0.5},{"startTime":4448.0,"endTime":4512.0,"start":0.5,"end":0.5,"start2":0.5,"end2":0.5},{"startTime":4512.0,"endTime":4608.0,"start":0.5,"end":0.5,"start2":0.5,"end2":0.4},{"startTime":4608.0,"endTime":4640.0,"start":0.5,"end":0.5,"start2":0.4,"end2":0.4},{"startTime":4640.0,"endTime":4704.0,"start":0.5,"end":0.5,"start2":0.4,"end2":0.3},{"startTime":4704.0,"endTime":4736.0,"start":0.5,"end":0.5,"start2":0.3,"end2":0.3},{"startTime":4736.0,"endTime":5120.0,"start":0.5,"end":0.5,"start2":0.3,"end2":0.1},{"startTime":5120.0,"endTime":5504.0,"start":0.5,"end":0.5,"start2":0.1,"end2":0.1},{"startTime":5504.0,"endTime":5536.0,"start":0.5,"end":0.6,"start2":0.1,"end2":0.2},{"startTime":5536.0,"endTime":5760.0,"start":0.6,"end":0.6,"start2":0.2,"end2":0.2},{"startTime":5760.0,"endTime":5792.0,"start":0.6,"end":0.4,"start2":0.2,"end2":0.2},{"startTime":5792.0,"endTime":6016.0,"start":0.4,"end":0.4,"start2":0.2,"end2":0.2},{"startTime":6016.0,"endTime":6048.0,"start":0.4,"end":0.5,"start2":0.2,"end2":0.3},{"startTime":6048.0,"endTime":6272.0,"start":0.5,"end":0.5,"start2":0.3,"end2":0.3},{"startTime":6272.0,"endTime":6304.0,"start":0.5,"end":0.5,"start2":0.3,"end2":0.5},{"startTime":6304.0,"endTime":6528.0,"start":0.5,"end":0.5,"start2":0.5,"end2":0.2},{"startTime":6528.0,"endTime":6560.0,"start":0.5,"end":0.5,"start2":0.2,"end2":0.4},{"startTime":6560.0,"endTime":6784.0,"start":0.5,"end":0.5,"start2":0.4,"end2":0.2},{"startTime":6784.0,"endTime":6816.0,"start":0.5,"end":0.5,"start2":0.2,"end2":0.05},{"startTime":6816.0,"endTime":7040.0,"start":0.5,"end":0.5,"start2":0.05,"end2":0.25},{"startTime":7040.0,"endTime":7072.0,"start":0.5,"end":0.5,"start2":0.25,"end2":0.15},{"startTime":7072.0,"endTime":7168.0,"start":0.5,"end":0.5,"start2":0.15,"end2":0.4},{"startTime":7168.0,"endTime":8192.0,"start":0.5,"end":0.5,"start2":0.4,"end2":0.1},{"startTime":8192.0,"endTime":9216.0,"start":0.5,"end":0.5,"start2":0.1,"end2":0.1},{"startTime":9216.0,"endTime":9344.0,"start":0.5,"end":0.2,"start2":0.1,"end2":0.3},{"startTime":9344.0,"endTime":9856.0,"start":0.2,"end":0.8,"start2":0.3,"end2":0.3},{"startTime":9856.0,"endTime":10368.0,"start":0.8,"end":0.2,"start2":0.3,"end2":0.3},{"startTime":10368.0,"endTime":10880.0,"start":0.2,"end":0.5,"start2":0.3,"end2":0.1},{"startTime":10880.0,"endTime":11392.0,"start":0.5,"end":0.5,"start2":0.1,"end2":0.4},{"startTime":11392.0,"endTime":11456.0,"start":0.5,"end":0.5,"start2":0.4,"end2":0.6980769},{"startTime":11456.0,"endTime":12456.0,"start":0.5,"end":0.5,"start2":0.6980769,"end2":0.6980769},{"startTime":12456.0,"endTime":1000000000.0,"start":0.5,"end":0.5,"start2":0.5,"end2":0.5}],"judgeLineRotateEvents":[{"startTime":-999999.0,"endTime":1152.0,"start":0.0,"end":0.0},{"startTime":1152.0,"endTime":1184.0,"start":0.0,"end":10.0},{"startTime":1184.0,"endTime":1280.0,"start":10.0,"end":10.0},{"startTime":1280.0,"endTime":1312.0,"start":10.0,"end":-5.0},{"startTime":1312.0,"endTime":1408.0,"start":-5.0,"end":-5.0},{"startTime":1408.0,"endTime":1440.0,"start":-5.0,"end":-20.0},{"startTime":1440.0,"endTime":1536.0,"start":-20.0,"end":-20.0},{"startTime":1536.0,"endTime":1568.0,"start":-20.0,"end":0.0},{"startTime":1568.0,"endTime":3200.0,"start":0.0,"end":0.0},{"startTime":3200.0,"endTime":4256.0,"start":0.0,"end":180.0},{"startTime":4256.0,"endTime":5120.0,"start":180.0,"end":180.0},{"startTime":5120.0,"endTime":5136.0,"start":180.0,"end":135.0},{"startTime":5136.0,"endTime":5152.0,"start":135.0,"end":135.0},{"startTime":5152.0,"endTime":5168.0,"start":135.0,"end":90.0},{"startTime":5168.0,"endTime":5184.0,"start":90.0,"end":90.0},{"startTime":5184.0,"endTime":5200.0,"start":90.0,"end":45.0},{"startTime":5200.0,"endTime":5216.0,"start":45.0,"end":45.0},{"startTime":5216.0,"endTime":5232.0,"start":45.0,"end":0.0},{"startTime":5232.0,"endTime":5504.0,"start":0.0,"end":0.0},{"startTime":5504.0,"endTime":5536.0,"start":0.0,"end":5.0},{"startTime":5536.0,"endTime":5760.0,"start":5.0,"end":5.0},{"startTime":5760.0,"endTime":5792.0,"start":5.0,"end":-5.0},{"startTime":5792.0,"endTime":6016.0,"start":-5.0,"end":-5.0},{"startTime":6016.0,"endTime":6048.0,"start":-5.0,"end":0.0},{"startTime":6048.0,"endTime":9216.0,"start":0.0,"end":0.0},{"startTime":9216.0,"endTime":9344.0,"start":0.0,"end":-20.0},{"startTime":9344.0,"endTime":9856.0,"start":-20.0,"end":20.0},{"startTime":9856.0,"endTime":10368.0,"start":20.0,"end":-20.0},{"startTime":10368.0,"endTime":10880.0,"start":-20.0,"end":0.0},{"startTime":10880.0,"endTime":1000000000.0,"start":0.0,"end":0.0}],"judgeLineDisappearEvents":[{"startTime":-999999.0,"endTime":1000000000.0,"start":1.0,"end":1.0}]}]}