{"formatVersion":3,"offset":0.0,"judgeLineList":[{"bpm":140.0,"notesAbove":[{"type":3,"time":128,"positionX":-2.252125,"holdTime":128.0,"speed":5.0,"floorPosition":2.057143},{"type":3,"time":128,"positionX":2.33711,"holdTime":128.0,"speed":5.0,"floorPosition":2.057143},{"type":1,"time":320,"positionX":-2.691218,"holdTime":0.0,"speed":1.0,"floorPosition":12.171429},{"type":1,"time":328,"positionX":1.317281,"holdTime":0.0,"speed":1.0,"floorPosition":12.364285},{"type":1,"time":344,"positionX":-2.790368,"holdTime":0.0,"speed":1.0,"floorPosition":12.75},{"type":1,"time":352,"positionX":1.359773,"holdTime":0.0,"speed":1.0,"floorPosition":12.942857},{"type":1,"time":368,"positionX":-2.719546,"holdTime":0.0,"speed":1.0,"floorPosition":13.328571},{"type":4,"time":384,"positionX":4.220963,"holdTime":0.0,"speed":1.0,"floorPosition":13.714286},{"type":1,"time":416,"positionX":-4.249292,"holdTime":0.0,"speed":1.0,"floorPosition":14.485714},{"type":1,"time":448,"positionX":-4.291784,"holdTime":0.0,"speed":1.0,"floorPosition":15.257143},{"type":1,"time":480,"positionX":-4.305949,"holdTime":0.0,"speed":1.0,"floorPosition":16.028572},{"type":1,"time":512,"positionX":-1.685553,"holdTime":0.0,"speed":1.0,"floorPosition":16.8},{"type":1,"time":544,"positionX":-1.784702,"holdTime":0.0,"speed":1.0,"floorPosition":17.571428},{"type":1,"time":576,"positionX":-1.756373,"holdTime":0.0,"speed":1.0,"floorPosition":18.342857},{"type":1,"time":608,"positionX":-1.798866,"holdTime":0.0,"speed":1.0,"floorPosition":19.114286},{"type":1,"time":640,"positionX":1.501416,"holdTime":0.0,"speed":1.0,"floorPosition":19.885714},{"type":1,"time":672,"positionX":1.41643,"holdTime":0.0,"speed":1.0,"floorPosition":20.657143},{"type":1,"time":704,"positionX":1.458923,"holdTime":0.0,"speed":1.0,"floorPosition":21.428572},{"type":1,"time":736,"positionX":1.473088,"holdTime":0.0,"speed":1.0,"floorPosition":22.199999},{"type":1,"time":768,"positionX":4.433428,"holdTime":0.0,"speed":1.0,"floorPosition":22.971428},{"type":1,"time":800,"positionX":-2.308782,"holdTime":0.0,"speed":1.0,"floorPosition":23.742857},{"type":1,"time":832,"positionX":1.41643,"holdTime":0.0,"speed":1.0,"floorPosition":24.514286},{"type":1,"time":864,"positionX":-5.070822,"holdTime":0.0,"speed":1.0,"floorPosition":25.285713},{"type":1,"time":896,"positionX":0.1982994,"holdTime":0.0,"speed":1.0,"floorPosition":26.057142},{"type":1,"time":928,"positionX":4.532578,"holdTime":0.0,"speed":1.0,"floorPosition":26.828571},{"type":1,"time":960,"positionX":-2.662889,"holdTime":0.0,"speed":1.0,"floorPosition":27.6},{"type":1,"time":992,"positionX":1.033994,"holdTime":0.0,"speed":1.0,"floorPosition":28.371428},{"type":1,"time":1024,"positionX":4.631728,"holdTime":0.0,"speed":1.0,"floorPosition":29.142857},{"type":1,"time":1056,"positionX":-2.606232,"holdTime":0.0,"speed":1.0,"floorPosition":29.914286},{"type":1,"time":1088,"positionX":1.218129,"holdTime":0.0,"speed":1.0,"floorPosition":30.685715},{"type":1,"time":1120,"positionX":-5.467422,"holdTime":0.0,"speed":1.0,"floorPosition":31.457142},{"type":2,"time":1152,"positionX":2.563739,"holdTime":0.0,"speed":1.0,"floorPosition":32.22857},{"type":1,"time":1152,"positionX":-3.555241,"holdTime":0.0,"speed":1.0,"floorPosition":32.22857},{"type":2,"time":1160,"positionX":2.875354,"holdTime":0.0,"speed":1.0,"floorPosition":32.42143},{"type":2,"time":1168,"positionX":3.101982,"holdTime":0.0,"speed":1.0,"floorPosition":32.614285},{"type":2,"time":1176,"positionX":3.369689,"holdTime":0.0,"speed":1.0,"floorPosition":32.807144},{"type":1,"time":1184,"positionX":-2.280454,"holdTime":0.0,"speed":1.0,"floorPosition":33.0},{"type":2,"time":1184,"positionX":3.58357,"holdTime":0.0,"speed":1.0,"floorPosition":33.0},{"type":2,"time":1192,"positionX":3.824363,"holdTime":0.0,"speed":1.0,"floorPosition":33.192856},{"type":2,"time":1200,"positionX":4.008498,"holdTime":0.0,"speed":1.0,"floorPosition":33.385715},{"type":2,"time":1208,"positionX":4.174221,"holdTime":0.0,"speed":1.0,"floorPosition":33.57857},{"type":2,"time":1216,"positionX":4.320114,"holdTime":0.0,"speed":1.0,"floorPosition":33.771427},{"type":1,"time":1216,"positionX":-0.9773369,"holdTime":0.0,"speed":1.0,"floorPosition":33.771427},{"type":2,"time":1224,"positionX":4.422096,"holdTime":0.0,"speed":1.0,"floorPosition":33.964287},{"type":2,"time":1232,"positionX":4.532578,"holdTime":0.0,"speed":1.0,"floorPosition":34.157143},{"type":2,"time":1240,"positionX":4.660056,"holdTime":0.0,"speed":1.0,"floorPosition":34.35},{"type":3,"time":1248,"positionX":-0.05665684,"holdTime":32.0,"speed":1.8,"floorPosition":34.54286},{"type":4,"time":1280,"positionX":-0.0283289,"holdTime":0.0,"speed":1.0,"floorPosition":35.314285},{"type":4,"time":1376,"positionX":-0.01416397,"holdTime":0.0,"speed":1.0,"floorPosition":37.62857},{"type":3,"time":1408,"positionX":-3.682719,"holdTime":64.0,"speed":1.8,"floorPosition":38.399998},{"type":1,"time":1408,"positionX":2.181304,"holdTime":0.0,"speed":1.0,"floorPosition":38.399998},{"type":1,"time":1440,"positionX":-0.05665684,"holdTime":0.0,"speed":1.0,"floorPosition":39.17143},{"type":1,"time":1472,"positionX":2.804532,"holdTime":0.0,"speed":1.0,"floorPosition":39.942856},{"type":1,"time":1488,"positionX":0.07082081,"holdTime":0.0,"speed":1.0,"floorPosition":40.32857},{"type":1,"time":1504,"positionX":2.620397,"holdTime":0.0,"speed":1.0,"floorPosition":40.714287},{"type":1,"time":1520,"positionX":-0.05665684,"holdTime":0.0,"speed":1.0,"floorPosition":41.1},{"type":3,"time":1536,"positionX":4.178471,"holdTime":32.0,"speed":1.8,"floorPosition":41.485714},{"type":1,"time":1552,"positionX":0.8781872,"holdTime":0.0,"speed":1.0,"floorPosition":41.87143},{"type":3,"time":1568,"positionX":-2.096317,"holdTime":32.0,"speed":1.8,"floorPosition":42.25714},{"type":1,"time":1584,"positionX":0.9490089,"holdTime":0.0,"speed":1.0,"floorPosition":42.642857},{"type":3,"time":1600,"positionX":4.150142,"holdTime":32.0,"speed":1.8,"floorPosition":43.028572},{"type":1,"time":1632,"positionX":-1.317281,"holdTime":0.0,"speed":1.0,"floorPosition":43.8},{"type":1,"time":1648,"positionX":-3.541077,"holdTime":0.0,"speed":1.0,"floorPosition":44.185715},{"type":3,"time":1664,"positionX":2.648726,"holdTime":64.0,"speed":1.8,"floorPosition":44.571426},{"type":1,"time":1696,"positionX":-1.133144,"holdTime":0.0,"speed":1.0,"floorPosition":45.342857},{"type":1,"time":1712,"positionX":-1.175637,"holdTime":0.0,"speed":1.0,"floorPosition":45.72857},{"type":3,"time":1728,"positionX":-2.337111,"holdTime":64.0,"speed":1.8,"floorPosition":46.114285},{"type":1,"time":1760,"positionX":1.147308,"holdTime":0.0,"speed":1.0,"floorPosition":46.88571},{"type":1,"time":1776,"positionX":1.090652,"holdTime":0.0,"speed":1.0,"floorPosition":47.271427},{"type":3,"time":1792,"positionX":4.220963,"holdTime":16.0,"speed":1.8,"floorPosition":47.657143},{"type":3,"time":1824,"positionX":1.430595,"holdTime":16.0,"speed":1.8,"floorPosition":48.42857},{"type":3,"time":1856,"positionX":-1.388102,"holdTime":16.0,"speed":1.8,"floorPosition":49.2},{"type":2,"time":1888,"positionX":-1.458923,"holdTime":0.0,"speed":1.0,"floorPosition":49.971428},{"type":3,"time":1888,"positionX":-4.107649,"holdTime":16.0,"speed":1.8,"floorPosition":49.971428},{"type":2,"time":1896,"positionX":-0.3966007,"holdTime":0.0,"speed":1.0,"floorPosition":50.164284},{"type":2,"time":1904,"positionX":0.1274786,"holdTime":0.0,"speed":1.0,"floorPosition":50.357143},{"type":1,"time":1920,"positionX":3.073655,"holdTime":0.0,"speed":1.0,"floorPosition":50.742855},{"type":1,"time":1952,"positionX":-1.402266,"holdTime":0.0,"speed":1.0,"floorPosition":51.514286},{"type":1,"time":1984,"positionX":5.09915,"holdTime":0.0,"speed":1.0,"floorPosition":52.285713},{"type":1,"time":2016,"positionX":-4.121813,"holdTime":0.0,"speed":1.0,"floorPosition":53.05714},{"type":1,"time":2048,"positionX":2.167139,"holdTime":0.0,"speed":1.0,"floorPosition":53.82857},{"type":1,"time":2080,"positionX":-1.713881,"holdTime":0.0,"speed":1.0,"floorPosition":54.6},{"type":1,"time":2112,"positionX":4.645892,"holdTime":0.0,"speed":1.0,"floorPosition":55.371426},{"type":1,"time":2144,"positionX":-4.773371,"holdTime":0.0,"speed":1.0,"floorPosition":56.142857},{"type":1,"time":2176,"positionX":1.813031,"holdTime":0.0,"speed":1.0,"floorPosition":56.914284},{"type":1,"time":2208,"positionX":-1.359774,"holdTime":0.0,"speed":1.0,"floorPosition":57.685715},{"type":1,"time":2240,"positionX":4.674221,"holdTime":0.0,"speed":1.0,"floorPosition":58.45714},{"type":1,"time":2272,"positionX":1.033994,"holdTime":0.0,"speed":1.0,"floorPosition":59.22857},{"type":1,"time":2304,"positionX":3.05949,"holdTime":0.0,"speed":1.0,"floorPosition":60.0},{"type":1,"time":2320,"positionX":-1.586402,"holdTime":0.0,"speed":1.0,"floorPosition":60.38571},{"type":1,"time":2328,"positionX":3.073655,"holdTime":0.0,"speed":1.0,"floorPosition":60.57857},{"type":1,"time":2336,"positionX":-1.628896,"holdTime":0.0,"speed":1.0,"floorPosition":60.771427},{"type":1,"time":2352,"positionX":2.988668,"holdTime":0.0,"speed":1.0,"floorPosition":61.157143},{"type":2,"time":2368,"positionX":-3.923512,"holdTime":0.0,"speed":1.0,"floorPosition":61.542854},{"type":2,"time":2376,"positionX":-2.691218,"holdTime":0.0,"speed":1.0,"floorPosition":61.735714},{"type":2,"time":2384,"positionX":-1.926346,"holdTime":0.0,"speed":1.0,"floorPosition":61.92857},{"type":2,"time":2392,"positionX":-1.285089,"holdTime":0.0,"speed":1.0,"floorPosition":62.121426},{"type":2,"time":2400,"positionX":-0.7507076,"holdTime":0.0,"speed":1.0,"floorPosition":62.314285},{"type":3,"time":2400,"positionX":3.356941,"holdTime":32.0,"speed":1.8,"floorPosition":62.314285},{"type":2,"time":2408,"positionX":-0.3399429,"holdTime":0.0,"speed":1.0,"floorPosition":62.50714},{"type":2,"time":2416,"positionX":-0.07223787,"holdTime":0.0,"speed":1.0,"floorPosition":62.699997},{"type":2,"time":2424,"positionX":0.1416435,"holdTime":0.0,"speed":1.0,"floorPosition":62.892857},{"type":3,"time":2544,"positionX":-2.96034,"holdTime":16.0,"speed":1.8,"floorPosition":65.78571},{"type":3,"time":2560,"positionX":6.0,"holdTime":352.0,"speed":1.8,"floorPosition":66.171425},{"type":1,"time":2624,"positionX":-3.640226,"holdTime":0.0,"speed":1.0,"floorPosition":67.71429},{"type":1,"time":2688,"positionX":0.0,"holdTime":0.0,"speed":1.0,"floorPosition":69.25714},{"type":1,"time":2752,"positionX":-3.866856,"holdTime":0.0,"speed":1.0,"floorPosition":70.799995},{"type":1,"time":2816,"positionX":0.0,"holdTime":0.0,"speed":1.0,"floorPosition":72.34286},{"type":1,"time":2880,"positionX":-4.220963,"holdTime":0.0,"speed":1.0,"floorPosition":73.88571},{"type":2,"time":2944,"positionX":-6.0,"holdTime":0.0,"speed":1.0,"floorPosition":75.42857},{"type":1,"time":2944,"positionX":5.0,"holdTime":0.0,"speed":1.0,"floorPosition":75.42857},{"type":2,"time":2952,"positionX":-6.0,"holdTime":0.0,"speed":1.0,"floorPosition":75.62143},{"type":2,"time":2960,"positionX":-6.0,"holdTime":0.0,"speed":1.0,"floorPosition":75.814285},{"type":2,"time":2968,"positionX":-6.0,"holdTime":0.0,"speed":1.0,"floorPosition":76.00714},{"type":2,"time":2976,"positionX":-6.0,"holdTime":0.0,"speed":1.0,"floorPosition":76.2},{"type":2,"time":2984,"positionX":-6.0,"holdTime":0.0,"speed":1.0,"floorPosition":76.39285},{"type":2,"time":2992,"positionX":-6.0,"holdTime":0.0,"speed":1.0,"floorPosition":76.58572},{"type":2,"time":3000,"positionX":-6.0,"holdTime":0.0,"speed":1.0,"floorPosition":76.77857},{"type":1,"time":3008,"positionX":1.0,"holdTime":0.0,"speed":1.0,"floorPosition":76.97143},{"type":2,"time":3008,"positionX":-6.0,"holdTime":0.0,"speed":1.0,"floorPosition":76.97143},{"type":2,"time":3016,"positionX":-6.0,"holdTime":0.0,"speed":1.0,"floorPosition":77.16428},{"type":2,"time":3024,"positionX":-6.0,"holdTime":0.0,"speed":1.0,"floorPosition":77.35714},{"type":2,"time":3032,"positionX":-6.0,"holdTime":0.0,"speed":1.0,"floorPosition":77.549995},{"type":2,"time":3040,"positionX":-6.0,"holdTime":0.0,"speed":1.0,"floorPosition":77.74286},{"type":2,"time":3048,"positionX":-6.0,"holdTime":0.0,"speed":1.0,"floorPosition":77.935715},{"type":2,"time":3056,"positionX":-6.0,"holdTime":0.0,"speed":1.0,"floorPosition":78.12857},{"type":2,"time":3064,"positionX":-6.0,"holdTime":0.0,"speed":1.0,"floorPosition":78.32143},{"type":1,"time":3072,"positionX":5.0,"holdTime":0.0,"speed":1.0,"floorPosition":78.51428},{"type":2,"time":3072,"positionX":-6.0,"holdTime":0.0,"speed":1.0,"floorPosition":78.51428},{"type":2,"time":3080,"positionX":-6.0,"holdTime":0.0,"speed":1.0,"floorPosition":78.70714},{"type":2,"time":3088,"positionX":-6.0,"holdTime":0.0,"speed":1.0,"floorPosition":78.9},{"type":2,"time":3096,"positionX":-6.0,"holdTime":0.0,"speed":1.0,"floorPosition":79.09286},{"type":2,"time":3104,"positionX":-6.0,"holdTime":0.0,"speed":1.0,"floorPosition":79.28571},{"type":2,"time":3112,"positionX":-6.0,"holdTime":0.0,"speed":1.0,"floorPosition":79.47857},{"type":2,"time":3120,"positionX":-6.0,"holdTime":0.0,"speed":1.0,"floorPosition":79.671425},{"type":2,"time":3128,"positionX":-6.0,"holdTime":0.0,"speed":1.0,"floorPosition":79.86428},{"type":1,"time":3136,"positionX":1.0,"holdTime":0.0,"speed":1.0,"floorPosition":80.057144},{"type":2,"time":3136,"positionX":-6.0,"holdTime":0.0,"speed":1.0,"floorPosition":80.057144},{"type":2,"time":3144,"positionX":-6.0,"holdTime":0.0,"speed":1.0,"floorPosition":80.25},{"type":2,"time":3152,"positionX":-6.0,"holdTime":0.0,"speed":1.0,"floorPosition":80.442856},{"type":2,"time":3160,"positionX":-6.0,"holdTime":0.0,"speed":1.0,"floorPosition":80.63571},{"type":2,"time":3168,"positionX":-6.0,"holdTime":0.0,"speed":1.0,"floorPosition":80.82857},{"type":2,"time":3176,"positionX":-6.0,"holdTime":0.0,"speed":1.0,"floorPosition":81.02142},{"type":2,"time":3184,"positionX":-6.0,"holdTime":0.0,"speed":1.0,"floorPosition":81.21429},{"type":2,"time":3192,"positionX":-6.0,"holdTime":0.0,"speed":1.0,"floorPosition":81.40714},{"type":2,"time":3200,"positionX":4.0,"holdTime":0.0,"speed":1.0,"floorPosition":81.6},{"type":2,"time":3200,"positionX":-4.0,"holdTime":0.0,"speed":1.0,"floorPosition":81.6},{"type":2,"time":3204,"positionX":4.0,"holdTime":0.0,"speed":1.0,"floorPosition":81.792854},{"type":2,"time":3204,"positionX":-4.0,"holdTime":0.0,"speed":1.0,"floorPosition":81.792854},{"type":2,"time":3208,"positionX":4.0,"holdTime":0.0,"speed":1.0,"floorPosition":81.98571},{"type":2,"time":3208,"positionX":-4.0,"holdTime":0.0,"speed":1.0,"floorPosition":81.98571},{"type":2,"time":3212,"positionX":4.0,"holdTime":0.0,"speed":1.0,"floorPosition":82.17857},{"type":2,"time":3212,"positionX":-4.0,"holdTime":0.0,"speed":1.0,"floorPosition":82.17857},{"type":2,"time":3216,"positionX":4.0,"holdTime":0.0,"speed":1.0,"floorPosition":82.37143},{"type":2,"time":3216,"positionX":-4.0,"holdTime":0.0,"speed":1.0,"floorPosition":82.37143},{"type":2,"time":3220,"positionX":4.0,"holdTime":0.0,"speed":1.0,"floorPosition":82.564285},{"type":2,"time":3220,"positionX":-4.0,"holdTime":0.0,"speed":1.0,"floorPosition":82.564285},{"type":2,"time":3224,"positionX":4.0,"holdTime":0.0,"speed":1.0,"floorPosition":82.75714},{"type":2,"time":3224,"positionX":-4.0,"holdTime":0.0,"speed":1.0,"floorPosition":82.75714},{"type":2,"time":3228,"positionX":4.0,"holdTime":0.0,"speed":1.0,"floorPosition":82.95},{"type":2,"time":3228,"positionX":-4.0,"holdTime":0.0,"speed":1.0,"floorPosition":82.95},{"type":2,"time":3232,"positionX":-4.0,"holdTime":0.0,"speed":1.0,"floorPosition":83.14285},{"type":2,"time":3232,"positionX":4.0,"holdTime":0.0,"speed":1.0,"floorPosition":83.14285},{"type":2,"time":3236,"positionX":4.0,"holdTime":0.0,"speed":1.0,"floorPosition":83.33572},{"type":2,"time":3236,"positionX":-4.0,"holdTime":0.0,"speed":1.0,"floorPosition":83.33572},{"type":2,"time":3240,"positionX":4.0,"holdTime":0.0,"speed":1.0,"floorPosition":83.52857},{"type":2,"time":3240,"positionX":-4.0,"holdTime":0.0,"speed":1.0,"floorPosition":83.52857},{"type":2,"time":3244,"positionX":4.0,"holdTime":0.0,"speed":1.0,"floorPosition":83.72143},{"type":2,"time":3244,"positionX":-4.0,"holdTime":0.0,"speed":1.0,"floorPosition":83.72143},{"type":2,"time":3248,"positionX":4.0,"holdTime":0.0,"speed":1.0,"floorPosition":83.91428},{"type":2,"time":3248,"positionX":-4.0,"holdTime":0.0,"speed":1.0,"floorPosition":83.91428},{"type":2,"time":3252,"positionX":4.0,"holdTime":0.0,"speed":1.0,"floorPosition":84.10714},{"type":2,"time":3252,"positionX":-4.0,"holdTime":0.0,"speed":1.0,"floorPosition":84.10714},{"type":2,"time":3256,"positionX":4.0,"holdTime":0.0,"speed":1.0,"floorPosition":84.299995},{"type":2,"time":3256,"positionX":-4.0,"holdTime":0.0,"speed":1.0,"floorPosition":84.299995},{"type":2,"time":3260,"positionX":-4.0,"holdTime":0.0,"speed":1.0,"floorPosition":84.49286},{"type":2,"time":3260,"positionX":4.0,"holdTime":0.0,"speed":1.0,"floorPosition":84.49286},{"type":2,"time":3264,"positionX":4.0,"holdTime":0.0,"speed":1.0,"floorPosition":84.685715},{"type":2,"time":3264,"positionX":-4.0,"holdTime":0.0,"speed":1.0,"floorPosition":84.685715},{"type":2,"time":3268,"positionX":4.0,"holdTime":0.0,"speed":1.0,"floorPosition":84.87857},{"type":2,"time":3268,"positionX":-4.0,"holdTime":0.0,"speed":1.0,"floorPosition":84.87857},{"type":2,"time":3272,"positionX":4.0,"holdTime":0.0,"speed":1.0,"floorPosition":85.07143},{"type":2,"time":3272,"positionX":-4.0,"holdTime":0.0,"speed":1.0,"floorPosition":85.07143},{"type":2,"time":3276,"positionX":4.0,"holdTime":0.0,"speed":1.0,"floorPosition":85.26428},{"type":2,"time":3276,"positionX":-4.0,"holdTime":0.0,"speed":1.0,"floorPosition":85.26428},{"type":2,"time":3280,"positionX":-4.0,"holdTime":0.0,"speed":1.0,"floorPosition":85.45714},{"type":2,"time":3280,"positionX":4.0,"holdTime":0.0,"speed":1.0,"floorPosition":85.45714},{"type":2,"time":3284,"positionX":4.0,"holdTime":0.0,"speed":1.0,"floorPosition":85.65},{"type":2,"time":3284,"positionX":-4.0,"holdTime":0.0,"speed":1.0,"floorPosition":85.65},{"type":2,"time":3288,"positionX":4.0,"holdTime":0.0,"speed":1.0,"floorPosition":85.84286},{"type":2,"time":3288,"positionX":-4.0,"holdTime":0.0,"speed":1.0,"floorPosition":85.84286},{"type":2,"time":3292,"positionX":4.0,"holdTime":0.0,"speed":1.0,"floorPosition":86.03571},{"type":2,"time":3292,"positionX":-4.0,"holdTime":0.0,"speed":1.0,"floorPosition":86.03571},{"type":2,"time":3296,"positionX":-4.0,"holdTime":0.0,"speed":1.0,"floorPosition":86.22857},{"type":2,"time":3296,"positionX":4.0,"holdTime":0.0,"speed":1.0,"floorPosition":86.22857},{"type":2,"time":3300,"positionX":4.0,"holdTime":0.0,"speed":1.0,"floorPosition":86.421425},{"type":2,"time":3300,"positionX":-4.0,"holdTime":0.0,"speed":1.0,"floorPosition":86.421425},{"type":2,"time":3304,"positionX":4.0,"holdTime":0.0,"speed":1.0,"floorPosition":86.61428},{"type":2,"time":3304,"positionX":-4.0,"holdTime":0.0,"speed":1.0,"floorPosition":86.61428},{"type":2,"time":3308,"positionX":4.0,"holdTime":0.0,"speed":1.0,"floorPosition":86.807144},{"type":2,"time":3308,"positionX":-4.0,"holdTime":0.0,"speed":1.0,"floorPosition":86.807144},{"type":2,"time":3312,"positionX":4.0,"holdTime":0.0,"speed":1.0,"floorPosition":87.0},{"type":2,"time":3312,"positionX":-4.0,"holdTime":0.0,"speed":1.0,"floorPosition":87.0},{"type":2,"time":3316,"positionX":4.0,"holdTime":0.0,"speed":1.0,"floorPosition":87.192856},{"type":2,"time":3316,"positionX":-4.0,"holdTime":0.0,"speed":1.0,"floorPosition":87.192856},{"type":2,"time":3320,"positionX":4.0,"holdTime":0.0,"speed":1.0,"floorPosition":87.38571},{"type":2,"time":3320,"positionX":-4.0,"holdTime":0.0,"speed":1.0,"floorPosition":87.38571},{"type":2,"time":3324,"positionX":4.0,"holdTime":0.0,"speed":1.0,"floorPosition":87.57857},{"type":2,"time":3324,"positionX":-4.0,"holdTime":0.0,"speed":1.0,"floorPosition":87.57857},{"type":2,"time":3328,"positionX":4.0,"holdTime":0.0,"speed":1.0,"floorPosition":87.77142},{"type":2,"time":3328,"positionX":-4.0,"holdTime":0.0,"speed":1.0,"floorPosition":87.77142},{"type":2,"time":3360,"positionX":0.0,"holdTime":0.0,"speed":1.0,"floorPosition":88.542854},{"type":2,"time":3392,"positionX":0.0,"holdTime":0.0,"speed":1.0,"floorPosition":89.31428},{"type":2,"time":3424,"positionX":0.0,"holdTime":0.0,"speed":1.0,"floorPosition":90.08571},{"type":3,"time":3456,"positionX":-0.0283289,"holdTime":240.0,"speed":1.8,"floorPosition":90.85714},{"type":3,"time":3712,"positionX":-0.01416397,"holdTime":224.0,"speed":1.8,"floorPosition":97.028564},{"type":3,"time":5056,"positionX":-4.943342,"holdTime":64.0,"speed":1.8,"floorPosition":129.42856},{"type":3,"time":5184,"positionX":5.226629,"holdTime":64.0,"speed":1.8,"floorPosition":132.51428},{"type":3,"time":5440,"positionX":-5.056658,"holdTime":64.0,"speed":1.8,"floorPosition":138.68571},{"type":1,"time":5632,"positionX":-2.804533,"holdTime":0.0,"speed":1.0,"floorPosition":143.31429},{"type":1,"time":5664,"positionX":3.116148,"holdTime":0.0,"speed":1.0,"floorPosition":144.08571},{"type":1,"time":5675,"positionX":-0.01416397,"holdTime":0.0,"speed":1.0,"floorPosition":144.35089},{"type":1,"time":5685,"positionX":3.073655,"holdTime":0.0,"speed":1.0,"floorPosition":144.59196},{"type":3,"time":5696,"positionX":-0.01416397,"holdTime":32.0,"speed":1.8,"floorPosition":144.85713},{"type":3,"time":5728,"positionX":3.073655,"holdTime":32.0,"speed":1.8,"floorPosition":145.62857},{"type":3,"time":5760,"positionX":-3.909348,"holdTime":32.0,"speed":1.8,"floorPosition":146.4},{"type":2,"time":5792,"positionX":-0.01416397,"holdTime":0.0,"speed":1.0,"floorPosition":147.17142},{"type":2,"time":5800,"positionX":1.104816,"holdTime":0.0,"speed":1.0,"floorPosition":147.36427},{"type":2,"time":5808,"positionX":1.756374,"holdTime":0.0,"speed":1.0,"floorPosition":147.55713},{"type":2,"time":5816,"positionX":2.492918,"holdTime":0.0,"speed":1.0,"floorPosition":147.75},{"type":1,"time":5824,"positionX":-1.742209,"holdTime":0.0,"speed":1.0,"floorPosition":147.94286},{"type":1,"time":5840,"positionX":-1.11898,"holdTime":0.0,"speed":1.0,"floorPosition":148.32857},{"type":3,"time":5856,"positionX":-0.4674225,"holdTime":16.0,"speed":1.8,"floorPosition":148.71428},{"type":1,"time":5888,"positionX":3.441926,"holdTime":0.0,"speed":1.0,"floorPosition":149.4857},{"type":1,"time":5909,"positionX":-0.7365437,"holdTime":0.0,"speed":1.0,"floorPosition":149.99196},{"type":1,"time":5920,"positionX":1.770538,"holdTime":0.0,"speed":1.0,"floorPosition":150.25714},{"type":1,"time":5931,"positionX":-3.172805,"holdTime":0.0,"speed":1.0,"floorPosition":150.52231},{"type":1,"time":5941,"positionX":-0.0283289,"holdTime":0.0,"speed":1.0,"floorPosition":150.76338},{"type":2,"time":5952,"positionX":-3.994334,"holdTime":0.0,"speed":1.0,"floorPosition":151.02856},{"type":2,"time":5960,"positionX":-2.790368,"holdTime":0.0,"speed":1.0,"floorPosition":151.22142},{"type":2,"time":5968,"positionX":-2.195467,"holdTime":0.0,"speed":1.0,"floorPosition":151.41428},{"type":2,"time":5976,"positionX":-1.800283,"holdTime":0.0,"speed":1.0,"floorPosition":151.60713},{"type":2,"time":5984,"positionX":-1.444758,"holdTime":0.0,"speed":1.0,"floorPosition":151.79999},{"type":3,"time":5984,"positionX":2.648726,"holdTime":32.0,"speed":1.8,"floorPosition":151.79999},{"type":2,"time":5992,"positionX":-1.151558,"holdTime":0.0,"speed":1.0,"floorPosition":151.99284},{"type":2,"time":6000,"positionX":-0.934845,"holdTime":0.0,"speed":1.0,"floorPosition":152.18571},{"type":2,"time":6008,"positionX":-0.8073654,"holdTime":0.0,"speed":1.0,"floorPosition":152.37857},{"type":2,"time":6048,"positionX":-3.65439,"holdTime":0.0,"speed":1.0,"floorPosition":153.34285},{"type":2,"time":6056,"positionX":-2.875355,"holdTime":0.0,"speed":1.0,"floorPosition":153.5357},{"type":2,"time":6064,"positionX":-2.314448,"holdTime":0.0,"speed":1.0,"floorPosition":153.72856},{"type":2,"time":6072,"positionX":-1.756373,"holdTime":0.0,"speed":1.0,"floorPosition":153.92142},{"type":1,"time":6080,"positionX":2.606232,"holdTime":0.0,"speed":1.0,"floorPosition":154.11427},{"type":1,"time":6096,"positionX":2.606232,"holdTime":0.0,"speed":1.0,"floorPosition":154.5},{"type":3,"time":6112,"positionX":2.620397,"holdTime":16.0,"speed":1.8,"floorPosition":154.88571},{"type":1,"time":6144,"positionX":-2.393768,"holdTime":0.0,"speed":1.0,"floorPosition":155.65714},{"type":2,"time":6176,"positionX":4.135978,"holdTime":0.0,"speed":1.0,"floorPosition":156.42856},{"type":2,"time":6184,"positionX":3.172804,"holdTime":0.0,"speed":1.0,"floorPosition":156.62141},{"type":2,"time":6192,"positionX":2.351274,"holdTime":0.0,"speed":1.0,"floorPosition":156.81429},{"type":2,"time":6200,"positionX":1.558074,"holdTime":0.0,"speed":1.0,"floorPosition":157.00714},{"type":3,"time":6208,"positionX":-2.917847,"holdTime":32.0,"speed":1.8,"floorPosition":157.2},{"type":3,"time":6240,"positionX":2.46459,"holdTime":32.0,"speed":1.8,"floorPosition":157.97142},{"type":2,"time":6272,"positionX":-2.124645,"holdTime":0.0,"speed":1.0,"floorPosition":158.74284},{"type":2,"time":6288,"positionX":-2.847026,"holdTime":0.0,"speed":1.0,"floorPosition":159.12857},{"type":2,"time":6296,"positionX":-3.286119,"holdTime":0.0,"speed":1.0,"floorPosition":159.32143},{"type":2,"time":6304,"positionX":-3.682719,"holdTime":0.0,"speed":1.0,"floorPosition":159.51428},{"type":2,"time":6312,"positionX":-3.937677,"holdTime":0.0,"speed":1.0,"floorPosition":159.70714},{"type":2,"time":6320,"positionX":-3.597734,"holdTime":0.0,"speed":1.0,"floorPosition":159.9},{"type":2,"time":6328,"positionX":-3.130312,"holdTime":0.0,"speed":1.0,"floorPosition":160.09285},{"type":2,"time":6336,"positionX":-2.592068,"holdTime":0.0,"speed":1.0,"floorPosition":160.2857},{"type":3,"time":6336,"positionX":4.178471,"holdTime":16.0,"speed":1.8,"floorPosition":160.2857},{"type":2,"time":6344,"positionX":-2.266289,"holdTime":0.0,"speed":1.0,"floorPosition":160.47856},{"type":2,"time":6352,"positionX":-1.898017,"holdTime":0.0,"speed":1.0,"floorPosition":160.67142},{"type":2,"time":6360,"positionX":-1.51558,"holdTime":0.0,"speed":1.0,"floorPosition":160.86427},{"type":2,"time":6368,"positionX":-1.175637,"holdTime":0.0,"speed":1.0,"floorPosition":161.05713},{"type":3,"time":6368,"positionX":1.983003,"holdTime":32.0,"speed":1.8,"floorPosition":161.05713},{"type":3,"time":6512,"positionX":-2.790368,"holdTime":16.0,"speed":1.8,"floorPosition":164.52856},{"type":1,"time":6528,"positionX":2.46459,"holdTime":0.0,"speed":1.0,"floorPosition":164.91428},{"type":1,"time":6592,"positionX":3.95184,"holdTime":0.0,"speed":1.0,"floorPosition":166.45714},{"type":1,"time":6656,"positionX":-0.8781872,"holdTime":0.0,"speed":1.0,"floorPosition":168.0},{"type":1,"time":6720,"positionX":1.954674,"holdTime":0.0,"speed":1.0,"floorPosition":169.54285},{"type":1,"time":6784,"positionX":-3.668555,"holdTime":0.0,"speed":1.0,"floorPosition":171.08571},{"type":1,"time":6848,"positionX":0.04249191,"holdTime":0.0,"speed":1.0,"floorPosition":172.62857},{"type":1,"time":6912,"positionX":-5.609065,"holdTime":0.0,"speed":1.0,"floorPosition":174.17142},{"type":1,"time":6976,"positionX":3.116148,"holdTime":0.0,"speed":1.0,"floorPosition":175.71428},{"type":1,"time":7040,"positionX":-2.691218,"holdTime":0.0,"speed":1.0,"floorPosition":177.25714},{"type":1,"time":7104,"positionX":2.53541,"holdTime":0.0,"speed":1.0,"floorPosition":178.79999},{"type":1,"time":7168,"positionX":-5.609065,"holdTime":0.0,"speed":1.0,"floorPosition":180.34285},{"type":1,"time":7232,"positionX":4.674221,"holdTime":0.0,"speed":1.0,"floorPosition":181.88571},{"type":3,"time":7296,"positionX":0.01416397,"holdTime":128.0,"speed":1.8,"floorPosition":183.42856},{"type":2,"time":7424,"positionX":-0.0283289,"holdTime":0.0,"speed":1.0,"floorPosition":186.51428},{"type":2,"time":7432,"positionX":-0.3824368,"holdTime":0.0,"speed":1.0,"floorPosition":186.75},{"type":2,"time":7440,"positionX":-1.189802,"holdTime":0.0,"speed":1.0,"floorPosition":186.98572},{"type":2,"time":7448,"positionX":-2.025496,"holdTime":0.0,"speed":1.0,"floorPosition":187.22142},{"type":2,"time":7456,"positionX":0.0,"holdTime":0.0,"speed":1.0,"floorPosition":187.45714},{"type":2,"time":7464,"positionX":0.5665722,"holdTime":0.0,"speed":1.0,"floorPosition":187.69286},{"type":2,"time":7472,"positionX":1.104816,"holdTime":0.0,"speed":1.0,"floorPosition":187.92857},{"type":2,"time":7480,"positionX":1.94051,"holdTime":0.0,"speed":1.0,"floorPosition":188.16428},{"type":2,"time":7488,"positionX":-0.934845,"holdTime":0.0,"speed":1.0,"floorPosition":188.4},{"type":2,"time":7496,"positionX":-1.671389,"holdTime":0.0,"speed":1.0,"floorPosition":188.63571},{"type":2,"time":7504,"positionX":-2.46459,"holdTime":0.0,"speed":1.0,"floorPosition":188.87143},{"type":2,"time":7512,"positionX":-3.15864,"holdTime":0.0,"speed":1.0,"floorPosition":189.10713},{"type":2,"time":7520,"positionX":0.8781872,"holdTime":0.0,"speed":1.0,"floorPosition":189.34285},{"type":2,"time":7528,"positionX":1.466006,"holdTime":0.0,"speed":1.0,"floorPosition":189.57857},{"type":2,"time":7536,"positionX":2.03966,"holdTime":0.0,"speed":1.0,"floorPosition":189.81429},{"type":2,"time":7544,"positionX":2.988668,"holdTime":0.0,"speed":1.0,"floorPosition":190.05},{"type":1,"time":7552,"positionX":-1.855524,"holdTime":0.0,"speed":1.0,"floorPosition":190.2857},{"type":1,"time":7584,"positionX":2.804532,"holdTime":0.0,"speed":1.0,"floorPosition":191.05713},{"type":2,"time":7600,"positionX":-3.144476,"holdTime":0.0,"speed":1.0,"floorPosition":191.44286},{"type":2,"time":7608,"positionX":-2.37016,"holdTime":0.0,"speed":1.0,"floorPosition":191.63571},{"type":2,"time":7616,"positionX":-1.600567,"holdTime":0.0,"speed":1.0,"floorPosition":191.82857},{"type":1,"time":7632,"positionX":2.422095,"holdTime":0.0,"speed":1.0,"floorPosition":192.21428},{"type":1,"time":7648,"positionX":-4.787536,"holdTime":0.0,"speed":1.0,"floorPosition":192.59999},{"type":1,"time":7680,"positionX":2.648726,"holdTime":0.0,"speed":1.0,"floorPosition":193.37141},{"type":1,"time":7712,"positionX":-1.628896,"holdTime":0.0,"speed":1.0,"floorPosition":194.14285},{"type":2,"time":7728,"positionX":3.725213,"holdTime":0.0,"speed":1.0,"floorPosition":194.52856},{"type":2,"time":7736,"positionX":2.634561,"holdTime":0.0,"speed":1.0,"floorPosition":194.72142},{"type":2,"time":7744,"positionX":1.444759,"holdTime":0.0,"speed":1.0,"floorPosition":194.91428},{"type":1,"time":7760,"positionX":-3.002832,"holdTime":0.0,"speed":1.0,"floorPosition":195.29999},{"type":1,"time":7776,"positionX":3.172804,"holdTime":0.0,"speed":1.0,"floorPosition":195.6857},{"type":1,"time":7808,"positionX":-0.325779,"holdTime":0.0,"speed":1.0,"floorPosition":196.45714},{"type":1,"time":7824,"positionX":2.393768,"holdTime":0.0,"speed":1.0,"floorPosition":196.84285},{"type":1,"time":7840,"positionX":-2.847026,"holdTime":0.0,"speed":1.0,"floorPosition":197.22856},{"type":1,"time":7856,"positionX":-2.932011,"holdTime":0.0,"speed":1.0,"floorPosition":197.61427},{"type":1,"time":7872,"positionX":2.223797,"holdTime":0.0,"speed":1.0,"floorPosition":197.99998},{"type":1,"time":7888,"positionX":-0.1416435,"holdTime":0.0,"speed":1.0,"floorPosition":198.38571},{"type":1,"time":7904,"positionX":4.419264,"holdTime":0.0,"speed":1.0,"floorPosition":198.77142},{"type":1,"time":7920,"positionX":4.419264,"holdTime":0.0,"speed":1.0,"floorPosition":199.15714},{"type":1,"time":7936,"positionX":-3.909348,"holdTime":0.0,"speed":1.0,"floorPosition":199.54285},{"type":1,"time":7968,"positionX":-3.725212,"holdTime":0.0,"speed":1.0,"floorPosition":200.31427},{"type":1,"time":8000,"positionX":-1.458923,"holdTime":0.0,"speed":1.0,"floorPosition":201.08571},{"type":1,"time":8032,"positionX":-1.473087,"holdTime":0.0,"speed":1.0,"floorPosition":201.85713},{"type":1,"time":8064,"positionX":1.189802,"holdTime":0.0,"speed":1.0,"floorPosition":202.62856},{"type":1,"time":8096,"positionX":-3.512748,"holdTime":0.0,"speed":1.0,"floorPosition":203.4},{"type":2,"time":8112,"positionX":3.314447,"holdTime":0.0,"speed":1.0,"floorPosition":203.7857},{"type":2,"time":8120,"positionX":2.322947,"holdTime":0.0,"speed":1.0,"floorPosition":203.97856},{"type":2,"time":8128,"positionX":1.392351,"holdTime":0.0,"speed":1.0,"floorPosition":204.17142},{"type":1,"time":8144,"positionX":-1.529745,"holdTime":0.0,"speed":1.0,"floorPosition":204.55713},{"type":1,"time":8160,"positionX":4.47592,"holdTime":0.0,"speed":1.0,"floorPosition":204.94284},{"type":1,"time":8192,"positionX":-2.946176,"holdTime":0.0,"speed":1.0,"floorPosition":205.71428},{"type":1,"time":8224,"positionX":3.130311,"holdTime":0.0,"speed":1.0,"floorPosition":206.4857},{"type":2,"time":8240,"positionX":-3.271955,"holdTime":0.0,"speed":1.0,"floorPosition":206.87141},{"type":2,"time":8248,"positionX":-2.587347,"holdTime":0.0,"speed":1.0,"floorPosition":207.06427},{"type":2,"time":8256,"positionX":-1.784702,"holdTime":0.0,"speed":1.0,"floorPosition":207.25714},{"type":1,"time":8272,"positionX":3.087819,"holdTime":0.0,"speed":1.0,"floorPosition":207.64285},{"type":1,"time":8288,"positionX":-4.376771,"holdTime":0.0,"speed":1.0,"floorPosition":208.02856},{"type":1,"time":8320,"positionX":2.66289,"holdTime":0.0,"speed":1.0,"floorPosition":208.79999},{"type":1,"time":8336,"positionX":-0.1133146,"holdTime":0.0,"speed":1.0,"floorPosition":209.1857},{"type":1,"time":8352,"positionX":5.09915,"holdTime":0.0,"speed":1.0,"floorPosition":209.57143},{"type":1,"time":8368,"positionX":4.971671,"holdTime":0.0,"speed":1.0,"floorPosition":209.95714},{"type":1,"time":8384,"positionX":-2.13881,"holdTime":0.0,"speed":1.0,"floorPosition":210.34285},{"type":1,"time":8400,"positionX":3.328612,"holdTime":0.0,"speed":1.0,"floorPosition":210.72856},{"type":1,"time":8416,"positionX":-4.065155,"holdTime":0.0,"speed":1.0,"floorPosition":211.11427},{"type":1,"time":8432,"positionX":-3.980169,"holdTime":0.0,"speed":1.0,"floorPosition":211.49998},{"type":1,"time":8448,"positionX":4.164306,"holdTime":0.0,"speed":1.0,"floorPosition":211.88571},{"type":1,"time":8480,"positionX":4.121813,"holdTime":0.0,"speed":1.0,"floorPosition":212.65714},{"type":1,"time":8512,"positionX":1.41643,"holdTime":0.0,"speed":1.0,"floorPosition":213.42856},{"type":1,"time":8544,"positionX":1.388102,"holdTime":0.0,"speed":1.0,"floorPosition":214.2},{"type":3,"time":8576,"positionX":-3.640226,"holdTime":112.0,"speed":1.8,"floorPosition":214.97142},{"type":1,"time":8608,"positionX":2.847025,"holdTime":0.0,"speed":1.0,"floorPosition":215.74284},{"type":1,"time":8632,"positionX":2.818696,"holdTime":0.0,"speed":1.0,"floorPosition":216.32143},{"type":1,"time":8656,"positionX":2.847025,"holdTime":0.0,"speed":1.0,"floorPosition":216.9},{"type":1,"time":8680,"positionX":2.719546,"holdTime":0.0,"speed":1.0,"floorPosition":217.47856},{"type":3,"time":8704,"positionX":3.838527,"holdTime":104.0,"speed":1.8,"floorPosition":218.05713},{"type":1,"time":8736,"positionX":-2.124645,"holdTime":0.0,"speed":1.0,"floorPosition":218.82857},{"type":1,"time":8768,"positionX":-2.13881,"holdTime":0.0,"speed":1.0,"floorPosition":219.59999},{"type":1,"time":8800,"positionX":-2.124645,"holdTime":0.0,"speed":1.0,"floorPosition":220.37141},{"type":3,"time":8832,"positionX":-4.631728,"holdTime":112.0,"speed":1.8,"floorPosition":221.14285},{"type":1,"time":8864,"positionX":2.407932,"holdTime":0.0,"speed":1.0,"floorPosition":221.91428},{"type":1,"time":8888,"positionX":2.365439,"holdTime":0.0,"speed":1.0,"floorPosition":222.49284},{"type":1,"time":8912,"positionX":2.23796,"holdTime":0.0,"speed":1.0,"floorPosition":223.07143},{"type":1,"time":8936,"positionX":2.266289,"holdTime":0.0,"speed":1.0,"floorPosition":223.65},{"type":3,"time":8960,"positionX":5.269122,"holdTime":112.0,"speed":1.8,"floorPosition":224.22856},{"type":1,"time":8992,"positionX":-0.934845,"holdTime":0.0,"speed":1.0,"floorPosition":224.99998},{"type":1,"time":9024,"positionX":-0.8923512,"holdTime":0.0,"speed":1.0,"floorPosition":225.77142},{"type":1,"time":9056,"positionX":-1.033994,"holdTime":0.0,"speed":1.0,"floorPosition":226.54285},{"type":3,"time":9088,"positionX":-3.045326,"holdTime":112.0,"speed":1.8,"floorPosition":227.31427},{"type":1,"time":9120,"positionX":3.498584,"holdTime":0.0,"speed":1.0,"floorPosition":228.08571},{"type":1,"time":9144,"positionX":3.456089,"holdTime":0.0,"speed":1.0,"floorPosition":228.66428},{"type":1,"time":9168,"positionX":3.456089,"holdTime":0.0,"speed":1.0,"floorPosition":229.24284},{"type":1,"time":9192,"positionX":3.385268,"holdTime":0.0,"speed":1.0,"floorPosition":229.82143},{"type":3,"time":9216,"positionX":2.76204,"holdTime":112.0,"speed":1.8,"floorPosition":230.4},{"type":1,"time":9248,"positionX":-1.784702,"holdTime":0.0,"speed":1.0,"floorPosition":231.17142},{"type":1,"time":9280,"positionX":-2.946176,"holdTime":0.0,"speed":1.0,"floorPosition":231.94284},{"type":1,"time":9312,"positionX":-4.065155,"holdTime":0.0,"speed":1.0,"floorPosition":232.71428},{"type":3,"time":9344,"positionX":-5.226629,"holdTime":112.0,"speed":1.8,"floorPosition":233.4857},{"type":1,"time":9376,"positionX":-1.076488,"holdTime":0.0,"speed":1.0,"floorPosition":234.25713},{"type":1,"time":9400,"positionX":0.5949011,"holdTime":0.0,"speed":1.0,"floorPosition":234.83571},{"type":1,"time":9424,"positionX":2.110482,"holdTime":0.0,"speed":1.0,"floorPosition":235.41428},{"type":1,"time":9448,"positionX":3.682719,"holdTime":0.0,"speed":1.0,"floorPosition":235.99284},{"type":3,"time":9472,"positionX":5.141644,"holdTime":112.0,"speed":1.8,"floorPosition":236.57141},{"type":1,"time":9504,"positionX":-0.0283289,"holdTime":0.0,"speed":1.0,"floorPosition":237.34285},{"type":1,"time":9536,"positionX":-3.016996,"holdTime":0.0,"speed":1.0,"floorPosition":238.11427},{"type":1,"time":9568,"positionX":0.0283289,"holdTime":0.0,"speed":1.0,"floorPosition":238.88571},{"type":3,"time":9600,"positionX":-2.507082,"holdTime":16.0,"speed":1.8,"floorPosition":239.65714},{"type":3,"time":9664,"positionX":2.719546,"holdTime":16.0,"speed":1.8,"floorPosition":241.2},{"type":3,"time":9680,"positionX":-2.592068,"holdTime":16.0,"speed":1.8,"floorPosition":241.58571},{"type":3,"time":9696,"positionX":4.546742,"holdTime":16.0,"speed":1.8,"floorPosition":241.97142},{"type":3,"time":9760,"positionX":1.855524,"holdTime":16.0,"speed":1.7,"floorPosition":243.47142},{"type":3,"time":9792,"positionX":-2.691218,"holdTime":16.0,"speed":1.7,"floorPosition":244.19998},{"type":3,"time":9808,"positionX":0.8498583,"holdTime":16.0,"speed":1.7,"floorPosition":244.56427},{"type":3,"time":9824,"positionX":-5.028329,"holdTime":16.0,"speed":1.7,"floorPosition":244.92856},{"type":3,"time":9920,"positionX":-0.0283289,"holdTime":16.0,"speed":1.6,"floorPosition":247.02856},{"type":3,"time":9952,"positionX":3.909348,"holdTime":16.0,"speed":1.6,"floorPosition":247.71428},{"type":3,"time":9984,"positionX":-3.78187,"holdTime":16.0,"speed":1.6,"floorPosition":248.4},{"type":3,"time":10016,"positionX":1.104816,"holdTime":16.0,"speed":1.6,"floorPosition":249.08571},{"type":3,"time":10048,"positionX":-2.450425,"holdTime":16.0,"speed":1.6,"floorPosition":249.77142},{"type":3,"time":10080,"positionX":3.626061,"holdTime":16.0,"speed":1.6,"floorPosition":250.45714},{"type":3,"time":10112,"positionX":-4.589235,"holdTime":16.0,"speed":1.5,"floorPosition":251.14285},{"type":3,"time":10176,"positionX":2.549576,"holdTime":16.0,"speed":1.5,"floorPosition":252.42857},{"type":3,"time":10192,"positionX":-1.586402,"holdTime":16.0,"speed":1.5,"floorPosition":252.75},{"type":3,"time":10208,"positionX":4.773371,"holdTime":16.0,"speed":1.5,"floorPosition":253.07143},{"type":3,"time":10272,"positionX":-0.1133146,"holdTime":16.0,"speed":1.4,"floorPosition":254.31429},{"type":3,"time":10304,"positionX":3.470255,"holdTime":16.0,"speed":1.4,"floorPosition":254.91428},{"type":3,"time":10320,"positionX":-2.549575,"holdTime":16.0,"speed":1.4,"floorPosition":255.21428},{"type":3,"time":10336,"positionX":5.141644,"holdTime":16.0,"speed":1.4,"floorPosition":255.51428},{"type":3,"time":10432,"positionX":-3.88102,"holdTime":16.0,"speed":1.3,"floorPosition":257.22858},{"type":3,"time":10448,"positionX":1.033994,"holdTime":16.0,"speed":1.3,"floorPosition":257.50714},{"type":3,"time":10464,"positionX":-1.954674,"holdTime":16.0,"speed":1.3,"floorPosition":257.7857},{"type":3,"time":10480,"positionX":3.866855,"holdTime":16.0,"speed":1.3,"floorPosition":258.0643},{"type":3,"time":10496,"positionX":0.01416397,"holdTime":16.0,"speed":1.3,"floorPosition":258.34286},{"type":3,"time":10528,"positionX":-3.045326,"holdTime":16.0,"speed":1.3,"floorPosition":258.9},{"type":3,"time":10560,"positionX":-4.886685,"holdTime":16.0,"speed":1.3,"floorPosition":259.45715},{"type":3,"time":10592,"positionX":-6.883852,"holdTime":16.0,"speed":1.3,"floorPosition":260.01428},{"type":3,"time":10624,"positionX":-0.0283289,"holdTime":128.0,"speed":1.3,"floorPosition":260.57144}],"notesBelow":[{"type":1,"time":4032,"positionX":-5.339943,"holdTime":0.0,"speed":1.0,"floorPosition":104.74285},{"type":1,"time":4043,"positionX":-1.572239,"holdTime":0.0,"speed":1.0,"floorPosition":105.00803},{"type":1,"time":4053,"positionX":-5.240791,"holdTime":0.0,"speed":1.0,"floorPosition":105.2491},{"type":1,"time":4064,"positionX":-1.614731,"holdTime":0.0,"speed":1.0,"floorPosition":105.51428},{"type":1,"time":4075,"positionX":-5.311615,"holdTime":0.0,"speed":1.0,"floorPosition":105.77946},{"type":1,"time":4085,"positionX":-1.515581,"holdTime":0.0,"speed":1.0,"floorPosition":106.02053},{"type":1,"time":4096,"positionX":-5.254959,"holdTime":0.0,"speed":1.0,"floorPosition":106.285706},{"type":1,"time":4128,"positionX":1.898018,"holdTime":0.0,"speed":1.0,"floorPosition":107.05714},{"type":1,"time":4139,"positionX":-1.756374,"holdTime":0.0,"speed":1.0,"floorPosition":107.32232},{"type":1,"time":4149,"positionX":1.784702,"holdTime":0.0,"speed":1.0,"floorPosition":107.563385},{"type":1,"time":4160,"positionX":-1.912182,"holdTime":0.0,"speed":1.0,"floorPosition":107.82857},{"type":1,"time":4192,"positionX":1.643059,"holdTime":0.0,"speed":1.0,"floorPosition":108.59999},{"type":1,"time":4288,"positionX":6.203966,"holdTime":0.0,"speed":1.0,"floorPosition":110.914276},{"type":1,"time":4320,"positionX":2.365438,"holdTime":0.0,"speed":1.0,"floorPosition":111.68571},{"type":1,"time":4336,"positionX":2.422096,"holdTime":0.0,"speed":1.0,"floorPosition":112.07143},{"type":1,"time":4352,"positionX":5.906517,"holdTime":0.0,"speed":1.0,"floorPosition":112.45714},{"type":1,"time":4384,"positionX":2.450424,"holdTime":0.0,"speed":1.0,"floorPosition":113.22857},{"type":1,"time":4395,"positionX":5.72238,"holdTime":0.0,"speed":1.0,"floorPosition":113.493744},{"type":1,"time":4405,"positionX":2.308781,"holdTime":0.0,"speed":1.0,"floorPosition":113.73482},{"type":1,"time":4416,"positionX":5.665722,"holdTime":0.0,"speed":1.0,"floorPosition":113.99999},{"type":1,"time":4448,"positionX":2.03966,"holdTime":0.0,"speed":1.0,"floorPosition":114.77142},{"type":1,"time":4544,"positionX":-4.730877,"holdTime":0.0,"speed":1.0,"floorPosition":117.08571},{"type":1,"time":4555,"positionX":-1.798866,"holdTime":0.0,"speed":1.0,"floorPosition":117.35088},{"type":1,"time":4565,"positionX":-4.830029,"holdTime":0.0,"speed":1.0,"floorPosition":117.59196},{"type":1,"time":4576,"positionX":-1.784702,"holdTime":0.0,"speed":1.0,"floorPosition":117.85714},{"type":1,"time":4587,"positionX":-4.830029,"holdTime":0.0,"speed":1.0,"floorPosition":118.122314},{"type":1,"time":4597,"positionX":-1.81303,"holdTime":0.0,"speed":1.0,"floorPosition":118.36339},{"type":1,"time":4608,"positionX":-5.070824,"holdTime":0.0,"speed":1.0,"floorPosition":118.62856},{"type":1,"time":4640,"positionX":-1.728045,"holdTime":0.0,"speed":1.0,"floorPosition":119.399994},{"type":1,"time":4651,"positionX":-4.985836,"holdTime":0.0,"speed":1.0,"floorPosition":119.66517},{"type":1,"time":4661,"positionX":-1.756374,"holdTime":0.0,"speed":1.0,"floorPosition":119.90624},{"type":1,"time":4672,"positionX":-5.056656,"holdTime":0.0,"speed":1.0,"floorPosition":120.171425},{"type":1,"time":4704,"positionX":-1.728045,"holdTime":0.0,"speed":1.0,"floorPosition":120.94285},{"type":1,"time":4800,"positionX":4.461758,"holdTime":0.0,"speed":1.0,"floorPosition":123.25713},{"type":1,"time":4816,"positionX":1.189802,"holdTime":0.0,"speed":1.0,"floorPosition":123.64285},{"type":1,"time":4832,"positionX":-1.515581,"holdTime":0.0,"speed":1.0,"floorPosition":124.028564},{"type":1,"time":4848,"positionX":-4.178471,"holdTime":0.0,"speed":1.0,"floorPosition":124.414276},{"type":3,"time":4864,"positionX":3.767704,"holdTime":16.0,"speed":1.8,"floorPosition":124.799995},{"type":3,"time":4896,"positionX":1.133144,"holdTime":16.0,"speed":1.8,"floorPosition":125.57142},{"type":3,"time":4928,"positionX":-1.303116,"holdTime":16.0,"speed":1.8,"floorPosition":126.34285},{"type":3,"time":4960,"positionX":-3.824364,"holdTime":16.0,"speed":1.8,"floorPosition":127.11428},{"type":4,"time":4976,"positionX":-0.01416397,"holdTime":0.0,"speed":1.0,"floorPosition":127.49999},{"type":3,"time":5312,"positionX":-0.04249191,"holdTime":64.0,"speed":1.8,"floorPosition":135.59999}],"speedEvents":[{"startTime":0.0,"endTime":128.0,"value":1.2},{"startTime":128.0,"endTime":256.0,"value":5.0},{"startTime":256.0,"endTime":3200.0,"value":1.8},{"startTime":3200.0,"endTime":3328.0,"value":3.6},{"startTime":3328.0,"endTime":7424.0,"value":1.8},{"startTime":7424.0,"endTime":7552.0,"value":2.2},{"startTime":7552.0,"endTime":9728.0,"value":1.8},{"startTime":9728.0,"endTime":9856.0,"value":1.7},{"startTime":9856.0,"endTime":10112.0,"value":1.6},{"startTime":10112.0,"endTime":10240.0,"value":1.5},{"startTime":10240.0,"endTime":10368.0,"value":1.4},{"startTime":10368.0,"endTime":1000000000.0,"value":1.3}],"judgeLineMoveEvents":[{"startTime":-999999.0,"endTime":128.0,"start":0.5,"end":0.5,"start2":0.5,"end2":0.5},{"startTime":128.0,"endTime":2688.0,"start":0.5,"end":0.5,"start2":0.2,"end2":0.2},{"startTime":2688.0,"endTime":3200.0,"start":0.5,"end":0.48,"start2":0.2,"end2":0.2},{"startTime":3200.0,"endTime":3202.0,"start":0.48,"end":0.48,"start2":0.2,"end2":0.2},{"startTime":3202.0,"endTime":3204.0,"start":0.52,"end":0.52,"start2":0.2,"end2":0.2},{"startTime":3204.0,"endTime":3206.0,"start":0.48,"end":0.48,"start2":0.2,"end2":0.2},{"startTime":3206.0,"endTime":3208.0,"start":0.52,"end":0.52,"start2":0.2,"end2":0.2},{"startTime":3208.0,"endTime":3210.0,"start":0.48,"end":0.48,"start2":0.2,"end2":0.2},{"startTime":3210.0,"endTime":3212.0,"start":0.52,"end":0.52,"start2":0.2,"end2":0.2},{"startTime":3212.0,"endTime":3214.0,"start":0.48,"end":0.48,"start2":0.2,"end2":0.2},{"startTime":3214.0,"endTime":3216.0,"start":0.52,"end":0.52,"start2":0.2,"end2":0.2},{"startTime":3216.0,"endTime":3218.0,"start":0.48,"end":0.48,"start2":0.2,"end2":0.2},{"startTime":3218.0,"endTime":3220.0,"start":0.52,"end":0.52,"start2":0.2,"end2":0.2},{"startTime":3220.0,"endTime":3222.0,"start":0.48,"end":0.48,"start2":0.2,"end2":0.2},{"startTime":3222.0,"endTime":3224.0,"start":0.52,"end":0.52,"start2":0.2,"end2":0.2},{"startTime":3224.0,"endTime":3226.0,"start":0.48,"end":0.48,"start2":0.2,"end2":0.2},{"startTime":3226.0,"endTime":3228.0,"start":0.52,"end":0.52,"start2":0.2,"end2":0.2},{"startTime":3228.0,"endTime":3230.0,"start":0.48,"end":0.48,"start2":0.2,"end2":0.2},{"startTime":3230.0,"endTime":3232.0,"start":0.52,"end":0.52,"start2":0.2,"end2":0.2},{"startTime":3232.0,"endTime":3234.0,"start":0.48,"end":0.48,"start2":0.2,"end2":0.2},{"startTime":3234.0,"endTime":3236.0,"start":0.52,"end":0.52,"start2":0.2,"end2":0.2},{"startTime":3236.0,"endTime":3238.0,"start":0.48,"end":0.48,"start2":0.2,"end2":0.2},{"startTime":3238.0,"endTime":3240.0,"start":0.52,"end":0.52,"start2":0.2,"end2":0.2},{"startTime":3240.0,"endTime":3242.0,"start":0.48,"end":0.48,"start2":0.2,"end2":0.2},{"startTime":3242.0,"endTime":3244.0,"start":0.52,"end":0.52,"start2":0.2,"end2":0.2},{"startTime":3244.0,"endTime":3246.0,"start":0.48,"end":0.48,"start2":0.2,"end2":0.2},{"startTime":3246.0,"endTime":3248.0,"start":0.52,"end":0.52,"start2":0.2,"end2":0.2},{"startTime":3248.0,"endTime":3250.0,"start":0.48,"end":0.48,"start2":0.2,"end2":0.2},{"startTime":3250.0,"endTime":3252.0,"start":0.52,"end":0.52,"start2":0.2,"end2":0.2},{"startTime":3252.0,"endTime":3254.0,"start":0.48,"end":0.48,"start2":0.2,"end2":0.2},{"startTime":3254.0,"endTime":3256.0,"start":0.52,"end":0.52,"start2":0.2,"end2":0.2},{"startTime":3256.0,"endTime":3258.0,"start":0.48,"end":0.48,"start2":0.2,"end2":0.2},{"startTime":3258.0,"endTime":3260.0,"start":0.52,"end":0.52,"start2":0.2,"end2":0.2},{"startTime":3260.0,"endTime":3262.0,"start":0.48,"end":0.48,"start2":0.2,"end2":0.2},{"startTime":3262.0,"endTime":3264.0,"start":0.52,"end":0.52,"start2":0.2,"end2":0.2},{"startTime":3264.0,"endTime":3266.0,"start":0.48,"end":0.48,"start2":0.2,"end2":0.2},{"startTime":3266.0,"endTime":3268.0,"start":0.52,"end":0.52,"start2":0.2,"end2":0.2},{"startTime":3268.0,"endTime":3270.0,"start":0.48,"end":0.48,"start2":0.2,"end2":0.2},{"startTime":3270.0,"endTime":3272.0,"start":0.52,"end":0.52,"start2":0.2,"end2":0.2},{"startTime":3272.0,"endTime":3274.0,"start":0.48,"end":0.48,"start2":0.2,"end2":0.2},{"startTime":3274.0,"endTime":3276.0,"start":0.52,"end":0.52,"start2":0.2,"end2":0.2},{"startTime":3276.0,"endTime":3278.0,"start":0.48,"end":0.48,"start2":0.2,"end2":0.2},{"startTime":3278.0,"endTime":3280.0,"start":0.52,"end":0.52,"start2":0.2,"end2":0.2},{"startTime":3280.0,"endTime":3282.0,"start":0.48,"end":0.48,"start2":0.2,"end2":0.2},{"startTime":3282.0,"endTime":3284.0,"start":0.52,"end":0.52,"start2":0.2,"end2":0.2},{"startTime":3284.0,"endTime":3286.0,"start":0.48,"end":0.48,"start2":0.2,"end2":0.2},{"startTime":3286.0,"endTime":3288.0,"start":0.52,"end":0.52,"start2":0.2,"end2":0.2},{"startTime":3288.0,"endTime":3290.0,"start":0.48,"end":0.48,"start2":0.2,"end2":0.2},{"startTime":3290.0,"endTime":3292.0,"start":0.52,"end":0.52,"start2":0.2,"end2":0.2},{"startTime":3292.0,"endTime":3294.0,"start":0.48,"end":0.48,"start2":0.2,"end2":0.2},{"startTime":3294.0,"endTime":3296.0,"start":0.52,"end":0.52,"start2":0.2,"end2":0.2},{"startTime":3296.0,"endTime":3298.0,"start":0.48,"end":0.48,"start2":0.2,"end2":0.2},{"startTime":3298.0,"endTime":3300.0,"start":0.52,"end":0.52,"start2":0.2,"end2":0.2},{"startTime":3300.0,"endTime":3302.0,"start":0.48,"end":0.48,"start2":0.2,"end2":0.2},{"startTime":3302.0,"endTime":3304.0,"start":0.52,"end":0.52,"start2":0.2,"end2":0.2},{"startTime":3304.0,"endTime":3306.0,"start":0.48,"end":0.48,"start2":0.2,"end2":0.2},{"startTime":3306.0,"endTime":3308.0,"start":0.52,"end":0.52,"start2":0.2,"end2":0.2},{"startTime":3308.0,"endTime":3310.0,"start":0.48,"end":0.48,"start2":0.2,"end2":0.2},{"startTime":3310.0,"endTime":3312.0,"start":0.52,"end":0.52,"start2":0.2,"end2":0.2},{"startTime":3312.0,"endTime":3314.0,"start":0.48,"end":0.48,"start2":0.2,"end2":0.2},{"startTime":3314.0,"endTime":3316.0,"start":0.52,"end":0.52,"start2":0.2,"end2":0.2},{"startTime":3316.0,"endTime":3318.0,"start":0.48,"end":0.48,"start2":0.2,"end2":0.2},{"startTime":3318.0,"endTime":3320.0,"start":0.52,"end":0.52,"start2":0.2,"end2":0.2},{"startTime":3320.0,"endTime":3322.0,"start":0.48,"end":0.48,"start2":0.2,"end2":0.2},{"startTime":3322.0,"endTime":3324.0,"start":0.52,"end":0.52,"start2":0.2,"end2":0.2},{"startTime":3324.0,"endTime":3326.0,"start":0.48,"end":0.48,"start2":0.2,"end2":0.2},{"startTime":3326.0,"endTime":3328.0,"start":0.52,"end":0.52,"start2":0.2,"end2":0.2},{"startTime":3328.0,"endTime":3456.0,"start":0.5,"end":0.5,"start2":0.2,"end2":0.2},{"startTime":3456.0,"endTime":3584.0,"start":0.5,"end":0.59999996,"start2":0.19999999,"end2":0.19999999},{"startTime":3584.0,"endTime":3712.0,"start":0.59999996,"end":0.5,"start2":0.19999999,"end2":0.19999999},{"startTime":3712.0,"endTime":3840.0,"start":0.5,"end":0.39999998,"start2":0.19999999,"end2":0.19999999},{"startTime":3840.0,"endTime":3968.0,"start":0.39999998,"end":0.5,"start2":0.19999999,"end2":0.19999999},{"startTime":3968.0,"endTime":4096.0,"start":0.5,"end":0.5,"start2":0.19999999,"end2":0.2},{"startTime":4096.0,"endTime":4224.0,"start":0.5,"end":0.5,"start2":0.2,"end2":0.2},{"startTime":4224.0,"endTime":4352.0,"start":0.5,"end":0.5,"start2":0.19999999,"end2":0.2},{"startTime":4352.0,"endTime":4992.0,"start":0.5,"end":0.5,"start2":0.2,"end2":0.2},{"startTime":4992.0,"endTime":4993.0,"start":0.5,"end":0.5,"start2":0.0,"end2":0.036858935},{"startTime":4993.0,"endTime":4994.0,"start":0.5,"end":0.5,"start2":0.036858935,"end2":0.07265527},{"startTime":4994.0,"endTime":4995.0,"start":0.5,"end":0.5,"start2":0.07265527,"end2":0.10725979},{"startTime":4995.0,"endTime":4996.0,"start":0.5,"end":0.5,"start2":0.10725979,"end2":0.14077821},{"startTime":4996.0,"endTime":4997.0,"start":0.5,"end":0.5,"start2":0.14077821,"end2":0.17319925},{"startTime":4997.0,"endTime":4998.0,"start":0.5,"end":0.5,"start2":0.17319925,"end2":0.20451449},{"startTime":4998.0,"endTime":4999.0,"start":0.5,"end":0.5,"start2":0.20451449,"end2":0.23482327},{"startTime":4999.0,"endTime":5000.0,"start":0.5,"end":0.5,"start2":0.23482327,"end2":0.26401},{"startTime":5000.0,"endTime":5001.0,"start":0.5,"end":0.5,"start2":0.26401,"end2":0.29225174},{"startTime":5001.0,"endTime":5002.0,"start":0.5,"end":0.5,"start2":0.29225174,"end2":0.31941053},{"startTime":5002.0,"endTime":5003.0,"start":0.5,"end":0.5,"start2":0.31941053,"end2":0.3456333},{"startTime":5003.0,"endTime":5004.0,"start":0.5,"end":0.5,"start2":0.3456333,"end2":0.37086177},{"startTime":5004.0,"endTime":5005.0,"start":0.5,"end":0.5,"start2":0.37086177,"end2":0.39514026},{"startTime":5005.0,"endTime":5006.0,"start":0.5,"end":0.5,"start2":0.39514026,"end2":0.41850978},{"startTime":5006.0,"endTime":5007.0,"start":0.5,"end":0.5,"start2":0.41850978,"end2":0.4409186},{"startTime":5007.0,"endTime":5008.0,"start":0.5,"end":0.5,"start2":0.4409186,"end2":0.4625},{"startTime":5008.0,"endTime":5009.0,"start":0.5,"end":0.5,"start2":0.4625,"end2":0.48311397},{"startTime":5009.0,"endTime":5010.0,"start":0.5,"end":0.5,"start2":0.48311397,"end2":0.5029353},{"startTime":5010.0,"endTime":5011.0,"start":0.5,"end":0.5,"start2":0.5029353,"end2":0.5218722},{"startTime":5011.0,"endTime":5012.0,"start":0.5,"end":0.5,"start2":0.5218722,"end2":0.54000825},{"startTime":5012.0,"endTime":5013.0,"start":0.5,"end":0.5,"start2":0.54000825,"end2":0.55733925},{"startTime":5013.0,"endTime":5014.0,"start":0.5,"end":0.5,"start2":0.55733925,"end2":0.5738645},{"startTime":5014.0,"endTime":5015.0,"start":0.5,"end":0.5,"start2":0.5738645,"end2":0.5896608},{"startTime":5015.0,"endTime":5016.0,"start":0.5,"end":0.5,"start2":0.5896608,"end2":0.60465},{"startTime":5016.0,"endTime":5017.0,"start":0.5,"end":0.5,"start2":0.60465,"end2":0.6189642},{"startTime":5017.0,"endTime":5018.0,"start":0.5,"end":0.5,"start2":0.6189642,"end2":0.6325105},{"startTime":5018.0,"endTime":5019.0,"start":0.5,"end":0.5,"start2":0.6325105,"end2":0.64539826},{"startTime":5019.0,"endTime":5020.0,"start":0.5,"end":0.5,"start2":0.64539826,"end2":0.65759176},{"startTime":5020.0,"endTime":5021.0,"start":0.5,"end":0.5,"start2":0.65759176,"end2":0.6691277},{"startTime":5021.0,"endTime":5022.0,"start":0.5,"end":0.5,"start2":0.6691277,"end2":0.68003976},{"startTime":5022.0,"endTime":5023.0,"start":0.5,"end":0.5,"start2":0.68003976,"end2":0.69029856},{"startTime":5023.0,"endTime":5024.0,"start":0.5,"end":0.5,"start2":0.69029856,"end2":0.7},{"startTime":5024.0,"endTime":5025.0,"start":0.5,"end":0.5,"start2":0.7,"end2":0.70905644},{"startTime":5025.0,"endTime":5026.0,"start":0.5,"end":0.5,"start2":0.70905644,"end2":0.7175903},{"startTime":5026.0,"endTime":5027.0,"start":0.5,"end":0.5,"start2":0.7175903,"end2":0.72554725},{"startTime":5027.0,"endTime":5028.0,"start":0.5,"end":0.5,"start2":0.72554725,"end2":0.73298824},{"startTime":5028.0,"endTime":5029.0,"start":0.5,"end":0.5,"start2":0.73298824,"end2":0.73991674},{"startTime":5029.0,"endTime":5030.0,"start":0.5,"end":0.5,"start2":0.73991674,"end2":0.7463395},{"startTime":5030.0,"endTime":5031.0,"start":0.5,"end":0.5,"start2":0.7463395,"end2":0.75231075},{"startTime":5031.0,"endTime":5032.0,"start":0.5,"end":0.5,"start2":0.75231075,"end2":0.75779},{"startTime":5032.0,"endTime":5033.0,"start":0.5,"end":0.5,"start2":0.75779,"end2":0.7628643},{"startTime":5033.0,"endTime":5034.0,"start":0.5,"end":0.5,"start2":0.7628643,"end2":0.7674855},{"startTime":5034.0,"endTime":5035.0,"start":0.5,"end":0.5,"start2":0.7674855,"end2":0.7717258},{"startTime":5035.0,"endTime":5036.0,"start":0.5,"end":0.5,"start2":0.7717258,"end2":0.7755718},{"startTime":5036.0,"endTime":5037.0,"start":0.5,"end":0.5,"start2":0.7755718,"end2":0.77905273},{"startTime":5037.0,"endTime":5038.0,"start":0.5,"end":0.5,"start2":0.77905273,"end2":0.78219473},{"startTime":5038.0,"endTime":5039.0,"start":0.5,"end":0.5,"start2":0.78219473,"end2":0.7849911},{"startTime":5039.0,"endTime":5040.0,"start":0.5,"end":0.5,"start2":0.7849911,"end2":0.7875},{"startTime":5040.0,"endTime":5041.0,"start":0.5,"end":0.5,"start2":0.7875,"end2":0.7896865},{"startTime":5041.0,"endTime":5042.0,"start":0.5,"end":0.5,"start2":0.7896865,"end2":0.7916203},{"startTime":5042.0,"endTime":5043.0,"start":0.5,"end":0.5,"start2":0.7916203,"end2":0.7932848},{"startTime":5043.0,"endTime":5044.0,"start":0.5,"end":0.5,"start2":0.7932848,"end2":0.7947182},{"startTime":5044.0,"endTime":5045.0,"start":0.5,"end":0.5,"start2":0.7947182,"end2":0.79593176},{"startTime":5045.0,"endTime":5046.0,"start":0.5,"end":0.5,"start2":0.79593176,"end2":0.79693955},{"startTime":5046.0,"endTime":5047.0,"start":0.5,"end":0.5,"start2":0.79693955,"end2":0.79777324},{"startTime":5047.0,"endTime":5048.0,"start":0.5,"end":0.5,"start2":0.79777324,"end2":0.79842997},{"startTime":5048.0,"endTime":5049.0,"start":0.5,"end":0.5,"start2":0.79842997,"end2":0.7989518},{"startTime":5049.0,"endTime":5050.0,"start":0.5,"end":0.5,"start2":0.7989518,"end2":0.7993355},{"startTime":5050.0,"endTime":5051.0,"start":0.5,"end":0.5,"start2":0.7993355,"end2":0.7996158},{"startTime":5051.0,"endTime":5052.0,"start":0.5,"end":0.5,"start2":0.7996158,"end2":0.79980177},{"startTime":5052.0,"endTime":5053.0,"start":0.5,"end":0.5,"start2":0.79980177,"end2":0.79991525},{"startTime":5053.0,"endTime":5054.0,"start":0.5,"end":0.5,"start2":0.79991525,"end2":0.7999747},{"startTime":5054.0,"endTime":5055.0,"start":0.5,"end":0.5,"start2":0.7999747,"end2":0.7999961},{"startTime":5055.0,"endTime":5056.0,"start":0.5,"end":0.5,"start2":0.7999961,"end2":0.8},{"startTime":5056.0,"endTime":5120.0,"start":0.5,"end":0.5,"start2":0.8,"end2":0.8},{"startTime":5120.0,"endTime":5121.0,"start":0.5,"end":0.5,"start2":0.0,"end2":0.036858935},{"startTime":5121.0,"endTime":5122.0,"start":0.5,"end":0.5,"start2":0.036858935,"end2":0.07265527},{"startTime":5122.0,"endTime":5123.0,"start":0.5,"end":0.5,"start2":0.07265527,"end2":0.10725979},{"startTime":5123.0,"endTime":5124.0,"start":0.5,"end":0.5,"start2":0.10725979,"end2":0.14077821},{"startTime":5124.0,"endTime":5125.0,"start":0.5,"end":0.5,"start2":0.14077821,"end2":0.17319925},{"startTime":5125.0,"endTime":5126.0,"start":0.5,"end":0.5,"start2":0.17319925,"end2":0.20451449},{"startTime":5126.0,"endTime":5127.0,"start":0.5,"end":0.5,"start2":0.20451449,"end2":0.23482327},{"startTime":5127.0,"endTime":5128.0,"start":0.5,"end":0.5,"start2":0.23482327,"end2":0.26401},{"startTime":5128.0,"endTime":5129.0,"start":0.5,"end":0.5,"start2":0.26401,"end2":0.29225174},{"startTime":5129.0,"endTime":5130.0,"start":0.5,"end":0.5,"start2":0.29225174,"end2":0.31941053},{"startTime":5130.0,"endTime":5131.0,"start":0.5,"end":0.5,"start2":0.31941053,"end2":0.3456333},{"startTime":5131.0,"endTime":5132.0,"start":0.5,"end":0.5,"start2":0.3456333,"end2":0.37086177},{"startTime":5132.0,"endTime":5133.0,"start":0.5,"end":0.5,"start2":0.37086177,"end2":0.39514026},{"startTime":5133.0,"endTime":5134.0,"start":0.5,"end":0.5,"start2":0.39514026,"end2":0.41850978},{"startTime":5134.0,"endTime":5135.0,"start":0.5,"end":0.5,"start2":0.41850978,"end2":0.4409186},{"startTime":5135.0,"endTime":5136.0,"start":0.5,"end":0.5,"start2":0.4409186,"end2":0.4625},{"startTime":5136.0,"endTime":5137.0,"start":0.5,"end":0.5,"start2":0.4625,"end2":0.48311397},{"startTime":5137.0,"endTime":5138.0,"start":0.5,"end":0.5,"start2":0.48311397,"end2":0.5029353},{"startTime":5138.0,"endTime":5139.0,"start":0.5,"end":0.5,"start2":0.5029353,"end2":0.5218722},{"startTime":5139.0,"endTime":5140.0,"start":0.5,"end":0.5,"start2":0.5218722,"end2":0.54000825},{"startTime":5140.0,"endTime":5141.0,"start":0.5,"end":0.5,"start2":0.54000825,"end2":0.55733925},{"startTime":5141.0,"endTime":5142.0,"start":0.5,"end":0.5,"start2":0.55733925,"end2":0.5738645},{"startTime":5142.0,"endTime":5143.0,"start":0.5,"end":0.5,"start2":0.5738645,"end2":0.5896608},{"startTime":5143.0,"endTime":5144.0,"start":0.5,"end":0.5,"start2":0.5896608,"end2":0.60465},{"startTime":5144.0,"endTime":5145.0,"start":0.5,"end":0.5,"start2":0.60465,"end2":0.6189642},{"startTime":5145.0,"endTime":5146.0,"start":0.5,"end":0.5,"start2":0.6189642,"end2":0.6325105},{"startTime":5146.0,"endTime":5147.0,"start":0.5,"end":0.5,"start2":0.6325105,"end2":0.64539826},{"startTime":5147.0,"endTime":5148.0,"start":0.5,"end":0.5,"start2":0.64539826,"end2":0.65759176},{"startTime":5148.0,"endTime":5149.0,"start":0.5,"end":0.5,"start2":0.65759176,"end2":0.6691277},{"startTime":5149.0,"endTime":5150.0,"start":0.5,"end":0.5,"start2":0.6691277,"end2":0.68003976},{"startTime":5150.0,"endTime":5151.0,"start":0.5,"end":0.5,"start2":0.68003976,"end2":0.69029856},{"startTime":5151.0,"endTime":5152.0,"start":0.5,"end":0.5,"start2":0.69029856,"end2":0.7},{"startTime":5152.0,"endTime":5153.0,"start":0.5,"end":0.5,"start2":0.7,"end2":0.70905644},{"startTime":5153.0,"endTime":5154.0,"start":0.5,"end":0.5,"start2":0.70905644,"end2":0.7175903},{"startTime":5154.0,"endTime":5155.0,"start":0.5,"end":0.5,"start2":0.7175903,"end2":0.72554725},{"startTime":5155.0,"endTime":5156.0,"start":0.5,"end":0.5,"start2":0.72554725,"end2":0.73298824},{"startTime":5156.0,"endTime":5157.0,"start":0.5,"end":0.5,"start2":0.73298824,"end2":0.73991674},{"startTime":5157.0,"endTime":5158.0,"start":0.5,"end":0.5,"start2":0.73991674,"end2":0.7463395},{"startTime":5158.0,"endTime":5159.0,"start":0.5,"end":0.5,"start2":0.7463395,"end2":0.75231075},{"startTime":5159.0,"endTime":5160.0,"start":0.5,"end":0.5,"start2":0.75231075,"end2":0.75779},{"startTime":5160.0,"endTime":5161.0,"start":0.5,"end":0.5,"start2":0.75779,"end2":0.7628643},{"startTime":5161.0,"endTime":5162.0,"start":0.5,"end":0.5,"start2":0.7628643,"end2":0.7674855},{"startTime":5162.0,"endTime":5163.0,"start":0.5,"end":0.5,"start2":0.7674855,"end2":0.7717258},{"startTime":5163.0,"endTime":5164.0,"start":0.5,"end":0.5,"start2":0.7717258,"end2":0.7755718},{"startTime":5164.0,"endTime":5165.0,"start":0.5,"end":0.5,"start2":0.7755718,"end2":0.77905273},{"startTime":5165.0,"endTime":5166.0,"start":0.5,"end":0.5,"start2":0.77905273,"end2":0.78219473},{"startTime":5166.0,"endTime":5167.0,"start":0.5,"end":0.5,"start2":0.78219473,"end2":0.7849911},{"startTime":5167.0,"endTime":5168.0,"start":0.5,"end":0.5,"start2":0.7849911,"end2":0.7875},{"startTime":5168.0,"endTime":5169.0,"start":0.5,"end":0.5,"start2":0.7875,"end2":0.7896865},{"startTime":5169.0,"endTime":5170.0,"start":0.5,"end":0.5,"start2":0.7896865,"end2":0.7916203},{"startTime":5170.0,"endTime":5171.0,"start":0.5,"end":0.5,"start2":0.7916203,"end2":0.7932848},{"startTime":5171.0,"endTime":5172.0,"start":0.5,"end":0.5,"start2":0.7932848,"end2":0.7947182},{"startTime":5172.0,"endTime":5173.0,"start":0.5,"end":0.5,"start2":0.7947182,"end2":0.79593176},{"startTime":5173.0,"endTime":5174.0,"start":0.5,"end":0.5,"start2":0.79593176,"end2":0.79693955},{"startTime":5174.0,"endTime":5175.0,"start":0.5,"end":0.5,"start2":0.79693955,"end2":0.79777324},{"startTime":5175.0,"endTime":5176.0,"start":0.5,"end":0.5,"start2":0.79777324,"end2":0.79842997},{"startTime":5176.0,"endTime":5177.0,"start":0.5,"end":0.5,"start2":0.79842997,"end2":0.7989518},{"startTime":5177.0,"endTime":5178.0,"start":0.5,"end":0.5,"start2":0.7989518,"end2":0.7993355},{"startTime":5178.0,"endTime":5179.0,"start":0.5,"end":0.5,"start2":0.7993355,"end2":0.7996158},{"startTime":5179.0,"endTime":5180.0,"start":0.5,"end":0.5,"start2":0.7996158,"end2":0.79980177},{"startTime":5180.0,"endTime":5181.0,"start":0.5,"end":0.5,"start2":0.79980177,"end2":0.79991525},{"startTime":5181.0,"endTime":5182.0,"start":0.5,"end":0.5,"start2":0.79991525,"end2":0.7999747},{"startTime":5182.0,"endTime":5183.0,"start":0.5,"end":0.5,"start2":0.7999747,"end2":0.7999961},{"startTime":5183.0,"endTime":5184.0,"start":0.5,"end":0.5,"start2":0.7999961,"end2":0.8},{"startTime":5184.0,"endTime":5248.0,"start":0.5,"end":0.5,"start2":0.8,"end2":0.8},{"startTime":5248.0,"endTime":5249.0,"start":0.5,"end":0.5,"start2":1.0,"end2":0.9631411},{"startTime":5249.0,"endTime":5250.0,"start":0.5,"end":0.5,"start2":0.9631411,"end2":0.92734474},{"startTime":5250.0,"endTime":5251.0,"start":0.5,"end":0.5,"start2":0.92734474,"end2":0.8927402},{"startTime":5251.0,"endTime":5252.0,"start":0.5,"end":0.5,"start2":0.8927402,"end2":0.8592218},{"startTime":5252.0,"endTime":5253.0,"start":0.5,"end":0.5,"start2":0.8592218,"end2":0.82680076},{"startTime":5253.0,"endTime":5254.0,"start":0.5,"end":0.5,"start2":0.82680076,"end2":0.7954855},{"startTime":5254.0,"endTime":5255.0,"start":0.5,"end":0.5,"start2":0.7954855,"end2":0.7651767},{"startTime":5255.0,"endTime":5256.0,"start":0.5,"end":0.5,"start2":0.7651767,"end2":0.73599},{"startTime":5256.0,"endTime":5257.0,"start":0.5,"end":0.5,"start2":0.73599,"end2":0.7077483},{"startTime":5257.0,"endTime":5258.0,"start":0.5,"end":0.5,"start2":0.7077483,"end2":0.6805895},{"startTime":5258.0,"endTime":5259.0,"start":0.5,"end":0.5,"start2":0.6805895,"end2":0.65436673},{"startTime":5259.0,"endTime":5260.0,"start":0.5,"end":0.5,"start2":0.65436673,"end2":0.62913823},{"startTime":5260.0,"endTime":5261.0,"start":0.5,"end":0.5,"start2":0.62913823,"end2":0.60485977},{"startTime":5261.0,"endTime":5262.0,"start":0.5,"end":0.5,"start2":0.60485977,"end2":0.5814902},{"startTime":5262.0,"endTime":5263.0,"start":0.5,"end":0.5,"start2":0.5814902,"end2":0.55908144},{"startTime":5263.0,"endTime":5264.0,"start":0.5,"end":0.5,"start2":0.55908144,"end2":0.5375},{"startTime":5264.0,"endTime":5265.0,"start":0.5,"end":0.5,"start2":0.5375,"end2":0.51688606},{"startTime":5265.0,"endTime":5266.0,"start":0.5,"end":0.5,"start2":0.51688606,"end2":0.49706474},{"startTime":5266.0,"endTime":5267.0,"start":0.5,"end":0.5,"start2":0.49706474,"end2":0.47812778},{"startTime":5267.0,"endTime":5268.0,"start":0.5,"end":0.5,"start2":0.47812778,"end2":0.45999178},{"startTime":5268.0,"endTime":5269.0,"start":0.5,"end":0.5,"start2":0.45999178,"end2":0.44266075},{"startTime":5269.0,"endTime":5270.0,"start":0.5,"end":0.5,"start2":0.44266075,"end2":0.42613548},{"startTime":5270.0,"endTime":5271.0,"start":0.5,"end":0.5,"start2":0.42613548,"end2":0.4103392},{"startTime":5271.0,"endTime":5272.0,"start":0.5,"end":0.5,"start2":0.4103392,"end2":0.39534998},{"startTime":5272.0,"endTime":5273.0,"start":0.5,"end":0.5,"start2":0.39534998,"end2":0.3810358},{"startTime":5273.0,"endTime":5274.0,"start":0.5,"end":0.5,"start2":0.3810358,"end2":0.36748952},{"startTime":5274.0,"endTime":5275.0,"start":0.5,"end":0.5,"start2":0.36748952,"end2":0.35460177},{"startTime":5275.0,"endTime":5276.0,"start":0.5,"end":0.5,"start2":0.35460177,"end2":0.34240824},{"startTime":5276.0,"endTime":5277.0,"start":0.5,"end":0.5,"start2":0.34240824,"end2":0.3308723},{"startTime":5277.0,"endTime":5278.0,"start":0.5,"end":0.5,"start2":0.3308723,"end2":0.31996027},{"startTime":5278.0,"endTime":5279.0,"start":0.5,"end":0.5,"start2":0.31996027,"end2":0.30970144},{"startTime":5279.0,"endTime":5280.0,"start":0.5,"end":0.5,"start2":0.30970144,"end2":0.3},{"startTime":5280.0,"endTime":5281.0,"start":0.5,"end":0.5,"start2":0.3,"end2":0.29094356},{"startTime":5281.0,"endTime":5282.0,"start":0.5,"end":0.5,"start2":0.29094356,"end2":0.28240973},{"startTime":5282.0,"endTime":5283.0,"start":0.5,"end":0.5,"start2":0.28240973,"end2":0.27445275},{"startTime":5283.0,"endTime":5284.0,"start":0.5,"end":0.5,"start2":0.27445275,"end2":0.2670118},{"startTime":5284.0,"endTime":5285.0,"start":0.5,"end":0.5,"start2":0.2670118,"end2":0.26008326},{"startTime":5285.0,"endTime":5286.0,"start":0.5,"end":0.5,"start2":0.26008326,"end2":0.2536605},{"startTime":5286.0,"endTime":5287.0,"start":0.5,"end":0.5,"start2":0.2536605,"end2":0.24768925},{"startTime":5287.0,"endTime":5288.0,"start":0.5,"end":0.5,"start2":0.24768925,"end2":0.24221002},{"startTime":5288.0,"endTime":5289.0,"start":0.5,"end":0.5,"start2":0.24221002,"end2":0.23713575},{"startTime":5289.0,"endTime":5290.0,"start":0.5,"end":0.5,"start2":0.23713575,"end2":0.23251453},{"startTime":5290.0,"endTime":5291.0,"start":0.5,"end":0.5,"start2":0.23251453,"end2":0.22827426},{"startTime":5291.0,"endTime":5292.0,"start":0.5,"end":0.5,"start2":0.22827426,"end2":0.22442818},{"startTime":5292.0,"endTime":5293.0,"start":0.5,"end":0.5,"start2":0.22442818,"end2":0.22094727},{"startTime":5293.0,"endTime":5294.0,"start":0.5,"end":0.5,"start2":0.22094727,"end2":0.2178053},{"startTime":5294.0,"endTime":5295.0,"start":0.5,"end":0.5,"start2":0.2178053,"end2":0.21500893},{"startTime":5295.0,"endTime":5296.0,"start":0.5,"end":0.5,"start2":0.21500893,"end2":0.2125},{"startTime":5296.0,"endTime":5297.0,"start":0.5,"end":0.5,"start2":0.2125,"end2":0.21031351},{"startTime":5297.0,"endTime":5298.0,"start":0.5,"end":0.5,"start2":0.21031351,"end2":0.2083797},{"startTime":5298.0,"endTime":5299.0,"start":0.5,"end":0.5,"start2":0.2083797,"end2":0.20671526},{"startTime":5299.0,"endTime":5300.0,"start":0.5,"end":0.5,"start2":0.20671526,"end2":0.20528184},{"startTime":5300.0,"endTime":5301.0,"start":0.5,"end":0.5,"start2":0.20528184,"end2":0.20406823},{"startTime":5301.0,"endTime":5302.0,"start":0.5,"end":0.5,"start2":0.20406823,"end2":0.2030605},{"startTime":5302.0,"endTime":5303.0,"start":0.5,"end":0.5,"start2":0.2030605,"end2":0.20222679},{"startTime":5303.0,"endTime":5304.0,"start":0.5,"end":0.5,"start2":0.20222679,"end2":0.20157003},{"startTime":5304.0,"endTime":5305.0,"start":0.5,"end":0.5,"start2":0.20157003,"end2":0.20104824},{"startTime":5305.0,"endTime":5306.0,"start":0.5,"end":0.5,"start2":0.20104824,"end2":0.20066452},{"startTime":5306.0,"endTime":5307.0,"start":0.5,"end":0.5,"start2":0.20066452,"end2":0.20038424},{"startTime":5307.0,"endTime":5308.0,"start":0.5,"end":0.5,"start2":0.20038424,"end2":0.20019822},{"startTime":5308.0,"endTime":5309.0,"start":0.5,"end":0.5,"start2":0.20019822,"end2":0.20008473},{"startTime":5309.0,"endTime":5310.0,"start":0.5,"end":0.5,"start2":0.20008473,"end2":0.20002532},{"startTime":5310.0,"endTime":5311.0,"start":0.5,"end":0.5,"start2":0.20002532,"end2":0.20000397},{"startTime":5311.0,"endTime":5312.0,"start":0.5,"end":0.5,"start2":0.20000397,"end2":0.2},{"startTime":5312.0,"endTime":5376.0,"start":0.5,"end":0.5,"start2":0.2,"end2":0.2},{"startTime":5376.0,"endTime":5377.0,"start":0.5,"end":0.5,"start2":0.0,"end2":0.036858935},{"startTime":5377.0,"endTime":5378.0,"start":0.5,"end":0.5,"start2":0.036858935,"end2":0.07265527},{"startTime":5378.0,"endTime":5379.0,"start":0.5,"end":0.5,"start2":0.07265527,"end2":0.10725979},{"startTime":5379.0,"endTime":5380.0,"start":0.5,"end":0.5,"start2":0.10725979,"end2":0.14077821},{"startTime":5380.0,"endTime":5381.0,"start":0.5,"end":0.5,"start2":0.14077821,"end2":0.17319925},{"startTime":5381.0,"endTime":5382.0,"start":0.5,"end":0.5,"start2":0.17319925,"end2":0.20451449},{"startTime":5382.0,"endTime":5383.0,"start":0.5,"end":0.5,"start2":0.20451449,"end2":0.23482327},{"startTime":5383.0,"endTime":5384.0,"start":0.5,"end":0.5,"start2":0.23482327,"end2":0.26401},{"startTime":5384.0,"endTime":5385.0,"start":0.5,"end":0.5,"start2":0.26401,"end2":0.29225174},{"startTime":5385.0,"endTime":5386.0,"start":0.5,"end":0.5,"start2":0.29225174,"end2":0.31941053},{"startTime":5386.0,"endTime":5387.0,"start":0.5,"end":0.5,"start2":0.31941053,"end2":0.3456333},{"startTime":5387.0,"endTime":5388.0,"start":0.5,"end":0.5,"start2":0.3456333,"end2":0.37086177},{"startTime":5388.0,"endTime":5389.0,"start":0.5,"end":0.5,"start2":0.37086177,"end2":0.39514026},{"startTime":5389.0,"endTime":5390.0,"start":0.5,"end":0.5,"start2":0.39514026,"end2":0.41850978},{"startTime":5390.0,"endTime":5391.0,"start":0.5,"end":0.5,"start2":0.41850978,"end2":0.4409186},{"startTime":5391.0,"endTime":5392.0,"start":0.5,"end":0.5,"start2":0.4409186,"end2":0.4625},{"startTime":5392.0,"endTime":5393.0,"start":0.5,"end":0.5,"start2":0.4625,"end2":0.48311397},{"startTime":5393.0,"endTime":5394.0,"start":0.5,"end":0.5,"start2":0.48311397,"end2":0.5029353},{"startTime":5394.0,"endTime":5395.0,"start":0.5,"end":0.5,"start2":0.5029353,"end2":0.5218722},{"startTime":5395.0,"endTime":5396.0,"start":0.5,"end":0.5,"start2":0.5218722,"end2":0.54000825},{"startTime":5396.0,"endTime":5397.0,"start":0.5,"end":0.5,"start2":0.54000825,"end2":0.55733925},{"startTime":5397.0,"endTime":5398.0,"start":0.5,"end":0.5,"start2":0.55733925,"end2":0.5738645},{"startTime":5398.0,"endTime":5399.0,"start":0.5,"end":0.5,"start2":0.5738645,"end2":0.5896608},{"startTime":5399.0,"endTime":5400.0,"start":0.5,"end":0.5,"start2":0.5896608,"end2":0.60465},{"startTime":5400.0,"endTime":5401.0,"start":0.5,"end":0.5,"start2":0.60465,"end2":0.6189642},{"startTime":5401.0,"endTime":5402.0,"start":0.5,"end":0.5,"start2":0.6189642,"end2":0.6325105},{"startTime":5402.0,"endTime":5403.0,"start":0.5,"end":0.5,"start2":0.6325105,"end2":0.64539826},{"startTime":5403.0,"endTime":5404.0,"start":0.5,"end":0.5,"start2":0.64539826,"end2":0.65759176},{"startTime":5404.0,"endTime":5405.0,"start":0.5,"end":0.5,"start2":0.65759176,"end2":0.6691277},{"startTime":5405.0,"endTime":5406.0,"start":0.5,"end":0.5,"start2":0.6691277,"end2":0.68003976},{"startTime":5406.0,"endTime":5407.0,"start":0.5,"end":0.5,"start2":0.68003976,"end2":0.69029856},{"startTime":5407.0,"endTime":5408.0,"start":0.5,"end":0.5,"start2":0.69029856,"end2":0.7},{"startTime":5408.0,"endTime":5409.0,"start":0.5,"end":0.5,"start2":0.7,"end2":0.70905644},{"startTime":5409.0,"endTime":5410.0,"start":0.5,"end":0.5,"start2":0.70905644,"end2":0.7175903},{"startTime":5410.0,"endTime":5411.0,"start":0.5,"end":0.5,"start2":0.7175903,"end2":0.72554725},{"startTime":5411.0,"endTime":5412.0,"start":0.5,"end":0.5,"start2":0.72554725,"end2":0.73298824},{"startTime":5412.0,"endTime":5413.0,"start":0.5,"end":0.5,"start2":0.73298824,"end2":0.73991674},{"startTime":5413.0,"endTime":5414.0,"start":0.5,"end":0.5,"start2":0.73991674,"end2":0.7463395},{"startTime":5414.0,"endTime":5415.0,"start":0.5,"end":0.5,"start2":0.7463395,"end2":0.75231075},{"startTime":5415.0,"endTime":5416.0,"start":0.5,"end":0.5,"start2":0.75231075,"end2":0.75779},{"startTime":5416.0,"endTime":5417.0,"start":0.5,"end":0.5,"start2":0.75779,"end2":0.7628643},{"startTime":5417.0,"endTime":5418.0,"start":0.5,"end":0.5,"start2":0.7628643,"end2":0.7674855},{"startTime":5418.0,"endTime":5419.0,"start":0.5,"end":0.5,"start2":0.7674855,"end2":0.7717258},{"startTime":5419.0,"endTime":5420.0,"start":0.5,"end":0.5,"start2":0.7717258,"end2":0.7755718},{"startTime":5420.0,"endTime":5421.0,"start":0.5,"end":0.5,"start2":0.7755718,"end2":0.77905273},{"startTime":5421.0,"endTime":5422.0,"start":0.5,"end":0.5,"start2":0.77905273,"end2":0.78219473},{"startTime":5422.0,"endTime":5423.0,"start":0.5,"end":0.5,"start2":0.78219473,"end2":0.7849911},{"startTime":5423.0,"endTime":5424.0,"start":0.5,"end":0.5,"start2":0.7849911,"end2":0.7875},{"startTime":5424.0,"endTime":5425.0,"start":0.5,"end":0.5,"start2":0.7875,"end2":0.7896865},{"startTime":5425.0,"endTime":5426.0,"start":0.5,"end":0.5,"start2":0.7896865,"end2":0.7916203},{"startTime":5426.0,"endTime":5427.0,"start":0.5,"end":0.5,"start2":0.7916203,"end2":0.7932848},{"startTime":5427.0,"endTime":5428.0,"start":0.5,"end":0.5,"start2":0.7932848,"end2":0.7947182},{"startTime":5428.0,"endTime":5429.0,"start":0.5,"end":0.5,"start2":0.7947182,"end2":0.79593176},{"startTime":5429.0,"endTime":5430.0,"start":0.5,"end":0.5,"start2":0.79593176,"end2":0.79693955},{"startTime":5430.0,"endTime":5431.0,"start":0.5,"end":0.5,"start2":0.79693955,"end2":0.79777324},{"startTime":5431.0,"endTime":5432.0,"start":0.5,"end":0.5,"start2":0.79777324,"end2":0.79842997},{"startTime":5432.0,"endTime":5433.0,"start":0.5,"end":0.5,"start2":0.79842997,"end2":0.7989518},{"startTime":5433.0,"endTime":5434.0,"start":0.5,"end":0.5,"start2":0.7989518,"end2":0.7993355},{"startTime":5434.0,"endTime":5435.0,"start":0.5,"end":0.5,"start2":0.7993355,"end2":0.7996158},{"startTime":5435.0,"endTime":5436.0,"start":0.5,"end":0.5,"start2":0.7996158,"end2":0.79980177},{"startTime":5436.0,"endTime":5437.0,"start":0.5,"end":0.5,"start2":0.79980177,"end2":0.79991525},{"startTime":5437.0,"endTime":5438.0,"start":0.5,"end":0.5,"start2":0.79991525,"end2":0.7999747},{"startTime":5438.0,"endTime":5439.0,"start":0.5,"end":0.5,"start2":0.7999747,"end2":0.7999961},{"startTime":5439.0,"endTime":5440.0,"start":0.5,"end":0.5,"start2":0.7999961,"end2":0.8},{"startTime":5440.0,"endTime":5504.0,"start":0.5,"end":0.5,"start2":0.8,"end2":0.8},{"startTime":5504.0,"endTime":5508.0,"start":0.5,"end":0.5,"start2":0.8,"end2":0.74550855},{"startTime":5508.0,"endTime":5512.0,"start":0.5,"end":0.5,"start2":0.74550855,"end2":0.69441634},{"startTime":5512.0,"endTime":5516.0,"start":0.5,"end":0.5,"start2":0.69441634,"end2":0.64661413},{"startTime":5516.0,"endTime":5520.0,"start":0.5,"end":0.5,"start2":0.64661413,"end2":0.6019925},{"startTime":5520.0,"endTime":5524.0,"start":0.5,"end":0.5,"start2":0.6019925,"end2":0.5604421},{"startTime":5524.0,"endTime":5528.0,"start":0.5,"end":0.5,"start2":0.5604421,"end2":0.5218537},{"startTime":5528.0,"endTime":5532.0,"start":0.5,"end":0.5,"start2":0.5218537,"end2":0.48611766},{"startTime":5532.0,"endTime":5536.0,"start":0.5,"end":0.5,"start2":0.48611766,"end2":0.453125},{"startTime":5536.0,"endTime":5540.0,"start":0.5,"end":0.5,"start2":0.453125,"end2":0.42279854},{"startTime":5540.0,"endTime":5544.0,"start":0.5,"end":0.5,"start2":0.42279854,"end2":0.39499384},{"startTime":5544.0,"endTime":5548.0,"start":0.5,"end":0.5,"start2":0.39499384,"end2":0.3696016},{"startTime":5548.0,"endTime":5552.0,"start":0.5,"end":0.5,"start2":0.3696016,"end2":0.34651247},{"startTime":5552.0,"endTime":5556.0,"start":0.5,"end":0.5,"start2":0.34651247,"end2":0.32561713},{"startTime":5556.0,"endTime":5560.0,"start":0.5,"end":0.5,"start2":0.32561713,"end2":0.30680618},{"startTime":5560.0,"endTime":5564.0,"start":0.5,"end":0.5,"start2":0.30680618,"end2":0.2899702},{"startTime":5564.0,"endTime":5568.0,"start":0.5,"end":0.5,"start2":0.2899702,"end2":0.27499998},{"startTime":5568.0,"endTime":5572.0,"start":0.5,"end":0.5,"start2":0.27499998,"end2":0.26180726},{"startTime":5572.0,"endTime":5576.0,"start":0.5,"end":0.5,"start2":0.26180726,"end2":0.25025883},{"startTime":5576.0,"endTime":5580.0,"start":0.5,"end":0.5,"start2":0.25025883,"end2":0.24024536},{"startTime":5580.0,"endTime":5584.0,"start":0.5,"end":0.5,"start2":0.24024536,"end2":0.23165749},{"startTime":5584.0,"endTime":5588.0,"start":0.5,"end":0.5,"start2":0.23165749,"end2":0.22438589},{"startTime":5588.0,"endTime":5592.0,"start":0.5,"end":0.5,"start2":0.22438589,"end2":0.21832111},{"startTime":5592.0,"endTime":5596.0,"start":0.5,"end":0.5,"start2":0.21832111,"end2":0.21335396},{"startTime":5596.0,"endTime":5600.0,"start":0.5,"end":0.5,"start2":0.21335396,"end2":0.209375},{"startTime":5600.0,"endTime":5604.0,"start":0.5,"end":0.5,"start2":0.209375,"end2":0.20628476},{"startTime":5604.0,"endTime":5608.0,"start":0.5,"end":0.5,"start2":0.20628476,"end2":0.20396136},{"startTime":5608.0,"endTime":5612.0,"start":0.5,"end":0.5,"start2":0.20396136,"end2":0.20229535},{"startTime":5612.0,"endTime":5616.0,"start":0.5,"end":0.5,"start2":0.20229535,"end2":0.20117751},{"startTime":5616.0,"endTime":5620.0,"start":0.5,"end":0.5,"start2":0.20117751,"end2":0.20049837},{"startTime":5620.0,"endTime":5624.0,"start":0.5,"end":0.5,"start2":0.20049837,"end2":0.20014866},{"startTime":5624.0,"endTime":5628.0,"start":0.5,"end":0.5,"start2":0.20014866,"end2":0.20001897},{"startTime":5628.0,"endTime":5632.0,"start":0.5,"end":0.5,"start2":0.20001897,"end2":0.19999999},{"startTime":5632.0,"endTime":6512.0,"start":0.5,"end":0.5,"start2":0.19999999,"end2":0.2},{"startTime":6512.0,"endTime":7424.0,"start":0.5,"end":0.5,"start2":0.2,"end2":0.2},{"startTime":7424.0,"endTime":7488.0,"start":0.5,"end":0.5,"start2":0.2,"end2":0.19999999},{"startTime":7488.0,"endTime":7552.0,"start":0.5,"end":0.5,"start2":0.19999999,"end2":0.2},{"startTime":7552.0,"endTime":9600.0,"start":0.5,"end":0.5,"start2":0.2,"end2":0.2},{"startTime":9600.0,"endTime":10624.0,"start":0.5,"end":0.5,"start2":0.2,"end2":0.5},{"startTime":10624.0,"endTime":1000000000.0,"start":0.5,"end":0.5,"start2":-0.02,"end2":-0.02}],"judgeLineRotateEvents":[{"startTime":-999999.0,"endTime":3968.0,"start":0.0,"end":0.0},{"startTime":3968.0,"endTime":5504.0,"start":-180.0,"end":-180.0},{"startTime":5504.0,"endTime":1000000000.0,"start":0.0,"end":0.0}],"judgeLineDisappearEvents":[{"startTime":-999999.0,"endTime":2944.0,"start":1.0,"end":1.0},{"startTime":2944.0,"endTime":2948.0,"start":0.0,"end":0.0},{"startTime":2948.0,"endTime":2952.0,"start":1.0,"end":1.0},{"startTime":2952.0,"endTime":2956.0,"start":0.0,"end":0.0},{"startTime":2956.0,"endTime":2960.0,"start":1.0,"end":1.0},{"startTime":2960.0,"endTime":2964.0,"start":0.0,"end":0.0},{"startTime":2964.0,"endTime":2968.0,"start":1.0,"end":1.0},{"startTime":2968.0,"endTime":2972.0,"start":0.0,"end":0.0},{"startTime":2972.0,"endTime":2976.0,"start":1.0,"end":1.0},{"startTime":2976.0,"endTime":2980.0,"start":0.0,"end":0.0},{"startTime":2980.0,"endTime":2984.0,"start":1.0,"end":1.0},{"startTime":2984.0,"endTime":2988.0,"start":0.0,"end":0.0},{"startTime":2988.0,"endTime":2992.0,"start":1.0,"end":1.0},{"startTime":2992.0,"endTime":2996.0,"start":0.0,"end":0.0},{"startTime":2996.0,"endTime":3000.0,"start":1.0,"end":1.0},{"startTime":3000.0,"endTime":3004.0,"start":0.0,"end":0.0},{"startTime":3004.0,"endTime":3008.0,"start":1.0,"end":1.0},{"startTime":3008.0,"endTime":3012.0,"start":0.0,"end":0.0},{"startTime":3012.0,"endTime":3016.0,"start":1.0,"end":1.0},{"startTime":3016.0,"endTime":3020.0,"start":0.0,"end":0.0},{"startTime":3020.0,"endTime":3024.0,"start":1.0,"end":1.0},{"startTime":3024.0,"endTime":3028.0,"start":0.0,"end":0.0},{"startTime":3028.0,"endTime":3032.0,"start":1.0,"end":1.0},{"startTime":3032.0,"endTime":3036.0,"start":0.0,"end":0.0},{"startTime":3036.0,"endTime":3040.0,"start":1.0,"end":1.0},{"startTime":3040.0,"endTime":3044.0,"start":0.0,"end":0.0},{"startTime":3044.0,"endTime":3048.0,"start":1.0,"end":1.0},{"startTime":3048.0,"endTime":3052.0,"start":0.0,"end":0.0},{"startTime":3052.0,"endTime":3056.0,"start":1.0,"end":1.0},{"startTime":3056.0,"endTime":3060.0,"start":0.0,"end":0.0},{"startTime":3060.0,"endTime":3064.0,"start":1.0,"end":1.0},{"startTime":3064.0,"endTime":3068.0,"start":0.0,"end":0.0},{"startTime":3068.0,"endTime":3072.0,"start":1.0,"end":1.0},{"startTime":3072.0,"endTime":3076.0,"start":0.0,"end":0.0},{"startTime":3076.0,"endTime":3080.0,"start":1.0,"end":1.0},{"startTime":3080.0,"endTime":3084.0,"start":0.0,"end":0.0},{"startTime":3084.0,"endTime":3088.0,"start":1.0,"end":1.0},{"startTime":3088.0,"endTime":3092.0,"start":0.0,"end":0.0},{"startTime":3092.0,"endTime":3096.0,"start":1.0,"end":1.0},{"startTime":3096.0,"endTime":3100.0,"start":0.0,"end":0.0},{"startTime":3100.0,"endTime":3104.0,"start":1.0,"end":1.0},{"startTime":3104.0,"endTime":3108.0,"start":0.0,"end":0.0},{"startTime":3108.0,"endTime":3112.0,"start":1.0,"end":1.0},{"startTime":3112.0,"endTime":3116.0,"start":0.0,"end":0.0},{"startTime":3116.0,"endTime":3120.0,"start":1.0,"end":1.0},{"startTime":3120.0,"endTime":3124.0,"start":0.0,"end":0.0},{"startTime":3124.0,"endTime":3128.0,"start":1.0,"end":1.0},{"startTime":3128.0,"endTime":3132.0,"start":0.0,"end":0.0},{"startTime":3132.0,"endTime":3136.0,"start":1.0,"end":1.0},{"startTime":3136.0,"endTime":3140.0,"start":0.0,"end":0.0},{"startTime":3140.0,"endTime":3144.0,"start":1.0,"end":1.0},{"startTime":3144.0,"endTime":3148.0,"start":0.0,"end":0.0},{"startTime":3148.0,"endTime":3152.0,"start":1.0,"end":1.0},{"startTime":3152.0,"endTime":3156.0,"start":0.0,"end":0.0},{"startTime":3156.0,"endTime":3160.0,"start":1.0,"end":1.0},{"startTime":3160.0,"endTime":3164.0,"start":0.0,"end":0.0},{"startTime":3164.0,"endTime":3168.0,"start":1.0,"end":1.0},{"startTime":3168.0,"endTime":3172.0,"start":0.0,"end":0.0},{"startTime":3172.0,"endTime":3176.0,"start":1.0,"end":1.0},{"startTime":3176.0,"endTime":3180.0,"start":0.0,"end":0.0},{"startTime":3180.0,"endTime":3184.0,"start":1.0,"end":1.0},{"startTime":3184.0,"endTime":3188.0,"start":0.0,"end":0.0},{"startTime":3188.0,"endTime":3192.0,"start":1.0,"end":1.0},{"startTime":3192.0,"endTime":3196.0,"start":0.0,"end":0.0},{"startTime":3196.0,"endTime":3200.0,"start":1.0,"end":1.0},{"startTime":3200.0,"endTime":3202.0,"start":0.0,"end":0.0},{"startTime":3202.0,"endTime":3204.0,"start":1.0,"end":1.0},{"startTime":3204.0,"endTime":3206.0,"start":0.0,"end":0.0},{"startTime":3206.0,"endTime":3208.0,"start":1.0,"end":1.0},{"startTime":3208.0,"endTime":3210.0,"start":0.0,"end":0.0},{"startTime":3210.0,"endTime":3212.0,"start":1.0,"end":1.0},{"startTime":3212.0,"endTime":3214.0,"start":0.0,"end":0.0},{"startTime":3214.0,"endTime":3216.0,"start":1.0,"end":1.0},{"startTime":3216.0,"endTime":3218.0,"start":0.0,"end":0.0},{"startTime":3218.0,"endTime":3220.0,"start":1.0,"end":1.0},{"startTime":3220.0,"endTime":3222.0,"start":0.0,"end":0.0},{"startTime":3222.0,"endTime":3224.0,"start":1.0,"end":1.0},{"startTime":3224.0,"endTime":3226.0,"start":0.0,"end":0.0},{"startTime":3226.0,"endTime":3228.0,"start":1.0,"end":1.0},{"startTime":3228.0,"endTime":3230.0,"start":0.0,"end":0.0},{"startTime":3230.0,"endTime":3232.0,"start":1.0,"end":1.0},{"startTime":3232.0,"endTime":3234.0,"start":0.0,"end":0.0},{"startTime":3234.0,"endTime":3236.0,"start":1.0,"end":1.0},{"startTime":3236.0,"endTime":3238.0,"start":0.0,"end":0.0},{"startTime":3238.0,"endTime":3240.0,"start":1.0,"end":1.0},{"startTime":3240.0,"endTime":3242.0,"start":0.0,"end":0.0},{"startTime":3242.0,"endTime":3244.0,"start":1.0,"end":1.0},{"startTime":3244.0,"endTime":3246.0,"start":0.0,"end":0.0},{"startTime":3246.0,"endTime":3248.0,"start":1.0,"end":1.0},{"startTime":3248.0,"endTime":3250.0,"start":0.0,"end":0.0},{"startTime":3250.0,"endTime":3252.0,"start":1.0,"end":1.0},{"startTime":3252.0,"endTime":3254.0,"start":0.0,"end":0.0},{"startTime":3254.0,"endTime":3256.0,"start":1.0,"end":1.0},{"startTime":3256.0,"endTime":3258.0,"start":0.0,"end":0.0},{"startTime":3258.0,"endTime":3260.0,"start":1.0,"end":1.0},{"startTime":3260.0,"endTime":3262.0,"start":0.0,"end":0.0},{"startTime":3262.0,"endTime":3264.0,"start":1.0,"end":1.0},{"startTime":3264.0,"endTime":3266.0,"start":0.0,"end":0.0},{"startTime":3266.0,"endTime":3268.0,"start":1.0,"end":1.0},{"startTime":3268.0,"endTime":3270.0,"start":0.0,"end":0.0},{"startTime":3270.0,"endTime":3272.0,"start":1.0,"end":1.0},{"startTime":3272.0,"endTime":3274.0,"start":0.0,"end":0.0},{"startTime":3274.0,"endTime":3276.0,"start":1.0,"end":1.0},{"startTime":3276.0,"endTime":3278.0,"start":0.0,"end":0.0},{"startTime":3278.0,"endTime":3280.0,"start":1.0,"end":1.0},{"startTime":3280.0,"endTime":3282.0,"start":0.0,"end":0.0},{"startTime":3282.0,"endTime":3284.0,"start":1.0,"end":1.0},{"startTime":3284.0,"endTime":3286.0,"start":0.0,"end":0.0},{"startTime":3286.0,"endTime":3288.0,"start":1.0,"end":1.0},{"startTime":3288.0,"endTime":3290.0,"start":0.0,"end":0.0},{"startTime":3290.0,"endTime":3292.0,"start":1.0,"end":1.0},{"startTime":3292.0,"endTime":3294.0,"start":0.0,"end":0.0},{"startTime":3294.0,"endTime":3296.0,"start":1.0,"end":1.0},{"startTime":3296.0,"endTime":3298.0,"start":0.0,"end":0.0},{"startTime":3298.0,"endTime":3300.0,"start":1.0,"end":1.0},{"startTime":3300.0,"endTime":3302.0,"start":0.0,"end":0.0},{"startTime":3302.0,"endTime":3304.0,"start":1.0,"end":1.0},{"startTime":3304.0,"endTime":3306.0,"start":0.0,"end":0.0},{"startTime":3306.0,"endTime":3308.0,"start":1.0,"end":1.0},{"startTime":3308.0,"endTime":3310.0,"start":0.0,"end":0.0},{"startTime":3310.0,"endTime":3312.0,"start":1.0,"end":1.0},{"startTime":3312.0,"endTime":3314.0,"start":0.0,"end":0.0},{"startTime":3314.0,"endTime":3316.0,"start":1.0,"end":1.0},{"startTime":3316.0,"endTime":3318.0,"start":0.0,"end":0.0},{"startTime":3318.0,"endTime":3320.0,"start":1.0,"end":1.0},{"startTime":3320.0,"endTime":3322.0,"start":0.0,"end":0.0},{"startTime":3322.0,"endTime":3324.0,"start":1.0,"end":1.0},{"startTime":3324.0,"endTime":3326.0,"start":0.0,"end":0.0},{"startTime":3326.0,"endTime":10784.0,"start":1.0,"end":1.0},{"startTime":10784.0,"endTime":1000000000.0,"start":0.0,"end":0.0}]}]}