{"formatVersion":3,"offset":0.0,"judgeLineList":[{"bpm":180.0,"notesAbove":[{"type":3,"time":128,"positionX":4.291785,"holdTime":128.0,"speed":1.5,"floorPosition":2.0},{"type":3,"time":256,"positionX":-3.413598,"holdTime":128.0,"speed":1.5,"floorPosition":4.0},{"type":3,"time":384,"positionX":2.577905,"holdTime":256.0,"speed":1.5,"floorPosition":6.0},{"type":3,"time":640,"positionX":-4.362606,"holdTime":128.0,"speed":1.5,"floorPosition":10.0},{"type":3,"time":768,"positionX":4.150142,"holdTime":128.0,"speed":1.5,"floorPosition":12.0},{"type":3,"time":896,"positionX":-2.082153,"holdTime":256.0,"speed":1.5,"floorPosition":14.0},{"type":1,"time":1152,"positionX":3.682719,"holdTime":0.0,"speed":1.0,"floorPosition":18.0},{"type":1,"time":1280,"positionX":-1.983003,"holdTime":0.0,"speed":1.0,"floorPosition":20.0},{"type":1,"time":1344,"positionX":2.932012,"holdTime":0.0,"speed":1.0,"floorPosition":21.0},{"type":1,"time":1408,"positionX":-3.951841,"holdTime":0.0,"speed":1.0,"floorPosition":22.0},{"type":1,"time":1504,"positionX":3.371105,"holdTime":0.0,"speed":1.0,"floorPosition":23.5},{"type":1,"time":1536,"positionX":-2.662889,"holdTime":0.0,"speed":1.0,"floorPosition":24.0},{"type":1,"time":1568,"positionX":0.1274786,"holdTime":0.0,"speed":1.0,"floorPosition":24.5},{"type":1,"time":1600,"positionX":-3.909348,"holdTime":0.0,"speed":1.0,"floorPosition":25.0},{"type":1,"time":1632,"positionX":1.912182,"holdTime":0.0,"speed":1.0,"floorPosition":25.5},{"type":1,"time":1664,"positionX":-2.252125,"holdTime":0.0,"speed":1.0,"floorPosition":26.0},{"type":1,"time":1728,"positionX":3.555241,"holdTime":0.0,"speed":1.0,"floorPosition":27.0},{"type":1,"time":1792,"positionX":-4.419264,"holdTime":0.0,"speed":1.0,"floorPosition":28.0},{"type":1,"time":1856,"positionX":3.342776,"holdTime":0.0,"speed":1.0,"floorPosition":29.0},{"type":1,"time":1888,"positionX":-2.082153,"holdTime":0.0,"speed":1.0,"floorPosition":29.5},{"type":1,"time":1920,"positionX":2.393768,"holdTime":0.0,"speed":1.0,"floorPosition":30.0},{"type":1,"time":1984,"positionX":-4.433428,"holdTime":0.0,"speed":1.0,"floorPosition":31.0},{"type":1,"time":2048,"positionX":3.441926,"holdTime":0.0,"speed":1.0,"floorPosition":32.0},{"type":1,"time":2080,"positionX":-1.855524,"holdTime":0.0,"speed":1.0,"floorPosition":32.5},{"type":1,"time":2112,"positionX":1.473088,"holdTime":0.0,"speed":1.0,"floorPosition":33.0},{"type":1,"time":2144,"positionX":-4.546741,"holdTime":0.0,"speed":1.0,"floorPosition":33.5},{"type":1,"time":2176,"positionX":3.541076,"holdTime":0.0,"speed":1.0,"floorPosition":34.0},{"type":1,"time":2240,"positionX":-3.427762,"holdTime":0.0,"speed":1.0,"floorPosition":35.0},{"type":1,"time":2304,"positionX":-1.586402,"holdTime":0.0,"speed":1.0,"floorPosition":36.0},{"type":1,"time":2368,"positionX":-3.725212,"holdTime":0.0,"speed":1.0,"floorPosition":37.0},{"type":1,"time":2368,"positionX":2.223797,"holdTime":0.0,"speed":1.0,"floorPosition":37.0},{"type":1,"time":2432,"positionX":-4.348442,"holdTime":0.0,"speed":1.0,"floorPosition":38.0},{"type":1,"time":2496,"positionX":-1.657224,"holdTime":0.0,"speed":1.0,"floorPosition":39.0},{"type":1,"time":2528,"positionX":2.450424,"holdTime":0.0,"speed":1.0,"floorPosition":39.5},{"type":1,"time":2560,"positionX":-2.365438,"holdTime":0.0,"speed":1.0,"floorPosition":40.0},{"type":1,"time":2592,"positionX":0.0,"holdTime":0.0,"speed":1.0,"floorPosition":40.5},{"type":1,"time":2624,"positionX":4.518414,"holdTime":0.0,"speed":1.0,"floorPosition":41.0},{"type":1,"time":2624,"positionX":-3.866856,"holdTime":0.0,"speed":1.0,"floorPosition":41.0},{"type":1,"time":2656,"positionX":1.147308,"holdTime":0.0,"speed":1.0,"floorPosition":41.5},{"type":1,"time":2688,"positionX":-1.288952,"holdTime":0.0,"speed":1.0,"floorPosition":42.0},{"type":1,"time":2752,"positionX":2.691219,"holdTime":0.0,"speed":1.0,"floorPosition":43.0},{"type":1,"time":2752,"positionX":-3.541077,"holdTime":0.0,"speed":1.0,"floorPosition":43.0},{"type":1,"time":2816,"positionX":-5.014164,"holdTime":0.0,"speed":1.0,"floorPosition":44.0},{"type":1,"time":2880,"positionX":-1.274788,"holdTime":0.0,"speed":1.0,"floorPosition":45.0},{"type":1,"time":2880,"positionX":3.087819,"holdTime":0.0,"speed":1.0,"floorPosition":45.0},{"type":1,"time":2912,"positionX":-3.810198,"holdTime":0.0,"speed":1.0,"floorPosition":45.5},{"type":1,"time":2944,"positionX":3.866855,"holdTime":0.0,"speed":1.0,"floorPosition":46.0},{"type":1,"time":3008,"positionX":-3.866856,"holdTime":0.0,"speed":1.0,"floorPosition":47.0},{"type":1,"time":3008,"positionX":0.5240803,"holdTime":0.0,"speed":1.0,"floorPosition":47.0},{"type":2,"time":3072,"positionX":4.320114,"holdTime":0.0,"speed":1.0,"floorPosition":48.0},{"type":2,"time":3104,"positionX":1.430595,"holdTime":0.0,"speed":1.0,"floorPosition":48.5},{"type":2,"time":3136,"positionX":-1.926346,"holdTime":0.0,"speed":1.0,"floorPosition":49.0},{"type":2,"time":3168,"positionX":-4.915014,"holdTime":0.0,"speed":1.0,"floorPosition":49.5},{"type":2,"time":3200,"positionX":1.0,"holdTime":0.0,"speed":1.0,"floorPosition":50.0},{"type":2,"time":3216,"positionX":2.0,"holdTime":0.0,"speed":1.0,"floorPosition":50.25},{"type":1,"time":3232,"positionX":-3.0,"holdTime":0.0,"speed":1.0,"floorPosition":50.5},{"type":2,"time":3232,"positionX":3.0,"holdTime":0.0,"speed":1.0,"floorPosition":50.5},{"type":2,"time":3248,"positionX":4.0,"holdTime":0.0,"speed":1.0,"floorPosition":50.75},{"type":2,"time":3264,"positionX":5.0,"holdTime":0.0,"speed":1.0,"floorPosition":51.0},{"type":2,"time":3280,"positionX":4.0,"holdTime":0.0,"speed":1.0,"floorPosition":51.25},{"type":1,"time":3296,"positionX":-3.0,"holdTime":0.0,"speed":1.0,"floorPosition":51.5},{"type":2,"time":3296,"positionX":3.0,"holdTime":0.0,"speed":1.0,"floorPosition":51.5},{"type":2,"time":3312,"positionX":2.0,"holdTime":0.0,"speed":1.0,"floorPosition":51.75},{"type":2,"time":3328,"positionX":1.0,"holdTime":0.0,"speed":1.0,"floorPosition":52.0},{"type":2,"time":3344,"positionX":2.0,"holdTime":0.0,"speed":1.0,"floorPosition":52.25},{"type":2,"time":3360,"positionX":3.0,"holdTime":0.0,"speed":1.0,"floorPosition":52.5},{"type":1,"time":3360,"positionX":-3.0,"holdTime":0.0,"speed":1.0,"floorPosition":52.5},{"type":2,"time":3376,"positionX":4.0,"holdTime":0.0,"speed":1.0,"floorPosition":52.75},{"type":2,"time":3392,"positionX":5.0,"holdTime":0.0,"speed":1.0,"floorPosition":53.0},{"type":2,"time":3408,"positionX":4.0,"holdTime":0.0,"speed":1.0,"floorPosition":53.25},{"type":1,"time":3424,"positionX":-3.0,"holdTime":0.0,"speed":1.0,"floorPosition":53.5},{"type":2,"time":3424,"positionX":3.0,"holdTime":0.0,"speed":1.0,"floorPosition":53.5},{"type":2,"time":3440,"positionX":2.0,"holdTime":0.0,"speed":1.0,"floorPosition":53.75},{"type":2,"time":3456,"positionX":1.0,"holdTime":0.0,"speed":1.0,"floorPosition":54.0},{"type":2,"time":3472,"positionX":2.0,"holdTime":0.0,"speed":1.0,"floorPosition":54.25},{"type":2,"time":3488,"positionX":3.0,"holdTime":0.0,"speed":1.0,"floorPosition":54.5},{"type":1,"time":3488,"positionX":-5.0,"holdTime":0.0,"speed":1.0,"floorPosition":54.5},{"type":2,"time":3504,"positionX":4.0,"holdTime":0.0,"speed":1.0,"floorPosition":54.75},{"type":2,"time":3520,"positionX":5.0,"holdTime":0.0,"speed":1.0,"floorPosition":55.0},{"type":2,"time":3536,"positionX":4.0,"holdTime":0.0,"speed":1.0,"floorPosition":55.25},{"type":1,"time":3552,"positionX":-5.0,"holdTime":0.0,"speed":1.0,"floorPosition":55.5},{"type":2,"time":3552,"positionX":3.0,"holdTime":0.0,"speed":1.0,"floorPosition":55.5},{"type":2,"time":3568,"positionX":2.0,"holdTime":0.0,"speed":1.0,"floorPosition":55.75},{"type":2,"time":3584,"positionX":3.0,"holdTime":0.0,"speed":1.0,"floorPosition":56.0},{"type":2,"time":3600,"positionX":4.0,"holdTime":0.0,"speed":1.0,"floorPosition":56.25},{"type":2,"time":3616,"positionX":5.0,"holdTime":0.0,"speed":1.0,"floorPosition":56.5},{"type":1,"time":3616,"positionX":-5.0,"holdTime":0.0,"speed":1.0,"floorPosition":56.5},{"type":2,"time":3632,"positionX":4.0,"holdTime":0.0,"speed":1.0,"floorPosition":56.75},{"type":2,"time":3648,"positionX":3.0,"holdTime":0.0,"speed":1.0,"floorPosition":57.0},{"type":2,"time":3664,"positionX":2.0,"holdTime":0.0,"speed":1.0,"floorPosition":57.25},{"type":2,"time":3680,"positionX":1.0,"holdTime":0.0,"speed":1.0,"floorPosition":57.5},{"type":1,"time":3680,"positionX":-5.0,"holdTime":0.0,"speed":1.0,"floorPosition":57.5},{"type":2,"time":3696,"positionX":2.0,"holdTime":0.0,"speed":1.0,"floorPosition":57.75},{"type":2,"time":3712,"positionX":3.0,"holdTime":0.0,"speed":1.0,"floorPosition":58.0},{"type":2,"time":3728,"positionX":4.0,"holdTime":0.0,"speed":1.0,"floorPosition":58.25},{"type":1,"time":3744,"positionX":-3.0,"holdTime":0.0,"speed":1.0,"floorPosition":58.5},{"type":2,"time":3744,"positionX":5.0,"holdTime":0.0,"speed":1.0,"floorPosition":58.5},{"type":2,"time":3760,"positionX":4.0,"holdTime":0.0,"speed":1.0,"floorPosition":58.75},{"type":2,"time":3776,"positionX":3.0,"holdTime":0.0,"speed":1.0,"floorPosition":59.0},{"type":2,"time":3792,"positionX":2.0,"holdTime":0.0,"speed":1.0,"floorPosition":59.25},{"type":1,"time":3808,"positionX":-3.014165,"holdTime":0.0,"speed":1.0,"floorPosition":59.5},{"type":2,"time":3808,"positionX":1.0,"holdTime":0.0,"speed":1.0,"floorPosition":59.5},{"type":2,"time":3824,"positionX":2.0,"holdTime":0.0,"speed":1.0,"floorPosition":59.75},{"type":2,"time":3840,"positionX":3.0,"holdTime":0.0,"speed":1.0,"floorPosition":60.0},{"type":2,"time":3856,"positionX":4.0,"holdTime":0.0,"speed":1.0,"floorPosition":60.25},{"type":1,"time":3872,"positionX":-3.014165,"holdTime":0.0,"speed":1.0,"floorPosition":60.5},{"type":2,"time":3872,"positionX":5.0,"holdTime":0.0,"speed":1.0,"floorPosition":60.5},{"type":2,"time":3888,"positionX":4.0,"holdTime":0.0,"speed":1.0,"floorPosition":60.75},{"type":2,"time":3904,"positionX":3.0,"holdTime":0.0,"speed":1.0,"floorPosition":61.0},{"type":2,"time":3920,"positionX":2.0,"holdTime":0.0,"speed":1.0,"floorPosition":61.25},{"type":1,"time":3936,"positionX":-3.014165,"holdTime":0.0,"speed":1.0,"floorPosition":61.5},{"type":2,"time":3936,"positionX":1.0,"holdTime":0.0,"speed":1.0,"floorPosition":61.5},{"type":2,"time":3952,"positionX":2.0,"holdTime":0.0,"speed":1.0,"floorPosition":61.75},{"type":2,"time":3968,"positionX":3.0,"holdTime":0.0,"speed":1.0,"floorPosition":62.0},{"type":2,"time":3984,"positionX":4.0,"holdTime":0.0,"speed":1.0,"floorPosition":62.25},{"type":1,"time":4000,"positionX":-5.0,"holdTime":0.0,"speed":1.0,"floorPosition":62.5},{"type":2,"time":4000,"positionX":5.0,"holdTime":0.0,"speed":1.0,"floorPosition":62.5},{"type":2,"time":4016,"positionX":4.0,"holdTime":0.0,"speed":1.0,"floorPosition":62.75},{"type":2,"time":4032,"positionX":3.0,"holdTime":0.0,"speed":1.0,"floorPosition":63.0},{"type":2,"time":4048,"positionX":2.0,"holdTime":0.0,"speed":1.0,"floorPosition":63.25},{"type":1,"time":4064,"positionX":-5.0,"holdTime":0.0,"speed":1.0,"floorPosition":63.5},{"type":2,"time":4064,"positionX":1.0,"holdTime":0.0,"speed":1.0,"floorPosition":63.5},{"type":2,"time":4080,"positionX":2.0,"holdTime":0.0,"speed":1.0,"floorPosition":63.75},{"type":2,"time":4096,"positionX":3.0,"holdTime":0.0,"speed":1.0,"floorPosition":64.0},{"type":2,"time":4112,"positionX":4.0,"holdTime":0.0,"speed":1.0,"floorPosition":64.25},{"type":1,"time":4128,"positionX":-5.0,"holdTime":0.0,"speed":1.0,"floorPosition":64.5},{"type":2,"time":4128,"positionX":5.0,"holdTime":0.0,"speed":1.0,"floorPosition":64.5},{"type":2,"time":4144,"positionX":4.0,"holdTime":0.0,"speed":1.0,"floorPosition":64.75},{"type":2,"time":4160,"positionX":3.0,"holdTime":0.0,"speed":1.0,"floorPosition":65.0},{"type":2,"time":4176,"positionX":2.0,"holdTime":0.0,"speed":1.0,"floorPosition":65.25},{"type":1,"time":4192,"positionX":-5.0,"holdTime":0.0,"speed":1.0,"floorPosition":65.5},{"type":2,"time":4192,"positionX":1.0,"holdTime":0.0,"speed":1.0,"floorPosition":65.5},{"type":2,"time":4208,"positionX":0.0,"holdTime":0.0,"speed":1.0,"floorPosition":65.75},{"type":2,"time":4224,"positionX":-1.0,"holdTime":0.0,"speed":1.0,"floorPosition":66.0},{"type":2,"time":4240,"positionX":-2.0,"holdTime":0.0,"speed":1.0,"floorPosition":66.25},{"type":1,"time":4256,"positionX":3.0,"holdTime":0.0,"speed":1.0,"floorPosition":66.5},{"type":2,"time":4256,"positionX":-3.0,"holdTime":0.0,"speed":1.0,"floorPosition":66.5},{"type":2,"time":4272,"positionX":-4.0,"holdTime":0.0,"speed":1.0,"floorPosition":66.75},{"type":2,"time":4288,"positionX":-5.0,"holdTime":0.0,"speed":1.0,"floorPosition":67.0},{"type":2,"time":4304,"positionX":-4.0,"holdTime":0.0,"speed":1.0,"floorPosition":67.25},{"type":1,"time":4320,"positionX":3.0,"holdTime":0.0,"speed":1.0,"floorPosition":67.5},{"type":2,"time":4320,"positionX":-3.0,"holdTime":0.0,"speed":1.0,"floorPosition":67.5},{"type":2,"time":4336,"positionX":-2.0,"holdTime":0.0,"speed":1.0,"floorPosition":67.75},{"type":2,"time":4352,"positionX":-1.0,"holdTime":0.0,"speed":1.0,"floorPosition":68.0},{"type":2,"time":4368,"positionX":-2.0,"holdTime":0.0,"speed":1.0,"floorPosition":68.25},{"type":1,"time":4384,"positionX":3.0,"holdTime":0.0,"speed":1.0,"floorPosition":68.5},{"type":2,"time":4384,"positionX":-3.0,"holdTime":0.0,"speed":1.0,"floorPosition":68.5},{"type":2,"time":4400,"positionX":-4.0,"holdTime":0.0,"speed":1.0,"floorPosition":68.75},{"type":2,"time":4416,"positionX":-5.0,"holdTime":0.0,"speed":1.0,"floorPosition":69.0},{"type":2,"time":4432,"positionX":-4.0,"holdTime":0.0,"speed":1.0,"floorPosition":69.25},{"type":1,"time":4448,"positionX":3.0,"holdTime":0.0,"speed":1.0,"floorPosition":69.5},{"type":2,"time":4448,"positionX":-3.0,"holdTime":0.0,"speed":1.0,"floorPosition":69.5},{"type":2,"time":4464,"positionX":-2.0,"holdTime":0.0,"speed":1.0,"floorPosition":69.75},{"type":2,"time":4480,"positionX":-1.0,"holdTime":0.0,"speed":1.0,"floorPosition":70.0},{"type":2,"time":4496,"positionX":-2.0,"holdTime":0.0,"speed":1.0,"floorPosition":70.25},{"type":2,"time":4512,"positionX":-3.0,"holdTime":0.0,"speed":1.0,"floorPosition":70.5},{"type":1,"time":4512,"positionX":5.0,"holdTime":0.0,"speed":1.0,"floorPosition":70.5},{"type":2,"time":4528,"positionX":-4.0,"holdTime":0.0,"speed":1.0,"floorPosition":70.75},{"type":2,"time":4544,"positionX":-5.0,"holdTime":0.0,"speed":1.0,"floorPosition":71.0},{"type":2,"time":4560,"positionX":-4.0,"holdTime":0.0,"speed":1.0,"floorPosition":71.25},{"type":1,"time":4576,"positionX":5.0,"holdTime":0.0,"speed":1.0,"floorPosition":71.5},{"type":2,"time":4576,"positionX":-3.0,"holdTime":0.0,"speed":1.0,"floorPosition":71.5},{"type":2,"time":4592,"positionX":-2.0,"holdTime":0.0,"speed":1.0,"floorPosition":71.75},{"type":2,"time":4608,"positionX":-1.0,"holdTime":0.0,"speed":1.0,"floorPosition":72.0},{"type":2,"time":4624,"positionX":-2.0,"holdTime":0.0,"speed":1.0,"floorPosition":72.25},{"type":1,"time":4640,"positionX":5.0,"holdTime":0.0,"speed":1.0,"floorPosition":72.5},{"type":2,"time":4640,"positionX":-3.0,"holdTime":0.0,"speed":1.0,"floorPosition":72.5},{"type":2,"time":4656,"positionX":-4.0,"holdTime":0.0,"speed":1.0,"floorPosition":72.75},{"type":2,"time":4672,"positionX":-5.0,"holdTime":0.0,"speed":1.0,"floorPosition":73.0},{"type":2,"time":4688,"positionX":-4.0,"holdTime":0.0,"speed":1.0,"floorPosition":73.25},{"type":1,"time":4704,"positionX":5.0,"holdTime":0.0,"speed":1.0,"floorPosition":73.5},{"type":2,"time":4704,"positionX":-3.0,"holdTime":0.0,"speed":1.0,"floorPosition":73.5},{"type":2,"time":4720,"positionX":-2.0,"holdTime":0.0,"speed":1.0,"floorPosition":73.75},{"type":2,"time":4736,"positionX":-1.0,"holdTime":0.0,"speed":1.0,"floorPosition":74.0},{"type":2,"time":4752,"positionX":-2.0,"holdTime":0.0,"speed":1.0,"floorPosition":74.25},{"type":1,"time":4768,"positionX":3.0,"holdTime":0.0,"speed":1.0,"floorPosition":74.5},{"type":2,"time":4768,"positionX":-3.0,"holdTime":0.0,"speed":1.0,"floorPosition":74.5},{"type":2,"time":4784,"positionX":-4.0,"holdTime":0.0,"speed":1.0,"floorPosition":74.75},{"type":2,"time":4800,"positionX":-5.0,"holdTime":0.0,"speed":1.0,"floorPosition":75.0},{"type":2,"time":4816,"positionX":-4.0,"holdTime":0.0,"speed":1.0,"floorPosition":75.25},{"type":1,"time":4832,"positionX":3.0,"holdTime":0.0,"speed":1.0,"floorPosition":75.5},{"type":2,"time":4832,"positionX":-3.0,"holdTime":0.0,"speed":1.0,"floorPosition":75.5},{"type":2,"time":4848,"positionX":-2.0,"holdTime":0.0,"speed":1.0,"floorPosition":75.75},{"type":2,"time":4864,"positionX":-1.0,"holdTime":0.0,"speed":1.0,"floorPosition":76.0},{"type":2,"time":4880,"positionX":-2.0,"holdTime":0.0,"speed":1.0,"floorPosition":76.25},{"type":1,"time":4896,"positionX":3.0,"holdTime":0.0,"speed":1.0,"floorPosition":76.5},{"type":2,"time":4896,"positionX":-3.0,"holdTime":0.0,"speed":1.0,"floorPosition":76.5},{"type":2,"time":4912,"positionX":-4.0,"holdTime":0.0,"speed":1.0,"floorPosition":76.75},{"type":2,"time":4928,"positionX":-5.0,"holdTime":0.0,"speed":1.0,"floorPosition":77.0},{"type":2,"time":4944,"positionX":-4.0,"holdTime":0.0,"speed":1.0,"floorPosition":77.25},{"type":1,"time":4960,"positionX":3.0,"holdTime":0.0,"speed":1.0,"floorPosition":77.5},{"type":2,"time":4960,"positionX":-3.0,"holdTime":0.0,"speed":1.0,"floorPosition":77.5},{"type":2,"time":4976,"positionX":-2.0,"holdTime":0.0,"speed":1.0,"floorPosition":77.75},{"type":2,"time":4992,"positionX":-1.0,"holdTime":0.0,"speed":1.0,"floorPosition":78.0},{"type":2,"time":5008,"positionX":-2.0,"holdTime":0.0,"speed":1.0,"floorPosition":78.25},{"type":1,"time":5024,"positionX":5.0,"holdTime":0.0,"speed":1.0,"floorPosition":78.5},{"type":2,"time":5024,"positionX":-3.0,"holdTime":0.0,"speed":1.0,"floorPosition":78.5},{"type":2,"time":5040,"positionX":-4.0,"holdTime":0.0,"speed":1.0,"floorPosition":78.75},{"type":2,"time":5056,"positionX":-5.0,"holdTime":0.0,"speed":1.0,"floorPosition":79.0},{"type":2,"time":5072,"positionX":-4.0,"holdTime":0.0,"speed":1.0,"floorPosition":79.25},{"type":1,"time":5088,"positionX":5.0,"holdTime":0.0,"speed":1.0,"floorPosition":79.5},{"type":2,"time":5088,"positionX":-3.0,"holdTime":0.0,"speed":1.0,"floorPosition":79.5},{"type":2,"time":5104,"positionX":-2.0,"holdTime":0.0,"speed":1.0,"floorPosition":79.75},{"type":2,"time":5120,"positionX":-1.0,"holdTime":0.0,"speed":1.0,"floorPosition":80.0},{"type":2,"time":5136,"positionX":-2.0,"holdTime":0.0,"speed":1.0,"floorPosition":80.25},{"type":1,"time":5152,"positionX":5.0,"holdTime":0.0,"speed":1.0,"floorPosition":80.5},{"type":2,"time":5152,"positionX":-3.0,"holdTime":0.0,"speed":1.0,"floorPosition":80.5},{"type":2,"time":5168,"positionX":-4.0,"holdTime":0.0,"speed":1.0,"floorPosition":80.75},{"type":2,"time":5184,"positionX":-5.0,"holdTime":0.0,"speed":1.0,"floorPosition":81.0},{"type":2,"time":5200,"positionX":-4.0,"holdTime":0.0,"speed":1.0,"floorPosition":81.25},{"type":1,"time":5216,"positionX":5.0,"holdTime":0.0,"speed":1.0,"floorPosition":81.5},{"type":2,"time":5216,"positionX":-3.0,"holdTime":0.0,"speed":1.0,"floorPosition":81.5},{"type":2,"time":5232,"positionX":-2.0,"holdTime":0.0,"speed":1.0,"floorPosition":81.75},{"type":1,"time":5248,"positionX":-0.08498573,"holdTime":0.0,"speed":1.0,"floorPosition":82.0},{"type":4,"time":5312,"positionX":-3.555241,"holdTime":0.0,"speed":1.0,"floorPosition":83.0},{"type":1,"time":5376,"positionX":-0.01416397,"holdTime":0.0,"speed":1.0,"floorPosition":84.0},{"type":4,"time":5440,"positionX":3.031161,"holdTime":0.0,"speed":1.0,"floorPosition":85.0},{"type":2,"time":5488,"positionX":-0.08498573,"holdTime":0.0,"speed":1.0,"floorPosition":85.75},{"type":2,"time":5504,"positionX":-0.0283289,"holdTime":0.0,"speed":1.0,"floorPosition":86.0},{"type":4,"time":5568,"positionX":-3.286119,"holdTime":0.0,"speed":1.0,"floorPosition":87.0},{"type":1,"time":5632,"positionX":0.05665684,"holdTime":0.0,"speed":1.0,"floorPosition":88.0},{"type":4,"time":5696,"positionX":3.314447,"holdTime":0.0,"speed":1.0,"floorPosition":89.0},{"type":1,"time":5760,"positionX":0.01416397,"holdTime":0.0,"speed":1.0,"floorPosition":90.0},{"type":4,"time":5824,"positionX":-3.215298,"holdTime":0.0,"speed":1.0,"floorPosition":91.0},{"type":1,"time":5888,"positionX":-0.05665684,"holdTime":0.0,"speed":1.0,"floorPosition":92.0},{"type":4,"time":5952,"positionX":3.399434,"holdTime":0.0,"speed":1.0,"floorPosition":93.0},{"type":1,"time":6016,"positionX":-0.08498573,"holdTime":0.0,"speed":1.0,"floorPosition":94.0},{"type":4,"time":6080,"positionX":-3.682719,"holdTime":0.0,"speed":1.0,"floorPosition":95.0},{"type":1,"time":6144,"positionX":-0.01416397,"holdTime":0.0,"speed":1.0,"floorPosition":96.0},{"type":4,"time":6208,"positionX":3.555241,"holdTime":0.0,"speed":1.0,"floorPosition":97.0},{"type":2,"time":6240,"positionX":-0.04249287,"holdTime":0.0,"speed":1.0,"floorPosition":97.5},{"type":1,"time":6272,"positionX":-2.917847,"holdTime":0.0,"speed":1.0,"floorPosition":98.0},{"type":1,"time":6304,"positionX":1.912182,"holdTime":0.0,"speed":1.0,"floorPosition":98.5},{"type":1,"time":6336,"positionX":-4.107649,"holdTime":0.0,"speed":1.0,"floorPosition":99.0},{"type":1,"time":6368,"positionX":1.203966,"holdTime":0.0,"speed":1.0,"floorPosition":99.5},{"type":1,"time":6400,"positionX":-2.875355,"holdTime":0.0,"speed":1.0,"floorPosition":100.0},{"type":1,"time":6432,"positionX":2.691219,"holdTime":0.0,"speed":1.0,"floorPosition":100.5},{"type":1,"time":6464,"positionX":-1.487252,"holdTime":0.0,"speed":1.0,"floorPosition":101.0},{"type":1,"time":6496,"positionX":4.2068,"holdTime":0.0,"speed":1.0,"floorPosition":101.5},{"type":1,"time":6528,"positionX":-2.337111,"holdTime":0.0,"speed":1.0,"floorPosition":102.0},{"type":1,"time":6560,"positionX":2.606232,"holdTime":0.0,"speed":1.0,"floorPosition":102.5},{"type":1,"time":6592,"positionX":-3.753541,"holdTime":0.0,"speed":1.0,"floorPosition":103.0},{"type":1,"time":6624,"positionX":0.9631729,"holdTime":0.0,"speed":1.0,"floorPosition":103.5},{"type":1,"time":6656,"positionX":-2.932011,"holdTime":0.0,"speed":1.0,"floorPosition":104.0},{"type":1,"time":6688,"positionX":2.478753,"holdTime":0.0,"speed":1.0,"floorPosition":104.5},{"type":1,"time":6720,"positionX":-1.756373,"holdTime":0.0,"speed":1.0,"floorPosition":105.0},{"type":1,"time":6752,"positionX":4.362606,"holdTime":0.0,"speed":1.0,"floorPosition":105.5},{"type":2,"time":6784,"positionX":-0.01416397,"holdTime":0.0,"speed":1.0,"floorPosition":106.0},{"type":2,"time":6816,"positionX":-0.0283289,"holdTime":0.0,"speed":1.0,"floorPosition":106.5},{"type":2,"time":6848,"positionX":-0.01416397,"holdTime":0.0,"speed":1.0,"floorPosition":107.0},{"type":2,"time":6880,"positionX":0.04249191,"holdTime":0.0,"speed":1.0,"floorPosition":107.5},{"type":2,"time":6912,"positionX":0.04249191,"holdTime":0.0,"speed":1.0,"floorPosition":108.0},{"type":2,"time":6928,"positionX":-0.01416397,"holdTime":0.0,"speed":1.0,"floorPosition":108.25},{"type":2,"time":6944,"positionX":-0.08498573,"holdTime":0.0,"speed":1.0,"floorPosition":108.5},{"type":2,"time":6960,"positionX":-0.0314765,"holdTime":0.0,"speed":1.0,"floorPosition":108.75},{"type":2,"time":6976,"positionX":-0.0283289,"holdTime":0.0,"speed":1.0,"floorPosition":109.0},{"type":2,"time":6992,"positionX":-0.04249287,"holdTime":0.0,"speed":1.0,"floorPosition":109.25},{"type":2,"time":7008,"positionX":-0.07082176,"holdTime":0.0,"speed":1.0,"floorPosition":109.5},{"type":2,"time":7024,"positionX":-0.04249287,"holdTime":0.0,"speed":1.0,"floorPosition":109.75},{"type":1,"time":7296,"positionX":-4.348442,"holdTime":0.0,"speed":1.0,"floorPosition":114.0},{"type":2,"time":7296,"positionX":2.946176,"holdTime":0.0,"speed":1.0,"floorPosition":114.0},{"type":1,"time":7328,"positionX":-4.249292,"holdTime":0.0,"speed":1.0,"floorPosition":114.5},{"type":2,"time":7328,"positionX":3.087819,"holdTime":0.0,"speed":1.0,"floorPosition":114.5},{"type":2,"time":7360,"positionX":3.201133,"holdTime":0.0,"speed":1.0,"floorPosition":115.0},{"type":1,"time":7360,"positionX":-4.291784,"holdTime":0.0,"speed":1.0,"floorPosition":115.0},{"type":1,"time":7392,"positionX":-4.107649,"holdTime":0.0,"speed":1.0,"floorPosition":115.5},{"type":2,"time":7392,"positionX":3.95184,"holdTime":0.0,"speed":1.0,"floorPosition":115.5},{"type":2,"time":7408,"positionX":4.560907,"holdTime":0.0,"speed":1.0,"floorPosition":115.75},{"type":2,"time":7424,"positionX":5.226629,"holdTime":0.0,"speed":1.0,"floorPosition":116.0},{"type":1,"time":7424,"positionX":-4.036827,"holdTime":0.0,"speed":1.0,"floorPosition":116.0},{"type":2,"time":7456,"positionX":4.390935,"holdTime":0.0,"speed":1.0,"floorPosition":116.5},{"type":1,"time":7456,"positionX":-3.895185,"holdTime":0.0,"speed":1.0,"floorPosition":116.5},{"type":2,"time":7488,"positionX":3.172804,"holdTime":0.0,"speed":1.0,"floorPosition":117.0},{"type":1,"time":7488,"positionX":-3.980169,"holdTime":0.0,"speed":1.0,"floorPosition":117.0},{"type":1,"time":7520,"positionX":-3.923512,"holdTime":0.0,"speed":1.0,"floorPosition":117.5},{"type":2,"time":7520,"positionX":1.827196,"holdTime":0.0,"speed":1.0,"floorPosition":117.5},{"type":1,"time":7552,"positionX":-3.866856,"holdTime":0.0,"speed":1.0,"floorPosition":118.0},{"type":2,"time":7552,"positionX":3.045326,"holdTime":0.0,"speed":1.0,"floorPosition":118.0},{"type":1,"time":7584,"positionX":-3.767705,"holdTime":0.0,"speed":1.0,"floorPosition":118.5},{"type":1,"time":7616,"positionX":-3.668555,"holdTime":0.0,"speed":1.0,"floorPosition":119.0},{"type":2,"time":7616,"positionX":4.886685,"holdTime":0.0,"speed":1.0,"floorPosition":119.0},{"type":2,"time":7648,"positionX":3.796034,"holdTime":0.0,"speed":1.0,"floorPosition":119.5},{"type":1,"time":7648,"positionX":-3.838527,"holdTime":0.0,"speed":1.0,"floorPosition":119.5},{"type":2,"time":7664,"positionX":2.96034,"holdTime":0.0,"speed":1.0,"floorPosition":119.75},{"type":2,"time":7680,"positionX":2.03966,"holdTime":0.0,"speed":1.0,"floorPosition":120.0},{"type":1,"time":7680,"positionX":-3.711048,"holdTime":0.0,"speed":1.0,"floorPosition":120.0},{"type":2,"time":7712,"positionX":2.422095,"holdTime":0.0,"speed":1.0,"floorPosition":120.5},{"type":1,"time":7712,"positionX":-3.711048,"holdTime":0.0,"speed":1.0,"floorPosition":120.5},{"type":2,"time":7744,"positionX":3.05949,"holdTime":0.0,"speed":1.0,"floorPosition":121.0},{"type":1,"time":7744,"positionX":-3.711048,"holdTime":0.0,"speed":1.0,"floorPosition":121.0},{"type":2,"time":7776,"positionX":3.611898,"holdTime":0.0,"speed":1.0,"floorPosition":121.5},{"type":1,"time":7776,"positionX":-3.796034,"holdTime":0.0,"speed":1.0,"floorPosition":121.5},{"type":1,"time":7808,"positionX":-5.920679,"holdTime":0.0,"speed":1.0,"floorPosition":122.0},{"type":2,"time":7808,"positionX":4.943342,"holdTime":0.0,"speed":1.0,"floorPosition":122.0},{"type":2,"time":7840,"positionX":3.725213,"holdTime":0.0,"speed":1.0,"floorPosition":122.5},{"type":1,"time":7840,"positionX":-5.835694,"holdTime":0.0,"speed":1.0,"floorPosition":122.5},{"type":1,"time":7872,"positionX":-5.864022,"holdTime":0.0,"speed":1.0,"floorPosition":123.0},{"type":2,"time":7872,"positionX":2.393768,"holdTime":0.0,"speed":1.0,"floorPosition":123.0},{"type":2,"time":7888,"positionX":1.41643,"holdTime":0.0,"speed":1.0,"floorPosition":123.25},{"type":2,"time":7904,"positionX":0.5099144,"holdTime":0.0,"speed":1.0,"floorPosition":123.5},{"type":1,"time":7904,"positionX":-5.679886,"holdTime":0.0,"speed":1.0,"floorPosition":123.5},{"type":1,"time":7936,"positionX":-5.62323,"holdTime":0.0,"speed":1.0,"floorPosition":124.0},{"type":2,"time":7936,"positionX":1.218129,"holdTime":0.0,"speed":1.0,"floorPosition":124.0},{"type":1,"time":7968,"positionX":-5.637394,"holdTime":0.0,"speed":1.0,"floorPosition":124.5},{"type":1,"time":8000,"positionX":-5.679886,"holdTime":0.0,"speed":1.0,"floorPosition":125.0},{"type":2,"time":8000,"positionX":2.719546,"holdTime":0.0,"speed":1.0,"floorPosition":125.0},{"type":2,"time":8032,"positionX":3.909348,"holdTime":0.0,"speed":1.0,"floorPosition":125.5},{"type":1,"time":8032,"positionX":-5.62323,"holdTime":0.0,"speed":1.0,"floorPosition":125.5},{"type":1,"time":8064,"positionX":-5.49575,"holdTime":0.0,"speed":1.0,"floorPosition":126.0},{"type":2,"time":8064,"positionX":5.311615,"holdTime":0.0,"speed":1.0,"floorPosition":126.0},{"type":1,"time":8096,"positionX":-5.609065,"holdTime":0.0,"speed":1.0,"floorPosition":126.5},{"type":2,"time":8128,"positionX":3.229462,"holdTime":0.0,"speed":1.0,"floorPosition":127.0},{"type":1,"time":8128,"positionX":-5.524079,"holdTime":0.0,"speed":1.0,"floorPosition":127.0},{"type":2,"time":8144,"positionX":4.050992,"holdTime":0.0,"speed":1.0,"floorPosition":127.25},{"type":2,"time":8160,"positionX":2.988668,"holdTime":0.0,"speed":1.0,"floorPosition":127.5},{"type":1,"time":8160,"positionX":-5.467422,"holdTime":0.0,"speed":1.0,"floorPosition":127.5},{"type":2,"time":8176,"positionX":3.909348,"holdTime":0.0,"speed":1.0,"floorPosition":127.75},{"type":2,"time":8320,"positionX":-1.855524,"holdTime":0.0,"speed":1.0,"floorPosition":130.0},{"type":1,"time":8320,"positionX":3.512747,"holdTime":0.0,"speed":1.0,"floorPosition":130.0},{"type":2,"time":8352,"positionX":-3.399433,"holdTime":0.0,"speed":1.0,"floorPosition":130.5},{"type":1,"time":8352,"positionX":3.399434,"holdTime":0.0,"speed":1.0,"floorPosition":130.5},{"type":2,"time":8384,"positionX":-4.858356,"holdTime":0.0,"speed":1.0,"floorPosition":131.0},{"type":1,"time":8384,"positionX":3.441926,"holdTime":0.0,"speed":1.0,"floorPosition":131.0},{"type":2,"time":8416,"positionX":-6.21813,"holdTime":0.0,"speed":1.0,"floorPosition":131.5},{"type":1,"time":8416,"positionX":3.498584,"holdTime":0.0,"speed":1.0,"floorPosition":131.5},{"type":2,"time":8432,"positionX":-5.283287,"holdTime":0.0,"speed":1.0,"floorPosition":131.75},{"type":2,"time":8448,"positionX":-4.348442,"holdTime":0.0,"speed":1.0,"floorPosition":132.0},{"type":1,"time":8448,"positionX":3.470255,"holdTime":0.0,"speed":1.0,"floorPosition":132.0},{"type":2,"time":8480,"positionX":-2.776204,"holdTime":0.0,"speed":1.0,"floorPosition":132.5},{"type":1,"time":8480,"positionX":3.470255,"holdTime":0.0,"speed":1.0,"floorPosition":132.5},{"type":1,"time":8512,"positionX":3.470255,"holdTime":0.0,"speed":1.0,"floorPosition":133.0},{"type":2,"time":8512,"positionX":-1.798866,"holdTime":0.0,"speed":1.0,"floorPosition":133.0},{"type":2,"time":8544,"positionX":-3.243627,"holdTime":0.0,"speed":1.0,"floorPosition":133.5},{"type":1,"time":8544,"positionX":3.413597,"holdTime":0.0,"speed":1.0,"floorPosition":133.5},{"type":2,"time":8560,"positionX":-3.796034,"holdTime":0.0,"speed":1.0,"floorPosition":133.75},{"type":1,"time":8576,"positionX":3.470255,"holdTime":0.0,"speed":1.0,"floorPosition":134.0},{"type":2,"time":8576,"positionX":-4.461756,"holdTime":0.0,"speed":1.0,"floorPosition":134.0},{"type":2,"time":8608,"positionX":-3.087818,"holdTime":0.0,"speed":1.0,"floorPosition":134.5},{"type":1,"time":8608,"positionX":3.526912,"holdTime":0.0,"speed":1.0,"floorPosition":134.5},{"type":1,"time":8640,"positionX":3.456089,"holdTime":0.0,"speed":1.0,"floorPosition":135.0},{"type":2,"time":8640,"positionX":-5.453258,"holdTime":0.0,"speed":1.0,"floorPosition":135.0},{"type":2,"time":8656,"positionX":-4.730879,"holdTime":0.0,"speed":1.0,"floorPosition":135.25},{"type":1,"time":8672,"positionX":3.470255,"holdTime":0.0,"speed":1.0,"floorPosition":135.5},{"type":2,"time":8672,"positionX":-3.923512,"holdTime":0.0,"speed":1.0,"floorPosition":135.5},{"type":1,"time":8704,"positionX":3.427763,"holdTime":0.0,"speed":1.0,"floorPosition":136.0},{"type":2,"time":8704,"positionX":-1.317281,"holdTime":0.0,"speed":1.0,"floorPosition":136.0},{"type":2,"time":8736,"positionX":-3.172805,"holdTime":0.0,"speed":1.0,"floorPosition":136.5},{"type":1,"time":8736,"positionX":3.569405,"holdTime":0.0,"speed":1.0,"floorPosition":136.5},{"type":2,"time":8768,"positionX":-4.645892,"holdTime":0.0,"speed":1.0,"floorPosition":137.0},{"type":1,"time":8768,"positionX":3.597733,"holdTime":0.0,"speed":1.0,"floorPosition":137.0},{"type":2,"time":8800,"positionX":-2.847026,"holdTime":0.0,"speed":1.0,"floorPosition":137.5},{"type":1,"time":8800,"positionX":3.640227,"holdTime":0.0,"speed":1.0,"floorPosition":137.5},{"type":2,"time":8832,"positionX":-0.01416397,"holdTime":0.0,"speed":1.0,"floorPosition":138.0},{"type":1,"time":8832,"positionX":5.934844,"holdTime":0.0,"speed":1.0,"floorPosition":138.0},{"type":2,"time":8864,"positionX":-2.110481,"holdTime":0.0,"speed":1.0,"floorPosition":138.5},{"type":1,"time":8864,"positionX":6.019831,"holdTime":0.0,"speed":1.0,"floorPosition":138.5},{"type":2,"time":8896,"positionX":0.0,"holdTime":0.0,"speed":1.0,"floorPosition":139.0},{"type":1,"time":8896,"positionX":5.92068,"holdTime":0.0,"speed":1.0,"floorPosition":139.0},{"type":2,"time":8928,"positionX":-2.974504,"holdTime":0.0,"speed":1.0,"floorPosition":139.5},{"type":1,"time":8928,"positionX":6.033994,"holdTime":0.0,"speed":1.0,"floorPosition":139.5},{"type":2,"time":8960,"positionX":-0.623229,"holdTime":0.0,"speed":1.0,"floorPosition":140.0},{"type":1,"time":8960,"positionX":6.189802,"holdTime":0.0,"speed":1.0,"floorPosition":140.0},{"type":2,"time":8992,"positionX":-3.951841,"holdTime":0.0,"speed":1.0,"floorPosition":140.5},{"type":1,"time":8992,"positionX":6.076488,"holdTime":0.0,"speed":1.0,"floorPosition":140.5},{"type":2,"time":9024,"positionX":-1.359774,"holdTime":0.0,"speed":1.0,"floorPosition":141.0},{"type":1,"time":9024,"positionX":6.062323,"holdTime":0.0,"speed":1.0,"floorPosition":141.0},{"type":2,"time":9056,"positionX":-4.787536,"holdTime":0.0,"speed":1.0,"floorPosition":141.5},{"type":1,"time":9056,"positionX":6.11898,"holdTime":0.0,"speed":1.0,"floorPosition":141.5},{"type":2,"time":9088,"positionX":-1.062323,"holdTime":0.0,"speed":1.0,"floorPosition":142.0},{"type":1,"time":9088,"positionX":6.203966,"holdTime":0.0,"speed":1.0,"floorPosition":142.0},{"type":2,"time":9120,"positionX":-3.441926,"holdTime":0.0,"speed":1.0,"floorPosition":142.5},{"type":1,"time":9120,"positionX":6.104816,"holdTime":0.0,"speed":1.0,"floorPosition":142.5},{"type":2,"time":9152,"positionX":-5.042494,"holdTime":0.0,"speed":1.0,"floorPosition":143.0},{"type":1,"time":9152,"positionX":6.04816,"holdTime":0.0,"speed":1.0,"floorPosition":143.0},{"type":2,"time":9184,"positionX":-3.597734,"holdTime":0.0,"speed":1.0,"floorPosition":143.5},{"type":1,"time":9184,"positionX":6.04816,"holdTime":0.0,"speed":1.0,"floorPosition":143.5},{"type":2,"time":9200,"positionX":-2.577904,"holdTime":0.0,"speed":1.0,"floorPosition":143.75},{"type":1,"time":9344,"positionX":-0.9065161,"holdTime":0.0,"speed":1.0,"floorPosition":146.0},{"type":1,"time":9376,"positionX":1.813031,"holdTime":0.0,"speed":1.0,"floorPosition":146.5},{"type":1,"time":9408,"positionX":-2.294617,"holdTime":0.0,"speed":1.0,"floorPosition":147.0},{"type":1,"time":9440,"positionX":1.997167,"holdTime":0.0,"speed":1.0,"floorPosition":147.5},{"type":1,"time":9472,"positionX":-3.498583,"holdTime":0.0,"speed":1.0,"floorPosition":148.0},{"type":1,"time":9504,"positionX":0.8781872,"holdTime":0.0,"speed":1.0,"floorPosition":148.5},{"type":1,"time":9536,"positionX":-2.322947,"holdTime":0.0,"speed":1.0,"floorPosition":149.0},{"type":1,"time":9568,"positionX":2.450424,"holdTime":0.0,"speed":1.0,"floorPosition":149.5},{"type":1,"time":9600,"positionX":-3.441926,"holdTime":0.0,"speed":1.0,"floorPosition":150.0},{"type":1,"time":9632,"positionX":1.062323,"holdTime":0.0,"speed":1.0,"floorPosition":150.5},{"type":1,"time":9664,"positionX":-4.730879,"holdTime":0.0,"speed":1.0,"floorPosition":151.0},{"type":1,"time":9696,"positionX":0.1699724,"holdTime":0.0,"speed":1.0,"floorPosition":151.5},{"type":1,"time":9728,"positionX":-3.05949,"holdTime":0.0,"speed":1.0,"floorPosition":152.0},{"type":1,"time":9760,"positionX":2.082153,"holdTime":0.0,"speed":1.0,"floorPosition":152.5},{"type":1,"time":9792,"positionX":-1.458923,"holdTime":0.0,"speed":1.0,"floorPosition":153.0},{"type":1,"time":9824,"positionX":3.640227,"holdTime":0.0,"speed":1.0,"floorPosition":153.5},{"type":1,"time":9856,"positionX":-2.932011,"holdTime":0.0,"speed":1.0,"floorPosition":154.0},{"type":1,"time":9888,"positionX":2.606232,"holdTime":0.0,"speed":1.0,"floorPosition":154.5},{"type":1,"time":9920,"positionX":-4.065155,"holdTime":0.0,"speed":1.0,"floorPosition":155.0},{"type":1,"time":9952,"positionX":1.076488,"holdTime":0.0,"speed":1.0,"floorPosition":155.5},{"type":1,"time":9984,"positionX":-2.507082,"holdTime":0.0,"speed":1.0,"floorPosition":156.0},{"type":1,"time":10016,"positionX":2.889518,"holdTime":0.0,"speed":1.0,"floorPosition":156.5},{"type":1,"time":10048,"positionX":-3.852692,"holdTime":0.0,"speed":1.0,"floorPosition":157.0},{"type":1,"time":10080,"positionX":0.8215294,"holdTime":0.0,"speed":1.0,"floorPosition":157.5},{"type":1,"time":10112,"positionX":-2.096317,"holdTime":0.0,"speed":1.0,"floorPosition":158.0},{"type":1,"time":10144,"positionX":3.555241,"holdTime":0.0,"speed":1.0,"floorPosition":158.5},{"type":1,"time":10176,"positionX":-2.847026,"holdTime":0.0,"speed":1.0,"floorPosition":159.0},{"type":1,"time":10208,"positionX":1.671389,"holdTime":0.0,"speed":1.0,"floorPosition":159.5},{"type":1,"time":10240,"positionX":-4.050991,"holdTime":0.0,"speed":1.0,"floorPosition":160.0},{"type":1,"time":10272,"positionX":0.4957504,"holdTime":0.0,"speed":1.0,"floorPosition":160.5},{"type":1,"time":10304,"positionX":-5.396601,"holdTime":0.0,"speed":1.0,"floorPosition":161.0},{"type":1,"time":10336,"positionX":0.1133146,"holdTime":0.0,"speed":1.0,"floorPosition":161.5},{"type":2,"time":10368,"positionX":2.620397,"holdTime":0.0,"speed":1.0,"floorPosition":162.0},{"type":4,"time":10400,"positionX":-2.195467,"holdTime":0.0,"speed":1.0,"floorPosition":162.5},{"type":2,"time":10432,"positionX":3.569405,"holdTime":0.0,"speed":1.0,"floorPosition":163.0},{"type":4,"time":10464,"positionX":-3.498583,"holdTime":0.0,"speed":1.0,"floorPosition":163.5},{"type":2,"time":10496,"positionX":3.356941,"holdTime":0.0,"speed":1.0,"floorPosition":164.0},{"type":4,"time":10528,"positionX":-4.844193,"holdTime":0.0,"speed":1.0,"floorPosition":164.5},{"type":2,"time":10560,"positionX":3.711048,"holdTime":0.0,"speed":1.0,"floorPosition":165.0},{"type":4,"time":10592,"positionX":-2.549575,"holdTime":0.0,"speed":1.0,"floorPosition":165.5},{"type":2,"time":10624,"positionX":3.073655,"holdTime":0.0,"speed":1.0,"floorPosition":166.0},{"type":4,"time":10656,"positionX":-4.093485,"holdTime":0.0,"speed":1.0,"floorPosition":166.5},{"type":2,"time":10688,"positionX":4.291785,"holdTime":0.0,"speed":1.0,"floorPosition":167.0},{"type":4,"time":10720,"positionX":-1.628896,"holdTime":0.0,"speed":1.0,"floorPosition":167.5},{"type":2,"time":10752,"positionX":2.932012,"holdTime":0.0,"speed":1.0,"floorPosition":168.0},{"type":4,"time":10784,"positionX":-5.396601,"holdTime":0.0,"speed":1.0,"floorPosition":168.5},{"type":2,"time":10816,"positionX":2.86119,"holdTime":0.0,"speed":1.0,"floorPosition":169.0},{"type":4,"time":10848,"positionX":-1.813031,"holdTime":0.0,"speed":1.0,"floorPosition":169.5},{"type":2,"time":10880,"positionX":0.8923512,"holdTime":0.0,"speed":1.0,"floorPosition":170.0},{"type":4,"time":10912,"positionX":3.087819,"holdTime":0.0,"speed":1.0,"floorPosition":170.5},{"type":2,"time":10944,"positionX":-1.444758,"holdTime":0.0,"speed":1.0,"floorPosition":171.0},{"type":4,"time":10976,"positionX":4.929179,"holdTime":0.0,"speed":1.0,"floorPosition":171.5},{"type":2,"time":11008,"positionX":-3.65439,"holdTime":0.0,"speed":1.0,"floorPosition":172.0},{"type":4,"time":11040,"positionX":6.388102,"holdTime":0.0,"speed":1.0,"floorPosition":172.5},{"type":2,"time":11072,"positionX":-2.195467,"holdTime":0.0,"speed":1.0,"floorPosition":173.0},{"type":4,"time":11104,"positionX":4.405099,"holdTime":0.0,"speed":1.0,"floorPosition":173.5},{"type":2,"time":11136,"positionX":-3.48442,"holdTime":0.0,"speed":1.0,"floorPosition":174.0},{"type":4,"time":11168,"positionX":2.563739,"holdTime":0.0,"speed":1.0,"floorPosition":174.5},{"type":2,"time":11200,"positionX":-1.883852,"holdTime":0.0,"speed":1.0,"floorPosition":175.0},{"type":4,"time":11232,"positionX":4.362606,"holdTime":0.0,"speed":1.0,"floorPosition":175.5},{"type":3,"time":11264,"positionX":-3.58357,"holdTime":128.0,"speed":1.2,"floorPosition":176.0},{"type":1,"time":11392,"positionX":1.997167,"holdTime":0.0,"speed":1.0,"floorPosition":177.6},{"type":1,"time":11456,"positionX":2.0,"holdTime":0.0,"speed":1.0,"floorPosition":178.4},{"type":1,"time":11520,"positionX":-2.0,"holdTime":0.0,"speed":1.0,"floorPosition":179.2},{"type":1,"time":11584,"positionX":-2.0,"holdTime":0.0,"speed":1.0,"floorPosition":180.0},{"type":1,"time":11648,"positionX":4.0,"holdTime":0.0,"speed":1.0,"floorPosition":180.8},{"type":1,"time":11712,"positionX":4.0,"holdTime":0.0,"speed":1.0,"floorPosition":181.6},{"type":1,"time":11776,"positionX":-4.0,"holdTime":0.0,"speed":1.0,"floorPosition":182.4},{"type":1,"time":11840,"positionX":-4.0,"holdTime":0.0,"speed":1.0,"floorPosition":183.2},{"type":1,"time":11904,"positionX":3.0,"holdTime":0.0,"speed":1.0,"floorPosition":184.0},{"type":1,"time":11968,"positionX":-3.0,"holdTime":0.0,"speed":1.0,"floorPosition":184.8},{"type":1,"time":12032,"positionX":3.0,"holdTime":0.0,"speed":1.0,"floorPosition":185.6},{"type":1,"time":12096,"positionX":-3.0,"holdTime":0.0,"speed":1.0,"floorPosition":186.4},{"type":1,"time":12160,"positionX":0.0,"holdTime":0.0,"speed":1.0,"floorPosition":187.2},{"type":1,"time":12224,"positionX":0.0,"holdTime":0.0,"speed":1.0,"floorPosition":188.0},{"type":1,"time":12288,"positionX":0.0,"holdTime":0.0,"speed":1.0,"floorPosition":188.8}],"notesBelow":[],"speedEvents":[{"startTime":0.0,"endTime":11264.0,"value":1.5},{"startTime":11264.0,"endTime":1000000000.0,"value":1.2}],"judgeLineMoveEvents":[{"startTime":-999999.0,"endTime":0.0,"start":0.5,"end":0.5,"start2":0.5,"end2":0.5},{"startTime":0.0,"endTime":1.0,"start":0.5,"end":0.5,"start2":0.5,"end2":0.49983874},{"startTime":1.0,"endTime":2.0,"start":0.5,"end":0.5,"start2":0.49983874,"end2":0.4994075},{"startTime":2.0,"endTime":3.0,"start":0.5,"end":0.5,"start2":0.4994075,"end2":0.49866876},{"startTime":3.0,"endTime":4.0,"start":0.5,"end":0.5,"start2":0.49866876,"end2":0.497645},{"startTime":4.0,"endTime":5.0,"start":0.5,"end":0.5,"start2":0.497645,"end2":0.49632874},{"startTime":5.0,"endTime":6.0,"start":0.5,"end":0.5,"start2":0.49632874,"end2":0.4947125},{"startTime":6.0,"endTime":7.0,"start":0.5,"end":0.5,"start2":0.4947125,"end2":0.49281874},{"startTime":7.0,"endTime":8.0,"start":0.5,"end":0.5,"start2":0.49281874,"end2":0.49061},{"startTime":8.0,"endTime":9.0,"start":0.5,"end":0.5,"start2":0.49061,"end2":0.48813125},{"startTime":9.0,"endTime":10.0,"start":0.5,"end":0.5,"start2":0.48813125,"end2":0.4853375},{"startTime":10.0,"endTime":11.0,"start":0.5,"end":0.5,"start2":0.4853375,"end2":0.48226625},{"startTime":11.0,"endTime":12.0,"start":0.5,"end":0.5,"start2":0.48226625,"end2":0.478895},{"startTime":12.0,"endTime":13.0,"start":0.5,"end":0.5,"start2":0.478895,"end2":0.47523126},{"startTime":13.0,"endTime":14.0,"start":0.5,"end":0.5,"start2":0.47523126,"end2":0.4712825},{"startTime":14.0,"endTime":15.0,"start":0.5,"end":0.5,"start2":0.4712825,"end2":0.46702626},{"startTime":15.0,"endTime":16.0,"start":0.5,"end":0.5,"start2":0.46702626,"end2":0.4625},{"startTime":16.0,"endTime":17.0,"start":0.5,"end":0.5,"start2":0.4625,"end2":0.45765126},{"startTime":17.0,"endTime":18.0,"start":0.5,"end":0.5,"start2":0.45765126,"end2":0.4525325},{"startTime":18.0,"endTime":19.0,"start":0.5,"end":0.5,"start2":0.4525325,"end2":0.44710624},{"startTime":19.0,"endTime":20.0,"start":0.5,"end":0.5,"start2":0.44710624,"end2":0.44139498},{"startTime":20.0,"endTime":21.0,"start":0.5,"end":0.5,"start2":0.44139498,"end2":0.43539125},{"startTime":21.0,"endTime":22.0,"start":0.5,"end":0.5,"start2":0.43539125,"end2":0.4290875},{"startTime":22.0,"endTime":23.0,"start":0.5,"end":0.5,"start2":0.4290875,"end2":0.42250624},{"startTime":23.0,"endTime":24.0,"start":0.5,"end":0.5,"start2":0.42250624,"end2":0.41561},{"startTime":24.0,"endTime":25.0,"start":0.5,"end":0.5,"start2":0.41561,"end2":0.40844375},{"startTime":25.0,"endTime":26.0,"start":0.5,"end":0.5,"start2":0.40844375,"end2":0.4009625},{"startTime":26.0,"endTime":27.0,"start":0.5,"end":0.5,"start2":0.4009625,"end2":0.39320377},{"startTime":27.0,"endTime":28.0,"start":0.5,"end":0.5,"start2":0.39320377,"end2":0.385145},{"startTime":28.0,"endTime":29.0,"start":0.5,"end":0.5,"start2":0.385145,"end2":0.37679377},{"startTime":29.0,"endTime":30.0,"start":0.5,"end":0.5,"start2":0.37679377,"end2":0.3681575},{"startTime":30.0,"endTime":31.0,"start":0.5,"end":0.5,"start2":0.3681575,"end2":0.35921374},{"startTime":31.0,"endTime":33.0,"start":0.5,"end":0.5,"start2":0.35921374,"end2":0.34078625},{"startTime":33.0,"endTime":34.0,"start":0.5,"end":0.5,"start2":0.34078625,"end2":0.3318425},{"startTime":34.0,"endTime":35.0,"start":0.5,"end":0.5,"start2":0.3318425,"end2":0.32320625},{"startTime":35.0,"endTime":36.0,"start":0.5,"end":0.5,"start2":0.32320625,"end2":0.314855},{"startTime":36.0,"endTime":37.0,"start":0.5,"end":0.5,"start2":0.314855,"end2":0.30679625},{"startTime":37.0,"endTime":38.0,"start":0.5,"end":0.5,"start2":0.30679625,"end2":0.29903752},{"startTime":38.0,"endTime":39.0,"start":0.5,"end":0.5,"start2":0.29903752,"end2":0.29155624},{"startTime":39.0,"endTime":40.0,"start":0.5,"end":0.5,"start2":0.29155624,"end2":0.28439},{"startTime":40.0,"endTime":41.0,"start":0.5,"end":0.5,"start2":0.28439,"end2":0.27749375},{"startTime":41.0,"endTime":42.0,"start":0.5,"end":0.5,"start2":0.27749375,"end2":0.2709125},{"startTime":42.0,"endTime":43.0,"start":0.5,"end":0.5,"start2":0.2709125,"end2":0.26460877},{"startTime":43.0,"endTime":44.0,"start":0.5,"end":0.5,"start2":0.26460877,"end2":0.258605},{"startTime":44.0,"endTime":45.0,"start":0.5,"end":0.5,"start2":0.258605,"end2":0.25289375},{"startTime":45.0,"endTime":46.0,"start":0.5,"end":0.5,"start2":0.25289375,"end2":0.24746752},{"startTime":46.0,"endTime":47.0,"start":0.5,"end":0.5,"start2":0.24746752,"end2":0.24234876},{"startTime":47.0,"endTime":48.0,"start":0.5,"end":0.5,"start2":0.24234876,"end2":0.2375},{"startTime":48.0,"endTime":49.0,"start":0.5,"end":0.5,"start2":0.2375,"end2":0.23297375},{"startTime":49.0,"endTime":50.0,"start":0.5,"end":0.5,"start2":0.23297375,"end2":0.22871749},{"startTime":50.0,"endTime":51.0,"start":0.5,"end":0.5,"start2":0.22871749,"end2":0.22476876},{"startTime":51.0,"endTime":52.0,"start":0.5,"end":0.5,"start2":0.22476876,"end2":0.221105},{"startTime":52.0,"endTime":53.0,"start":0.5,"end":0.5,"start2":0.221105,"end2":0.21773376},{"startTime":53.0,"endTime":54.0,"start":0.5,"end":0.5,"start2":0.21773376,"end2":0.2146625},{"startTime":54.0,"endTime":55.0,"start":0.5,"end":0.5,"start2":0.2146625,"end2":0.21186876},{"startTime":55.0,"endTime":56.0,"start":0.5,"end":0.5,"start2":0.21186876,"end2":0.20939},{"startTime":56.0,"endTime":57.0,"start":0.5,"end":0.5,"start2":0.20939,"end2":0.20718125},{"startTime":57.0,"endTime":58.0,"start":0.5,"end":0.5,"start2":0.20718125,"end2":0.2052875},{"startTime":58.0,"endTime":59.0,"start":0.5,"end":0.5,"start2":0.2052875,"end2":0.20367125},{"startTime":59.0,"endTime":60.0,"start":0.5,"end":0.5,"start2":0.20367125,"end2":0.202355},{"startTime":60.0,"endTime":61.0,"start":0.5,"end":0.5,"start2":0.202355,"end2":0.20133126},{"startTime":61.0,"endTime":62.0,"start":0.5,"end":0.5,"start2":0.20133126,"end2":0.2005925},{"startTime":62.0,"endTime":63.0,"start":0.5,"end":0.5,"start2":0.2005925,"end2":0.20016126},{"startTime":63.0,"endTime":64.0,"start":0.5,"end":0.5,"start2":0.20016126,"end2":0.2},{"startTime":64.0,"endTime":8192.0,"start":0.5,"end":0.5,"start2":0.2,"end2":0.2},{"startTime":8192.0,"endTime":8193.0,"start":0.5,"end":0.5,"start2":0.2,"end2":0.20000148},{"startTime":8193.0,"endTime":8194.0,"start":0.5,"end":0.5,"start2":0.20000148,"end2":0.2000095},{"startTime":8194.0,"endTime":8195.0,"start":0.5,"end":0.5,"start2":0.2000095,"end2":0.20003179},{"startTime":8195.0,"endTime":8196.0,"start":0.5,"end":0.5,"start2":0.20003179,"end2":0.20007433},{"startTime":8196.0,"endTime":8197.0,"start":0.5,"end":0.5,"start2":0.20007433,"end2":0.2001441},{"startTime":8197.0,"endTime":8198.0,"start":0.5,"end":0.5,"start2":0.2001441,"end2":0.2002492},{"startTime":8198.0,"endTime":8199.0,"start":0.5,"end":0.5,"start2":0.2002492,"end2":0.2003931},{"startTime":8199.0,"endTime":8200.0,"start":0.5,"end":0.5,"start2":0.2003931,"end2":0.20058875},{"startTime":8200.0,"endTime":8201.0,"start":0.5,"end":0.5,"start2":0.20058875,"end2":0.20083503},{"startTime":8201.0,"endTime":8202.0,"start":0.5,"end":0.5,"start2":0.20083503,"end2":0.20114769},{"startTime":8202.0,"endTime":8203.0,"start":0.5,"end":0.5,"start2":0.20114769,"end2":0.2015256},{"startTime":8203.0,"endTime":8204.0,"start":0.5,"end":0.5,"start2":0.2015256,"end2":0.20198068},{"startTime":8204.0,"endTime":8205.0,"start":0.5,"end":0.5,"start2":0.20198068,"end2":0.20251822},{"startTime":8205.0,"endTime":8206.0,"start":0.5,"end":0.5,"start2":0.20251822,"end2":0.20314239},{"startTime":8206.0,"endTime":8207.0,"start":0.5,"end":0.5,"start2":0.20314239,"end2":0.20386758},{"startTime":8207.0,"endTime":8208.0,"start":0.5,"end":0.5,"start2":0.20386758,"end2":0.2046875},{"startTime":8208.0,"endTime":8209.0,"start":0.5,"end":0.5,"start2":0.2046875,"end2":0.20562837},{"startTime":8209.0,"endTime":8210.0,"start":0.5,"end":0.5,"start2":0.20562837,"end2":0.20667699},{"startTime":8210.0,"endTime":8211.0,"start":0.5,"end":0.5,"start2":0.20667699,"end2":0.20785522},{"startTime":8211.0,"endTime":8212.0,"start":0.5,"end":0.5,"start2":0.20785522,"end2":0.20916058},{"startTime":8212.0,"endTime":8213.0,"start":0.5,"end":0.5,"start2":0.20916058,"end2":0.21060285},{"startTime":8213.0,"endTime":8214.0,"start":0.5,"end":0.5,"start2":0.21060285,"end2":0.21219294},{"startTime":8214.0,"endTime":8215.0,"start":0.5,"end":0.5,"start2":0.21219294,"end2":0.21392591},{"startTime":8215.0,"endTime":8216.0,"start":0.5,"end":0.5,"start2":0.21392591,"end2":0.21582875},{"startTime":8216.0,"endTime":8217.0,"start":0.5,"end":0.5,"start2":0.21582875,"end2":0.21788347},{"startTime":8217.0,"endTime":8218.0,"start":0.5,"end":0.5,"start2":0.21788347,"end2":0.2201227},{"startTime":8218.0,"endTime":8219.0,"start":0.5,"end":0.5,"start2":0.2201227,"end2":0.22253121},{"startTime":8219.0,"endTime":8220.0,"start":0.5,"end":0.5,"start2":0.22253121,"end2":0.22512943},{"startTime":8220.0,"endTime":8221.0,"start":0.5,"end":0.5,"start2":0.22512943,"end2":0.22791979},{"startTime":8221.0,"endTime":8222.0,"start":0.5,"end":0.5,"start2":0.22791979,"end2":0.23090364},{"startTime":8222.0,"endTime":8223.0,"start":0.5,"end":0.5,"start2":0.23090364,"end2":0.23410383},{"startTime":8223.0,"endTime":8224.0,"start":0.5,"end":0.5,"start2":0.23410383,"end2":0.2375},{"startTime":8224.0,"endTime":8225.0,"start":0.5,"end":0.5,"start2":0.2375,"end2":0.24113804},{"startTime":8225.0,"endTime":8226.0,"start":0.5,"end":0.5,"start2":0.24113804,"end2":0.2449851},{"startTime":8226.0,"endTime":8227.0,"start":0.5,"end":0.5,"start2":0.2449851,"end2":0.2490771},{"startTime":8227.0,"endTime":8228.0,"start":0.5,"end":0.5,"start2":0.2490771,"end2":0.25340307},{"startTime":8228.0,"endTime":8229.0,"start":0.5,"end":0.5,"start2":0.25340307,"end2":0.25797567},{"startTime":8229.0,"endTime":8230.0,"start":0.5,"end":0.5,"start2":0.25797567,"end2":0.26280856},{"startTime":8230.0,"endTime":8231.0,"start":0.5,"end":0.5,"start2":0.26280856,"end2":0.2678884},{"startTime":8231.0,"endTime":8232.0,"start":0.5,"end":0.5,"start2":0.2678884,"end2":0.27325624},{"startTime":8232.0,"endTime":8233.0,"start":0.5,"end":0.5,"start2":0.27325624,"end2":0.27887723},{"startTime":8233.0,"endTime":8234.0,"start":0.5,"end":0.5,"start2":0.27887723,"end2":0.28480083},{"startTime":8234.0,"endTime":8235.0,"start":0.5,"end":0.5,"start2":0.28480083,"end2":0.29099777},{"startTime":8235.0,"endTime":8236.0,"start":0.5,"end":0.5,"start2":0.29099777,"end2":0.2974969},{"startTime":8236.0,"endTime":8237.0,"start":0.5,"end":0.5,"start2":0.2974969,"end2":0.3042979},{"startTime":8237.0,"endTime":8238.0,"start":0.5,"end":0.5,"start2":0.3042979,"end2":0.31139928},{"startTime":8238.0,"endTime":8239.0,"start":0.5,"end":0.5,"start2":0.31139928,"end2":0.31883228},{"startTime":8239.0,"endTime":8240.0,"start":0.5,"end":0.5,"start2":0.31883228,"end2":0.3265625},{"startTime":8240.0,"endTime":8241.0,"start":0.5,"end":0.5,"start2":0.3265625,"end2":0.33465555},{"startTime":8241.0,"endTime":8242.0,"start":0.5,"end":0.5,"start2":0.33465555,"end2":0.34305885},{"startTime":8242.0,"endTime":8243.0,"start":0.5,"end":0.5,"start2":0.34305885,"end2":0.3518224},{"startTime":8243.0,"endTime":8244.0,"start":0.5,"end":0.5,"start2":0.3518224,"end2":0.36092684},{"startTime":8244.0,"endTime":8245.0,"start":0.5,"end":0.5,"start2":0.36092684,"end2":0.37038752},{"startTime":8245.0,"endTime":8246.0,"start":0.5,"end":0.5,"start2":0.37038752,"end2":0.38022107},{"startTime":8246.0,"endTime":8247.0,"start":0.5,"end":0.5,"start2":0.38022107,"end2":0.3904056},{"startTime":8247.0,"endTime":8248.0,"start":0.5,"end":0.5,"start2":0.3904056,"end2":0.40099624},{"startTime":8248.0,"endTime":8249.0,"start":0.5,"end":0.5,"start2":0.40099624,"end2":0.41194126},{"startTime":8249.0,"endTime":8250.0,"start":0.5,"end":0.5,"start2":0.41194126,"end2":0.42330706},{"startTime":8250.0,"endTime":8251.0,"start":0.5,"end":0.5,"start2":0.42330706,"end2":0.43505028},{"startTime":8251.0,"endTime":8252.0,"start":0.5,"end":0.5,"start2":0.43505028,"end2":0.44720817},{"startTime":8252.0,"endTime":8253.0,"start":0.5,"end":0.5,"start2":0.44720817,"end2":0.45977756},{"startTime":8253.0,"endTime":8254.0,"start":0.5,"end":0.5,"start2":0.45977756,"end2":0.47275427},{"startTime":8254.0,"endTime":8255.0,"start":0.5,"end":0.5,"start2":0.47275427,"end2":0.4861779},{"startTime":8255.0,"endTime":8256.0,"start":0.5,"end":0.5,"start2":0.4861779,"end2":0.5},{"startTime":8256.0,"endTime":8257.0,"start":0.5,"end":0.5,"start2":0.5,"end2":0.48157054},{"startTime":8257.0,"endTime":8258.0,"start":0.5,"end":0.5,"start2":0.48157054,"end2":0.46367237},{"startTime":8258.0,"endTime":8259.0,"start":0.5,"end":0.5,"start2":0.46367237,"end2":0.4463701},{"startTime":8259.0,"endTime":8260.0,"start":0.5,"end":0.5,"start2":0.4463701,"end2":0.4296109},{"startTime":8260.0,"endTime":8261.0,"start":0.5,"end":0.5,"start2":0.4296109,"end2":0.41340038},{"startTime":8261.0,"endTime":8262.0,"start":0.5,"end":0.5,"start2":0.41340038,"end2":0.39774275},{"startTime":8262.0,"endTime":8263.0,"start":0.5,"end":0.5,"start2":0.39774275,"end2":0.38258836},{"startTime":8263.0,"endTime":8264.0,"start":0.5,"end":0.5,"start2":0.38258836,"end2":0.367995},{"startTime":8264.0,"endTime":8265.0,"start":0.5,"end":0.5,"start2":0.367995,"end2":0.35387415},{"startTime":8265.0,"endTime":8266.0,"start":0.5,"end":0.5,"start2":0.35387415,"end2":0.34029475},{"startTime":8266.0,"endTime":8267.0,"start":0.5,"end":0.5,"start2":0.34029475,"end2":0.32718337},{"startTime":8267.0,"endTime":8268.0,"start":0.5,"end":0.5,"start2":0.32718337,"end2":0.31456912},{"startTime":8268.0,"endTime":8269.0,"start":0.5,"end":0.5,"start2":0.31456912,"end2":0.30242988},{"startTime":8269.0,"endTime":8270.0,"start":0.5,"end":0.5,"start2":0.30242988,"end2":0.2907451},{"startTime":8270.0,"endTime":8271.0,"start":0.5,"end":0.5,"start2":0.2907451,"end2":0.27954072},{"startTime":8271.0,"endTime":8272.0,"start":0.5,"end":0.5,"start2":0.27954072,"end2":0.26875},{"startTime":8272.0,"endTime":8273.0,"start":0.5,"end":0.5,"start2":0.26875,"end2":0.25844303},{"startTime":8273.0,"endTime":8274.0,"start":0.5,"end":0.5,"start2":0.25844303,"end2":0.24853237},{"startTime":8274.0,"endTime":8275.0,"start":0.5,"end":0.5,"start2":0.24853237,"end2":0.23906389},{"startTime":8275.0,"endTime":8276.0,"start":0.5,"end":0.5,"start2":0.23906389,"end2":0.22999589},{"startTime":8276.0,"endTime":8277.0,"start":0.5,"end":0.5,"start2":0.22999589,"end2":0.22133037},{"startTime":8277.0,"endTime":8278.0,"start":0.5,"end":0.5,"start2":0.22133037,"end2":0.21306774},{"startTime":8278.0,"endTime":8279.0,"start":0.5,"end":0.5,"start2":0.21306774,"end2":0.2051696},{"startTime":8279.0,"endTime":8280.0,"start":0.5,"end":0.5,"start2":0.2051696,"end2":0.19767499},{"startTime":8280.0,"endTime":8281.0,"start":0.5,"end":0.5,"start2":0.19767499,"end2":0.1905179},{"startTime":8281.0,"endTime":8282.0,"start":0.5,"end":0.5,"start2":0.1905179,"end2":0.18374476},{"startTime":8282.0,"endTime":8283.0,"start":0.5,"end":0.5,"start2":0.18374476,"end2":0.17730089},{"startTime":8283.0,"endTime":8284.0,"start":0.5,"end":0.5,"start2":0.17730089,"end2":0.17120412},{"startTime":8284.0,"endTime":8285.0,"start":0.5,"end":0.5,"start2":0.17120412,"end2":0.16543615},{"startTime":8285.0,"endTime":8286.0,"start":0.5,"end":0.5,"start2":0.16543615,"end2":0.15998013},{"startTime":8286.0,"endTime":8287.0,"start":0.5,"end":0.5,"start2":0.15998013,"end2":0.15485072},{"startTime":8287.0,"endTime":8288.0,"start":0.5,"end":0.5,"start2":0.15485072,"end2":0.15},{"startTime":8288.0,"endTime":8289.0,"start":0.5,"end":0.5,"start2":0.15,"end2":0.14547178},{"startTime":8289.0,"endTime":8290.0,"start":0.5,"end":0.5,"start2":0.14547178,"end2":0.14120486},{"startTime":8290.0,"endTime":8291.0,"start":0.5,"end":0.5,"start2":0.14120486,"end2":0.13722637},{"startTime":8291.0,"endTime":8292.0,"start":0.5,"end":0.5,"start2":0.13722637,"end2":0.1335059},{"startTime":8292.0,"endTime":8293.0,"start":0.5,"end":0.5,"start2":0.1335059,"end2":0.13004163},{"startTime":8293.0,"endTime":8294.0,"start":0.5,"end":0.5,"start2":0.13004163,"end2":0.12683025},{"startTime":8294.0,"endTime":8295.0,"start":0.5,"end":0.5,"start2":0.12683025,"end2":0.12384462},{"startTime":8295.0,"endTime":8296.0,"start":0.5,"end":0.5,"start2":0.12384462,"end2":0.12110501},{"startTime":8296.0,"endTime":8297.0,"start":0.5,"end":0.5,"start2":0.12110501,"end2":0.11856788},{"startTime":8297.0,"endTime":8298.0,"start":0.5,"end":0.5,"start2":0.11856788,"end2":0.116257265},{"startTime":8298.0,"endTime":8299.0,"start":0.5,"end":0.5,"start2":0.116257265,"end2":0.11413713},{"startTime":8299.0,"endTime":8300.0,"start":0.5,"end":0.5,"start2":0.11413713,"end2":0.11221409},{"startTime":8300.0,"endTime":8301.0,"start":0.5,"end":0.5,"start2":0.11221409,"end2":0.11047363},{"startTime":8301.0,"endTime":8302.0,"start":0.5,"end":0.5,"start2":0.11047363,"end2":0.10890265},{"startTime":8302.0,"endTime":8303.0,"start":0.5,"end":0.5,"start2":0.10890265,"end2":0.107504465},{"startTime":8303.0,"endTime":8304.0,"start":0.5,"end":0.5,"start2":0.107504465,"end2":0.10625},{"startTime":8304.0,"endTime":8305.0,"start":0.5,"end":0.5,"start2":0.10625,"end2":0.10515676},{"startTime":8305.0,"endTime":8306.0,"start":0.5,"end":0.5,"start2":0.10515676,"end2":0.10418985},{"startTime":8306.0,"endTime":8307.0,"start":0.5,"end":0.5,"start2":0.10418985,"end2":0.10335763},{"startTime":8307.0,"endTime":8308.0,"start":0.5,"end":0.5,"start2":0.10335763,"end2":0.10264092},{"startTime":8308.0,"endTime":8309.0,"start":0.5,"end":0.5,"start2":0.10264092,"end2":0.102034114},{"startTime":8309.0,"endTime":8310.0,"start":0.5,"end":0.5,"start2":0.102034114,"end2":0.10153025},{"startTime":8310.0,"endTime":8311.0,"start":0.5,"end":0.5,"start2":0.10153025,"end2":0.101113394},{"startTime":8311.0,"endTime":8312.0,"start":0.5,"end":0.5,"start2":0.101113394,"end2":0.10078502},{"startTime":8312.0,"endTime":8313.0,"start":0.5,"end":0.5,"start2":0.10078502,"end2":0.10052412},{"startTime":8313.0,"endTime":8314.0,"start":0.5,"end":0.5,"start2":0.10052412,"end2":0.10033226},{"startTime":8314.0,"endTime":8315.0,"start":0.5,"end":0.5,"start2":0.10033226,"end2":0.10019212},{"startTime":8315.0,"endTime":8316.0,"start":0.5,"end":0.5,"start2":0.10019212,"end2":0.10009911},{"startTime":8316.0,"endTime":8317.0,"start":0.5,"end":0.5,"start2":0.10009911,"end2":0.100042365},{"startTime":8317.0,"endTime":8318.0,"start":0.5,"end":0.5,"start2":0.100042365,"end2":0.10001266},{"startTime":8318.0,"endTime":8319.0,"start":0.5,"end":0.5,"start2":0.10001266,"end2":0.10000198},{"startTime":8319.0,"endTime":8320.0,"start":0.5,"end":0.5,"start2":0.10000198,"end2":0.1},{"startTime":8320.0,"endTime":9216.0,"start":0.5,"end":0.5,"start2":0.2,"end2":0.2},{"startTime":9216.0,"endTime":9220.0,"start":0.5,"end":0.5,"start2":0.2,"end2":0.20908192},{"startTime":9220.0,"endTime":9224.0,"start":0.5,"end":0.5,"start2":0.20908192,"end2":0.21759728},{"startTime":9224.0,"endTime":9228.0,"start":0.5,"end":0.5,"start2":0.21759728,"end2":0.22556432},{"startTime":9228.0,"endTime":9232.0,"start":0.5,"end":0.5,"start2":0.22556432,"end2":0.23300126},{"startTime":9232.0,"endTime":9236.0,"start":0.5,"end":0.5,"start2":0.23300126,"end2":0.23992632},{"startTime":9236.0,"endTime":9240.0,"start":0.5,"end":0.5,"start2":0.23992632,"end2":0.24635772},{"startTime":9240.0,"endTime":9244.0,"start":0.5,"end":0.5,"start2":0.24635772,"end2":0.25231373},{"startTime":9244.0,"endTime":9248.0,"start":0.5,"end":0.5,"start2":0.25231373,"end2":0.2578125},{"startTime":9248.0,"endTime":9252.0,"start":0.5,"end":0.5,"start2":0.2578125,"end2":0.2628669},{"startTime":9252.0,"endTime":9256.0,"start":0.5,"end":0.5,"start2":0.2628669,"end2":0.26750103},{"startTime":9256.0,"endTime":9260.0,"start":0.5,"end":0.5,"start2":0.26750103,"end2":0.27173308},{"startTime":9260.0,"endTime":9264.0,"start":0.5,"end":0.5,"start2":0.27173308,"end2":0.27558127},{"startTime":9264.0,"endTime":9268.0,"start":0.5,"end":0.5,"start2":0.27558127,"end2":0.27906382},{"startTime":9268.0,"endTime":9272.0,"start":0.5,"end":0.5,"start2":0.27906382,"end2":0.282199},{"startTime":9272.0,"endTime":9276.0,"start":0.5,"end":0.5,"start2":0.282199,"end2":0.28500497},{"startTime":9276.0,"endTime":9280.0,"start":0.5,"end":0.5,"start2":0.28500497,"end2":0.28750002},{"startTime":9280.0,"endTime":9284.0,"start":0.5,"end":0.5,"start2":0.28750002,"end2":0.2896988},{"startTime":9284.0,"endTime":9288.0,"start":0.5,"end":0.5,"start2":0.2896988,"end2":0.29162353},{"startTime":9288.0,"endTime":9292.0,"start":0.5,"end":0.5,"start2":0.29162353,"end2":0.29329246},{"startTime":9292.0,"endTime":9296.0,"start":0.5,"end":0.5,"start2":0.29329246,"end2":0.29472375},{"startTime":9296.0,"endTime":9300.0,"start":0.5,"end":0.5,"start2":0.29472375,"end2":0.2959357},{"startTime":9300.0,"endTime":9304.0,"start":0.5,"end":0.5,"start2":0.2959357,"end2":0.2969465},{"startTime":9304.0,"endTime":9308.0,"start":0.5,"end":0.5,"start2":0.2969465,"end2":0.29777434},{"startTime":9308.0,"endTime":9312.0,"start":0.5,"end":0.5,"start2":0.29777434,"end2":0.2984375},{"startTime":9312.0,"endTime":9316.0,"start":0.5,"end":0.5,"start2":0.2984375,"end2":0.29895255},{"startTime":9316.0,"endTime":9320.0,"start":0.5,"end":0.5,"start2":0.29895255,"end2":0.29933977},{"startTime":9320.0,"endTime":9324.0,"start":0.5,"end":0.5,"start2":0.29933977,"end2":0.29961744},{"startTime":9324.0,"endTime":9328.0,"start":0.5,"end":0.5,"start2":0.29961744,"end2":0.29980376},{"startTime":9328.0,"endTime":9332.0,"start":0.5,"end":0.5,"start2":0.29980376,"end2":0.29991695},{"startTime":9332.0,"endTime":9336.0,"start":0.5,"end":0.5,"start2":0.29991695,"end2":0.29997525},{"startTime":9336.0,"endTime":9340.0,"start":0.5,"end":0.5,"start2":0.29997525,"end2":0.29999685},{"startTime":9340.0,"endTime":9344.0,"start":0.5,"end":0.5,"start2":0.29999685,"end2":0.3},{"startTime":9344.0,"endTime":11264.0,"start":0.5,"end":0.5,"start2":0.3,"end2":0.3},{"startTime":11264.0,"endTime":11268.0,"start":0.5,"end":0.5,"start2":0.3,"end2":0.31816384},{"startTime":11268.0,"endTime":11272.0,"start":0.5,"end":0.5,"start2":0.31816384,"end2":0.33519456},{"startTime":11272.0,"endTime":11276.0,"start":0.5,"end":0.5,"start2":0.33519456,"end2":0.35112864},{"startTime":11276.0,"endTime":11280.0,"start":0.5,"end":0.5,"start2":0.35112864,"end2":0.3660025},{"startTime":11280.0,"endTime":11284.0,"start":0.5,"end":0.5,"start2":0.3660025,"end2":0.37985262},{"startTime":11284.0,"endTime":11288.0,"start":0.5,"end":0.5,"start2":0.37985262,"end2":0.39271545},{"startTime":11288.0,"endTime":11292.0,"start":0.5,"end":0.5,"start2":0.39271545,"end2":0.40462744},{"startTime":11292.0,"endTime":11296.0,"start":0.5,"end":0.5,"start2":0.40462744,"end2":0.415625},{"startTime":11296.0,"endTime":11300.0,"start":0.5,"end":0.5,"start2":0.415625,"end2":0.42573383},{"startTime":11300.0,"endTime":11304.0,"start":0.5,"end":0.5,"start2":0.42573383,"end2":0.43500206},{"startTime":11304.0,"endTime":11308.0,"start":0.5,"end":0.5,"start2":0.43500206,"end2":0.44346613},{"startTime":11308.0,"endTime":11312.0,"start":0.5,"end":0.5,"start2":0.44346613,"end2":0.45116252},{"startTime":11312.0,"endTime":11316.0,"start":0.5,"end":0.5,"start2":0.45116252,"end2":0.45812762},{"startTime":11316.0,"endTime":11320.0,"start":0.5,"end":0.5,"start2":0.45812762,"end2":0.46439794},{"startTime":11320.0,"endTime":11324.0,"start":0.5,"end":0.5,"start2":0.46439794,"end2":0.47000992},{"startTime":11324.0,"endTime":11328.0,"start":0.5,"end":0.5,"start2":0.47000992,"end2":0.475},{"startTime":11328.0,"endTime":11332.0,"start":0.5,"end":0.5,"start2":0.475,"end2":0.47939757},{"startTime":11332.0,"endTime":11336.0,"start":0.5,"end":0.5,"start2":0.47939757,"end2":0.48324704},{"startTime":11336.0,"endTime":11340.0,"start":0.5,"end":0.5,"start2":0.48324704,"end2":0.48658487},{"startTime":11340.0,"endTime":11344.0,"start":0.5,"end":0.5,"start2":0.48658487,"end2":0.4894475},{"startTime":11344.0,"endTime":11348.0,"start":0.5,"end":0.5,"start2":0.4894475,"end2":0.49187136},{"startTime":11348.0,"endTime":11352.0,"start":0.5,"end":0.5,"start2":0.49187136,"end2":0.49389297},{"startTime":11352.0,"endTime":11356.0,"start":0.5,"end":0.5,"start2":0.49389297,"end2":0.49554867},{"startTime":11356.0,"endTime":11360.0,"start":0.5,"end":0.5,"start2":0.49554867,"end2":0.496875},{"startTime":11360.0,"endTime":11364.0,"start":0.5,"end":0.5,"start2":0.496875,"end2":0.49790508},{"startTime":11364.0,"endTime":11368.0,"start":0.5,"end":0.5,"start2":0.49790508,"end2":0.49867955},{"startTime":11368.0,"endTime":11372.0,"start":0.5,"end":0.5,"start2":0.49867955,"end2":0.49923488},{"startTime":11372.0,"endTime":11376.0,"start":0.5,"end":0.5,"start2":0.49923488,"end2":0.4996075},{"startTime":11376.0,"endTime":11380.0,"start":0.5,"end":0.5,"start2":0.4996075,"end2":0.49983388},{"startTime":11380.0,"endTime":11384.0,"start":0.5,"end":0.5,"start2":0.49983388,"end2":0.49995044},{"startTime":11384.0,"endTime":11388.0,"start":0.5,"end":0.5,"start2":0.49995044,"end2":0.49999368},{"startTime":11388.0,"endTime":11392.0,"start":0.5,"end":0.5,"start2":0.49999368,"end2":0.5},{"startTime":11392.0,"endTime":1000000000.0,"start":0.5,"end":0.5,"start2":0.5,"end2":0.5}],"judgeLineRotateEvents":[{"startTime":-999999.0,"endTime":7040.0,"start":0.0,"end":0.0},{"startTime":7040.0,"endTime":7048.0,"start":0.0,"end":32.69487},{"startTime":7048.0,"endTime":7056.0,"start":32.69487,"end":63.350193},{"startTime":7056.0,"endTime":7064.0,"start":63.350193,"end":92.03152},{"startTime":7064.0,"endTime":7072.0,"start":92.03152,"end":118.8045},{"startTime":7072.0,"endTime":7080.0,"start":118.8045,"end":143.73473},{"startTime":7080.0,"endTime":7088.0,"start":143.73473,"end":166.8878},{"startTime":7088.0,"endTime":7096.0,"start":166.8878,"end":188.32939},{"startTime":7096.0,"endTime":7104.0,"start":188.32939,"end":208.125},{"startTime":7104.0,"endTime":7112.0,"start":208.125,"end":226.32088},{"startTime":7112.0,"endTime":7120.0,"start":226.32088,"end":243.0037},{"startTime":7120.0,"endTime":7128.0,"start":243.0037,"end":258.239},{"startTime":7128.0,"endTime":7136.0,"start":258.239,"end":272.0925},{"startTime":7136.0,"endTime":7144.0,"start":272.0925,"end":284.6297},{"startTime":7144.0,"endTime":7152.0,"start":284.6297,"end":295.9163},{"startTime":7152.0,"endTime":7160.0,"start":295.9163,"end":306.01788},{"startTime":7160.0,"endTime":7168.0,"start":306.01788,"end":315.0},{"startTime":7168.0,"endTime":7176.0,"start":315.0,"end":322.91562},{"startTime":7176.0,"endTime":7184.0,"start":322.91562,"end":329.8447},{"startTime":7184.0,"endTime":7192.0,"start":329.8447,"end":335.85278},{"startTime":7192.0,"endTime":7200.0,"start":335.85278,"end":341.0055},{"startTime":7200.0,"endTime":7208.0,"start":341.0055,"end":345.36847},{"startTime":7208.0,"endTime":7216.0,"start":345.36847,"end":349.00732},{"startTime":7216.0,"endTime":7224.0,"start":349.00732,"end":351.9876},{"startTime":7224.0,"endTime":7232.0,"start":351.9876,"end":354.375},{"startTime":7232.0,"endTime":7240.0,"start":354.375,"end":356.22913},{"startTime":7240.0,"endTime":7248.0,"start":356.22913,"end":357.62317},{"startTime":7248.0,"endTime":7256.0,"start":357.62317,"end":358.62277},{"startTime":7256.0,"endTime":7264.0,"start":358.62277,"end":359.2935},{"startTime":7264.0,"endTime":7272.0,"start":359.2935,"end":359.70096},{"startTime":7272.0,"endTime":7280.0,"start":359.70096,"end":359.9108},{"startTime":7280.0,"endTime":7288.0,"start":359.9108,"end":359.98862},{"startTime":7288.0,"endTime":7296.0,"start":359.98862,"end":360.0},{"startTime":7296.0,"endTime":9344.0,"start":0.0,"end":0.0},{"startTime":9344.0,"endTime":9600.0,"start":0.0,"end":5.0},{"startTime":9600.0,"endTime":10112.0,"start":5.0,"end":-5.0},{"startTime":10112.0,"endTime":10368.0,"start":-5.0,"end":0.0},{"startTime":10368.0,"endTime":1000000000.0,"start":0.0,"end":0.0}],"judgeLineDisappearEvents":[{"startTime":-999999.0,"endTime":1000000000.0,"start":1.0,"end":1.0}]}]}