{"formatVersion":3,"offset":0.0,"judgeLineList":[{"bpm":126.0,"notesAbove":[{"type":3,"time":128,"positionX":-2.928722,"holdTime":32.0,"speed":1.6,"floorPosition":2.7619047},{"type":1,"time":160,"positionX":1.926605,"holdTime":0.0,"speed":1.0,"floorPosition":3.5238097},{"type":1,"time":224,"positionX":3.140438,"holdTime":0.0,"speed":1.0,"floorPosition":5.0476193},{"type":1,"time":288,"positionX":1.771347,"holdTime":0.0,"speed":1.0,"floorPosition":6.571429},{"type":1,"time":352,"positionX":3.465067,"holdTime":0.0,"speed":1.0,"floorPosition":8.095239},{"type":1,"time":416,"positionX":1.305575,"holdTime":0.0,"speed":1.0,"floorPosition":9.619048},{"type":1,"time":480,"positionX":3.648553,"holdTime":0.0,"speed":1.0,"floorPosition":11.142858},{"type":1,"time":544,"positionX":0.9386024,"holdTime":0.0,"speed":1.0,"floorPosition":12.666667},{"type":1,"time":608,"positionX":3.676782,"holdTime":0.0,"speed":1.0,"floorPosition":14.190476},{"type":3,"time":640,"positionX":1.729006,"holdTime":32.0,"speed":1.6,"floorPosition":14.952381},{"type":1,"time":672,"positionX":-1.658433,"holdTime":0.0,"speed":1.0,"floorPosition":15.714286},{"type":1,"time":736,"positionX":-4.382498,"holdTime":0.0,"speed":1.0,"floorPosition":17.238096},{"type":1,"time":800,"positionX":-1.559633,"holdTime":0.0,"speed":1.0,"floorPosition":18.761906},{"type":1,"time":864,"positionX":-4.396612,"holdTime":0.0,"speed":1.0,"floorPosition":20.285715},{"type":1,"time":928,"positionX":-1.489061,"holdTime":0.0,"speed":1.0,"floorPosition":21.809525},{"type":1,"time":992,"positionX":-4.481298,"holdTime":0.0,"speed":1.0,"floorPosition":23.333334},{"type":1,"time":1056,"positionX":-1.545519,"holdTime":0.0,"speed":1.0,"floorPosition":24.857143},{"type":3,"time":1120,"positionX":2.88638,"holdTime":32.0,"speed":1.6,"floorPosition":26.380953},{"type":3,"time":1152,"positionX":-2.98518,"holdTime":32.0,"speed":1.6,"floorPosition":27.142857},{"type":1,"time":1184,"positionX":1.333804,"holdTime":0.0,"speed":1.0,"floorPosition":27.904762},{"type":1,"time":1248,"positionX":3.450952,"holdTime":0.0,"speed":1.0,"floorPosition":29.428572},{"type":1,"time":1312,"positionX":1.107975,"holdTime":0.0,"speed":1.0,"floorPosition":30.952381},{"type":1,"time":1376,"positionX":3.507409,"holdTime":0.0,"speed":1.0,"floorPosition":32.476192},{"type":1,"time":1440,"positionX":0.5857449,"holdTime":0.0,"speed":1.0,"floorPosition":34.0},{"type":1,"time":1504,"positionX":3.535638,"holdTime":0.0,"speed":1.0,"floorPosition":35.52381},{"type":1,"time":1568,"positionX":0.1058578,"holdTime":0.0,"speed":1.0,"floorPosition":37.04762},{"type":1,"time":1632,"positionX":3.507409,"holdTime":0.0,"speed":1.0,"floorPosition":38.57143},{"type":2,"time":1648,"positionX":2.589979,"holdTime":0.0,"speed":1.0,"floorPosition":38.95238},{"type":3,"time":1664,"positionX":1.51729,"holdTime":32.0,"speed":1.6,"floorPosition":39.333332},{"type":1,"time":1696,"positionX":-2.350035,"holdTime":0.0,"speed":1.0,"floorPosition":40.095238},{"type":1,"time":1760,"positionX":-5.130558,"holdTime":0.0,"speed":1.0,"floorPosition":41.61905},{"type":1,"time":1824,"positionX":-2.392378,"holdTime":0.0,"speed":1.0,"floorPosition":43.142857},{"type":1,"time":1888,"positionX":-5.130558,"holdTime":0.0,"speed":1.0,"floorPosition":44.666668},{"type":1,"time":1952,"positionX":-2.223006,"holdTime":0.0,"speed":1.0,"floorPosition":46.190475},{"type":1,"time":2016,"positionX":-5.031757,"holdTime":0.0,"speed":1.0,"floorPosition":47.714287},{"type":1,"time":2048,"positionX":3.719125,"holdTime":0.0,"speed":1.0,"floorPosition":48.476192},{"type":1,"time":2080,"positionX":-0.06351376,"holdTime":0.0,"speed":1.0,"floorPosition":49.238094},{"type":1,"time":2112,"positionX":-4.15667,"holdTime":0.0,"speed":1.0,"floorPosition":50.0},{"type":1,"time":2176,"positionX":-2.053635,"holdTime":0.0,"speed":1.0,"floorPosition":51.52381},{"type":1,"time":2224,"positionX":3.21101,"holdTime":0.0,"speed":1.0,"floorPosition":52.666668},{"type":1,"time":2240,"positionX":-4.213126,"holdTime":0.0,"speed":1.0,"floorPosition":53.04762},{"type":1,"time":2288,"positionX":2.448835,"holdTime":0.0,"speed":1.0,"floorPosition":54.190475},{"type":1,"time":2304,"positionX":-1.884262,"holdTime":0.0,"speed":1.0,"floorPosition":54.57143},{"type":1,"time":2352,"positionX":-4.297812,"holdTime":0.0,"speed":1.0,"floorPosition":55.714287},{"type":1,"time":2368,"positionX":1.150317,"holdTime":0.0,"speed":1.0,"floorPosition":56.095238},{"type":1,"time":2416,"positionX":3.577982,"holdTime":0.0,"speed":1.0,"floorPosition":57.238094},{"type":1,"time":2432,"positionX":-2.053635,"holdTime":0.0,"speed":1.0,"floorPosition":57.61905},{"type":1,"time":2480,"positionX":0.6845455,"holdTime":0.0,"speed":1.0,"floorPosition":58.761906},{"type":1,"time":2496,"positionX":-4.043755,"holdTime":0.0,"speed":1.0,"floorPosition":59.142857},{"type":1,"time":2544,"positionX":-1.333803,"holdTime":0.0,"speed":1.0,"floorPosition":60.285717},{"type":1,"time":2560,"positionX":3.083982,"holdTime":0.0,"speed":1.0,"floorPosition":60.666668},{"type":1,"time":2608,"positionX":-0.331686,"holdTime":0.0,"speed":1.0,"floorPosition":61.809525},{"type":1,"time":2624,"positionX":-4.580099,"holdTime":0.0,"speed":1.0,"floorPosition":62.190475},{"type":1,"time":2672,"positionX":-0.9527168,"holdTime":0.0,"speed":1.0,"floorPosition":63.333336},{"type":1,"time":2688,"positionX":3.747354,"holdTime":0.0,"speed":1.0,"floorPosition":63.714287},{"type":1,"time":2736,"positionX":0.00705719,"holdTime":0.0,"speed":1.0,"floorPosition":64.85715},{"type":1,"time":2752,"positionX":-4.834156,"holdTime":0.0,"speed":1.0,"floorPosition":65.2381},{"type":1,"time":2800,"positionX":3.239238,"holdTime":0.0,"speed":1.0,"floorPosition":66.38095},{"type":1,"time":2816,"positionX":-1.926605,"holdTime":0.0,"speed":1.0,"floorPosition":66.76191},{"type":1,"time":2864,"positionX":-3.775582,"holdTime":0.0,"speed":1.0,"floorPosition":67.90476},{"type":1,"time":2880,"positionX":1.235003,"holdTime":0.0,"speed":1.0,"floorPosition":68.28571},{"type":1,"time":2928,"positionX":2.632322,"holdTime":0.0,"speed":1.0,"floorPosition":69.42857},{"type":1,"time":2944,"positionX":-2.491179,"holdTime":0.0,"speed":1.0,"floorPosition":69.809525},{"type":1,"time":2992,"positionX":0.7692318,"holdTime":0.0,"speed":1.0,"floorPosition":70.952385},{"type":1,"time":3008,"positionX":-4.170783,"holdTime":0.0,"speed":1.0,"floorPosition":71.333336},{"type":1,"time":3056,"positionX":-1.700776,"holdTime":0.0,"speed":1.0,"floorPosition":72.47619},{"type":1,"time":3072,"positionX":3.267467,"holdTime":0.0,"speed":1.0,"floorPosition":72.85715},{"type":1,"time":3120,"positionX":-0.1199713,"holdTime":0.0,"speed":1.0,"floorPosition":74.0},{"type":1,"time":3136,"positionX":-5.229358,"holdTime":0.0,"speed":1.0,"floorPosition":74.38095},{"type":2,"time":3184,"positionX":3.860269,"holdTime":0.0,"speed":1.0,"floorPosition":75.52381},{"type":2,"time":3188,"positionX":3.860269,"holdTime":0.0,"speed":1.0,"floorPosition":75.61905},{"type":2,"time":3192,"positionX":3.860269,"holdTime":0.0,"speed":1.0,"floorPosition":75.71429},{"type":2,"time":3196,"positionX":3.83204,"holdTime":0.0,"speed":1.0,"floorPosition":75.809525},{"type":2,"time":3200,"positionX":3.83204,"holdTime":0.0,"speed":1.0,"floorPosition":75.90476},{"type":1,"time":3232,"positionX":-1.785461,"holdTime":0.0,"speed":1.0,"floorPosition":76.666664},{"type":1,"time":3264,"positionX":-3.323924,"holdTime":0.0,"speed":1.0,"floorPosition":77.42857},{"type":1,"time":3296,"positionX":1.489061,"holdTime":0.0,"speed":1.0,"floorPosition":78.190475},{"type":1,"time":3328,"positionX":-1.305574,"holdTime":0.0,"speed":1.0,"floorPosition":78.952385},{"type":1,"time":3360,"positionX":3.11221,"holdTime":0.0,"speed":1.0,"floorPosition":79.71429},{"type":1,"time":3392,"positionX":-3.789697,"holdTime":0.0,"speed":1.0,"floorPosition":80.47619},{"type":1,"time":3424,"positionX":3.860269,"holdTime":0.0,"speed":1.0,"floorPosition":81.2381},{"type":1,"time":3456,"positionX":-1.390261,"holdTime":0.0,"speed":1.0,"floorPosition":82.0},{"type":1,"time":3492,"positionX":1.757235,"holdTime":0.0,"speed":1.0,"floorPosition":82.85715},{"type":1,"time":3520,"positionX":-3.196896,"holdTime":0.0,"speed":1.0,"floorPosition":83.52381},{"type":1,"time":3552,"positionX":4.001411,"holdTime":0.0,"speed":1.0,"floorPosition":84.28571},{"type":1,"time":3584,"positionX":-4.9753,"holdTime":0.0,"speed":1.0,"floorPosition":85.04762},{"type":1,"time":3616,"positionX":-1.178546,"holdTime":0.0,"speed":1.0,"floorPosition":85.809525},{"type":1,"time":3648,"positionX":4.283698,"holdTime":0.0,"speed":1.0,"floorPosition":86.57143},{"type":1,"time":3680,"positionX":0.9103737,"holdTime":0.0,"speed":1.0,"floorPosition":87.333336},{"type":2,"time":3712,"positionX":-3.211009,"holdTime":0.0,"speed":1.0,"floorPosition":88.09524},{"type":2,"time":3728,"positionX":-2.194777,"holdTime":0.0,"speed":1.0,"floorPosition":88.47619},{"type":2,"time":3744,"positionX":-1.71489,"holdTime":0.0,"speed":1.0,"floorPosition":88.85715},{"type":2,"time":3760,"positionX":-1.821532,"holdTime":0.0,"speed":1.0,"floorPosition":89.2381},{"type":2,"time":3776,"positionX":-2.293577,"holdTime":0.0,"speed":1.0,"floorPosition":89.61905},{"type":2,"time":3792,"positionX":-2.759351,"holdTime":0.0,"speed":1.0,"floorPosition":90.0},{"type":2,"time":3808,"positionX":-2.942837,"holdTime":0.0,"speed":1.0,"floorPosition":90.38095},{"type":2,"time":3824,"positionX":-2.420607,"holdTime":0.0,"speed":1.0,"floorPosition":90.76191},{"type":2,"time":3840,"positionX":-1.559633,"holdTime":0.0,"speed":1.0,"floorPosition":91.14286},{"type":2,"time":3856,"positionX":-1.079746,"holdTime":0.0,"speed":1.0,"floorPosition":91.52381},{"type":2,"time":3872,"positionX":-0.8962593,"holdTime":0.0,"speed":1.0,"floorPosition":91.90476},{"type":2,"time":3888,"positionX":-0.8048527,"holdTime":0.0,"speed":1.0,"floorPosition":92.28571},{"type":2,"time":3904,"positionX":-0.7833452,"holdTime":0.0,"speed":1.0,"floorPosition":92.66667},{"type":2,"time":3920,"positionX":-0.9103737,"holdTime":0.0,"speed":1.0,"floorPosition":93.04762},{"type":2,"time":3936,"positionX":-1.446718,"holdTime":0.0,"speed":1.0,"floorPosition":93.42857},{"type":2,"time":3952,"positionX":-1.983063,"holdTime":0.0,"speed":1.0,"floorPosition":93.809525},{"type":2,"time":3968,"positionX":-3.182781,"holdTime":0.0,"speed":1.0,"floorPosition":94.190475},{"type":2,"time":3976,"positionX":-3.013409,"holdTime":0.0,"speed":1.0,"floorPosition":94.38095},{"type":2,"time":3984,"positionX":-2.575865,"holdTime":0.0,"speed":1.0,"floorPosition":94.57143},{"type":2,"time":3992,"positionX":-2.180663,"holdTime":0.0,"speed":1.0,"floorPosition":94.76191},{"type":2,"time":4000,"positionX":-1.785461,"holdTime":0.0,"speed":1.0,"floorPosition":94.952385},{"type":2,"time":4008,"positionX":-1.432604,"holdTime":0.0,"speed":1.0,"floorPosition":95.14286},{"type":2,"time":4016,"positionX":-1.136203,"holdTime":0.0,"speed":1.0,"floorPosition":95.333336},{"type":2,"time":4024,"positionX":-0.8821449,"holdTime":0.0,"speed":1.0,"floorPosition":95.52381},{"type":2,"time":4032,"positionX":-0.7268877,"holdTime":0.0,"speed":1.0,"floorPosition":95.71429},{"type":2,"time":4040,"positionX":-0.7692308,"holdTime":0.0,"speed":1.0,"floorPosition":95.90476},{"type":2,"time":4048,"positionX":-0.9244881,"holdTime":0.0,"speed":1.0,"floorPosition":96.09524},{"type":2,"time":4056,"positionX":-1.136203,"holdTime":0.0,"speed":1.0,"floorPosition":96.28571},{"type":2,"time":4064,"positionX":-1.136203,"holdTime":0.0,"speed":1.0,"floorPosition":96.47619},{"type":2,"time":4072,"positionX":-1.630204,"holdTime":0.0,"speed":1.0,"floorPosition":96.66667},{"type":2,"time":4080,"positionX":-1.870148,"holdTime":0.0,"speed":1.0,"floorPosition":96.85715},{"type":2,"time":4088,"positionX":-2.166549,"holdTime":0.0,"speed":1.0,"floorPosition":97.04762},{"type":1,"time":4128,"positionX":0.00705719,"holdTime":0.0,"speed":1.0,"floorPosition":98.0},{"type":1,"time":4160,"positionX":0.00705719,"holdTime":0.0,"speed":1.0,"floorPosition":98.76191},{"type":1,"time":4192,"positionX":-0.035285,"holdTime":0.0,"speed":1.0,"floorPosition":99.52381},{"type":3,"time":4224,"positionX":-3.846153,"holdTime":32.0,"speed":1.6,"floorPosition":100.28571},{"type":2,"time":4272,"positionX":0.4587164,"holdTime":0.0,"speed":1.0,"floorPosition":101.42857},{"type":2,"time":4288,"positionX":1.870148,"holdTime":0.0,"speed":1.0,"floorPosition":101.809525},{"type":2,"time":4304,"positionX":2.589979,"holdTime":0.0,"speed":1.0,"floorPosition":102.190475},{"type":2,"time":4320,"positionX":2.350036,"holdTime":0.0,"speed":1.0,"floorPosition":102.57143},{"type":2,"time":4336,"positionX":1.912491,"holdTime":0.0,"speed":1.0,"floorPosition":102.952385},{"type":2,"time":4352,"positionX":0.9527168,"holdTime":0.0,"speed":1.0,"floorPosition":103.333336},{"type":2,"time":4368,"positionX":0.5098809,"holdTime":0.0,"speed":1.0,"floorPosition":103.71429},{"type":2,"time":4384,"positionX":-0.2893438,"holdTime":0.0,"speed":1.0,"floorPosition":104.09524},{"type":2,"time":4416,"positionX":-1.771347,"holdTime":0.0,"speed":1.0,"floorPosition":104.85715},{"type":2,"time":4432,"positionX":-2.392378,"holdTime":0.0,"speed":1.0,"floorPosition":105.2381},{"type":2,"time":4448,"positionX":-2.592332,"holdTime":0.0,"speed":1.0,"floorPosition":105.61905},{"type":2,"time":4464,"positionX":-2.251234,"holdTime":0.0,"speed":1.0,"floorPosition":106.0},{"type":3,"time":4480,"positionX":4.467183,"holdTime":32.0,"speed":1.6,"floorPosition":106.38095},{"type":2,"time":4528,"positionX":-0.3034582,"holdTime":0.0,"speed":1.0,"floorPosition":107.52381},{"type":2,"time":4544,"positionX":-1.29146,"holdTime":0.0,"speed":1.0,"floorPosition":107.90476},{"type":2,"time":4560,"positionX":-1.630204,"holdTime":0.0,"speed":1.0,"floorPosition":108.28571},{"type":2,"time":4576,"positionX":-1.460833,"holdTime":0.0,"speed":1.0,"floorPosition":108.66667},{"type":2,"time":4592,"positionX":-0.628088,"holdTime":0.0,"speed":1.0,"floorPosition":109.04762},{"type":2,"time":4608,"positionX":0.4022589,"holdTime":0.0,"speed":1.0,"floorPosition":109.42857},{"type":2,"time":4640,"positionX":2.477064,"holdTime":0.0,"speed":1.0,"floorPosition":110.190475},{"type":2,"time":4672,"positionX":3.902611,"holdTime":0.0,"speed":1.0,"floorPosition":110.952385},{"type":2,"time":4704,"positionX":1.503177,"holdTime":0.0,"speed":1.0,"floorPosition":111.71429},{"type":3,"time":4736,"positionX":-3.168667,"holdTime":32.0,"speed":1.6,"floorPosition":112.47619},{"type":2,"time":4784,"positionX":1.503177,"holdTime":0.0,"speed":1.0,"floorPosition":113.61905},{"type":2,"time":4800,"positionX":2.33592,"holdTime":0.0,"speed":1.0,"floorPosition":114.0},{"type":2,"time":4832,"positionX":2.731122,"holdTime":0.0,"speed":1.0,"floorPosition":114.76191},{"type":2,"time":4864,"positionX":3.380381,"holdTime":0.0,"speed":1.0,"floorPosition":115.52381},{"type":2,"time":4896,"positionX":4.100211,"holdTime":0.0,"speed":1.0,"floorPosition":116.28571},{"type":3,"time":4928,"positionX":2.660551,"holdTime":32.0,"speed":1.6,"floorPosition":117.04762},{"type":3,"time":4960,"positionX":-2.505293,"holdTime":32.0,"speed":1.6,"floorPosition":117.809525},{"type":3,"time":4992,"positionX":2.745237,"holdTime":32.0,"speed":1.6,"floorPosition":118.571434},{"type":2,"time":5040,"positionX":-3.027523,"holdTime":0.0,"speed":1.0,"floorPosition":119.71429},{"type":2,"time":5056,"positionX":-2.318983,"holdTime":0.0,"speed":1.0,"floorPosition":120.09524},{"type":2,"time":5072,"positionX":-1.884262,"holdTime":0.0,"speed":1.0,"floorPosition":120.47619},{"type":2,"time":5088,"positionX":-1.771347,"holdTime":0.0,"speed":1.0,"floorPosition":120.85715},{"type":2,"time":5104,"positionX":-2.095977,"holdTime":0.0,"speed":1.0,"floorPosition":121.2381},{"type":1,"time":5120,"positionX":3.465067,"holdTime":0.0,"speed":1.0,"floorPosition":121.61905},{"type":1,"time":5152,"positionX":-0.007056236,"holdTime":0.0,"speed":1.0,"floorPosition":122.38095},{"type":1,"time":5184,"positionX":-4.02964,"holdTime":0.0,"speed":1.0,"floorPosition":123.14286},{"type":2,"time":5296,"positionX":3.775582,"holdTime":0.0,"speed":1.0,"floorPosition":125.809525},{"type":2,"time":5312,"positionX":3.295694,"holdTime":0.0,"speed":1.0,"floorPosition":126.190475},{"type":2,"time":5336,"positionX":2.124207,"holdTime":0.0,"speed":1.0,"floorPosition":126.76191},{"type":2,"time":5360,"positionX":0.628088,"holdTime":0.0,"speed":1.0,"floorPosition":127.333336},{"type":2,"time":5376,"positionX":-1.29146,"holdTime":0.0,"speed":1.0,"floorPosition":127.71429},{"type":2,"time":5400,"positionX":-2.124206,"holdTime":0.0,"speed":1.0,"floorPosition":128.28572},{"type":2,"time":5424,"positionX":-1.178546,"holdTime":0.0,"speed":1.0,"floorPosition":128.85715},{"type":2,"time":5440,"positionX":0.06351471,"holdTime":0.0,"speed":1.0,"floorPosition":129.2381},{"type":2,"time":5464,"positionX":2.208892,"holdTime":0.0,"speed":1.0,"floorPosition":129.80952},{"type":2,"time":5488,"positionX":3.408609,"holdTime":0.0,"speed":1.0,"floorPosition":130.38095},{"type":3,"time":5504,"positionX":-2.773465,"holdTime":32.0,"speed":1.6,"floorPosition":130.7619},{"type":2,"time":5552,"positionX":1.122088,"holdTime":0.0,"speed":1.0,"floorPosition":131.90477},{"type":2,"time":5568,"positionX":1.771347,"holdTime":0.0,"speed":1.0,"floorPosition":132.28572},{"type":2,"time":5584,"positionX":1.870148,"holdTime":0.0,"speed":1.0,"floorPosition":132.66667},{"type":2,"time":5600,"positionX":1.603545,"holdTime":0.0,"speed":1.0,"floorPosition":133.04762},{"type":2,"time":5616,"positionX":1.122088,"holdTime":0.0,"speed":1.0,"floorPosition":133.42857},{"type":2,"time":5632,"positionX":0.00705719,"holdTime":0.0,"speed":1.0,"floorPosition":133.80952},{"type":2,"time":5664,"positionX":-1.107975,"holdTime":0.0,"speed":1.0,"floorPosition":134.57143},{"type":2,"time":5696,"positionX":-1.601975,"holdTime":0.0,"speed":1.0,"floorPosition":135.33333},{"type":2,"time":5728,"positionX":-0.99506,"holdTime":0.0,"speed":1.0,"floorPosition":136.09525},{"type":3,"time":5760,"positionX":-3.323924,"holdTime":32.0,"speed":1.6,"floorPosition":136.85715},{"type":2,"time":5808,"positionX":3.126323,"holdTime":0.0,"speed":1.0,"floorPosition":138.0},{"type":2,"time":5824,"positionX":3.465067,"holdTime":0.0,"speed":1.0,"floorPosition":138.38095},{"type":2,"time":5856,"positionX":2.56175,"holdTime":0.0,"speed":1.0,"floorPosition":139.14285},{"type":2,"time":5888,"positionX":0.9386024,"holdTime":0.0,"speed":1.0,"floorPosition":139.90477},{"type":2,"time":5920,"positionX":-0.8962593,"holdTime":0.0,"speed":1.0,"floorPosition":140.66667},{"type":3,"time":5952,"positionX":2.462951,"holdTime":32.0,"speed":1.6,"floorPosition":141.42857},{"type":3,"time":5984,"positionX":-2.420607,"holdTime":32.0,"speed":1.6,"floorPosition":142.19048},{"type":3,"time":6016,"positionX":2.378264,"holdTime":32.0,"speed":1.6,"floorPosition":142.95238},{"type":2,"time":6064,"positionX":-2.533522,"holdTime":0.0,"speed":1.0,"floorPosition":144.09525},{"type":2,"time":6080,"positionX":-1.409668,"holdTime":0.0,"speed":1.0,"floorPosition":144.4762},{"type":2,"time":6096,"positionX":-0.6571468,"holdTime":0.0,"speed":1.0,"floorPosition":144.85715},{"type":2,"time":6112,"positionX":-0.1340857,"holdTime":0.0,"speed":1.0,"floorPosition":145.2381},{"type":2,"time":6128,"positionX":0.1623144,"holdTime":0.0,"speed":1.0,"floorPosition":145.61905},{"type":1,"time":6144,"positionX":-3.690896,"holdTime":0.0,"speed":1.0,"floorPosition":146.0},{"type":1,"time":6176,"positionX":0.00705719,"holdTime":0.0,"speed":1.0,"floorPosition":146.7619},{"type":1,"time":6208,"positionX":3.465067,"holdTime":0.0,"speed":1.0,"floorPosition":147.52382},{"type":1,"time":6304,"positionX":-3.479181,"holdTime":0.0,"speed":1.0,"floorPosition":149.80952},{"type":1,"time":6336,"positionX":-3.535639,"holdTime":0.0,"speed":1.0,"floorPosition":150.57143},{"type":1,"time":6368,"positionX":-3.50741,"holdTime":0.0,"speed":1.0,"floorPosition":151.33333},{"type":1,"time":6400,"positionX":-1.164432,"holdTime":0.0,"speed":1.0,"floorPosition":152.09525},{"type":1,"time":6432,"positionX":-1.178546,"holdTime":0.0,"speed":1.0,"floorPosition":152.85715},{"type":1,"time":6464,"positionX":-1.249118,"holdTime":0.0,"speed":1.0,"floorPosition":153.61905},{"type":1,"time":6496,"positionX":-1.249118,"holdTime":0.0,"speed":1.0,"floorPosition":154.38095},{"type":1,"time":6528,"positionX":1.192661,"holdTime":0.0,"speed":1.0,"floorPosition":155.14285},{"type":1,"time":6560,"positionX":1.192661,"holdTime":0.0,"speed":1.0,"floorPosition":155.90477},{"type":1,"time":6592,"positionX":1.122088,"holdTime":0.0,"speed":1.0,"floorPosition":156.66667},{"type":1,"time":6624,"positionX":1.023289,"holdTime":0.0,"speed":1.0,"floorPosition":157.42857},{"type":1,"time":6656,"positionX":3.422725,"holdTime":0.0,"speed":1.0,"floorPosition":158.19048},{"type":1,"time":6688,"positionX":3.338039,"holdTime":0.0,"speed":1.0,"floorPosition":158.95238},{"type":1,"time":6720,"positionX":3.21101,"holdTime":0.0,"speed":1.0,"floorPosition":159.7143},{"type":1,"time":6752,"positionX":3.196895,"holdTime":0.0,"speed":1.0,"floorPosition":160.4762},{"type":1,"time":6784,"positionX":3.154552,"holdTime":0.0,"speed":1.0,"floorPosition":161.2381},{"type":1,"time":6800,"positionX":-2.745236,"holdTime":0.0,"speed":1.0,"floorPosition":161.61905},{"type":1,"time":6816,"positionX":3.154552,"holdTime":0.0,"speed":1.0,"floorPosition":162.0},{"type":1,"time":6848,"positionX":3.055753,"holdTime":0.0,"speed":1.0,"floorPosition":162.7619},{"type":1,"time":6880,"positionX":3.069866,"holdTime":0.0,"speed":1.0,"floorPosition":163.52382},{"type":1,"time":6912,"positionX":1.009174,"holdTime":0.0,"speed":1.0,"floorPosition":164.28572},{"type":1,"time":6944,"positionX":1.023289,"holdTime":0.0,"speed":1.0,"floorPosition":165.04762},{"type":1,"time":6976,"positionX":0.9809456,"holdTime":0.0,"speed":1.0,"floorPosition":165.80952},{"type":1,"time":7008,"positionX":0.9809456,"holdTime":0.0,"speed":1.0,"floorPosition":166.57143},{"type":1,"time":7040,"positionX":-1.150317,"holdTime":0.0,"speed":1.0,"floorPosition":167.33333},{"type":1,"time":7072,"positionX":-1.29146,"holdTime":0.0,"speed":1.0,"floorPosition":168.09525},{"type":1,"time":7104,"positionX":-1.362032,"holdTime":0.0,"speed":1.0,"floorPosition":168.85715},{"type":1,"time":7136,"positionX":-1.362032,"holdTime":0.0,"speed":1.0,"floorPosition":169.61905},{"type":1,"time":12416,"positionX":-2.33592,"holdTime":0.0,"speed":1.0,"floorPosition":295.33334},{"type":1,"time":12448,"positionX":2.844037,"holdTime":0.0,"speed":1.0,"floorPosition":296.09525},{"type":1,"time":12512,"positionX":2.829923,"holdTime":0.0,"speed":1.0,"floorPosition":297.61905},{"type":1,"time":12576,"positionX":2.773466,"holdTime":0.0,"speed":1.0,"floorPosition":299.14285},{"type":1,"time":12640,"positionX":2.773466,"holdTime":0.0,"speed":1.0,"floorPosition":300.66666},{"type":1,"time":12672,"positionX":-0.035285,"holdTime":0.0,"speed":1.0,"floorPosition":301.4286},{"type":1,"time":12704,"positionX":-3.93084,"holdTime":0.0,"speed":1.0,"floorPosition":302.1905},{"type":1,"time":12768,"positionX":-3.973183,"holdTime":0.0,"speed":1.0,"floorPosition":303.7143},{"type":1,"time":12832,"positionX":-3.973183,"holdTime":0.0,"speed":1.0,"floorPosition":305.2381},{"type":1,"time":12896,"positionX":-3.973183,"holdTime":0.0,"speed":1.0,"floorPosition":306.7619},{"type":1,"time":12928,"positionX":0.00705719,"holdTime":0.0,"speed":1.0,"floorPosition":307.5238},{"type":1,"time":12960,"positionX":3.422725,"holdTime":0.0,"speed":1.0,"floorPosition":308.2857},{"type":1,"time":13024,"positionX":3.394496,"holdTime":0.0,"speed":1.0,"floorPosition":309.80954},{"type":1,"time":13088,"positionX":3.394496,"holdTime":0.0,"speed":1.0,"floorPosition":311.33334},{"type":1,"time":13152,"positionX":3.394496,"holdTime":0.0,"speed":1.0,"floorPosition":312.85715},{"type":1,"time":13184,"positionX":-0.02117062,"holdTime":0.0,"speed":1.0,"floorPosition":313.61905},{"type":1,"time":13216,"positionX":-3.662668,"holdTime":0.0,"speed":1.0,"floorPosition":314.38095},{"type":1,"time":13280,"positionX":-3.662668,"holdTime":0.0,"speed":1.0,"floorPosition":315.90475},{"type":1,"time":13344,"positionX":-3.662668,"holdTime":0.0,"speed":1.0,"floorPosition":317.4286},{"type":1,"time":13408,"positionX":-3.662668,"holdTime":0.0,"speed":1.0,"floorPosition":318.9524}],"notesBelow":[{"type":2,"time":7296,"positionX":1.94072,"holdTime":0.0,"speed":1.0,"floorPosition":173.42857},{"type":2,"time":7344,"positionX":-3.705009,"holdTime":0.0,"speed":1.0,"floorPosition":174.57143},{"type":2,"time":7360,"positionX":3.465067,"holdTime":0.0,"speed":1.0,"floorPosition":174.95238},{"type":2,"time":7408,"positionX":-2.279465,"holdTime":0.0,"speed":1.0,"floorPosition":176.09525},{"type":2,"time":7424,"positionX":2.124207,"holdTime":0.0,"speed":1.0,"floorPosition":176.4762},{"type":2,"time":7472,"positionX":0.3599148,"holdTime":0.0,"speed":1.0,"floorPosition":177.61905},{"type":2,"time":7488,"positionX":-4.467186,"holdTime":0.0,"speed":1.0,"floorPosition":178.0},{"type":2,"time":7536,"positionX":-1.249119,"holdTime":0.0,"speed":1.0,"floorPosition":179.14285},{"type":2,"time":7552,"positionX":4.184896,"holdTime":0.0,"speed":1.0,"floorPosition":179.52382},{"type":2,"time":7600,"positionX":-0.09174347,"holdTime":0.0,"speed":1.0,"floorPosition":180.66667},{"type":2,"time":7616,"positionX":-4.340157,"holdTime":0.0,"speed":1.0,"floorPosition":181.04762},{"type":2,"time":7664,"positionX":0.06351471,"holdTime":0.0,"speed":1.0,"floorPosition":182.19048},{"type":2,"time":7680,"positionX":4.735355,"holdTime":0.0,"speed":1.0,"floorPosition":182.57143},{"type":2,"time":7728,"positionX":-1.799576,"holdTime":0.0,"speed":1.0,"floorPosition":183.7143},{"type":2,"time":7744,"positionX":2.293579,"holdTime":0.0,"speed":1.0,"floorPosition":184.09525},{"type":2,"time":7792,"positionX":-1.347918,"holdTime":0.0,"speed":1.0,"floorPosition":185.2381},{"type":2,"time":7808,"positionX":-5.695129,"holdTime":0.0,"speed":1.0,"floorPosition":185.61905},{"type":2,"time":7856,"positionX":-0.218771,"holdTime":0.0,"speed":1.0,"floorPosition":186.7619},{"type":2,"time":7872,"positionX":4.664783,"holdTime":0.0,"speed":1.0,"floorPosition":187.14285},{"type":2,"time":7920,"positionX":-3.112209,"holdTime":0.0,"speed":1.0,"floorPosition":188.28572},{"type":2,"time":7936,"positionX":1.884262,"holdTime":0.0,"speed":1.0,"floorPosition":188.66667},{"type":2,"time":7984,"positionX":-0.8821449,"holdTime":0.0,"speed":1.0,"floorPosition":189.80952},{"type":2,"time":8000,"positionX":4.142555,"holdTime":0.0,"speed":1.0,"floorPosition":190.19048},{"type":2,"time":8048,"positionX":0.99506,"holdTime":0.0,"speed":1.0,"floorPosition":191.33334},{"type":2,"time":8064,"positionX":-5.031757,"holdTime":0.0,"speed":1.0,"floorPosition":191.7143},{"type":2,"time":8112,"positionX":3.705009,"holdTime":0.0,"speed":1.0,"floorPosition":192.85715},{"type":2,"time":8128,"positionX":-1.206776,"holdTime":0.0,"speed":1.0,"floorPosition":193.2381},{"type":2,"time":8176,"positionX":-3.719124,"holdTime":0.0,"speed":1.0,"floorPosition":194.38095},{"type":2,"time":8192,"positionX":1.968948,"holdTime":0.0,"speed":1.0,"floorPosition":194.7619},{"type":2,"time":8240,"positionX":4.283697,"holdTime":0.0,"speed":1.0,"floorPosition":195.90477},{"type":2,"time":8256,"positionX":-1.446718,"holdTime":0.0,"speed":1.0,"floorPosition":196.28572},{"type":2,"time":8304,"positionX":3.126324,"holdTime":0.0,"speed":1.0,"floorPosition":197.42857},{"type":2,"time":8308,"positionX":3.140438,"holdTime":0.0,"speed":1.0,"floorPosition":197.52382},{"type":2,"time":8312,"positionX":3.154552,"holdTime":0.0,"speed":1.0,"floorPosition":197.61905},{"type":2,"time":8316,"positionX":3.154552,"holdTime":0.0,"speed":1.0,"floorPosition":197.7143},{"type":2,"time":8320,"positionX":3.154552,"holdTime":0.0,"speed":1.0,"floorPosition":197.80952},{"type":1,"time":8320,"positionX":-3.5,"holdTime":0.0,"speed":1.0,"floorPosition":197.80952},{"type":2,"time":8352,"positionX":-3.422726,"holdTime":0.0,"speed":1.0,"floorPosition":198.57143},{"type":2,"time":8384,"positionX":-3.493298,"holdTime":0.0,"speed":1.0,"floorPosition":199.33334},{"type":2,"time":8416,"positionX":-3.43684,"holdTime":0.0,"speed":1.0,"floorPosition":200.09525},{"type":1,"time":8448,"positionX":-0.5833333,"holdTime":0.0,"speed":1.0,"floorPosition":200.85715},{"type":2,"time":8480,"positionX":-0.698658,"holdTime":0.0,"speed":1.0,"floorPosition":201.61905},{"type":2,"time":8512,"positionX":-0.698658,"holdTime":0.0,"speed":1.0,"floorPosition":202.38095},{"type":2,"time":8544,"positionX":-0.5716305,"holdTime":0.0,"speed":1.0,"floorPosition":203.14285},{"type":1,"time":8576,"positionX":2.3333333,"holdTime":0.0,"speed":1.0,"floorPosition":203.90477},{"type":2,"time":8608,"positionX":2.392378,"holdTime":0.0,"speed":1.0,"floorPosition":204.66667},{"type":2,"time":8640,"positionX":2.33592,"holdTime":0.0,"speed":1.0,"floorPosition":205.42857},{"type":2,"time":8672,"positionX":2.462952,"holdTime":0.0,"speed":1.0,"floorPosition":206.19048},{"type":1,"time":8704,"positionX":4.6666665,"holdTime":0.0,"speed":1.0,"floorPosition":206.95238},{"type":2,"time":8736,"positionX":4.777699,"holdTime":0.0,"speed":1.0,"floorPosition":207.7143},{"type":2,"time":8768,"positionX":4.74947,"holdTime":0.0,"speed":1.0,"floorPosition":208.4762},{"type":2,"time":8800,"positionX":4.707127,"holdTime":0.0,"speed":1.0,"floorPosition":209.2381},{"type":2,"time":8832,"positionX":-1.841919,"holdTime":0.0,"speed":1.0,"floorPosition":210.0},{"type":2,"time":8848,"positionX":-2.49118,"holdTime":0.0,"speed":1.0,"floorPosition":210.38095},{"type":2,"time":8864,"positionX":-2.958437,"holdTime":0.0,"speed":1.0,"floorPosition":210.7619},{"type":2,"time":8880,"positionX":-3.281582,"holdTime":0.0,"speed":1.0,"floorPosition":211.14285},{"type":2,"time":8896,"positionX":-2.973082,"holdTime":0.0,"speed":1.0,"floorPosition":211.52382},{"type":2,"time":8912,"positionX":-2.350037,"holdTime":0.0,"speed":1.0,"floorPosition":211.90477},{"type":2,"time":8928,"positionX":-1.587862,"holdTime":0.0,"speed":1.0,"floorPosition":212.28572},{"type":2,"time":8944,"positionX":-0.8256874,"holdTime":0.0,"speed":1.0,"floorPosition":212.66667},{"type":2,"time":8960,"positionX":-0.1199722,"holdTime":0.0,"speed":1.0,"floorPosition":213.04762},{"type":2,"time":8976,"positionX":0.03528595,"holdTime":0.0,"speed":1.0,"floorPosition":213.42857},{"type":2,"time":8992,"positionX":0.148201,"holdTime":0.0,"speed":1.0,"floorPosition":213.80952},{"type":2,"time":9008,"positionX":0.1340866,"holdTime":0.0,"speed":1.0,"floorPosition":214.19048},{"type":2,"time":9024,"positionX":-0.1905422,"holdTime":0.0,"speed":1.0,"floorPosition":214.57143},{"type":2,"time":9040,"positionX":-0.6563148,"holdTime":0.0,"speed":1.0,"floorPosition":214.95238},{"type":2,"time":9056,"positionX":-1.082883,"holdTime":0.0,"speed":1.0,"floorPosition":215.33334},{"type":2,"time":9072,"positionX":-1.61277,"holdTime":0.0,"speed":1.0,"floorPosition":215.7143},{"type":2,"time":9088,"positionX":-2.434723,"holdTime":0.0,"speed":1.0,"floorPosition":216.09525},{"type":2,"time":9099,"positionX":-1.985415,"holdTime":0.0,"speed":1.0,"floorPosition":216.35715},{"type":2,"time":9109,"positionX":-1.531404,"holdTime":0.0,"speed":1.0,"floorPosition":216.59525},{"type":2,"time":9120,"positionX":-1.01026,"holdTime":0.0,"speed":1.0,"floorPosition":216.85715},{"type":2,"time":9131,"positionX":-0.4728298,"holdTime":0.0,"speed":1.0,"floorPosition":217.11905},{"type":2,"time":9141,"positionX":0.03528595,"holdTime":0.0,"speed":1.0,"floorPosition":217.35715},{"type":2,"time":9152,"positionX":0.3034573,"holdTime":0.0,"speed":1.0,"floorPosition":217.61905},{"type":2,"time":9160,"positionX":0.7551155,"holdTime":0.0,"speed":1.0,"floorPosition":217.80952},{"type":2,"time":9168,"positionX":1.164433,"holdTime":0.0,"speed":1.0,"floorPosition":218.0},{"type":2,"time":9176,"positionX":1.587862,"holdTime":0.0,"speed":1.0,"floorPosition":218.19048},{"type":2,"time":9184,"positionX":2.025406,"holdTime":0.0,"speed":1.0,"floorPosition":218.38095},{"type":2,"time":9192,"positionX":2.477064,"holdTime":0.0,"speed":1.0,"floorPosition":218.57143},{"type":2,"time":9200,"positionX":2.85815,"holdTime":0.0,"speed":1.0,"floorPosition":218.7619},{"type":2,"time":9208,"positionX":3.267467,"holdTime":0.0,"speed":1.0,"floorPosition":218.95238},{"type":1,"time":9248,"positionX":0.02117157,"holdTime":0.0,"speed":1.0,"floorPosition":219.90477},{"type":1,"time":9280,"positionX":-0.00705719,"holdTime":0.0,"speed":1.0,"floorPosition":220.66667},{"type":1,"time":9312,"positionX":-0.03528595,"holdTime":0.0,"speed":1.0,"floorPosition":221.42857},{"type":3,"time":9344,"positionX":-2.844036,"holdTime":32.0,"speed":1.6,"floorPosition":222.19048},{"type":2,"time":9376,"positionX":3.352152,"holdTime":0.0,"speed":1.0,"floorPosition":222.95238},{"type":2,"time":9384,"positionX":3.323923,"holdTime":0.0,"speed":1.0,"floorPosition":223.14287},{"type":2,"time":9392,"positionX":3.380381,"holdTime":0.0,"speed":1.0,"floorPosition":223.33334},{"type":2,"time":9408,"positionX":1.460833,"holdTime":0.0,"speed":1.0,"floorPosition":223.7143},{"type":2,"time":9424,"positionX":-0.6704292,"holdTime":0.0,"speed":1.0,"floorPosition":224.09525},{"type":2,"time":9432,"positionX":0.1340866,"holdTime":0.0,"speed":1.0,"floorPosition":224.28572},{"type":2,"time":9440,"positionX":0.628088,"holdTime":0.0,"speed":1.0,"floorPosition":224.4762},{"type":2,"time":9448,"positionX":0.7932245,"holdTime":0.0,"speed":1.0,"floorPosition":224.66667},{"type":2,"time":9456,"positionX":0.8743036,"holdTime":0.0,"speed":1.0,"floorPosition":224.85715},{"type":3,"time":9472,"positionX":4.015526,"holdTime":32.0,"speed":1.6,"floorPosition":225.2381},{"type":2,"time":9504,"positionX":-0.8256874,"holdTime":0.0,"speed":1.0,"floorPosition":226.0},{"type":2,"time":9512,"positionX":-1.489061,"holdTime":0.0,"speed":1.0,"floorPosition":226.19048},{"type":2,"time":9520,"positionX":-1.926605,"holdTime":0.0,"speed":1.0,"floorPosition":226.38095},{"type":2,"time":9536,"positionX":-3.394497,"holdTime":0.0,"speed":1.0,"floorPosition":226.7619},{"type":2,"time":9552,"positionX":-3.098095,"holdTime":0.0,"speed":1.0,"floorPosition":227.14287},{"type":2,"time":9560,"positionX":-2.872265,"holdTime":0.0,"speed":1.0,"floorPosition":227.33334},{"type":2,"time":9568,"positionX":-2.477066,"holdTime":0.0,"speed":1.0,"floorPosition":227.52382},{"type":2,"time":9576,"positionX":-1.981651,"holdTime":0.0,"speed":1.0,"floorPosition":227.7143},{"type":2,"time":9584,"positionX":-1.404375,"holdTime":0.0,"speed":1.0,"floorPosition":227.90477},{"type":3,"time":9600,"positionX":-4.199013,"holdTime":32.0,"speed":1.6,"floorPosition":228.28572},{"type":2,"time":9640,"positionX":1.460833,"holdTime":0.0,"speed":1.0,"floorPosition":229.2381},{"type":2,"time":9648,"positionX":2.03952,"holdTime":0.0,"speed":1.0,"floorPosition":229.42857},{"type":2,"time":9656,"positionX":2.321808,"holdTime":0.0,"speed":1.0,"floorPosition":229.61905},{"type":2,"time":9672,"positionX":0.4728298,"holdTime":0.0,"speed":1.0,"floorPosition":230.0},{"type":2,"time":9680,"positionX":1.079746,"holdTime":0.0,"speed":1.0,"floorPosition":230.19048},{"type":2,"time":9688,"positionX":1.827805,"holdTime":0.0,"speed":1.0,"floorPosition":230.38095},{"type":2,"time":9712,"positionX":0.1623135,"holdTime":0.0,"speed":1.0,"floorPosition":230.95238},{"type":3,"time":9728,"positionX":3.281582,"holdTime":32.0,"speed":1.6,"floorPosition":231.33334},{"type":2,"time":9768,"positionX":-2.208893,"holdTime":0.0,"speed":1.0,"floorPosition":232.28572},{"type":2,"time":9776,"positionX":-1.587862,"holdTime":0.0,"speed":1.0,"floorPosition":232.4762},{"type":2,"time":9784,"positionX":-1.107975,"holdTime":0.0,"speed":1.0,"floorPosition":232.66667},{"type":2,"time":9800,"positionX":-2.872265,"holdTime":0.0,"speed":1.0,"floorPosition":233.04762},{"type":2,"time":9808,"positionX":-2.110092,"holdTime":0.0,"speed":1.0,"floorPosition":233.2381},{"type":2,"time":9816,"positionX":-1.206776,"holdTime":0.0,"speed":1.0,"floorPosition":233.42857},{"type":2,"time":9840,"positionX":-2.914608,"holdTime":0.0,"speed":1.0,"floorPosition":234.0},{"type":2,"time":9848,"positionX":-2.942837,"holdTime":0.0,"speed":1.0,"floorPosition":234.19048},{"type":3,"time":9856,"positionX":3.069866,"holdTime":32.0,"speed":1.6,"floorPosition":234.38095},{"type":2,"time":9888,"positionX":-2.872265,"holdTime":0.0,"speed":1.0,"floorPosition":235.14287},{"type":2,"time":9896,"positionX":-2.928722,"holdTime":0.0,"speed":1.0,"floorPosition":235.33334},{"type":2,"time":9904,"positionX":-2.900494,"holdTime":0.0,"speed":1.0,"floorPosition":235.52382},{"type":2,"time":9920,"positionX":-2.462952,"holdTime":0.0,"speed":1.0,"floorPosition":235.90477},{"type":2,"time":9936,"positionX":-1.559633,"holdTime":0.0,"speed":1.0,"floorPosition":236.28572},{"type":2,"time":9944,"positionX":-1.22089,"holdTime":0.0,"speed":1.0,"floorPosition":236.4762},{"type":2,"time":9952,"positionX":-0.8525047,"holdTime":0.0,"speed":1.0,"floorPosition":236.66667},{"type":2,"time":9960,"positionX":-0.4587154,"holdTime":0.0,"speed":1.0,"floorPosition":236.85715},{"type":2,"time":9968,"positionX":-0.1340866,"holdTime":0.0,"speed":1.0,"floorPosition":237.04762},{"type":3,"time":9984,"positionX":3.817924,"holdTime":32.0,"speed":1.6,"floorPosition":237.42857},{"type":2,"time":10016,"positionX":0.00705719,"holdTime":0.0,"speed":1.0,"floorPosition":238.19048},{"type":2,"time":10024,"positionX":-0.2469997,"holdTime":0.0,"speed":1.0,"floorPosition":238.38095},{"type":2,"time":10032,"positionX":-0.515173,"holdTime":0.0,"speed":1.0,"floorPosition":238.57143},{"type":2,"time":10048,"positionX":-1.997177,"holdTime":0.0,"speed":1.0,"floorPosition":238.95238},{"type":2,"time":10064,"positionX":-2.956951,"holdTime":0.0,"speed":1.0,"floorPosition":239.33334},{"type":2,"time":10072,"positionX":-2.505295,"holdTime":0.0,"speed":1.0,"floorPosition":239.52382},{"type":2,"time":10080,"positionX":-1.844742,"holdTime":0.0,"speed":1.0,"floorPosition":239.7143},{"type":2,"time":10088,"positionX":-1.164433,"holdTime":0.0,"speed":1.0,"floorPosition":239.90477},{"type":2,"time":10096,"positionX":-0.5716305,"holdTime":0.0,"speed":1.0,"floorPosition":240.09525},{"type":3,"time":10112,"positionX":-4.283699,"holdTime":32.0,"speed":1.6,"floorPosition":240.4762},{"type":2,"time":10144,"positionX":-0.06351471,"holdTime":0.0,"speed":1.0,"floorPosition":241.2381},{"type":2,"time":10160,"positionX":1.209599,"holdTime":0.0,"speed":1.0,"floorPosition":241.61905},{"type":2,"time":10176,"positionX":2.434723,"holdTime":0.0,"speed":1.0,"floorPosition":242.0},{"type":2,"time":10192,"positionX":2.876722,"holdTime":0.0,"speed":1.0,"floorPosition":242.38095},{"type":2,"time":10208,"positionX":2.886379,"holdTime":0.0,"speed":1.0,"floorPosition":242.7619},{"type":2,"time":10224,"positionX":2.545407,"holdTime":0.0,"speed":1.0,"floorPosition":243.14287},{"type":2,"time":10240,"positionX":1.912491,"holdTime":0.0,"speed":1.0,"floorPosition":243.52382},{"type":2,"time":10256,"positionX":0.7794252,"holdTime":0.0,"speed":1.0,"floorPosition":243.90477},{"type":2,"time":10272,"positionX":-0.2328854,"holdTime":0.0,"speed":1.0,"floorPosition":244.28572},{"type":2,"time":10288,"positionX":-1.446718,"holdTime":0.0,"speed":1.0,"floorPosition":244.66667},{"type":2,"time":10304,"positionX":-2.434723,"holdTime":0.0,"speed":1.0,"floorPosition":245.04762},{"type":2,"time":10312,"positionX":-2.434723,"holdTime":0.0,"speed":1.0,"floorPosition":245.2381},{"type":2,"time":10320,"positionX":-2.448837,"holdTime":0.0,"speed":1.0,"floorPosition":245.42857},{"type":2,"time":10328,"positionX":-2.533524,"holdTime":0.0,"speed":1.0,"floorPosition":245.61905},{"type":2,"time":10336,"positionX":-2.546227,"holdTime":0.0,"speed":1.0,"floorPosition":245.80952},{"type":2,"time":10344,"positionX":-2.547638,"holdTime":0.0,"speed":1.0,"floorPosition":246.0},{"type":2,"time":10352,"positionX":-2.519409,"holdTime":0.0,"speed":1.0,"floorPosition":246.19048},{"type":2,"time":10360,"positionX":-2.462952,"holdTime":0.0,"speed":1.0,"floorPosition":246.38095},{"type":3,"time":10368,"positionX":-5.935074,"holdTime":32.0,"speed":1.6,"floorPosition":246.57143},{"type":2,"time":10400,"positionX":-2.999294,"holdTime":0.0,"speed":1.0,"floorPosition":247.33334},{"type":2,"time":10416,"positionX":-1.912491,"holdTime":0.0,"speed":1.0,"floorPosition":247.7143},{"type":2,"time":10432,"positionX":-0.5928017,"holdTime":0.0,"speed":1.0,"floorPosition":248.09525},{"type":2,"time":10448,"positionX":0.741003,"holdTime":0.0,"speed":1.0,"floorPosition":248.4762},{"type":2,"time":10464,"positionX":1.727438,"holdTime":0.0,"speed":1.0,"floorPosition":248.85715},{"type":2,"time":10480,"positionX":2.914608,"holdTime":0.0,"speed":1.0,"floorPosition":249.2381},{"type":3,"time":10496,"positionX":-5.991531,"holdTime":32.0,"speed":1.6,"floorPosition":249.61905},{"type":2,"time":10528,"positionX":-3.055752,"holdTime":0.0,"speed":1.0,"floorPosition":250.38095},{"type":2,"time":10544,"positionX":-1.898376,"holdTime":0.0,"speed":1.0,"floorPosition":250.7619},{"type":2,"time":10560,"positionX":-0.5010586,"holdTime":0.0,"speed":1.0,"floorPosition":251.14287},{"type":2,"time":10576,"positionX":0.7551155,"holdTime":0.0,"speed":1.0,"floorPosition":251.52382},{"type":2,"time":10592,"positionX":1.912491,"holdTime":0.0,"speed":1.0,"floorPosition":251.90477},{"type":2,"time":10608,"positionX":3.352152,"holdTime":0.0,"speed":1.0,"floorPosition":252.28572},{"type":3,"time":10624,"positionX":-3.069866,"holdTime":32.0,"speed":1.6,"floorPosition":252.66667},{"type":2,"time":10664,"positionX":1.319691,"holdTime":0.0,"speed":1.0,"floorPosition":253.61905},{"type":2,"time":10672,"positionX":2.16655,"holdTime":0.0,"speed":1.0,"floorPosition":253.80952},{"type":2,"time":10680,"positionX":2.942837,"holdTime":0.0,"speed":1.0,"floorPosition":254.0},{"type":2,"time":10696,"positionX":0.6563168,"holdTime":0.0,"speed":1.0,"floorPosition":254.38095},{"type":2,"time":10704,"positionX":1.799576,"holdTime":0.0,"speed":1.0,"floorPosition":254.57143},{"type":2,"time":10712,"positionX":2.773466,"holdTime":0.0,"speed":1.0,"floorPosition":254.7619},{"type":2,"time":10728,"positionX":0.4022579,"holdTime":0.0,"speed":1.0,"floorPosition":255.14287},{"type":2,"time":10736,"positionX":1.601976,"holdTime":0.0,"speed":1.0,"floorPosition":255.33334},{"type":2,"time":10744,"positionX":2.632322,"holdTime":0.0,"speed":1.0,"floorPosition":255.52382},{"type":3,"time":10752,"positionX":-2.900494,"holdTime":32.0,"speed":1.6,"floorPosition":255.7143},{"type":2,"time":10792,"positionX":-0.06351471,"holdTime":0.0,"speed":1.0,"floorPosition":256.66666},{"type":2,"time":10800,"positionX":1.362034,"holdTime":0.0,"speed":1.0,"floorPosition":256.85715},{"type":2,"time":10808,"positionX":2.095978,"holdTime":0.0,"speed":1.0,"floorPosition":257.04764},{"type":2,"time":10824,"positionX":-0.2752285,"holdTime":0.0,"speed":1.0,"floorPosition":257.4286},{"type":2,"time":10832,"positionX":1.404375,"holdTime":0.0,"speed":1.0,"floorPosition":257.61905},{"type":2,"time":10840,"positionX":2.406494,"holdTime":0.0,"speed":1.0,"floorPosition":257.80954},{"type":2,"time":10856,"positionX":-0.218771,"holdTime":0.0,"speed":1.0,"floorPosition":258.1905},{"type":2,"time":10864,"positionX":0.9056695,"holdTime":0.0,"speed":1.0,"floorPosition":258.38095},{"type":2,"time":10872,"positionX":1.757235,"holdTime":0.0,"speed":1.0,"floorPosition":258.57144},{"type":3,"time":10880,"positionX":-3.323925,"holdTime":32.0,"speed":1.6,"floorPosition":258.7619},{"type":2,"time":10912,"positionX":3.606209,"holdTime":0.0,"speed":1.0,"floorPosition":259.5238},{"type":2,"time":10920,"positionX":3.606209,"holdTime":0.0,"speed":1.0,"floorPosition":259.7143},{"type":2,"time":10928,"positionX":3.662666,"holdTime":0.0,"speed":1.0,"floorPosition":259.90475},{"type":2,"time":10944,"positionX":2.124207,"holdTime":0.0,"speed":1.0,"floorPosition":260.2857},{"type":2,"time":10960,"positionX":1.164433,"holdTime":0.0,"speed":1.0,"floorPosition":260.66666},{"type":2,"time":10968,"positionX":1.164433,"holdTime":0.0,"speed":1.0,"floorPosition":260.85715},{"type":2,"time":10976,"positionX":1.164433,"holdTime":0.0,"speed":1.0,"floorPosition":261.04764},{"type":2,"time":10984,"positionX":1.164433,"holdTime":0.0,"speed":1.0,"floorPosition":261.2381},{"type":2,"time":10992,"positionX":1.136204,"holdTime":0.0,"speed":1.0,"floorPosition":261.4286},{"type":3,"time":11008,"positionX":3.676781,"holdTime":32.0,"speed":1.6,"floorPosition":261.80954},{"type":2,"time":11040,"positionX":-1.263233,"holdTime":0.0,"speed":1.0,"floorPosition":262.57144},{"type":2,"time":11048,"positionX":-1.29146,"holdTime":0.0,"speed":1.0,"floorPosition":262.7619},{"type":2,"time":11056,"positionX":-1.29146,"holdTime":0.0,"speed":1.0,"floorPosition":262.9524},{"type":2,"time":11072,"positionX":-2.279465,"holdTime":0.0,"speed":1.0,"floorPosition":263.33334},{"type":2,"time":11088,"positionX":-3.592094,"holdTime":0.0,"speed":1.0,"floorPosition":263.7143},{"type":2,"time":11096,"positionX":-3.563866,"holdTime":0.0,"speed":1.0,"floorPosition":263.90475},{"type":2,"time":11104,"positionX":-3.465069,"holdTime":0.0,"speed":1.0,"floorPosition":264.09525},{"type":2,"time":11112,"positionX":-3.450954,"holdTime":0.0,"speed":1.0,"floorPosition":264.2857},{"type":2,"time":11120,"positionX":-3.465069,"holdTime":0.0,"speed":1.0,"floorPosition":264.4762},{"type":3,"time":11136,"positionX":3.338039,"holdTime":32.0,"speed":1.6,"floorPosition":264.85715},{"type":2,"time":11168,"positionX":-3.013409,"holdTime":0.0,"speed":1.0,"floorPosition":265.61905},{"type":2,"time":11184,"positionX":-1.601976,"holdTime":0.0,"speed":1.0,"floorPosition":266.0},{"type":2,"time":11200,"positionX":-1.134718,"holdTime":0.0,"speed":1.0,"floorPosition":266.38095},{"type":2,"time":11216,"positionX":-0.628088,"holdTime":0.0,"speed":1.0,"floorPosition":266.7619},{"type":2,"time":11232,"positionX":-0.2893429,"holdTime":0.0,"speed":1.0,"floorPosition":267.14285},{"type":2,"time":11248,"positionX":-0.2752285,"holdTime":0.0,"speed":1.0,"floorPosition":267.5238},{"type":2,"time":11264,"positionX":-0.5998592,"holdTime":0.0,"speed":1.0,"floorPosition":267.90475},{"type":2,"time":11280,"positionX":-1.38634,"holdTime":0.0,"speed":1.0,"floorPosition":268.2857},{"type":2,"time":11296,"positionX":-2.519409,"holdTime":0.0,"speed":1.0,"floorPosition":268.66666},{"type":2,"time":11312,"positionX":-3.761467,"holdTime":0.0,"speed":1.0,"floorPosition":269.04764},{"type":2,"time":11328,"positionX":-5.215244,"holdTime":0.0,"speed":1.0,"floorPosition":269.4286},{"type":2,"time":11360,"positionX":3.196896,"holdTime":0.0,"speed":1.0,"floorPosition":270.1905},{"type":2,"time":11368,"positionX":3.182781,"holdTime":0.0,"speed":1.0,"floorPosition":270.38095},{"type":2,"time":11376,"positionX":3.168667,"holdTime":0.0,"speed":1.0,"floorPosition":270.57144},{"type":2,"time":11384,"positionX":3.182781,"holdTime":0.0,"speed":1.0,"floorPosition":270.7619},{"type":3,"time":11392,"positionX":-2.279465,"holdTime":32.0,"speed":1.6,"floorPosition":270.9524},{"type":4,"time":11440,"positionX":3.098095,"holdTime":0.0,"speed":1.0,"floorPosition":272.09525},{"type":4,"time":11472,"positionX":1.912491,"holdTime":0.0,"speed":1.0,"floorPosition":272.85715},{"type":4,"time":11504,"positionX":3.21101,"holdTime":0.0,"speed":1.0,"floorPosition":273.61905},{"type":4,"time":11536,"positionX":1.686661,"holdTime":0.0,"speed":1.0,"floorPosition":274.38095},{"type":4,"time":11568,"positionX":3.239239,"holdTime":0.0,"speed":1.0,"floorPosition":275.14285},{"type":4,"time":11600,"positionX":1.503178,"holdTime":0.0,"speed":1.0,"floorPosition":275.90475},{"type":4,"time":11632,"positionX":3.408609,"holdTime":0.0,"speed":1.0,"floorPosition":276.66666},{"type":4,"time":11696,"positionX":-1.771347,"holdTime":0.0,"speed":1.0,"floorPosition":278.1905},{"type":4,"time":11728,"positionX":-3.634438,"holdTime":0.0,"speed":1.0,"floorPosition":278.9524},{"type":4,"time":11760,"positionX":-1.686663,"holdTime":0.0,"speed":1.0,"floorPosition":279.7143},{"type":4,"time":11792,"positionX":-3.719124,"holdTime":0.0,"speed":1.0,"floorPosition":280.4762},{"type":4,"time":11824,"positionX":-1.616091,"holdTime":0.0,"speed":1.0,"floorPosition":281.2381},{"type":4,"time":11856,"positionX":-3.662666,"holdTime":0.0,"speed":1.0,"floorPosition":282.0},{"type":4,"time":11888,"positionX":-1.531404,"holdTime":0.0,"speed":1.0,"floorPosition":282.7619},{"type":4,"time":11952,"positionX":-0.02117157,"holdTime":0.0,"speed":1.0,"floorPosition":284.2857},{"type":4,"time":11984,"positionX":-0.03528595,"holdTime":0.0,"speed":1.0,"floorPosition":285.04764},{"type":4,"time":12016,"positionX":-0.02117157,"holdTime":0.0,"speed":1.0,"floorPosition":285.80954},{"type":4,"time":12048,"positionX":-0.04940033,"holdTime":0.0,"speed":1.0,"floorPosition":286.57144},{"type":4,"time":12080,"positionX":-0.00705719,"holdTime":0.0,"speed":1.0,"floorPosition":287.33334},{"type":4,"time":12112,"positionX":-0.03528595,"holdTime":0.0,"speed":1.0,"floorPosition":288.09525},{"type":4,"time":12144,"positionX":-0.00705719,"holdTime":0.0,"speed":1.0,"floorPosition":288.85715},{"type":4,"time":12208,"positionX":-1.700777,"holdTime":0.0,"speed":1.0,"floorPosition":290.38095},{"type":4,"time":12240,"positionX":1.785463,"holdTime":0.0,"speed":1.0,"floorPosition":291.14285},{"type":4,"time":12272,"positionX":-1.926605,"holdTime":0.0,"speed":1.0,"floorPosition":291.90475}],"speedEvents":[{"startTime":0.0,"endTime":32.0,"value":1.0},{"startTime":32.0,"endTime":1000000000.0,"value":1.6}],"judgeLineMoveEvents":[{"startTime":-999999.0,"endTime":0.0,"start":0.5,"end":0.5,"start2":0.5,"end2":0.5},{"startTime":0.0,"endTime":4.0,"start":0.5,"end":0.5,"start2":0.5,"end2":0.47275427},{"startTime":4.0,"endTime":8.0,"start":0.5,"end":0.5,"start2":0.47275427,"end2":0.44720817},{"startTime":8.0,"endTime":12.0,"start":0.5,"end":0.5,"start2":0.44720817,"end2":0.42330706},{"startTime":12.0,"endTime":16.0,"start":0.5,"end":0.5,"start2":0.42330706,"end2":0.40099624},{"startTime":16.0,"endTime":20.0,"start":0.5,"end":0.5,"start2":0.40099624,"end2":0.38022104},{"startTime":20.0,"endTime":24.0,"start":0.5,"end":0.5,"start2":0.38022104,"end2":0.36092684},{"startTime":24.0,"endTime":28.0,"start":0.5,"end":0.5,"start2":0.36092684,"end2":0.34305882},{"startTime":28.0,"endTime":32.0,"start":0.5,"end":0.5,"start2":0.34305882,"end2":0.3265625},{"startTime":32.0,"endTime":36.0,"start":0.5,"end":0.5,"start2":0.3265625,"end2":0.31139928},{"startTime":36.0,"endTime":40.0,"start":0.5,"end":0.5,"start2":0.31139928,"end2":0.2974969},{"startTime":40.0,"endTime":44.0,"start":0.5,"end":0.5,"start2":0.2974969,"end2":0.2848008},{"startTime":44.0,"endTime":48.0,"start":0.5,"end":0.5,"start2":0.2848008,"end2":0.27325624},{"startTime":48.0,"endTime":52.0,"start":0.5,"end":0.5,"start2":0.27325624,"end2":0.26280856},{"startTime":52.0,"endTime":56.0,"start":0.5,"end":0.5,"start2":0.26280856,"end2":0.25340307},{"startTime":56.0,"endTime":60.0,"start":0.5,"end":0.5,"start2":0.25340307,"end2":0.24498509},{"startTime":60.0,"endTime":64.0,"start":0.5,"end":0.5,"start2":0.24498509,"end2":0.23749998},{"startTime":64.0,"endTime":68.0,"start":0.5,"end":0.5,"start2":0.23749998,"end2":0.23090363},{"startTime":68.0,"endTime":72.0,"start":0.5,"end":0.5,"start2":0.23090363,"end2":0.22512941},{"startTime":72.0,"endTime":76.0,"start":0.5,"end":0.5,"start2":0.22512941,"end2":0.22012267},{"startTime":76.0,"endTime":80.0,"start":0.5,"end":0.5,"start2":0.22012267,"end2":0.21582875},{"startTime":80.0,"endTime":84.0,"start":0.5,"end":0.5,"start2":0.21582875,"end2":0.21219294},{"startTime":84.0,"endTime":88.0,"start":0.5,"end":0.5,"start2":0.21219294,"end2":0.20916055},{"startTime":88.0,"endTime":92.0,"start":0.5,"end":0.5,"start2":0.20916055,"end2":0.20667697},{"startTime":92.0,"endTime":96.0,"start":0.5,"end":0.5,"start2":0.20667697,"end2":0.20468749},{"startTime":96.0,"endTime":100.0,"start":0.5,"end":0.5,"start2":0.20468749,"end2":0.20314237},{"startTime":100.0,"endTime":104.0,"start":0.5,"end":0.5,"start2":0.20314237,"end2":0.20198068},{"startTime":104.0,"endTime":108.0,"start":0.5,"end":0.5,"start2":0.20198068,"end2":0.20114768},{"startTime":108.0,"endTime":112.0,"start":0.5,"end":0.5,"start2":0.20114768,"end2":0.20058875},{"startTime":112.0,"endTime":116.0,"start":0.5,"end":0.5,"start2":0.20058875,"end2":0.20024918},{"startTime":116.0,"endTime":120.0,"start":0.5,"end":0.5,"start2":0.20024918,"end2":0.20007432},{"startTime":120.0,"endTime":124.0,"start":0.5,"end":0.5,"start2":0.20007432,"end2":0.20000948},{"startTime":124.0,"endTime":128.0,"start":0.5,"end":0.5,"start2":0.20000948,"end2":0.19999999},{"startTime":128.0,"endTime":2176.0,"start":0.5,"end":0.5,"start2":0.19999999,"end2":0.2},{"startTime":2176.0,"endTime":3200.0,"start":0.5,"end":0.5,"start2":0.19999999,"end2":0.2},{"startTime":3200.0,"endTime":4480.0,"start":0.5,"end":0.5,"start2":0.2,"end2":0.2},{"startTime":4480.0,"endTime":7168.0,"start":0.5,"end":0.5,"start2":0.19999999,"end2":0.2},{"startTime":7168.0,"endTime":7200.0,"start":0.5,"end":0.5,"start2":0.39999998,"end2":0.4},{"startTime":7200.0,"endTime":7232.0,"start":0.5,"end":0.5,"start2":0.59999996,"end2":0.6},{"startTime":7232.0,"endTime":8320.0,"start":0.5,"end":0.5,"start2":0.79999995,"end2":0.8},{"startTime":8320.0,"endTime":9344.0,"start":0.5,"end":0.5,"start2":0.8,"end2":0.8},{"startTime":9344.0,"endTime":11904.0,"start":0.5,"end":0.5,"start2":0.79999995,"end2":0.8},{"startTime":11904.0,"endTime":12320.0,"start":0.5,"end":0.5,"start2":0.8,"end2":0.8},{"startTime":12320.0,"endTime":12352.0,"start":0.5,"end":0.5,"start2":0.6,"end2":0.6},{"startTime":12352.0,"endTime":12384.0,"start":0.5,"end":0.5,"start2":0.4,"end2":0.4},{"startTime":12384.0,"endTime":1000000000.0,"start":0.5,"end":0.5,"start2":0.2,"end2":0.2}],"judgeLineRotateEvents":[{"startTime":-999999.0,"endTime":12416.0,"start":0.0,"end":0.0},{"startTime":12416.0,"endTime":12424.0,"start":0.0,"end":-0.0012649999},{"startTime":12424.0,"endTime":12432.0,"start":-0.0012649999,"end":-0.00991},{"startTime":12432.0,"endTime":12440.0,"start":-0.00991,"end":-0.033225004},{"startTime":12440.0,"endTime":12448.0,"start":-0.033225004,"end":-0.07849999},{"startTime":12448.0,"endTime":12456.0,"start":-0.07849999,"end":-0.153025},{"startTime":12456.0,"endTime":12464.0,"start":-0.153025,"end":-0.26409},{"startTime":12464.0,"endTime":12472.0,"start":-0.26409,"end":-0.418985},{"startTime":12472.0,"endTime":12480.0,"start":-0.418985,"end":-0.625},{"startTime":12480.0,"endTime":12488.0,"start":-0.625,"end":-0.890265},{"startTime":12488.0,"endTime":12496.0,"start":-0.890265,"end":-1.22141},{"startTime":12496.0,"endTime":12504.0,"start":-1.22141,"end":-1.625725},{"startTime":12504.0,"endTime":12512.0,"start":-1.625725,"end":-2.1105},{"startTime":12512.0,"endTime":12520.0,"start":-2.1105,"end":-2.683025},{"startTime":12520.0,"endTime":12528.0,"start":-2.683025,"end":-3.3505898},{"startTime":12528.0,"endTime":12536.0,"start":-3.3505898,"end":-4.120485},{"startTime":12536.0,"endTime":12544.0,"start":-4.120485,"end":-5.0},{"startTime":12544.0,"endTime":12552.0,"start":-5.0,"end":-5.8795147},{"startTime":12552.0,"endTime":12560.0,"start":-5.8795147,"end":-6.6494093},{"startTime":12560.0,"endTime":12568.0,"start":-6.6494093,"end":-7.316975},{"startTime":12568.0,"endTime":12576.0,"start":-7.316975,"end":-7.8894997},{"startTime":12576.0,"endTime":12584.0,"start":-7.8894997,"end":-8.374275},{"startTime":12584.0,"endTime":12592.0,"start":-8.374275,"end":-8.77859},{"startTime":12592.0,"endTime":12600.0,"start":-8.77859,"end":-9.109735},{"startTime":12600.0,"endTime":12608.0,"start":-9.109735,"end":-9.375},{"startTime":12608.0,"endTime":12616.0,"start":-9.375,"end":-9.581015},{"startTime":12616.0,"endTime":12624.0,"start":-9.581015,"end":-9.735909},{"startTime":12624.0,"endTime":12632.0,"start":-9.735909,"end":-9.846975},{"startTime":12632.0,"endTime":12640.0,"start":-9.846975,"end":-9.9215},{"startTime":12640.0,"endTime":12648.0,"start":-9.9215,"end":-9.966775},{"startTime":12648.0,"endTime":12656.0,"start":-9.966775,"end":-9.99009},{"startTime":12656.0,"endTime":12664.0,"start":-9.99009,"end":-9.998735},{"startTime":12664.0,"endTime":12672.0,"start":-9.998735,"end":-10.0},{"startTime":12672.0,"endTime":12680.0,"start":-10.0,"end":-9.998735},{"startTime":12680.0,"endTime":12688.0,"start":-9.998735,"end":-9.99009},{"startTime":12688.0,"endTime":12696.0,"start":-9.99009,"end":-9.966775},{"startTime":12696.0,"endTime":12704.0,"start":-9.966775,"end":-9.9215},{"startTime":12704.0,"endTime":12712.0,"start":-9.9215,"end":-9.846975},{"startTime":12712.0,"endTime":12720.0,"start":-9.846975,"end":-9.73591},{"startTime":12720.0,"endTime":12728.0,"start":-9.73591,"end":-9.581015},{"startTime":12728.0,"endTime":12736.0,"start":-9.581015,"end":-9.375},{"startTime":12736.0,"endTime":12744.0,"start":-9.375,"end":-9.1097355},{"startTime":12744.0,"endTime":12752.0,"start":-9.1097355,"end":-8.77859},{"startTime":12752.0,"endTime":12760.0,"start":-8.77859,"end":-8.374275},{"startTime":12760.0,"endTime":12768.0,"start":-8.374275,"end":-7.8895},{"startTime":12768.0,"endTime":12776.0,"start":-7.8895,"end":-7.316975},{"startTime":12776.0,"endTime":12784.0,"start":-7.316975,"end":-6.6494102},{"startTime":12784.0,"endTime":12792.0,"start":-6.6494102,"end":-5.879515},{"startTime":12792.0,"endTime":12800.0,"start":-5.879515,"end":-5.0},{"startTime":12800.0,"endTime":12808.0,"start":-5.0,"end":-4.1204853},{"startTime":12808.0,"endTime":12816.0,"start":-4.1204853,"end":-3.3505905},{"startTime":12816.0,"endTime":12824.0,"start":-3.3505905,"end":-2.683025},{"startTime":12824.0,"endTime":12832.0,"start":-2.683025,"end":-2.1105003},{"startTime":12832.0,"endTime":12840.0,"start":-2.1105003,"end":-1.625725},{"startTime":12840.0,"endTime":12848.0,"start":-1.625725,"end":-1.22141},{"startTime":12848.0,"endTime":12856.0,"start":-1.22141,"end":-0.8902651},{"startTime":12856.0,"endTime":12864.0,"start":-0.8902651,"end":-0.625},{"startTime":12864.0,"endTime":12872.0,"start":-0.625,"end":-0.4189849},{"startTime":12872.0,"endTime":12880.0,"start":-0.4189849,"end":-0.2640903},{"startTime":12880.0,"endTime":12888.0,"start":-0.2640903,"end":-0.1530248},{"startTime":12888.0,"endTime":12896.0,"start":-0.1530248,"end":-0.07849991},{"startTime":12896.0,"endTime":12904.0,"start":-0.07849991,"end":-0.03322482},{"startTime":12904.0,"endTime":12912.0,"start":-0.03322482,"end":-0.009909868},{"startTime":12912.0,"endTime":12920.0,"start":-0.009909868,"end":-0.0012648106},{"startTime":12920.0,"endTime":12928.0,"start":-0.0012648106,"end":0.0},{"startTime":12928.0,"endTime":12936.0,"start":0.0,"end":0.0012649999},{"startTime":12936.0,"endTime":12944.0,"start":0.0012649999,"end":0.00991},{"startTime":12944.0,"endTime":12952.0,"start":0.00991,"end":0.033225004},{"startTime":12952.0,"endTime":12960.0,"start":0.033225004,"end":0.07849999},{"startTime":12960.0,"endTime":12968.0,"start":0.07849999,"end":0.153025},{"startTime":12968.0,"endTime":12976.0,"start":0.153025,"end":0.26409},{"startTime":12976.0,"endTime":12984.0,"start":0.26409,"end":0.418985},{"startTime":12984.0,"endTime":12992.0,"start":0.418985,"end":0.625},{"startTime":12992.0,"endTime":13000.0,"start":0.625,"end":0.890265},{"startTime":13000.0,"endTime":13008.0,"start":0.890265,"end":1.22141},{"startTime":13008.0,"endTime":13016.0,"start":1.22141,"end":1.625725},{"startTime":13016.0,"endTime":13024.0,"start":1.625725,"end":2.1105},{"startTime":13024.0,"endTime":13032.0,"start":2.1105,"end":2.683025},{"startTime":13032.0,"endTime":13040.0,"start":2.683025,"end":3.3505898},{"startTime":13040.0,"endTime":13048.0,"start":3.3505898,"end":4.120485},{"startTime":13048.0,"endTime":13056.0,"start":4.120485,"end":5.0},{"startTime":13056.0,"endTime":13064.0,"start":5.0,"end":5.8795147},{"startTime":13064.0,"endTime":13072.0,"start":5.8795147,"end":6.6494093},{"startTime":13072.0,"endTime":13080.0,"start":6.6494093,"end":7.316975},{"startTime":13080.0,"endTime":13088.0,"start":7.316975,"end":7.8894997},{"startTime":13088.0,"endTime":13096.0,"start":7.8894997,"end":8.374275},{"startTime":13096.0,"endTime":13104.0,"start":8.374275,"end":8.77859},{"startTime":13104.0,"endTime":13112.0,"start":8.77859,"end":9.109735},{"startTime":13112.0,"endTime":13120.0,"start":9.109735,"end":9.375},{"startTime":13120.0,"endTime":13128.0,"start":9.375,"end":9.581015},{"startTime":13128.0,"endTime":13136.0,"start":9.581015,"end":9.735909},{"startTime":13136.0,"endTime":13144.0,"start":9.735909,"end":9.846975},{"startTime":13144.0,"endTime":13152.0,"start":9.846975,"end":9.9215},{"startTime":13152.0,"endTime":13160.0,"start":9.9215,"end":9.966775},{"startTime":13160.0,"endTime":13168.0,"start":9.966775,"end":9.99009},{"startTime":13168.0,"endTime":13176.0,"start":9.99009,"end":9.998735},{"startTime":13176.0,"endTime":13184.0,"start":9.998735,"end":10.0},{"startTime":13184.0,"endTime":13192.0,"start":10.0,"end":9.998735},{"startTime":13192.0,"endTime":13200.0,"start":9.998735,"end":9.99009},{"startTime":13200.0,"endTime":13208.0,"start":9.99009,"end":9.966775},{"startTime":13208.0,"endTime":13216.0,"start":9.966775,"end":9.9215},{"startTime":13216.0,"endTime":13224.0,"start":9.9215,"end":9.846975},{"startTime":13224.0,"endTime":13232.0,"start":9.846975,"end":9.73591},{"startTime":13232.0,"endTime":13240.0,"start":9.73591,"end":9.581015},{"startTime":13240.0,"endTime":13248.0,"start":9.581015,"end":9.375},{"startTime":13248.0,"endTime":13256.0,"start":9.375,"end":9.1097355},{"startTime":13256.0,"endTime":13264.0,"start":9.1097355,"end":8.77859},{"startTime":13264.0,"endTime":13272.0,"start":8.77859,"end":8.374275},{"startTime":13272.0,"endTime":13280.0,"start":8.374275,"end":7.8895},{"startTime":13280.0,"endTime":13288.0,"start":7.8895,"end":7.316975},{"startTime":13288.0,"endTime":13296.0,"start":7.316975,"end":6.6494102},{"startTime":13296.0,"endTime":13304.0,"start":6.6494102,"end":5.879515},{"startTime":13304.0,"endTime":13312.0,"start":5.879515,"end":5.0},{"startTime":13312.0,"endTime":13320.0,"start":5.0,"end":4.1204853},{"startTime":13320.0,"endTime":13328.0,"start":4.1204853,"end":3.3505905},{"startTime":13328.0,"endTime":13336.0,"start":3.3505905,"end":2.683025},{"startTime":13336.0,"endTime":13344.0,"start":2.683025,"end":2.1105003},{"startTime":13344.0,"endTime":13352.0,"start":2.1105003,"end":1.625725},{"startTime":13352.0,"endTime":13360.0,"start":1.625725,"end":1.22141},{"startTime":13360.0,"endTime":13368.0,"start":1.22141,"end":0.8902651},{"startTime":13368.0,"endTime":13376.0,"start":0.8902651,"end":0.625},{"startTime":13376.0,"endTime":13384.0,"start":0.625,"end":0.4189849},{"startTime":13384.0,"endTime":13392.0,"start":0.4189849,"end":0.2640903},{"startTime":13392.0,"endTime":13400.0,"start":0.2640903,"end":0.1530248},{"startTime":13400.0,"endTime":13408.0,"start":0.1530248,"end":0.07849991},{"startTime":13408.0,"endTime":13416.0,"start":0.07849991,"end":0.03322482},{"startTime":13416.0,"endTime":13424.0,"start":0.03322482,"end":0.009909868},{"startTime":13424.0,"endTime":13432.0,"start":0.009909868,"end":0.0012648106},{"startTime":13432.0,"endTime":13440.0,"start":0.0012648106,"end":0.0},{"startTime":13440.0,"endTime":1000000000.0,"start":0.0,"end":0.0}],"judgeLineDisappearEvents":[{"startTime":-999999.0,"endTime":1000000000.0,"start":1.0,"end":1.0}]}]}