{"formatVersion":3,"offset":0.0,"judgeLineList":[{"bpm":150.0,"notesAbove":[{"type":3,"time":128,"positionX":0.0,"holdTime":128.0,"speed":1.4,"floorPosition":2.24},{"type":3,"time":384,"positionX":3.0,"holdTime":128.0,"speed":1.4,"floorPosition":6.72},{"type":3,"time":640,"positionX":-3.0,"holdTime":128.0,"speed":1.4,"floorPosition":11.2},{"type":3,"time":896,"positionX":0.0,"holdTime":128.0,"speed":1.4,"floorPosition":15.679999},{"type":1,"time":1152,"positionX":0.0,"holdTime":0.0,"speed":1.0,"floorPosition":20.16},{"type":1,"time":1216,"positionX":3.0,"holdTime":0.0,"speed":1.0,"floorPosition":21.279999},{"type":1,"time":1280,"positionX":-3.0,"holdTime":0.0,"speed":1.0,"floorPosition":22.4},{"type":1,"time":1344,"positionX":3.0,"holdTime":0.0,"speed":1.0,"floorPosition":23.52},{"type":1,"time":1408,"positionX":0.0,"holdTime":0.0,"speed":1.0,"floorPosition":24.64},{"type":1,"time":1472,"positionX":3.0,"holdTime":0.0,"speed":1.0,"floorPosition":25.76},{"type":1,"time":1536,"positionX":-3.0,"holdTime":0.0,"speed":1.0,"floorPosition":26.88},{"type":1,"time":1600,"positionX":3.0,"holdTime":0.0,"speed":1.0,"floorPosition":28.0},{"type":3,"time":1664,"positionX":0.0,"holdTime":224.0,"speed":1.4,"floorPosition":29.119999},{"type":2,"time":1920,"positionX":0.0,"holdTime":0.0,"speed":1.0,"floorPosition":33.6},{"type":2,"time":1936,"positionX":0.0,"holdTime":0.0,"speed":1.0,"floorPosition":33.88},{"type":2,"time":1952,"positionX":0.0,"holdTime":0.0,"speed":1.0,"floorPosition":34.16},{"type":2,"time":1968,"positionX":0.0,"holdTime":0.0,"speed":1.0,"floorPosition":34.44},{"type":2,"time":1984,"positionX":0.0,"holdTime":0.0,"speed":1.0,"floorPosition":34.72},{"type":2,"time":1992,"positionX":0.0,"holdTime":0.0,"speed":1.0,"floorPosition":34.86},{"type":2,"time":2000,"positionX":0.0,"holdTime":0.0,"speed":1.0,"floorPosition":35.0},{"type":2,"time":2008,"positionX":0.0,"holdTime":0.0,"speed":1.0,"floorPosition":35.14},{"type":2,"time":2016,"positionX":0.0,"holdTime":0.0,"speed":1.0,"floorPosition":35.28},{"type":2,"time":2024,"positionX":0.0,"holdTime":0.0,"speed":1.0,"floorPosition":35.42},{"type":2,"time":2032,"positionX":0.0,"holdTime":0.0,"speed":1.0,"floorPosition":35.559998},{"type":2,"time":2040,"positionX":0.0,"holdTime":0.0,"speed":1.0,"floorPosition":35.7},{"type":2,"time":2048,"positionX":0.0,"holdTime":0.0,"speed":1.0,"floorPosition":35.84},{"type":1,"time":2176,"positionX":-3.0,"holdTime":0.0,"speed":1.0,"floorPosition":38.079998},{"type":1,"time":2208,"positionX":0.0,"holdTime":0.0,"speed":1.0,"floorPosition":38.64},{"type":1,"time":2240,"positionX":-3.0,"holdTime":0.0,"speed":1.0,"floorPosition":39.2},{"type":1,"time":2272,"positionX":0.0,"holdTime":0.0,"speed":1.0,"floorPosition":39.76},{"type":1,"time":2304,"positionX":-3.0,"holdTime":0.0,"speed":1.0,"floorPosition":40.32},{"type":1,"time":2336,"positionX":0.0,"holdTime":0.0,"speed":1.0,"floorPosition":40.88},{"type":3,"time":2368,"positionX":-3.0,"holdTime":32.0,"speed":1.4,"floorPosition":41.44},{"type":1,"time":2432,"positionX":3.0,"holdTime":0.0,"speed":1.0,"floorPosition":42.559998},{"type":1,"time":2464,"positionX":0.0,"holdTime":0.0,"speed":1.0,"floorPosition":43.12},{"type":1,"time":2496,"positionX":3.0,"holdTime":0.0,"speed":1.0,"floorPosition":43.68},{"type":1,"time":2528,"positionX":0.0,"holdTime":0.0,"speed":1.0,"floorPosition":44.239998},{"type":1,"time":2560,"positionX":3.0,"holdTime":0.0,"speed":1.0,"floorPosition":44.8},{"type":1,"time":2592,"positionX":0.0,"holdTime":0.0,"speed":1.0,"floorPosition":45.36},{"type":3,"time":2624,"positionX":3.0,"holdTime":32.0,"speed":1.4,"floorPosition":45.92},{"type":1,"time":2688,"positionX":0.0,"holdTime":0.0,"speed":1.0,"floorPosition":47.04},{"type":1,"time":2720,"positionX":-3.0,"holdTime":0.0,"speed":1.0,"floorPosition":47.6},{"type":1,"time":2752,"positionX":0.0,"holdTime":0.0,"speed":1.0,"floorPosition":48.16},{"type":1,"time":2784,"positionX":-3.0,"holdTime":0.0,"speed":1.0,"floorPosition":48.719997},{"type":1,"time":2816,"positionX":0.0,"holdTime":0.0,"speed":1.0,"floorPosition":49.28},{"type":1,"time":2848,"positionX":-3.0,"holdTime":0.0,"speed":1.0,"floorPosition":49.84},{"type":3,"time":2880,"positionX":3.0,"holdTime":32.0,"speed":1.4,"floorPosition":50.399998},{"type":1,"time":2944,"positionX":-3.0,"holdTime":0.0,"speed":1.0,"floorPosition":51.52},{"type":1,"time":2976,"positionX":3.0,"holdTime":0.0,"speed":1.0,"floorPosition":52.079998},{"type":1,"time":3008,"positionX":-3.0,"holdTime":0.0,"speed":1.0,"floorPosition":52.64},{"type":1,"time":3040,"positionX":3.0,"holdTime":0.0,"speed":1.0,"floorPosition":53.2},{"type":1,"time":3200,"positionX":-3.0,"holdTime":0.0,"speed":1.0,"floorPosition":56.0},{"type":1,"time":3200,"positionX":3.0,"holdTime":0.0,"speed":1.0,"floorPosition":56.0},{"type":2,"time":3776,"positionX":-4.0,"holdTime":0.0,"speed":1.0,"floorPosition":66.8},{"type":2,"time":3792,"positionX":-3.0,"holdTime":0.0,"speed":1.0,"floorPosition":67.1},{"type":2,"time":3808,"positionX":-2.0,"holdTime":0.0,"speed":1.0,"floorPosition":67.4},{"type":2,"time":3824,"positionX":-1.0,"holdTime":0.0,"speed":1.0,"floorPosition":67.7},{"type":2,"time":3840,"positionX":0.0,"holdTime":0.0,"speed":1.0,"floorPosition":68.0},{"type":2,"time":3888,"positionX":4.0,"holdTime":0.0,"speed":1.0,"floorPosition":68.9},{"type":2,"time":3920,"positionX":3.0,"holdTime":0.0,"speed":1.0,"floorPosition":69.5},{"type":2,"time":3952,"positionX":2.0,"holdTime":0.0,"speed":1.0,"floorPosition":70.1},{"type":3,"time":3968,"positionX":-2.0,"holdTime":128.0,"speed":1.5,"floorPosition":70.4},{"type":1,"time":4160,"positionX":2.0,"holdTime":0.0,"speed":1.0,"floorPosition":74.0},{"type":1,"time":4160,"positionX":-2.0,"holdTime":0.0,"speed":1.0,"floorPosition":74.0},{"type":3,"time":4224,"positionX":-4.0,"holdTime":64.0,"speed":1.5,"floorPosition":75.2},{"type":3,"time":4288,"positionX":2.0,"holdTime":64.0,"speed":1.5,"floorPosition":76.4},{"type":3,"time":4352,"positionX":-2.0,"holdTime":64.0,"speed":1.5,"floorPosition":77.6},{"type":3,"time":4416,"positionX":4.0,"holdTime":48.0,"speed":1.5,"floorPosition":78.8},{"type":3,"time":4464,"positionX":0.0,"holdTime":144.0,"speed":1.5,"floorPosition":79.7},{"type":1,"time":4672,"positionX":2.0,"holdTime":0.0,"speed":1.0,"floorPosition":83.6},{"type":1,"time":4672,"positionX":-2.0,"holdTime":0.0,"speed":1.0,"floorPosition":83.6},{"type":3,"time":4736,"positionX":-3.0,"holdTime":32.0,"speed":1.5,"floorPosition":84.8},{"type":3,"time":4800,"positionX":0.0,"holdTime":32.0,"speed":1.5,"floorPosition":86.0},{"type":3,"time":4864,"positionX":3.0,"holdTime":32.0,"speed":1.5,"floorPosition":87.2},{"type":1,"time":4928,"positionX":-3.0,"holdTime":0.0,"speed":1.0,"floorPosition":88.4},{"type":1,"time":4960,"positionX":-3.0,"holdTime":0.0,"speed":1.0,"floorPosition":89.0},{"type":3,"time":4992,"positionX":3.0,"holdTime":32.0,"speed":1.5,"floorPosition":89.6},{"type":3,"time":5056,"positionX":0.0,"holdTime":32.0,"speed":1.5,"floorPosition":90.8},{"type":3,"time":5120,"positionX":-3.0,"holdTime":32.0,"speed":1.5,"floorPosition":92.0},{"type":1,"time":5184,"positionX":3.0,"holdTime":0.0,"speed":1.0,"floorPosition":93.2},{"type":1,"time":5216,"positionX":3.0,"holdTime":0.0,"speed":1.0,"floorPosition":93.8},{"type":3,"time":5248,"positionX":0.0,"holdTime":128.0,"speed":1.5,"floorPosition":94.4},{"type":1,"time":5472,"positionX":-2.0,"holdTime":0.0,"speed":1.0,"floorPosition":98.6},{"type":1,"time":5472,"positionX":2.0,"holdTime":0.0,"speed":1.0,"floorPosition":98.6},{"type":3,"time":5504,"positionX":-4.2,"holdTime":32.0,"speed":1.5,"floorPosition":99.2},{"type":3,"time":5568,"positionX":-1.4,"holdTime":32.0,"speed":1.5,"floorPosition":100.4},{"type":3,"time":5632,"positionX":1.4,"holdTime":32.0,"speed":1.5,"floorPosition":101.6},{"type":3,"time":5696,"positionX":4.2,"holdTime":32.0,"speed":1.5,"floorPosition":102.8},{"type":2,"time":5760,"positionX":0.0,"holdTime":0.0,"speed":1.0,"floorPosition":104.0},{"type":2,"time":5792,"positionX":-0.7,"holdTime":0.0,"speed":1.0,"floorPosition":104.6},{"type":2,"time":5824,"positionX":-1.4,"holdTime":0.0,"speed":1.0,"floorPosition":105.2},{"type":2,"time":5856,"positionX":-2.1,"holdTime":0.0,"speed":1.0,"floorPosition":105.8},{"type":2,"time":5888,"positionX":-2.8,"holdTime":0.0,"speed":1.0,"floorPosition":106.4},{"type":2,"time":5920,"positionX":-3.5,"holdTime":0.0,"speed":1.0,"floorPosition":107.0},{"type":2,"time":5952,"positionX":-4.2,"holdTime":0.0,"speed":1.0,"floorPosition":107.6},{"type":2,"time":5984,"positionX":-4.9,"holdTime":0.0,"speed":1.0,"floorPosition":108.2},{"type":3,"time":6016,"positionX":5.9604645e-8,"holdTime":192.0,"speed":1.5,"floorPosition":108.8},{"type":2,"time":6272,"positionX":0.0,"holdTime":0.0,"speed":1.0,"floorPosition":113.6},{"type":2,"time":6304,"positionX":0.7,"holdTime":0.0,"speed":1.0,"floorPosition":114.2},{"type":2,"time":6336,"positionX":1.4,"holdTime":0.0,"speed":1.0,"floorPosition":114.8},{"type":2,"time":6368,"positionX":2.1,"holdTime":0.0,"speed":1.0,"floorPosition":115.4},{"type":2,"time":6400,"positionX":2.8,"holdTime":0.0,"speed":1.0,"floorPosition":116.0},{"type":2,"time":6432,"positionX":3.5,"holdTime":0.0,"speed":1.0,"floorPosition":116.6},{"type":2,"time":6464,"positionX":4.2,"holdTime":0.0,"speed":1.0,"floorPosition":117.2},{"type":2,"time":6496,"positionX":5.0,"holdTime":0.0,"speed":1.0,"floorPosition":117.8},{"type":1,"time":6528,"positionX":-4.0,"holdTime":0.0,"speed":1.0,"floorPosition":118.4},{"type":1,"time":6560,"positionX":2.0,"holdTime":0.0,"speed":1.0,"floorPosition":119.0},{"type":1,"time":6592,"positionX":-4.0,"holdTime":0.0,"speed":1.0,"floorPosition":119.6},{"type":1,"time":6624,"positionX":2.0,"holdTime":0.0,"speed":1.0,"floorPosition":120.2},{"type":1,"time":6656,"positionX":-2.0,"holdTime":0.0,"speed":1.0,"floorPosition":120.8},{"type":1,"time":6688,"positionX":4.0,"holdTime":0.0,"speed":1.0,"floorPosition":121.4},{"type":1,"time":6720,"positionX":-2.0,"holdTime":0.0,"speed":1.0,"floorPosition":122.0},{"type":1,"time":6752,"positionX":4.0,"holdTime":0.0,"speed":1.0,"floorPosition":122.6},{"type":1,"time":6784,"positionX":2.0,"holdTime":0.0,"speed":1.0,"floorPosition":123.2},{"type":1,"time":6784,"positionX":-2.0,"holdTime":0.0,"speed":1.0,"floorPosition":123.2},{"type":1,"time":6848,"positionX":0.0,"holdTime":0.0,"speed":1.0,"floorPosition":124.4},{"type":1,"time":6912,"positionX":0.0,"holdTime":0.0,"speed":1.0,"floorPosition":125.6},{"type":1,"time":7040,"positionX":0.0,"holdTime":0.0,"speed":1.0,"floorPosition":128.0},{"type":1,"time":7104,"positionX":0.0,"holdTime":0.0,"speed":1.0,"floorPosition":129.2},{"type":1,"time":7168,"positionX":0.0,"holdTime":0.0,"speed":1.0,"floorPosition":130.4},{"type":2,"time":7296,"positionX":0.0,"holdTime":0.0,"speed":1.0,"floorPosition":132.8},{"type":2,"time":7328,"positionX":0.0,"holdTime":0.0,"speed":1.0,"floorPosition":133.4},{"type":2,"time":7360,"positionX":0.0,"holdTime":0.0,"speed":1.0,"floorPosition":134.0},{"type":2,"time":7392,"positionX":0.0,"holdTime":0.0,"speed":1.0,"floorPosition":134.6},{"type":2,"time":7424,"positionX":0.0,"holdTime":0.0,"speed":1.0,"floorPosition":135.2},{"type":2,"time":7456,"positionX":0.0,"holdTime":0.0,"speed":1.0,"floorPosition":135.8},{"type":2,"time":7488,"positionX":0.0,"holdTime":0.0,"speed":1.0,"floorPosition":136.4},{"type":2,"time":7520,"positionX":0.0,"holdTime":0.0,"speed":1.0,"floorPosition":137.0},{"type":2,"time":7552,"positionX":0.0,"holdTime":0.0,"speed":1.0,"floorPosition":137.6},{"type":2,"time":7568,"positionX":0.0,"holdTime":0.0,"speed":1.0,"floorPosition":137.9},{"type":2,"time":7584,"positionX":0.0,"holdTime":0.0,"speed":1.0,"floorPosition":138.2},{"type":2,"time":7600,"positionX":0.0,"holdTime":0.0,"speed":1.0,"floorPosition":138.5},{"type":2,"time":7616,"positionX":0.0,"holdTime":0.0,"speed":1.0,"floorPosition":138.8},{"type":2,"time":7624,"positionX":0.0,"holdTime":0.0,"speed":1.0,"floorPosition":138.95},{"type":2,"time":7632,"positionX":0.0,"holdTime":0.0,"speed":1.0,"floorPosition":139.1},{"type":2,"time":7640,"positionX":0.0,"holdTime":0.0,"speed":1.0,"floorPosition":139.25},{"type":2,"time":7648,"positionX":0.0,"holdTime":0.0,"speed":1.0,"floorPosition":139.4},{"type":2,"time":7656,"positionX":0.0,"holdTime":0.0,"speed":1.0,"floorPosition":139.55},{"type":2,"time":7664,"positionX":0.0,"holdTime":0.0,"speed":1.0,"floorPosition":139.7},{"type":2,"time":7672,"positionX":0.0,"holdTime":0.0,"speed":1.0,"floorPosition":139.85},{"type":1,"time":7808,"positionX":-2.0,"holdTime":0.0,"speed":1.0,"floorPosition":142.4},{"type":1,"time":7840,"positionX":2.0,"holdTime":0.0,"speed":1.0,"floorPosition":143.0},{"type":1,"time":7872,"positionX":-2.0,"holdTime":0.0,"speed":1.0,"floorPosition":143.6},{"type":1,"time":7904,"positionX":2.0,"holdTime":0.0,"speed":1.0,"floorPosition":144.2},{"type":1,"time":7936,"positionX":-2.0,"holdTime":0.0,"speed":1.0,"floorPosition":144.8},{"type":1,"time":7968,"positionX":2.0,"holdTime":0.0,"speed":1.0,"floorPosition":145.4},{"type":1,"time":8000,"positionX":-2.0,"holdTime":0.0,"speed":1.0,"floorPosition":146.0},{"type":1,"time":8032,"positionX":2.0,"holdTime":0.0,"speed":1.0,"floorPosition":146.6},{"type":2,"time":8048,"positionX":2.0,"holdTime":0.0,"speed":1.0,"floorPosition":146.9},{"type":2,"time":8064,"positionX":2.0,"holdTime":0.0,"speed":1.0,"floorPosition":147.2},{"type":1,"time":8096,"positionX":-2.0,"holdTime":0.0,"speed":1.0,"floorPosition":147.8},{"type":1,"time":8128,"positionX":2.0,"holdTime":0.0,"speed":1.0,"floorPosition":148.4},{"type":1,"time":8160,"positionX":-2.0,"holdTime":0.0,"speed":1.0,"floorPosition":149.0},{"type":1,"time":8192,"positionX":2.0,"holdTime":0.0,"speed":1.0,"floorPosition":149.6},{"type":1,"time":8224,"positionX":-2.0,"holdTime":0.0,"speed":1.0,"floorPosition":150.2},{"type":2,"time":8240,"positionX":-2.0,"holdTime":0.0,"speed":1.0,"floorPosition":150.5},{"type":2,"time":8256,"positionX":-2.0,"holdTime":0.0,"speed":1.0,"floorPosition":150.8},{"type":1,"time":8320,"positionX":4.0,"holdTime":0.0,"speed":1.0,"floorPosition":152.0},{"type":1,"time":8352,"positionX":4.0,"holdTime":0.0,"speed":1.0,"floorPosition":152.6},{"type":1,"time":8384,"positionX":-4.0,"holdTime":0.0,"speed":1.0,"floorPosition":153.2},{"type":1,"time":8416,"positionX":-4.0,"holdTime":0.0,"speed":1.0,"floorPosition":153.8},{"type":1,"time":8448,"positionX":4.0,"holdTime":0.0,"speed":1.0,"floorPosition":154.4},{"type":1,"time":8480,"positionX":4.0,"holdTime":0.0,"speed":1.0,"floorPosition":155.0},{"type":1,"time":8512,"positionX":-4.0,"holdTime":0.0,"speed":1.0,"floorPosition":155.6},{"type":1,"time":8544,"positionX":-4.0,"holdTime":0.0,"speed":1.0,"floorPosition":156.2},{"type":1,"time":8576,"positionX":0.0,"holdTime":0.0,"speed":1.0,"floorPosition":156.8},{"type":1,"time":8608,"positionX":0.0,"holdTime":0.0,"speed":1.0,"floorPosition":157.4},{"type":2,"time":8624,"positionX":0.0,"holdTime":0.0,"speed":1.0,"floorPosition":157.7},{"type":2,"time":8640,"positionX":0.0,"holdTime":0.0,"speed":1.0,"floorPosition":158.0},{"type":1,"time":8736,"positionX":-2.0,"holdTime":0.0,"speed":1.0,"floorPosition":159.8},{"type":1,"time":8768,"positionX":2.0,"holdTime":0.0,"speed":1.0,"floorPosition":160.4},{"type":1,"time":8800,"positionX":-2.0,"holdTime":0.0,"speed":1.0,"floorPosition":161.0},{"type":1,"time":8800,"positionX":2.0,"holdTime":0.0,"speed":1.0,"floorPosition":161.0},{"type":1,"time":9856,"positionX":-3.0,"holdTime":0.0,"speed":1.0,"floorPosition":180.8},{"type":1,"time":9856,"positionX":3.0,"holdTime":0.0,"speed":1.0,"floorPosition":180.8},{"type":2,"time":8648,"positionX":0.0,"holdTime":0.0,"speed":1.0,"floorPosition":158.15},{"type":2,"time":8664,"positionX":0.0,"holdTime":0.0,"speed":1.0,"floorPosition":158.45},{"type":2,"time":8688,"positionX":0.0,"holdTime":0.0,"speed":1.0,"floorPosition":158.9},{"type":2,"time":8704,"positionX":0.0,"holdTime":0.0,"speed":1.0,"floorPosition":159.2},{"type":3,"time":3072,"positionX":0.0,"holdTime":96.0,"speed":1.4,"floorPosition":53.76}],"notesBelow":[{"type":1,"time":9088,"positionX":0.0,"holdTime":0.0,"speed":1.0,"floorPosition":166.4},{"type":2,"time":9120,"positionX":0.0,"holdTime":0.0,"speed":1.0,"floorPosition":167.0},{"type":2,"time":9136,"positionX":0.0,"holdTime":0.0,"speed":1.0,"floorPosition":167.3},{"type":2,"time":9152,"positionX":0.0,"holdTime":0.0,"speed":1.0,"floorPosition":167.6},{"type":2,"time":9176,"positionX":0.0,"holdTime":0.0,"speed":1.0,"floorPosition":168.05},{"type":2,"time":9200,"positionX":0.0,"holdTime":0.0,"speed":1.0,"floorPosition":168.5},{"type":2,"time":9216,"positionX":0.0,"holdTime":0.0,"speed":1.0,"floorPosition":168.8},{"type":2,"time":9248,"positionX":0.0,"holdTime":0.0,"speed":1.0,"floorPosition":169.4},{"type":2,"time":9264,"positionX":0.0,"holdTime":0.0,"speed":1.0,"floorPosition":169.7},{"type":2,"time":9280,"positionX":0.0,"holdTime":0.0,"speed":1.0,"floorPosition":170.0},{"type":2,"time":9288,"positionX":0.0,"holdTime":0.0,"speed":1.0,"floorPosition":170.15},{"type":2,"time":9304,"positionX":0.0,"holdTime":0.0,"speed":1.0,"floorPosition":170.45},{"type":1,"time":9344,"positionX":-2.0,"holdTime":0.0,"speed":1.0,"floorPosition":171.2},{"type":1,"time":9376,"positionX":-2.0,"holdTime":0.0,"speed":1.0,"floorPosition":171.8},{"type":1,"time":9408,"positionX":-2.0,"holdTime":0.0,"speed":1.0,"floorPosition":172.4},{"type":1,"time":9472,"positionX":2.0,"holdTime":0.0,"speed":1.0,"floorPosition":173.6},{"type":2,"time":9488,"positionX":2.0,"holdTime":0.0,"speed":1.0,"floorPosition":173.9},{"type":2,"time":9504,"positionX":2.0,"holdTime":0.0,"speed":1.0,"floorPosition":174.2},{"type":2,"time":9536,"positionX":0.0,"holdTime":0.0,"speed":1.0,"floorPosition":174.8},{"type":2,"time":9544,"positionX":0.0,"holdTime":0.0,"speed":1.0,"floorPosition":174.95},{"type":2,"time":9560,"positionX":0.0,"holdTime":0.0,"speed":1.0,"floorPosition":175.25},{"type":2,"time":9584,"positionX":0.0,"holdTime":0.0,"speed":1.0,"floorPosition":175.7},{"type":2,"time":9600,"positionX":0.0,"holdTime":0.0,"speed":1.0,"floorPosition":176.0},{"type":2,"time":9624,"positionX":0.0,"holdTime":0.0,"speed":1.0,"floorPosition":176.45},{"type":2,"time":9648,"positionX":0.0,"holdTime":0.0,"speed":1.0,"floorPosition":176.9},{"type":2,"time":9664,"positionX":0.0,"holdTime":0.0,"speed":1.0,"floorPosition":177.2},{"type":2,"time":9672,"positionX":0.0,"holdTime":0.0,"speed":1.0,"floorPosition":177.35},{"type":2,"time":9688,"positionX":0.0,"holdTime":0.0,"speed":1.0,"floorPosition":177.65},{"type":2,"time":9712,"positionX":0.0,"holdTime":0.0,"speed":1.0,"floorPosition":178.1},{"type":2,"time":9728,"positionX":0.0,"holdTime":0.0,"speed":1.0,"floorPosition":178.4}],"speedEvents":[{"startTime":0.0,"endTime":3200.0,"value":1.4},{"startTime":3200.0,"endTime":1000000000.0,"value":1.5}],"judgeLineMoveEvents":[{"startTime":-999999.0,"endTime":128.0,"start":0.5,"end":0.5,"start2":0.5,"end2":0.5},{"startTime":128.0,"endTime":1120.0,"start":0.5,"end":0.5,"start2":0.5,"end2":0.25},{"startTime":1120.0,"endTime":1664.0,"start":0.5,"end":0.5,"start2":0.25,"end2":0.25},{"startTime":1664.0,"endTime":2048.0,"start":0.5,"end":0.5,"start2":0.25,"end2":0.3},{"startTime":2048.0,"endTime":2049.0,"start":0.5,"end":0.5,"start2":0.3,"end2":0.31845376},{"startTime":2049.0,"endTime":2050.0,"start":0.5,"end":0.5,"start2":0.31845376,"end2":0.33632252},{"startTime":2050.0,"endTime":2051.0,"start":0.5,"end":0.5,"start2":0.33632252,"end2":0.35360625},{"startTime":2051.0,"endTime":2052.0,"start":0.5,"end":0.5,"start2":0.35360625,"end2":0.370305},{"startTime":2052.0,"endTime":2053.0,"start":0.5,"end":0.5,"start2":0.370305,"end2":0.38641876},{"startTime":2053.0,"endTime":2054.0,"start":0.5,"end":0.5,"start2":0.38641876,"end2":0.40194753},{"startTime":2054.0,"endTime":2055.0,"start":0.5,"end":0.5,"start2":0.40194753,"end2":0.41689128},{"startTime":2055.0,"endTime":2056.0,"start":0.5,"end":0.5,"start2":0.41689128,"end2":0.43125},{"startTime":2056.0,"endTime":2057.0,"start":0.5,"end":0.5,"start2":0.43125,"end2":0.44501626},{"startTime":2057.0,"endTime":2058.0,"start":0.5,"end":0.5,"start2":0.44501626,"end2":0.45819753},{"startTime":2058.0,"endTime":2059.0,"start":0.5,"end":0.5,"start2":0.45819753,"end2":0.47079378},{"startTime":2059.0,"endTime":2060.0,"start":0.5,"end":0.5,"start2":0.47079378,"end2":0.482805},{"startTime":2060.0,"endTime":2061.0,"start":0.5,"end":0.5,"start2":0.482805,"end2":0.49423128},{"startTime":2061.0,"endTime":2062.0,"start":0.5,"end":0.5,"start2":0.49423128,"end2":0.50507253},{"startTime":2062.0,"endTime":2063.0,"start":0.5,"end":0.5,"start2":0.50507253,"end2":0.51532876},{"startTime":2063.0,"endTime":2064.0,"start":0.5,"end":0.5,"start2":0.51532876,"end2":0.52500004},{"startTime":2064.0,"endTime":2065.0,"start":0.5,"end":0.5,"start2":0.52500004,"end2":0.5340788},{"startTime":2065.0,"endTime":2066.0,"start":0.5,"end":0.5,"start2":0.5340788,"end2":0.54257256},{"startTime":2066.0,"endTime":2067.0,"start":0.5,"end":0.5,"start2":0.54257256,"end2":0.55048126},{"startTime":2067.0,"endTime":2068.0,"start":0.5,"end":0.5,"start2":0.55048126,"end2":0.557805},{"startTime":2068.0,"endTime":2069.0,"start":0.5,"end":0.5,"start2":0.557805,"end2":0.5645438},{"startTime":2069.0,"endTime":2070.0,"start":0.5,"end":0.5,"start2":0.5645438,"end2":0.57069755},{"startTime":2070.0,"endTime":2071.0,"start":0.5,"end":0.5,"start2":0.57069755,"end2":0.5762663},{"startTime":2071.0,"endTime":2072.0,"start":0.5,"end":0.5,"start2":0.5762663,"end2":0.58125},{"startTime":2072.0,"endTime":2073.0,"start":0.5,"end":0.5,"start2":0.58125,"end2":0.58564126},{"startTime":2073.0,"endTime":2074.0,"start":0.5,"end":0.5,"start2":0.58564126,"end2":0.5894475},{"startTime":2074.0,"endTime":2075.0,"start":0.5,"end":0.5,"start2":0.5894475,"end2":0.5926688},{"startTime":2075.0,"endTime":2076.0,"start":0.5,"end":0.5,"start2":0.5926688,"end2":0.595305},{"startTime":2076.0,"endTime":2077.0,"start":0.5,"end":0.5,"start2":0.595305,"end2":0.59735626},{"startTime":2077.0,"endTime":2078.0,"start":0.5,"end":0.5,"start2":0.59735626,"end2":0.59882253},{"startTime":2078.0,"endTime":2079.0,"start":0.5,"end":0.5,"start2":0.59882253,"end2":0.5997038},{"startTime":2079.0,"endTime":2080.0,"start":0.5,"end":0.5,"start2":0.5997038,"end2":0.6},{"startTime":2080.0,"endTime":2081.0,"start":0.5,"end":0.5,"start2":0.6,"end2":0.5818362},{"startTime":2081.0,"endTime":2082.0,"start":0.5,"end":0.5,"start2":0.5818362,"end2":0.56480545},{"startTime":2082.0,"endTime":2083.0,"start":0.5,"end":0.5,"start2":0.56480545,"end2":0.5488714},{"startTime":2083.0,"endTime":2084.0,"start":0.5,"end":0.5,"start2":0.5488714,"end2":0.53399754},{"startTime":2084.0,"endTime":2085.0,"start":0.5,"end":0.5,"start2":0.53399754,"end2":0.5201474},{"startTime":2085.0,"endTime":2086.0,"start":0.5,"end":0.5,"start2":0.5201474,"end2":0.5072846},{"startTime":2086.0,"endTime":2087.0,"start":0.5,"end":0.5,"start2":0.5072846,"end2":0.49537256},{"startTime":2087.0,"endTime":2088.0,"start":0.5,"end":0.5,"start2":0.49537256,"end2":0.484375},{"startTime":2088.0,"endTime":2089.0,"start":0.5,"end":0.5,"start2":0.484375,"end2":0.4742662},{"startTime":2089.0,"endTime":2090.0,"start":0.5,"end":0.5,"start2":0.4742662,"end2":0.46499795},{"startTime":2090.0,"endTime":2091.0,"start":0.5,"end":0.5,"start2":0.46499795,"end2":0.45653388},{"startTime":2091.0,"endTime":2092.0,"start":0.5,"end":0.5,"start2":0.45653388,"end2":0.44883752},{"startTime":2092.0,"endTime":2093.0,"start":0.5,"end":0.5,"start2":0.44883752,"end2":0.4418724},{"startTime":2093.0,"endTime":2094.0,"start":0.5,"end":0.5,"start2":0.4418724,"end2":0.43560207},{"startTime":2094.0,"endTime":2095.0,"start":0.5,"end":0.5,"start2":0.43560207,"end2":0.42999008},{"startTime":2095.0,"endTime":2096.0,"start":0.5,"end":0.5,"start2":0.42999008,"end2":0.425},{"startTime":2096.0,"endTime":2097.0,"start":0.5,"end":0.5,"start2":0.425,"end2":0.42060244},{"startTime":2097.0,"endTime":2098.0,"start":0.5,"end":0.5,"start2":0.42060244,"end2":0.41675296},{"startTime":2098.0,"endTime":2099.0,"start":0.5,"end":0.5,"start2":0.41675296,"end2":0.41341513},{"startTime":2099.0,"endTime":2100.0,"start":0.5,"end":0.5,"start2":0.41341513,"end2":0.4105525},{"startTime":2100.0,"endTime":2101.0,"start":0.5,"end":0.5,"start2":0.4105525,"end2":0.40812865},{"startTime":2101.0,"endTime":2102.0,"start":0.5,"end":0.5,"start2":0.40812865,"end2":0.40610704},{"startTime":2102.0,"endTime":2103.0,"start":0.5,"end":0.5,"start2":0.40610704,"end2":0.40445134},{"startTime":2103.0,"endTime":2104.0,"start":0.5,"end":0.5,"start2":0.40445134,"end2":0.40312502},{"startTime":2104.0,"endTime":2105.0,"start":0.5,"end":0.5,"start2":0.40312502,"end2":0.40209493},{"startTime":2105.0,"endTime":2106.0,"start":0.5,"end":0.5,"start2":0.40209493,"end2":0.40132046},{"startTime":2106.0,"endTime":2107.0,"start":0.5,"end":0.5,"start2":0.40132046,"end2":0.40076512},{"startTime":2107.0,"endTime":2108.0,"start":0.5,"end":0.5,"start2":0.40076512,"end2":0.4003925},{"startTime":2108.0,"endTime":2109.0,"start":0.5,"end":0.5,"start2":0.4003925,"end2":0.40016612},{"startTime":2109.0,"endTime":2110.0,"start":0.5,"end":0.5,"start2":0.40016612,"end2":0.40004957},{"startTime":2110.0,"endTime":2111.0,"start":0.5,"end":0.5,"start2":0.40004957,"end2":0.40000632},{"startTime":2111.0,"endTime":2112.0,"start":0.5,"end":0.5,"start2":0.40000632,"end2":0.4},{"startTime":2112.0,"endTime":2113.0,"start":0.5,"end":0.5,"start2":0.4,"end2":0.38769752},{"startTime":2113.0,"endTime":2114.0,"start":0.5,"end":0.5,"start2":0.38769752,"end2":0.375785},{"startTime":2114.0,"endTime":2115.0,"start":0.5,"end":0.5,"start2":0.375785,"end2":0.3642625},{"startTime":2115.0,"endTime":2116.0,"start":0.5,"end":0.5,"start2":0.3642625,"end2":0.35313},{"startTime":2116.0,"endTime":2117.0,"start":0.5,"end":0.5,"start2":0.35313,"end2":0.3423875},{"startTime":2117.0,"endTime":2118.0,"start":0.5,"end":0.5,"start2":0.3423875,"end2":0.332035},{"startTime":2118.0,"endTime":2119.0,"start":0.5,"end":0.5,"start2":0.332035,"end2":0.3220725},{"startTime":2119.0,"endTime":2120.0,"start":0.5,"end":0.5,"start2":0.3220725,"end2":0.3125},{"startTime":2120.0,"endTime":2121.0,"start":0.5,"end":0.5,"start2":0.3125,"end2":0.3033225},{"startTime":2121.0,"endTime":2122.0,"start":0.5,"end":0.5,"start2":0.3033225,"end2":0.294535},{"startTime":2122.0,"endTime":2123.0,"start":0.5,"end":0.5,"start2":0.294535,"end2":0.2861375},{"startTime":2123.0,"endTime":2124.0,"start":0.5,"end":0.5,"start2":0.2861375,"end2":0.27813002},{"startTime":2124.0,"endTime":2125.0,"start":0.5,"end":0.5,"start2":0.27813002,"end2":0.2705125},{"startTime":2125.0,"endTime":2126.0,"start":0.5,"end":0.5,"start2":0.2705125,"end2":0.263285},{"startTime":2126.0,"endTime":2127.0,"start":0.5,"end":0.5,"start2":0.263285,"end2":0.25644752},{"startTime":2127.0,"endTime":2128.0,"start":0.5,"end":0.5,"start2":0.25644752,"end2":0.25},{"startTime":2128.0,"endTime":2129.0,"start":0.5,"end":0.5,"start2":0.25,"end2":0.2439475},{"startTime":2129.0,"endTime":2130.0,"start":0.5,"end":0.5,"start2":0.2439475,"end2":0.23828499},{"startTime":2130.0,"endTime":2131.0,"start":0.5,"end":0.5,"start2":0.23828499,"end2":0.2330125},{"startTime":2131.0,"endTime":2132.0,"start":0.5,"end":0.5,"start2":0.2330125,"end2":0.22813001},{"startTime":2132.0,"endTime":2133.0,"start":0.5,"end":0.5,"start2":0.22813001,"end2":0.2236375},{"startTime":2133.0,"endTime":2134.0,"start":0.5,"end":0.5,"start2":0.2236375,"end2":0.219535},{"startTime":2134.0,"endTime":2135.0,"start":0.5,"end":0.5,"start2":0.219535,"end2":0.2158225},{"startTime":2135.0,"endTime":2136.0,"start":0.5,"end":0.5,"start2":0.2158225,"end2":0.2125},{"startTime":2136.0,"endTime":2137.0,"start":0.5,"end":0.5,"start2":0.2125,"end2":0.2095725},{"startTime":2137.0,"endTime":2138.0,"start":0.5,"end":0.5,"start2":0.2095725,"end2":0.207035},{"startTime":2138.0,"endTime":2139.0,"start":0.5,"end":0.5,"start2":0.207035,"end2":0.2048875},{"startTime":2139.0,"endTime":2140.0,"start":0.5,"end":0.5,"start2":0.2048875,"end2":0.20313},{"startTime":2140.0,"endTime":2141.0,"start":0.5,"end":0.5,"start2":0.20313,"end2":0.2017625},{"startTime":2141.0,"endTime":2142.0,"start":0.5,"end":0.5,"start2":0.2017625,"end2":0.200785},{"startTime":2142.0,"endTime":2143.0,"start":0.5,"end":0.5,"start2":0.200785,"end2":0.2001975},{"startTime":2143.0,"endTime":2144.0,"start":0.5,"end":0.5,"start2":0.2001975,"end2":0.2},{"startTime":2144.0,"endTime":3200.0,"start":0.5,"end":0.5,"start2":0.2,"end2":0.2},{"startTime":3200.0,"endTime":3201.0,"start":0.5,"end":0.5,"start2":0.2,"end2":0.24920999},{"startTime":3201.0,"endTime":3202.0,"start":0.5,"end":0.5,"start2":0.24920999,"end2":0.29686},{"startTime":3202.0,"endTime":3203.0,"start":0.5,"end":0.5,"start2":0.29686,"end2":0.34295002},{"startTime":3203.0,"endTime":3204.0,"start":0.5,"end":0.5,"start2":0.34295002,"end2":0.38748},{"startTime":3204.0,"endTime":3205.0,"start":0.5,"end":0.5,"start2":0.38748,"end2":0.43045002},{"startTime":3205.0,"endTime":3206.0,"start":0.5,"end":0.5,"start2":0.43045002,"end2":0.47186002},{"startTime":3206.0,"endTime":3207.0,"start":0.5,"end":0.5,"start2":0.47186002,"end2":0.51171005},{"startTime":3207.0,"endTime":3208.0,"start":0.5,"end":0.5,"start2":0.51171005,"end2":0.55},{"startTime":3208.0,"endTime":3209.0,"start":0.5,"end":0.5,"start2":0.55,"end2":0.58671},{"startTime":3209.0,"endTime":3210.0,"start":0.5,"end":0.5,"start2":0.58671,"end2":0.62186},{"startTime":3210.0,"endTime":3211.0,"start":0.5,"end":0.5,"start2":0.62186,"end2":0.65545},{"startTime":3211.0,"endTime":3212.0,"start":0.5,"end":0.5,"start2":0.65545,"end2":0.68748},{"startTime":3212.0,"endTime":3213.0,"start":0.5,"end":0.5,"start2":0.68748,"end2":0.71795},{"startTime":3213.0,"endTime":3214.0,"start":0.5,"end":0.5,"start2":0.71795,"end2":0.74685997},{"startTime":3214.0,"endTime":3215.0,"start":0.5,"end":0.5,"start2":0.74685997,"end2":0.77421},{"startTime":3215.0,"endTime":3216.0,"start":0.5,"end":0.5,"start2":0.77421,"end2":0.8},{"startTime":3216.0,"endTime":3217.0,"start":0.5,"end":0.5,"start2":0.8,"end2":0.82421},{"startTime":3217.0,"endTime":3218.0,"start":0.5,"end":0.5,"start2":0.82421,"end2":0.84686005},{"startTime":3218.0,"endTime":3219.0,"start":0.5,"end":0.5,"start2":0.84686005,"end2":0.86795},{"startTime":3219.0,"endTime":3220.0,"start":0.5,"end":0.5,"start2":0.86795,"end2":0.88747996},{"startTime":3220.0,"endTime":3221.0,"start":0.5,"end":0.5,"start2":0.88747996,"end2":0.90545},{"startTime":3221.0,"endTime":3222.0,"start":0.5,"end":0.5,"start2":0.90545,"end2":0.92186004},{"startTime":3222.0,"endTime":3223.0,"start":0.5,"end":0.5,"start2":0.92186004,"end2":0.93671},{"startTime":3223.0,"endTime":3224.0,"start":0.5,"end":0.5,"start2":0.93671,"end2":0.95},{"startTime":3224.0,"endTime":3225.0,"start":0.5,"end":0.5,"start2":0.95,"end2":0.96171004},{"startTime":3225.0,"endTime":3226.0,"start":0.5,"end":0.5,"start2":0.96171004,"end2":0.97186},{"startTime":3226.0,"endTime":3227.0,"start":0.5,"end":0.5,"start2":0.97186,"end2":0.98045003},{"startTime":3227.0,"endTime":3228.0,"start":0.5,"end":0.5,"start2":0.98045003,"end2":0.98748},{"startTime":3228.0,"endTime":3229.0,"start":0.5,"end":0.5,"start2":0.98748,"end2":0.99295},{"startTime":3229.0,"endTime":3230.0,"start":0.5,"end":0.5,"start2":0.99295,"end2":0.99686},{"startTime":3230.0,"endTime":3231.0,"start":0.5,"end":0.5,"start2":0.99686,"end2":0.99921},{"startTime":3231.0,"endTime":3232.0,"start":0.5,"end":0.5,"start2":0.99921,"end2":1.0},{"startTime":3232.0,"endTime":3240.0,"start":0.5,"end":0.5,"start2":1.0,"end2":0.9999819},{"startTime":3240.0,"endTime":3248.0,"start":0.5,"end":0.5,"start2":0.9999819,"end2":0.9998741},{"startTime":3248.0,"endTime":3256.0,"start":0.5,"end":0.5,"start2":0.9998741,"end2":0.9996},{"startTime":3256.0,"endTime":3264.0,"start":0.5,"end":0.5,"start2":0.9996,"end2":0.99903786},{"startTime":3264.0,"endTime":3272.0,"start":0.5,"end":0.5,"start2":0.99903786,"end2":0.99813014},{"startTime":3272.0,"endTime":3280.0,"start":0.5,"end":0.5,"start2":0.99813014,"end2":0.9968},{"startTime":3280.0,"endTime":3288.0,"start":0.5,"end":0.5,"start2":0.9968,"end2":0.99489385},{"startTime":3288.0,"endTime":3296.0,"start":0.5,"end":0.5,"start2":0.99489385,"end2":0.99238616},{"startTime":3296.0,"endTime":3304.0,"start":0.5,"end":0.5,"start2":0.99238616,"end2":0.9892},{"startTime":3304.0,"endTime":3312.0,"start":0.5,"end":0.5,"start2":0.9892,"end2":0.98514986},{"startTime":3312.0,"endTime":3320.0,"start":0.5,"end":0.5,"start2":0.98514986,"end2":0.98024213},{"startTime":3320.0,"endTime":3328.0,"start":0.5,"end":0.5,"start2":0.98024213,"end2":0.9744},{"startTime":3328.0,"endTime":3336.0,"start":0.5,"end":0.5,"start2":0.9744,"end2":0.96740586},{"startTime":3336.0,"endTime":3344.0,"start":0.5,"end":0.5,"start2":0.96740586,"end2":0.95929813},{"startTime":3344.0,"endTime":3352.0,"start":0.5,"end":0.5,"start2":0.95929813,"end2":0.95},{"startTime":3352.0,"endTime":3360.0,"start":0.5,"end":0.5,"start2":0.95,"end2":0.93926185},{"startTime":3360.0,"endTime":3368.0,"start":0.5,"end":0.5,"start2":0.93926185,"end2":0.9271541},{"startTime":3368.0,"endTime":3376.0,"start":0.5,"end":0.5,"start2":0.9271541,"end2":0.91359997},{"startTime":3376.0,"endTime":3384.0,"start":0.5,"end":0.5,"start2":0.91359997,"end2":0.8983179},{"startTime":3384.0,"endTime":3392.0,"start":0.5,"end":0.5,"start2":0.8983179,"end2":0.8814101},{"startTime":3392.0,"endTime":3400.0,"start":0.5,"end":0.5,"start2":0.8814101,"end2":0.8628},{"startTime":3400.0,"endTime":3408.0,"start":0.5,"end":0.5,"start2":0.8628,"end2":0.8421738},{"startTime":3408.0,"endTime":3416.0,"start":0.5,"end":0.5,"start2":0.8421738,"end2":0.81966615},{"startTime":3416.0,"endTime":3424.0,"start":0.5,"end":0.5,"start2":0.81966615,"end2":0.7952},{"startTime":3424.0,"endTime":3432.0,"start":0.5,"end":0.5,"start2":0.7952,"end2":0.76842993},{"startTime":3432.0,"endTime":3440.0,"start":0.5,"end":0.5,"start2":0.76842993,"end2":0.73952216},{"startTime":3440.0,"endTime":3448.0,"start":0.5,"end":0.5,"start2":0.73952216,"end2":0.7084},{"startTime":3448.0,"endTime":3456.0,"start":0.5,"end":0.5,"start2":0.7084,"end2":0.67468584},{"startTime":3456.0,"endTime":3464.0,"start":0.5,"end":0.5,"start2":0.67468584,"end2":0.6385782},{"startTime":3464.0,"endTime":3472.0,"start":0.5,"end":0.5,"start2":0.6385782,"end2":0.6},{"startTime":3472.0,"endTime":3480.0,"start":0.5,"end":0.5,"start2":0.6,"end2":0.56142193},{"startTime":3480.0,"endTime":3488.0,"start":0.5,"end":0.5,"start2":0.56142193,"end2":0.5253141},{"startTime":3488.0,"endTime":3496.0,"start":0.5,"end":0.5,"start2":0.5253141,"end2":0.49159995},{"startTime":3496.0,"endTime":3504.0,"start":0.5,"end":0.5,"start2":0.49159995,"end2":0.46047783},{"startTime":3504.0,"endTime":3512.0,"start":0.5,"end":0.5,"start2":0.46047783,"end2":0.43157014},{"startTime":3512.0,"endTime":3520.0,"start":0.5,"end":0.5,"start2":0.43157014,"end2":0.4048},{"startTime":3520.0,"endTime":3528.0,"start":0.5,"end":0.5,"start2":0.4048,"end2":0.38033384},{"startTime":3528.0,"endTime":3536.0,"start":0.5,"end":0.5,"start2":0.38033384,"end2":0.35782617},{"startTime":3536.0,"endTime":3544.0,"start":0.5,"end":0.5,"start2":0.35782617,"end2":0.3372},{"startTime":3544.0,"endTime":3552.0,"start":0.5,"end":0.5,"start2":0.3372,"end2":0.31858984},{"startTime":3552.0,"endTime":3560.0,"start":0.5,"end":0.5,"start2":0.31858984,"end2":0.30168208},{"startTime":3560.0,"endTime":3568.0,"start":0.5,"end":0.5,"start2":0.30168208,"end2":0.28640002},{"startTime":3568.0,"endTime":3576.0,"start":0.5,"end":0.5,"start2":0.28640002,"end2":0.2728459},{"startTime":3576.0,"endTime":3584.0,"start":0.5,"end":0.5,"start2":0.2728459,"end2":0.26073813},{"startTime":3584.0,"endTime":3592.0,"start":0.5,"end":0.5,"start2":0.26073813,"end2":0.25},{"startTime":3592.0,"endTime":3600.0,"start":0.5,"end":0.5,"start2":0.25,"end2":0.24070191},{"startTime":3600.0,"endTime":3608.0,"start":0.5,"end":0.5,"start2":0.24070191,"end2":0.23259412},{"startTime":3608.0,"endTime":3616.0,"start":0.5,"end":0.5,"start2":0.23259412,"end2":0.2256},{"startTime":3616.0,"endTime":3624.0,"start":0.5,"end":0.5,"start2":0.2256,"end2":0.2197579},{"startTime":3624.0,"endTime":3632.0,"start":0.5,"end":0.5,"start2":0.2197579,"end2":0.21485014},{"startTime":3632.0,"endTime":3640.0,"start":0.5,"end":0.5,"start2":0.21485014,"end2":0.21079998},{"startTime":3640.0,"endTime":3648.0,"start":0.5,"end":0.5,"start2":0.21079998,"end2":0.20761386},{"startTime":3648.0,"endTime":3656.0,"start":0.5,"end":0.5,"start2":0.20761386,"end2":0.20510612},{"startTime":3656.0,"endTime":3664.0,"start":0.5,"end":0.5,"start2":0.20510612,"end2":0.20320001},{"startTime":3664.0,"endTime":3672.0,"start":0.5,"end":0.5,"start2":0.20320001,"end2":0.20186988},{"startTime":3672.0,"endTime":3680.0,"start":0.5,"end":0.5,"start2":0.20186988,"end2":0.20096211},{"startTime":3680.0,"endTime":3688.0,"start":0.5,"end":0.5,"start2":0.20096211,"end2":0.20039998},{"startTime":3688.0,"endTime":3696.0,"start":0.5,"end":0.5,"start2":0.20039998,"end2":0.20012589},{"startTime":3696.0,"endTime":3704.0,"start":0.5,"end":0.5,"start2":0.20012589,"end2":0.20001812},{"startTime":3704.0,"endTime":3712.0,"start":0.5,"end":0.5,"start2":0.20001812,"end2":0.2},{"startTime":3712.0,"endTime":6784.0,"start":0.5,"end":0.5,"start2":0.2,"end2":0.2},{"startTime":6784.0,"endTime":6785.0,"start":0.5,"end":0.5,"start2":0.2,"end2":0.20460737},{"startTime":6785.0,"endTime":6786.0,"start":0.5,"end":0.5,"start2":0.20460737,"end2":0.20908192},{"startTime":6786.0,"endTime":6787.0,"start":0.5,"end":0.5,"start2":0.20908192,"end2":0.21340747},{"startTime":6787.0,"endTime":6788.0,"start":0.5,"end":0.5,"start2":0.21340747,"end2":0.21759728},{"startTime":6788.0,"endTime":6789.0,"start":0.5,"end":0.5,"start2":0.21759728,"end2":0.22164991},{"startTime":6789.0,"endTime":6790.0,"start":0.5,"end":0.5,"start2":0.22164991,"end2":0.22556432},{"startTime":6790.0,"endTime":6791.0,"start":0.5,"end":0.5,"start2":0.22556432,"end2":0.22935292},{"startTime":6791.0,"endTime":6792.0,"start":0.5,"end":0.5,"start2":0.22935292,"end2":0.23300126},{"startTime":6792.0,"endTime":6793.0,"start":0.5,"end":0.5,"start2":0.23300126,"end2":0.23653147},{"startTime":6793.0,"endTime":6794.0,"start":0.5,"end":0.5,"start2":0.23653147,"end2":0.23992632},{"startTime":6794.0,"endTime":6795.0,"start":0.5,"end":0.5,"start2":0.23992632,"end2":0.24320416},{"startTime":6795.0,"endTime":6796.0,"start":0.5,"end":0.5,"start2":0.24320416,"end2":0.24635772},{"startTime":6796.0,"endTime":6797.0,"start":0.5,"end":0.5,"start2":0.24635772,"end2":0.24939254},{"startTime":6797.0,"endTime":6798.0,"start":0.5,"end":0.5,"start2":0.24939254,"end2":0.25231373},{"startTime":6798.0,"endTime":6799.0,"start":0.5,"end":0.5,"start2":0.25231373,"end2":0.25511482},{"startTime":6799.0,"endTime":6800.0,"start":0.5,"end":0.5,"start2":0.25511482,"end2":0.2578125},{"startTime":6800.0,"endTime":6801.0,"start":0.5,"end":0.5,"start2":0.2578125,"end2":0.26038924},{"startTime":6801.0,"endTime":6802.0,"start":0.5,"end":0.5,"start2":0.26038924,"end2":0.2628669},{"startTime":6802.0,"endTime":6803.0,"start":0.5,"end":0.5,"start2":0.2628669,"end2":0.26523402},{"startTime":6803.0,"endTime":6804.0,"start":0.5,"end":0.5,"start2":0.26523402,"end2":0.26750103},{"startTime":6804.0,"endTime":6805.0,"start":0.5,"end":0.5,"start2":0.26750103,"end2":0.26966742},{"startTime":6805.0,"endTime":6806.0,"start":0.5,"end":0.5,"start2":0.26966742,"end2":0.27173308},{"startTime":6806.0,"endTime":6807.0,"start":0.5,"end":0.5,"start2":0.27173308,"end2":0.2737076},{"startTime":6807.0,"endTime":6808.0,"start":0.5,"end":0.5,"start2":0.2737076,"end2":0.27558127},{"startTime":6808.0,"endTime":6809.0,"start":0.5,"end":0.5,"start2":0.27558127,"end2":0.27737054},{"startTime":6809.0,"endTime":6810.0,"start":0.5,"end":0.5,"start2":0.27737054,"end2":0.27906382},{"startTime":6810.0,"endTime":6811.0,"start":0.5,"end":0.5,"start2":0.27906382,"end2":0.2806748},{"startTime":6811.0,"endTime":6812.0,"start":0.5,"end":0.5,"start2":0.2806748,"end2":0.282199},{"startTime":6812.0,"endTime":6813.0,"start":0.5,"end":0.5,"start2":0.282199,"end2":0.28364098},{"startTime":6813.0,"endTime":6814.0,"start":0.5,"end":0.5,"start2":0.28364098,"end2":0.28500497},{"startTime":6814.0,"endTime":6815.0,"start":0.5,"end":0.5,"start2":0.28500497,"end2":0.28628734},{"startTime":6815.0,"endTime":6816.0,"start":0.5,"end":0.5,"start2":0.28628734,"end2":0.28750002},{"startTime":6816.0,"endTime":6817.0,"start":0.5,"end":0.5,"start2":0.28750002,"end2":0.28863207},{"startTime":6817.0,"endTime":6818.0,"start":0.5,"end":0.5,"start2":0.28863207,"end2":0.2896988},{"startTime":6818.0,"endTime":6819.0,"start":0.5,"end":0.5,"start2":0.2896988,"end2":0.29069343},{"startTime":6819.0,"endTime":6820.0,"start":0.5,"end":0.5,"start2":0.29069343,"end2":0.29162353},{"startTime":6820.0,"endTime":6821.0,"start":0.5,"end":0.5,"start2":0.29162353,"end2":0.29248962},{"startTime":6821.0,"endTime":6822.0,"start":0.5,"end":0.5,"start2":0.29248962,"end2":0.29329246},{"startTime":6822.0,"endTime":6823.0,"start":0.5,"end":0.5,"start2":0.29329246,"end2":0.29403886},{"startTime":6823.0,"endTime":6824.0,"start":0.5,"end":0.5,"start2":0.29403886,"end2":0.29472375},{"startTime":6824.0,"endTime":6825.0,"start":0.5,"end":0.5,"start2":0.29472375,"end2":0.29535803},{"startTime":6825.0,"endTime":6826.0,"start":0.5,"end":0.5,"start2":0.29535803,"end2":0.2959357},{"startTime":6826.0,"endTime":6827.0,"start":0.5,"end":0.5,"start2":0.2959357,"end2":0.29646572},{"startTime":6827.0,"endTime":6828.0,"start":0.5,"end":0.5,"start2":0.29646572,"end2":0.2969465},{"startTime":6828.0,"endTime":6829.0,"start":0.5,"end":0.5,"start2":0.2969465,"end2":0.2973816},{"startTime":6829.0,"endTime":6830.0,"start":0.5,"end":0.5,"start2":0.2973816,"end2":0.29777434},{"startTime":6830.0,"endTime":6831.0,"start":0.5,"end":0.5,"start2":0.29777434,"end2":0.2981239},{"startTime":6831.0,"endTime":6832.0,"start":0.5,"end":0.5,"start2":0.2981239,"end2":0.2984375},{"startTime":6832.0,"endTime":6833.0,"start":0.5,"end":0.5,"start2":0.2984375,"end2":0.29871082},{"startTime":6833.0,"endTime":6834.0,"start":0.5,"end":0.5,"start2":0.29871082,"end2":0.29895255},{"startTime":6834.0,"endTime":6835.0,"start":0.5,"end":0.5,"start2":0.29895255,"end2":0.2991606},{"startTime":6835.0,"endTime":6836.0,"start":0.5,"end":0.5,"start2":0.2991606,"end2":0.29933977},{"startTime":6836.0,"endTime":6837.0,"start":0.5,"end":0.5,"start2":0.29933977,"end2":0.2994915},{"startTime":6837.0,"endTime":6838.0,"start":0.5,"end":0.5,"start2":0.2994915,"end2":0.29961744},{"startTime":6838.0,"endTime":6839.0,"start":0.5,"end":0.5,"start2":0.29961744,"end2":0.29972166},{"startTime":6839.0,"endTime":6840.0,"start":0.5,"end":0.5,"start2":0.29972166,"end2":0.29980376},{"startTime":6840.0,"endTime":6841.0,"start":0.5,"end":0.5,"start2":0.29980376,"end2":0.29986897},{"startTime":6841.0,"endTime":6842.0,"start":0.5,"end":0.5,"start2":0.29986897,"end2":0.29991695},{"startTime":6842.0,"endTime":6843.0,"start":0.5,"end":0.5,"start2":0.29991695,"end2":0.29995197},{"startTime":6843.0,"endTime":6844.0,"start":0.5,"end":0.5,"start2":0.29995197,"end2":0.29997525},{"startTime":6844.0,"endTime":6845.0,"start":0.5,"end":0.5,"start2":0.29997525,"end2":0.29998943},{"startTime":6845.0,"endTime":6846.0,"start":0.5,"end":0.5,"start2":0.29998943,"end2":0.29999685},{"startTime":6846.0,"endTime":6847.0,"start":0.5,"end":0.5,"start2":0.29999685,"end2":0.2999995},{"startTime":6847.0,"endTime":6848.0,"start":0.5,"end":0.5,"start2":0.2999995,"end2":0.3},{"startTime":6848.0,"endTime":7552.0,"start":0.5,"end":0.5,"start2":0.3,"end2":0.3},{"startTime":7552.0,"endTime":7556.0,"start":0.5,"end":0.5,"start2":0.3,"end2":0.30001584},{"startTime":7556.0,"endTime":7560.0,"start":0.5,"end":0.5,"start2":0.30001584,"end2":0.3001239},{"startTime":7560.0,"endTime":7564.0,"start":0.5,"end":0.5,"start2":0.3001239,"end2":0.30041534},{"startTime":7564.0,"endTime":7568.0,"start":0.5,"end":0.5,"start2":0.30041534,"end2":0.30098125},{"startTime":7568.0,"endTime":7572.0,"start":0.5,"end":0.5,"start2":0.30098125,"end2":0.3019128},{"startTime":7572.0,"endTime":7576.0,"start":0.5,"end":0.5,"start2":0.3019128,"end2":0.30330113},{"startTime":7576.0,"endTime":7580.0,"start":0.5,"end":0.5,"start2":0.30330113,"end2":0.30523732},{"startTime":7580.0,"endTime":7584.0,"start":0.5,"end":0.5,"start2":0.30523732,"end2":0.3078125},{"startTime":7584.0,"endTime":7588.0,"start":0.5,"end":0.5,"start2":0.3078125,"end2":0.31112832},{"startTime":7588.0,"endTime":7592.0,"start":0.5,"end":0.5,"start2":0.31112832,"end2":0.31526762},{"startTime":7592.0,"endTime":7596.0,"start":0.5,"end":0.5,"start2":0.31526762,"end2":0.32032156},{"startTime":7596.0,"endTime":7600.0,"start":0.5,"end":0.5,"start2":0.32032156,"end2":0.32638127},{"startTime":7600.0,"endTime":7604.0,"start":0.5,"end":0.5,"start2":0.32638127,"end2":0.33353782},{"startTime":7604.0,"endTime":7608.0,"start":0.5,"end":0.5,"start2":0.33353782,"end2":0.34188238},{"startTime":7608.0,"endTime":7612.0,"start":0.5,"end":0.5,"start2":0.34188238,"end2":0.35150608},{"startTime":7612.0,"endTime":7616.0,"start":0.5,"end":0.5,"start2":0.35150608,"end2":0.3625},{"startTime":7616.0,"endTime":7620.0,"start":0.5,"end":0.5,"start2":0.3625,"end2":0.3749752},{"startTime":7620.0,"endTime":7624.0,"start":0.5,"end":0.5,"start2":0.3749752,"end2":0.38900512},{"startTime":7624.0,"endTime":7628.0,"start":0.5,"end":0.5,"start2":0.38900512,"end2":0.40468094},{"startTime":7628.0,"endTime":7632.0,"start":0.5,"end":0.5,"start2":0.40468094,"end2":0.42209375},{"startTime":7632.0,"endTime":7636.0,"start":0.5,"end":0.5,"start2":0.42209375,"end2":0.44133472},{"startTime":7636.0,"endTime":7640.0,"start":0.5,"end":0.5,"start2":0.44133472,"end2":0.46249488},{"startTime":7640.0,"endTime":7644.0,"start":0.5,"end":0.5,"start2":0.46249488,"end2":0.48566547},{"startTime":7644.0,"endTime":7648.0,"start":0.5,"end":0.5,"start2":0.48566547,"end2":0.5109375},{"startTime":7648.0,"endTime":7652.0,"start":0.5,"end":0.5,"start2":0.5109375,"end2":0.5384314},{"startTime":7652.0,"endTime":7656.0,"start":0.5,"end":0.5,"start2":0.5384314,"end2":0.56821144},{"startTime":7656.0,"endTime":7660.0,"start":0.5,"end":0.5,"start2":0.56821144,"end2":0.60036844},{"startTime":7660.0,"endTime":7664.0,"start":0.5,"end":0.5,"start2":0.60036844,"end2":0.6349938},{"startTime":7664.0,"endTime":7668.0,"start":0.5,"end":0.5,"start2":0.6349938,"end2":0.67217845},{"startTime":7668.0,"endTime":7672.0,"start":0.5,"end":0.5,"start2":0.67217845,"end2":0.7120136},{"startTime":7672.0,"endTime":7676.0,"start":0.5,"end":0.5,"start2":0.7120136,"end2":0.7545905},{"startTime":7676.0,"endTime":7680.0,"start":0.5,"end":0.5,"start2":0.7545905,"end2":0.8},{"startTime":7680.0,"endTime":7681.0,"start":0.5,"end":0.5,"start2":0.8,"end2":0.7876975},{"startTime":7681.0,"endTime":7682.0,"start":0.5,"end":0.5,"start2":0.7876975,"end2":0.775785},{"startTime":7682.0,"endTime":7683.0,"start":0.5,"end":0.5,"start2":0.775785,"end2":0.7642625},{"startTime":7683.0,"endTime":7684.0,"start":0.5,"end":0.5,"start2":0.7642625,"end2":0.75313},{"startTime":7684.0,"endTime":7685.0,"start":0.5,"end":0.5,"start2":0.75313,"end2":0.74238753},{"startTime":7685.0,"endTime":7686.0,"start":0.5,"end":0.5,"start2":0.74238753,"end2":0.732035},{"startTime":7686.0,"endTime":7687.0,"start":0.5,"end":0.5,"start2":0.732035,"end2":0.7220725},{"startTime":7687.0,"endTime":7688.0,"start":0.5,"end":0.5,"start2":0.7220725,"end2":0.71250004},{"startTime":7688.0,"endTime":7689.0,"start":0.5,"end":0.5,"start2":0.71250004,"end2":0.7033225},{"startTime":7689.0,"endTime":7690.0,"start":0.5,"end":0.5,"start2":0.7033225,"end2":0.694535},{"startTime":7690.0,"endTime":7691.0,"start":0.5,"end":0.5,"start2":0.694535,"end2":0.6861375},{"startTime":7691.0,"endTime":7692.0,"start":0.5,"end":0.5,"start2":0.6861375,"end2":0.67813003},{"startTime":7692.0,"endTime":7693.0,"start":0.5,"end":0.5,"start2":0.67813003,"end2":0.6705125},{"startTime":7693.0,"endTime":7694.0,"start":0.5,"end":0.5,"start2":0.6705125,"end2":0.663285},{"startTime":7694.0,"endTime":7695.0,"start":0.5,"end":0.5,"start2":0.663285,"end2":0.6564475},{"startTime":7695.0,"endTime":7696.0,"start":0.5,"end":0.5,"start2":0.6564475,"end2":0.65000004},{"startTime":7696.0,"endTime":7697.0,"start":0.5,"end":0.5,"start2":0.65000004,"end2":0.64394754},{"startTime":7697.0,"endTime":7698.0,"start":0.5,"end":0.5,"start2":0.64394754,"end2":0.63828504},{"startTime":7698.0,"endTime":7699.0,"start":0.5,"end":0.5,"start2":0.63828504,"end2":0.63301253},{"startTime":7699.0,"endTime":7700.0,"start":0.5,"end":0.5,"start2":0.63301253,"end2":0.62813},{"startTime":7700.0,"endTime":7701.0,"start":0.5,"end":0.5,"start2":0.62813,"end2":0.6236375},{"startTime":7701.0,"endTime":7702.0,"start":0.5,"end":0.5,"start2":0.6236375,"end2":0.619535},{"startTime":7702.0,"endTime":7703.0,"start":0.5,"end":0.5,"start2":0.619535,"end2":0.61582255},{"startTime":7703.0,"endTime":7704.0,"start":0.5,"end":0.5,"start2":0.61582255,"end2":0.6125},{"startTime":7704.0,"endTime":7705.0,"start":0.5,"end":0.5,"start2":0.6125,"end2":0.6095725},{"startTime":7705.0,"endTime":7706.0,"start":0.5,"end":0.5,"start2":0.6095725,"end2":0.60703504},{"startTime":7706.0,"endTime":7707.0,"start":0.5,"end":0.5,"start2":0.60703504,"end2":0.60488755},{"startTime":7707.0,"endTime":7708.0,"start":0.5,"end":0.5,"start2":0.60488755,"end2":0.60313004},{"startTime":7708.0,"endTime":7709.0,"start":0.5,"end":0.5,"start2":0.60313004,"end2":0.60176253},{"startTime":7709.0,"endTime":7710.0,"start":0.5,"end":0.5,"start2":0.60176253,"end2":0.600785},{"startTime":7710.0,"endTime":7711.0,"start":0.5,"end":0.5,"start2":0.600785,"end2":0.6001975},{"startTime":7711.0,"endTime":7712.0,"start":0.5,"end":0.5,"start2":0.6001975,"end2":0.6},{"startTime":7712.0,"endTime":7713.0,"start":0.5,"end":0.5,"start2":0.6,"end2":0.5876975},{"startTime":7713.0,"endTime":7714.0,"start":0.5,"end":0.5,"start2":0.5876975,"end2":0.57578504},{"startTime":7714.0,"endTime":7715.0,"start":0.5,"end":0.5,"start2":0.57578504,"end2":0.5642625},{"startTime":7715.0,"endTime":7716.0,"start":0.5,"end":0.5,"start2":0.5642625,"end2":0.55313003},{"startTime":7716.0,"endTime":7717.0,"start":0.5,"end":0.5,"start2":0.55313003,"end2":0.54238755},{"startTime":7717.0,"endTime":7718.0,"start":0.5,"end":0.5,"start2":0.54238755,"end2":0.532035},{"startTime":7718.0,"endTime":7719.0,"start":0.5,"end":0.5,"start2":0.532035,"end2":0.5220725},{"startTime":7719.0,"endTime":7720.0,"start":0.5,"end":0.5,"start2":0.5220725,"end2":0.5125},{"startTime":7720.0,"endTime":7721.0,"start":0.5,"end":0.5,"start2":0.5125,"end2":0.50332254},{"startTime":7721.0,"endTime":7722.0,"start":0.5,"end":0.5,"start2":0.50332254,"end2":0.494535},{"startTime":7722.0,"endTime":7723.0,"start":0.5,"end":0.5,"start2":0.494535,"end2":0.4861375},{"startTime":7723.0,"endTime":7724.0,"start":0.5,"end":0.5,"start2":0.4861375,"end2":0.47813},{"startTime":7724.0,"endTime":7725.0,"start":0.5,"end":0.5,"start2":0.47813,"end2":0.4705125},{"startTime":7725.0,"endTime":7726.0,"start":0.5,"end":0.5,"start2":0.4705125,"end2":0.46328503},{"startTime":7726.0,"endTime":7727.0,"start":0.5,"end":0.5,"start2":0.46328503,"end2":0.4564475},{"startTime":7727.0,"endTime":7728.0,"start":0.5,"end":0.5,"start2":0.4564475,"end2":0.45000002},{"startTime":7728.0,"endTime":7729.0,"start":0.5,"end":0.5,"start2":0.45000002,"end2":0.44394752},{"startTime":7729.0,"endTime":7730.0,"start":0.5,"end":0.5,"start2":0.44394752,"end2":0.438285},{"startTime":7730.0,"endTime":7731.0,"start":0.5,"end":0.5,"start2":0.438285,"end2":0.43301252},{"startTime":7731.0,"endTime":7732.0,"start":0.5,"end":0.5,"start2":0.43301252,"end2":0.42813},{"startTime":7732.0,"endTime":7733.0,"start":0.5,"end":0.5,"start2":0.42813,"end2":0.4236375},{"startTime":7733.0,"endTime":7734.0,"start":0.5,"end":0.5,"start2":0.4236375,"end2":0.419535},{"startTime":7734.0,"endTime":7735.0,"start":0.5,"end":0.5,"start2":0.419535,"end2":0.4158225},{"startTime":7735.0,"endTime":7736.0,"start":0.5,"end":0.5,"start2":0.4158225,"end2":0.4125},{"startTime":7736.0,"endTime":7737.0,"start":0.5,"end":0.5,"start2":0.4125,"end2":0.4095725},{"startTime":7737.0,"endTime":7738.0,"start":0.5,"end":0.5,"start2":0.4095725,"end2":0.40703502},{"startTime":7738.0,"endTime":7739.0,"start":0.5,"end":0.5,"start2":0.40703502,"end2":0.4048875},{"startTime":7739.0,"endTime":7740.0,"start":0.5,"end":0.5,"start2":0.4048875,"end2":0.40313002},{"startTime":7740.0,"endTime":7741.0,"start":0.5,"end":0.5,"start2":0.40313002,"end2":0.40176252},{"startTime":7741.0,"endTime":7742.0,"start":0.5,"end":0.5,"start2":0.40176252,"end2":0.400785},{"startTime":7742.0,"endTime":7743.0,"start":0.5,"end":0.5,"start2":0.400785,"end2":0.4001975},{"startTime":7743.0,"endTime":7744.0,"start":0.5,"end":0.5,"start2":0.4001975,"end2":0.4},{"startTime":7744.0,"endTime":7745.0,"start":0.5,"end":0.5,"start2":0.4,"end2":0.38769752},{"startTime":7745.0,"endTime":7746.0,"start":0.5,"end":0.5,"start2":0.38769752,"end2":0.375785},{"startTime":7746.0,"endTime":7747.0,"start":0.5,"end":0.5,"start2":0.375785,"end2":0.3642625},{"startTime":7747.0,"endTime":7748.0,"start":0.5,"end":0.5,"start2":0.3642625,"end2":0.35313},{"startTime":7748.0,"endTime":7749.0,"start":0.5,"end":0.5,"start2":0.35313,"end2":0.3423875},{"startTime":7749.0,"endTime":7750.0,"start":0.5,"end":0.5,"start2":0.3423875,"end2":0.332035},{"startTime":7750.0,"endTime":7751.0,"start":0.5,"end":0.5,"start2":0.332035,"end2":0.3220725},{"startTime":7751.0,"endTime":7752.0,"start":0.5,"end":0.5,"start2":0.3220725,"end2":0.3125},{"startTime":7752.0,"endTime":7753.0,"start":0.5,"end":0.5,"start2":0.3125,"end2":0.3033225},{"startTime":7753.0,"endTime":7754.0,"start":0.5,"end":0.5,"start2":0.3033225,"end2":0.294535},{"startTime":7754.0,"endTime":7755.0,"start":0.5,"end":0.5,"start2":0.294535,"end2":0.2861375},{"startTime":7755.0,"endTime":7756.0,"start":0.5,"end":0.5,"start2":0.2861375,"end2":0.27813002},{"startTime":7756.0,"endTime":7757.0,"start":0.5,"end":0.5,"start2":0.27813002,"end2":0.2705125},{"startTime":7757.0,"endTime":7758.0,"start":0.5,"end":0.5,"start2":0.2705125,"end2":0.263285},{"startTime":7758.0,"endTime":7759.0,"start":0.5,"end":0.5,"start2":0.263285,"end2":0.25644752},{"startTime":7759.0,"endTime":7760.0,"start":0.5,"end":0.5,"start2":0.25644752,"end2":0.25},{"startTime":7760.0,"endTime":7761.0,"start":0.5,"end":0.5,"start2":0.25,"end2":0.2439475},{"startTime":7761.0,"endTime":7762.0,"start":0.5,"end":0.5,"start2":0.2439475,"end2":0.23828499},{"startTime":7762.0,"endTime":7763.0,"start":0.5,"end":0.5,"start2":0.23828499,"end2":0.2330125},{"startTime":7763.0,"endTime":7764.0,"start":0.5,"end":0.5,"start2":0.2330125,"end2":0.22813001},{"startTime":7764.0,"endTime":7765.0,"start":0.5,"end":0.5,"start2":0.22813001,"end2":0.2236375},{"startTime":7765.0,"endTime":7766.0,"start":0.5,"end":0.5,"start2":0.2236375,"end2":0.219535},{"startTime":7766.0,"endTime":7767.0,"start":0.5,"end":0.5,"start2":0.219535,"end2":0.2158225},{"startTime":7767.0,"endTime":7768.0,"start":0.5,"end":0.5,"start2":0.2158225,"end2":0.2125},{"startTime":7768.0,"endTime":7769.0,"start":0.5,"end":0.5,"start2":0.2125,"end2":0.2095725},{"startTime":7769.0,"endTime":7770.0,"start":0.5,"end":0.5,"start2":0.2095725,"end2":0.207035},{"startTime":7770.0,"endTime":7771.0,"start":0.5,"end":0.5,"start2":0.207035,"end2":0.2048875},{"startTime":7771.0,"endTime":7772.0,"start":0.5,"end":0.5,"start2":0.2048875,"end2":0.20313},{"startTime":7772.0,"endTime":7773.0,"start":0.5,"end":0.5,"start2":0.20313,"end2":0.2017625},{"startTime":7773.0,"endTime":7774.0,"start":0.5,"end":0.5,"start2":0.2017625,"end2":0.200785},{"startTime":7774.0,"endTime":7775.0,"start":0.5,"end":0.5,"start2":0.200785,"end2":0.2001975},{"startTime":7775.0,"endTime":7776.0,"start":0.5,"end":0.5,"start2":0.2001975,"end2":0.2},{"startTime":7776.0,"endTime":8832.0,"start":0.5,"end":0.5,"start2":0.2,"end2":0.2},{"startTime":8832.0,"endTime":8840.0,"start":0.5,"end":0.5,"start2":0.2,"end2":0.20007591},{"startTime":8840.0,"endTime":8848.0,"start":0.5,"end":0.5,"start2":0.20007591,"end2":0.2005946},{"startTime":8848.0,"endTime":8856.0,"start":0.5,"end":0.5,"start2":0.2005946,"end2":0.20199351},{"startTime":8856.0,"endTime":8864.0,"start":0.5,"end":0.5,"start2":0.20199351,"end2":0.20471},{"startTime":8864.0,"endTime":8872.0,"start":0.5,"end":0.5,"start2":0.20471,"end2":0.2091815},{"startTime":8872.0,"endTime":8880.0,"start":0.5,"end":0.5,"start2":0.2091815,"end2":0.2158454},{"startTime":8880.0,"endTime":8888.0,"start":0.5,"end":0.5,"start2":0.2158454,"end2":0.2251391},{"startTime":8888.0,"endTime":8896.0,"start":0.5,"end":0.5,"start2":0.2251391,"end2":0.2375},{"startTime":8896.0,"endTime":8904.0,"start":0.5,"end":0.5,"start2":0.2375,"end2":0.2534159},{"startTime":8904.0,"endTime":8912.0,"start":0.5,"end":0.5,"start2":0.2534159,"end2":0.2732846},{"startTime":8912.0,"endTime":8920.0,"start":0.5,"end":0.5,"start2":0.2732846,"end2":0.2975435},{"startTime":8920.0,"endTime":8928.0,"start":0.5,"end":0.5,"start2":0.2975435,"end2":0.32663},{"startTime":8928.0,"endTime":8936.0,"start":0.5,"end":0.5,"start2":0.32663,"end2":0.3609815},{"startTime":8936.0,"endTime":8944.0,"start":0.5,"end":0.5,"start2":0.3609815,"end2":0.4010354},{"startTime":8944.0,"endTime":8952.0,"start":0.5,"end":0.5,"start2":0.4010354,"end2":0.4472291},{"startTime":8952.0,"endTime":8968.0,"start":0.5,"end":0.5,"start2":0.4472291,"end2":0.5527709},{"startTime":8968.0,"endTime":8976.0,"start":0.5,"end":0.5,"start2":0.5527709,"end2":0.5989646},{"startTime":8976.0,"endTime":8984.0,"start":0.5,"end":0.5,"start2":0.5989646,"end2":0.63901854},{"startTime":8984.0,"endTime":8992.0,"start":0.5,"end":0.5,"start2":0.63901854,"end2":0.67337},{"startTime":8992.0,"endTime":9000.0,"start":0.5,"end":0.5,"start2":0.67337,"end2":0.70245653},{"startTime":9000.0,"endTime":9008.0,"start":0.5,"end":0.5,"start2":0.70245653,"end2":0.7267154},{"startTime":9008.0,"endTime":9016.0,"start":0.5,"end":0.5,"start2":0.7267154,"end2":0.7465841},{"startTime":9016.0,"endTime":9024.0,"start":0.5,"end":0.5,"start2":0.7465841,"end2":0.7625},{"startTime":9024.0,"endTime":9032.0,"start":0.5,"end":0.5,"start2":0.7625,"end2":0.7748609},{"startTime":9032.0,"endTime":9040.0,"start":0.5,"end":0.5,"start2":0.7748609,"end2":0.7841546},{"startTime":9040.0,"endTime":9048.0,"start":0.5,"end":0.5,"start2":0.7841546,"end2":0.7908185},{"startTime":9048.0,"endTime":9056.0,"start":0.5,"end":0.5,"start2":0.7908185,"end2":0.79529},{"startTime":9056.0,"endTime":9064.0,"start":0.5,"end":0.5,"start2":0.79529,"end2":0.79800653},{"startTime":9064.0,"endTime":9072.0,"start":0.5,"end":0.5,"start2":0.79800653,"end2":0.7994054},{"startTime":9072.0,"endTime":9080.0,"start":0.5,"end":0.5,"start2":0.7994054,"end2":0.79992414},{"startTime":9080.0,"endTime":9088.0,"start":0.5,"end":0.5,"start2":0.79992414,"end2":0.8},{"startTime":9088.0,"endTime":9728.0,"start":0.5,"end":0.5,"start2":0.8,"end2":0.8},{"startTime":9728.0,"endTime":9732.0,"start":0.5,"end":0.5,"start2":0.8,"end2":0.7727543},{"startTime":9732.0,"endTime":9736.0,"start":0.5,"end":0.5,"start2":0.7727543,"end2":0.7472082},{"startTime":9736.0,"endTime":9740.0,"start":0.5,"end":0.5,"start2":0.7472082,"end2":0.7233071},{"startTime":9740.0,"endTime":9744.0,"start":0.5,"end":0.5,"start2":0.7233071,"end2":0.7009963},{"startTime":9744.0,"endTime":9748.0,"start":0.5,"end":0.5,"start2":0.7009963,"end2":0.6802211},{"startTime":9748.0,"endTime":9752.0,"start":0.5,"end":0.5,"start2":0.6802211,"end2":0.6609268},{"startTime":9752.0,"endTime":9756.0,"start":0.5,"end":0.5,"start2":0.6609268,"end2":0.64305884},{"startTime":9756.0,"endTime":9760.0,"start":0.5,"end":0.5,"start2":0.64305884,"end2":0.6265625},{"startTime":9760.0,"endTime":9764.0,"start":0.5,"end":0.5,"start2":0.6265625,"end2":0.6113993},{"startTime":9764.0,"endTime":9768.0,"start":0.5,"end":0.5,"start2":0.6113993,"end2":0.5974969},{"startTime":9768.0,"endTime":9772.0,"start":0.5,"end":0.5,"start2":0.5974969,"end2":0.58480084},{"startTime":9772.0,"endTime":9776.0,"start":0.5,"end":0.5,"start2":0.58480084,"end2":0.57325625},{"startTime":9776.0,"endTime":9780.0,"start":0.5,"end":0.5,"start2":0.57325625,"end2":0.5628086},{"startTime":9780.0,"endTime":9784.0,"start":0.5,"end":0.5,"start2":0.5628086,"end2":0.5534031},{"startTime":9784.0,"endTime":9788.0,"start":0.5,"end":0.5,"start2":0.5534031,"end2":0.5449851},{"startTime":9788.0,"endTime":9792.0,"start":0.5,"end":0.5,"start2":0.5449851,"end2":0.5375},{"startTime":9792.0,"endTime":9796.0,"start":0.5,"end":0.5,"start2":0.5375,"end2":0.53090364},{"startTime":9796.0,"endTime":9800.0,"start":0.5,"end":0.5,"start2":0.53090364,"end2":0.52512944},{"startTime":9800.0,"endTime":9804.0,"start":0.5,"end":0.5,"start2":0.52512944,"end2":0.5201227},{"startTime":9804.0,"endTime":9808.0,"start":0.5,"end":0.5,"start2":0.5201227,"end2":0.5158287},{"startTime":9808.0,"endTime":9812.0,"start":0.5,"end":0.5,"start2":0.5158287,"end2":0.51219296},{"startTime":9812.0,"endTime":9816.0,"start":0.5,"end":0.5,"start2":0.51219296,"end2":0.5091606},{"startTime":9816.0,"endTime":9820.0,"start":0.5,"end":0.5,"start2":0.5091606,"end2":0.506677},{"startTime":9820.0,"endTime":9824.0,"start":0.5,"end":0.5,"start2":0.506677,"end2":0.5046875},{"startTime":9824.0,"endTime":9828.0,"start":0.5,"end":0.5,"start2":0.5046875,"end2":0.5031424},{"startTime":9828.0,"endTime":9832.0,"start":0.5,"end":0.5,"start2":0.5031424,"end2":0.50198066},{"startTime":9832.0,"endTime":9836.0,"start":0.5,"end":0.5,"start2":0.50198066,"end2":0.5011477},{"startTime":9836.0,"endTime":9840.0,"start":0.5,"end":0.5,"start2":0.5011477,"end2":0.5005888},{"startTime":9840.0,"endTime":9844.0,"start":0.5,"end":0.5,"start2":0.5005888,"end2":0.5002492},{"startTime":9844.0,"endTime":9848.0,"start":0.5,"end":0.5,"start2":0.5002492,"end2":0.5000743},{"startTime":9848.0,"endTime":9852.0,"start":0.5,"end":0.5,"start2":0.5000743,"end2":0.5000095},{"startTime":9852.0,"endTime":9856.0,"start":0.5,"end":0.5,"start2":0.5000095,"end2":0.5},{"startTime":9856.0,"endTime":1000000000.0,"start":0.5,"end":0.5,"start2":0.5,"end2":0.5}],"judgeLineRotateEvents":[{"startTime":-999999.0,"endTime":8832.0,"start":0.0,"end":0.0},{"startTime":8832.0,"endTime":8840.0,"start":0.0,"end":0.045539998},{"startTime":8840.0,"endTime":8848.0,"start":0.045539998,"end":0.35676},{"startTime":8848.0,"endTime":8856.0,"start":0.35676,"end":1.1961001},{"startTime":8856.0,"endTime":8864.0,"start":1.1961001,"end":2.8259995},{"startTime":8864.0,"endTime":8872.0,"start":2.8259995,"end":5.5088997},{"startTime":8872.0,"endTime":8880.0,"start":5.5088997,"end":9.50724},{"startTime":8880.0,"endTime":8888.0,"start":9.50724,"end":15.08346},{"startTime":8888.0,"endTime":8896.0,"start":15.08346,"end":22.5},{"startTime":8896.0,"endTime":8904.0,"start":22.5,"end":32.049538},{"startTime":8904.0,"endTime":8912.0,"start":32.049538,"end":43.97076},{"startTime":8912.0,"endTime":8920.0,"start":43.97076,"end":58.5261},{"startTime":8920.0,"endTime":8928.0,"start":58.5261,"end":75.978004},{"startTime":8928.0,"endTime":8936.0,"start":75.978004,"end":96.5889},{"startTime":8936.0,"endTime":8944.0,"start":96.5889,"end":120.62124},{"startTime":8944.0,"endTime":8952.0,"start":120.62124,"end":148.33746},{"startTime":8952.0,"endTime":8968.0,"start":148.33746,"end":211.66254},{"startTime":8968.0,"endTime":8976.0,"start":211.66254,"end":239.37874},{"startTime":8976.0,"endTime":8984.0,"start":239.37874,"end":263.4111},{"startTime":8984.0,"endTime":8992.0,"start":263.4111,"end":284.02197},{"startTime":8992.0,"endTime":9000.0,"start":284.02197,"end":301.4739},{"startTime":9000.0,"endTime":9008.0,"start":301.4739,"end":316.02924},{"startTime":9008.0,"endTime":9016.0,"start":316.02924,"end":327.95047},{"startTime":9016.0,"endTime":9024.0,"start":327.95047,"end":337.5},{"startTime":9024.0,"endTime":9032.0,"start":337.5,"end":344.91653},{"startTime":9032.0,"endTime":9040.0,"start":344.91653,"end":350.49274},{"startTime":9040.0,"endTime":9048.0,"start":350.49274,"end":354.49112},{"startTime":9048.0,"endTime":9056.0,"start":354.49112,"end":357.174},{"startTime":9056.0,"endTime":9064.0,"start":357.174,"end":358.8039},{"startTime":9064.0,"endTime":9072.0,"start":358.8039,"end":359.64325},{"startTime":9072.0,"endTime":9080.0,"start":359.64325,"end":359.95447},{"startTime":9080.0,"endTime":9088.0,"start":359.95447,"end":360.0},{"startTime":9088.0,"endTime":1000000000.0,"start":360.0,"end":360.0}],"judgeLineDisappearEvents":[{"startTime":-999999.0,"endTime":9856.0,"start":1.0,"end":1.0},{"startTime":9856.0,"endTime":9857.0,"start":1.0,"end":0.9690188},{"startTime":9857.0,"endTime":9858.0,"start":0.9690188,"end":0.9384875},{"startTime":9858.0,"endTime":9859.0,"start":0.9384875,"end":0.9084687},{"startTime":9859.0,"endTime":9860.0,"start":0.9084687,"end":0.87892497},{"startTime":9860.0,"endTime":9861.0,"start":0.87892497,"end":0.8498688},{"startTime":9861.0,"endTime":9862.0,"start":0.8498688,"end":0.8213125},{"startTime":9862.0,"endTime":9863.0,"start":0.8213125,"end":0.79321873},{"startTime":9863.0,"endTime":9864.0,"start":0.79321873,"end":0.76565003},{"startTime":9864.0,"endTime":9865.0,"start":0.76565003,"end":0.73853123},{"startTime":9865.0,"endTime":9866.0,"start":0.73853123,"end":0.7119375},{"startTime":9866.0,"endTime":9867.0,"start":0.7119375,"end":0.6858063},{"startTime":9867.0,"endTime":9868.0,"start":0.6858063,"end":0.66017497},{"startTime":9868.0,"endTime":9869.0,"start":0.66017497,"end":0.6350313},{"startTime":9869.0,"endTime":9870.0,"start":0.6350313,"end":0.6103624},{"startTime":9870.0,"endTime":9871.0,"start":0.6103624,"end":0.5862062},{"startTime":9871.0,"endTime":9872.0,"start":0.5862062,"end":0.5625},{"startTime":9872.0,"endTime":9873.0,"start":0.5625,"end":0.5393313},{"startTime":9873.0,"endTime":9874.0,"start":0.5393313,"end":0.5166125},{"startTime":9874.0,"endTime":9875.0,"start":0.5166125,"end":0.49440622},{"startTime":9875.0,"endTime":9876.0,"start":0.49440622,"end":0.47267497},{"startTime":9876.0,"endTime":9877.0,"start":0.47267497,"end":0.4514312},{"startTime":9877.0,"endTime":9878.0,"start":0.4514312,"end":0.4306875},{"startTime":9878.0,"endTime":9879.0,"start":0.4306875,"end":0.4104063},{"startTime":9879.0,"endTime":9880.0,"start":0.4104063,"end":0.39065003},{"startTime":9880.0,"endTime":9881.0,"start":0.39065003,"end":0.37134373},{"startTime":9881.0,"endTime":9882.0,"start":0.37134373,"end":0.3525625},{"startTime":9882.0,"endTime":9883.0,"start":0.3525625,"end":0.3342437},{"startTime":9883.0,"endTime":9884.0,"start":0.3342437,"end":0.31642503},{"startTime":9884.0,"endTime":9885.0,"start":0.31642503,"end":0.29909372},{"startTime":9885.0,"endTime":9886.0,"start":0.29909372,"end":0.28223753},{"startTime":9886.0,"endTime":9887.0,"start":0.28223753,"end":0.26589376},{"startTime":9887.0,"endTime":9888.0,"start":0.26589376,"end":0.25},{"startTime":9888.0,"endTime":9889.0,"start":0.25,"end":0.23464376},{"startTime":9889.0,"endTime":9890.0,"start":0.23464376,"end":0.21973753},{"startTime":9890.0,"endTime":9891.0,"start":0.21973753,"end":0.20534372},{"startTime":9891.0,"endTime":9892.0,"start":0.20534372,"end":0.19142497},{"startTime":9892.0,"endTime":9893.0,"start":0.19142497,"end":0.17799377},{"startTime":9893.0,"endTime":9894.0,"start":0.17799377,"end":0.16506249},{"startTime":9894.0,"endTime":9895.0,"start":0.16506249,"end":0.15259373},{"startTime":9895.0,"endTime":9896.0,"start":0.15259373,"end":0.14065003},{"startTime":9896.0,"endTime":9897.0,"start":0.14065003,"end":0.12915623},{"startTime":9897.0,"endTime":9898.0,"start":0.12915623,"end":0.11818749},{"startTime":9898.0,"endTime":9899.0,"start":0.11818749,"end":0.107681274},{"startTime":9899.0,"endTime":9900.0,"start":0.107681274,"end":0.097674966},{"startTime":9900.0,"endTime":9901.0,"start":0.097674966,"end":0.08815628},{"startTime":9901.0,"endTime":9902.0,"start":0.08815628,"end":0.07911253},{"startTime":9902.0,"endTime":9903.0,"start":0.07911253,"end":0.07058126},{"startTime":9903.0,"endTime":9904.0,"start":0.07058126,"end":0.0625},{"startTime":9904.0,"endTime":9905.0,"start":0.0625,"end":0.054956257},{"startTime":9905.0,"endTime":9906.0,"start":0.054956257,"end":0.04786247},{"startTime":9906.0,"endTime":9907.0,"start":0.04786247,"end":0.041281283},{"startTime":9907.0,"endTime":9908.0,"start":0.041281283,"end":0.035175025},{"startTime":9908.0,"endTime":9909.0,"start":0.035175025,"end":0.029556274},{"startTime":9909.0,"endTime":9910.0,"start":0.029556274,"end":0.024437487},{"startTime":9910.0,"endTime":9911.0,"start":0.024437487,"end":0.019781232},{"startTime":9911.0,"endTime":9912.0,"start":0.019781232,"end":0.015650034},{"startTime":9912.0,"endTime":9913.0,"start":0.015650034,"end":0.011968732},{"startTime":9913.0,"endTime":9914.0,"start":0.011968732,"end":0.008812487},{"startTime":9914.0,"endTime":9915.0,"start":0.008812487,"end":0.006118715},{"startTime":9915.0,"endTime":9916.0,"start":0.006118715,"end":0.003924966},{"startTime":9916.0,"endTime":9917.0,"start":0.003924966,"end":0.002218783},{"startTime":9917.0,"endTime":9918.0,"start":0.002218783,"end":0.0009874701},{"startTime":9918.0,"endTime":9919.0,"start":0.0009874701,"end":0.00026875734},{"startTime":9919.0,"endTime":9920.0,"start":0.00026875734,"end":0.0},{"startTime":9920.0,"endTime":1000000000.0,"start":0.0,"end":0.0}]}]}