{"formatVersion":3,"offset":0.0,"judgeLineList":[{"bpm":155.0,"notesAbove":[{"type":1,"time":128,"positionX":-3.211009,"holdTime":0.0,"speed":1.0,"floorPosition":2.4774194},{"type":1,"time":192,"positionX":-3.253352,"holdTime":0.0,"speed":1.0,"floorPosition":3.716129},{"type":1,"time":320,"positionX":3.126323,"holdTime":0.0,"speed":1.0,"floorPosition":6.1935487},{"type":1,"time":384,"positionX":-1.503176,"holdTime":0.0,"speed":1.0,"floorPosition":7.432258},{"type":1,"time":448,"positionX":-1.630204,"holdTime":0.0,"speed":1.0,"floorPosition":8.670968},{"type":1,"time":576,"positionX":4.594213,"holdTime":0.0,"speed":1.0,"floorPosition":11.148387},{"type":1,"time":640,"positionX":-4.495413,"holdTime":0.0,"speed":1.0,"floorPosition":12.387097},{"type":1,"time":704,"positionX":-4.410727,"holdTime":0.0,"speed":1.0,"floorPosition":13.625807},{"type":1,"time":832,"positionX":1.856033,"holdTime":0.0,"speed":1.0,"floorPosition":16.103226},{"type":1,"time":928,"positionX":4.608327,"holdTime":0.0,"speed":1.0,"floorPosition":17.96129},{"type":1,"time":960,"positionX":-2.872266,"holdTime":0.0,"speed":1.0,"floorPosition":18.580645},{"type":2,"time":971,"positionX":-2.872266,"holdTime":0.0,"speed":1.0,"floorPosition":18.793549},{"type":2,"time":982,"positionX":-2.872266,"holdTime":0.0,"speed":1.0,"floorPosition":19.006453},{"type":2,"time":992,"positionX":-2.872266,"holdTime":0.0,"speed":1.0,"floorPosition":19.2},{"type":2,"time":1003,"positionX":-2.872266,"holdTime":0.0,"speed":1.0,"floorPosition":19.412903},{"type":2,"time":1014,"positionX":-2.872266,"holdTime":0.0,"speed":1.0,"floorPosition":19.625807},{"type":2,"time":1024,"positionX":-2.844037,"holdTime":0.0,"speed":1.0,"floorPosition":19.819355},{"type":2,"time":1040,"positionX":-2.477064,"holdTime":0.0,"speed":1.0,"floorPosition":20.129032},{"type":2,"time":1056,"positionX":-1.954834,"holdTime":0.0,"speed":1.0,"floorPosition":20.43871},{"type":2,"time":1072,"positionX":-1.418489,"holdTime":0.0,"speed":1.0,"floorPosition":20.748388},{"type":2,"time":1088,"positionX":-0.9244881,"holdTime":0.0,"speed":1.0,"floorPosition":21.058065},{"type":2,"time":1104,"positionX":-0.4446011,"holdTime":0.0,"speed":1.0,"floorPosition":21.367743},{"type":2,"time":1120,"positionX":0.07762909,"holdTime":0.0,"speed":1.0,"floorPosition":21.67742},{"type":2,"time":1136,"positionX":0.628088,"holdTime":0.0,"speed":1.0,"floorPosition":21.987097},{"type":1,"time":1216,"positionX":-2.208892,"holdTime":0.0,"speed":1.0,"floorPosition":23.535484},{"type":1,"time":1344,"positionX":2.604094,"holdTime":0.0,"speed":1.0,"floorPosition":26.012903},{"type":1,"time":1472,"positionX":-3.577982,"holdTime":0.0,"speed":1.0,"floorPosition":28.490322},{"type":1,"time":1600,"positionX":0.00705719,"holdTime":0.0,"speed":1.0,"floorPosition":30.967743},{"type":1,"time":1728,"positionX":5.045872,"holdTime":0.0,"speed":1.0,"floorPosition":33.44516},{"type":1,"time":1856,"positionX":-2.632322,"holdTime":0.0,"speed":1.0,"floorPosition":35.92258},{"type":1,"time":1984,"positionX":2.717009,"holdTime":0.0,"speed":1.0,"floorPosition":38.4},{"type":1,"time":2112,"positionX":-4.495413,"holdTime":0.0,"speed":1.0,"floorPosition":40.87742},{"type":2,"time":2128,"positionX":-4.495413,"holdTime":0.0,"speed":1.0,"floorPosition":41.187096},{"type":2,"time":2136,"positionX":-4.495413,"holdTime":0.0,"speed":1.0,"floorPosition":41.341934},{"type":2,"time":2144,"positionX":-4.495413,"holdTime":0.0,"speed":1.0,"floorPosition":41.496777},{"type":2,"time":2160,"positionX":-4.523642,"holdTime":0.0,"speed":1.0,"floorPosition":41.806454},{"type":2,"time":2176,"positionX":1.856033,"holdTime":0.0,"speed":1.0,"floorPosition":42.11613},{"type":2,"time":2208,"positionX":3.380381,"holdTime":0.0,"speed":1.0,"floorPosition":42.735485},{"type":2,"time":2240,"positionX":2.011292,"holdTime":0.0,"speed":1.0,"floorPosition":43.35484},{"type":2,"time":2272,"positionX":3.465067,"holdTime":0.0,"speed":1.0,"floorPosition":43.974194},{"type":2,"time":2304,"positionX":1.898376,"holdTime":0.0,"speed":1.0,"floorPosition":44.593548},{"type":2,"time":2336,"positionX":3.422725,"holdTime":0.0,"speed":1.0,"floorPosition":45.212902},{"type":2,"time":2368,"positionX":1.573748,"holdTime":0.0,"speed":1.0,"floorPosition":45.83226},{"type":2,"time":2400,"positionX":3.126323,"holdTime":0.0,"speed":1.0,"floorPosition":46.451614},{"type":2,"time":2432,"positionX":-2.646437,"holdTime":0.0,"speed":1.0,"floorPosition":47.07097},{"type":2,"time":2464,"positionX":-4.55187,"holdTime":0.0,"speed":1.0,"floorPosition":47.690323},{"type":2,"time":2496,"positionX":-2.491179,"holdTime":0.0,"speed":1.0,"floorPosition":48.309677},{"type":2,"time":2528,"positionX":-4.396612,"holdTime":0.0,"speed":1.0,"floorPosition":48.92903},{"type":2,"time":2560,"positionX":-2.321806,"holdTime":0.0,"speed":1.0,"floorPosition":49.54839},{"type":2,"time":2592,"positionX":-4.481298,"holdTime":0.0,"speed":1.0,"floorPosition":50.167744},{"type":2,"time":2624,"positionX":-2.095977,"holdTime":0.0,"speed":1.0,"floorPosition":50.787098},{"type":2,"time":2656,"positionX":-4.523642,"holdTime":0.0,"speed":1.0,"floorPosition":51.406452},{"type":2,"time":2688,"positionX":3.719125,"holdTime":0.0,"speed":1.0,"floorPosition":52.025806},{"type":2,"time":2704,"positionX":3.592095,"holdTime":0.0,"speed":1.0,"floorPosition":52.335484},{"type":2,"time":2720,"positionX":3.846153,"holdTime":0.0,"speed":1.0,"floorPosition":52.64516},{"type":2,"time":2736,"positionX":4.241354,"holdTime":0.0,"speed":1.0,"floorPosition":52.954838},{"type":2,"time":2752,"positionX":4.989414,"holdTime":0.0,"speed":1.0,"floorPosition":53.26452},{"type":2,"time":2768,"positionX":5.624559,"holdTime":0.0,"speed":1.0,"floorPosition":53.574196},{"type":2,"time":2784,"positionX":5.525758,"holdTime":0.0,"speed":1.0,"floorPosition":53.883873},{"type":2,"time":2800,"positionX":4.904728,"holdTime":0.0,"speed":1.0,"floorPosition":54.19355},{"type":2,"time":2816,"positionX":3.83204,"holdTime":0.0,"speed":1.0,"floorPosition":54.503227},{"type":2,"time":2832,"positionX":3.60621,"holdTime":0.0,"speed":1.0,"floorPosition":54.812904},{"type":2,"time":2848,"positionX":3.450952,"holdTime":0.0,"speed":1.0,"floorPosition":55.12258},{"type":2,"time":2864,"positionX":3.577982,"holdTime":0.0,"speed":1.0,"floorPosition":55.43226},{"type":2,"time":2880,"positionX":3.951227,"holdTime":0.0,"speed":1.0,"floorPosition":55.741936},{"type":2,"time":2896,"positionX":4.509528,"holdTime":0.0,"speed":1.0,"floorPosition":56.051613},{"type":2,"time":2912,"positionX":5.056065,"holdTime":0.0,"speed":1.0,"floorPosition":56.36129},{"type":2,"time":2928,"positionX":5.342273,"holdTime":0.0,"speed":1.0,"floorPosition":56.670967},{"type":3,"time":2944,"positionX":-2.68878,"holdTime":128.0,"speed":1.6,"floorPosition":56.980644},{"type":4,"time":3168,"positionX":0.00705719,"holdTime":0.0,"speed":1.0,"floorPosition":61.31613},{"type":3,"time":3200,"positionX":-3.366266,"holdTime":32.0,"speed":1.6,"floorPosition":61.935486},{"type":1,"time":3264,"positionX":3.30981,"holdTime":0.0,"speed":1.0,"floorPosition":63.174194},{"type":3,"time":3328,"positionX":-5.328158,"holdTime":32.0,"speed":1.6,"floorPosition":64.4129},{"type":1,"time":3392,"positionX":-0.02117062,"holdTime":0.0,"speed":1.0,"floorPosition":65.65161},{"type":3,"time":3456,"positionX":-2.731122,"holdTime":32.0,"speed":1.6,"floorPosition":66.89032},{"type":1,"time":3520,"positionX":3.959068,"holdTime":0.0,"speed":1.0,"floorPosition":68.129036},{"type":3,"time":3584,"positionX":-4.749471,"holdTime":32.0,"speed":1.6,"floorPosition":69.367744},{"type":1,"time":3648,"positionX":-0.04939938,"holdTime":0.0,"speed":1.0,"floorPosition":70.60645},{"type":3,"time":3712,"positionX":4.763585,"holdTime":32.0,"speed":1.6,"floorPosition":71.84516},{"type":1,"time":3776,"positionX":-0.04939938,"holdTime":0.0,"speed":1.0,"floorPosition":73.08387},{"type":3,"time":3840,"positionX":2.900495,"holdTime":32.0,"speed":1.6,"floorPosition":74.32258},{"type":1,"time":3904,"positionX":-4.368383,"holdTime":0.0,"speed":1.0,"floorPosition":75.561295},{"type":3,"time":3968,"positionX":5.130558,"holdTime":32.0,"speed":1.6,"floorPosition":76.8},{"type":1,"time":4032,"positionX":-0.035285,"holdTime":0.0,"speed":1.0,"floorPosition":78.03871},{"type":2,"time":4128,"positionX":-0.035285,"holdTime":0.0,"speed":1.0,"floorPosition":79.896774},{"type":2,"time":4160,"positionX":-0.09174252,"holdTime":0.0,"speed":1.0,"floorPosition":80.51613},{"type":1,"time":5312,"positionX":-4.820042,"holdTime":0.0,"speed":1.0,"floorPosition":102.812904},{"type":1,"time":5440,"positionX":-4.763585,"holdTime":0.0,"speed":1.0,"floorPosition":105.29032},{"type":1,"time":5568,"positionX":-4.777699,"holdTime":0.0,"speed":1.0,"floorPosition":107.767746},{"type":1,"time":5696,"positionX":-4.777699,"holdTime":0.0,"speed":1.0,"floorPosition":110.24516},{"type":1,"time":5824,"positionX":-4.820042,"holdTime":0.0,"speed":1.0,"floorPosition":112.72258},{"type":1,"time":5952,"positionX":-4.932957,"holdTime":0.0,"speed":1.0,"floorPosition":115.200005},{"type":1,"time":6080,"positionX":-4.947071,"holdTime":0.0,"speed":1.0,"floorPosition":117.67742},{"type":2,"time":6176,"positionX":-4.918842,"holdTime":0.0,"speed":1.0,"floorPosition":119.535484},{"type":2,"time":6208,"positionX":-4.904728,"holdTime":0.0,"speed":1.0,"floorPosition":120.15484},{"type":2,"time":6240,"positionX":-4.876499,"holdTime":0.0,"speed":1.0,"floorPosition":120.77419},{"type":1,"time":6272,"positionX":-0.007056236,"holdTime":0.0,"speed":1.0,"floorPosition":121.39355},{"type":1,"time":7360,"positionX":-0.02117062,"holdTime":0.0,"speed":1.0,"floorPosition":142.45161},{"type":1,"time":7488,"positionX":-0.02117062,"holdTime":0.0,"speed":1.0,"floorPosition":144.92903},{"type":1,"time":7616,"positionX":-0.02117062,"holdTime":0.0,"speed":1.0,"floorPosition":147.40645},{"type":1,"time":7744,"positionX":-0.02117062,"holdTime":0.0,"speed":1.0,"floorPosition":149.88388},{"type":1,"time":7872,"positionX":-0.02117062,"holdTime":0.0,"speed":1.0,"floorPosition":152.3613},{"type":1,"time":8000,"positionX":-0.02117062,"holdTime":0.0,"speed":1.0,"floorPosition":154.83871},{"type":1,"time":8128,"positionX":-0.02117062,"holdTime":0.0,"speed":1.0,"floorPosition":157.31613},{"type":1,"time":8256,"positionX":-0.02117062,"holdTime":0.0,"speed":1.0,"floorPosition":159.79355},{"type":1,"time":8384,"positionX":-2.604094,"holdTime":0.0,"speed":1.0,"floorPosition":162.27097},{"type":1,"time":8512,"positionX":4.382498,"holdTime":0.0,"speed":1.0,"floorPosition":164.74838},{"type":1,"time":8640,"positionX":-4.043755,"holdTime":0.0,"speed":1.0,"floorPosition":167.22581},{"type":1,"time":8768,"positionX":4.043755,"holdTime":0.0,"speed":1.0,"floorPosition":169.70323},{"type":1,"time":8896,"positionX":-4.523642,"holdTime":0.0,"speed":1.0,"floorPosition":172.18065},{"type":1,"time":9024,"positionX":4.114326,"holdTime":0.0,"speed":1.0,"floorPosition":174.65807},{"type":1,"time":9152,"positionX":-3.874382,"holdTime":0.0,"speed":1.0,"floorPosition":177.13548},{"type":1,"time":9280,"positionX":4.340155,"holdTime":0.0,"speed":1.0,"floorPosition":179.6129},{"type":2,"time":9296,"positionX":4.311926,"holdTime":0.0,"speed":1.0,"floorPosition":179.92258},{"type":2,"time":9304,"positionX":4.311926,"holdTime":0.0,"speed":1.0,"floorPosition":180.07742},{"type":2,"time":9312,"positionX":4.311926,"holdTime":0.0,"speed":1.0,"floorPosition":180.23225},{"type":2,"time":9328,"positionX":4.326041,"holdTime":0.0,"speed":1.0,"floorPosition":180.54193},{"type":2,"time":9344,"positionX":-4.55187,"holdTime":0.0,"speed":1.0,"floorPosition":180.85161},{"type":2,"time":9376,"positionX":-2.858151,"holdTime":0.0,"speed":1.0,"floorPosition":181.47098},{"type":2,"time":9408,"positionX":-4.678899,"holdTime":0.0,"speed":1.0,"floorPosition":182.09033},{"type":2,"time":9440,"positionX":-3.239238,"holdTime":0.0,"speed":1.0,"floorPosition":182.70969},{"type":2,"time":9472,"positionX":-4.763585,"holdTime":0.0,"speed":1.0,"floorPosition":183.32904},{"type":2,"time":9504,"positionX":-2.87118,"holdTime":0.0,"speed":1.0,"floorPosition":183.9484},{"type":2,"time":9536,"positionX":-4.820042,"holdTime":0.0,"speed":1.0,"floorPosition":184.56775},{"type":2,"time":9568,"positionX":-2.956951,"holdTime":0.0,"speed":1.0,"floorPosition":185.1871},{"type":2,"time":9600,"positionX":5.088214,"holdTime":0.0,"speed":1.0,"floorPosition":185.80646},{"type":2,"time":9632,"positionX":3.577982,"holdTime":0.0,"speed":1.0,"floorPosition":186.42581},{"type":2,"time":9664,"positionX":5.582216,"holdTime":0.0,"speed":1.0,"floorPosition":187.04517},{"type":2,"time":9696,"positionX":3.11315,"holdTime":0.0,"speed":1.0,"floorPosition":187.66452},{"type":2,"time":9728,"positionX":5.751588,"holdTime":0.0,"speed":1.0,"floorPosition":188.28387},{"type":2,"time":9760,"positionX":3.380381,"holdTime":0.0,"speed":1.0,"floorPosition":188.90323},{"type":2,"time":9792,"positionX":5.681015,"holdTime":0.0,"speed":1.0,"floorPosition":189.52258},{"type":2,"time":9824,"positionX":3.338039,"holdTime":0.0,"speed":1.0,"floorPosition":190.14194},{"type":2,"time":9856,"positionX":-3.803811,"holdTime":0.0,"speed":1.0,"floorPosition":190.76129},{"type":2,"time":9872,"positionX":-2.759351,"holdTime":0.0,"speed":1.0,"floorPosition":191.07097},{"type":2,"time":9888,"positionX":-1.997177,"holdTime":0.0,"speed":1.0,"floorPosition":191.38065},{"type":2,"time":9904,"positionX":-1.503176,"holdTime":0.0,"speed":1.0,"floorPosition":191.69032},{"type":2,"time":9920,"positionX":-1.051517,"holdTime":0.0,"speed":1.0,"floorPosition":192.0},{"type":2,"time":9936,"positionX":-0.7315924,"holdTime":0.0,"speed":1.0,"floorPosition":192.30968},{"type":2,"time":9952,"positionX":-0.6197854,"holdTime":0.0,"speed":1.0,"floorPosition":192.61935},{"type":2,"time":9968,"positionX":-0.6139736,"holdTime":0.0,"speed":1.0,"floorPosition":192.92903},{"type":2,"time":9984,"positionX":-0.7833452,"holdTime":0.0,"speed":1.0,"floorPosition":193.23871},{"type":2,"time":10000,"positionX":-1.303222,"holdTime":0.0,"speed":1.0,"floorPosition":193.54839},{"type":2,"time":10016,"positionX":-2.090996,"holdTime":0.0,"speed":1.0,"floorPosition":193.85806},{"type":2,"time":10032,"positionX":-2.491179,"holdTime":0.0,"speed":1.0,"floorPosition":194.16774},{"type":2,"time":10048,"positionX":-3.112209,"holdTime":0.0,"speed":1.0,"floorPosition":194.47742},{"type":2,"time":10064,"positionX":-3.902611,"holdTime":0.0,"speed":1.0,"floorPosition":194.7871},{"type":2,"time":10080,"positionX":-4.509527,"holdTime":0.0,"speed":1.0,"floorPosition":195.09677},{"type":2,"time":10096,"positionX":-5.737473,"holdTime":0.0,"speed":1.0,"floorPosition":195.40645},{"type":3,"time":10112,"positionX":4.199013,"holdTime":128.0,"speed":1.6,"floorPosition":195.71613},{"type":4,"time":10336,"positionX":-0.035285,"holdTime":0.0,"speed":1.0,"floorPosition":200.05162},{"type":1,"time":10368,"positionX":-3.380381,"holdTime":0.0,"speed":1.0,"floorPosition":200.67097},{"type":3,"time":10432,"positionX":3.182781,"holdTime":32.0,"speed":1.6,"floorPosition":201.90968},{"type":1,"time":10496,"positionX":-1.658433,"holdTime":0.0,"speed":1.0,"floorPosition":203.14839},{"type":3,"time":10560,"positionX":6.175017,"holdTime":32.0,"speed":1.6,"floorPosition":204.3871},{"type":1,"time":10624,"positionX":-4.241355,"holdTime":0.0,"speed":1.0,"floorPosition":205.62581},{"type":3,"time":10688,"positionX":2.477064,"holdTime":32.0,"speed":1.6,"floorPosition":206.86452},{"type":1,"time":10752,"positionX":-1.418489,"holdTime":0.0,"speed":1.0,"floorPosition":208.10323},{"type":3,"time":10816,"positionX":5.808046,"holdTime":32.0,"speed":1.6,"floorPosition":209.34193},{"type":1,"time":10880,"positionX":1.827805,"holdTime":0.0,"speed":1.0,"floorPosition":210.58064},{"type":3,"time":10944,"positionX":-5.29993,"holdTime":32.0,"speed":1.6,"floorPosition":211.81935},{"type":1,"time":11008,"positionX":5.582216,"holdTime":0.0,"speed":1.0,"floorPosition":213.05807},{"type":3,"time":11072,"positionX":-1.827805,"holdTime":32.0,"speed":1.6,"floorPosition":214.29678},{"type":1,"time":11136,"positionX":1.799576,"holdTime":0.0,"speed":1.0,"floorPosition":215.53549},{"type":3,"time":11200,"positionX":-4.763585,"holdTime":32.0,"speed":1.6,"floorPosition":216.7742},{"type":1,"time":11264,"positionX":5.158787,"holdTime":0.0,"speed":1.0,"floorPosition":218.01291},{"type":2,"time":11296,"positionX":-0.02117062,"holdTime":0.0,"speed":1.0,"floorPosition":218.63226},{"type":2,"time":11328,"positionX":0.04940033,"holdTime":0.0,"speed":1.0,"floorPosition":219.25162},{"type":2,"time":12352,"positionX":0.0,"holdTime":0.0,"speed":1.0,"floorPosition":239.07097},{"type":2,"time":12384,"positionX":0.0,"holdTime":0.0,"speed":1.0,"floorPosition":239.69032},{"type":3,"time":12416,"positionX":-6.0,"holdTime":96.0,"speed":1.6,"floorPosition":240.30968},{"type":3,"time":12544,"positionX":2.0,"holdTime":96.0,"speed":1.6,"floorPosition":242.7871},{"type":3,"time":12672,"positionX":-2.0,"holdTime":96.0,"speed":1.6,"floorPosition":245.26453},{"type":3,"time":12800,"positionX":6.0,"holdTime":96.0,"speed":1.6,"floorPosition":247.74194},{"type":3,"time":12928,"positionX":-2.0,"holdTime":96.0,"speed":1.6,"floorPosition":250.21936},{"type":3,"time":13056,"positionX":2.0,"holdTime":96.0,"speed":1.6,"floorPosition":252.69678},{"type":3,"time":13184,"positionX":-6.0,"holdTime":96.0,"speed":1.6,"floorPosition":255.1742},{"type":3,"time":13312,"positionX":6.0,"holdTime":96.0,"speed":1.6,"floorPosition":257.6516},{"type":4,"time":13952,"positionX":0.02117157,"holdTime":0.0,"speed":1.0,"floorPosition":270.03873},{"type":4,"time":14464,"positionX":0.0,"holdTime":0.0,"speed":1.0,"floorPosition":279.9484}],"notesBelow":[{"type":2,"time":4192,"positionX":0.0,"holdTime":0.0,"speed":1.0,"floorPosition":81.13548},{"type":2,"time":4224,"positionX":6.0,"holdTime":0.0,"speed":1.0,"floorPosition":81.75484},{"type":2,"time":4288,"positionX":0.0,"holdTime":0.0,"speed":1.0,"floorPosition":82.99355},{"type":2,"time":4352,"positionX":2.0,"holdTime":0.0,"speed":1.0,"floorPosition":84.23226},{"type":2,"time":4416,"positionX":-4.0,"holdTime":0.0,"speed":1.0,"floorPosition":85.47097},{"type":2,"time":4480,"positionX":6.0,"holdTime":0.0,"speed":1.0,"floorPosition":86.70968},{"type":2,"time":4544,"positionX":0.0,"holdTime":0.0,"speed":1.0,"floorPosition":87.94839},{"type":2,"time":4608,"positionX":3.0,"holdTime":0.0,"speed":1.0,"floorPosition":89.187096},{"type":2,"time":4672,"positionX":-4.0,"holdTime":0.0,"speed":1.0,"floorPosition":90.425804},{"type":2,"time":4736,"positionX":-2.0,"holdTime":0.0,"speed":1.0,"floorPosition":91.66452},{"type":2,"time":4800,"positionX":3.0,"holdTime":0.0,"speed":1.0,"floorPosition":92.90323},{"type":2,"time":4864,"positionX":-6.0,"holdTime":0.0,"speed":1.0,"floorPosition":94.14194},{"type":2,"time":4928,"positionX":0.0,"holdTime":0.0,"speed":1.0,"floorPosition":95.380646},{"type":2,"time":4992,"positionX":-3.0,"holdTime":0.0,"speed":1.0,"floorPosition":96.619354},{"type":2,"time":5056,"positionX":4.0,"holdTime":0.0,"speed":1.0,"floorPosition":97.85806},{"type":2,"time":5120,"positionX":-0.00705719,"holdTime":0.0,"speed":1.0,"floorPosition":99.09678},{"type":2,"time":5136,"positionX":0.03528595,"holdTime":0.0,"speed":1.0,"floorPosition":99.406456},{"type":2,"time":5152,"positionX":-0.00705719,"holdTime":0.0,"speed":1.0,"floorPosition":99.71613},{"type":2,"time":5168,"positionX":-0.00705719,"holdTime":0.0,"speed":1.0,"floorPosition":100.02581},{"type":2,"time":5184,"positionX":-0.02117157,"holdTime":0.0,"speed":1.0,"floorPosition":100.33549},{"type":2,"time":5200,"positionX":-0.02117157,"holdTime":0.0,"speed":1.0,"floorPosition":100.645164},{"type":2,"time":5216,"positionX":-0.007841323,"holdTime":0.0,"speed":1.0,"floorPosition":100.95484},{"type":2,"time":5232,"positionX":-0.04690956,"holdTime":0.0,"speed":1.0,"floorPosition":101.26452},{"type":2,"time":11360,"positionX":0.0,"holdTime":0.0,"speed":1.0,"floorPosition":219.87097},{"type":2,"time":11392,"positionX":-3.0,"holdTime":0.0,"speed":1.0,"floorPosition":220.49033},{"type":2,"time":11456,"positionX":5.0,"holdTime":0.0,"speed":1.0,"floorPosition":221.72903},{"type":2,"time":11520,"positionX":-6.0,"holdTime":0.0,"speed":1.0,"floorPosition":222.96774},{"type":2,"time":11584,"positionX":3.0,"holdTime":0.0,"speed":1.0,"floorPosition":224.20645},{"type":2,"time":11648,"positionX":-3.0,"holdTime":0.0,"speed":1.0,"floorPosition":225.44516},{"type":2,"time":11712,"positionX":5.0,"holdTime":0.0,"speed":1.0,"floorPosition":226.68387},{"type":2,"time":11776,"positionX":-6.0,"holdTime":0.0,"speed":1.0,"floorPosition":227.92258},{"type":2,"time":11840,"positionX":2.0,"holdTime":0.0,"speed":1.0,"floorPosition":229.1613},{"type":2,"time":11904,"positionX":-2.0,"holdTime":0.0,"speed":1.0,"floorPosition":230.40001},{"type":2,"time":11968,"positionX":5.0,"holdTime":0.0,"speed":1.0,"floorPosition":231.63872},{"type":2,"time":12032,"positionX":-5.0,"holdTime":0.0,"speed":1.0,"floorPosition":232.87743},{"type":2,"time":12096,"positionX":3.0,"holdTime":0.0,"speed":1.0,"floorPosition":234.11613},{"type":2,"time":12160,"positionX":-2.0,"holdTime":0.0,"speed":1.0,"floorPosition":235.35484},{"type":2,"time":12224,"positionX":5.0,"holdTime":0.0,"speed":1.0,"floorPosition":236.59355},{"type":2,"time":12288,"positionX":0.0,"holdTime":0.0,"speed":1.0,"floorPosition":237.83226},{"type":2,"time":12320,"positionX":-0.00705719,"holdTime":0.0,"speed":1.0,"floorPosition":238.45161}],"speedEvents":[{"startTime":0.0,"endTime":1000000000.0,"value":1.6}],"judgeLineMoveEvents":[{"startTime":-999999.0,"endTime":0.0,"start":0.5,"end":0.5,"start2":0.5,"end2":0.5},{"startTime":0.0,"endTime":4.0,"start":0.5,"end":0.5,"start2":0.5,"end2":0.47275427},{"startTime":4.0,"endTime":8.0,"start":0.5,"end":0.5,"start2":0.47275427,"end2":0.44720817},{"startTime":8.0,"endTime":12.0,"start":0.5,"end":0.5,"start2":0.44720817,"end2":0.42330706},{"startTime":12.0,"endTime":16.0,"start":0.5,"end":0.5,"start2":0.42330706,"end2":0.40099624},{"startTime":16.0,"endTime":20.0,"start":0.5,"end":0.5,"start2":0.40099624,"end2":0.38022107},{"startTime":20.0,"endTime":24.0,"start":0.5,"end":0.5,"start2":0.38022107,"end2":0.36092684},{"startTime":24.0,"endTime":28.0,"start":0.5,"end":0.5,"start2":0.36092684,"end2":0.34305882},{"startTime":28.0,"endTime":32.0,"start":0.5,"end":0.5,"start2":0.34305882,"end2":0.3265625},{"startTime":32.0,"endTime":36.0,"start":0.5,"end":0.5,"start2":0.3265625,"end2":0.31139928},{"startTime":36.0,"endTime":40.0,"start":0.5,"end":0.5,"start2":0.31139928,"end2":0.2974969},{"startTime":40.0,"endTime":44.0,"start":0.5,"end":0.5,"start2":0.2974969,"end2":0.2848008},{"startTime":44.0,"endTime":48.0,"start":0.5,"end":0.5,"start2":0.2848008,"end2":0.27325624},{"startTime":48.0,"endTime":52.0,"start":0.5,"end":0.5,"start2":0.27325624,"end2":0.26280856},{"startTime":52.0,"endTime":56.0,"start":0.5,"end":0.5,"start2":0.26280856,"end2":0.2534031},{"startTime":56.0,"endTime":60.0,"start":0.5,"end":0.5,"start2":0.2534031,"end2":0.2449851},{"startTime":60.0,"endTime":64.0,"start":0.5,"end":0.5,"start2":0.2449851,"end2":0.2375},{"startTime":64.0,"endTime":68.0,"start":0.5,"end":0.5,"start2":0.2375,"end2":0.23090364},{"startTime":68.0,"endTime":72.0,"start":0.5,"end":0.5,"start2":0.23090364,"end2":0.22512943},{"startTime":72.0,"endTime":76.0,"start":0.5,"end":0.5,"start2":0.22512943,"end2":0.22012268},{"startTime":76.0,"endTime":80.0,"start":0.5,"end":0.5,"start2":0.22012268,"end2":0.21582876},{"startTime":80.0,"endTime":84.0,"start":0.5,"end":0.5,"start2":0.21582876,"end2":0.21219295},{"startTime":84.0,"endTime":88.0,"start":0.5,"end":0.5,"start2":0.21219295,"end2":0.20916057},{"startTime":88.0,"endTime":92.0,"start":0.5,"end":0.5,"start2":0.20916057,"end2":0.20667699},{"startTime":92.0,"endTime":96.0,"start":0.5,"end":0.5,"start2":0.20667699,"end2":0.2046875},{"startTime":96.0,"endTime":100.0,"start":0.5,"end":0.5,"start2":0.2046875,"end2":0.20314239},{"startTime":100.0,"endTime":104.0,"start":0.5,"end":0.5,"start2":0.20314239,"end2":0.2019807},{"startTime":104.0,"endTime":108.0,"start":0.5,"end":0.5,"start2":0.2019807,"end2":0.20114769},{"startTime":108.0,"endTime":112.0,"start":0.5,"end":0.5,"start2":0.20114769,"end2":0.20058876},{"startTime":112.0,"endTime":116.0,"start":0.5,"end":0.5,"start2":0.20058876,"end2":0.2002492},{"startTime":116.0,"endTime":120.0,"start":0.5,"end":0.5,"start2":0.2002492,"end2":0.20007433},{"startTime":120.0,"endTime":124.0,"start":0.5,"end":0.5,"start2":0.20007433,"end2":0.2000095},{"startTime":124.0,"endTime":128.0,"start":0.5,"end":0.5,"start2":0.2000095,"end2":0.2},{"startTime":128.0,"endTime":4096.0,"start":0.5,"end":0.5,"start2":0.2,"end2":0.2},{"startTime":4096.0,"endTime":4100.0,"start":0.5,"end":0.5,"start2":0.2,"end2":0.25449145},{"startTime":4100.0,"endTime":4104.0,"start":0.5,"end":0.5,"start2":0.25449145,"end2":0.30558366},{"startTime":4104.0,"endTime":4108.0,"start":0.5,"end":0.5,"start2":0.30558366,"end2":0.35338587},{"startTime":4108.0,"endTime":4112.0,"start":0.5,"end":0.5,"start2":0.35338587,"end2":0.3980075},{"startTime":4112.0,"endTime":4116.0,"start":0.5,"end":0.5,"start2":0.3980075,"end2":0.43955788},{"startTime":4116.0,"endTime":4120.0,"start":0.5,"end":0.5,"start2":0.43955788,"end2":0.47814634},{"startTime":4120.0,"endTime":4124.0,"start":0.5,"end":0.5,"start2":0.47814634,"end2":0.51388234},{"startTime":4124.0,"endTime":4128.0,"start":0.5,"end":0.5,"start2":0.51388234,"end2":0.546875},{"startTime":4128.0,"endTime":4132.0,"start":0.5,"end":0.5,"start2":0.546875,"end2":0.5772015},{"startTime":4132.0,"endTime":4136.0,"start":0.5,"end":0.5,"start2":0.5772015,"end2":0.60500616},{"startTime":4136.0,"endTime":4140.0,"start":0.5,"end":0.5,"start2":0.60500616,"end2":0.6303984},{"startTime":4140.0,"endTime":4144.0,"start":0.5,"end":0.5,"start2":0.6303984,"end2":0.6534875},{"startTime":4144.0,"endTime":4148.0,"start":0.5,"end":0.5,"start2":0.6534875,"end2":0.67438287},{"startTime":4148.0,"endTime":4152.0,"start":0.5,"end":0.5,"start2":0.67438287,"end2":0.69319385},{"startTime":4152.0,"endTime":4156.0,"start":0.5,"end":0.5,"start2":0.69319385,"end2":0.71002984},{"startTime":4156.0,"endTime":4160.0,"start":0.5,"end":0.5,"start2":0.71002984,"end2":0.725},{"startTime":4160.0,"endTime":4164.0,"start":0.5,"end":0.5,"start2":0.725,"end2":0.73819274},{"startTime":4164.0,"endTime":4168.0,"start":0.5,"end":0.5,"start2":0.73819274,"end2":0.7497412},{"startTime":4168.0,"endTime":4172.0,"start":0.5,"end":0.5,"start2":0.7497412,"end2":0.75975466},{"startTime":4172.0,"endTime":4176.0,"start":0.5,"end":0.5,"start2":0.75975466,"end2":0.7683425},{"startTime":4176.0,"endTime":4180.0,"start":0.5,"end":0.5,"start2":0.7683425,"end2":0.77561414},{"startTime":4180.0,"endTime":4184.0,"start":0.5,"end":0.5,"start2":0.77561414,"end2":0.78167886},{"startTime":4184.0,"endTime":4188.0,"start":0.5,"end":0.5,"start2":0.78167886,"end2":0.78664607},{"startTime":4188.0,"endTime":4192.0,"start":0.5,"end":0.5,"start2":0.78664607,"end2":0.79062504},{"startTime":4192.0,"endTime":4196.0,"start":0.5,"end":0.5,"start2":0.79062504,"end2":0.79371524},{"startTime":4196.0,"endTime":4200.0,"start":0.5,"end":0.5,"start2":0.79371524,"end2":0.7960386},{"startTime":4200.0,"endTime":4204.0,"start":0.5,"end":0.5,"start2":0.7960386,"end2":0.79770464},{"startTime":4204.0,"endTime":4208.0,"start":0.5,"end":0.5,"start2":0.79770464,"end2":0.79882246},{"startTime":4208.0,"endTime":4212.0,"start":0.5,"end":0.5,"start2":0.79882246,"end2":0.7995016},{"startTime":4212.0,"endTime":4216.0,"start":0.5,"end":0.5,"start2":0.7995016,"end2":0.79985136},{"startTime":4216.0,"endTime":4220.0,"start":0.5,"end":0.5,"start2":0.79985136,"end2":0.799981},{"startTime":4220.0,"endTime":4224.0,"start":0.5,"end":0.5,"start2":0.799981,"end2":0.8},{"startTime":4224.0,"endTime":5120.0,"start":0.5,"end":0.5,"start2":0.79999995,"end2":0.8},{"startTime":5120.0,"endTime":5124.0,"start":0.5,"end":0.5,"start2":0.8,"end2":0.74550855},{"startTime":5124.0,"endTime":5128.0,"start":0.5,"end":0.5,"start2":0.74550855,"end2":0.69441634},{"startTime":5128.0,"endTime":5132.0,"start":0.5,"end":0.5,"start2":0.69441634,"end2":0.64661413},{"startTime":5132.0,"endTime":5136.0,"start":0.5,"end":0.5,"start2":0.64661413,"end2":0.6019925},{"startTime":5136.0,"endTime":5140.0,"start":0.5,"end":0.5,"start2":0.6019925,"end2":0.56044215},{"startTime":5140.0,"endTime":5144.0,"start":0.5,"end":0.5,"start2":0.56044215,"end2":0.5218537},{"startTime":5144.0,"endTime":5148.0,"start":0.5,"end":0.5,"start2":0.5218537,"end2":0.4861177},{"startTime":5148.0,"endTime":5152.0,"start":0.5,"end":0.5,"start2":0.4861177,"end2":0.453125},{"startTime":5152.0,"endTime":5156.0,"start":0.5,"end":0.5,"start2":0.453125,"end2":0.42279854},{"startTime":5156.0,"endTime":5160.0,"start":0.5,"end":0.5,"start2":0.42279854,"end2":0.39499384},{"startTime":5160.0,"endTime":5164.0,"start":0.5,"end":0.5,"start2":0.39499384,"end2":0.36960164},{"startTime":5164.0,"endTime":5168.0,"start":0.5,"end":0.5,"start2":0.36960164,"end2":0.3465125},{"startTime":5168.0,"endTime":5172.0,"start":0.5,"end":0.5,"start2":0.3465125,"end2":0.32561716},{"startTime":5172.0,"endTime":5176.0,"start":0.5,"end":0.5,"start2":0.32561716,"end2":0.30680618},{"startTime":5176.0,"endTime":5180.0,"start":0.5,"end":0.5,"start2":0.30680618,"end2":0.2899702},{"startTime":5180.0,"endTime":5184.0,"start":0.5,"end":0.5,"start2":0.2899702,"end2":0.275},{"startTime":5184.0,"endTime":5188.0,"start":0.5,"end":0.5,"start2":0.275,"end2":0.2618073},{"startTime":5188.0,"endTime":5192.0,"start":0.5,"end":0.5,"start2":0.2618073,"end2":0.25025883},{"startTime":5192.0,"endTime":5196.0,"start":0.5,"end":0.5,"start2":0.25025883,"end2":0.24024537},{"startTime":5196.0,"endTime":5200.0,"start":0.5,"end":0.5,"start2":0.24024537,"end2":0.2316575},{"startTime":5200.0,"endTime":5204.0,"start":0.5,"end":0.5,"start2":0.2316575,"end2":0.2243859},{"startTime":5204.0,"endTime":5208.0,"start":0.5,"end":0.5,"start2":0.2243859,"end2":0.21832113},{"startTime":5208.0,"endTime":5212.0,"start":0.5,"end":0.5,"start2":0.21832113,"end2":0.21335398},{"startTime":5212.0,"endTime":5216.0,"start":0.5,"end":0.5,"start2":0.21335398,"end2":0.20937501},{"startTime":5216.0,"endTime":5220.0,"start":0.5,"end":0.5,"start2":0.20937501,"end2":0.20628478},{"startTime":5220.0,"endTime":5224.0,"start":0.5,"end":0.5,"start2":0.20628478,"end2":0.20396137},{"startTime":5224.0,"endTime":5228.0,"start":0.5,"end":0.5,"start2":0.20396137,"end2":0.20229536},{"startTime":5228.0,"endTime":5232.0,"start":0.5,"end":0.5,"start2":0.20229536,"end2":0.20117752},{"startTime":5232.0,"endTime":5236.0,"start":0.5,"end":0.5,"start2":0.20117752,"end2":0.20049839},{"startTime":5236.0,"endTime":5240.0,"start":0.5,"end":0.5,"start2":0.20049839,"end2":0.20014867},{"startTime":5240.0,"endTime":5244.0,"start":0.5,"end":0.5,"start2":0.20014867,"end2":0.20001899},{"startTime":5244.0,"endTime":5248.0,"start":0.5,"end":0.5,"start2":0.20001899,"end2":0.2},{"startTime":5248.0,"endTime":5760.0,"start":0.5,"end":1.0,"start2":0.19,"end2":0.19999999},{"startTime":5760.0,"endTime":6272.0,"start":1.0,"end":0.5,"start2":0.19999999,"end2":0.19999999},{"startTime":6272.0,"endTime":9344.0,"start":0.5,"end":0.5,"start2":0.19999999,"end2":0.19999999},{"startTime":9344.0,"endTime":10336.0,"start":0.5,"end":0.5,"start2":0.2,"end2":0.19999999},{"startTime":10336.0,"endTime":11264.0,"start":0.5,"end":0.5,"start2":0.19999999,"end2":0.19999999},{"startTime":11264.0,"endTime":11268.0,"start":0.5,"end":0.5,"start2":0.2,"end2":0.25449145},{"startTime":11268.0,"endTime":11272.0,"start":0.5,"end":0.5,"start2":0.25449145,"end2":0.30558366},{"startTime":11272.0,"endTime":11276.0,"start":0.5,"end":0.5,"start2":0.30558366,"end2":0.35338587},{"startTime":11276.0,"endTime":11280.0,"start":0.5,"end":0.5,"start2":0.35338587,"end2":0.3980075},{"startTime":11280.0,"endTime":11284.0,"start":0.5,"end":0.5,"start2":0.3980075,"end2":0.43955788},{"startTime":11284.0,"endTime":11288.0,"start":0.5,"end":0.5,"start2":0.43955788,"end2":0.47814634},{"startTime":11288.0,"endTime":11292.0,"start":0.5,"end":0.5,"start2":0.47814634,"end2":0.51388234},{"startTime":11292.0,"endTime":11296.0,"start":0.5,"end":0.5,"start2":0.51388234,"end2":0.546875},{"startTime":11296.0,"endTime":11300.0,"start":0.5,"end":0.5,"start2":0.546875,"end2":0.5772015},{"startTime":11300.0,"endTime":11304.0,"start":0.5,"end":0.5,"start2":0.5772015,"end2":0.60500616},{"startTime":11304.0,"endTime":11308.0,"start":0.5,"end":0.5,"start2":0.60500616,"end2":0.6303984},{"startTime":11308.0,"endTime":11312.0,"start":0.5,"end":0.5,"start2":0.6303984,"end2":0.6534875},{"startTime":11312.0,"endTime":11316.0,"start":0.5,"end":0.5,"start2":0.6534875,"end2":0.67438287},{"startTime":11316.0,"endTime":11320.0,"start":0.5,"end":0.5,"start2":0.67438287,"end2":0.69319385},{"startTime":11320.0,"endTime":11324.0,"start":0.5,"end":0.5,"start2":0.69319385,"end2":0.71002984},{"startTime":11324.0,"endTime":11328.0,"start":0.5,"end":0.5,"start2":0.71002984,"end2":0.725},{"startTime":11328.0,"endTime":11332.0,"start":0.5,"end":0.5,"start2":0.725,"end2":0.73819274},{"startTime":11332.0,"endTime":11336.0,"start":0.5,"end":0.5,"start2":0.73819274,"end2":0.7497412},{"startTime":11336.0,"endTime":11340.0,"start":0.5,"end":0.5,"start2":0.7497412,"end2":0.75975466},{"startTime":11340.0,"endTime":11344.0,"start":0.5,"end":0.5,"start2":0.75975466,"end2":0.7683425},{"startTime":11344.0,"endTime":11348.0,"start":0.5,"end":0.5,"start2":0.7683425,"end2":0.77561414},{"startTime":11348.0,"endTime":11352.0,"start":0.5,"end":0.5,"start2":0.77561414,"end2":0.78167886},{"startTime":11352.0,"endTime":11356.0,"start":0.5,"end":0.5,"start2":0.78167886,"end2":0.78664607},{"startTime":11356.0,"endTime":11360.0,"start":0.5,"end":0.5,"start2":0.78664607,"end2":0.79062504},{"startTime":11360.0,"endTime":11364.0,"start":0.5,"end":0.5,"start2":0.79062504,"end2":0.79371524},{"startTime":11364.0,"endTime":11368.0,"start":0.5,"end":0.5,"start2":0.79371524,"end2":0.7960386},{"startTime":11368.0,"endTime":11372.0,"start":0.5,"end":0.5,"start2":0.7960386,"end2":0.79770464},{"startTime":11372.0,"endTime":11376.0,"start":0.5,"end":0.5,"start2":0.79770464,"end2":0.79882246},{"startTime":11376.0,"endTime":11380.0,"start":0.5,"end":0.5,"start2":0.79882246,"end2":0.7995016},{"startTime":11380.0,"endTime":11384.0,"start":0.5,"end":0.5,"start2":0.7995016,"end2":0.79985136},{"startTime":11384.0,"endTime":11388.0,"start":0.5,"end":0.5,"start2":0.79985136,"end2":0.799981},{"startTime":11388.0,"endTime":11392.0,"start":0.5,"end":0.5,"start2":0.799981,"end2":0.8},{"startTime":11392.0,"endTime":12288.0,"start":0.5,"end":0.5,"start2":0.79999995,"end2":0.8},{"startTime":12288.0,"endTime":12292.0,"start":0.5,"end":0.5,"start2":0.8,"end2":0.74550855},{"startTime":12292.0,"endTime":12296.0,"start":0.5,"end":0.5,"start2":0.74550855,"end2":0.69441634},{"startTime":12296.0,"endTime":12300.0,"start":0.5,"end":0.5,"start2":0.69441634,"end2":0.64661413},{"startTime":12300.0,"endTime":12304.0,"start":0.5,"end":0.5,"start2":0.64661413,"end2":0.6019925},{"startTime":12304.0,"endTime":12308.0,"start":0.5,"end":0.5,"start2":0.6019925,"end2":0.56044215},{"startTime":12308.0,"endTime":12312.0,"start":0.5,"end":0.5,"start2":0.56044215,"end2":0.5218537},{"startTime":12312.0,"endTime":12316.0,"start":0.5,"end":0.5,"start2":0.5218537,"end2":0.4861177},{"startTime":12316.0,"endTime":12320.0,"start":0.5,"end":0.5,"start2":0.4861177,"end2":0.453125},{"startTime":12320.0,"endTime":12324.0,"start":0.5,"end":0.5,"start2":0.453125,"end2":0.42279854},{"startTime":12324.0,"endTime":12328.0,"start":0.5,"end":0.5,"start2":0.42279854,"end2":0.39499384},{"startTime":12328.0,"endTime":12332.0,"start":0.5,"end":0.5,"start2":0.39499384,"end2":0.36960164},{"startTime":12332.0,"endTime":12336.0,"start":0.5,"end":0.5,"start2":0.36960164,"end2":0.3465125},{"startTime":12336.0,"endTime":12340.0,"start":0.5,"end":0.5,"start2":0.3465125,"end2":0.32561716},{"startTime":12340.0,"endTime":12344.0,"start":0.5,"end":0.5,"start2":0.32561716,"end2":0.30680618},{"startTime":12344.0,"endTime":12348.0,"start":0.5,"end":0.5,"start2":0.30680618,"end2":0.2899702},{"startTime":12348.0,"endTime":12352.0,"start":0.5,"end":0.5,"start2":0.2899702,"end2":0.275},{"startTime":12352.0,"endTime":12356.0,"start":0.5,"end":0.5,"start2":0.275,"end2":0.2618073},{"startTime":12356.0,"endTime":12360.0,"start":0.5,"end":0.5,"start2":0.2618073,"end2":0.25025883},{"startTime":12360.0,"endTime":12364.0,"start":0.5,"end":0.5,"start2":0.25025883,"end2":0.24024537},{"startTime":12364.0,"endTime":12368.0,"start":0.5,"end":0.5,"start2":0.24024537,"end2":0.2316575},{"startTime":12368.0,"endTime":12372.0,"start":0.5,"end":0.5,"start2":0.2316575,"end2":0.2243859},{"startTime":12372.0,"endTime":12376.0,"start":0.5,"end":0.5,"start2":0.2243859,"end2":0.21832113},{"startTime":12376.0,"endTime":12380.0,"start":0.5,"end":0.5,"start2":0.21832113,"end2":0.21335398},{"startTime":12380.0,"endTime":12384.0,"start":0.5,"end":0.5,"start2":0.21335398,"end2":0.20937501},{"startTime":12384.0,"endTime":12388.0,"start":0.5,"end":0.5,"start2":0.20937501,"end2":0.20628478},{"startTime":12388.0,"endTime":12392.0,"start":0.5,"end":0.5,"start2":0.20628478,"end2":0.20396137},{"startTime":12392.0,"endTime":12396.0,"start":0.5,"end":0.5,"start2":0.20396137,"end2":0.20229536},{"startTime":12396.0,"endTime":12400.0,"start":0.5,"end":0.5,"start2":0.20229536,"end2":0.20117752},{"startTime":12400.0,"endTime":12404.0,"start":0.5,"end":0.5,"start2":0.20117752,"end2":0.20049839},{"startTime":12404.0,"endTime":12408.0,"start":0.5,"end":0.5,"start2":0.20049839,"end2":0.20014867},{"startTime":12408.0,"endTime":12412.0,"start":0.5,"end":0.5,"start2":0.20014867,"end2":0.20001899},{"startTime":12412.0,"endTime":12416.0,"start":0.5,"end":0.5,"start2":0.20001899,"end2":0.2},{"startTime":12416.0,"endTime":14464.0,"start":0.5,"end":0.5,"start2":0.2,"end2":0.2},{"startTime":14464.0,"endTime":1000000000.0,"start":0.5,"end":0.5,"start2":0.19999999,"end2":0.19999999}],"judgeLineRotateEvents":[{"startTime":-999999.0,"endTime":6272.0,"start":0.0,"end":0.0},{"startTime":6272.0,"endTime":6288.0,"start":0.0,"end":16.586521},{"startTime":6288.0,"endTime":6304.0,"start":16.586521,"end":32.69487},{"startTime":6304.0,"endTime":6320.0,"start":32.69487,"end":48.266903},{"startTime":6320.0,"endTime":6336.0,"start":48.266903,"end":63.350193},{"startTime":6336.0,"endTime":6352.0,"start":63.350193,"end":77.93966},{"startTime":6352.0,"endTime":6368.0,"start":77.93966,"end":92.03152},{"startTime":6368.0,"endTime":6384.0,"start":92.03152,"end":105.67047},{"startTime":6384.0,"endTime":6400.0,"start":105.67047,"end":118.8045},{"startTime":6400.0,"endTime":6416.0,"start":118.8045,"end":131.51328},{"startTime":6416.0,"endTime":6432.0,"start":131.51328,"end":143.73473},{"startTime":6432.0,"endTime":6448.0,"start":143.73473,"end":155.53499},{"startTime":6448.0,"endTime":6464.0,"start":155.53499,"end":166.8878},{"startTime":6464.0,"endTime":6480.0,"start":166.8878,"end":177.81311},{"startTime":6480.0,"endTime":6496.0,"start":177.81311,"end":188.32939},{"startTime":6496.0,"endTime":6512.0,"start":188.32939,"end":198.41336},{"startTime":6512.0,"endTime":6528.0,"start":198.41336,"end":208.125},{"startTime":6528.0,"endTime":6544.0,"start":208.125,"end":217.40128},{"startTime":6544.0,"endTime":6560.0,"start":217.40128,"end":226.32088},{"startTime":6560.0,"endTime":6576.0,"start":226.32088,"end":234.8425},{"startTime":6576.0,"endTime":6592.0,"start":234.8425,"end":243.0037},{"startTime":6592.0,"endTime":6608.0,"start":243.0037,"end":250.80266},{"startTime":6608.0,"endTime":6624.0,"start":250.80266,"end":258.239},{"startTime":6624.0,"endTime":6640.0,"start":258.239,"end":265.34735},{"startTime":6640.0,"endTime":6656.0,"start":265.34735,"end":272.0925},{"startTime":6656.0,"endTime":6672.0,"start":272.0925,"end":278.53387},{"startTime":6672.0,"endTime":6688.0,"start":278.53387,"end":284.6297},{"startTime":6688.0,"endTime":6704.0,"start":284.6297,"end":290.4292},{"startTime":6704.0,"endTime":6720.0,"start":290.4292,"end":295.9163},{"startTime":6720.0,"endTime":6736.0,"start":295.9163,"end":301.10745},{"startTime":6736.0,"endTime":6752.0,"start":301.10745,"end":306.01788},{"startTime":6752.0,"endTime":6768.0,"start":306.01788,"end":310.63434},{"startTime":6768.0,"endTime":6784.0,"start":310.63434,"end":315.0},{"startTime":6784.0,"endTime":6800.0,"start":315.0,"end":319.07538},{"startTime":6800.0,"endTime":6816.0,"start":319.07538,"end":322.91562},{"startTime":6816.0,"endTime":6832.0,"start":322.91562,"end":326.49628},{"startTime":6832.0,"endTime":6848.0,"start":326.49628,"end":329.8447},{"startTime":6848.0,"endTime":6864.0,"start":329.8447,"end":332.96252},{"startTime":6864.0,"endTime":6880.0,"start":332.96252,"end":335.85278},{"startTime":6880.0,"endTime":6896.0,"start":335.85278,"end":338.53983},{"startTime":6896.0,"endTime":6912.0,"start":338.53983,"end":341.0055},{"startTime":6912.0,"endTime":6928.0,"start":341.0055,"end":343.2889},{"startTime":6928.0,"endTime":6944.0,"start":343.2889,"end":345.36847},{"startTime":6944.0,"endTime":6960.0,"start":345.36847,"end":347.27658},{"startTime":6960.0,"endTime":6976.0,"start":347.27658,"end":349.00732},{"startTime":6976.0,"endTime":6992.0,"start":349.00732,"end":350.57373},{"startTime":6992.0,"endTime":7008.0,"start":350.57373,"end":351.9876},{"startTime":7008.0,"endTime":7024.0,"start":351.9876,"end":353.24597},{"startTime":7024.0,"endTime":7040.0,"start":353.24597,"end":354.375},{"startTime":7040.0,"endTime":7056.0,"start":354.375,"end":355.35892},{"startTime":7056.0,"endTime":7072.0,"start":355.35892,"end":356.22913},{"startTime":7072.0,"endTime":7088.0,"start":356.22913,"end":356.97815},{"startTime":7088.0,"endTime":7104.0,"start":356.97815,"end":357.62317},{"startTime":7104.0,"endTime":7120.0,"start":357.62317,"end":358.16928},{"startTime":7120.0,"endTime":7136.0,"start":358.16928,"end":358.62277},{"startTime":7136.0,"endTime":7152.0,"start":358.62277,"end":358.99796},{"startTime":7152.0,"endTime":7168.0,"start":358.99796,"end":359.2935},{"startTime":7168.0,"endTime":7184.0,"start":359.2935,"end":359.5283},{"startTime":7184.0,"endTime":7200.0,"start":359.5283,"end":359.70096},{"startTime":7200.0,"endTime":7216.0,"start":359.70096,"end":359.8271},{"startTime":7216.0,"endTime":7232.0,"start":359.8271,"end":359.9108},{"startTime":7232.0,"endTime":7248.0,"start":359.9108,"end":359.96188},{"startTime":7248.0,"endTime":7264.0,"start":359.96188,"end":359.98862},{"startTime":7264.0,"endTime":7280.0,"start":359.98862,"end":359.99823},{"startTime":7280.0,"endTime":7296.0,"start":359.99823,"end":360.0},{"startTime":7296.0,"endTime":8320.0,"start":360.0,"end":360.0},{"startTime":8320.0,"endTime":12416.0,"start":0.0,"end":0.0},{"startTime":12416.0,"endTime":12424.0,"start":0.0,"end":0.90819085},{"startTime":12424.0,"endTime":12432.0,"start":0.90819085,"end":1.7597276},{"startTime":12432.0,"endTime":12440.0,"start":1.7597276,"end":2.556431},{"startTime":12440.0,"endTime":12448.0,"start":2.556431,"end":3.3001251},{"startTime":12448.0,"endTime":12456.0,"start":3.3001251,"end":3.9926314},{"startTime":12456.0,"endTime":12464.0,"start":3.9926314,"end":4.635772},{"startTime":12464.0,"endTime":12472.0,"start":4.635772,"end":5.231372},{"startTime":12472.0,"endTime":12480.0,"start":5.231372,"end":5.78125},{"startTime":12480.0,"endTime":12488.0,"start":5.78125,"end":6.2866907},{"startTime":12488.0,"endTime":12496.0,"start":6.2866907,"end":6.7501025},{"startTime":12496.0,"endTime":12504.0,"start":6.7501025,"end":7.1733065},{"startTime":12504.0,"endTime":12512.0,"start":7.1733065,"end":7.5581255},{"startTime":12512.0,"endTime":12520.0,"start":7.5581255,"end":7.9063807},{"startTime":12520.0,"endTime":12528.0,"start":7.9063807,"end":8.219897},{"startTime":12528.0,"endTime":12536.0,"start":8.219897,"end":8.500497},{"startTime":12536.0,"endTime":12544.0,"start":8.500497,"end":8.75},{"startTime":12544.0,"endTime":12552.0,"start":8.75,"end":8.969878},{"startTime":12552.0,"endTime":12560.0,"start":8.969878,"end":9.162353},{"startTime":12560.0,"endTime":12568.0,"start":9.162353,"end":9.329244},{"startTime":12568.0,"endTime":12576.0,"start":9.329244,"end":9.472375},{"startTime":12576.0,"endTime":12584.0,"start":9.472375,"end":9.593569},{"startTime":12584.0,"endTime":12592.0,"start":9.593569,"end":9.694648},{"startTime":12592.0,"endTime":12600.0,"start":9.694648,"end":9.777433},{"startTime":12600.0,"endTime":12608.0,"start":9.777433,"end":9.84375},{"startTime":12608.0,"endTime":12616.0,"start":9.84375,"end":9.895254},{"startTime":12616.0,"endTime":12624.0,"start":9.895254,"end":9.933977},{"startTime":12624.0,"endTime":12632.0,"start":9.933977,"end":9.961744},{"startTime":12632.0,"endTime":12640.0,"start":9.961744,"end":9.980374},{"startTime":12640.0,"endTime":12648.0,"start":9.980374,"end":9.9916935},{"startTime":12648.0,"endTime":12656.0,"start":9.9916935,"end":9.997522},{"startTime":12656.0,"endTime":12664.0,"start":9.997522,"end":9.999683},{"startTime":12664.0,"endTime":12672.0,"start":9.999683,"end":10.0},{"startTime":12672.0,"endTime":12680.0,"start":10.0,"end":9.091809},{"startTime":12680.0,"endTime":12688.0,"start":9.091809,"end":8.2402725},{"startTime":12688.0,"endTime":12696.0,"start":8.2402725,"end":7.443569},{"startTime":12696.0,"endTime":12704.0,"start":7.443569,"end":6.699875},{"startTime":12704.0,"endTime":12712.0,"start":6.699875,"end":6.0073686},{"startTime":12712.0,"endTime":12720.0,"start":6.0073686,"end":5.364228},{"startTime":12720.0,"endTime":12728.0,"start":5.364228,"end":4.768628},{"startTime":12728.0,"endTime":12736.0,"start":4.768628,"end":4.21875},{"startTime":12736.0,"endTime":12744.0,"start":4.21875,"end":3.7133093},{"startTime":12744.0,"endTime":12752.0,"start":3.7133093,"end":3.2498975},{"startTime":12752.0,"endTime":12760.0,"start":3.2498975,"end":2.8266935},{"startTime":12760.0,"endTime":12768.0,"start":2.8266935,"end":2.4418747},{"startTime":12768.0,"endTime":12776.0,"start":2.4418747,"end":2.093619},{"startTime":12776.0,"endTime":12784.0,"start":2.093619,"end":1.7801028},{"startTime":12784.0,"endTime":12792.0,"start":1.7801028,"end":1.4995033},{"startTime":12792.0,"endTime":12800.0,"start":1.4995033,"end":1.25},{"startTime":12800.0,"endTime":12808.0,"start":1.25,"end":1.0301214},{"startTime":12808.0,"endTime":12816.0,"start":1.0301214,"end":0.8376473},{"startTime":12816.0,"endTime":12824.0,"start":0.8376473,"end":0.6707561},{"startTime":12824.0,"endTime":12832.0,"start":0.6707561,"end":0.5276251},{"startTime":12832.0,"endTime":12840.0,"start":0.5276251,"end":0.40643156},{"startTime":12840.0,"endTime":12848.0,"start":0.40643156,"end":0.3053522},{"startTime":12848.0,"endTime":12856.0,"start":0.3053522,"end":0.22256613},{"startTime":12856.0,"endTime":12864.0,"start":0.22256613,"end":0.15625},{"startTime":12864.0,"endTime":12872.0,"start":0.15625,"end":0.10474622},{"startTime":12872.0,"endTime":12880.0,"start":0.10474622,"end":0.06602287},{"startTime":12880.0,"endTime":12888.0,"start":0.06602287,"end":0.03825605},{"startTime":12888.0,"endTime":12896.0,"start":0.03825605,"end":0.019625425},{"startTime":12896.0,"endTime":12904.0,"start":0.019625425,"end":0.008306503},{"startTime":12904.0,"endTime":12912.0,"start":0.008306503,"end":0.002477765},{"startTime":12912.0,"endTime":12920.0,"start":0.002477765,"end":0.00031650066},{"startTime":12920.0,"endTime":12928.0,"start":0.00031650066,"end":0.0},{"startTime":12928.0,"endTime":12936.0,"start":0.0,"end":-0.90819085},{"startTime":12936.0,"endTime":12944.0,"start":-0.90819085,"end":-1.7597276},{"startTime":12944.0,"endTime":12952.0,"start":-1.7597276,"end":-2.556431},{"startTime":12952.0,"endTime":12960.0,"start":-2.556431,"end":-3.3001251},{"startTime":12960.0,"endTime":12968.0,"start":-3.3001251,"end":-3.9926314},{"startTime":12968.0,"endTime":12976.0,"start":-3.9926314,"end":-4.635772},{"startTime":12976.0,"endTime":12984.0,"start":-4.635772,"end":-5.231372},{"startTime":12984.0,"endTime":12992.0,"start":-5.231372,"end":-5.78125},{"startTime":12992.0,"endTime":13000.0,"start":-5.78125,"end":-6.2866907},{"startTime":13000.0,"endTime":13008.0,"start":-6.2866907,"end":-6.7501025},{"startTime":13008.0,"endTime":13016.0,"start":-6.7501025,"end":-7.1733065},{"startTime":13016.0,"endTime":13024.0,"start":-7.1733065,"end":-7.5581255},{"startTime":13024.0,"endTime":13032.0,"start":-7.5581255,"end":-7.9063807},{"startTime":13032.0,"endTime":13040.0,"start":-7.9063807,"end":-8.219897},{"startTime":13040.0,"endTime":13048.0,"start":-8.219897,"end":-8.500497},{"startTime":13048.0,"endTime":13056.0,"start":-8.500497,"end":-8.75},{"startTime":13056.0,"endTime":13064.0,"start":-8.75,"end":-8.969878},{"startTime":13064.0,"endTime":13072.0,"start":-8.969878,"end":-9.162353},{"startTime":13072.0,"endTime":13080.0,"start":-9.162353,"end":-9.329244},{"startTime":13080.0,"endTime":13088.0,"start":-9.329244,"end":-9.472375},{"startTime":13088.0,"endTime":13096.0,"start":-9.472375,"end":-9.593569},{"startTime":13096.0,"endTime":13104.0,"start":-9.593569,"end":-9.694648},{"startTime":13104.0,"endTime":13112.0,"start":-9.694648,"end":-9.777433},{"startTime":13112.0,"endTime":13120.0,"start":-9.777433,"end":-9.84375},{"startTime":13120.0,"endTime":13128.0,"start":-9.84375,"end":-9.895254},{"startTime":13128.0,"endTime":13136.0,"start":-9.895254,"end":-9.933977},{"startTime":13136.0,"endTime":13144.0,"start":-9.933977,"end":-9.961744},{"startTime":13144.0,"endTime":13152.0,"start":-9.961744,"end":-9.980374},{"startTime":13152.0,"endTime":13160.0,"start":-9.980374,"end":-9.9916935},{"startTime":13160.0,"endTime":13168.0,"start":-9.9916935,"end":-9.997522},{"startTime":13168.0,"endTime":13176.0,"start":-9.997522,"end":-9.999683},{"startTime":13176.0,"endTime":13184.0,"start":-9.999683,"end":-10.0},{"startTime":13184.0,"endTime":13192.0,"start":-10.0,"end":-9.091809},{"startTime":13192.0,"endTime":13200.0,"start":-9.091809,"end":-8.2402725},{"startTime":13200.0,"endTime":13208.0,"start":-8.2402725,"end":-7.443569},{"startTime":13208.0,"endTime":13216.0,"start":-7.443569,"end":-6.699875},{"startTime":13216.0,"endTime":13224.0,"start":-6.699875,"end":-6.0073686},{"startTime":13224.0,"endTime":13232.0,"start":-6.0073686,"end":-5.364228},{"startTime":13232.0,"endTime":13240.0,"start":-5.364228,"end":-4.768628},{"startTime":13240.0,"endTime":13248.0,"start":-4.768628,"end":-4.21875},{"startTime":13248.0,"endTime":13256.0,"start":-4.21875,"end":-3.7133093},{"startTime":13256.0,"endTime":13264.0,"start":-3.7133093,"end":-3.2498975},{"startTime":13264.0,"endTime":13272.0,"start":-3.2498975,"end":-2.8266935},{"startTime":13272.0,"endTime":13280.0,"start":-2.8266935,"end":-2.4418747},{"startTime":13280.0,"endTime":13288.0,"start":-2.4418747,"end":-2.093619},{"startTime":13288.0,"endTime":13296.0,"start":-2.093619,"end":-1.7801028},{"startTime":13296.0,"endTime":13304.0,"start":-1.7801028,"end":-1.4995033},{"startTime":13304.0,"endTime":13312.0,"start":-1.4995033,"end":-1.25},{"startTime":13312.0,"endTime":13320.0,"start":-1.25,"end":-1.0301214},{"startTime":13320.0,"endTime":13328.0,"start":-1.0301214,"end":-0.8376473},{"startTime":13328.0,"endTime":13336.0,"start":-0.8376473,"end":-0.6707561},{"startTime":13336.0,"endTime":13344.0,"start":-0.6707561,"end":-0.5276251},{"startTime":13344.0,"endTime":13352.0,"start":-0.5276251,"end":-0.40643156},{"startTime":13352.0,"endTime":13360.0,"start":-0.40643156,"end":-0.3053522},{"startTime":13360.0,"endTime":13368.0,"start":-0.3053522,"end":-0.22256613},{"startTime":13368.0,"endTime":13376.0,"start":-0.22256613,"end":-0.15625},{"startTime":13376.0,"endTime":13384.0,"start":-0.15625,"end":-0.10474622},{"startTime":13384.0,"endTime":13392.0,"start":-0.10474622,"end":-0.06602287},{"startTime":13392.0,"endTime":13400.0,"start":-0.06602287,"end":-0.03825605},{"startTime":13400.0,"endTime":13408.0,"start":-0.03825605,"end":-0.019625425},{"startTime":13408.0,"endTime":13416.0,"start":-0.019625425,"end":-0.008306503},{"startTime":13416.0,"endTime":13424.0,"start":-0.008306503,"end":-0.002477765},{"startTime":13424.0,"endTime":13432.0,"start":-0.002477765,"end":-0.00031650066},{"startTime":13432.0,"endTime":13440.0,"start":-0.00031650066,"end":0.0},{"startTime":13440.0,"endTime":1000000000.0,"start":0.0,"end":0.0}],"judgeLineDisappearEvents":[{"startTime":-999999.0,"endTime":13552.0,"start":1.0,"end":1.0},{"startTime":13552.0,"endTime":13560.0,"start":0.0,"end":0.0},{"startTime":13560.0,"endTime":13584.0,"start":1.0,"end":1.0},{"startTime":13584.0,"endTime":13592.0,"start":0.0,"end":0.0},{"startTime":13592.0,"endTime":13616.0,"start":1.0,"end":1.0},{"startTime":13616.0,"endTime":13624.0,"start":0.0,"end":0.0},{"startTime":13624.0,"endTime":13632.0,"start":1.0,"end":1.0},{"startTime":13632.0,"endTime":13640.0,"start":0.0,"end":0.0},{"startTime":13640.0,"endTime":13696.0,"start":1.0,"end":1.0},{"startTime":13696.0,"endTime":13704.0,"start":0.0,"end":0.0},{"startTime":13704.0,"endTime":13712.0,"start":1.0,"end":1.0},{"startTime":13712.0,"endTime":13720.0,"start":0.0,"end":0.0},{"startTime":13720.0,"endTime":13744.0,"start":1.0,"end":1.0},{"startTime":13744.0,"endTime":13752.0,"start":0.0,"end":0.0},{"startTime":13752.0,"endTime":13840.0,"start":1.0,"end":1.0},{"startTime":13840.0,"endTime":13848.0,"start":0.0,"end":0.0},{"startTime":13848.0,"endTime":13888.0,"start":1.0,"end":1.0},{"startTime":13888.0,"endTime":13896.0,"start":0.0,"end":0.0},{"startTime":13896.0,"endTime":13936.0,"start":1.0,"end":1.0},{"startTime":13936.0,"endTime":13944.0,"start":0.0,"end":0.0},{"startTime":13944.0,"endTime":13952.0,"start":1.0,"end":1.0},{"startTime":13952.0,"endTime":13960.0,"start":0.0,"end":0.0},{"startTime":13960.0,"endTime":14128.0,"start":1.0,"end":1.0},{"startTime":14128.0,"endTime":14136.0,"start":0.0,"end":0.0},{"startTime":14136.0,"endTime":14240.0,"start":1.0,"end":1.0},{"startTime":14240.0,"endTime":14248.0,"start":0.0,"end":0.0},{"startTime":14248.0,"endTime":14272.0,"start":1.0,"end":1.0},{"startTime":14272.0,"endTime":14277.0,"start":0.0,"end":0.0},{"startTime":14277.0,"endTime":14283.0,"start":1.0,"end":1.0},{"startTime":14283.0,"endTime":14288.0,"start":0.0,"end":0.0},{"startTime":14288.0,"endTime":14293.0,"start":1.0,"end":1.0},{"startTime":14293.0,"endTime":14299.0,"start":0.0,"end":0.0},{"startTime":14299.0,"endTime":14304.0,"start":1.0,"end":1.0},{"startTime":14304.0,"endTime":14309.0,"start":0.0,"end":0.0},{"startTime":14309.0,"endTime":14315.0,"start":1.0,"end":1.0},{"startTime":14315.0,"endTime":14320.0,"start":0.0,"end":0.0},{"startTime":14320.0,"endTime":14325.0,"start":1.0,"end":1.0},{"startTime":14325.0,"endTime":14331.0,"start":0.0,"end":0.0},{"startTime":14331.0,"endTime":14336.0,"start":1.0,"end":1.0},{"startTime":14336.0,"endTime":14344.0,"start":0.0,"end":0.0},{"startTime":14344.0,"endTime":14384.0,"start":1.0,"end":1.0},{"startTime":14384.0,"endTime":14392.0,"start":0.0,"end":0.0},{"startTime":14392.0,"endTime":14448.0,"start":1.0,"end":1.0},{"startTime":14448.0,"endTime":14456.0,"start":0.0,"end":0.0},{"startTime":14456.0,"endTime":14464.0,"start":1.0,"end":1.0},{"startTime":14464.0,"endTime":14528.0,"start":1.0,"end":0.0},{"startTime":14528.0,"endTime":1000000000.0,"start":0.0,"end":0.0}]}]}