{"formatVersion":3,"offset":0.0,"judgeLineList":[{"bpm":120.0,"notesAbove":[{"type":1,"time":128,"positionX":0.0,"holdTime":0.0,"speed":1.0,"floorPosition":2.8},{"type":1,"time":160,"positionX":4.0,"holdTime":0.0,"speed":1.0,"floorPosition":3.5},{"type":1,"time":224,"positionX":4.0,"holdTime":0.0,"speed":1.0,"floorPosition":4.9},{"type":1,"time":288,"positionX":4.0,"holdTime":0.0,"speed":1.0,"floorPosition":6.2999997},{"type":1,"time":352,"positionX":4.0,"holdTime":0.0,"speed":1.0,"floorPosition":7.7},{"type":1,"time":384,"positionX":0.0,"holdTime":0.0,"speed":1.0,"floorPosition":8.4},{"type":1,"time":416,"positionX":-4.0,"holdTime":0.0,"speed":1.0,"floorPosition":9.099999},{"type":1,"time":480,"positionX":-4.0,"holdTime":0.0,"speed":1.0,"floorPosition":10.5},{"type":1,"time":544,"positionX":-4.0,"holdTime":0.0,"speed":1.0,"floorPosition":11.9},{"type":1,"time":608,"positionX":-4.0,"holdTime":0.0,"speed":1.0,"floorPosition":13.3},{"type":1,"time":1184,"positionX":4.0,"holdTime":0.0,"speed":1.0,"floorPosition":25.9},{"type":1,"time":1248,"positionX":6.0,"holdTime":0.0,"speed":1.0,"floorPosition":27.3},{"type":1,"time":1312,"positionX":4.0,"holdTime":0.0,"speed":1.0,"floorPosition":28.699999},{"type":1,"time":1376,"positionX":2.0,"holdTime":0.0,"speed":1.0,"floorPosition":30.1},{"type":1,"time":1440,"positionX":4.0,"holdTime":0.0,"speed":1.0,"floorPosition":31.5},{"type":1,"time":1504,"positionX":6.0,"holdTime":0.0,"speed":1.0,"floorPosition":32.899998},{"type":1,"time":1568,"positionX":4.0,"holdTime":0.0,"speed":1.0,"floorPosition":34.3},{"type":1,"time":1632,"positionX":2.0,"holdTime":0.0,"speed":1.0,"floorPosition":35.7},{"type":1,"time":1696,"positionX":-4.0,"holdTime":0.0,"speed":1.0,"floorPosition":37.1},{"type":1,"time":1760,"positionX":-6.0,"holdTime":0.0,"speed":1.0,"floorPosition":38.5},{"type":1,"time":1824,"positionX":-4.0,"holdTime":0.0,"speed":1.0,"floorPosition":39.899998},{"type":1,"time":1888,"positionX":-2.0,"holdTime":0.0,"speed":1.0,"floorPosition":41.3},{"type":1,"time":1952,"positionX":-4.0,"holdTime":0.0,"speed":1.0,"floorPosition":42.7},{"type":1,"time":2016,"positionX":-6.0,"holdTime":0.0,"speed":1.0,"floorPosition":44.1},{"type":1,"time":2112,"positionX":5.0,"holdTime":0.0,"speed":1.0,"floorPosition":46.2},{"type":2,"time":2128,"positionX":1.881356,"holdTime":0.0,"speed":1.0,"floorPosition":46.55},{"type":2,"time":2144,"positionX":0.8644066,"holdTime":0.0,"speed":1.0,"floorPosition":46.899998},{"type":2,"time":2160,"positionX":0.3041435,"holdTime":0.0,"speed":1.0,"floorPosition":47.25},{"type":2,"time":2176,"positionX":-0.08474541,"holdTime":0.0,"speed":1.0,"floorPosition":47.6},{"type":1,"time":2208,"positionX":-5.0,"holdTime":0.0,"speed":1.0,"floorPosition":48.3},{"type":2,"time":2232,"positionX":-3.0,"holdTime":0.0,"speed":1.0,"floorPosition":48.825},{"type":2,"time":2256,"positionX":-1.0,"holdTime":0.0,"speed":1.0,"floorPosition":49.35},{"type":2,"time":2280,"positionX":2.0,"holdTime":0.0,"speed":1.0,"floorPosition":49.875},{"type":2,"time":2288,"positionX":3.0,"holdTime":0.0,"speed":1.0,"floorPosition":50.05},{"type":2,"time":2296,"positionX":4.0,"holdTime":0.0,"speed":1.0,"floorPosition":50.225},{"type":2,"time":2304,"positionX":5.0,"holdTime":0.0,"speed":1.0,"floorPosition":50.399998},{"type":2,"time":2328,"positionX":2.0,"holdTime":0.0,"speed":1.0,"floorPosition":50.925},{"type":2,"time":2336,"positionX":1.0,"holdTime":0.0,"speed":1.0,"floorPosition":51.1},{"type":2,"time":2352,"positionX":-1.0,"holdTime":0.0,"speed":1.0,"floorPosition":51.45},{"type":2,"time":2368,"positionX":-3.0,"holdTime":0.0,"speed":1.0,"floorPosition":51.8},{"type":2,"time":2384,"positionX":-5.0,"holdTime":0.0,"speed":1.0,"floorPosition":52.149998},{"type":2,"time":2400,"positionX":-3.0,"holdTime":0.0,"speed":1.0,"floorPosition":52.5},{"type":2,"time":2416,"positionX":-1.0,"holdTime":0.0,"speed":1.0,"floorPosition":52.85},{"type":2,"time":2432,"positionX":1.0,"holdTime":0.0,"speed":1.0,"floorPosition":53.2},{"type":2,"time":2472,"positionX":-1.0,"holdTime":0.0,"speed":1.0,"floorPosition":54.075},{"type":2,"time":2496,"positionX":1.0,"holdTime":0.0,"speed":1.0,"floorPosition":54.6},{"type":2,"time":2528,"positionX":-1.0,"holdTime":0.0,"speed":1.0,"floorPosition":55.3},{"type":2,"time":2560,"positionX":5.0,"holdTime":0.0,"speed":1.0,"floorPosition":56.0},{"type":2,"time":2584,"positionX":4.0,"holdTime":0.0,"speed":1.0,"floorPosition":56.524998},{"type":1,"time":2624,"positionX":5.0,"holdTime":0.0,"speed":1.0,"floorPosition":57.399998},{"type":2,"time":2632,"positionX":3.0,"holdTime":0.0,"speed":1.0,"floorPosition":57.575},{"type":2,"time":2640,"positionX":1.0,"holdTime":0.0,"speed":1.0,"floorPosition":57.75},{"type":2,"time":2656,"positionX":-1.0,"holdTime":0.0,"speed":1.0,"floorPosition":58.1},{"type":2,"time":2672,"positionX":-3.0,"holdTime":0.0,"speed":1.0,"floorPosition":58.45},{"type":1,"time":2720,"positionX":-5.0,"holdTime":0.0,"speed":1.0,"floorPosition":59.5},{"type":1,"time":2784,"positionX":-5.0,"holdTime":0.0,"speed":1.0,"floorPosition":60.899998},{"type":1,"time":2848,"positionX":-3.0,"holdTime":0.0,"speed":1.0,"floorPosition":62.3},{"type":1,"time":2912,"positionX":-3.0,"holdTime":0.0,"speed":1.0,"floorPosition":63.7},{"type":1,"time":2976,"positionX":5.0,"holdTime":0.0,"speed":1.0,"floorPosition":65.1},{"type":1,"time":3040,"positionX":5.0,"holdTime":0.0,"speed":1.0,"floorPosition":66.5},{"type":1,"time":3104,"positionX":3.0,"holdTime":0.0,"speed":1.0,"floorPosition":67.9},{"type":2,"time":3152,"positionX":3.0,"holdTime":0.0,"speed":1.0,"floorPosition":68.95},{"type":2,"time":3168,"positionX":1.0,"holdTime":0.0,"speed":1.0,"floorPosition":69.299995},{"type":2,"time":3184,"positionX":-1.0,"holdTime":0.0,"speed":1.0,"floorPosition":69.65},{"type":2,"time":3200,"positionX":-3.0,"holdTime":0.0,"speed":1.0,"floorPosition":70.0},{"type":1,"time":3232,"positionX":0.0,"holdTime":0.0,"speed":1.0,"floorPosition":70.7},{"type":1,"time":3264,"positionX":0.0,"holdTime":0.0,"speed":1.0,"floorPosition":71.4},{"type":1,"time":3296,"positionX":0.0,"holdTime":0.0,"speed":1.0,"floorPosition":72.1},{"type":1,"time":3328,"positionX":0.0,"holdTime":0.0,"speed":1.0,"floorPosition":72.799995},{"type":1,"time":3360,"positionX":0.0,"holdTime":0.0,"speed":1.0,"floorPosition":73.5},{"type":1,"time":3392,"positionX":0.0,"holdTime":0.0,"speed":1.0,"floorPosition":74.2},{"type":1,"time":3424,"positionX":0.0,"holdTime":0.0,"speed":1.0,"floorPosition":74.9},{"type":2,"time":3440,"positionX":0.0,"holdTime":0.0,"speed":1.0,"floorPosition":75.25},{"type":2,"time":3456,"positionX":0.0,"holdTime":0.0,"speed":1.0,"floorPosition":75.6},{"type":4,"time":3584,"positionX":0.0,"holdTime":0.0,"speed":1.0,"floorPosition":78.4},{"type":2,"time":3744,"positionX":0.0,"holdTime":0.0,"speed":1.0,"floorPosition":81.9},{"type":2,"time":3752,"positionX":0.0,"holdTime":0.0,"speed":1.0,"floorPosition":82.075},{"type":2,"time":3760,"positionX":0.0,"holdTime":0.0,"speed":1.0,"floorPosition":82.25},{"type":2,"time":3768,"positionX":0.0,"holdTime":0.0,"speed":1.0,"floorPosition":82.424995},{"type":2,"time":3776,"positionX":0.0,"holdTime":0.0,"speed":1.0,"floorPosition":82.6},{"type":2,"time":3872,"positionX":0.0,"holdTime":0.0,"speed":1.0,"floorPosition":84.7},{"type":2,"time":3880,"positionX":0.0,"holdTime":0.0,"speed":1.0,"floorPosition":84.875},{"type":2,"time":3888,"positionX":0.0,"holdTime":0.0,"speed":1.0,"floorPosition":85.049995},{"type":2,"time":3896,"positionX":0.0,"holdTime":0.0,"speed":1.0,"floorPosition":85.225},{"type":2,"time":3904,"positionX":0.0,"holdTime":0.0,"speed":1.0,"floorPosition":85.4},{"type":4,"time":4192,"positionX":0.0,"holdTime":0.0,"speed":1.0,"floorPosition":87.97656},{"type":3,"time":4224,"positionX":-4.0,"holdTime":128.0,"speed":1.5,"floorPosition":88.35156},{"type":2,"time":4304,"positionX":-4.0,"holdTime":0.0,"speed":1.0,"floorPosition":90.22656},{"type":3,"time":4352,"positionX":4.0,"holdTime":128.0,"speed":1.5,"floorPosition":91.35156},{"type":2,"time":4432,"positionX":4.0,"holdTime":0.0,"speed":1.0,"floorPosition":93.22656},{"type":2,"time":4448,"positionX":4.0,"holdTime":0.0,"speed":1.0,"floorPosition":93.60156},{"type":1,"time":4512,"positionX":-2.0,"holdTime":0.0,"speed":1.0,"floorPosition":95.10156},{"type":1,"time":4576,"positionX":2.0,"holdTime":0.0,"speed":1.0,"floorPosition":96.80156},{"type":3,"time":4608,"positionX":-2.0,"holdTime":32.0,"speed":1.7,"floorPosition":97.651566},{"type":2,"time":4640,"positionX":-2.0,"holdTime":0.0,"speed":1.0,"floorPosition":98.501564},{"type":1,"time":4704,"positionX":2.0,"holdTime":0.0,"speed":1.0,"floorPosition":100.20156},{"type":2,"time":4715,"positionX":2.0,"holdTime":0.0,"speed":1.0,"floorPosition":100.49375},{"type":2,"time":4725,"positionX":2.0,"holdTime":0.0,"speed":1.0,"floorPosition":100.75938},{"type":2,"time":4763,"positionX":-2.0,"holdTime":0.0,"speed":1.0,"floorPosition":101.76875},{"type":2,"time":4768,"positionX":-2.0,"holdTime":0.0,"speed":1.0,"floorPosition":101.901566},{"type":1,"time":4832,"positionX":2.0,"holdTime":0.0,"speed":1.0,"floorPosition":103.60156},{"type":3,"time":4864,"positionX":-2.0,"holdTime":32.0,"speed":1.7,"floorPosition":104.45156},{"type":2,"time":4896,"positionX":-2.0,"holdTime":0.0,"speed":1.0,"floorPosition":105.30156},{"type":2,"time":4904,"positionX":-0.9965029,"holdTime":0.0,"speed":1.0,"floorPosition":105.51406},{"type":2,"time":4912,"positionX":-0.2972021,"holdTime":0.0,"speed":1.0,"floorPosition":105.72656},{"type":2,"time":4920,"positionX":0.0,"holdTime":0.0,"speed":1.0,"floorPosition":105.939064},{"type":2,"time":4928,"positionX":0.0,"holdTime":0.0,"speed":1.0,"floorPosition":106.151566},{"type":2,"time":4944,"positionX":0.0,"holdTime":0.0,"speed":1.0,"floorPosition":106.57656},{"type":2,"time":4952,"positionX":0.0,"holdTime":0.0,"speed":1.0,"floorPosition":106.78906},{"type":1,"time":5024,"positionX":-4.0,"holdTime":0.0,"speed":1.0,"floorPosition":107.501564},{"type":2,"time":5040,"positionX":-4.0,"holdTime":0.0,"speed":1.0,"floorPosition":107.751564},{"type":2,"time":5056,"positionX":-4.0,"holdTime":0.0,"speed":1.0,"floorPosition":108.001564},{"type":2,"time":5072,"positionX":-4.0,"holdTime":0.0,"speed":1.0,"floorPosition":108.251564},{"type":2,"time":5088,"positionX":-4.0,"holdTime":0.0,"speed":1.0,"floorPosition":108.501564},{"type":1,"time":5120,"positionX":4.0,"holdTime":0.0,"speed":1.0,"floorPosition":109.001564},{"type":1,"time":5152,"positionX":-4.0,"holdTime":0.0,"speed":1.0,"floorPosition":109.501564},{"type":2,"time":5168,"positionX":-3.986013,"holdTime":0.0,"speed":1.0,"floorPosition":109.751564},{"type":2,"time":5184,"positionX":-3.986013,"holdTime":0.0,"speed":1.0,"floorPosition":110.001564},{"type":2,"time":5200,"positionX":-3.986013,"holdTime":0.0,"speed":1.0,"floorPosition":110.251564},{"type":2,"time":5216,"positionX":-3.986013,"holdTime":0.0,"speed":1.0,"floorPosition":110.501564},{"type":1,"time":5248,"positionX":0.0,"holdTime":0.0,"speed":1.0,"floorPosition":111.001564},{"type":2,"time":5264,"positionX":2.0,"holdTime":0.0,"speed":1.0,"floorPosition":111.251564},{"type":2,"time":5280,"positionX":4.0,"holdTime":0.0,"speed":1.0,"floorPosition":111.501564},{"type":1,"time":5312,"positionX":0.0,"holdTime":0.0,"speed":1.0,"floorPosition":112.001564},{"type":2,"time":5328,"positionX":-2.0,"holdTime":0.0,"speed":1.0,"floorPosition":112.251564},{"type":2,"time":5344,"positionX":-4.0,"holdTime":0.0,"speed":1.0,"floorPosition":112.501564},{"type":3,"time":5376,"positionX":0.0,"holdTime":128.0,"speed":1.0,"floorPosition":113.001564}],"notesBelow":[{"type":2,"time":640,"positionX":0.0,"holdTime":0.0,"speed":1.0,"floorPosition":14.0},{"type":2,"time":672,"positionX":2.0,"holdTime":0.0,"speed":1.0,"floorPosition":14.7},{"type":2,"time":704,"positionX":4.0,"holdTime":0.0,"speed":1.0,"floorPosition":15.4},{"type":2,"time":736,"positionX":2.0,"holdTime":0.0,"speed":1.0,"floorPosition":16.1},{"type":2,"time":768,"positionX":0.0,"holdTime":0.0,"speed":1.0,"floorPosition":16.8},{"type":2,"time":800,"positionX":-2.0,"holdTime":0.0,"speed":1.0,"floorPosition":17.5},{"type":2,"time":832,"positionX":-4.0,"holdTime":0.0,"speed":1.0,"floorPosition":18.199999},{"type":2,"time":864,"positionX":-2.0,"holdTime":0.0,"speed":1.0,"floorPosition":18.9},{"type":2,"time":896,"positionX":0.0,"holdTime":0.0,"speed":1.0,"floorPosition":19.6},{"type":2,"time":928,"positionX":2.0,"holdTime":0.0,"speed":1.0,"floorPosition":20.3},{"type":2,"time":960,"positionX":4.0,"holdTime":0.0,"speed":1.0,"floorPosition":21.0},{"type":2,"time":992,"positionX":2.0,"holdTime":0.0,"speed":1.0,"floorPosition":21.699999},{"type":2,"time":1024,"positionX":0.0,"holdTime":0.0,"speed":1.0,"floorPosition":22.4},{"type":2,"time":1056,"positionX":-2.0,"holdTime":0.0,"speed":1.0,"floorPosition":23.1},{"type":2,"time":1088,"positionX":-4.0,"holdTime":0.0,"speed":1.0,"floorPosition":23.8},{"type":2,"time":1104,"positionX":-4.0,"holdTime":0.0,"speed":1.0,"floorPosition":24.15},{"type":2,"time":3680,"positionX":0.0,"holdTime":0.0,"speed":1.0,"floorPosition":80.5},{"type":2,"time":3688,"positionX":0.0,"holdTime":0.0,"speed":1.0,"floorPosition":80.674995},{"type":2,"time":3696,"positionX":0.0,"holdTime":0.0,"speed":1.0,"floorPosition":80.85},{"type":2,"time":3704,"positionX":0.0,"holdTime":0.0,"speed":1.0,"floorPosition":81.025},{"type":2,"time":3712,"positionX":0.0,"holdTime":0.0,"speed":1.0,"floorPosition":81.2},{"type":2,"time":3808,"positionX":0.0169487,"holdTime":0.0,"speed":1.0,"floorPosition":83.299995},{"type":2,"time":3816,"positionX":0.0,"holdTime":0.0,"speed":1.0,"floorPosition":83.475},{"type":2,"time":3824,"positionX":0.0,"holdTime":0.0,"speed":1.0,"floorPosition":83.65},{"type":2,"time":3832,"positionX":0.0,"holdTime":0.0,"speed":1.0,"floorPosition":83.825},{"type":2,"time":3840,"positionX":0.0,"holdTime":0.0,"speed":1.0,"floorPosition":84.0},{"type":2,"time":3936,"positionX":0.0,"holdTime":0.0,"speed":1.0,"floorPosition":86.1},{"type":2,"time":3944,"positionX":0.0,"holdTime":0.0,"speed":1.0,"floorPosition":86.275},{"type":2,"time":3952,"positionX":0.0,"holdTime":0.0,"speed":1.0,"floorPosition":86.45},{"type":2,"time":3960,"positionX":0.0,"holdTime":0.0,"speed":1.0,"floorPosition":86.625},{"type":2,"time":3968,"positionX":0.0,"holdTime":0.0,"speed":1.0,"floorPosition":86.799995}],"speedEvents":[{"startTime":0.0,"endTime":0.0,"value":1.0},{"startTime":0.0,"endTime":4000.0,"value":1.4},{"startTime":4000.0,"endTime":4096.0,"value":0.0},{"startTime":4096.0,"endTime":4112.0,"value":0.0},{"startTime":4112.0,"endTime":4116.0,"value":1.0},{"startTime":4116.0,"endTime":4116.0,"value":0.0},{"startTime":4116.0,"endTime":4120.0,"value":0.0},{"startTime":4120.0,"endTime":4124.0,"value":1.0},{"startTime":4124.0,"endTime":4136.0,"value":0.0},{"startTime":4136.0,"endTime":4140.0,"value":1.0},{"startTime":4140.0,"endTime":4144.0,"value":0.0},{"startTime":4144.0,"endTime":4148.0,"value":1.0},{"startTime":4148.0,"endTime":4160.0,"value":0.0},{"startTime":4160.0,"endTime":4164.0,"value":1.0},{"startTime":4164.0,"endTime":4176.0,"value":0.0},{"startTime":4176.0,"endTime":4181.0,"value":1.0},{"startTime":4181.0,"endTime":4208.0,"value":0.5},{"startTime":4208.0,"endTime":4224.0,"value":1.0},{"startTime":4224.0,"endTime":4512.0,"value":1.5},{"startTime":4512.0,"endTime":4960.0,"value":1.7},{"startTime":4960.0,"endTime":4992.0,"value":0.0},{"startTime":4992.0,"endTime":1000000000.0,"value":1.0}],"judgeLineMoveEvents":[{"startTime":-999999.0,"endTime":1104.0,"start":0.5,"end":0.5,"start2":0.5,"end2":0.5},{"startTime":1104.0,"endTime":1120.0,"start":0.5,"end":0.5,"start2":0.5,"end2":0.2},{"startTime":1120.0,"endTime":1280.0,"start":0.5,"end":0.5,"start2":0.2,"end2":0.2},{"startTime":1280.0,"endTime":1296.0,"start":0.44886363,"end":0.5,"start2":0.2,"end2":0.2},{"startTime":1296.0,"endTime":1312.0,"start":0.55,"end":0.5,"start2":0.2,"end2":0.2},{"startTime":1312.0,"endTime":1408.0,"start":0.5,"end":0.5,"start2":0.2,"end2":0.2},{"startTime":1408.0,"endTime":1424.0,"start":0.44886363,"end":0.5,"start2":0.2,"end2":0.2},{"startTime":1424.0,"endTime":1440.0,"start":0.55,"end":0.5,"start2":0.2,"end2":0.2},{"startTime":1440.0,"endTime":1536.0,"start":0.5,"end":0.5,"start2":0.2,"end2":0.2},{"startTime":1536.0,"endTime":1552.0,"start":0.44886363,"end":0.5,"start2":0.2,"end2":0.2},{"startTime":1552.0,"endTime":1568.0,"start":0.55,"end":0.5,"start2":0.2,"end2":0.2},{"startTime":1568.0,"endTime":1632.0,"start":0.5,"end":0.5,"start2":0.2,"end2":0.2},{"startTime":1632.0,"endTime":1648.0,"start":0.5,"end":0.5,"start2":0.2,"end2":0.3},{"startTime":1648.0,"endTime":1664.0,"start":0.5,"end":0.5,"start2":0.3,"end2":0.2},{"startTime":1664.0,"endTime":1792.0,"start":0.5,"end":0.5,"start2":0.2,"end2":0.2},{"startTime":1792.0,"endTime":1808.0,"start":0.44886363,"end":0.5,"start2":0.2,"end2":0.2},{"startTime":1808.0,"endTime":1824.0,"start":0.55,"end":0.5,"start2":0.2,"end2":0.2},{"startTime":1824.0,"endTime":1920.0,"start":0.5,"end":0.5,"start2":0.2,"end2":0.2},{"startTime":1920.0,"endTime":1936.0,"start":0.44886363,"end":0.5,"start2":0.2,"end2":0.2},{"startTime":1936.0,"endTime":1952.0,"start":0.55,"end":0.5,"start2":0.2,"end2":0.2},{"startTime":1952.0,"endTime":2048.0,"start":0.5,"end":0.5,"start2":0.2,"end2":0.2},{"startTime":2048.0,"endTime":2064.0,"start":0.5,"end":0.5,"start2":0.3,"end2":0.4},{"startTime":2064.0,"endTime":2080.0,"start":0.5,"end":0.5,"start2":0.3480769,"end2":0.44807693},{"startTime":2080.0,"endTime":2176.0,"start":0.5,"end":0.5,"start2":0.5,"end2":0.5},{"startTime":2176.0,"endTime":2432.0,"start":0.5,"end":0.5,"start2":0.5,"end2":0.4},{"startTime":2432.0,"endTime":2656.0,"start":0.5,"end":0.5,"start2":0.4,"end2":0.5},{"startTime":2656.0,"endTime":2672.0,"start":0.5,"end":0.5,"start2":0.5,"end2":0.5},{"startTime":2672.0,"endTime":2680.0,"start":0.6,"end":0.5,"start2":0.5,"end2":0.5},{"startTime":2680.0,"endTime":2688.0,"start":0.4,"end":0.5,"start2":0.5,"end2":0.5},{"startTime":2688.0,"endTime":3200.0,"start":0.5,"end":0.5,"start2":0.5,"end2":0.5},{"startTime":3200.0,"endTime":3201.0,"start":0.5,"end":0.48977274,"start2":0.5,"end2":0.4903846},{"startTime":3201.0,"endTime":3202.0,"start":0.48977274,"end":0.4806818,"start2":0.4903846,"end2":0.48076922},{"startTime":3202.0,"endTime":3203.0,"start":0.4806818,"end":0.4715909,"start2":0.48076922,"end2":0.4730769},{"startTime":3203.0,"endTime":3205.0,"start":0.4715909,"end":0.45795456,"start2":0.4730769,"end2":0.4576923},{"startTime":3205.0,"endTime":3206.0,"start":0.45795456,"end":0.45113635,"start2":0.4576923,"end2":0.45192307},{"startTime":3206.0,"endTime":3208.0,"start":0.45113635,"end":0.43977273,"start2":0.45192307,"end2":0.44038463},{"startTime":3208.0,"endTime":3209.0,"start":0.43977273,"end":0.43522727,"start2":0.44038463,"end2":0.43653846},{"startTime":3209.0,"endTime":3210.0,"start":0.43522727,"end":0.43068182,"start2":0.43653846,"end2":0.43076923},{"startTime":3210.0,"endTime":3211.0,"start":0.43068182,"end":0.42613637,"start2":0.43076923,"end2":0.42692307},{"startTime":3211.0,"endTime":3212.0,"start":0.42613637,"end":0.4227273,"start2":0.42692307,"end2":0.42307693},{"startTime":3212.0,"endTime":3213.0,"start":0.4227273,"end":0.4181818,"start2":0.42307693,"end2":0.41923076},{"startTime":3213.0,"endTime":3214.0,"start":0.4181818,"end":0.41477272,"start2":0.41923076,"end2":0.41538462},{"startTime":3214.0,"endTime":3215.0,"start":0.41477272,"end":0.41136363,"start2":0.41538462,"end2":0.41153845},{"startTime":3215.0,"endTime":3216.0,"start":0.41136363,"end":0.4090909,"start2":0.41153845,"end2":0.4096154},{"startTime":3216.0,"endTime":3217.0,"start":0.4090909,"end":0.40568182,"start2":0.4096154,"end2":0.40576923},{"startTime":3217.0,"endTime":3218.0,"start":0.40568182,"end":0.40227273,"start2":0.40576923,"end2":0.40384614},{"startTime":3218.0,"endTime":3219.0,"start":0.40227273,"end":0.4,"start2":0.40384614,"end2":0.4},{"startTime":3219.0,"endTime":3221.0,"start":0.4,"end":0.39545456,"start2":0.4,"end2":0.39615384},{"startTime":3221.0,"endTime":3222.0,"start":0.39545456,"end":0.39318183,"start2":0.39615384,"end2":0.3923077},{"startTime":3222.0,"endTime":3223.0,"start":0.39318183,"end":0.3909091,"start2":0.3923077,"end2":0.3903846},{"startTime":3223.0,"endTime":3224.0,"start":0.3909091,"end":0.38863635,"start2":0.3903846,"end2":0.38846153},{"startTime":3224.0,"endTime":3225.0,"start":0.38863635,"end":0.38636363,"start2":0.38846153,"end2":0.38653848},{"startTime":3225.0,"endTime":3226.0,"start":0.38636363,"end":0.38522726,"start2":0.38653848,"end2":0.3846154},{"startTime":3226.0,"endTime":3227.0,"start":0.38522726,"end":0.38295454,"start2":0.3846154,"end2":0.3826923},{"startTime":3227.0,"endTime":3228.0,"start":0.38295454,"end":0.38181818,"start2":0.3826923,"end2":0.3826923},{"startTime":3228.0,"endTime":3229.0,"start":0.38181818,"end":0.37954545,"start2":0.3826923,"end2":0.38076922},{"startTime":3229.0,"endTime":3230.0,"start":0.37954545,"end":0.3784091,"start2":0.38076922,"end2":0.37884617},{"startTime":3230.0,"endTime":3231.0,"start":0.3784091,"end":0.37727273,"start2":0.37884617,"end2":0.37692308},{"startTime":3231.0,"endTime":3232.0,"start":0.37727273,"end":0.375,"start2":0.37692308,"end2":0.375},{"startTime":3232.0,"endTime":3328.0,"start":0.375,"end":0.25,"start2":0.375,"end2":0.25},{"startTime":3328.0,"endTime":3329.0,"start":0.25,"end":0.25,"start2":0.25,"end2":0.26153848},{"startTime":3329.0,"endTime":3330.0,"start":0.25,"end":0.25,"start2":0.26153848,"end2":0.27115384},{"startTime":3330.0,"endTime":3331.0,"start":0.25,"end":0.25,"start2":0.27115384,"end2":0.28076923},{"startTime":3331.0,"endTime":3333.0,"start":0.25,"end":0.25,"start2":0.28076923,"end2":0.29615384},{"startTime":3333.0,"endTime":3334.0,"start":0.25,"end":0.25,"start2":0.29615384,"end2":0.30192307},{"startTime":3334.0,"endTime":3335.0,"start":0.25,"end":0.25,"start2":0.30192307,"end2":0.30769232},{"startTime":3335.0,"endTime":3338.0,"start":0.25,"end":0.25,"start2":0.30769232,"end2":0.325},{"startTime":3338.0,"endTime":3339.0,"start":0.25,"end":0.25,"start2":0.325,"end2":0.32884616},{"startTime":3339.0,"endTime":3340.0,"start":0.25,"end":0.25,"start2":0.32884616,"end2":0.3326923},{"startTime":3340.0,"endTime":3341.0,"start":0.25,"end":0.25,"start2":0.3326923,"end2":0.33653846},{"startTime":3341.0,"endTime":3342.0,"start":0.25,"end":0.25,"start2":0.33653846,"end2":0.3403846},{"startTime":3342.0,"endTime":3343.0,"start":0.25,"end":0.25,"start2":0.3403846,"end2":0.34423077},{"startTime":3343.0,"endTime":3344.0,"start":0.25,"end":0.25,"start2":0.34423077,"end2":0.3480769},{"startTime":3344.0,"endTime":3345.0,"start":0.25,"end":0.25,"start2":0.3480769,"end2":0.35192308},{"startTime":3345.0,"endTime":3346.0,"start":0.25,"end":0.25,"start2":0.35192308,"end2":0.35384616},{"startTime":3346.0,"endTime":3347.0,"start":0.25,"end":0.25,"start2":0.35384616,"end2":0.3576923},{"startTime":3347.0,"endTime":3348.0,"start":0.25,"end":0.25,"start2":0.3576923,"end2":0.3596154},{"startTime":3348.0,"endTime":3349.0,"start":0.25,"end":0.25,"start2":0.3596154,"end2":0.36346152},{"startTime":3349.0,"endTime":3352.0,"start":0.25,"end":0.25,"start2":0.36346152,"end2":0.36923078},{"startTime":3352.0,"endTime":3353.0,"start":0.25,"end":0.25,"start2":0.36923078,"end2":0.37115383},{"startTime":3353.0,"endTime":3357.0,"start":0.25,"end":0.25,"start2":0.37115383,"end2":0.37884617},{"startTime":3357.0,"endTime":3358.0,"start":0.25,"end":0.25,"start2":0.37884617,"end2":0.38076922},{"startTime":3358.0,"endTime":3360.0,"start":0.25,"end":0.25,"start2":0.38076922,"end2":0.3846154},{"startTime":3360.0,"endTime":3456.0,"start":0.25,"end":0.25,"start2":0.3846154,"end2":0.5},{"startTime":3456.0,"endTime":3584.0,"start":0.25,"end":0.25,"start2":0.5,"end2":0.5},{"startTime":3584.0,"endTime":3585.0,"start":0.25,"end":0.2931818,"start2":0.5,"end2":0.5},{"startTime":3585.0,"endTime":3586.0,"start":0.2931818,"end":0.33068183,"start2":0.5,"end2":0.5},{"startTime":3586.0,"endTime":3587.0,"start":0.33068183,"end":0.36363637,"start2":0.5,"end2":0.5},{"startTime":3587.0,"endTime":3588.0,"start":0.36363637,"end":0.3943182,"start2":0.5,"end2":0.5},{"startTime":3588.0,"endTime":3589.0,"start":0.3943182,"end":0.4215909,"start2":0.5,"end2":0.5},{"startTime":3589.0,"endTime":3590.0,"start":0.4215909,"end":0.4465909,"start2":0.5,"end2":0.5},{"startTime":3590.0,"endTime":3591.0,"start":0.4465909,"end":0.46931818,"start2":0.5,"end2":0.5},{"startTime":3591.0,"endTime":3592.0,"start":0.46931818,"end":0.4909091,"start2":0.5,"end2":0.5},{"startTime":3592.0,"endTime":3593.0,"start":0.4909091,"end":0.51022726,"start2":0.5,"end2":0.5},{"startTime":3593.0,"endTime":3594.0,"start":0.51022726,"end":0.52840906,"start2":0.5,"end2":0.5},{"startTime":3594.0,"endTime":3595.0,"start":0.52840906,"end":0.54545456,"start2":0.5,"end2":0.5},{"startTime":3595.0,"endTime":3596.0,"start":0.54545456,"end":0.5625,"start2":0.5,"end2":0.5},{"startTime":3596.0,"endTime":3597.0,"start":0.5625,"end":0.5772727,"start2":0.5,"end2":0.5},{"startTime":3597.0,"endTime":3598.0,"start":0.5772727,"end":0.59090906,"start2":0.5,"end2":0.5},{"startTime":3598.0,"endTime":3599.0,"start":0.59090906,"end":0.6045455,"start2":0.5,"end2":0.5},{"startTime":3599.0,"endTime":3601.0,"start":0.6045455,"end":0.62954545,"start2":0.5,"end2":0.5},{"startTime":3601.0,"endTime":3602.0,"start":0.62954545,"end":0.6409091,"start2":0.5,"end2":0.5},{"startTime":3602.0,"endTime":3603.0,"start":0.6409091,"end":0.65113634,"start2":0.5,"end2":0.5},{"startTime":3603.0,"endTime":3604.0,"start":0.65113634,"end":0.66136366,"start2":0.5,"end2":0.5},{"startTime":3604.0,"endTime":3605.0,"start":0.66136366,"end":0.6715909,"start2":0.5,"end2":0.5},{"startTime":3605.0,"endTime":3606.0,"start":0.6715909,"end":0.6806818,"start2":0.5,"end2":0.5},{"startTime":3606.0,"endTime":3607.0,"start":0.6806818,"end":0.68863636,"start2":0.5,"end2":0.5},{"startTime":3607.0,"endTime":3608.0,"start":0.68863636,"end":0.69772726,"start2":0.5,"end2":0.5},{"startTime":3608.0,"endTime":3609.0,"start":0.69772726,"end":0.70454544,"start2":0.5,"end2":0.5},{"startTime":3609.0,"endTime":3610.0,"start":0.70454544,"end":0.7125,"start2":0.5,"end2":0.5},{"startTime":3610.0,"endTime":3611.0,"start":0.7125,"end":0.7193182,"start2":0.5,"end2":0.5},{"startTime":3611.0,"endTime":3613.0,"start":0.7193182,"end":0.73295456,"start2":0.5,"end2":0.5},{"startTime":3613.0,"endTime":3616.0,"start":0.73295456,"end":0.75,"start2":0.5,"end2":0.5},{"startTime":3616.0,"endTime":3712.0,"start":0.75,"end":0.75,"start2":0.5,"end2":0.5},{"startTime":3712.0,"endTime":3713.0,"start":0.75,"end":0.7227273,"start2":0.5,"end2":0.5},{"startTime":3713.0,"endTime":3714.0,"start":0.7227273,"end":0.6988636,"start2":0.5,"end2":0.5},{"startTime":3714.0,"endTime":3715.0,"start":0.6988636,"end":0.6784091,"start2":0.5,"end2":0.5},{"startTime":3715.0,"endTime":3716.0,"start":0.6784091,"end":0.6602273,"start2":0.5,"end2":0.5},{"startTime":3716.0,"endTime":3717.0,"start":0.6602273,"end":0.64431816,"start2":0.5,"end2":0.5},{"startTime":3717.0,"endTime":3718.0,"start":0.64431816,"end":0.62954545,"start2":0.5,"end2":0.5},{"startTime":3718.0,"endTime":3719.0,"start":0.62954545,"end":0.61704546,"start2":0.5,"end2":0.5},{"startTime":3719.0,"endTime":3721.0,"start":0.61704546,"end":0.5943182,"start2":0.5,"end2":0.5},{"startTime":3721.0,"endTime":3722.0,"start":0.5943182,"end":0.5840909,"start2":0.5,"end2":0.5},{"startTime":3722.0,"endTime":3723.0,"start":0.5840909,"end":0.575,"start2":0.5,"end2":0.5},{"startTime":3723.0,"endTime":3726.0,"start":0.575,"end":0.5511364,"start2":0.5,"end2":0.5},{"startTime":3726.0,"endTime":3727.0,"start":0.5511364,"end":0.5443182,"start2":0.5,"end2":0.5},{"startTime":3727.0,"endTime":3728.0,"start":0.5443182,"end":0.5386364,"start2":0.5,"end2":0.5},{"startTime":3728.0,"endTime":3729.0,"start":0.5386364,"end":0.5318182,"start2":0.5,"end2":0.5},{"startTime":3729.0,"endTime":3730.0,"start":0.5318182,"end":0.52613634,"start2":0.5,"end2":0.5},{"startTime":3730.0,"endTime":3734.0,"start":0.52613634,"end":0.50795454,"start2":0.5,"end2":0.5},{"startTime":3734.0,"endTime":3735.0,"start":0.50795454,"end":0.50454545,"start2":0.5,"end2":0.5},{"startTime":3735.0,"endTime":3736.0,"start":0.50454545,"end":0.5,"start2":0.5,"end2":0.5},{"startTime":3736.0,"endTime":4224.0,"start":0.5,"end":0.5,"start2":0.5,"end2":0.5},{"startTime":4224.0,"endTime":4352.0,"start":0.5,"end":0.5,"start2":0.5,"end2":0.2},{"startTime":4352.0,"endTime":4480.0,"start":0.5,"end":0.5,"start2":0.2,"end2":0.15},{"startTime":4480.0,"endTime":4512.0,"start":0.5,"end":0.5,"start2":0.15,"end2":0.15},{"startTime":4512.0,"endTime":4960.0,"start":0.5,"end":0.5,"start2":0.15,"end2":0.2},{"startTime":4960.0,"endTime":4968.0,"start":0.5,"end":0.5,"start2":0.2,"end2":0.2},{"startTime":4968.0,"endTime":1000000000.0,"start":0.5,"end":0.5,"start2":0.5,"end2":0.5}],"judgeLineRotateEvents":[{"startTime":-999999.0,"endTime":128.0,"start":0.0,"end":0.0},{"startTime":128.0,"endTime":144.0,"start":0.0,"end":10.0},{"startTime":144.0,"endTime":368.0,"start":10.0,"end":10.0},{"startTime":368.0,"endTime":400.0,"start":10.0,"end":-10.0},{"startTime":400.0,"endTime":608.0,"start":-10.0,"end":-10.0},{"startTime":608.0,"endTime":640.0,"start":0.0,"end":0.0},{"startTime":640.0,"endTime":656.0,"start":0.0,"end":10.0},{"startTime":656.0,"endTime":1088.0,"start":10.0,"end":10.0},{"startTime":1088.0,"endTime":1104.0,"start":10.0,"end":0.0},{"startTime":1104.0,"endTime":1120.0,"start":0.0,"end":0.0},{"startTime":1120.0,"endTime":1136.0,"start":-5.0,"end":0.0},{"startTime":1136.0,"endTime":1152.0,"start":-5.0,"end":0.0},{"startTime":1152.0,"endTime":1632.0,"start":-5.0,"end":-5.0},{"startTime":1632.0,"endTime":1664.0,"start":-5.0,"end":5.0},{"startTime":1664.0,"endTime":2080.0,"start":5.0,"end":5.0},{"startTime":2080.0,"endTime":2112.0,"start":5.0,"end":-8.0},{"startTime":2112.0,"endTime":2128.0,"start":-8.0,"end":-8.0},{"startTime":2128.0,"endTime":2144.0,"start":-6.0,"end":-6.0},{"startTime":2144.0,"endTime":2160.0,"start":-4.0,"end":-4.0},{"startTime":2160.0,"endTime":2176.0,"start":-2.0,"end":-2.0},{"startTime":2176.0,"endTime":2688.0,"start":0.0,"end":0.0},{"startTime":2688.0,"endTime":2816.0,"start":0.0,"end":15.0},{"startTime":2816.0,"endTime":3072.0,"start":15.0,"end":-15.0},{"startTime":3072.0,"endTime":3136.0,"start":-15.0,"end":0.0},{"startTime":3136.0,"endTime":3152.0,"start":0.0,"end":0.0},{"startTime":3152.0,"endTime":3168.0,"start":-10.0,"end":-10.0},{"startTime":3168.0,"endTime":3184.0,"start":-5.0,"end":-5.0},{"startTime":3184.0,"endTime":3456.0,"start":0.0,"end":0.0},{"startTime":3456.0,"endTime":3457.0,"start":0.0,"end":-14.0},{"startTime":3457.0,"endTime":3458.0,"start":-14.0,"end":-26.0},{"startTime":3458.0,"endTime":3459.0,"start":-26.0,"end":-35.0},{"startTime":3459.0,"endTime":3460.0,"start":-35.0,"end":-43.0},{"startTime":3460.0,"endTime":3461.0,"start":-43.0,"end":-50.0},{"startTime":3461.0,"endTime":3462.0,"start":-50.0,"end":-56.0},{"startTime":3462.0,"endTime":3464.0,"start":-56.0,"end":-66.0},{"startTime":3464.0,"endTime":3466.0,"start":-66.0,"end":-74.0},{"startTime":3466.0,"endTime":3469.0,"start":-74.0,"end":-83.0},{"startTime":3469.0,"endTime":3470.0,"start":-83.0,"end":-85.0},{"startTime":3470.0,"endTime":3471.0,"start":-85.0,"end":-88.0},{"startTime":3471.0,"endTime":3472.0,"start":-88.0,"end":-90.0},{"startTime":3472.0,"endTime":3744.0,"start":-90.0,"end":-90.0},{"startTime":3744.0,"endTime":3776.0,"start":-90.0,"end":-105.0},{"startTime":3776.0,"endTime":3808.0,"start":-90.0,"end":-90.0},{"startTime":3808.0,"endTime":3840.0,"start":-90.0,"end":-75.0},{"startTime":3840.0,"endTime":3872.0,"start":-90.0,"end":-90.0},{"startTime":3872.0,"endTime":3904.0,"start":-90.0,"end":-105.0},{"startTime":3904.0,"endTime":3936.0,"start":-90.0,"end":-90.0},{"startTime":3936.0,"endTime":3968.0,"start":-90.0,"end":-75.0},{"startTime":3968.0,"endTime":3969.0,"start":-75.0,"end":-74.0},{"startTime":3969.0,"endTime":3970.0,"start":-74.0,"end":-72.0},{"startTime":3970.0,"endTime":3971.0,"start":-72.0,"end":-71.0},{"startTime":3971.0,"endTime":3973.0,"start":-71.0,"end":-67.0},{"startTime":3973.0,"endTime":3974.0,"start":-67.0,"end":-66.0},{"startTime":3974.0,"endTime":3978.0,"start":-66.0,"end":-58.0},{"startTime":3978.0,"endTime":3979.0,"start":-58.0,"end":-57.0},{"startTime":3979.0,"endTime":3986.0,"start":-57.0,"end":-43.0},{"startTime":3986.0,"endTime":3987.0,"start":-43.0,"end":-40.0},{"startTime":3987.0,"endTime":3991.0,"start":-40.0,"end":-32.0},{"startTime":3991.0,"endTime":3992.0,"start":-32.0,"end":-29.0},{"startTime":3992.0,"endTime":3993.0,"start":-29.0,"end":-27.0},{"startTime":3993.0,"endTime":3994.0,"start":-27.0,"end":-24.0},{"startTime":3994.0,"endTime":3996.0,"start":-24.0,"end":-20.0},{"startTime":3996.0,"endTime":3998.0,"start":-20.0,"end":-14.0},{"startTime":3998.0,"endTime":3999.0,"start":-14.0,"end":-12.0},{"startTime":3999.0,"endTime":4000.0,"start":-12.0,"end":-9.0},{"startTime":4000.0,"endTime":4001.0,"start":-9.0,"end":-7.0},{"startTime":4001.0,"endTime":4006.0,"start":-7.0,"end":8.0},{"startTime":4006.0,"endTime":4007.0,"start":8.0,"end":10.0},{"startTime":4007.0,"endTime":4008.0,"start":10.0,"end":13.0},{"startTime":4008.0,"endTime":4009.0,"start":13.0,"end":17.0},{"startTime":4009.0,"endTime":4014.0,"start":17.0,"end":32.0},{"startTime":4014.0,"endTime":4015.0,"start":32.0,"end":36.0},{"startTime":4015.0,"endTime":4016.0,"start":36.0,"end":39.0},{"startTime":4016.0,"endTime":4017.0,"start":39.0,"end":43.0},{"startTime":4017.0,"endTime":4018.0,"start":43.0,"end":46.0},{"startTime":4018.0,"endTime":4019.0,"start":46.0,"end":50.0},{"startTime":4019.0,"endTime":4020.0,"start":50.0,"end":53.0},{"startTime":4020.0,"endTime":4024.0,"start":53.0,"end":69.0},{"startTime":4024.0,"endTime":4025.0,"start":69.0,"end":72.0},{"startTime":4025.0,"endTime":4027.0,"start":72.0,"end":80.0},{"startTime":4027.0,"endTime":4028.0,"start":80.0,"end":85.0},{"startTime":4028.0,"endTime":4031.0,"start":85.0,"end":97.0},{"startTime":4031.0,"endTime":4032.0,"start":97.0,"end":102.0},{"startTime":4032.0,"endTime":4033.0,"start":102.0,"end":106.0},{"startTime":4033.0,"endTime":4034.0,"start":106.0,"end":111.0},{"startTime":4034.0,"endTime":4035.0,"start":111.0,"end":115.0},{"startTime":4035.0,"endTime":4043.0,"start":115.0,"end":155.0},{"startTime":4043.0,"endTime":4044.0,"start":155.0,"end":161.0},{"startTime":4044.0,"endTime":4045.0,"start":161.0,"end":166.0},{"startTime":4045.0,"endTime":4047.0,"start":166.0,"end":178.0},{"startTime":4047.0,"endTime":4048.0,"start":178.0,"end":183.0},{"startTime":4048.0,"endTime":4050.0,"start":183.0,"end":195.0},{"startTime":4050.0,"endTime":4051.0,"start":195.0,"end":202.0},{"startTime":4051.0,"endTime":4053.0,"start":202.0,"end":214.0},{"startTime":4053.0,"endTime":4054.0,"start":214.0,"end":221.0},{"startTime":4054.0,"endTime":4055.0,"start":221.0,"end":227.0},{"startTime":4055.0,"endTime":4060.0,"start":227.0,"end":262.0},{"startTime":4060.0,"endTime":4061.0,"start":262.0,"end":270.0},{"startTime":4061.0,"endTime":4062.0,"start":270.0,"end":277.0},{"startTime":4062.0,"endTime":4065.0,"start":277.0,"end":301.0},{"startTime":4065.0,"endTime":4066.0,"start":301.0,"end":310.0},{"startTime":4066.0,"endTime":4067.0,"start":310.0,"end":318.0},{"startTime":4067.0,"endTime":4071.0,"start":318.0,"end":354.0},{"startTime":4071.0,"endTime":4075.0,"start":354.0,"end":394.0},{"startTime":4075.0,"endTime":4076.0,"start":394.0,"end":405.0},{"startTime":4076.0,"endTime":4077.0,"start":405.0,"end":415.0},{"startTime":4077.0,"endTime":4078.0,"start":415.0,"end":427.0},{"startTime":4078.0,"endTime":4079.0,"start":427.0,"end":438.0},{"startTime":4079.0,"endTime":4080.0,"start":438.0,"end":450.0},{"startTime":4080.0,"endTime":4081.0,"start":450.0,"end":463.0},{"startTime":4081.0,"endTime":4082.0,"start":463.0,"end":475.0},{"startTime":4082.0,"endTime":4083.0,"start":475.0,"end":488.0},{"startTime":4083.0,"endTime":4085.0,"start":488.0,"end":516.0},{"startTime":4085.0,"endTime":4088.0,"start":516.0,"end":561.0},{"startTime":4088.0,"endTime":4090.0,"start":561.0,"end":595.0},{"startTime":4090.0,"endTime":4091.0,"start":595.0,"end":613.0},{"startTime":4091.0,"endTime":4092.0,"start":613.0,"end":632.0},{"startTime":4092.0,"endTime":4093.0,"start":632.0,"end":652.0},{"startTime":4093.0,"endTime":4094.0,"start":652.0,"end":673.0},{"startTime":4094.0,"endTime":4095.0,"start":673.0,"end":696.0},{"startTime":4095.0,"endTime":4096.0,"start":696.0,"end":720.0},{"startTime":4096.0,"endTime":5384.0,"start":0.0,"end":0.0},{"startTime":5384.0,"endTime":5392.0,"start":20.0,"end":20.0},{"startTime":5392.0,"endTime":5400.0,"start":10.0,"end":10.0},{"startTime":5400.0,"endTime":5408.0,"start":0.0,"end":0.0},{"startTime":5408.0,"endTime":5416.0,"start":-10.0,"end":-10.0},{"startTime":5416.0,"endTime":5424.0,"start":0.0,"end":0.0},{"startTime":5424.0,"endTime":5432.0,"start":-10.0,"end":-10.0},{"startTime":5432.0,"endTime":5440.0,"start":0.0,"end":0.0},{"startTime":5440.0,"endTime":5456.0,"start":20.0,"end":20.0},{"startTime":5456.0,"endTime":5472.0,"start":30.0,"end":30.0},{"startTime":5472.0,"endTime":5504.0,"start":40.0,"end":40.0},{"startTime":5504.0,"endTime":1000000000.0,"start":0.0,"end":0.0}],"judgeLineDisappearEvents":[{"startTime":-999999.0,"endTime":32.0,"start":0.0,"end":0.0},{"startTime":32.0,"endTime":128.0,"start":0.0,"end":1.0},{"startTime":128.0,"endTime":624.0,"start":1.0,"end":1.0},{"startTime":624.0,"endTime":628.0,"start":0.0,"end":0.0},{"startTime":628.0,"endTime":632.0,"start":1.0,"end":1.0},{"startTime":632.0,"endTime":636.0,"start":0.0,"end":0.0},{"startTime":636.0,"endTime":640.0,"start":1.0,"end":1.0},{"startTime":640.0,"endTime":644.0,"start":0.0,"end":0.0},{"startTime":644.0,"endTime":1152.0,"start":1.0,"end":1.0},{"startTime":1152.0,"endTime":1168.0,"start":0.0,"end":1.0},{"startTime":1168.0,"endTime":5472.0,"start":1.0,"end":1.0},{"startTime":5472.0,"endTime":5483.0,"start":0.0,"end":1.0},{"startTime":5483.0,"endTime":5493.0,"start":0.0,"end":1.0},{"startTime":5493.0,"endTime":5504.0,"start":0.0,"end":1.0},{"startTime":5504.0,"endTime":35504.0,"start":0.0,"end":0.0},{"startTime":35504.0,"endTime":1000000000.0,"start":1.0,"end":1.0}]},{"bpm":100.0,"notesAbove":[{"type":2,"time":3488,"positionX":0.0,"holdTime":0.0,"speed":1.0,"floorPosition":66.119995},{"type":3,"time":4715,"positionX":-2.0,"holdTime":64.0,"speed":1.4,"floorPosition":98.32875},{"type":1,"time":4960,"positionX":-2.0,"holdTime":0.0,"speed":1.0,"floorPosition":104.759995},{"type":1,"time":4971,"positionX":2.0,"holdTime":0.0,"speed":1.0,"floorPosition":105.048744},{"type":1,"time":5728,"positionX":0.0,"holdTime":0.0,"speed":1.0,"floorPosition":124.92},{"type":3,"time":5888,"positionX":-1.0,"holdTime":16.0,"speed":1.4,"floorPosition":129.12},{"type":3,"time":5920,"positionX":-4.0,"holdTime":16.0,"speed":1.4,"floorPosition":129.95999},{"type":3,"time":5952,"positionX":-1.0,"holdTime":16.0,"speed":1.4,"floorPosition":130.8},{"type":1,"time":5984,"positionX":-4.0,"holdTime":0.0,"speed":1.0,"floorPosition":131.64},{"type":3,"time":6016,"positionX":4.0,"holdTime":16.0,"speed":1.4,"floorPosition":132.48},{"type":3,"time":6048,"positionX":1.0,"holdTime":16.0,"speed":1.4,"floorPosition":133.31999},{"type":3,"time":6080,"positionX":4.0,"holdTime":16.0,"speed":1.4,"floorPosition":134.16},{"type":1,"time":6112,"positionX":1.0,"holdTime":0.0,"speed":1.0,"floorPosition":135.0},{"type":3,"time":6144,"positionX":-1.0,"holdTime":16.0,"speed":1.4,"floorPosition":135.84},{"type":3,"time":6176,"positionX":-4.0,"holdTime":16.0,"speed":1.4,"floorPosition":136.68},{"type":3,"time":6208,"positionX":-1.0,"holdTime":16.0,"speed":1.4,"floorPosition":137.52},{"type":1,"time":6240,"positionX":-4.0,"holdTime":0.0,"speed":1.0,"floorPosition":138.36},{"type":2,"time":6272,"positionX":4.0,"holdTime":0.0,"speed":1.0,"floorPosition":139.2},{"type":2,"time":6276,"positionX":4.0,"holdTime":0.0,"speed":1.0,"floorPosition":139.305},{"type":2,"time":6280,"positionX":4.0,"holdTime":0.0,"speed":1.0,"floorPosition":139.41},{"type":2,"time":6284,"positionX":4.0,"holdTime":0.0,"speed":1.0,"floorPosition":139.515},{"type":2,"time":6296,"positionX":4.0,"holdTime":0.0,"speed":1.0,"floorPosition":139.83},{"type":2,"time":6300,"positionX":4.0,"holdTime":0.0,"speed":1.0,"floorPosition":139.935},{"type":2,"time":6304,"positionX":1.0,"holdTime":0.0,"speed":1.0,"floorPosition":140.04},{"type":2,"time":6308,"positionX":1.0,"holdTime":0.0,"speed":1.0,"floorPosition":140.145},{"type":2,"time":6320,"positionX":1.0,"holdTime":0.0,"speed":1.0,"floorPosition":140.45999},{"type":2,"time":6324,"positionX":1.0,"holdTime":0.0,"speed":1.0,"floorPosition":140.565},{"type":2,"time":6336,"positionX":4.0,"holdTime":0.0,"speed":1.0,"floorPosition":140.87999},{"type":2,"time":6340,"positionX":4.0,"holdTime":0.0,"speed":1.0,"floorPosition":140.985},{"type":2,"time":6344,"positionX":4.0,"holdTime":0.0,"speed":1.0,"floorPosition":141.09},{"type":2,"time":6348,"positionX":4.0,"holdTime":0.0,"speed":1.0,"floorPosition":141.19499},{"type":2,"time":6352,"positionX":4.0,"holdTime":0.0,"speed":1.0,"floorPosition":141.3},{"type":3,"time":6400,"positionX":-2.0,"holdTime":16.0,"speed":1.4,"floorPosition":142.56},{"type":3,"time":6432,"positionX":2.0,"holdTime":16.0,"speed":1.4,"floorPosition":143.4},{"type":3,"time":6464,"positionX":-2.0,"holdTime":16.0,"speed":1.4,"floorPosition":144.23999},{"type":1,"time":6496,"positionX":0.0,"holdTime":0.0,"speed":1.0,"floorPosition":145.08},{"type":3,"time":6528,"positionX":-3.0,"holdTime":16.0,"speed":1.4,"floorPosition":145.92},{"type":3,"time":6560,"positionX":3.0,"holdTime":16.0,"speed":1.4,"floorPosition":146.76},{"type":3,"time":6592,"positionX":-3.0,"holdTime":16.0,"speed":1.4,"floorPosition":147.59999},{"type":1,"time":6624,"positionX":0.0,"holdTime":0.0,"speed":1.0,"floorPosition":148.44},{"type":3,"time":6656,"positionX":-4.0,"holdTime":16.0,"speed":1.4,"floorPosition":149.28},{"type":3,"time":6688,"positionX":4.0,"holdTime":16.0,"speed":1.4,"floorPosition":150.12},{"type":3,"time":6720,"positionX":-4.0,"holdTime":16.0,"speed":1.4,"floorPosition":150.95999},{"type":1,"time":6752,"positionX":0.0,"holdTime":0.0,"speed":1.0,"floorPosition":151.8},{"type":3,"time":6784,"positionX":-5.0,"holdTime":16.0,"speed":1.4,"floorPosition":152.64},{"type":3,"time":6816,"positionX":-3.0,"holdTime":16.0,"speed":1.4,"floorPosition":153.48},{"type":3,"time":6848,"positionX":-1.0,"holdTime":16.0,"speed":1.4,"floorPosition":154.31999},{"type":1,"time":6880,"positionX":1.0,"holdTime":0.0,"speed":1.0,"floorPosition":155.16}],"notesBelow":[{"type":3,"time":4843,"positionX":2.0,"holdTime":64.0,"speed":1.4,"floorPosition":101.68875},{"type":3,"time":5099,"positionX":2.0,"holdTime":64.0,"speed":1.4,"floorPosition":108.408745},{"type":2,"time":5195,"positionX":0.0,"holdTime":0.0,"speed":1.0,"floorPosition":110.92875},{"type":2,"time":5205,"positionX":0.0,"holdTime":0.0,"speed":1.0,"floorPosition":111.191246},{"type":2,"time":5216,"positionX":0.0,"holdTime":0.0,"speed":1.0,"floorPosition":111.479996},{"type":2,"time":5227,"positionX":0.0,"holdTime":0.0,"speed":1.0,"floorPosition":111.768745},{"type":1,"time":5344,"positionX":-2.0,"holdTime":0.0,"speed":1.0,"floorPosition":114.84},{"type":1,"time":5344,"positionX":2.0,"holdTime":0.0,"speed":1.0,"floorPosition":114.84},{"type":1,"time":5472,"positionX":0.0,"holdTime":0.0,"speed":1.0,"floorPosition":118.2},{"type":1,"time":5589,"positionX":-2.0,"holdTime":0.0,"speed":1.0,"floorPosition":121.27125},{"type":1,"time":5600,"positionX":2.0,"holdTime":0.0,"speed":1.0,"floorPosition":121.56}],"speedEvents":[{"startTime":0.0,"endTime":3392.0,"value":1.0},{"startTime":3392.0,"endTime":1000000000.0,"value":1.4}],"judgeLineMoveEvents":[{"startTime":-999999.0,"endTime":5259.0,"start":0.5,"end":0.5,"start2":0.5,"end2":0.5},{"startTime":5259.0,"endTime":5269.0,"start":0.5,"end":0.5,"start2":0.4,"end2":0.5},{"startTime":5269.0,"endTime":5301.0,"start":0.5,"end":0.5,"start2":0.5,"end2":0.5},{"startTime":5301.0,"endTime":5312.0,"start":0.5,"end":0.5,"start2":0.6,"end2":0.5},{"startTime":5312.0,"endTime":5323.0,"start":0.5,"end":0.5,"start2":0.4,"end2":0.5},{"startTime":5323.0,"endTime":5792.0,"start":0.5,"end":0.5,"start2":0.5,"end2":0.5},{"startTime":5792.0,"endTime":5824.0,"start":0.5,"end":0.5,"start2":0.5,"end2":0.2},{"startTime":5824.0,"endTime":5856.0,"start":0.5,"end":0.5,"start2":0.15,"end2":0.2},{"startTime":5856.0,"endTime":5867.0,"start":0.5,"end":0.5,"start2":0.25,"end2":0.2},{"startTime":5867.0,"endTime":5984.0,"start":0.5,"end":0.5,"start2":0.2,"end2":0.2},{"startTime":5984.0,"endTime":6016.0,"start":0.5,"end":0.5,"start2":0.15,"end2":0.25},{"startTime":6016.0,"endTime":6112.0,"start":0.5,"end":0.5,"start2":0.25,"end2":0.25},{"startTime":6112.0,"endTime":6128.0,"start":0.5,"end":0.5,"start2":0.3,"end2":0.4},{"startTime":6128.0,"endTime":6240.0,"start":0.5,"end":0.5,"start2":0.4,"end2":0.4},{"startTime":6240.0,"endTime":6248.0,"start":0.5,"end":0.5,"start2":0.3,"end2":0.3},{"startTime":6248.0,"endTime":6252.0,"start":0.5,"end":0.5,"start2":0.6,"end2":0.6},{"startTime":6252.0,"endTime":6256.0,"start":0.5,"end":0.5,"start2":0.4,"end2":0.4},{"startTime":6256.0,"endTime":6368.0,"start":0.5,"end":0.5,"start2":0.5,"end2":0.5},{"startTime":6368.0,"endTime":6384.0,"start":0.5,"end":0.5,"start2":0.4,"end2":0.5},{"startTime":6384.0,"endTime":6496.0,"start":0.5,"end":0.5,"start2":0.5,"end2":0.5},{"startTime":6496.0,"endTime":6504.0,"start":0.5,"end":0.5,"start2":0.44807693,"end2":0.5},{"startTime":6504.0,"endTime":6512.0,"start":0.5,"end":0.5,"start2":0.5,"end2":0.5},{"startTime":6512.0,"endTime":6520.0,"start":0.5,"end":0.5,"start2":0.44807693,"end2":0.5},{"startTime":6520.0,"endTime":6624.0,"start":0.5,"end":0.5,"start2":0.5,"end2":0.5},{"startTime":6624.0,"endTime":6640.0,"start":0.5,"end":0.5,"start2":0.4,"end2":0.5},{"startTime":6640.0,"endTime":6752.0,"start":0.5,"end":0.5,"start2":0.5,"end2":0.5},{"startTime":6752.0,"endTime":6760.0,"start":0.5,"end":0.5,"start2":0.44807693,"end2":0.5},{"startTime":6760.0,"endTime":6768.0,"start":0.5,"end":0.5,"start2":0.5,"end2":0.5},{"startTime":6768.0,"endTime":6776.0,"start":0.5,"end":0.5,"start2":0.44807693,"end2":0.5},{"startTime":6776.0,"endTime":6880.0,"start":0.5,"end":0.5,"start2":0.5,"end2":0.5},{"startTime":6880.0,"endTime":6881.0,"start":0.5,"end":0.5,"start2":0.5,"end2":0.43076923},{"startTime":6881.0,"endTime":6882.0,"start":0.5,"end":0.5,"start2":0.43076923,"end2":0.37884617},{"startTime":6882.0,"endTime":6883.0,"start":0.5,"end":0.5,"start2":0.37884617,"end2":0.33846155},{"startTime":6883.0,"endTime":6884.0,"start":0.5,"end":0.5,"start2":0.33846155,"end2":0.30384615},{"startTime":6884.0,"endTime":6885.0,"start":0.5,"end":0.5,"start2":0.30384615,"end2":0.275},{"startTime":6885.0,"endTime":6886.0,"start":0.5,"end":0.5,"start2":0.275,"end2":0.24807692},{"startTime":6886.0,"endTime":6887.0,"start":0.5,"end":0.5,"start2":0.24807692,"end2":0.225},{"startTime":6887.0,"endTime":6889.0,"start":0.5,"end":0.5,"start2":0.225,"end2":0.18653846},{"startTime":6889.0,"endTime":6890.0,"start":0.5,"end":0.5,"start2":0.18653846,"end2":0.16923077},{"startTime":6890.0,"endTime":6891.0,"start":0.5,"end":0.5,"start2":0.16923077,"end2":0.15384616},{"startTime":6891.0,"endTime":6892.0,"start":0.5,"end":0.5,"start2":0.15384616,"end2":0.14038461},{"startTime":6892.0,"endTime":6893.0,"start":0.5,"end":0.5,"start2":0.14038461,"end2":0.12692308},{"startTime":6893.0,"endTime":6894.0,"start":0.5,"end":0.5,"start2":0.12692308,"end2":0.115384616},{"startTime":6894.0,"endTime":6895.0,"start":0.5,"end":0.5,"start2":0.115384616,"end2":0.103846155},{"startTime":6895.0,"endTime":6898.0,"start":0.5,"end":0.5,"start2":0.103846155,"end2":0.075},{"startTime":6898.0,"endTime":6899.0,"start":0.5,"end":0.5,"start2":0.075,"end2":0.067307696},{"startTime":6899.0,"endTime":6900.0,"start":0.5,"end":0.5,"start2":0.067307696,"end2":0.059615385},{"startTime":6900.0,"endTime":6902.0,"start":0.5,"end":0.5,"start2":0.059615385,"end2":0.04423077},{"startTime":6902.0,"endTime":6904.0,"start":0.5,"end":0.5,"start2":0.04423077,"end2":0.03269231},{"startTime":6904.0,"endTime":6905.0,"start":0.5,"end":0.5,"start2":0.03269231,"end2":0.028846154},{"startTime":6905.0,"endTime":6906.0,"start":0.5,"end":0.5,"start2":0.028846154,"end2":0.023076924},{"startTime":6906.0,"endTime":6907.0,"start":0.5,"end":0.5,"start2":0.023076924,"end2":0.01923077},{"startTime":6907.0,"endTime":6908.0,"start":0.5,"end":0.5,"start2":0.01923077,"end2":0.013461539},{"startTime":6908.0,"endTime":6909.0,"start":0.5,"end":0.5,"start2":0.013461539,"end2":0.009615385},{"startTime":6909.0,"endTime":6910.0,"start":0.5,"end":0.5,"start2":0.009615385,"end2":0.0076923077},{"startTime":6910.0,"endTime":6912.0,"start":0.5,"end":0.5,"start2":0.0076923077,"end2":0.0},{"startTime":6912.0,"endTime":1000000000.0,"start":0.5,"end":0.5,"start2":0.5,"end2":0.5}],"judgeLineRotateEvents":[{"startTime":-999999.0,"endTime":4384.0,"start":0.0,"end":0.0},{"startTime":4384.0,"endTime":5195.0,"start":40.0,"end":40.0},{"startTime":5195.0,"endTime":5205.0,"start":50.0,"end":50.0},{"startTime":5205.0,"endTime":5216.0,"start":60.0,"end":60.0},{"startTime":5216.0,"endTime":5227.0,"start":70.0,"end":70.0},{"startTime":5227.0,"endTime":5344.0,"start":80.0,"end":80.0},{"startTime":5344.0,"endTime":5600.0,"start":80.0,"end":310.0},{"startTime":5600.0,"endTime":5728.0,"start":310.0,"end":370.0},{"startTime":5728.0,"endTime":5792.0,"start":350.0,"end":360.0},{"startTime":5792.0,"endTime":1000000000.0,"start":0.0,"end":0.0}],"judgeLineDisappearEvents":[{"startTime":-999999.0,"endTime":4640.0,"start":0.0,"end":0.0},{"startTime":4640.0,"endTime":4672.0,"start":0.0,"end":1.0},{"startTime":4672.0,"endTime":4715.0,"start":1.0,"end":1.0},{"startTime":4715.0,"endTime":4736.0,"start":0.0,"end":1.0},{"startTime":4736.0,"endTime":4843.0,"start":1.0,"end":1.0},{"startTime":4843.0,"endTime":4864.0,"start":0.0,"end":1.0},{"startTime":4864.0,"endTime":6880.0,"start":1.0,"end":1.0},{"startTime":6880.0,"endTime":6912.0,"start":1.0,"end":0.0},{"startTime":6912.0,"endTime":36912.0,"start":0.0,"end":0.0},{"startTime":36912.0,"endTime":30001.0,"start":0.0,"end":0.0},{"startTime":30001.0,"endTime":1000000000.0,"start":1.0,"end":1.0}]}]}