{"formatVersion":3,"offset":0.0,"judgeLineList":[{"bpm":128.0,"notesAbove":[{"type":3,"time":128,"positionX":3.842106,"holdTime":64.0,"speed":1.6,"floorPosition":3.0},{"type":1,"time":256,"positionX":-1.807018,"holdTime":0.0,"speed":1.0,"floorPosition":6.0},{"type":1,"time":320,"positionX":2.421052,"holdTime":0.0,"speed":1.0,"floorPosition":7.5},{"type":1,"time":384,"positionX":-2.85965,"holdTime":0.0,"speed":1.0,"floorPosition":9.0},{"type":1,"time":512,"positionX":-1.157895,"holdTime":0.0,"speed":1.0,"floorPosition":12.0},{"type":1,"time":576,"positionX":1.91228,"holdTime":0.0,"speed":1.0,"floorPosition":13.5},{"type":1,"time":640,"positionX":-2.456141,"holdTime":0.0,"speed":1.0,"floorPosition":15.0},{"type":1,"time":768,"positionX":1.929825,"holdTime":0.0,"speed":1.0,"floorPosition":18.0},{"type":1,"time":832,"positionX":-2.070175,"holdTime":0.0,"speed":1.0,"floorPosition":19.5},{"type":1,"time":896,"positionX":1.315789,"holdTime":0.0,"speed":1.0,"floorPosition":21.0},{"type":1,"time":1024,"positionX":-1.824561,"holdTime":0.0,"speed":1.0,"floorPosition":24.0},{"type":1,"time":1088,"positionX":2.035088,"holdTime":0.0,"speed":1.0,"floorPosition":25.5},{"type":3,"time":1152,"positionX":-1.842106,"holdTime":64.0,"speed":1.6,"floorPosition":27.0},{"type":3,"time":1280,"positionX":2.473684,"holdTime":64.0,"speed":1.6,"floorPosition":30.0},{"type":3,"time":1344,"positionX":-3.385965,"holdTime":64.0,"speed":1.6,"floorPosition":31.5},{"type":3,"time":1408,"positionX":3.754386,"holdTime":64.0,"speed":1.6,"floorPosition":33.0},{"type":1,"time":1536,"positionX":-1.070175,"holdTime":0.0,"speed":1.0,"floorPosition":36.0},{"type":1,"time":1600,"positionX":3.77193,"holdTime":0.0,"speed":1.0,"floorPosition":37.5},{"type":1,"time":1664,"positionX":-2.754386,"holdTime":0.0,"speed":1.0,"floorPosition":39.0},{"type":1,"time":1792,"positionX":2.596492,"holdTime":0.0,"speed":1.0,"floorPosition":42.0},{"type":1,"time":1920,"positionX":0.1578951,"holdTime":0.0,"speed":1.0,"floorPosition":45.0},{"type":1,"time":2048,"positionX":0.3684216,"holdTime":0.0,"speed":1.0,"floorPosition":48.0},{"type":1,"time":2176,"positionX":1.175438,"holdTime":0.0,"speed":1.0,"floorPosition":51.0},{"type":1,"time":2272,"positionX":1.263159,"holdTime":0.0,"speed":1.0,"floorPosition":53.25},{"type":1,"time":2304,"positionX":-2.982456,"holdTime":0.0,"speed":1.0,"floorPosition":54.0},{"type":1,"time":2368,"positionX":1.982456,"holdTime":0.0,"speed":1.0,"floorPosition":55.5},{"type":1,"time":2432,"positionX":-1.947369,"holdTime":0.0,"speed":1.0,"floorPosition":57.0},{"type":1,"time":2528,"positionX":-3.070175,"holdTime":0.0,"speed":1.0,"floorPosition":59.25},{"type":1,"time":2560,"positionX":2.526316,"holdTime":0.0,"speed":1.0,"floorPosition":60.0},{"type":1,"time":2624,"positionX":-1.543859,"holdTime":0.0,"speed":1.0,"floorPosition":61.5},{"type":1,"time":2688,"positionX":0.8421049,"holdTime":0.0,"speed":1.0,"floorPosition":63.0},{"type":1,"time":2752,"positionX":-3.736842,"holdTime":0.0,"speed":1.0,"floorPosition":64.5},{"type":1,"time":2784,"positionX":1.85965,"holdTime":0.0,"speed":1.0,"floorPosition":65.25},{"type":1,"time":2816,"positionX":-3.561403,"holdTime":0.0,"speed":1.0,"floorPosition":66.0},{"type":1,"time":2880,"positionX":2.789474,"holdTime":0.0,"speed":1.0,"floorPosition":67.5},{"type":1,"time":2944,"positionX":-3.087719,"holdTime":0.0,"speed":1.0,"floorPosition":69.0},{"type":1,"time":3008,"positionX":3.298245,"holdTime":0.0,"speed":1.0,"floorPosition":70.5},{"type":1,"time":3040,"positionX":-2.561403,"holdTime":0.0,"speed":1.0,"floorPosition":71.25},{"type":1,"time":3072,"positionX":2.666667,"holdTime":0.0,"speed":1.0,"floorPosition":72.0},{"type":1,"time":3136,"positionX":-1.526316,"holdTime":0.0,"speed":1.0,"floorPosition":73.5},{"type":1,"time":3200,"positionX":0.6842098,"holdTime":0.0,"speed":1.0,"floorPosition":75.0},{"type":1,"time":3264,"positionX":0.4912281,"holdTime":0.0,"speed":1.0,"floorPosition":76.5},{"type":1,"time":3328,"positionX":-2.245614,"holdTime":0.0,"speed":1.0,"floorPosition":78.0},{"type":1,"time":3392,"positionX":-2.508772,"holdTime":0.0,"speed":1.0,"floorPosition":79.5},{"type":1,"time":3456,"positionX":1.947369,"holdTime":0.0,"speed":1.0,"floorPosition":81.0},{"type":1,"time":3520,"positionX":-0.4561405,"holdTime":0.0,"speed":1.0,"floorPosition":82.5},{"type":1,"time":3584,"positionX":-3.192982,"holdTime":0.0,"speed":1.0,"floorPosition":84.0},{"type":1,"time":3648,"positionX":-0.5964909,"holdTime":0.0,"speed":1.0,"floorPosition":85.5},{"type":1,"time":3712,"positionX":0.3508778,"holdTime":0.0,"speed":1.0,"floorPosition":87.0},{"type":2,"time":3744,"positionX":0.2280703,"holdTime":0.0,"speed":1.0,"floorPosition":87.75},{"type":2,"time":3776,"positionX":0.1982455,"holdTime":0.0,"speed":1.0,"floorPosition":88.5},{"type":2,"time":3808,"positionX":0.2631578,"holdTime":0.0,"speed":1.0,"floorPosition":89.25},{"type":2,"time":3840,"positionX":0.2092733,"holdTime":0.0,"speed":1.0,"floorPosition":90.0},{"type":2,"time":3872,"positionX":-0.03655036,"holdTime":0.0,"speed":1.0,"floorPosition":90.75},{"type":2,"time":3904,"positionX":-0.503258,"holdTime":0.0,"speed":1.0,"floorPosition":91.5},{"type":2,"time":3936,"positionX":-1.087719,"holdTime":0.0,"speed":1.0,"floorPosition":92.25},{"type":2,"time":3968,"positionX":1.526317,"holdTime":0.0,"speed":1.0,"floorPosition":93.0},{"type":2,"time":3984,"positionX":1.508772,"holdTime":0.0,"speed":1.0,"floorPosition":93.375},{"type":2,"time":4000,"positionX":1.500975,"holdTime":0.0,"speed":1.0,"floorPosition":93.75},{"type":2,"time":4016,"positionX":1.541667,"holdTime":0.0,"speed":1.0,"floorPosition":94.125},{"type":2,"time":4032,"positionX":-0.2280703,"holdTime":0.0,"speed":1.0,"floorPosition":94.5},{"type":2,"time":4048,"positionX":-0.3311404,"holdTime":0.0,"speed":1.0,"floorPosition":94.875},{"type":2,"time":4064,"positionX":-0.4912281,"holdTime":0.0,"speed":1.0,"floorPosition":95.25},{"type":2,"time":4080,"positionX":-0.9220275,"holdTime":0.0,"speed":1.0,"floorPosition":95.625},{"type":1,"time":4224,"positionX":-1.017544,"holdTime":0.0,"speed":1.0,"floorPosition":99.0},{"type":1,"time":4256,"positionX":3.122808,"holdTime":0.0,"speed":1.0,"floorPosition":99.75},{"type":1,"time":4352,"positionX":-2.350877,"holdTime":0.0,"speed":1.0,"floorPosition":102.0},{"type":1,"time":4416,"positionX":2.77193,"holdTime":0.0,"speed":1.0,"floorPosition":103.5},{"type":1,"time":4480,"positionX":-3.631578,"holdTime":0.0,"speed":1.0,"floorPosition":105.0},{"type":1,"time":4512,"positionX":3.052631,"holdTime":0.0,"speed":1.0,"floorPosition":105.75},{"type":1,"time":4608,"positionX":2.122808,"holdTime":0.0,"speed":1.0,"floorPosition":108.0},{"type":1,"time":4672,"positionX":-1.736842,"holdTime":0.0,"speed":1.0,"floorPosition":109.5},{"type":1,"time":4736,"positionX":1.421052,"holdTime":0.0,"speed":1.0,"floorPosition":111.0},{"type":1,"time":4768,"positionX":-1.596491,"holdTime":0.0,"speed":1.0,"floorPosition":111.75},{"type":1,"time":4864,"positionX":3.245614,"holdTime":0.0,"speed":1.0,"floorPosition":114.0},{"type":1,"time":4928,"positionX":-3.526316,"holdTime":0.0,"speed":1.0,"floorPosition":115.5},{"type":1,"time":4992,"positionX":-1.491228,"holdTime":0.0,"speed":1.0,"floorPosition":117.0},{"type":1,"time":5024,"positionX":2.157894,"holdTime":0.0,"speed":1.0,"floorPosition":117.75},{"type":1,"time":5120,"positionX":-2.175439,"holdTime":0.0,"speed":1.0,"floorPosition":120.0},{"type":1,"time":5184,"positionX":2.964912,"holdTime":0.0,"speed":1.0,"floorPosition":121.5},{"type":1,"time":5280,"positionX":-2.333333,"holdTime":0.0,"speed":1.0,"floorPosition":123.75},{"type":1,"time":5328,"positionX":-1.22807,"holdTime":0.0,"speed":1.0,"floorPosition":124.875},{"type":1,"time":5376,"positionX":0.4912281,"holdTime":0.0,"speed":1.0,"floorPosition":126.0},{"type":1,"time":5440,"positionX":-2.631578,"holdTime":0.0,"speed":1.0,"floorPosition":127.5},{"type":1,"time":5504,"positionX":2.421052,"holdTime":0.0,"speed":1.0,"floorPosition":129.0},{"type":1,"time":5536,"positionX":-1.210526,"holdTime":0.0,"speed":1.0,"floorPosition":129.75},{"type":1,"time":5632,"positionX":2.333333,"holdTime":0.0,"speed":1.0,"floorPosition":132.0},{"type":1,"time":5696,"positionX":-3.157894,"holdTime":0.0,"speed":1.0,"floorPosition":133.5},{"type":1,"time":5792,"positionX":-1.596491,"holdTime":0.0,"speed":1.0,"floorPosition":135.75},{"type":1,"time":5840,"positionX":-1.736842,"holdTime":0.0,"speed":1.0,"floorPosition":136.875},{"type":1,"time":5888,"positionX":2.350878,"holdTime":0.0,"speed":1.0,"floorPosition":138.0},{"type":1,"time":5952,"positionX":-1.77193,"holdTime":0.0,"speed":1.0,"floorPosition":139.5},{"type":1,"time":6016,"positionX":1.982456,"holdTime":0.0,"speed":1.0,"floorPosition":141.0},{"type":1,"time":6048,"positionX":-2.824561,"holdTime":0.0,"speed":1.0,"floorPosition":141.75},{"type":1,"time":6144,"positionX":1.947369,"holdTime":0.0,"speed":1.0,"floorPosition":144.0},{"type":1,"time":6208,"positionX":-3.456141,"holdTime":0.0,"speed":1.0,"floorPosition":145.5},{"type":1,"time":6272,"positionX":1.333333,"holdTime":0.0,"speed":1.0,"floorPosition":147.0},{"type":1,"time":6304,"positionX":-2.245614,"holdTime":0.0,"speed":1.0,"floorPosition":147.75},{"type":1,"time":6368,"positionX":-1.210526,"holdTime":0.0,"speed":1.0,"floorPosition":149.25},{"type":1,"time":6432,"positionX":4.350878,"holdTime":0.0,"speed":1.0,"floorPosition":150.75},{"type":1,"time":6496,"positionX":-1.245614,"holdTime":0.0,"speed":1.0,"floorPosition":152.25},{"type":1,"time":6560,"positionX":-2.122807,"holdTime":0.0,"speed":1.0,"floorPosition":153.75},{"type":1,"time":6624,"positionX":-0.05263233,"holdTime":0.0,"speed":1.0,"floorPosition":155.25},{"type":1,"time":6688,"positionX":1.877192,"holdTime":0.0,"speed":1.0,"floorPosition":156.75},{"type":1,"time":6752,"positionX":0.01754379,"holdTime":0.0,"speed":1.0,"floorPosition":158.25},{"type":2,"time":6816,"positionX":2.385964,"holdTime":0.0,"speed":1.0,"floorPosition":159.75},{"type":1,"time":6880,"positionX":-0.4912281,"holdTime":0.0,"speed":1.0,"floorPosition":161.25},{"type":1,"time":6944,"positionX":-2.245614,"holdTime":0.0,"speed":1.0,"floorPosition":162.75},{"type":1,"time":7008,"positionX":-0.912281,"holdTime":0.0,"speed":1.0,"floorPosition":164.25},{"type":1,"time":7072,"positionX":-1.807018,"holdTime":0.0,"speed":1.0,"floorPosition":165.75},{"type":1,"time":7136,"positionX":-0.1052628,"holdTime":0.0,"speed":1.0,"floorPosition":167.25},{"type":1,"time":7200,"positionX":-1.859649,"holdTime":0.0,"speed":1.0,"floorPosition":168.75},{"type":1,"time":7264,"positionX":1.649122,"holdTime":0.0,"speed":1.0,"floorPosition":170.25},{"type":3,"time":7296,"positionX":0.01754379,"holdTime":384.0,"speed":1.6,"floorPosition":171.0}],"notesBelow":[],"speedEvents":[{"startTime":0.0,"endTime":1000000000.0,"value":1.6}],"judgeLineMoveEvents":[{"startTime":-999999.0,"endTime":0.0,"start":0.5,"end":0.5,"start2":0.5,"end2":0.5},{"startTime":0.0,"endTime":1.0,"start":0.5,"end":0.5,"start2":0.5,"end2":0.49072587},{"startTime":1.0,"endTime":2.0,"start":0.5,"end":0.5,"start2":0.49072587,"end2":0.48164463},{"startTime":2.0,"endTime":3.0,"start":0.5,"end":0.5,"start2":0.48164463,"end2":0.47275427},{"startTime":3.0,"endTime":4.0,"start":0.5,"end":0.5,"start2":0.47275427,"end2":0.46405274},{"startTime":4.0,"endTime":5.0,"start":0.5,"end":0.5,"start2":0.46405274,"end2":0.45553806},{"startTime":5.0,"endTime":6.0,"start":0.5,"end":0.5,"start2":0.45553806,"end2":0.44720817},{"startTime":6.0,"endTime":7.0,"start":0.5,"end":0.5,"start2":0.44720817,"end2":0.43906108},{"startTime":7.0,"endTime":8.0,"start":0.5,"end":0.5,"start2":0.43906108,"end2":0.4310947},{"startTime":8.0,"endTime":9.0,"start":0.5,"end":0.5,"start2":0.4310947,"end2":0.42330706},{"startTime":9.0,"endTime":10.0,"start":0.5,"end":0.5,"start2":0.42330706,"end2":0.4156961},{"startTime":10.0,"endTime":11.0,"start":0.5,"end":0.5,"start2":0.4156961,"end2":0.40825987},{"startTime":11.0,"endTime":12.0,"start":0.5,"end":0.5,"start2":0.40825987,"end2":0.40099624},{"startTime":12.0,"endTime":13.0,"start":0.5,"end":0.5,"start2":0.40099624,"end2":0.39390326},{"startTime":13.0,"endTime":14.0,"start":0.5,"end":0.5,"start2":0.39390326,"end2":0.3869789},{"startTime":14.0,"endTime":15.0,"start":0.5,"end":0.5,"start2":0.3869789,"end2":0.38022104},{"startTime":15.0,"endTime":16.0,"start":0.5,"end":0.5,"start2":0.38022104,"end2":0.37362778},{"startTime":16.0,"endTime":17.0,"start":0.5,"end":0.5,"start2":0.37362778,"end2":0.36719707},{"startTime":17.0,"endTime":18.0,"start":0.5,"end":0.5,"start2":0.36719707,"end2":0.36092684},{"startTime":18.0,"endTime":19.0,"start":0.5,"end":0.5,"start2":0.36092684,"end2":0.35481507},{"startTime":19.0,"endTime":20.0,"start":0.5,"end":0.5,"start2":0.35481507,"end2":0.34885976},{"startTime":20.0,"endTime":21.0,"start":0.5,"end":0.5,"start2":0.34885976,"end2":0.34305882},{"startTime":21.0,"endTime":22.0,"start":0.5,"end":0.5,"start2":0.34305882,"end2":0.33741036},{"startTime":22.0,"endTime":23.0,"start":0.5,"end":0.5,"start2":0.33741036,"end2":0.33191228},{"startTime":23.0,"endTime":24.0,"start":0.5,"end":0.5,"start2":0.33191228,"end2":0.3265625},{"startTime":24.0,"endTime":25.0,"start":0.5,"end":0.5,"start2":0.3265625,"end2":0.3213646},{"startTime":25.0,"endTime":26.0,"start":0.5,"end":0.5,"start2":0.3213646,"end2":0.31631085},{"startTime":26.0,"endTime":27.0,"start":0.5,"end":0.5,"start2":0.31631085,"end2":0.31139928},{"startTime":27.0,"endTime":28.0,"start":0.5,"end":0.5,"start2":0.31139928,"end2":0.30662775},{"startTime":28.0,"endTime":29.0,"start":0.5,"end":0.5,"start2":0.30662775,"end2":0.3019943},{"startTime":29.0,"endTime":30.0,"start":0.5,"end":0.5,"start2":0.3019943,"end2":0.2974969},{"startTime":30.0,"endTime":31.0,"start":0.5,"end":0.5,"start2":0.2974969,"end2":0.29313356},{"startTime":31.0,"endTime":32.0,"start":0.5,"end":0.5,"start2":0.29313356,"end2":0.2889022},{"startTime":32.0,"endTime":33.0,"start":0.5,"end":0.5,"start2":0.2889022,"end2":0.2848008},{"startTime":33.0,"endTime":34.0,"start":0.5,"end":0.5,"start2":0.2848008,"end2":0.28082737},{"startTime":34.0,"endTime":35.0,"start":0.5,"end":0.5,"start2":0.28082737,"end2":0.27697983},{"startTime":35.0,"endTime":36.0,"start":0.5,"end":0.5,"start2":0.27697983,"end2":0.27325624},{"startTime":36.0,"endTime":37.0,"start":0.5,"end":0.5,"start2":0.27325624,"end2":0.2696545},{"startTime":37.0,"endTime":38.0,"start":0.5,"end":0.5,"start2":0.2696545,"end2":0.26617262},{"startTime":38.0,"endTime":39.0,"start":0.5,"end":0.5,"start2":0.26617262,"end2":0.26280856},{"startTime":39.0,"endTime":40.0,"start":0.5,"end":0.5,"start2":0.26280856,"end2":0.2595603},{"startTime":40.0,"endTime":41.0,"start":0.5,"end":0.5,"start2":0.2595603,"end2":0.2564258},{"startTime":41.0,"endTime":42.0,"start":0.5,"end":0.5,"start2":0.2564258,"end2":0.25340307},{"startTime":42.0,"endTime":43.0,"start":0.5,"end":0.5,"start2":0.25340307,"end2":0.25049007},{"startTime":43.0,"endTime":44.0,"start":0.5,"end":0.5,"start2":0.25049007,"end2":0.24768475},{"startTime":44.0,"endTime":45.0,"start":0.5,"end":0.5,"start2":0.24768475,"end2":0.24498509},{"startTime":45.0,"endTime":46.0,"start":0.5,"end":0.5,"start2":0.24498509,"end2":0.2423891},{"startTime":46.0,"endTime":47.0,"start":0.5,"end":0.5,"start2":0.2423891,"end2":0.23989473},{"startTime":47.0,"endTime":48.0,"start":0.5,"end":0.5,"start2":0.23989473,"end2":0.23749998},{"startTime":48.0,"endTime":49.0,"start":0.5,"end":0.5,"start2":0.23749998,"end2":0.23520648},{"startTime":49.0,"endTime":50.0,"start":0.5,"end":0.5,"start2":0.23520648,"end2":0.23300835},{"startTime":50.0,"endTime":51.0,"start":0.5,"end":0.5,"start2":0.23300835,"end2":0.23090363},{"startTime":51.0,"endTime":52.0,"start":0.5,"end":0.5,"start2":0.23090363,"end2":0.22889024},{"startTime":52.0,"endTime":53.0,"start":0.5,"end":0.5,"start2":0.22889024,"end2":0.22696619},{"startTime":53.0,"endTime":54.0,"start":0.5,"end":0.5,"start2":0.22696619,"end2":0.22512941},{"startTime":54.0,"endTime":55.0,"start":0.5,"end":0.5,"start2":0.22512941,"end2":0.22337793},{"startTime":55.0,"endTime":56.0,"start":0.5,"end":0.5,"start2":0.22337793,"end2":0.22170968},{"startTime":56.0,"endTime":57.0,"start":0.5,"end":0.5,"start2":0.22170968,"end2":0.22012267},{"startTime":57.0,"endTime":58.0,"start":0.5,"end":0.5,"start2":0.22012267,"end2":0.21861486},{"startTime":58.0,"endTime":59.0,"start":0.5,"end":0.5,"start2":0.21861486,"end2":0.21718422},{"startTime":59.0,"endTime":60.0,"start":0.5,"end":0.5,"start2":0.21718422,"end2":0.21582875},{"startTime":60.0,"endTime":61.0,"start":0.5,"end":0.5,"start2":0.21582875,"end2":0.21454638},{"startTime":61.0,"endTime":62.0,"start":0.5,"end":0.5,"start2":0.21454638,"end2":0.21333513},{"startTime":62.0,"endTime":63.0,"start":0.5,"end":0.5,"start2":0.21333513,"end2":0.21219294},{"startTime":63.0,"endTime":64.0,"start":0.5,"end":0.5,"start2":0.21219294,"end2":0.21111777},{"startTime":64.0,"endTime":65.0,"start":0.5,"end":0.5,"start2":0.21111777,"end2":0.21010768},{"startTime":65.0,"endTime":66.0,"start":0.5,"end":0.5,"start2":0.21010768,"end2":0.20916055},{"startTime":66.0,"endTime":67.0,"start":0.5,"end":0.5,"start2":0.20916055,"end2":0.20827442},{"startTime":67.0,"endTime":68.0,"start":0.5,"end":0.5,"start2":0.20827442,"end2":0.20744725},{"startTime":68.0,"endTime":69.0,"start":0.5,"end":0.5,"start2":0.20744725,"end2":0.20667697},{"startTime":69.0,"endTime":70.0,"start":0.5,"end":0.5,"start2":0.20667697,"end2":0.20596161},{"startTime":70.0,"endTime":71.0,"start":0.5,"end":0.5,"start2":0.20596161,"end2":0.20529912},{"startTime":71.0,"endTime":72.0,"start":0.5,"end":0.5,"start2":0.20529912,"end2":0.20468749},{"startTime":72.0,"endTime":73.0,"start":0.5,"end":0.5,"start2":0.20468749,"end2":0.20412648},{"startTime":73.0,"endTime":74.0,"start":0.5,"end":0.5,"start2":0.20412648,"end2":0.2036121},{"startTime":74.0,"endTime":75.0,"start":0.5,"end":0.5,"start2":0.2036121,"end2":0.20314237},{"startTime":75.0,"endTime":76.0,"start":0.5,"end":0.5,"start2":0.20314237,"end2":0.20271525},{"startTime":76.0,"endTime":77.0,"start":0.5,"end":0.5,"start2":0.20271525,"end2":0.20232868},{"startTime":77.0,"endTime":78.0,"start":0.5,"end":0.5,"start2":0.20232868,"end2":0.20198068},{"startTime":78.0,"endTime":79.0,"start":0.5,"end":0.5,"start2":0.20198068,"end2":0.20166919},{"startTime":79.0,"endTime":80.0,"start":0.5,"end":0.5,"start2":0.20166919,"end2":0.20139217},{"startTime":80.0,"endTime":81.0,"start":0.5,"end":0.5,"start2":0.20139217,"end2":0.20114768},{"startTime":81.0,"endTime":82.0,"start":0.5,"end":0.5,"start2":0.20114768,"end2":0.2009336},{"startTime":82.0,"endTime":83.0,"start":0.5,"end":0.5,"start2":0.2009336,"end2":0.20074798},{"startTime":83.0,"endTime":84.0,"start":0.5,"end":0.5,"start2":0.20074798,"end2":0.20058875},{"startTime":84.0,"endTime":85.0,"start":0.5,"end":0.5,"start2":0.20058875,"end2":0.20045388},{"startTime":85.0,"endTime":86.0,"start":0.5,"end":0.5,"start2":0.20045388,"end2":0.20034136},{"startTime":86.0,"endTime":87.0,"start":0.5,"end":0.5,"start2":0.20034136,"end2":0.20024918},{"startTime":87.0,"endTime":88.0,"start":0.5,"end":0.5,"start2":0.20024918,"end2":0.2001753},{"startTime":88.0,"endTime":89.0,"start":0.5,"end":0.5,"start2":0.2001753,"end2":0.20011768},{"startTime":89.0,"endTime":90.0,"start":0.5,"end":0.5,"start2":0.20011768,"end2":0.20007432},{"startTime":90.0,"endTime":91.0,"start":0.5,"end":0.5,"start2":0.20007432,"end2":0.20004317},{"startTime":91.0,"endTime":92.0,"start":0.5,"end":0.5,"start2":0.20004317,"end2":0.20002225},{"startTime":92.0,"endTime":93.0,"start":0.5,"end":0.5,"start2":0.20002225,"end2":0.20000948},{"startTime":93.0,"endTime":94.0,"start":0.5,"end":0.5,"start2":0.20000948,"end2":0.20000286},{"startTime":94.0,"endTime":95.0,"start":0.5,"end":0.5,"start2":0.20000286,"end2":0.20000038},{"startTime":95.0,"endTime":96.0,"start":0.5,"end":0.5,"start2":0.20000038,"end2":0.19999999},{"startTime":96.0,"endTime":2176.0,"start":0.5,"end":0.5,"start2":0.19999999,"end2":0.19999999},{"startTime":2176.0,"endTime":2684.0,"start":0.5,"end":0.5,"start2":0.19999999,"end2":0.2},{"startTime":2684.0,"endTime":2688.0,"start":0.5,"end":0.5,"start2":0.2,"end2":0.2},{"startTime":2688.0,"endTime":3200.0,"start":0.5,"end":0.5,"start2":0.19999999,"end2":0.19999999},{"startTime":3200.0,"endTime":3201.0,"start":0.5,"end":0.5,"start2":0.19999999,"end2":0.1976963},{"startTime":3201.0,"endTime":3202.0,"start":0.5,"end":0.5,"start2":0.1976963,"end2":0.19545904},{"startTime":3202.0,"endTime":3203.0,"start":0.5,"end":0.5,"start2":0.19545904,"end2":0.19329625},{"startTime":3203.0,"endTime":3204.0,"start":0.5,"end":0.5,"start2":0.19329625,"end2":0.19120136},{"startTime":3204.0,"endTime":3205.0,"start":0.5,"end":0.5,"start2":0.19120136,"end2":0.18917504},{"startTime":3205.0,"endTime":3206.0,"start":0.5,"end":0.5,"start2":0.18917504,"end2":0.18721783},{"startTime":3206.0,"endTime":3207.0,"start":0.5,"end":0.5,"start2":0.18721783,"end2":0.18532354},{"startTime":3207.0,"endTime":3208.0,"start":0.5,"end":0.5,"start2":0.18532354,"end2":0.18349937},{"startTime":3208.0,"endTime":3209.0,"start":0.5,"end":0.5,"start2":0.18349937,"end2":0.18173426},{"startTime":3209.0,"endTime":3210.0,"start":0.5,"end":0.5,"start2":0.18173426,"end2":0.18003684},{"startTime":3210.0,"endTime":3211.0,"start":0.5,"end":0.5,"start2":0.18003684,"end2":0.17839791},{"startTime":3211.0,"endTime":3212.0,"start":0.5,"end":0.5,"start2":0.17839791,"end2":0.17682114},{"startTime":3212.0,"endTime":3213.0,"start":0.5,"end":0.5,"start2":0.17682114,"end2":0.17530373},{"startTime":3213.0,"endTime":3214.0,"start":0.5,"end":0.5,"start2":0.17530373,"end2":0.17384313},{"startTime":3214.0,"endTime":3215.0,"start":0.5,"end":0.5,"start2":0.17384313,"end2":0.17244259},{"startTime":3215.0,"endTime":3216.0,"start":0.5,"end":0.5,"start2":0.17244259,"end2":0.17109375},{"startTime":3216.0,"endTime":3217.0,"start":0.5,"end":0.5,"start2":0.17109375,"end2":0.16980538},{"startTime":3217.0,"endTime":3218.0,"start":0.5,"end":0.5,"start2":0.16980538,"end2":0.16856654},{"startTime":3218.0,"endTime":3219.0,"start":0.5,"end":0.5,"start2":0.16856654,"end2":0.16738299},{"startTime":3219.0,"endTime":3220.0,"start":0.5,"end":0.5,"start2":0.16738299,"end2":0.16624948},{"startTime":3220.0,"endTime":3221.0,"start":0.5,"end":0.5,"start2":0.16624948,"end2":0.1651663},{"startTime":3221.0,"endTime":3222.0,"start":0.5,"end":0.5,"start2":0.1651663,"end2":0.16413347},{"startTime":3222.0,"endTime":3223.0,"start":0.5,"end":0.5,"start2":0.16413347,"end2":0.1631462},{"startTime":3223.0,"endTime":3224.0,"start":0.5,"end":0.5,"start2":0.1631462,"end2":0.16220938},{"startTime":3224.0,"endTime":3225.0,"start":0.5,"end":0.5,"start2":0.16220938,"end2":0.16131474},{"startTime":3225.0,"endTime":3226.0,"start":0.5,"end":0.5,"start2":0.16131474,"end2":0.1604681},{"startTime":3226.0,"endTime":3227.0,"start":0.5,"end":0.5,"start2":0.1604681,"end2":0.15966262},{"startTime":3227.0,"endTime":3228.0,"start":0.5,"end":0.5,"start2":0.15966262,"end2":0.15890051},{"startTime":3228.0,"endTime":3229.0,"start":0.5,"end":0.5,"start2":0.15890051,"end2":0.15817952},{"startTime":3229.0,"endTime":3230.0,"start":0.5,"end":0.5,"start2":0.15817952,"end2":0.15749753},{"startTime":3230.0,"endTime":3231.0,"start":0.5,"end":0.5,"start2":0.15749753,"end2":0.15685634},{"startTime":3231.0,"endTime":3232.0,"start":0.5,"end":0.5,"start2":0.15685634,"end2":0.15625},{"startTime":3232.0,"endTime":3233.0,"start":0.5,"end":0.5,"start2":0.15625,"end2":0.15568398},{"startTime":3233.0,"endTime":3234.0,"start":0.5,"end":0.5,"start2":0.15568398,"end2":0.1551506},{"startTime":3234.0,"endTime":3235.0,"start":0.5,"end":0.5,"start2":0.1551506,"end2":0.1546533},{"startTime":3235.0,"endTime":3236.0,"start":0.5,"end":0.5,"start2":0.1546533,"end2":0.15418825},{"startTime":3236.0,"endTime":3237.0,"start":0.5,"end":0.5,"start2":0.15418825,"end2":0.1537552},{"startTime":3237.0,"endTime":3238.0,"start":0.5,"end":0.5,"start2":0.1537552,"end2":0.15335378},{"startTime":3238.0,"endTime":3239.0,"start":0.5,"end":0.5,"start2":0.15335378,"end2":0.15298058},{"startTime":3239.0,"endTime":3240.0,"start":0.5,"end":0.5,"start2":0.15298058,"end2":0.15263814},{"startTime":3240.0,"endTime":3241.0,"start":0.5,"end":0.5,"start2":0.15263814,"end2":0.152321},{"startTime":3241.0,"endTime":3242.0,"start":0.5,"end":0.5,"start2":0.152321,"end2":0.15203217},{"startTime":3242.0,"endTime":3243.0,"start":0.5,"end":0.5,"start2":0.15203217,"end2":0.15176715},{"startTime":3243.0,"endTime":3244.0,"start":0.5,"end":0.5,"start2":0.15176715,"end2":0.15152676},{"startTime":3244.0,"endTime":3245.0,"start":0.5,"end":0.5,"start2":0.15152676,"end2":0.1513092},{"startTime":3245.0,"endTime":3246.0,"start":0.5,"end":0.5,"start2":0.1513092,"end2":0.15111284},{"startTime":3246.0,"endTime":3247.0,"start":0.5,"end":0.5,"start2":0.15111284,"end2":0.15093806},{"startTime":3247.0,"endTime":3248.0,"start":0.5,"end":0.5,"start2":0.15093806,"end2":0.15078126},{"startTime":3248.0,"endTime":3249.0,"start":0.5,"end":0.5,"start2":0.15078126,"end2":0.1506446},{"startTime":3249.0,"endTime":3250.0,"start":0.5,"end":0.5,"start2":0.1506446,"end2":0.15052374},{"startTime":3250.0,"endTime":3251.0,"start":0.5,"end":0.5,"start2":0.15052374,"end2":0.15041971},{"startTime":3251.0,"endTime":3252.0,"start":0.5,"end":0.5,"start2":0.15041971,"end2":0.15033013},{"startTime":3252.0,"endTime":3253.0,"start":0.5,"end":0.5,"start2":0.15033013,"end2":0.15025426},{"startTime":3253.0,"endTime":3254.0,"start":0.5,"end":0.5,"start2":0.15025426,"end2":0.15019129},{"startTime":3254.0,"endTime":3255.0,"start":0.5,"end":0.5,"start2":0.15019129,"end2":0.15013918},{"startTime":3255.0,"endTime":3256.0,"start":0.5,"end":0.5,"start2":0.15013918,"end2":0.15009813},{"startTime":3256.0,"endTime":3257.0,"start":0.5,"end":0.5,"start2":0.15009813,"end2":0.15006553},{"startTime":3257.0,"endTime":3258.0,"start":0.5,"end":0.5,"start2":0.15006553,"end2":0.15004154},{"startTime":3258.0,"endTime":3259.0,"start":0.5,"end":0.5,"start2":0.15004154,"end2":0.15002403},{"startTime":3259.0,"endTime":3260.0,"start":0.5,"end":0.5,"start2":0.15002403,"end2":0.15001239},{"startTime":3260.0,"endTime":3261.0,"start":0.5,"end":0.5,"start2":0.15001239,"end2":0.1500053},{"startTime":3261.0,"endTime":3262.0,"start":0.5,"end":0.5,"start2":0.1500053,"end2":0.15000159},{"startTime":3262.0,"endTime":3263.0,"start":0.5,"end":0.5,"start2":0.15000159,"end2":0.15000026},{"startTime":3263.0,"endTime":3264.0,"start":0.5,"end":0.5,"start2":0.15000026,"end2":0.15},{"startTime":3264.0,"endTime":3328.0,"start":0.5,"end":0.5,"start2":0.15,"end2":0.15},{"startTime":3328.0,"endTime":3329.0,"start":0.5,"end":0.5,"start2":0.15,"end2":0.1523037},{"startTime":3329.0,"endTime":3330.0,"start":0.5,"end":0.5,"start2":0.1523037,"end2":0.15454096},{"startTime":3330.0,"endTime":3331.0,"start":0.5,"end":0.5,"start2":0.15454096,"end2":0.15670374},{"startTime":3331.0,"endTime":3332.0,"start":0.5,"end":0.5,"start2":0.15670374,"end2":0.15879865},{"startTime":3332.0,"endTime":3333.0,"start":0.5,"end":0.5,"start2":0.15879865,"end2":0.16082495},{"startTime":3333.0,"endTime":3334.0,"start":0.5,"end":0.5,"start2":0.16082495,"end2":0.16278216},{"startTime":3334.0,"endTime":3335.0,"start":0.5,"end":0.5,"start2":0.16278216,"end2":0.16467646},{"startTime":3335.0,"endTime":3336.0,"start":0.5,"end":0.5,"start2":0.16467646,"end2":0.16650063},{"startTime":3336.0,"endTime":3337.0,"start":0.5,"end":0.5,"start2":0.16650063,"end2":0.16826575},{"startTime":3337.0,"endTime":3338.0,"start":0.5,"end":0.5,"start2":0.16826575,"end2":0.16996317},{"startTime":3338.0,"endTime":3339.0,"start":0.5,"end":0.5,"start2":0.16996317,"end2":0.17160209},{"startTime":3339.0,"endTime":3340.0,"start":0.5,"end":0.5,"start2":0.17160209,"end2":0.17317887},{"startTime":3340.0,"endTime":3341.0,"start":0.5,"end":0.5,"start2":0.17317887,"end2":0.17469627},{"startTime":3341.0,"endTime":3342.0,"start":0.5,"end":0.5,"start2":0.17469627,"end2":0.17615686},{"startTime":3342.0,"endTime":3343.0,"start":0.5,"end":0.5,"start2":0.17615686,"end2":0.17755741},{"startTime":3343.0,"endTime":3344.0,"start":0.5,"end":0.5,"start2":0.17755741,"end2":0.17890625},{"startTime":3344.0,"endTime":3345.0,"start":0.5,"end":0.5,"start2":0.17890625,"end2":0.18019463},{"startTime":3345.0,"endTime":3346.0,"start":0.5,"end":0.5,"start2":0.18019463,"end2":0.18143345},{"startTime":3346.0,"endTime":3347.0,"start":0.5,"end":0.5,"start2":0.18143345,"end2":0.18261702},{"startTime":3347.0,"endTime":3348.0,"start":0.5,"end":0.5,"start2":0.18261702,"end2":0.18375051},{"startTime":3348.0,"endTime":3349.0,"start":0.5,"end":0.5,"start2":0.18375051,"end2":0.1848337},{"startTime":3349.0,"endTime":3350.0,"start":0.5,"end":0.5,"start2":0.1848337,"end2":0.18586653},{"startTime":3350.0,"endTime":3351.0,"start":0.5,"end":0.5,"start2":0.18586653,"end2":0.1868538},{"startTime":3351.0,"endTime":3352.0,"start":0.5,"end":0.5,"start2":0.1868538,"end2":0.18779063},{"startTime":3352.0,"endTime":3353.0,"start":0.5,"end":0.5,"start2":0.18779063,"end2":0.18868527},{"startTime":3353.0,"endTime":3354.0,"start":0.5,"end":0.5,"start2":0.18868527,"end2":0.1895319},{"startTime":3354.0,"endTime":3355.0,"start":0.5,"end":0.5,"start2":0.1895319,"end2":0.19033739},{"startTime":3355.0,"endTime":3356.0,"start":0.5,"end":0.5,"start2":0.19033739,"end2":0.1910995},{"startTime":3356.0,"endTime":3357.0,"start":0.5,"end":0.5,"start2":0.1910995,"end2":0.19182049},{"startTime":3357.0,"endTime":3358.0,"start":0.5,"end":0.5,"start2":0.19182049,"end2":0.19250248},{"startTime":3358.0,"endTime":3359.0,"start":0.5,"end":0.5,"start2":0.19250248,"end2":0.19314367},{"startTime":3359.0,"endTime":3360.0,"start":0.5,"end":0.5,"start2":0.19314367,"end2":0.19375001},{"startTime":3360.0,"endTime":3361.0,"start":0.5,"end":0.5,"start2":0.19375001,"end2":0.19431603},{"startTime":3361.0,"endTime":3362.0,"start":0.5,"end":0.5,"start2":0.19431603,"end2":0.1948494},{"startTime":3362.0,"endTime":3363.0,"start":0.5,"end":0.5,"start2":0.1948494,"end2":0.19534671},{"startTime":3363.0,"endTime":3364.0,"start":0.5,"end":0.5,"start2":0.19534671,"end2":0.19581176},{"startTime":3364.0,"endTime":3365.0,"start":0.5,"end":0.5,"start2":0.19581176,"end2":0.1962448},{"startTime":3365.0,"endTime":3366.0,"start":0.5,"end":0.5,"start2":0.1962448,"end2":0.19664623},{"startTime":3366.0,"endTime":3367.0,"start":0.5,"end":0.5,"start2":0.19664623,"end2":0.19701943},{"startTime":3367.0,"endTime":3368.0,"start":0.5,"end":0.5,"start2":0.19701943,"end2":0.19736187},{"startTime":3368.0,"endTime":3369.0,"start":0.5,"end":0.5,"start2":0.19736187,"end2":0.19767901},{"startTime":3369.0,"endTime":3370.0,"start":0.5,"end":0.5,"start2":0.19767901,"end2":0.19796784},{"startTime":3370.0,"endTime":3371.0,"start":0.5,"end":0.5,"start2":0.19796784,"end2":0.19823286},{"startTime":3371.0,"endTime":3372.0,"start":0.5,"end":0.5,"start2":0.19823286,"end2":0.19847324},{"startTime":3372.0,"endTime":3373.0,"start":0.5,"end":0.5,"start2":0.19847324,"end2":0.1986908},{"startTime":3373.0,"endTime":3374.0,"start":0.5,"end":0.5,"start2":0.1986908,"end2":0.19888717},{"startTime":3374.0,"endTime":3375.0,"start":0.5,"end":0.5,"start2":0.19888717,"end2":0.19906195},{"startTime":3375.0,"endTime":3376.0,"start":0.5,"end":0.5,"start2":0.19906195,"end2":0.19921875},{"startTime":3376.0,"endTime":3377.0,"start":0.5,"end":0.5,"start2":0.19921875,"end2":0.19935541},{"startTime":3377.0,"endTime":3378.0,"start":0.5,"end":0.5,"start2":0.19935541,"end2":0.19947627},{"startTime":3378.0,"endTime":3379.0,"start":0.5,"end":0.5,"start2":0.19947627,"end2":0.1995803},{"startTime":3379.0,"endTime":3380.0,"start":0.5,"end":0.5,"start2":0.1995803,"end2":0.19966988},{"startTime":3380.0,"endTime":3381.0,"start":0.5,"end":0.5,"start2":0.19966988,"end2":0.19974574},{"startTime":3381.0,"endTime":3382.0,"start":0.5,"end":0.5,"start2":0.19974574,"end2":0.19980872},{"startTime":3382.0,"endTime":3383.0,"start":0.5,"end":0.5,"start2":0.19980872,"end2":0.19986083},{"startTime":3383.0,"endTime":3384.0,"start":0.5,"end":0.5,"start2":0.19986083,"end2":0.19990188},{"startTime":3384.0,"endTime":3385.0,"start":0.5,"end":0.5,"start2":0.19990188,"end2":0.19993448},{"startTime":3385.0,"endTime":3386.0,"start":0.5,"end":0.5,"start2":0.19993448,"end2":0.19995847},{"startTime":3386.0,"endTime":3387.0,"start":0.5,"end":0.5,"start2":0.19995847,"end2":0.19997598},{"startTime":3387.0,"endTime":3388.0,"start":0.5,"end":0.5,"start2":0.19997598,"end2":0.19998762},{"startTime":3388.0,"endTime":3389.0,"start":0.5,"end":0.5,"start2":0.19998762,"end2":0.19999471},{"startTime":3389.0,"endTime":3390.0,"start":0.5,"end":0.5,"start2":0.19999471,"end2":0.19999842},{"startTime":3390.0,"endTime":3391.0,"start":0.5,"end":0.5,"start2":0.19999842,"end2":0.19999975},{"startTime":3391.0,"endTime":3392.0,"start":0.5,"end":0.5,"start2":0.19999975,"end2":0.2},{"startTime":3392.0,"endTime":3456.0,"start":0.5,"end":0.5,"start2":0.2,"end2":0.2},{"startTime":3456.0,"endTime":3457.0,"start":0.5,"end":0.5,"start2":0.2,"end2":0.2023037},{"startTime":3457.0,"endTime":3458.0,"start":0.5,"end":0.5,"start2":0.2023037,"end2":0.20454095},{"startTime":3458.0,"endTime":3459.0,"start":0.5,"end":0.5,"start2":0.20454095,"end2":0.20670374},{"startTime":3459.0,"endTime":3460.0,"start":0.5,"end":0.5,"start2":0.20670374,"end2":0.20879865},{"startTime":3460.0,"endTime":3461.0,"start":0.5,"end":0.5,"start2":0.20879865,"end2":0.21082495},{"startTime":3461.0,"endTime":3462.0,"start":0.5,"end":0.5,"start2":0.21082495,"end2":0.21278216},{"startTime":3462.0,"endTime":3463.0,"start":0.5,"end":0.5,"start2":0.21278216,"end2":0.21467645},{"startTime":3463.0,"endTime":3464.0,"start":0.5,"end":0.5,"start2":0.21467645,"end2":0.21650063},{"startTime":3464.0,"endTime":3465.0,"start":0.5,"end":0.5,"start2":0.21650063,"end2":0.21826574},{"startTime":3465.0,"endTime":3466.0,"start":0.5,"end":0.5,"start2":0.21826574,"end2":0.21996316},{"startTime":3466.0,"endTime":3467.0,"start":0.5,"end":0.5,"start2":0.21996316,"end2":0.22160208},{"startTime":3467.0,"endTime":3468.0,"start":0.5,"end":0.5,"start2":0.22160208,"end2":0.22317886},{"startTime":3468.0,"endTime":3469.0,"start":0.5,"end":0.5,"start2":0.22317886,"end2":0.22469626},{"startTime":3469.0,"endTime":3470.0,"start":0.5,"end":0.5,"start2":0.22469626,"end2":0.22615686},{"startTime":3470.0,"endTime":3471.0,"start":0.5,"end":0.5,"start2":0.22615686,"end2":0.2275574},{"startTime":3471.0,"endTime":3472.0,"start":0.5,"end":0.5,"start2":0.2275574,"end2":0.22890624},{"startTime":3472.0,"endTime":3473.0,"start":0.5,"end":0.5,"start2":0.22890624,"end2":0.23019463},{"startTime":3473.0,"endTime":3474.0,"start":0.5,"end":0.5,"start2":0.23019463,"end2":0.23143345},{"startTime":3474.0,"endTime":3475.0,"start":0.5,"end":0.5,"start2":0.23143345,"end2":0.23261702},{"startTime":3475.0,"endTime":3476.0,"start":0.5,"end":0.5,"start2":0.23261702,"end2":0.2337505},{"startTime":3476.0,"endTime":3477.0,"start":0.5,"end":0.5,"start2":0.2337505,"end2":0.2348337},{"startTime":3477.0,"endTime":3478.0,"start":0.5,"end":0.5,"start2":0.2348337,"end2":0.23586653},{"startTime":3478.0,"endTime":3479.0,"start":0.5,"end":0.5,"start2":0.23586653,"end2":0.2368538},{"startTime":3479.0,"endTime":3480.0,"start":0.5,"end":0.5,"start2":0.2368538,"end2":0.23779063},{"startTime":3480.0,"endTime":3481.0,"start":0.5,"end":0.5,"start2":0.23779063,"end2":0.23868527},{"startTime":3481.0,"endTime":3482.0,"start":0.5,"end":0.5,"start2":0.23868527,"end2":0.2395319},{"startTime":3482.0,"endTime":3483.0,"start":0.5,"end":0.5,"start2":0.2395319,"end2":0.24033739},{"startTime":3483.0,"endTime":3484.0,"start":0.5,"end":0.5,"start2":0.24033739,"end2":0.24109949},{"startTime":3484.0,"endTime":3485.0,"start":0.5,"end":0.5,"start2":0.24109949,"end2":0.24182048},{"startTime":3485.0,"endTime":3486.0,"start":0.5,"end":0.5,"start2":0.24182048,"end2":0.24250248},{"startTime":3486.0,"endTime":3487.0,"start":0.5,"end":0.5,"start2":0.24250248,"end2":0.24314366},{"startTime":3487.0,"endTime":3488.0,"start":0.5,"end":0.5,"start2":0.24314366,"end2":0.24375},{"startTime":3488.0,"endTime":3489.0,"start":0.5,"end":0.5,"start2":0.24375,"end2":0.24431603},{"startTime":3489.0,"endTime":3490.0,"start":0.5,"end":0.5,"start2":0.24431603,"end2":0.2448494},{"startTime":3490.0,"endTime":3491.0,"start":0.5,"end":0.5,"start2":0.2448494,"end2":0.24534671},{"startTime":3491.0,"endTime":3492.0,"start":0.5,"end":0.5,"start2":0.24534671,"end2":0.24581176},{"startTime":3492.0,"endTime":3493.0,"start":0.5,"end":0.5,"start2":0.24581176,"end2":0.2462448},{"startTime":3493.0,"endTime":3494.0,"start":0.5,"end":0.5,"start2":0.2462448,"end2":0.24664623},{"startTime":3494.0,"endTime":3495.0,"start":0.5,"end":0.5,"start2":0.24664623,"end2":0.24701943},{"startTime":3495.0,"endTime":3496.0,"start":0.5,"end":0.5,"start2":0.24701943,"end2":0.24736187},{"startTime":3496.0,"endTime":3497.0,"start":0.5,"end":0.5,"start2":0.24736187,"end2":0.24767901},{"startTime":3497.0,"endTime":3498.0,"start":0.5,"end":0.5,"start2":0.24767901,"end2":0.24796784},{"startTime":3498.0,"endTime":3499.0,"start":0.5,"end":0.5,"start2":0.24796784,"end2":0.24823286},{"startTime":3499.0,"endTime":3500.0,"start":0.5,"end":0.5,"start2":0.24823286,"end2":0.24847324},{"startTime":3500.0,"endTime":3501.0,"start":0.5,"end":0.5,"start2":0.24847324,"end2":0.2486908},{"startTime":3501.0,"endTime":3502.0,"start":0.5,"end":0.5,"start2":0.2486908,"end2":0.24888717},{"startTime":3502.0,"endTime":3503.0,"start":0.5,"end":0.5,"start2":0.24888717,"end2":0.24906194},{"startTime":3503.0,"endTime":3504.0,"start":0.5,"end":0.5,"start2":0.24906194,"end2":0.24921875},{"startTime":3504.0,"endTime":3505.0,"start":0.5,"end":0.5,"start2":0.24921875,"end2":0.2493554},{"startTime":3505.0,"endTime":3506.0,"start":0.5,"end":0.5,"start2":0.2493554,"end2":0.24947627},{"startTime":3506.0,"endTime":3507.0,"start":0.5,"end":0.5,"start2":0.24947627,"end2":0.2495803},{"startTime":3507.0,"endTime":3508.0,"start":0.5,"end":0.5,"start2":0.2495803,"end2":0.24966988},{"startTime":3508.0,"endTime":3509.0,"start":0.5,"end":0.5,"start2":0.24966988,"end2":0.24974574},{"startTime":3509.0,"endTime":3510.0,"start":0.5,"end":0.5,"start2":0.24974574,"end2":0.24980871},{"startTime":3510.0,"endTime":3511.0,"start":0.5,"end":0.5,"start2":0.24980871,"end2":0.24986082},{"startTime":3511.0,"endTime":3512.0,"start":0.5,"end":0.5,"start2":0.24986082,"end2":0.24990188},{"startTime":3512.0,"endTime":3513.0,"start":0.5,"end":0.5,"start2":0.24990188,"end2":0.24993448},{"startTime":3513.0,"endTime":3514.0,"start":0.5,"end":0.5,"start2":0.24993448,"end2":0.24995847},{"startTime":3514.0,"endTime":3515.0,"start":0.5,"end":0.5,"start2":0.24995847,"end2":0.24997598},{"startTime":3515.0,"endTime":3516.0,"start":0.5,"end":0.5,"start2":0.24997598,"end2":0.24998762},{"startTime":3516.0,"endTime":3517.0,"start":0.5,"end":0.5,"start2":0.24998762,"end2":0.24999471},{"startTime":3517.0,"endTime":3518.0,"start":0.5,"end":0.5,"start2":0.24999471,"end2":0.24999842},{"startTime":3518.0,"endTime":3519.0,"start":0.5,"end":0.5,"start2":0.24999842,"end2":0.24999975},{"startTime":3519.0,"endTime":3520.0,"start":0.5,"end":0.5,"start2":0.24999975,"end2":0.25},{"startTime":3520.0,"endTime":3584.0,"start":0.5,"end":0.5,"start2":0.25,"end2":0.25},{"startTime":3584.0,"endTime":3585.0,"start":0.5,"end":0.5,"start2":0.25,"end2":0.24769631},{"startTime":3585.0,"endTime":3586.0,"start":0.5,"end":0.5,"start2":0.24769631,"end2":0.24545905},{"startTime":3586.0,"endTime":3587.0,"start":0.5,"end":0.5,"start2":0.24545905,"end2":0.24329627},{"startTime":3587.0,"endTime":3588.0,"start":0.5,"end":0.5,"start2":0.24329627,"end2":0.24120136},{"startTime":3588.0,"endTime":3589.0,"start":0.5,"end":0.5,"start2":0.24120136,"end2":0.23917505},{"startTime":3589.0,"endTime":3590.0,"start":0.5,"end":0.5,"start2":0.23917505,"end2":0.23721784},{"startTime":3590.0,"endTime":3591.0,"start":0.5,"end":0.5,"start2":0.23721784,"end2":0.23532355},{"startTime":3591.0,"endTime":3592.0,"start":0.5,"end":0.5,"start2":0.23532355,"end2":0.23349938},{"startTime":3592.0,"endTime":3593.0,"start":0.5,"end":0.5,"start2":0.23349938,"end2":0.23173426},{"startTime":3593.0,"endTime":3594.0,"start":0.5,"end":0.5,"start2":0.23173426,"end2":0.23003684},{"startTime":3594.0,"endTime":3595.0,"start":0.5,"end":0.5,"start2":0.23003684,"end2":0.22839792},{"startTime":3595.0,"endTime":3596.0,"start":0.5,"end":0.5,"start2":0.22839792,"end2":0.22682114},{"startTime":3596.0,"endTime":3597.0,"start":0.5,"end":0.5,"start2":0.22682114,"end2":0.22530372},{"startTime":3597.0,"endTime":3598.0,"start":0.5,"end":0.5,"start2":0.22530372,"end2":0.22384313},{"startTime":3598.0,"endTime":3599.0,"start":0.5,"end":0.5,"start2":0.22384313,"end2":0.22244258},{"startTime":3599.0,"endTime":3600.0,"start":0.5,"end":0.5,"start2":0.22244258,"end2":0.22109374},{"startTime":3600.0,"endTime":3601.0,"start":0.5,"end":0.5,"start2":0.22109374,"end2":0.21980537},{"startTime":3601.0,"endTime":3602.0,"start":0.5,"end":0.5,"start2":0.21980537,"end2":0.21856654},{"startTime":3602.0,"endTime":3603.0,"start":0.5,"end":0.5,"start2":0.21856654,"end2":0.21738298},{"startTime":3603.0,"endTime":3604.0,"start":0.5,"end":0.5,"start2":0.21738298,"end2":0.21624948},{"startTime":3604.0,"endTime":3605.0,"start":0.5,"end":0.5,"start2":0.21624948,"end2":0.21516629},{"startTime":3605.0,"endTime":3606.0,"start":0.5,"end":0.5,"start2":0.21516629,"end2":0.21413346},{"startTime":3606.0,"endTime":3607.0,"start":0.5,"end":0.5,"start2":0.21413346,"end2":0.2131462},{"startTime":3607.0,"endTime":3608.0,"start":0.5,"end":0.5,"start2":0.2131462,"end2":0.21220936},{"startTime":3608.0,"endTime":3609.0,"start":0.5,"end":0.5,"start2":0.21220936,"end2":0.21131472},{"startTime":3609.0,"endTime":3610.0,"start":0.5,"end":0.5,"start2":0.21131472,"end2":0.21046808},{"startTime":3610.0,"endTime":3611.0,"start":0.5,"end":0.5,"start2":0.21046808,"end2":0.2096626},{"startTime":3611.0,"endTime":3612.0,"start":0.5,"end":0.5,"start2":0.2096626,"end2":0.20890051},{"startTime":3612.0,"endTime":3613.0,"start":0.5,"end":0.5,"start2":0.20890051,"end2":0.2081795},{"startTime":3613.0,"endTime":3614.0,"start":0.5,"end":0.5,"start2":0.2081795,"end2":0.2074975},{"startTime":3614.0,"endTime":3615.0,"start":0.5,"end":0.5,"start2":0.2074975,"end2":0.20685633},{"startTime":3615.0,"endTime":3616.0,"start":0.5,"end":0.5,"start2":0.20685633,"end2":0.20624998},{"startTime":3616.0,"endTime":3617.0,"start":0.5,"end":0.5,"start2":0.20624998,"end2":0.20568396},{"startTime":3617.0,"endTime":3618.0,"start":0.5,"end":0.5,"start2":0.20568396,"end2":0.20515059},{"startTime":3618.0,"endTime":3619.0,"start":0.5,"end":0.5,"start2":0.20515059,"end2":0.20465328},{"startTime":3619.0,"endTime":3620.0,"start":0.5,"end":0.5,"start2":0.20465328,"end2":0.20418823},{"startTime":3620.0,"endTime":3621.0,"start":0.5,"end":0.5,"start2":0.20418823,"end2":0.20375519},{"startTime":3621.0,"endTime":3622.0,"start":0.5,"end":0.5,"start2":0.20375519,"end2":0.20335376},{"startTime":3622.0,"endTime":3623.0,"start":0.5,"end":0.5,"start2":0.20335376,"end2":0.20298056},{"startTime":3623.0,"endTime":3624.0,"start":0.5,"end":0.5,"start2":0.20298056,"end2":0.20263812},{"startTime":3624.0,"endTime":3625.0,"start":0.5,"end":0.5,"start2":0.20263812,"end2":0.20232098},{"startTime":3625.0,"endTime":3626.0,"start":0.5,"end":0.5,"start2":0.20232098,"end2":0.20203215},{"startTime":3626.0,"endTime":3627.0,"start":0.5,"end":0.5,"start2":0.20203215,"end2":0.20176713},{"startTime":3627.0,"endTime":3628.0,"start":0.5,"end":0.5,"start2":0.20176713,"end2":0.20152675},{"startTime":3628.0,"endTime":3629.0,"start":0.5,"end":0.5,"start2":0.20152675,"end2":0.20130919},{"startTime":3629.0,"endTime":3630.0,"start":0.5,"end":0.5,"start2":0.20130919,"end2":0.20111282},{"startTime":3630.0,"endTime":3631.0,"start":0.5,"end":0.5,"start2":0.20111282,"end2":0.20093805},{"startTime":3631.0,"endTime":3632.0,"start":0.5,"end":0.5,"start2":0.20093805,"end2":0.20078124},{"startTime":3632.0,"endTime":3633.0,"start":0.5,"end":0.5,"start2":0.20078124,"end2":0.20064458},{"startTime":3633.0,"endTime":3634.0,"start":0.5,"end":0.5,"start2":0.20064458,"end2":0.20052372},{"startTime":3634.0,"endTime":3635.0,"start":0.5,"end":0.5,"start2":0.20052372,"end2":0.2004197},{"startTime":3635.0,"endTime":3636.0,"start":0.5,"end":0.5,"start2":0.2004197,"end2":0.20033011},{"startTime":3636.0,"endTime":3637.0,"start":0.5,"end":0.5,"start2":0.20033011,"end2":0.20025425},{"startTime":3637.0,"endTime":3638.0,"start":0.5,"end":0.5,"start2":0.20025425,"end2":0.20019127},{"startTime":3638.0,"endTime":3639.0,"start":0.5,"end":0.5,"start2":0.20019127,"end2":0.20013916},{"startTime":3639.0,"endTime":3640.0,"start":0.5,"end":0.5,"start2":0.20013916,"end2":0.20009811},{"startTime":3640.0,"endTime":3641.0,"start":0.5,"end":0.5,"start2":0.20009811,"end2":0.20006551},{"startTime":3641.0,"endTime":3642.0,"start":0.5,"end":0.5,"start2":0.20006551,"end2":0.20004152},{"startTime":3642.0,"endTime":3643.0,"start":0.5,"end":0.5,"start2":0.20004152,"end2":0.20002401},{"startTime":3643.0,"endTime":3644.0,"start":0.5,"end":0.5,"start2":0.20002401,"end2":0.20001237},{"startTime":3644.0,"endTime":3645.0,"start":0.5,"end":0.5,"start2":0.20001237,"end2":0.20000528},{"startTime":3645.0,"endTime":3646.0,"start":0.5,"end":0.5,"start2":0.20000528,"end2":0.20000157},{"startTime":3646.0,"endTime":3647.0,"start":0.5,"end":0.5,"start2":0.20000157,"end2":0.20000024},{"startTime":3647.0,"endTime":3648.0,"start":0.5,"end":0.5,"start2":0.20000024,"end2":0.19999999},{"startTime":3648.0,"endTime":5760.0,"start":0.5,"end":0.5,"start2":0.19999999,"end2":0.19999999},{"startTime":5760.0,"endTime":5761.0,"start":0.5,"end":0.5,"start2":0.19999999,"end2":0.19120134},{"startTime":5761.0,"endTime":5762.0,"start":0.5,"end":0.5,"start2":0.19120134,"end2":0.18349937},{"startTime":5762.0,"endTime":5763.0,"start":0.5,"end":0.5,"start2":0.18349937,"end2":0.17682113},{"startTime":5763.0,"endTime":5764.0,"start":0.5,"end":0.5,"start2":0.17682113,"end2":0.17109375},{"startTime":5764.0,"endTime":5765.0,"start":0.5,"end":0.5,"start2":0.17109375,"end2":0.16624948},{"startTime":5765.0,"endTime":5766.0,"start":0.5,"end":0.5,"start2":0.16624948,"end2":0.16220936},{"startTime":5766.0,"endTime":5767.0,"start":0.5,"end":0.5,"start2":0.16220936,"end2":0.1589005},{"startTime":5767.0,"endTime":5768.0,"start":0.5,"end":0.5,"start2":0.1589005,"end2":0.15624999},{"startTime":5768.0,"endTime":5769.0,"start":0.5,"end":0.5,"start2":0.15624999,"end2":0.15418823},{"startTime":5769.0,"endTime":5770.0,"start":0.5,"end":0.5,"start2":0.15418823,"end2":0.15263812},{"startTime":5770.0,"endTime":5771.0,"start":0.5,"end":0.5,"start2":0.15263812,"end2":0.15152675},{"startTime":5771.0,"endTime":5772.0,"start":0.5,"end":0.5,"start2":0.15152675,"end2":0.15078124},{"startTime":5772.0,"endTime":5773.0,"start":0.5,"end":0.5,"start2":0.15078124,"end2":0.15033011},{"startTime":5773.0,"endTime":5774.0,"start":0.5,"end":0.5,"start2":0.15033011,"end2":0.15009812},{"startTime":5774.0,"endTime":5775.0,"start":0.5,"end":0.5,"start2":0.15009812,"end2":0.15001237},{"startTime":5775.0,"endTime":5776.0,"start":0.5,"end":0.5,"start2":0.15001237,"end2":0.14999999},{"startTime":5776.0,"endTime":5777.0,"start":0.5,"end":0.5,"start2":0.14999999,"end2":0.15879864},{"startTime":5777.0,"endTime":5778.0,"start":0.5,"end":0.5,"start2":0.15879864,"end2":0.16650061},{"startTime":5778.0,"endTime":5779.0,"start":0.5,"end":0.5,"start2":0.16650061,"end2":0.17317885},{"startTime":5779.0,"endTime":5780.0,"start":0.5,"end":0.5,"start2":0.17317885,"end2":0.17890623},{"startTime":5780.0,"endTime":5781.0,"start":0.5,"end":0.5,"start2":0.17890623,"end2":0.1837505},{"startTime":5781.0,"endTime":5782.0,"start":0.5,"end":0.5,"start2":0.1837505,"end2":0.18779062},{"startTime":5782.0,"endTime":5783.0,"start":0.5,"end":0.5,"start2":0.18779062,"end2":0.19109948},{"startTime":5783.0,"endTime":5784.0,"start":0.5,"end":0.5,"start2":0.19109948,"end2":0.19375},{"startTime":5784.0,"endTime":5785.0,"start":0.5,"end":0.5,"start2":0.19375,"end2":0.19581175},{"startTime":5785.0,"endTime":5786.0,"start":0.5,"end":0.5,"start2":0.19581175,"end2":0.19736186},{"startTime":5786.0,"endTime":5787.0,"start":0.5,"end":0.5,"start2":0.19736186,"end2":0.19847323},{"startTime":5787.0,"endTime":5788.0,"start":0.5,"end":0.5,"start2":0.19847323,"end2":0.19921874},{"startTime":5788.0,"endTime":5789.0,"start":0.5,"end":0.5,"start2":0.19921874,"end2":0.19966987},{"startTime":5789.0,"endTime":5790.0,"start":0.5,"end":0.5,"start2":0.19966987,"end2":0.19990186},{"startTime":5790.0,"endTime":5791.0,"start":0.5,"end":0.5,"start2":0.19990186,"end2":0.1999876},{"startTime":5791.0,"endTime":5792.0,"start":0.5,"end":0.5,"start2":0.1999876,"end2":0.19999999},{"startTime":5792.0,"endTime":5888.0,"start":0.5,"end":0.39999998,"start2":0.19999999,"end2":0.19999999},{"startTime":5888.0,"endTime":6016.0,"start":0.39999998,"end":0.39999998,"start2":0.19999999,"end2":0.19999999},{"startTime":6016.0,"endTime":6144.0,"start":0.39999998,"end":0.5,"start2":0.19999999,"end2":0.19999999},{"startTime":6144.0,"endTime":1000000000.0,"start":0.5,"end":0.5,"start2":0.19999999,"end2":0.19999999}],"judgeLineRotateEvents":[{"startTime":-999999.0,"endTime":3712.0,"start":0.0,"end":0.0},{"startTime":3712.0,"endTime":3720.0,"start":0.0,"end":0.0025299997},{"startTime":3720.0,"endTime":3728.0,"start":0.0025299997,"end":0.01982},{"startTime":3728.0,"endTime":3736.0,"start":0.01982,"end":0.06645001},{"startTime":3736.0,"endTime":3744.0,"start":0.06645001,"end":0.15699998},{"startTime":3744.0,"endTime":3752.0,"start":0.15699998,"end":0.30605},{"startTime":3752.0,"endTime":3760.0,"start":0.30605,"end":0.52818},{"startTime":3760.0,"endTime":3768.0,"start":0.52818,"end":0.83797},{"startTime":3768.0,"endTime":3776.0,"start":0.83797,"end":1.25},{"startTime":3776.0,"endTime":3784.0,"start":1.25,"end":1.78053},{"startTime":3784.0,"endTime":3792.0,"start":1.78053,"end":2.44282},{"startTime":3792.0,"endTime":3800.0,"start":2.44282,"end":3.25145},{"startTime":3800.0,"endTime":3808.0,"start":3.25145,"end":4.221},{"startTime":3808.0,"endTime":3816.0,"start":4.221,"end":5.36605},{"startTime":3816.0,"endTime":3824.0,"start":5.36605,"end":6.7011795},{"startTime":3824.0,"endTime":3832.0,"start":6.7011795,"end":8.24097},{"startTime":3832.0,"endTime":3840.0,"start":8.24097,"end":10.0},{"startTime":3840.0,"endTime":3848.0,"start":10.0,"end":11.759029},{"startTime":3848.0,"endTime":3856.0,"start":11.759029,"end":13.298819},{"startTime":3856.0,"endTime":3864.0,"start":13.298819,"end":14.63395},{"startTime":3864.0,"endTime":3872.0,"start":14.63395,"end":15.778999},{"startTime":3872.0,"endTime":3880.0,"start":15.778999,"end":16.74855},{"startTime":3880.0,"endTime":3888.0,"start":16.74855,"end":17.55718},{"startTime":3888.0,"endTime":3896.0,"start":17.55718,"end":18.21947},{"startTime":3896.0,"endTime":3904.0,"start":18.21947,"end":18.75},{"startTime":3904.0,"endTime":3912.0,"start":18.75,"end":19.16203},{"startTime":3912.0,"endTime":3920.0,"start":19.16203,"end":19.471819},{"startTime":3920.0,"endTime":3928.0,"start":19.471819,"end":19.69395},{"startTime":3928.0,"endTime":3936.0,"start":19.69395,"end":19.843},{"startTime":3936.0,"endTime":3944.0,"start":19.843,"end":19.93355},{"startTime":3944.0,"endTime":3952.0,"start":19.93355,"end":19.98018},{"startTime":3952.0,"endTime":3960.0,"start":19.98018,"end":19.99747},{"startTime":3960.0,"endTime":3968.0,"start":19.99747,"end":20.0},{"startTime":3968.0,"endTime":3972.0,"start":20.0,"end":19.99747},{"startTime":3972.0,"endTime":3976.0,"start":19.99747,"end":19.98018},{"startTime":3976.0,"endTime":3980.0,"start":19.98018,"end":19.93355},{"startTime":3980.0,"endTime":3984.0,"start":19.93355,"end":19.843},{"startTime":3984.0,"endTime":3988.0,"start":19.843,"end":19.69395},{"startTime":3988.0,"endTime":3992.0,"start":19.69395,"end":19.47182},{"startTime":3992.0,"endTime":3996.0,"start":19.47182,"end":19.16203},{"startTime":3996.0,"endTime":4000.0,"start":19.16203,"end":18.75},{"startTime":4000.0,"endTime":4004.0,"start":18.75,"end":18.219471},{"startTime":4004.0,"endTime":4008.0,"start":18.219471,"end":17.55718},{"startTime":4008.0,"endTime":4012.0,"start":17.55718,"end":16.74855},{"startTime":4012.0,"endTime":4016.0,"start":16.74855,"end":15.779},{"startTime":4016.0,"endTime":4020.0,"start":15.779,"end":14.63395},{"startTime":4020.0,"endTime":4024.0,"start":14.63395,"end":13.2988205},{"startTime":4024.0,"endTime":4028.0,"start":13.2988205,"end":11.75903},{"startTime":4028.0,"endTime":4032.0,"start":11.75903,"end":10.0},{"startTime":4032.0,"endTime":4036.0,"start":10.0,"end":8.240971},{"startTime":4036.0,"endTime":4040.0,"start":8.240971,"end":6.701181},{"startTime":4040.0,"endTime":4044.0,"start":6.701181,"end":5.36605},{"startTime":4044.0,"endTime":4048.0,"start":5.36605,"end":4.2210007},{"startTime":4048.0,"endTime":4052.0,"start":4.2210007,"end":3.25145},{"startTime":4052.0,"endTime":4056.0,"start":3.25145,"end":2.44282},{"startTime":4056.0,"endTime":4060.0,"start":2.44282,"end":1.7805302},{"startTime":4060.0,"endTime":4064.0,"start":1.7805302,"end":1.25},{"startTime":4064.0,"endTime":4068.0,"start":1.25,"end":0.8379698},{"startTime":4068.0,"endTime":4072.0,"start":0.8379698,"end":0.5281806},{"startTime":4072.0,"endTime":4076.0,"start":0.5281806,"end":0.3060496},{"startTime":4076.0,"endTime":4080.0,"start":0.3060496,"end":0.15699983},{"startTime":4080.0,"endTime":4084.0,"start":0.15699983,"end":0.06644964},{"startTime":4084.0,"endTime":4088.0,"start":0.06644964,"end":0.019819736},{"startTime":4088.0,"endTime":4092.0,"start":0.019819736,"end":0.0025296211},{"startTime":4092.0,"endTime":4096.0,"start":0.0025296211,"end":0.0},{"startTime":4096.0,"endTime":4736.0,"start":0.0,"end":0.0},{"startTime":4736.0,"endTime":4744.0,"start":0.0,"end":0.0012649999},{"startTime":4744.0,"endTime":4752.0,"start":0.0012649999,"end":0.00991},{"startTime":4752.0,"endTime":4760.0,"start":0.00991,"end":0.033225004},{"startTime":4760.0,"endTime":4768.0,"start":0.033225004,"end":0.07849999},{"startTime":4768.0,"endTime":4776.0,"start":0.07849999,"end":0.153025},{"startTime":4776.0,"endTime":4784.0,"start":0.153025,"end":0.26409},{"startTime":4784.0,"endTime":4792.0,"start":0.26409,"end":0.418985},{"startTime":4792.0,"endTime":4800.0,"start":0.418985,"end":0.625},{"startTime":4800.0,"endTime":4808.0,"start":0.625,"end":0.890265},{"startTime":4808.0,"endTime":4816.0,"start":0.890265,"end":1.22141},{"startTime":4816.0,"endTime":4824.0,"start":1.22141,"end":1.625725},{"startTime":4824.0,"endTime":4832.0,"start":1.625725,"end":2.1105},{"startTime":4832.0,"endTime":4840.0,"start":2.1105,"end":2.683025},{"startTime":4840.0,"endTime":4848.0,"start":2.683025,"end":3.3505898},{"startTime":4848.0,"endTime":4856.0,"start":3.3505898,"end":4.120485},{"startTime":4856.0,"endTime":4864.0,"start":4.120485,"end":5.0},{"startTime":4864.0,"endTime":4872.0,"start":5.0,"end":5.8795147},{"startTime":4872.0,"endTime":4880.0,"start":5.8795147,"end":6.6494093},{"startTime":4880.0,"endTime":4888.0,"start":6.6494093,"end":7.316975},{"startTime":4888.0,"endTime":4896.0,"start":7.316975,"end":7.8894997},{"startTime":4896.0,"endTime":4904.0,"start":7.8894997,"end":8.374275},{"startTime":4904.0,"endTime":4912.0,"start":8.374275,"end":8.77859},{"startTime":4912.0,"endTime":4920.0,"start":8.77859,"end":9.109735},{"startTime":4920.0,"endTime":4928.0,"start":9.109735,"end":9.375},{"startTime":4928.0,"endTime":4936.0,"start":9.375,"end":9.581015},{"startTime":4936.0,"endTime":4944.0,"start":9.581015,"end":9.735909},{"startTime":4944.0,"endTime":4952.0,"start":9.735909,"end":9.846975},{"startTime":4952.0,"endTime":4960.0,"start":9.846975,"end":9.9215},{"startTime":4960.0,"endTime":4968.0,"start":9.9215,"end":9.966775},{"startTime":4968.0,"endTime":4976.0,"start":9.966775,"end":9.99009},{"startTime":4976.0,"endTime":4984.0,"start":9.99009,"end":9.998735},{"startTime":4984.0,"endTime":4992.0,"start":9.998735,"end":10.0},{"startTime":4992.0,"endTime":5008.0,"start":10.0,"end":9.99747},{"startTime":5008.0,"endTime":5024.0,"start":9.99747,"end":9.98018},{"startTime":5024.0,"endTime":5040.0,"start":9.98018,"end":9.93355},{"startTime":5040.0,"endTime":5056.0,"start":9.93355,"end":9.843},{"startTime":5056.0,"endTime":5072.0,"start":9.843,"end":9.69395},{"startTime":5072.0,"endTime":5088.0,"start":9.69395,"end":9.47182},{"startTime":5088.0,"endTime":5104.0,"start":9.47182,"end":9.16203},{"startTime":5104.0,"endTime":5120.0,"start":9.16203,"end":8.75},{"startTime":5120.0,"endTime":5136.0,"start":8.75,"end":8.21947},{"startTime":5136.0,"endTime":5152.0,"start":8.21947,"end":7.55718},{"startTime":5152.0,"endTime":5168.0,"start":7.55718,"end":6.74855},{"startTime":5168.0,"endTime":5184.0,"start":6.74855,"end":5.779},{"startTime":5184.0,"endTime":5200.0,"start":5.779,"end":4.63395},{"startTime":5200.0,"endTime":5216.0,"start":4.63395,"end":3.2988203},{"startTime":5216.0,"endTime":5232.0,"start":3.2988203,"end":1.7590302},{"startTime":5232.0,"endTime":5248.0,"start":1.7590302,"end":0.0},{"startTime":5248.0,"endTime":5264.0,"start":0.0,"end":-1.7590296},{"startTime":5264.0,"endTime":5280.0,"start":-1.7590296,"end":-3.298819},{"startTime":5280.0,"endTime":5296.0,"start":-3.298819,"end":-4.63395},{"startTime":5296.0,"endTime":5312.0,"start":-4.63395,"end":-5.7789993},{"startTime":5312.0,"endTime":5328.0,"start":-5.7789993,"end":-6.74855},{"startTime":5328.0,"endTime":5344.0,"start":-6.74855,"end":-7.55718},{"startTime":5344.0,"endTime":5360.0,"start":-7.55718,"end":-8.21947},{"startTime":5360.0,"endTime":5376.0,"start":-8.21947,"end":-8.75},{"startTime":5376.0,"endTime":5392.0,"start":-8.75,"end":-9.16203},{"startTime":5392.0,"endTime":5408.0,"start":-9.16203,"end":-9.471819},{"startTime":5408.0,"endTime":5424.0,"start":-9.471819,"end":-9.693951},{"startTime":5424.0,"endTime":5440.0,"start":-9.693951,"end":-9.843},{"startTime":5440.0,"endTime":5456.0,"start":-9.843,"end":-9.93355},{"startTime":5456.0,"endTime":5472.0,"start":-9.93355,"end":-9.980181},{"startTime":5472.0,"endTime":5488.0,"start":-9.980181,"end":-9.997471},{"startTime":5488.0,"endTime":5504.0,"start":-9.997471,"end":-10.0},{"startTime":5504.0,"endTime":5512.0,"start":-10.0,"end":-9.998735},{"startTime":5512.0,"endTime":5520.0,"start":-9.998735,"end":-9.99009},{"startTime":5520.0,"endTime":5528.0,"start":-9.99009,"end":-9.966775},{"startTime":5528.0,"endTime":5536.0,"start":-9.966775,"end":-9.9215},{"startTime":5536.0,"endTime":5544.0,"start":-9.9215,"end":-9.846975},{"startTime":5544.0,"endTime":5552.0,"start":-9.846975,"end":-9.73591},{"startTime":5552.0,"endTime":5560.0,"start":-9.73591,"end":-9.581015},{"startTime":5560.0,"endTime":5568.0,"start":-9.581015,"end":-9.375},{"startTime":5568.0,"endTime":5576.0,"start":-9.375,"end":-9.1097355},{"startTime":5576.0,"endTime":5584.0,"start":-9.1097355,"end":-8.77859},{"startTime":5584.0,"endTime":5592.0,"start":-8.77859,"end":-8.374275},{"startTime":5592.0,"endTime":5600.0,"start":-8.374275,"end":-7.8895},{"startTime":5600.0,"endTime":5608.0,"start":-7.8895,"end":-7.316975},{"startTime":5608.0,"endTime":5616.0,"start":-7.316975,"end":-6.6494102},{"startTime":5616.0,"endTime":5624.0,"start":-6.6494102,"end":-5.879515},{"startTime":5624.0,"endTime":5632.0,"start":-5.879515,"end":-5.0},{"startTime":5632.0,"endTime":5640.0,"start":-5.0,"end":-4.1204853},{"startTime":5640.0,"endTime":5648.0,"start":-4.1204853,"end":-3.3505905},{"startTime":5648.0,"endTime":5656.0,"start":-3.3505905,"end":-2.683025},{"startTime":5656.0,"endTime":5664.0,"start":-2.683025,"end":-2.1105003},{"startTime":5664.0,"endTime":5672.0,"start":-2.1105003,"end":-1.625725},{"startTime":5672.0,"endTime":5680.0,"start":-1.625725,"end":-1.22141},{"startTime":5680.0,"endTime":5688.0,"start":-1.22141,"end":-0.8902651},{"startTime":5688.0,"endTime":5696.0,"start":-0.8902651,"end":-0.625},{"startTime":5696.0,"endTime":5704.0,"start":-0.625,"end":-0.4189849},{"startTime":5704.0,"endTime":5712.0,"start":-0.4189849,"end":-0.2640903},{"startTime":5712.0,"endTime":5720.0,"start":-0.2640903,"end":-0.1530248},{"startTime":5720.0,"endTime":5728.0,"start":-0.1530248,"end":-0.07849991},{"startTime":5728.0,"endTime":5736.0,"start":-0.07849991,"end":-0.03322482},{"startTime":5736.0,"endTime":5744.0,"start":-0.03322482,"end":-0.009909868},{"startTime":5744.0,"endTime":5752.0,"start":-0.009909868,"end":-0.0012648106},{"startTime":5752.0,"endTime":5760.0,"start":-0.0012648106,"end":0.0},{"startTime":5760.0,"endTime":6784.0,"start":0.0,"end":0.0},{"startTime":6784.0,"endTime":6785.0,"start":15.0,"end":13.637713},{"startTime":6785.0,"endTime":6786.0,"start":13.637713,"end":12.360409},{"startTime":6786.0,"endTime":6787.0,"start":12.360409,"end":11.165354},{"startTime":6787.0,"endTime":6788.0,"start":11.165354,"end":10.049812},{"startTime":6788.0,"endTime":6789.0,"start":10.049812,"end":9.011053},{"startTime":6789.0,"endTime":6790.0,"start":9.011053,"end":8.046342},{"startTime":6790.0,"endTime":6791.0,"start":8.046342,"end":7.1529417},{"startTime":6791.0,"endTime":6792.0,"start":7.1529417,"end":6.328125},{"startTime":6792.0,"endTime":6793.0,"start":6.328125,"end":5.569964},{"startTime":6793.0,"endTime":6794.0,"start":5.569964,"end":4.874846},{"startTime":6794.0,"endTime":6795.0,"start":4.874846,"end":4.2400403},{"startTime":6795.0,"endTime":6796.0,"start":4.2400403,"end":3.6628122},{"startTime":6796.0,"endTime":6797.0,"start":3.6628122,"end":3.1404285},{"startTime":6797.0,"endTime":6798.0,"start":3.1404285,"end":2.6701543},{"startTime":6798.0,"endTime":6799.0,"start":2.6701543,"end":2.249255},{"startTime":6799.0,"endTime":6800.0,"start":2.249255,"end":1.875},{"startTime":6800.0,"endTime":6801.0,"start":1.875,"end":1.5451822},{"startTime":6801.0,"endTime":6802.0,"start":1.5451822,"end":1.2564709},{"startTime":6802.0,"endTime":6803.0,"start":1.2564709,"end":1.0061342},{"startTime":6803.0,"endTime":6804.0,"start":1.0061342,"end":0.7914376},{"startTime":6804.0,"endTime":6805.0,"start":0.7914376,"end":0.60964733},{"startTime":6805.0,"endTime":6806.0,"start":0.60964733,"end":0.45802832},{"startTime":6806.0,"endTime":6807.0,"start":0.45802832,"end":0.3338492},{"startTime":6807.0,"endTime":6808.0,"start":0.3338492,"end":0.234375},{"startTime":6808.0,"endTime":6809.0,"start":0.234375,"end":0.15711933},{"startTime":6809.0,"endTime":6810.0,"start":0.15711933,"end":0.09903431},{"startTime":6810.0,"endTime":6811.0,"start":0.09903431,"end":0.057384074},{"startTime":6811.0,"endTime":6812.0,"start":0.057384074,"end":0.029438138},{"startTime":6812.0,"endTime":6813.0,"start":0.029438138,"end":0.012459755},{"startTime":6813.0,"endTime":6814.0,"start":0.012459755,"end":0.0037166476},{"startTime":6814.0,"endTime":6815.0,"start":0.0037166476,"end":0.000474751},{"startTime":6815.0,"endTime":6816.0,"start":0.000474751,"end":0.0},{"startTime":6816.0,"endTime":1000000000.0,"start":0.0,"end":0.0}],"judgeLineDisappearEvents":[{"startTime":-999999.0,"endTime":7296.0,"start":1.0,"end":1.0},{"startTime":7296.0,"endTime":7680.0,"start":1.0,"end":0.0},{"startTime":7680.0,"endTime":1000000000.0,"start":0.0,"end":0.0}]}]}