{"formatVersion":1,"offset":0.0,"judgeLineList":[{"bpm":191.0,"notesAbove":[{"type":1,"time":128,"positionX":-3.532796,"holdTime":0.0,"speed":1.0,"floorPosition":1.8848168},{"type":1,"time":256,"positionX":3.107018,"holdTime":0.0,"speed":1.0,"floorPosition":3.7696335},{"type":1,"time":384,"positionX":-3.912543,"holdTime":0.0,"speed":1.0,"floorPosition":5.6544504},{"type":1,"time":448,"positionX":0.0,"holdTime":0.0,"speed":1.0,"floorPosition":6.5968585},{"type":1,"time":512,"positionX":4.131185,"holdTime":0.0,"speed":1.0,"floorPosition":7.539267},{"type":1,"time":640,"positionX":-5.477561,"holdTime":0.0,"speed":1.0,"floorPosition":9.424084},{"type":1,"time":768,"positionX":0.02301407,"holdTime":0.0,"speed":1.0,"floorPosition":11.308901},{"type":1,"time":896,"positionX":5.546606,"holdTime":0.0,"speed":1.0,"floorPosition":13.193717},{"type":1,"time":960,"positionX":-2.382049,"holdTime":0.0,"speed":1.0,"floorPosition":14.136126},{"type":1,"time":1024,"positionX":1.576525,"holdTime":0.0,"speed":1.0,"floorPosition":15.078534},{"type":2,"time":1152,"positionX":3.06099,"holdTime":0.0,"speed":1.0,"floorPosition":16.96335},{"type":2,"time":1184,"positionX":3.06099,"holdTime":0.0,"speed":1.0,"floorPosition":17.434555},{"type":2,"time":1216,"positionX":3.06099,"holdTime":0.0,"speed":1.0,"floorPosition":17.90576},{"type":2,"time":1248,"positionX":3.06099,"holdTime":0.0,"speed":1.0,"floorPosition":18.376963},{"type":2,"time":1280,"positionX":-3.624856,"holdTime":0.0,"speed":1.0,"floorPosition":18.848167},{"type":2,"time":1312,"positionX":-3.604143,"holdTime":0.0,"speed":1.0,"floorPosition":19.319372},{"type":2,"time":1344,"positionX":-3.578826,"holdTime":0.0,"speed":1.0,"floorPosition":19.790575},{"type":2,"time":1376,"positionX":-3.578826,"holdTime":0.0,"speed":1.0,"floorPosition":20.26178},{"type":2,"time":1392,"positionX":-3.590334,"holdTime":0.0,"speed":1.0,"floorPosition":20.497383},{"type":2,"time":1400,"positionX":-3.590334,"holdTime":0.0,"speed":1.0,"floorPosition":20.615183},{"type":2,"time":1408,"positionX":2.474108,"holdTime":0.0,"speed":1.0,"floorPosition":20.732985},{"type":2,"time":1440,"positionX":2.428079,"holdTime":0.0,"speed":1.0,"floorPosition":21.20419},{"type":2,"time":1472,"positionX":2.370541,"holdTime":0.0,"speed":1.0,"floorPosition":21.675392},{"type":2,"time":1504,"positionX":2.370541,"holdTime":0.0,"speed":1.0,"floorPosition":22.146597},{"type":2,"time":1536,"positionX":-5.33947,"holdTime":0.0,"speed":1.0,"floorPosition":22.617802},{"type":2,"time":1568,"positionX":-5.316456,"holdTime":0.0,"speed":1.0,"floorPosition":23.089005},{"type":2,"time":1600,"positionX":4.418873,"holdTime":0.0,"speed":1.0,"floorPosition":23.56021},{"type":2,"time":1616,"positionX":4.43038,"holdTime":0.0,"speed":1.0,"floorPosition":23.79581},{"type":2,"time":1632,"positionX":4.418873,"holdTime":0.0,"speed":1.0,"floorPosition":24.031414},{"type":2,"time":1648,"positionX":4.418873,"holdTime":0.0,"speed":1.0,"floorPosition":24.267015},{"type":2,"time":1656,"positionX":4.407364,"holdTime":0.0,"speed":1.0,"floorPosition":24.384817},{"type":1,"time":1664,"positionX":-3.463751,"holdTime":0.0,"speed":1.0,"floorPosition":24.502617},{"type":1,"time":1696,"positionX":1.334868,"holdTime":0.0,"speed":1.0,"floorPosition":24.973822},{"type":1,"time":1728,"positionX":4.004603,"holdTime":0.0,"speed":1.0,"floorPosition":25.445026},{"type":1,"time":1760,"positionX":-2.232451,"holdTime":0.0,"speed":1.0,"floorPosition":25.916231},{"type":1,"time":1792,"positionX":5.638665,"holdTime":0.0,"speed":1.0,"floorPosition":26.387434},{"type":1,"time":1824,"positionX":-5.373993,"holdTime":0.0,"speed":1.0,"floorPosition":26.858639},{"type":1,"time":1856,"positionX":-1.634062,"holdTime":0.0,"speed":1.0,"floorPosition":27.329844},{"type":1,"time":1888,"positionX":2.243958,"holdTime":0.0,"speed":1.0,"floorPosition":27.801046},{"type":1,"time":1920,"positionX":4.464903,"holdTime":0.0,"speed":1.0,"floorPosition":28.272251},{"type":1,"time":1952,"positionX":-6.455696,"holdTime":0.0,"speed":1.0,"floorPosition":28.743456},{"type":1,"time":1984,"positionX":-2.704258,"holdTime":0.0,"speed":1.0,"floorPosition":29.214659},{"type":1,"time":2016,"positionX":2.370541,"holdTime":0.0,"speed":1.0,"floorPosition":29.685863},{"type":2,"time":2032,"positionX":4.683543,"holdTime":0.0,"speed":1.0,"floorPosition":29.921467},{"type":2,"time":2048,"positionX":-3.659379,"holdTime":0.0,"speed":1.0,"floorPosition":30.157068},{"type":2,"time":2056,"positionX":-3.659379,"holdTime":0.0,"speed":1.0,"floorPosition":30.27487},{"type":2,"time":2064,"positionX":-3.659379,"holdTime":0.0,"speed":1.0,"floorPosition":30.39267},{"type":2,"time":2072,"positionX":-3.659379,"holdTime":0.0,"speed":1.0,"floorPosition":30.510471},{"type":2,"time":2080,"positionX":-3.659379,"holdTime":0.0,"speed":1.0,"floorPosition":30.628273},{"type":2,"time":2088,"positionX":-3.659379,"holdTime":0.0,"speed":1.0,"floorPosition":30.746073},{"type":2,"time":2096,"positionX":-3.659379,"holdTime":0.0,"speed":1.0,"floorPosition":30.863874},{"type":2,"time":2104,"positionX":-3.659379,"holdTime":0.0,"speed":1.0,"floorPosition":30.981676},{"type":2,"time":2112,"positionX":-3.659379,"holdTime":0.0,"speed":1.0,"floorPosition":31.099476},{"type":2,"time":2120,"positionX":-3.649022,"holdTime":0.0,"speed":1.0,"floorPosition":31.217278},{"type":2,"time":2128,"positionX":-3.647871,"holdTime":0.0,"speed":1.0,"floorPosition":31.33508},{"type":2,"time":2136,"positionX":-3.647871,"holdTime":0.0,"speed":1.0,"floorPosition":31.452879},{"type":1,"time":2144,"positionX":4.626007,"holdTime":0.0,"speed":1.0,"floorPosition":31.57068},{"type":1,"time":2176,"positionX":-5.33947,"holdTime":0.0,"speed":1.0,"floorPosition":32.041885},{"type":2,"time":2208,"positionX":-5.316456,"holdTime":0.0,"speed":1.0,"floorPosition":32.51309},{"type":2,"time":2240,"positionX":-5.316456,"holdTime":0.0,"speed":1.0,"floorPosition":32.984295},{"type":2,"time":2272,"positionX":-5.327963,"holdTime":0.0,"speed":1.0,"floorPosition":33.455498},{"type":2,"time":2304,"positionX":-5.316456,"holdTime":0.0,"speed":1.0,"floorPosition":33.9267},{"type":2,"time":2336,"positionX":-5.327963,"holdTime":0.0,"speed":1.0,"floorPosition":34.397907},{"type":2,"time":2368,"positionX":-5.397008,"holdTime":0.0,"speed":1.0,"floorPosition":34.86911},{"type":1,"time":2368,"positionX":5.224396,"holdTime":0.0,"speed":1.0,"floorPosition":34.86911},{"type":2,"time":2400,"positionX":-5.397008,"holdTime":0.0,"speed":1.0,"floorPosition":35.340313},{"type":1,"time":2432,"positionX":2.278481,"holdTime":0.0,"speed":1.0,"floorPosition":35.81152},{"type":2,"time":2464,"positionX":2.220944,"holdTime":0.0,"speed":1.0,"floorPosition":36.282722},{"type":2,"time":2496,"positionX":2.220944,"holdTime":0.0,"speed":1.0,"floorPosition":36.753925},{"type":2,"time":2512,"positionX":0.2301493,"holdTime":0.0,"speed":1.0,"floorPosition":36.98953},{"type":2,"time":2528,"positionX":2.197928,"holdTime":0.0,"speed":1.0,"floorPosition":37.225132},{"type":2,"time":2544,"positionX":4.24626,"holdTime":0.0,"speed":1.0,"floorPosition":37.46073},{"type":2,"time":2560,"positionX":2.174914,"holdTime":0.0,"speed":1.0,"floorPosition":37.696335},{"type":2,"time":2576,"positionX":0.1380901,"holdTime":0.0,"speed":1.0,"floorPosition":37.93194},{"type":2,"time":2592,"positionX":2.140392,"holdTime":0.0,"speed":1.0,"floorPosition":38.167538},{"type":2,"time":2608,"positionX":0.1035681,"holdTime":0.0,"speed":1.0,"floorPosition":38.40314},{"type":2,"time":2624,"positionX":2.082854,"holdTime":0.0,"speed":1.0,"floorPosition":38.638744},{"type":2,"time":2640,"positionX":0.1035681,"holdTime":0.0,"speed":1.0,"floorPosition":38.874344},{"type":2,"time":2656,"positionX":2.082854,"holdTime":0.0,"speed":1.0,"floorPosition":39.109947},{"type":1,"time":2688,"positionX":-4.6145,"holdTime":0.0,"speed":1.0,"floorPosition":39.58115},{"type":2,"time":2704,"positionX":-2.669735,"holdTime":0.0,"speed":1.0,"floorPosition":39.816753},{"type":2,"time":2720,"positionX":-4.626007,"holdTime":0.0,"speed":1.0,"floorPosition":40.052357},{"type":2,"time":2736,"positionX":-2.704258,"holdTime":0.0,"speed":1.0,"floorPosition":40.287956},{"type":2,"time":2752,"positionX":-4.6145,"holdTime":0.0,"speed":1.0,"floorPosition":40.52356},{"type":2,"time":2768,"positionX":-2.73878,"holdTime":0.0,"speed":1.0,"floorPosition":40.759163},{"type":2,"time":2784,"positionX":-4.6145,"holdTime":0.0,"speed":1.0,"floorPosition":40.994766},{"type":2,"time":2800,"positionX":-2.761795,"holdTime":0.0,"speed":1.0,"floorPosition":41.230366},{"type":2,"time":2816,"positionX":-4.603631,"holdTime":0.0,"speed":1.0,"floorPosition":41.46597},{"type":2,"time":2832,"positionX":-6.352129,"holdTime":0.0,"speed":1.0,"floorPosition":41.701572},{"type":2,"time":2848,"positionX":-4.6145,"holdTime":0.0,"speed":1.0,"floorPosition":41.937172},{"type":2,"time":2864,"positionX":-2.888378,"holdTime":0.0,"speed":1.0,"floorPosition":42.172775},{"type":2,"time":2880,"positionX":-4.556962,"holdTime":0.0,"speed":1.0,"floorPosition":42.40838},{"type":1,"time":2880,"positionX":1.507481,"holdTime":0.0,"speed":1.0,"floorPosition":42.40838},{"type":2,"time":2896,"positionX":-6.409666,"holdTime":0.0,"speed":1.0,"floorPosition":42.64398},{"type":2,"time":2912,"positionX":-4.602992,"holdTime":0.0,"speed":1.0,"floorPosition":42.87958},{"type":2,"time":2928,"positionX":-2.87687,"holdTime":0.0,"speed":1.0,"floorPosition":43.115185},{"type":1,"time":2944,"positionX":5.408516,"holdTime":0.0,"speed":1.0,"floorPosition":43.350784},{"type":2,"time":2960,"positionX":3.486767,"holdTime":0.0,"speed":1.0,"floorPosition":43.586388},{"type":2,"time":2976,"positionX":5.350978,"holdTime":0.0,"speed":1.0,"floorPosition":43.82199},{"type":2,"time":2992,"positionX":3.486767,"holdTime":0.0,"speed":1.0,"floorPosition":44.05759},{"type":2,"time":3008,"positionX":5.373993,"holdTime":0.0,"speed":1.0,"floorPosition":44.293194},{"type":2,"time":3024,"positionX":3.394708,"holdTime":0.0,"speed":1.0,"floorPosition":44.528797},{"type":2,"time":3040,"positionX":-5.673188,"holdTime":0.0,"speed":1.0,"floorPosition":44.764397},{"type":2,"time":3056,"positionX":-4.039125,"holdTime":0.0,"speed":1.0,"floorPosition":45.0},{"type":2,"time":3072,"positionX":-2.612198,"holdTime":0.0,"speed":1.0,"floorPosition":45.235603},{"type":2,"time":3088,"positionX":-1.035673,"holdTime":0.0,"speed":1.0,"floorPosition":45.471203},{"type":2,"time":3104,"positionX":0.6329117,"holdTime":0.0,"speed":1.0,"floorPosition":45.706806},{"type":2,"time":3120,"positionX":-1.933257,"holdTime":0.0,"speed":1.0,"floorPosition":45.94241},{"type":2,"time":3136,"positionX":-0.4602995,"holdTime":0.0,"speed":1.0,"floorPosition":46.17801},{"type":2,"time":3152,"positionX":-2.87687,"holdTime":0.0,"speed":1.0,"floorPosition":46.413612},{"type":2,"time":3168,"positionX":-1.472958,"holdTime":0.0,"speed":1.0,"floorPosition":46.649216},{"type":2,"time":3184,"positionX":-3.659379,"holdTime":0.0,"speed":1.0,"floorPosition":46.884815},{"type":1,"time":3200,"positionX":3.716917,"holdTime":0.0,"speed":1.0,"floorPosition":47.12042},{"type":1,"time":3232,"positionX":3.705409,"holdTime":0.0,"speed":1.0,"floorPosition":47.59162},{"type":1,"time":3264,"positionX":-5.834292,"holdTime":0.0,"speed":1.0,"floorPosition":48.062828},{"type":1,"time":3296,"positionX":5.903337,"holdTime":0.0,"speed":1.0,"floorPosition":48.53403},{"type":1,"time":3328,"positionX":-1.703108,"holdTime":0.0,"speed":1.0,"floorPosition":49.005234},{"type":1,"time":3360,"positionX":5.857306,"holdTime":0.0,"speed":1.0,"floorPosition":49.47644},{"type":1,"time":3392,"positionX":-3.636364,"holdTime":0.0,"speed":1.0,"floorPosition":49.947643},{"type":1,"time":3424,"positionX":5.788263,"holdTime":0.0,"speed":1.0,"floorPosition":50.41885},{"type":1,"time":3456,"positionX":-5.512083,"holdTime":0.0,"speed":1.0,"floorPosition":50.890053},{"type":1,"time":3488,"positionX":2.704258,"holdTime":0.0,"speed":1.0,"floorPosition":51.361256},{"type":1,"time":3520,"positionX":-5.477561,"holdTime":0.0,"speed":1.0,"floorPosition":51.832462},{"type":1,"time":3552,"positionX":2.692751,"holdTime":0.0,"speed":1.0,"floorPosition":52.303665},{"type":1,"time":3584,"positionX":-2.69275,"holdTime":0.0,"speed":1.0,"floorPosition":52.774868},{"type":1,"time":3616,"positionX":3.624856,"holdTime":0.0,"speed":1.0,"floorPosition":53.246075},{"type":1,"time":3648,"positionX":-2.704258,"holdTime":0.0,"speed":1.0,"floorPosition":53.717278},{"type":1,"time":3680,"positionX":3.590333,"holdTime":0.0,"speed":1.0,"floorPosition":54.18848},{"type":1,"time":3712,"positionX":-5.70771,"holdTime":0.0,"speed":1.0,"floorPosition":54.59686},{"type":2,"time":3728,"positionX":-4.464903,"holdTime":0.0,"speed":1.0,"floorPosition":54.801044},{"type":2,"time":3744,"positionX":-3.498274,"holdTime":0.0,"speed":1.0,"floorPosition":55.005238},{"type":2,"time":3760,"positionX":-2.439585,"holdTime":0.0,"speed":1.0,"floorPosition":55.209423},{"type":1,"time":3776,"positionX":2.059839,"holdTime":0.0,"speed":1.0,"floorPosition":55.413612},{"type":2,"time":3792,"positionX":1.726122,"holdTime":0.0,"speed":1.0,"floorPosition":55.6178},{"type":2,"time":3808,"positionX":2.082854,"holdTime":0.0,"speed":1.0,"floorPosition":55.821987},{"type":2,"time":3824,"positionX":2.497122,"holdTime":0.0,"speed":1.0,"floorPosition":56.02618},{"type":1,"time":3840,"positionX":-5.247411,"holdTime":0.0,"speed":1.0,"floorPosition":56.230366},{"type":2,"time":3856,"positionX":-4.602992,"holdTime":0.0,"speed":1.0,"floorPosition":56.43455},{"type":2,"time":3872,"positionX":-4.027617,"holdTime":0.0,"speed":1.0,"floorPosition":56.638744},{"type":2,"time":3888,"positionX":-3.42923,"holdTime":0.0,"speed":1.0,"floorPosition":56.84293},{"type":1,"time":3904,"positionX":2.082854,"holdTime":0.0,"speed":1.0,"floorPosition":57.047123},{"type":2,"time":3920,"positionX":0.8055229,"holdTime":0.0,"speed":1.0,"floorPosition":57.25131},{"type":2,"time":3936,"positionX":1.012659,"holdTime":0.0,"speed":1.0,"floorPosition":57.455494},{"type":2,"time":3952,"positionX":2.807825,"holdTime":0.0,"speed":1.0,"floorPosition":57.659687},{"type":1,"time":3968,"positionX":-6.283085,"holdTime":0.0,"speed":1.0,"floorPosition":57.863873},{"type":2,"time":3984,"positionX":-5.960875,"holdTime":0.0,"speed":1.0,"floorPosition":58.068066},{"type":2,"time":4000,"positionX":-5.086307,"holdTime":0.0,"speed":1.0,"floorPosition":58.27225},{"type":2,"time":4016,"positionX":-3.762946,"holdTime":0.0,"speed":1.0,"floorPosition":58.476437},{"type":1,"time":4032,"positionX":1.18527,"holdTime":0.0,"speed":1.0,"floorPosition":58.68063},{"type":2,"time":4048,"positionX":0.04602909,"holdTime":0.0,"speed":1.0,"floorPosition":58.884815},{"type":2,"time":4064,"positionX":1.36939,"holdTime":0.0,"speed":1.0,"floorPosition":59.08901},{"type":2,"time":4080,"positionX":2.669735,"holdTime":0.0,"speed":1.0,"floorPosition":59.293194},{"type":2,"time":4096,"positionX":2.002301,"holdTime":0.0,"speed":1.0,"floorPosition":59.49738},{"type":2,"time":4112,"positionX":1.36939,"holdTime":0.0,"speed":1.0,"floorPosition":59.701572},{"type":2,"time":4160,"positionX":-5.155352,"holdTime":0.0,"speed":1.0,"floorPosition":60.314137},{"type":2,"time":4192,"positionX":-5.143843,"holdTime":0.0,"speed":1.0,"floorPosition":60.722515},{"type":2,"time":4208,"positionX":-3.498274,"holdTime":0.0,"speed":1.0,"floorPosition":60.9267},{"type":1,"time":4224,"positionX":2.140392,"holdTime":0.0,"speed":1.0,"floorPosition":61.130894},{"type":1,"time":4256,"positionX":3.92405,"holdTime":0.0,"speed":1.0,"floorPosition":61.539265},{"type":2,"time":4272,"positionX":1.680092,"holdTime":0.0,"speed":1.0,"floorPosition":61.743458},{"type":1,"time":4304,"positionX":-1.024166,"holdTime":0.0,"speed":1.0,"floorPosition":62.151833},{"type":3,"time":4336,"positionX":-4.269276,"holdTime":48.0,"speed":1.4,"floorPosition":62.560207},{"type":1,"time":4400,"positionX":1.864212,"holdTime":0.0,"speed":1.0,"floorPosition":63.43979},{"type":1,"time":4448,"positionX":-4.441887,"holdTime":0.0,"speed":1.0,"floorPosition":64.09947},{"type":2,"time":4464,"positionX":-2.439585,"holdTime":0.0,"speed":1.0,"floorPosition":64.319374},{"type":2,"time":4480,"positionX":-0.3567324,"holdTime":0.0,"speed":1.0,"floorPosition":64.53927},{"type":1,"time":4512,"positionX":4.718066,"holdTime":0.0,"speed":1.0,"floorPosition":64.97906},{"type":2,"time":4528,"positionX":2.945914,"holdTime":0.0,"speed":1.0,"floorPosition":65.19895},{"type":1,"time":4560,"positionX":-1.956271,"holdTime":0.0,"speed":1.0,"floorPosition":65.63874},{"type":3,"time":4592,"positionX":-4.649021,"holdTime":48.0,"speed":1.5,"floorPosition":66.07853},{"type":1,"time":4656,"positionX":3.01496,"holdTime":0.0,"speed":1.0,"floorPosition":67.02094},{"type":2,"time":4688,"positionX":-2.842348,"holdTime":0.0,"speed":1.0,"floorPosition":67.49214},{"type":2,"time":4704,"positionX":-1.380898,"holdTime":0.0,"speed":1.0,"floorPosition":67.727745},{"type":2,"time":4720,"positionX":-4.33832,"holdTime":0.0,"speed":1.0,"floorPosition":67.96335},{"type":2,"time":4736,"positionX":-3.002174,"holdTime":0.0,"speed":1.0,"floorPosition":68.19895},{"type":1,"time":4768,"positionX":3.762946,"holdTime":0.0,"speed":1.0,"floorPosition":68.67015},{"type":2,"time":4784,"positionX":1.668585,"holdTime":0.0,"speed":1.0,"floorPosition":68.905754},{"type":1,"time":4816,"positionX":-1.553509,"holdTime":0.0,"speed":1.0,"floorPosition":69.37696},{"type":3,"time":4848,"positionX":-4.982738,"holdTime":48.0,"speed":1.6,"floorPosition":69.84817},{"type":1,"time":4912,"positionX":-0.03452206,"holdTime":0.0,"speed":1.0,"floorPosition":70.8534},{"type":2,"time":4944,"positionX":-1.139241,"holdTime":0.0,"speed":1.0,"floorPosition":71.35602},{"type":2,"time":4960,"positionX":0.920599,"holdTime":0.0,"speed":1.0,"floorPosition":71.60733},{"type":2,"time":4976,"positionX":3.06099,"holdTime":0.0,"speed":1.0,"floorPosition":71.858635},{"type":2,"time":4992,"positionX":5.20138,"holdTime":0.0,"speed":1.0,"floorPosition":72.10995},{"type":1,"time":5024,"positionX":-3.141541,"holdTime":0.0,"speed":1.0,"floorPosition":72.612564},{"type":1,"time":5056,"positionX":4.24626,"holdTime":0.0,"speed":1.0,"floorPosition":73.11518},{"type":1,"time":5080,"positionX":-5.845799,"holdTime":0.0,"speed":1.0,"floorPosition":73.49215},{"type":3,"time":5104,"positionX":2.105869,"holdTime":48.0,"speed":1.6,"floorPosition":73.86911},{"type":1,"time":5168,"positionX":-3.693901,"holdTime":0.0,"speed":1.0,"floorPosition":74.874344},{"type":2,"time":5200,"positionX":2.013808,"holdTime":0.0,"speed":1.0,"floorPosition":75.37696},{"type":2,"time":5216,"positionX":-0.1917915,"holdTime":0.0,"speed":1.0,"floorPosition":75.628265},{"type":2,"time":5232,"positionX":-2.301497,"holdTime":0.0,"speed":1.0,"floorPosition":75.87958},{"type":2,"time":5248,"positionX":-4.418872,"holdTime":0.0,"speed":1.0,"floorPosition":76.13089},{"type":1,"time":5280,"positionX":4.695051,"holdTime":0.0,"speed":1.0,"floorPosition":76.63351},{"type":2,"time":5296,"positionX":2.658228,"holdTime":0.0,"speed":1.0,"floorPosition":76.88481},{"type":1,"time":5328,"positionX":-1.657077,"holdTime":0.0,"speed":1.0,"floorPosition":77.38743},{"type":3,"time":5360,"positionX":-5.443038,"holdTime":48.0,"speed":1.6,"floorPosition":77.89005},{"type":1,"time":5424,"positionX":3.383199,"holdTime":0.0,"speed":1.0,"floorPosition":78.89529},{"type":1,"time":5472,"positionX":1.334868,"holdTime":0.0,"speed":1.0,"floorPosition":79.64921},{"type":2,"time":5488,"positionX":2.612199,"holdTime":0.0,"speed":1.0,"floorPosition":79.90052},{"type":2,"time":5504,"positionX":0.5178366,"holdTime":0.0,"speed":1.0,"floorPosition":80.15183},{"type":1,"time":5536,"positionX":-2.554661,"holdTime":0.0,"speed":1.0,"floorPosition":80.65445},{"type":2,"time":5552,"positionX":-4.326812,"holdTime":0.0,"speed":1.0,"floorPosition":80.905754},{"type":1,"time":5584,"positionX":5.178366,"holdTime":0.0,"speed":1.0,"floorPosition":81.40838},{"type":3,"time":5616,"positionX":3.279631,"holdTime":48.0,"speed":1.6,"floorPosition":81.910995},{"type":1,"time":5680,"positionX":-2.209436,"holdTime":0.0,"speed":1.0,"floorPosition":82.91622},{"type":2,"time":5712,"positionX":3.785961,"holdTime":0.0,"speed":1.0,"floorPosition":83.418846},{"type":2,"time":5728,"positionX":1.542002,"holdTime":0.0,"speed":1.0,"floorPosition":83.67016},{"type":2,"time":5744,"positionX":-0.6329117,"holdTime":0.0,"speed":1.0,"floorPosition":83.92146},{"type":2,"time":5760,"positionX":2.140392,"holdTime":0.0,"speed":1.0,"floorPosition":84.17277},{"type":1,"time":5792,"positionX":-2.243958,"holdTime":0.0,"speed":1.0,"floorPosition":84.67539},{"type":2,"time":5808,"positionX":-4.223246,"holdTime":0.0,"speed":1.0,"floorPosition":84.926704},{"type":1,"time":5840,"positionX":4.407364,"holdTime":0.0,"speed":1.0,"floorPosition":85.42931},{"type":3,"time":5872,"positionX":1.703106,"holdTime":48.0,"speed":1.6,"floorPosition":85.93193},{"type":1,"time":5936,"positionX":-4.602992,"holdTime":0.0,"speed":1.0,"floorPosition":86.93717},{"type":2,"time":5984,"positionX":-3.187572,"holdTime":0.0,"speed":1.0,"floorPosition":87.6911},{"type":2,"time":6000,"positionX":-0.886076,"holdTime":0.0,"speed":1.0,"floorPosition":87.942406},{"type":2,"time":6016,"positionX":1.346376,"holdTime":0.0,"speed":1.0,"floorPosition":88.19372},{"type":1,"time":6048,"positionX":3.314154,"holdTime":0.0,"speed":1.0,"floorPosition":88.696335},{"type":1,"time":6080,"positionX":-5.040276,"holdTime":0.0,"speed":1.0,"floorPosition":89.198944},{"type":1,"time":6104,"positionX":0.0,"holdTime":0.0,"speed":1.0,"floorPosition":89.57591},{"type":3,"time":6128,"positionX":4.902186,"holdTime":48.0,"speed":1.6,"floorPosition":89.95288},{"type":1,"time":6192,"positionX":-5.086307,"holdTime":0.0,"speed":1.0,"floorPosition":90.958115},{"type":2,"time":6224,"positionX":4.303798,"holdTime":0.0,"speed":1.0,"floorPosition":91.46073},{"type":2,"time":6240,"positionX":2.796317,"holdTime":0.0,"speed":1.0,"floorPosition":91.712036},{"type":2,"time":6256,"positionX":1.380898,"holdTime":0.0,"speed":1.0,"floorPosition":91.96335},{"type":2,"time":6272,"positionX":-0.04603004,"holdTime":0.0,"speed":1.0,"floorPosition":92.21465},{"type":2,"time":6784,"positionX":0.01150703,"holdTime":0.0,"speed":1.0,"floorPosition":100.005226},{"type":2,"time":6848,"positionX":3.624856,"holdTime":0.0,"speed":1.0,"floorPosition":100.759155},{"type":2,"time":6912,"positionX":-2.531645,"holdTime":0.0,"speed":1.0,"floorPosition":101.513084},{"type":2,"time":6960,"positionX":0.7940159,"holdTime":0.0,"speed":1.0,"floorPosition":102.07853},{"type":2,"time":7008,"positionX":2.957421,"holdTime":0.0,"speed":1.0,"floorPosition":102.64397},{"type":2,"time":7040,"positionX":4.050632,"holdTime":0.0,"speed":1.0,"floorPosition":103.020935},{"type":2,"time":7088,"positionX":0.1035681,"holdTime":0.0,"speed":1.0,"floorPosition":103.58638},{"type":2,"time":7136,"positionX":2.186421,"holdTime":0.0,"speed":1.0,"floorPosition":104.151825},{"type":2,"time":7168,"positionX":3.797468,"holdTime":0.0,"speed":1.0,"floorPosition":104.528786},{"type":2,"time":7216,"positionX":1.657077,"holdTime":0.0,"speed":1.0,"floorPosition":105.09424},{"type":2,"time":7264,"positionX":-4.867664,"holdTime":0.0,"speed":1.0,"floorPosition":105.659676},{"type":2,"time":7280,"positionX":-1.841197,"holdTime":0.0,"speed":1.0,"floorPosition":105.84816},{"type":2,"time":7296,"positionX":1.449943,"holdTime":0.0,"speed":1.0,"floorPosition":106.036644},{"type":1,"time":7360,"positionX":4.52244,"holdTime":0.0,"speed":1.0,"floorPosition":106.79057},{"type":1,"time":7424,"positionX":-4.142693,"holdTime":0.0,"speed":1.0,"floorPosition":107.544495},{"type":1,"time":7456,"positionX":-4.154201,"holdTime":0.0,"speed":1.0,"floorPosition":107.92146},{"type":1,"time":7488,"positionX":0.01150703,"holdTime":0.0,"speed":1.0,"floorPosition":108.298416},{"type":1,"time":7552,"positionX":-3.026467,"holdTime":0.0,"speed":1.0,"floorPosition":109.05235},{"type":1,"time":7616,"positionX":2.370541,"holdTime":0.0,"speed":1.0,"floorPosition":109.80628},{"type":1,"time":7680,"positionX":-2.002302,"holdTime":0.0,"speed":1.0,"floorPosition":110.5602},{"type":1,"time":7712,"positionX":-1.990794,"holdTime":0.0,"speed":1.0,"floorPosition":110.93717},{"type":1,"time":7744,"positionX":3.682394,"holdTime":0.0,"speed":1.0,"floorPosition":111.314125},{"type":1,"time":7808,"positionX":-4.925201,"holdTime":0.0,"speed":1.0,"floorPosition":112.068054},{"type":1,"time":7840,"positionX":2.612199,"holdTime":0.0,"speed":1.0,"floorPosition":112.44502},{"type":1,"time":7904,"positionX":2.623705,"holdTime":0.0,"speed":1.0,"floorPosition":113.198944},{"type":1,"time":7968,"positionX":2.658228,"holdTime":0.0,"speed":1.0,"floorPosition":113.95287},{"type":1,"time":8032,"positionX":2.623705,"holdTime":0.0,"speed":1.0,"floorPosition":114.7068},{"type":1,"time":8064,"positionX":-3.751439,"holdTime":0.0,"speed":1.0,"floorPosition":115.08376},{"type":2,"time":8080,"positionX":-4.29229,"holdTime":0.0,"speed":1.0,"floorPosition":115.27225},{"type":2,"time":8096,"positionX":-4.833141,"holdTime":0.0,"speed":1.0,"floorPosition":115.46073},{"type":2,"time":8112,"positionX":-5.3855,"holdTime":0.0,"speed":1.0,"floorPosition":115.649216},{"type":1,"time":8128,"positionX":3.118527,"holdTime":0.0,"speed":1.0,"floorPosition":115.837685},{"type":2,"time":8144,"positionX":2.577676,"holdTime":0.0,"speed":1.0,"floorPosition":116.02617},{"type":2,"time":8160,"positionX":2.071346,"holdTime":0.0,"speed":1.0,"floorPosition":116.21465},{"type":2,"time":8176,"positionX":1.36939,"holdTime":0.0,"speed":1.0,"floorPosition":116.40314},{"type":1,"time":8192,"positionX":-3.808975,"holdTime":0.0,"speed":1.0,"floorPosition":116.59162},{"type":2,"time":8200,"positionX":-3.808975,"holdTime":0.0,"speed":1.0,"floorPosition":116.68586},{"type":2,"time":8208,"positionX":-3.801304,"holdTime":0.0,"speed":1.0,"floorPosition":116.7801},{"type":2,"time":8216,"positionX":-3.774453,"holdTime":0.0,"speed":1.0,"floorPosition":116.874344},{"type":2,"time":8224,"positionX":-3.751439,"holdTime":0.0,"speed":1.0,"floorPosition":116.96858},{"type":2,"time":8232,"positionX":-3.751439,"holdTime":0.0,"speed":1.0,"floorPosition":117.06283},{"type":2,"time":8240,"positionX":-3.751439,"holdTime":0.0,"speed":1.0,"floorPosition":117.15706},{"type":2,"time":8248,"positionX":-3.762946,"holdTime":0.0,"speed":1.0,"floorPosition":117.2513},{"type":1,"time":8448,"positionX":-2.462601,"holdTime":0.0,"speed":1.0,"floorPosition":119.60732},{"type":1,"time":8480,"positionX":-4.33832,"holdTime":0.0,"speed":1.0,"floorPosition":119.98429},{"type":1,"time":8512,"positionX":-2.428078,"holdTime":0.0,"speed":1.0,"floorPosition":120.36125},{"type":3,"time":8544,"positionX":-2.428078,"holdTime":16.0,"speed":1.2,"floorPosition":120.73821},{"type":1,"time":8576,"positionX":4.43038,"holdTime":0.0,"speed":1.0,"floorPosition":121.11518},{"type":1,"time":8608,"positionX":1.760645,"holdTime":0.0,"speed":1.0,"floorPosition":121.492134},{"type":1,"time":8640,"positionX":5.350978,"holdTime":0.0,"speed":1.0,"floorPosition":121.8691},{"type":2,"time":8664,"positionX":-4.372843,"holdTime":0.0,"speed":1.0,"floorPosition":122.151825},{"type":2,"time":8688,"positionX":-2.934408,"holdTime":0.0,"speed":1.0,"floorPosition":122.43455},{"type":1,"time":8704,"positionX":2.474108,"holdTime":0.0,"speed":1.0,"floorPosition":122.62303},{"type":1,"time":8736,"positionX":2.439586,"holdTime":0.0,"speed":1.0,"floorPosition":122.99999},{"type":2,"time":8768,"positionX":-0.02301502,"holdTime":0.0,"speed":1.0,"floorPosition":123.37696},{"type":2,"time":8792,"positionX":-2.232451,"holdTime":0.0,"speed":1.0,"floorPosition":123.65968},{"type":2,"time":8816,"positionX":-4.591484,"holdTime":0.0,"speed":1.0,"floorPosition":123.942406},{"type":2,"time":8848,"positionX":4.315305,"holdTime":0.0,"speed":1.0,"floorPosition":124.319374},{"type":2,"time":8864,"positionX":1.760645,"holdTime":0.0,"speed":1.0,"floorPosition":124.50784},{"type":1,"time":8896,"positionX":-1.438436,"holdTime":0.0,"speed":1.0,"floorPosition":124.88481},{"type":2,"time":8928,"positionX":-5.638665,"holdTime":0.0,"speed":1.0,"floorPosition":125.26178},{"type":2,"time":8944,"positionX":-3.601841,"holdTime":0.0,"speed":1.0,"floorPosition":125.45026},{"type":2,"time":8992,"positionX":4.303798,"holdTime":0.0,"speed":1.0,"floorPosition":126.0157},{"type":2,"time":9008,"positionX":2.013808,"holdTime":0.0,"speed":1.0,"floorPosition":126.204185},{"type":2,"time":9024,"positionX":-0.3337173,"holdTime":0.0,"speed":1.0,"floorPosition":126.39266},{"type":2,"time":9040,"positionX":2.048331,"holdTime":0.0,"speed":1.0,"floorPosition":126.58115},{"type":2,"time":9056,"positionX":4.361335,"holdTime":0.0,"speed":1.0,"floorPosition":126.76963},{"type":2,"time":9072,"positionX":2.025316,"holdTime":0.0,"speed":1.0,"floorPosition":126.958115},{"type":1,"time":9088,"positionX":-3.578826,"holdTime":0.0,"speed":1.0,"floorPosition":127.1466},{"type":1,"time":9120,"positionX":-4.959724,"holdTime":0.0,"speed":1.0,"floorPosition":127.52355},{"type":1,"time":9152,"positionX":-2.289989,"holdTime":0.0,"speed":1.0,"floorPosition":127.90052},{"type":2,"time":9184,"positionX":1.852704,"holdTime":0.0,"speed":1.0,"floorPosition":128.27748},{"type":2,"time":9200,"positionX":3.705409,"holdTime":0.0,"speed":1.0,"floorPosition":128.46596},{"type":2,"time":9216,"positionX":0.3567324,"holdTime":0.0,"speed":1.0,"floorPosition":128.65445},{"type":2,"time":9232,"positionX":2.462601,"holdTime":0.0,"speed":1.0,"floorPosition":128.84293},{"type":2,"time":9248,"positionX":0.9436131,"holdTime":0.0,"speed":1.0,"floorPosition":129.03142},{"type":2,"time":9264,"positionX":3.153049,"holdTime":0.0,"speed":1.0,"floorPosition":129.2199},{"type":3,"time":9280,"positionX":-4.52244,"holdTime":48.0,"speed":1.2,"floorPosition":129.40837},{"type":1,"time":9376,"positionX":-4.533947,"holdTime":0.0,"speed":1.0,"floorPosition":130.53926},{"type":1,"time":9408,"positionX":-1.438436,"holdTime":0.0,"speed":1.0,"floorPosition":130.91623},{"type":1,"time":9440,"positionX":3.901034,"holdTime":0.0,"speed":1.0,"floorPosition":131.29318},{"type":2,"time":9456,"positionX":2.255466,"holdTime":0.0,"speed":1.0,"floorPosition":131.48167},{"type":2,"time":9472,"positionX":0.5868816,"holdTime":0.0,"speed":1.0,"floorPosition":131.67015},{"type":1,"time":9504,"positionX":-3.762946,"holdTime":0.0,"speed":1.0,"floorPosition":132.04712},{"type":1,"time":9536,"positionX":-0.863061,"holdTime":0.0,"speed":1.0,"floorPosition":132.42409},{"type":3,"time":9568,"positionX":-2.428078,"holdTime":16.0,"speed":1.2,"floorPosition":132.80104},{"type":1,"time":9600,"positionX":5.097814,"holdTime":0.0,"speed":1.0,"floorPosition":133.17801},{"type":1,"time":9632,"positionX":-3.118526,"holdTime":0.0,"speed":1.0,"floorPosition":133.55498},{"type":1,"time":9664,"positionX":3.130034,"holdTime":0.0,"speed":1.0,"floorPosition":133.93193},{"type":2,"time":9688,"positionX":-5.408516,"holdTime":0.0,"speed":1.0,"floorPosition":134.21466},{"type":2,"time":9712,"positionX":-2.646721,"holdTime":0.0,"speed":1.0,"floorPosition":134.49738},{"type":1,"time":9728,"positionX":4.315305,"holdTime":0.0,"speed":1.0,"floorPosition":134.68587},{"type":1,"time":9760,"positionX":4.303798,"holdTime":0.0,"speed":1.0,"floorPosition":135.06282},{"type":2,"time":9792,"positionX":-0.9781361,"holdTime":0.0,"speed":1.0,"floorPosition":135.43979},{"type":2,"time":9816,"positionX":-2.669735,"holdTime":0.0,"speed":1.0,"floorPosition":135.7225},{"type":2,"time":9840,"positionX":-4.269276,"holdTime":0.0,"speed":1.0,"floorPosition":136.00523},{"type":2,"time":9872,"positionX":2.876871,"holdTime":0.0,"speed":1.0,"floorPosition":136.3822},{"type":2,"time":9888,"positionX":4.579977,"holdTime":0.0,"speed":1.0,"floorPosition":136.57068},{"type":2,"time":9904,"positionX":1.737629,"holdTime":0.0,"speed":1.0,"floorPosition":136.75916},{"type":2,"time":9920,"positionX":3.820484,"holdTime":0.0,"speed":1.0,"floorPosition":136.94763},{"type":2,"time":9952,"positionX":-3.601841,"holdTime":0.0,"speed":1.0,"floorPosition":137.3246},{"type":2,"time":9968,"positionX":-1.484465,"holdTime":0.0,"speed":1.0,"floorPosition":137.51309},{"type":2,"time":10000,"positionX":3.268124,"holdTime":0.0,"speed":1.0,"floorPosition":137.89005},{"type":2,"time":10016,"positionX":5.56962,"holdTime":0.0,"speed":1.0,"floorPosition":138.07854},{"type":1,"time":10048,"positionX":1.334868,"holdTime":0.0,"speed":1.0,"floorPosition":138.45549},{"type":2,"time":10080,"positionX":-2.957422,"holdTime":0.0,"speed":1.0,"floorPosition":138.83246},{"type":2,"time":10096,"positionX":-4.971231,"holdTime":0.0,"speed":1.0,"floorPosition":139.02094},{"type":2,"time":10112,"positionX":0.01150703,"holdTime":0.0,"speed":1.0,"floorPosition":139.20943},{"type":2,"time":10128,"positionX":0.0,"holdTime":0.0,"speed":1.0,"floorPosition":139.3979},{"type":2,"time":10144,"positionX":-0.02301502,"holdTime":0.0,"speed":1.0,"floorPosition":139.58638},{"type":2,"time":10160,"positionX":-0.02301502,"holdTime":0.0,"speed":1.0,"floorPosition":139.77486},{"type":2,"time":10176,"positionX":-0.03452206,"holdTime":0.0,"speed":1.0,"floorPosition":139.96335},{"type":2,"time":10192,"positionX":-0.04603004,"holdTime":0.0,"speed":1.0,"floorPosition":140.15182},{"type":2,"time":10208,"positionX":-0.02301502,"holdTime":0.0,"speed":1.0,"floorPosition":140.34032},{"type":2,"time":10224,"positionX":-0.02301502,"holdTime":0.0,"speed":1.0,"floorPosition":140.5288},{"type":2,"time":10240,"positionX":-0.01150703,"holdTime":0.0,"speed":1.0,"floorPosition":140.71727},{"type":2,"time":10248,"positionX":-0.03452206,"holdTime":0.0,"speed":1.0,"floorPosition":140.81152},{"type":2,"time":10256,"positionX":-0.04603004,"holdTime":0.0,"speed":1.0,"floorPosition":140.90576},{"type":2,"time":10264,"positionX":-0.04603004,"holdTime":0.0,"speed":1.0,"floorPosition":140.99998},{"type":2,"time":10272,"positionX":-0.04603004,"holdTime":0.0,"speed":1.0,"floorPosition":141.09424},{"type":2,"time":10280,"positionX":-0.04603004,"holdTime":0.0,"speed":1.0,"floorPosition":141.18848},{"type":2,"time":10288,"positionX":-0.03452206,"holdTime":0.0,"speed":1.0,"floorPosition":141.28273},{"type":2,"time":10296,"positionX":-0.02301502,"holdTime":0.0,"speed":1.0,"floorPosition":141.37695},{"type":2,"time":10304,"positionX":-0.01150703,"holdTime":0.0,"speed":1.0,"floorPosition":141.47119},{"type":2,"time":10312,"positionX":-0.01150703,"holdTime":0.0,"speed":1.0,"floorPosition":141.56544},{"type":2,"time":10320,"positionX":-0.02301502,"holdTime":0.0,"speed":1.0,"floorPosition":141.65968},{"type":2,"time":10328,"positionX":-0.02301502,"holdTime":0.0,"speed":1.0,"floorPosition":141.75392},{"type":2,"time":10336,"positionX":-0.02301502,"holdTime":0.0,"speed":1.0,"floorPosition":141.84816},{"type":2,"time":10344,"positionX":-0.01150703,"holdTime":0.0,"speed":1.0,"floorPosition":141.9424},{"type":2,"time":10352,"positionX":-0.03452206,"holdTime":0.0,"speed":1.0,"floorPosition":142.03665},{"type":2,"time":10360,"positionX":-0.01150703,"holdTime":0.0,"speed":1.0,"floorPosition":142.13089},{"type":1,"time":10368,"positionX":-5.696202,"holdTime":0.0,"speed":1.0,"floorPosition":142.22513},{"type":1,"time":10400,"positionX":-3.314154,"holdTime":0.0,"speed":1.0,"floorPosition":142.60208},{"type":1,"time":10432,"positionX":-0.897583,"holdTime":0.0,"speed":1.0,"floorPosition":142.97905},{"type":1,"time":10464,"positionX":5.327963,"holdTime":0.0,"speed":1.0,"floorPosition":143.35602},{"type":2,"time":10480,"positionX":2.83084,"holdTime":0.0,"speed":1.0,"floorPosition":143.5445},{"type":2,"time":10496,"positionX":2.78481,"holdTime":0.0,"speed":1.0,"floorPosition":143.73299},{"type":1,"time":10528,"positionX":-3.889528,"holdTime":0.0,"speed":1.0,"floorPosition":144.10995},{"type":1,"time":10560,"positionX":-1.760644,"holdTime":0.0,"speed":1.0,"floorPosition":144.48691},{"type":2,"time":10592,"positionX":2.577676,"holdTime":0.0,"speed":1.0,"floorPosition":144.86388},{"type":2,"time":10600,"positionX":1.472959,"holdTime":0.0,"speed":1.0,"floorPosition":144.95811},{"type":2,"time":10608,"positionX":2.508631,"holdTime":0.0,"speed":1.0,"floorPosition":145.05235},{"type":2,"time":10616,"positionX":3.601841,"holdTime":0.0,"speed":1.0,"floorPosition":145.14659},{"type":2,"time":10624,"positionX":2.439586,"holdTime":0.0,"speed":1.0,"floorPosition":145.24083},{"type":1,"time":10656,"positionX":-2.186421,"holdTime":0.0,"speed":1.0,"floorPosition":145.6178},{"type":1,"time":10688,"positionX":3.670887,"holdTime":0.0,"speed":1.0,"floorPosition":145.99477},{"type":2,"time":10712,"positionX":1.956272,"holdTime":0.0,"speed":1.0,"floorPosition":146.27748},{"type":2,"time":10736,"positionX":3.636364,"holdTime":0.0,"speed":1.0,"floorPosition":146.56021},{"type":1,"time":10752,"positionX":-2.232451,"holdTime":0.0,"speed":1.0,"floorPosition":146.74869},{"type":1,"time":10784,"positionX":-2.209436,"holdTime":0.0,"speed":1.0,"floorPosition":147.12564},{"type":1,"time":10816,"positionX":4.856156,"holdTime":0.0,"speed":1.0,"floorPosition":147.50261},{"type":2,"time":10840,"positionX":2.002301,"holdTime":0.0,"speed":1.0,"floorPosition":147.78534},{"type":2,"time":10864,"positionX":-0.8170309,"holdTime":0.0,"speed":1.0,"floorPosition":148.06805},{"type":2,"time":10896,"positionX":-5.500575,"holdTime":0.0,"speed":1.0,"floorPosition":148.44502},{"type":2,"time":10912,"positionX":-5.454546,"holdTime":0.0,"speed":1.0,"floorPosition":148.6335},{"type":1,"time":10944,"positionX":3.429228,"holdTime":0.0,"speed":1.0,"floorPosition":149.01047},{"type":2,"time":10976,"positionX":-3.164557,"holdTime":0.0,"speed":1.0,"floorPosition":149.38744},{"type":2,"time":10992,"positionX":-0.932106,"holdTime":0.0,"speed":1.0,"floorPosition":149.57591},{"type":2,"time":11040,"positionX":4.591484,"holdTime":0.0,"speed":1.0,"floorPosition":150.14136},{"type":2,"time":11056,"positionX":2.738781,"holdTime":0.0,"speed":1.0,"floorPosition":150.32983},{"type":2,"time":11072,"positionX":1.208285,"holdTime":0.0,"speed":1.0,"floorPosition":150.51833},{"type":2,"time":11088,"positionX":2.827645,"holdTime":0.0,"speed":1.0,"floorPosition":150.7068},{"type":2,"time":11104,"positionX":0.90909,"holdTime":0.0,"speed":1.0,"floorPosition":150.89528},{"type":2,"time":11120,"positionX":-0.9436131,"holdTime":0.0,"speed":1.0,"floorPosition":151.08377},{"type":2,"time":11136,"positionX":0.7249718,"holdTime":0.0,"speed":1.0,"floorPosition":151.27225},{"type":1,"time":11168,"positionX":-4.464903,"holdTime":0.0,"speed":1.0,"floorPosition":151.64922},{"type":1,"time":11200,"positionX":-2.232451,"holdTime":0.0,"speed":1.0,"floorPosition":152.02617},{"type":2,"time":11232,"positionX":2.220944,"holdTime":0.0,"speed":1.0,"floorPosition":152.40314},{"type":2,"time":11248,"positionX":3.463751,"holdTime":0.0,"speed":1.0,"floorPosition":152.59163},{"type":2,"time":11264,"positionX":-4.395857,"holdTime":0.0,"speed":1.0,"floorPosition":152.78009},{"type":2,"time":11280,"positionX":-2.554661,"holdTime":0.0,"speed":1.0,"floorPosition":152.96858},{"type":2,"time":11296,"positionX":2.094362,"holdTime":0.0,"speed":1.0,"floorPosition":153.15706},{"type":2,"time":11312,"positionX":3.682394,"holdTime":0.0,"speed":1.0,"floorPosition":153.34555},{"type":2,"time":11328,"positionX":-5.350979,"holdTime":0.0,"speed":1.0,"floorPosition":153.53403},{"type":2,"time":11352,"positionX":-5.327963,"holdTime":0.0,"speed":1.0,"floorPosition":153.81676},{"type":2,"time":11376,"positionX":-5.316456,"holdTime":0.0,"speed":1.0,"floorPosition":154.09947},{"type":1,"time":11392,"positionX":0.03452301,"holdTime":0.0,"speed":1.0,"floorPosition":154.28795},{"type":1,"time":11424,"positionX":-3.567319,"holdTime":0.0,"speed":1.0,"floorPosition":154.66492},{"type":1,"time":11456,"positionX":3.659378,"holdTime":0.0,"speed":1.0,"floorPosition":155.04189},{"type":2,"time":11488,"positionX":0.5178366,"holdTime":0.0,"speed":1.0,"floorPosition":155.41885},{"type":2,"time":11504,"positionX":-1.461451,"holdTime":0.0,"speed":1.0,"floorPosition":155.60732},{"type":2,"time":11520,"positionX":-3.555811,"holdTime":0.0,"speed":1.0,"floorPosition":155.7958},{"type":1,"time":11552,"positionX":2.773303,"holdTime":0.0,"speed":1.0,"floorPosition":156.17278},{"type":1,"time":11584,"positionX":4.959724,"holdTime":0.0,"speed":1.0,"floorPosition":156.54973},{"type":2,"time":11616,"positionX":-4.29229,"holdTime":0.0,"speed":1.0,"floorPosition":156.9267},{"type":2,"time":11624,"positionX":-5.43153,"holdTime":0.0,"speed":1.0,"floorPosition":157.02094},{"type":2,"time":11632,"positionX":-6.363636,"holdTime":0.0,"speed":1.0,"floorPosition":157.11519},{"type":2,"time":11640,"positionX":-5.43153,"holdTime":0.0,"speed":1.0,"floorPosition":157.20941},{"type":2,"time":11648,"positionX":-4.24626,"holdTime":0.0,"speed":1.0,"floorPosition":157.30367},{"type":1,"time":11680,"positionX":-0.3797464,"holdTime":0.0,"speed":1.0,"floorPosition":157.68062},{"type":1,"time":11712,"positionX":3.716917,"holdTime":0.0,"speed":1.0,"floorPosition":158.05759},{"type":2,"time":11736,"positionX":1.081703,"holdTime":0.0,"speed":1.0,"floorPosition":158.34032},{"type":2,"time":11760,"positionX":2.347526,"holdTime":0.0,"speed":1.0,"floorPosition":158.62303},{"type":1,"time":11776,"positionX":-2.577676,"holdTime":0.0,"speed":1.0,"floorPosition":158.81151},{"type":1,"time":11808,"positionX":-2.577676,"holdTime":0.0,"speed":1.0,"floorPosition":159.18848},{"type":2,"time":11840,"positionX":4.165708,"holdTime":0.0,"speed":1.0,"floorPosition":159.56544},{"type":2,"time":11864,"positionX":2.623705,"holdTime":0.0,"speed":1.0,"floorPosition":159.84816},{"type":2,"time":11888,"positionX":1.035672,"holdTime":0.0,"speed":1.0,"floorPosition":160.13089},{"type":2,"time":11920,"positionX":-3.762946,"holdTime":0.0,"speed":1.0,"floorPosition":160.50784},{"type":2,"time":11936,"positionX":-5.247411,"holdTime":0.0,"speed":1.0,"floorPosition":160.69633},{"type":2,"time":11952,"positionX":-3.417721,"holdTime":0.0,"speed":1.0,"floorPosition":160.88481},{"type":2,"time":11968,"positionX":-1.346375,"holdTime":0.0,"speed":1.0,"floorPosition":161.0733},{"type":2,"time":12000,"positionX":1.956272,"holdTime":0.0,"speed":1.0,"floorPosition":161.45027},{"type":2,"time":12016,"positionX":4.326813,"holdTime":0.0,"speed":1.0,"floorPosition":161.63873},{"type":2,"time":12048,"positionX":-3.739931,"holdTime":0.0,"speed":1.0,"floorPosition":162.0157},{"type":2,"time":12064,"positionX":-1.726122,"holdTime":0.0,"speed":1.0,"floorPosition":162.20418},{"type":1,"time":12096,"positionX":3.92405,"holdTime":0.0,"speed":1.0,"floorPosition":162.58115},{"type":1,"time":12128,"positionX":3.889527,"holdTime":0.0,"speed":1.0,"floorPosition":162.95811},{"type":2,"time":12144,"positionX":2.324511,"holdTime":0.0,"speed":1.0,"floorPosition":163.14659},{"type":2,"time":12160,"positionX":-4.706559,"holdTime":0.0,"speed":1.0,"floorPosition":163.33508},{"type":2,"time":12176,"positionX":-4.672037,"holdTime":0.0,"speed":1.0,"floorPosition":163.52356},{"type":2,"time":12192,"positionX":-4.672037,"holdTime":0.0,"speed":1.0,"floorPosition":163.71204},{"type":2,"time":12208,"positionX":-4.672037,"holdTime":0.0,"speed":1.0,"floorPosition":163.90053},{"type":2,"time":12224,"positionX":1.979286,"holdTime":0.0,"speed":1.0,"floorPosition":164.089},{"type":2,"time":12240,"positionX":1.979286,"holdTime":0.0,"speed":1.0,"floorPosition":164.2775},{"type":2,"time":12256,"positionX":1.979286,"holdTime":0.0,"speed":1.0,"floorPosition":164.46596},{"type":2,"time":12272,"positionX":1.967779,"holdTime":0.0,"speed":1.0,"floorPosition":164.65443},{"type":2,"time":12288,"positionX":-3.762946,"holdTime":0.0,"speed":1.0,"floorPosition":164.84293},{"type":2,"time":12296,"positionX":-2.393556,"holdTime":0.0,"speed":1.0,"floorPosition":164.93716},{"type":2,"time":12304,"positionX":-1.173762,"holdTime":0.0,"speed":1.0,"floorPosition":165.0314},{"type":2,"time":12312,"positionX":-0.6559267,"holdTime":0.0,"speed":1.0,"floorPosition":165.12564},{"type":2,"time":12320,"positionX":-0.2531643,"holdTime":0.0,"speed":1.0,"floorPosition":165.2199},{"type":2,"time":12328,"positionX":-0.0805521,"holdTime":0.0,"speed":1.0,"floorPosition":165.31413},{"type":2,"time":12336,"positionX":-0.02301502,"holdTime":0.0,"speed":1.0,"floorPosition":165.40837},{"type":2,"time":12344,"positionX":-0.01150703,"holdTime":0.0,"speed":1.0,"floorPosition":165.50261},{"type":2,"time":12352,"positionX":0.0,"holdTime":0.0,"speed":1.0,"floorPosition":165.59685},{"type":2,"time":12360,"positionX":-0.01150703,"holdTime":0.0,"speed":1.0,"floorPosition":165.6911},{"type":2,"time":12368,"positionX":-0.01150703,"holdTime":0.0,"speed":1.0,"floorPosition":165.78534},{"type":2,"time":12376,"positionX":0.0,"holdTime":0.0,"speed":1.0,"floorPosition":165.87958},{"type":2,"time":12384,"positionX":-0.01150703,"holdTime":0.0,"speed":1.0,"floorPosition":165.97382},{"type":2,"time":12392,"positionX":-0.02301502,"holdTime":0.0,"speed":1.0,"floorPosition":166.06805},{"type":2,"time":12400,"positionX":-0.02301502,"holdTime":0.0,"speed":1.0,"floorPosition":166.16231},{"type":2,"time":12408,"positionX":-0.02301502,"holdTime":0.0,"speed":1.0,"floorPosition":166.25655}],"notesBelow":[],"speedEvents":[{"startTime":0.0,"endTime":3680.0,"value":1.5},{"startTime":3680.0,"endTime":4336.0,"value":1.3},{"startTime":4336.0,"endTime":4592.0,"value":1.4},{"startTime":4592.0,"endTime":4848.0,"value":1.5},{"startTime":4848.0,"endTime":6720.0,"value":1.6},{"startTime":6720.0,"endTime":8801280.0,"value":1.2}],"judgeLineMoveEvents":[{"startTime":0.0,"endTime":16.0,"start":440260.0,"end":440260.0},{"startTime":16.0,"endTime":1024.0,"start":440104.0,"end":440104.0},{"startTime":1024.0,"endTime":1152.0,"start":440104.0,"end":440208.0},{"startTime":1152.0,"endTime":2144.0,"start":440208.0,"end":440208.0},{"startTime":2144.0,"endTime":2176.0,"start":440208.0,"end":440156.0},{"startTime":2176.0,"endTime":3200.0,"start":440156.0,"end":440156.0},{"startTime":3200.0,"endTime":4224.0,"start":440156.0,"end":440208.0},{"startTime":4224.0,"endTime":5248.0,"start":440208.0,"end":440052.0},{"startTime":5248.0,"endTime":6272.0,"start":440052.0,"end":440156.0},{"startTime":6272.0,"endTime":6280.0,"start":440156.0,"end":440260.0},{"startTime":6280.0,"endTime":7296.0,"start":440260.0,"end":440260.0},{"startTime":7296.0,"endTime":7808.0,"start":440260.0,"end":440130.0},{"startTime":7808.0,"endTime":8192.0,"start":440130.0,"end":440130.0},{"startTime":8192.0,"endTime":8256.0,"start":440130.0,"end":484130.0},{"startTime":8256.0,"endTime":8320.0,"start":484130.0,"end":440260.0},{"startTime":8320.0,"endTime":8448.0,"start":440260.0,"end":440260.0},{"startTime":8448.0,"endTime":8832.0,"start":440260.0,"end":440104.0},{"startTime":8832.0,"endTime":9280.0,"start":440104.0,"end":440104.0},{"startTime":9280.0,"endTime":9312.0,"start":440104.0,"end":440156.0},{"startTime":9312.0,"endTime":9344.0,"start":440156.0,"end":440104.0},{"startTime":9344.0,"endTime":10112.0,"start":440104.0,"end":440104.0},{"startTime":10112.0,"endTime":10240.0,"start":440104.0,"end":440260.0},{"startTime":10240.0,"endTime":10368.0,"start":440260.0,"end":440104.0},{"startTime":10368.0,"endTime":11424.0,"start":440104.0,"end":440104.0},{"startTime":11424.0,"endTime":12384.0,"start":440104.0,"end":440260.0},{"startTime":12384.0,"endTime":12416.0,"start":440260.0,"end":440208.0},{"startTime":12416.0,"endTime":12432.0,"start":440208.0,"end":440416.0},{"startTime":12432.0,"endTime":12512.0,"start":440416.0,"end":440520.0},{"startTime":12512.0,"endTime":8801280.0,"start":440260.0,"end":440260.0}],"judgeLineRotateEvents":[{"startTime":0.0,"endTime":3200.0,"start":0.0,"end":0.0},{"startTime":3200.0,"endTime":4160.0,"start":0.0,"end":10.0},{"startTime":4160.0,"endTime":4224.0,"start":10.0,"end":0.0},{"startTime":4224.0,"endTime":6272.0,"start":0.0,"end":0.0},{"startTime":6272.0,"endTime":6280.0,"start":0.0,"end":60.0},{"startTime":6280.0,"endTime":6400.0,"start":60.0,"end":90.0},{"startTime":6400.0,"endTime":6408.0,"start":90.0,"end":80.0},{"startTime":6408.0,"endTime":6528.0,"start":80.0,"end":120.0},{"startTime":6528.0,"endTime":6536.0,"start":120.0,"end":110.0},{"startTime":6536.0,"endTime":6656.0,"start":110.0,"end":150.0},{"startTime":6656.0,"endTime":6784.0,"start":150.0,"end":10.0},{"startTime":6784.0,"endTime":7296.0,"start":10.0,"end":0.0},{"startTime":7296.0,"endTime":7808.0,"start":0.0,"end":0.0},{"startTime":7808.0,"endTime":8256.0,"start":0.0,"end":-10.0},{"startTime":8256.0,"endTime":8320.0,"start":-9.0,"end":0.0},{"startTime":8320.0,"endTime":10368.0,"start":0.0,"end":0.0},{"startTime":10368.0,"endTime":11392.0,"start":0.0,"end":10.0},{"startTime":11392.0,"endTime":11424.0,"start":10.0,"end":0.0},{"startTime":11424.0,"endTime":8801280.0,"start":0.0,"end":0.0}],"judgeLineDisappearEvents":[{"startTime":0.0,"endTime":16.0,"start":1.0,"end":0.0},{"startTime":16.0,"endTime":32.0,"start":0.0,"end":0.0},{"startTime":32.0,"endTime":48.0,"start":0.0,"end":1.0},{"startTime":48.0,"endTime":9328.0,"start":1.0,"end":1.0},{"startTime":9328.0,"endTime":9376.0,"start":1.0,"end":0.0},{"startTime":9376.0,"endTime":12480.0,"start":1.0,"end":1.0},{"startTime":12480.0,"endTime":12512.0,"start":1.0,"end":0.0},{"startTime":12512.0,"endTime":13512.0,"start":0.0,"end":0.0},{"startTime":13512.0,"endTime":8801280.0,"start":1.0,"end":1.0}]},{"bpm":191.0,"notesAbove":[{"type":1,"time":8320,"positionX":3.866512,"holdTime":0.0,"speed":1.0,"floorPosition":81.86388},{"type":1,"time":8352,"positionX":-4.97123,"holdTime":0.0,"speed":1.0,"floorPosition":82.27225},{"type":1,"time":8384,"positionX":-1.806675,"holdTime":0.0,"speed":1.0,"floorPosition":82.68063},{"type":1,"time":8416,"positionX":5.15535,"holdTime":0.0,"speed":1.0,"floorPosition":83.089005},{"type":2,"time":8432,"positionX":3.014961,"holdTime":0.0,"speed":1.0,"floorPosition":83.29319}],"notesBelow":[],"speedEvents":[{"startTime":0.0,"endTime":8256.0,"value":1.0},{"startTime":8256.0,"endTime":8448.0,"value":1.3},{"startTime":8448.0,"endTime":8801280.0,"value":1.0}],"judgeLineMoveEvents":[{"startTime":0.0,"endTime":8801280.0,"start":440260.0,"end":440260.0}],"judgeLineRotateEvents":[{"startTime":0.0,"endTime":8801280.0,"start":0.0,"end":0.0}],"judgeLineDisappearEvents":[{"startTime":0.0,"endTime":8192.0,"start":0.0,"end":0.0},{"startTime":8192.0,"endTime":8320.0,"start":0.0,"end":1.0},{"startTime":8320.0,"endTime":8448.0,"start":1.0,"end":1.0},{"startTime":8448.0,"endTime":18448.0,"start":0.0,"end":0.0},{"startTime":18448.0,"endTime":8801280.0,"start":1.0,"end":1.0}]}]}