{"formatVersion":3,"offset":0.0,"judgeLineList":[{"bpm":128.0,"notesAbove":[{"type":4,"time":128,"positionX":-2.625,"holdTime":0.0,"speed":1.0,"floorPosition":2.71875},{"type":1,"time":152,"positionX":2.625,"holdTime":0.0,"speed":1.0,"floorPosition":3.28125},{"type":2,"time":160,"positionX":2.625,"holdTime":0.0,"speed":1.0,"floorPosition":3.46875},{"type":1,"time":176,"positionX":-2.625,"holdTime":0.0,"speed":1.0,"floorPosition":3.84375},{"type":1,"time":192,"positionX":2.625,"holdTime":0.0,"speed":1.0,"floorPosition":4.21875},{"type":1,"time":216,"positionX":-2.625,"holdTime":0.0,"speed":1.0,"floorPosition":4.78125},{"type":2,"time":224,"positionX":-2.625,"holdTime":0.0,"speed":1.0,"floorPosition":4.96875},{"type":1,"time":240,"positionX":2.625,"holdTime":0.0,"speed":1.0,"floorPosition":5.34375},{"type":1,"time":256,"positionX":-2.625,"holdTime":0.0,"speed":1.0,"floorPosition":5.71875},{"type":1,"time":280,"positionX":2.625,"holdTime":0.0,"speed":1.0,"floorPosition":6.28125},{"type":2,"time":288,"positionX":2.625,"holdTime":0.0,"speed":1.0,"floorPosition":6.46875},{"type":1,"time":304,"positionX":-2.625,"holdTime":0.0,"speed":1.0,"floorPosition":6.84375},{"type":1,"time":320,"positionX":2.625,"holdTime":0.0,"speed":1.0,"floorPosition":7.21875},{"type":1,"time":336,"positionX":-2.625,"holdTime":0.0,"speed":1.0,"floorPosition":7.59375},{"type":1,"time":352,"positionX":2.625,"holdTime":0.0,"speed":1.0,"floorPosition":7.96875},{"type":1,"time":368,"positionX":-2.625,"holdTime":0.0,"speed":1.0,"floorPosition":8.34375},{"type":4,"time":384,"positionX":4.375,"holdTime":0.0,"speed":1.0,"floorPosition":8.71875},{"type":1,"time":408,"positionX":-4.375,"holdTime":0.0,"speed":1.0,"floorPosition":9.28125},{"type":2,"time":416,"positionX":-4.375,"holdTime":0.0,"speed":1.0,"floorPosition":9.46875},{"type":1,"time":432,"positionX":4.375,"holdTime":0.0,"speed":1.0,"floorPosition":9.84375},{"type":1,"time":448,"positionX":-4.375,"holdTime":0.0,"speed":1.0,"floorPosition":10.21875},{"type":1,"time":472,"positionX":4.375,"holdTime":0.0,"speed":1.0,"floorPosition":10.78125},{"type":2,"time":480,"positionX":4.375,"holdTime":0.0,"speed":1.0,"floorPosition":10.96875},{"type":1,"time":496,"positionX":-4.375,"holdTime":0.0,"speed":1.0,"floorPosition":11.34375},{"type":1,"time":512,"positionX":4.375,"holdTime":0.0,"speed":1.0,"floorPosition":11.71875},{"type":1,"time":536,"positionX":-4.375,"holdTime":0.0,"speed":1.0,"floorPosition":12.28125},{"type":2,"time":544,"positionX":-4.375,"holdTime":0.0,"speed":1.0,"floorPosition":12.46875},{"type":1,"time":560,"positionX":4.375,"holdTime":0.0,"speed":1.0,"floorPosition":12.84375},{"type":1,"time":592,"positionX":0.0,"holdTime":0.0,"speed":1.0,"floorPosition":13.59375},{"type":1,"time":624,"positionX":0.0,"holdTime":0.0,"speed":1.0,"floorPosition":14.34375},{"type":4,"time":640,"positionX":-3.5,"holdTime":0.0,"speed":1.0,"floorPosition":14.71875},{"type":1,"time":664,"positionX":3.5,"holdTime":0.0,"speed":1.0,"floorPosition":15.28125},{"type":2,"time":672,"positionX":3.5,"holdTime":0.0,"speed":1.0,"floorPosition":15.46875},{"type":1,"time":688,"positionX":-3.5,"holdTime":0.0,"speed":1.0,"floorPosition":15.84375},{"type":1,"time":704,"positionX":3.5,"holdTime":0.0,"speed":1.0,"floorPosition":16.21875},{"type":1,"time":728,"positionX":-3.5,"holdTime":0.0,"speed":1.0,"floorPosition":16.78125},{"type":2,"time":736,"positionX":-3.5,"holdTime":0.0,"speed":1.0,"floorPosition":16.96875},{"type":1,"time":752,"positionX":3.5,"holdTime":0.0,"speed":1.0,"floorPosition":17.34375},{"type":1,"time":768,"positionX":-3.5,"holdTime":0.0,"speed":1.0,"floorPosition":17.71875},{"type":1,"time":792,"positionX":3.5,"holdTime":0.0,"speed":1.0,"floorPosition":18.28125},{"type":2,"time":800,"positionX":3.5,"holdTime":0.0,"speed":1.0,"floorPosition":18.46875},{"type":1,"time":816,"positionX":-3.5,"holdTime":0.0,"speed":1.0,"floorPosition":18.84375},{"type":1,"time":832,"positionX":3.5,"holdTime":0.0,"speed":1.0,"floorPosition":19.21875},{"type":1,"time":848,"positionX":-3.5,"holdTime":0.0,"speed":1.0,"floorPosition":19.59375},{"type":1,"time":864,"positionX":3.5,"holdTime":0.0,"speed":1.0,"floorPosition":19.96875},{"type":1,"time":880,"positionX":-3.5,"holdTime":0.0,"speed":1.0,"floorPosition":20.34375},{"type":4,"time":896,"positionX":1.75,"holdTime":0.0,"speed":1.0,"floorPosition":20.71875},{"type":1,"time":920,"positionX":-1.75,"holdTime":0.0,"speed":1.0,"floorPosition":21.28125},{"type":2,"time":928,"positionX":-1.75,"holdTime":0.0,"speed":1.0,"floorPosition":21.46875},{"type":1,"time":944,"positionX":1.75,"holdTime":0.0,"speed":1.0,"floorPosition":21.84375},{"type":1,"time":960,"positionX":-1.75,"holdTime":0.0,"speed":1.0,"floorPosition":22.21875},{"type":1,"time":984,"positionX":1.75,"holdTime":0.0,"speed":1.0,"floorPosition":22.78125},{"type":2,"time":992,"positionX":1.75,"holdTime":0.0,"speed":1.0,"floorPosition":22.96875},{"type":1,"time":1008,"positionX":-1.75,"holdTime":0.0,"speed":1.0,"floorPosition":23.34375},{"type":1,"time":1024,"positionX":0.0,"holdTime":0.0,"speed":1.0,"floorPosition":23.71875},{"type":1,"time":1056,"positionX":0.0,"holdTime":0.0,"speed":1.0,"floorPosition":24.46875},{"type":1,"time":1088,"positionX":0.0,"holdTime":0.0,"speed":1.0,"floorPosition":25.21875},{"type":4,"time":1120,"positionX":0.0,"holdTime":0.0,"speed":1.0,"floorPosition":25.96875},{"type":4,"time":1152,"positionX":2.625,"holdTime":0.0,"speed":1.0,"floorPosition":26.71875},{"type":4,"time":1152,"positionX":-2.625,"holdTime":0.0,"speed":1.0,"floorPosition":26.71875},{"type":2,"time":1184,"positionX":1.75,"holdTime":0.0,"speed":1.0,"floorPosition":27.46875},{"type":2,"time":1208,"positionX":0.875,"holdTime":0.0,"speed":1.0,"floorPosition":28.03125},{"type":2,"time":1224,"positionX":0.0,"holdTime":0.0,"speed":1.0,"floorPosition":28.40625},{"type":2,"time":1248,"positionX":-0.875,"holdTime":0.0,"speed":1.0,"floorPosition":28.96875},{"type":4,"time":1280,"positionX":-3.5,"holdTime":0.0,"speed":1.0,"floorPosition":29.71875},{"type":2,"time":1312,"positionX":-2.625,"holdTime":0.0,"speed":1.0,"floorPosition":30.46875},{"type":2,"time":1336,"positionX":-0.875,"holdTime":0.0,"speed":1.0,"floorPosition":31.03125},{"type":2,"time":1352,"positionX":0.0,"holdTime":0.0,"speed":1.0,"floorPosition":31.40625},{"type":2,"time":1376,"positionX":1.75,"holdTime":0.0,"speed":1.0,"floorPosition":31.96875},{"type":4,"time":1408,"positionX":0.875,"holdTime":0.0,"speed":1.0,"floorPosition":32.71875},{"type":2,"time":1440,"positionX":0.0,"holdTime":0.0,"speed":1.0,"floorPosition":33.46875},{"type":2,"time":1464,"positionX":0.875,"holdTime":0.0,"speed":1.0,"floorPosition":34.03125},{"type":2,"time":1480,"positionX":1.75,"holdTime":0.0,"speed":1.0,"floorPosition":34.40625},{"type":2,"time":1504,"positionX":2.625,"holdTime":0.0,"speed":1.0,"floorPosition":34.96875},{"type":4,"time":1536,"positionX":4.375,"holdTime":0.0,"speed":1.0,"floorPosition":35.71875},{"type":2,"time":1568,"positionX":2.625,"holdTime":0.0,"speed":1.0,"floorPosition":36.46875},{"type":2,"time":1592,"positionX":1.75,"holdTime":0.0,"speed":1.0,"floorPosition":37.03125},{"type":2,"time":1608,"positionX":0.875,"holdTime":0.0,"speed":1.0,"floorPosition":37.40625},{"type":2,"time":1632,"positionX":0.0,"holdTime":0.0,"speed":1.0,"floorPosition":37.96875},{"type":1,"time":1664,"positionX":0.0,"holdTime":0.0,"speed":1.0,"floorPosition":38.71875},{"type":2,"time":1680,"positionX":0.0,"holdTime":0.0,"speed":1.0,"floorPosition":39.09375},{"type":2,"time":1696,"positionX":0.0,"holdTime":0.0,"speed":1.0,"floorPosition":39.46875},{"type":2,"time":1712,"positionX":0.0,"holdTime":0.0,"speed":1.0,"floorPosition":39.84375},{"type":1,"time":1728,"positionX":0.0,"holdTime":0.0,"speed":1.0,"floorPosition":40.21875},{"type":2,"time":1744,"positionX":0.0,"holdTime":0.0,"speed":1.0,"floorPosition":40.59375},{"type":2,"time":1760,"positionX":0.0,"holdTime":0.0,"speed":1.0,"floorPosition":40.96875},{"type":2,"time":1776,"positionX":0.0,"holdTime":0.0,"speed":1.0,"floorPosition":41.34375},{"type":1,"time":1792,"positionX":0.0,"holdTime":0.0,"speed":1.0,"floorPosition":41.71875},{"type":2,"time":1808,"positionX":0.0,"holdTime":0.0,"speed":1.0,"floorPosition":42.09375},{"type":2,"time":1824,"positionX":0.0,"holdTime":0.0,"speed":1.0,"floorPosition":42.46875},{"type":2,"time":1840,"positionX":0.0,"holdTime":0.0,"speed":1.0,"floorPosition":42.84375},{"type":1,"time":1856,"positionX":0.0,"holdTime":0.0,"speed":1.0,"floorPosition":43.21875},{"type":2,"time":1872,"positionX":0.0,"holdTime":0.0,"speed":1.0,"floorPosition":43.59375},{"type":2,"time":1888,"positionX":0.0,"holdTime":0.0,"speed":1.0,"floorPosition":43.96875},{"type":2,"time":1904,"positionX":0.0,"holdTime":0.0,"speed":1.0,"floorPosition":44.34375},{"type":2,"time":1920,"positionX":-5.25,"holdTime":0.0,"speed":1.0,"floorPosition":44.71875},{"type":2,"time":1928,"positionX":-4.375,"holdTime":0.0,"speed":1.0,"floorPosition":44.90625},{"type":2,"time":1936,"positionX":-3.5,"holdTime":0.0,"speed":1.0,"floorPosition":45.09375},{"type":2,"time":1944,"positionX":-2.625,"holdTime":0.0,"speed":1.0,"floorPosition":45.28125},{"type":2,"time":1952,"positionX":-1.75,"holdTime":0.0,"speed":1.0,"floorPosition":45.46875},{"type":2,"time":1960,"positionX":-0.875,"holdTime":0.0,"speed":1.0,"floorPosition":45.65625},{"type":2,"time":1968,"positionX":0.0,"holdTime":0.0,"speed":1.0,"floorPosition":45.84375},{"type":2,"time":1976,"positionX":0.875,"holdTime":0.0,"speed":1.0,"floorPosition":46.03125},{"type":2,"time":1984,"positionX":4.375,"holdTime":0.0,"speed":1.0,"floorPosition":46.21875},{"type":2,"time":1992,"positionX":3.5,"holdTime":0.0,"speed":1.0,"floorPosition":46.40625},{"type":2,"time":2000,"positionX":2.625,"holdTime":0.0,"speed":1.0,"floorPosition":46.59375},{"type":2,"time":2008,"positionX":1.75,"holdTime":0.0,"speed":1.0,"floorPosition":46.78125},{"type":2,"time":2016,"positionX":0.875,"holdTime":0.0,"speed":1.0,"floorPosition":46.96875},{"type":2,"time":2024,"positionX":0.0,"holdTime":0.0,"speed":1.0,"floorPosition":47.15625},{"type":2,"time":2032,"positionX":-0.875,"holdTime":0.0,"speed":1.0,"floorPosition":47.34375},{"type":2,"time":2040,"positionX":-1.75,"holdTime":0.0,"speed":1.0,"floorPosition":47.53125},{"type":1,"time":2048,"positionX":-5.25,"holdTime":0.0,"speed":1.0,"floorPosition":47.71875},{"type":1,"time":2080,"positionX":-1.75,"holdTime":0.0,"speed":1.0,"floorPosition":48.46875},{"type":1,"time":2112,"positionX":1.75,"holdTime":0.0,"speed":1.0,"floorPosition":49.21875},{"type":4,"time":2144,"positionX":5.25,"holdTime":0.0,"speed":1.0,"floorPosition":49.96875},{"type":1,"time":2176,"positionX":2.625,"holdTime":0.0,"speed":1.0,"floorPosition":50.71875},{"type":1,"time":2200,"positionX":-4.375,"holdTime":0.0,"speed":1.0,"floorPosition":51.28125},{"type":1,"time":2208,"positionX":0.875,"holdTime":0.0,"speed":1.0,"floorPosition":51.46875},{"type":1,"time":2224,"positionX":0.875,"holdTime":0.0,"speed":1.0,"floorPosition":51.84375},{"type":1,"time":2240,"positionX":-5.25,"holdTime":0.0,"speed":1.0,"floorPosition":52.21875},{"type":2,"time":2251,"positionX":-2.625,"holdTime":0.0,"speed":1.0,"floorPosition":52.476562},{"type":2,"time":2261,"positionX":0.0,"holdTime":0.0,"speed":1.0,"floorPosition":52.710938},{"type":1,"time":2272,"positionX":5.25,"holdTime":0.0,"speed":1.0,"floorPosition":52.96875},{"type":1,"time":2288,"positionX":0.0,"holdTime":0.0,"speed":1.0,"floorPosition":53.34375},{"type":1,"time":2304,"positionX":3.5,"holdTime":0.0,"speed":1.0,"floorPosition":53.71875},{"type":1,"time":2328,"positionX":-3.5,"holdTime":0.0,"speed":1.0,"floorPosition":54.28125},{"type":1,"time":2336,"positionX":1.75,"holdTime":0.0,"speed":1.0,"floorPosition":54.46875},{"type":1,"time":2352,"positionX":-3.5,"holdTime":0.0,"speed":1.0,"floorPosition":54.84375},{"type":1,"time":2368,"positionX":5.25,"holdTime":0.0,"speed":1.0,"floorPosition":55.21875},{"type":2,"time":2379,"positionX":1.75,"holdTime":0.0,"speed":1.0,"floorPosition":55.476562},{"type":2,"time":2389,"positionX":-1.75,"holdTime":0.0,"speed":1.0,"floorPosition":55.710938},{"type":1,"time":2400,"positionX":-5.25,"holdTime":0.0,"speed":1.0,"floorPosition":55.96875},{"type":1,"time":2416,"positionX":0.0,"holdTime":0.0,"speed":1.0,"floorPosition":56.34375},{"type":1,"time":2432,"positionX":-5.25,"holdTime":0.0,"speed":1.0,"floorPosition":56.71875},{"type":1,"time":2456,"positionX":2.625,"holdTime":0.0,"speed":1.0,"floorPosition":57.28125},{"type":1,"time":2464,"positionX":-1.75,"holdTime":0.0,"speed":1.0,"floorPosition":57.46875},{"type":1,"time":2480,"positionX":2.625,"holdTime":0.0,"speed":1.0,"floorPosition":57.84375},{"type":1,"time":2496,"positionX":-5.25,"holdTime":0.0,"speed":1.0,"floorPosition":58.21875},{"type":2,"time":2507,"positionX":-1.75,"holdTime":0.0,"speed":1.0,"floorPosition":58.476562},{"type":2,"time":2517,"positionX":1.75,"holdTime":0.0,"speed":1.0,"floorPosition":58.710938},{"type":1,"time":2528,"positionX":5.25,"holdTime":0.0,"speed":1.0,"floorPosition":58.96875},{"type":1,"time":2544,"positionX":0.0,"holdTime":0.0,"speed":1.0,"floorPosition":59.34375},{"type":1,"time":2560,"positionX":3.5,"holdTime":0.0,"speed":1.0,"floorPosition":59.71875},{"type":1,"time":2584,"positionX":-2.625,"holdTime":0.0,"speed":1.0,"floorPosition":60.28125},{"type":1,"time":2592,"positionX":1.75,"holdTime":0.0,"speed":1.0,"floorPosition":60.46875},{"type":1,"time":2608,"positionX":1.75,"holdTime":0.0,"speed":1.0,"floorPosition":60.84375},{"type":1,"time":2624,"positionX":-5.25,"holdTime":0.0,"speed":1.0,"floorPosition":61.21875},{"type":2,"time":2635,"positionX":-2.625,"holdTime":0.0,"speed":1.0,"floorPosition":61.476562},{"type":2,"time":2645,"positionX":0.0,"holdTime":0.0,"speed":1.0,"floorPosition":61.710938},{"type":1,"time":2656,"positionX":5.25,"holdTime":0.0,"speed":1.0,"floorPosition":61.96875},{"type":1,"time":2672,"positionX":0.875,"holdTime":0.0,"speed":1.0,"floorPosition":62.34375},{"type":4,"time":2688,"positionX":-4.375,"holdTime":0.0,"speed":1.0,"floorPosition":62.71875},{"type":1,"time":2712,"positionX":2.625,"holdTime":0.0,"speed":1.0,"floorPosition":63.28125},{"type":1,"time":2720,"positionX":-1.75,"holdTime":0.0,"speed":1.0,"floorPosition":63.46875},{"type":1,"time":2736,"positionX":-1.75,"holdTime":0.0,"speed":1.0,"floorPosition":63.84375},{"type":1,"time":2752,"positionX":5.25,"holdTime":0.0,"speed":1.0,"floorPosition":64.21875},{"type":2,"time":2763,"positionX":2.625,"holdTime":0.0,"speed":1.0,"floorPosition":64.47656},{"type":2,"time":2773,"positionX":0.0,"holdTime":0.0,"speed":1.0,"floorPosition":64.71094},{"type":1,"time":2784,"positionX":-5.25,"holdTime":0.0,"speed":1.0,"floorPosition":64.96875},{"type":1,"time":2800,"positionX":-0.875,"holdTime":0.0,"speed":1.0,"floorPosition":65.34375},{"type":1,"time":2816,"positionX":3.5,"holdTime":0.0,"speed":1.0,"floorPosition":65.71875},{"type":1,"time":2840,"positionX":-2.625,"holdTime":0.0,"speed":1.0,"floorPosition":66.28125},{"type":1,"time":2848,"positionX":1.75,"holdTime":0.0,"speed":1.0,"floorPosition":66.46875},{"type":1,"time":2864,"positionX":1.75,"holdTime":0.0,"speed":1.0,"floorPosition":66.84375},{"type":1,"time":2880,"positionX":-5.25,"holdTime":0.0,"speed":1.0,"floorPosition":67.21875},{"type":2,"time":2891,"positionX":-2.625,"holdTime":0.0,"speed":1.0,"floorPosition":67.47656},{"type":2,"time":2901,"positionX":0.0,"holdTime":0.0,"speed":1.0,"floorPosition":67.71094},{"type":1,"time":2912,"positionX":5.25,"holdTime":0.0,"speed":1.0,"floorPosition":67.96875},{"type":1,"time":2928,"positionX":0.875,"holdTime":0.0,"speed":1.0,"floorPosition":68.34375},{"type":1,"time":2944,"positionX":-3.5,"holdTime":0.0,"speed":1.0,"floorPosition":68.71875},{"type":1,"time":2968,"positionX":2.625,"holdTime":0.0,"speed":1.0,"floorPosition":69.28125},{"type":1,"time":2976,"positionX":-1.75,"holdTime":0.0,"speed":1.0,"floorPosition":69.46875},{"type":1,"time":2992,"positionX":-1.75,"holdTime":0.0,"speed":1.0,"floorPosition":69.84375},{"type":1,"time":3008,"positionX":5.25,"holdTime":0.0,"speed":1.0,"floorPosition":70.21875},{"type":2,"time":3019,"positionX":2.625,"holdTime":0.0,"speed":1.0,"floorPosition":70.47656},{"type":2,"time":3029,"positionX":0.0,"holdTime":0.0,"speed":1.0,"floorPosition":70.71094},{"type":1,"time":3040,"positionX":-5.25,"holdTime":0.0,"speed":1.0,"floorPosition":70.96875},{"type":1,"time":3056,"positionX":0.0,"holdTime":0.0,"speed":1.0,"floorPosition":71.34375},{"type":1,"time":3072,"positionX":5.25,"holdTime":0.0,"speed":1.0,"floorPosition":71.71875},{"type":1,"time":3104,"positionX":1.75,"holdTime":0.0,"speed":1.0,"floorPosition":72.46875},{"type":1,"time":3136,"positionX":-1.75,"holdTime":0.0,"speed":1.0,"floorPosition":73.21875},{"type":4,"time":3168,"positionX":-5.25,"holdTime":0.0,"speed":1.0,"floorPosition":73.96875},{"type":1,"time":3200,"positionX":5.25,"holdTime":0.0,"speed":1.0,"floorPosition":74.71875},{"type":1,"time":3224,"positionX":0.0,"holdTime":0.0,"speed":1.0,"floorPosition":75.28125},{"type":1,"time":3232,"positionX":5.25,"holdTime":0.0,"speed":1.0,"floorPosition":75.46875},{"type":2,"time":3232,"positionX":-0.875,"holdTime":0.0,"speed":1.0,"floorPosition":75.46875},{"type":2,"time":3248,"positionX":-2.625,"holdTime":0.0,"speed":1.0,"floorPosition":75.84375},{"type":1,"time":3264,"positionX":5.25,"holdTime":0.0,"speed":1.0,"floorPosition":76.21875},{"type":1,"time":3264,"positionX":0.0,"holdTime":0.0,"speed":1.0,"floorPosition":76.21875},{"type":2,"time":3275,"positionX":-0.875,"holdTime":0.0,"speed":1.0,"floorPosition":76.47656},{"type":2,"time":3285,"positionX":-1.75,"holdTime":0.0,"speed":1.0,"floorPosition":76.71094},{"type":1,"time":3296,"positionX":5.25,"holdTime":0.0,"speed":1.0,"floorPosition":76.96875},{"type":2,"time":3296,"positionX":-2.625,"holdTime":0.0,"speed":1.0,"floorPosition":76.96875},{"type":2,"time":3312,"positionX":-3.5,"holdTime":0.0,"speed":1.0,"floorPosition":77.34375},{"type":1,"time":3328,"positionX":2.625,"holdTime":0.0,"speed":1.0,"floorPosition":77.71875},{"type":1,"time":3352,"positionX":-2.625,"holdTime":0.0,"speed":1.0,"floorPosition":78.28125},{"type":1,"time":3360,"positionX":2.625,"holdTime":0.0,"speed":1.0,"floorPosition":78.46875},{"type":2,"time":3360,"positionX":-3.5,"holdTime":0.0,"speed":1.0,"floorPosition":78.46875},{"type":2,"time":3376,"positionX":-5.25,"holdTime":0.0,"speed":1.0,"floorPosition":78.84375},{"type":1,"time":3392,"positionX":2.625,"holdTime":0.0,"speed":1.0,"floorPosition":79.21875},{"type":1,"time":3392,"positionX":-2.625,"holdTime":0.0,"speed":1.0,"floorPosition":79.21875},{"type":2,"time":3403,"positionX":-3.5,"holdTime":0.0,"speed":1.0,"floorPosition":79.47656},{"type":2,"time":3413,"positionX":-4.375,"holdTime":0.0,"speed":1.0,"floorPosition":79.71094},{"type":2,"time":3424,"positionX":-5.25,"holdTime":0.0,"speed":1.0,"floorPosition":79.96875},{"type":1,"time":3424,"positionX":2.625,"holdTime":0.0,"speed":1.0,"floorPosition":79.96875},{"type":2,"time":3440,"positionX":-6.125,"holdTime":0.0,"speed":1.0,"floorPosition":80.34375},{"type":1,"time":3456,"positionX":5.25,"holdTime":0.0,"speed":1.0,"floorPosition":80.71875},{"type":1,"time":3480,"positionX":0.0,"holdTime":0.0,"speed":1.0,"floorPosition":81.28125},{"type":1,"time":3488,"positionX":5.25,"holdTime":0.0,"speed":1.0,"floorPosition":81.46875},{"type":2,"time":3488,"positionX":-0.875,"holdTime":0.0,"speed":1.0,"floorPosition":81.46875},{"type":2,"time":3504,"positionX":-2.625,"holdTime":0.0,"speed":1.0,"floorPosition":81.84375},{"type":1,"time":3520,"positionX":5.25,"holdTime":0.0,"speed":1.0,"floorPosition":82.21875},{"type":1,"time":3520,"positionX":0.0,"holdTime":0.0,"speed":1.0,"floorPosition":82.21875},{"type":2,"time":3531,"positionX":-0.875,"holdTime":0.0,"speed":1.0,"floorPosition":82.47656},{"type":2,"time":3541,"positionX":-1.75,"holdTime":0.0,"speed":1.0,"floorPosition":82.71094},{"type":1,"time":3552,"positionX":5.25,"holdTime":0.0,"speed":1.0,"floorPosition":82.96875},{"type":2,"time":3552,"positionX":-2.625,"holdTime":0.0,"speed":1.0,"floorPosition":82.96875},{"type":2,"time":3568,"positionX":-3.5,"holdTime":0.0,"speed":1.0,"floorPosition":83.34375},{"type":1,"time":3584,"positionX":2.625,"holdTime":0.0,"speed":1.0,"floorPosition":83.71875},{"type":1,"time":3608,"positionX":-1.75,"holdTime":0.0,"speed":1.0,"floorPosition":84.28125},{"type":1,"time":3616,"positionX":2.625,"holdTime":0.0,"speed":1.0,"floorPosition":84.46875},{"type":2,"time":3616,"positionX":-2.625,"holdTime":0.0,"speed":1.0,"floorPosition":84.46875},{"type":2,"time":3632,"positionX":-4.375,"holdTime":0.0,"speed":1.0,"floorPosition":84.84375},{"type":1,"time":3648,"positionX":2.625,"holdTime":0.0,"speed":1.0,"floorPosition":85.21875},{"type":1,"time":3648,"positionX":-1.75,"holdTime":0.0,"speed":1.0,"floorPosition":85.21875},{"type":2,"time":3659,"positionX":-2.625,"holdTime":0.0,"speed":1.0,"floorPosition":85.47656},{"type":2,"time":3669,"positionX":-3.5,"holdTime":0.0,"speed":1.0,"floorPosition":85.71094},{"type":2,"time":3680,"positionX":-4.375,"holdTime":0.0,"speed":1.0,"floorPosition":85.96875},{"type":1,"time":3680,"positionX":2.625,"holdTime":0.0,"speed":1.0,"floorPosition":85.96875},{"type":2,"time":3696,"positionX":-5.25,"holdTime":0.0,"speed":1.0,"floorPosition":86.34375},{"type":1,"time":3712,"positionX":-5.25,"holdTime":0.0,"speed":1.0,"floorPosition":86.71875},{"type":1,"time":3736,"positionX":0.0,"holdTime":0.0,"speed":1.0,"floorPosition":87.28125},{"type":1,"time":3744,"positionX":-5.25,"holdTime":0.0,"speed":1.0,"floorPosition":87.46875},{"type":2,"time":3744,"positionX":0.875,"holdTime":0.0,"speed":1.0,"floorPosition":87.46875},{"type":2,"time":3760,"positionX":1.75,"holdTime":0.0,"speed":1.0,"floorPosition":87.84375},{"type":1,"time":3776,"positionX":-5.25,"holdTime":0.0,"speed":1.0,"floorPosition":88.21875},{"type":1,"time":3776,"positionX":0.0,"holdTime":0.0,"speed":1.0,"floorPosition":88.21875},{"type":2,"time":3787,"positionX":0.875,"holdTime":0.0,"speed":1.0,"floorPosition":88.47656},{"type":2,"time":3797,"positionX":1.75,"holdTime":0.0,"speed":1.0,"floorPosition":88.71094},{"type":1,"time":3808,"positionX":-5.25,"holdTime":0.0,"speed":1.0,"floorPosition":88.96875},{"type":2,"time":3808,"positionX":2.625,"holdTime":0.0,"speed":1.0,"floorPosition":88.96875},{"type":2,"time":3824,"positionX":3.5,"holdTime":0.0,"speed":1.0,"floorPosition":89.34375},{"type":1,"time":3840,"positionX":-2.625,"holdTime":0.0,"speed":1.0,"floorPosition":89.71875},{"type":1,"time":3864,"positionX":1.75,"holdTime":0.0,"speed":1.0,"floorPosition":90.28125},{"type":2,"time":3872,"positionX":2.625,"holdTime":0.0,"speed":1.0,"floorPosition":90.46875},{"type":1,"time":3872,"positionX":-2.625,"holdTime":0.0,"speed":1.0,"floorPosition":90.46875},{"type":2,"time":3888,"positionX":3.5,"holdTime":0.0,"speed":1.0,"floorPosition":90.84375},{"type":1,"time":3904,"positionX":-2.625,"holdTime":0.0,"speed":1.0,"floorPosition":91.21875},{"type":1,"time":3904,"positionX":1.75,"holdTime":0.0,"speed":1.0,"floorPosition":91.21875},{"type":2,"time":3915,"positionX":2.625,"holdTime":0.0,"speed":1.0,"floorPosition":91.47656},{"type":2,"time":3925,"positionX":3.5,"holdTime":0.0,"speed":1.0,"floorPosition":91.71094},{"type":2,"time":3936,"positionX":4.375,"holdTime":0.0,"speed":1.0,"floorPosition":91.96875},{"type":1,"time":3936,"positionX":-2.625,"holdTime":0.0,"speed":1.0,"floorPosition":91.96875},{"type":2,"time":3952,"positionX":5.25,"holdTime":0.0,"speed":1.0,"floorPosition":92.34375},{"type":1,"time":3968,"positionX":-5.25,"holdTime":0.0,"speed":1.0,"floorPosition":92.71875},{"type":1,"time":3992,"positionX":0.0,"holdTime":0.0,"speed":1.0,"floorPosition":93.28125},{"type":1,"time":4000,"positionX":-5.25,"holdTime":0.0,"speed":1.0,"floorPosition":93.46875},{"type":2,"time":4000,"positionX":0.875,"holdTime":0.0,"speed":1.0,"floorPosition":93.46875},{"type":2,"time":4016,"positionX":1.75,"holdTime":0.0,"speed":1.0,"floorPosition":93.84375},{"type":1,"time":4032,"positionX":-5.25,"holdTime":0.0,"speed":1.0,"floorPosition":94.21875},{"type":1,"time":4032,"positionX":0.0,"holdTime":0.0,"speed":1.0,"floorPosition":94.21875},{"type":2,"time":4043,"positionX":0.875,"holdTime":0.0,"speed":1.0,"floorPosition":94.47656},{"type":2,"time":4053,"positionX":1.75,"holdTime":0.0,"speed":1.0,"floorPosition":94.71094},{"type":1,"time":4064,"positionX":-5.25,"holdTime":0.0,"speed":1.0,"floorPosition":94.96875},{"type":2,"time":4064,"positionX":2.625,"holdTime":0.0,"speed":1.0,"floorPosition":94.96875},{"type":2,"time":4080,"positionX":3.5,"holdTime":0.0,"speed":1.0,"floorPosition":95.34375},{"type":1,"time":4096,"positionX":5.25,"holdTime":0.0,"speed":1.0,"floorPosition":95.71875},{"type":1,"time":4128,"positionX":1.75,"holdTime":0.0,"speed":1.0,"floorPosition":96.46875},{"type":1,"time":4160,"positionX":-1.75,"holdTime":0.0,"speed":1.0,"floorPosition":97.21875},{"type":4,"time":4192,"positionX":-5.25,"holdTime":0.0,"speed":1.0,"floorPosition":97.96875},{"type":2,"time":7296,"positionX":4.375,"holdTime":0.0,"speed":1.0,"floorPosition":171.55078},{"type":1,"time":7320,"positionX":-1.75,"holdTime":0.0,"speed":1.0,"floorPosition":172.07812},{"type":2,"time":7328,"positionX":-3.5,"holdTime":0.0,"speed":1.0,"floorPosition":172.2539},{"type":2,"time":7344,"positionX":-3.5,"holdTime":0.0,"speed":1.0,"floorPosition":172.60547},{"type":1,"time":7360,"positionX":0.875,"holdTime":0.0,"speed":1.0,"floorPosition":172.95703},{"type":2,"time":7371,"positionX":2.625,"holdTime":0.0,"speed":1.0,"floorPosition":173.19873},{"type":2,"time":7381,"positionX":4.375,"holdTime":0.0,"speed":1.0,"floorPosition":173.41846},{"type":1,"time":7392,"positionX":-2.625,"holdTime":0.0,"speed":1.0,"floorPosition":173.66016},{"type":2,"time":7408,"positionX":-4.375,"holdTime":0.0,"speed":1.0,"floorPosition":174.01172},{"type":1,"time":7424,"positionX":4.375,"holdTime":0.0,"speed":1.0,"floorPosition":174.36328},{"type":1,"time":7448,"positionX":-0.875,"holdTime":0.0,"speed":1.0,"floorPosition":174.89062},{"type":2,"time":7456,"positionX":-2.625,"holdTime":0.0,"speed":1.0,"floorPosition":175.0664},{"type":2,"time":7472,"positionX":-2.625,"holdTime":0.0,"speed":1.0,"floorPosition":175.41797},{"type":1,"time":7488,"positionX":2.625,"holdTime":0.0,"speed":1.0,"floorPosition":175.76953},{"type":2,"time":7499,"positionX":0.875,"holdTime":0.0,"speed":1.0,"floorPosition":176.01123},{"type":2,"time":7509,"positionX":-0.875,"holdTime":0.0,"speed":1.0,"floorPosition":176.23096},{"type":1,"time":7520,"positionX":-5.25,"holdTime":0.0,"speed":1.0,"floorPosition":176.47266},{"type":2,"time":7536,"positionX":-2.625,"holdTime":0.0,"speed":1.0,"floorPosition":176.82422},{"type":1,"time":7552,"positionX":5.25,"holdTime":0.0,"speed":1.0,"floorPosition":177.17578},{"type":1,"time":7576,"positionX":-1.75,"holdTime":0.0,"speed":1.0,"floorPosition":177.70312},{"type":2,"time":7584,"positionX":0.875,"holdTime":0.0,"speed":1.0,"floorPosition":177.8789},{"type":2,"time":7600,"positionX":0.875,"holdTime":0.0,"speed":1.0,"floorPosition":178.23047},{"type":1,"time":7616,"positionX":5.25,"holdTime":0.0,"speed":1.0,"floorPosition":178.58203},{"type":2,"time":7627,"positionX":3.5,"holdTime":0.0,"speed":1.0,"floorPosition":178.82373},{"type":2,"time":7637,"positionX":1.75,"holdTime":0.0,"speed":1.0,"floorPosition":179.04346},{"type":1,"time":7648,"positionX":-3.5,"holdTime":0.0,"speed":1.0,"floorPosition":179.28516},{"type":2,"time":7664,"positionX":-0.875,"holdTime":0.0,"speed":1.0,"floorPosition":179.63672},{"type":1,"time":7680,"positionX":3.5,"holdTime":0.0,"speed":1.0,"floorPosition":179.98828},{"type":1,"time":7704,"positionX":-5.25,"holdTime":0.0,"speed":1.0,"floorPosition":180.51562},{"type":2,"time":7712,"positionX":-2.625,"holdTime":0.0,"speed":1.0,"floorPosition":180.6914},{"type":2,"time":7728,"positionX":-2.625,"holdTime":0.0,"speed":1.0,"floorPosition":181.04297},{"type":1,"time":7744,"positionX":5.25,"holdTime":0.0,"speed":1.0,"floorPosition":181.39453},{"type":2,"time":7755,"positionX":3.5,"holdTime":0.0,"speed":1.0,"floorPosition":181.63623},{"type":2,"time":7765,"positionX":1.75,"holdTime":0.0,"speed":1.0,"floorPosition":181.85596},{"type":1,"time":7776,"positionX":-2.625,"holdTime":0.0,"speed":1.0,"floorPosition":182.09766},{"type":2,"time":7792,"positionX":0.0,"holdTime":0.0,"speed":1.0,"floorPosition":182.44922},{"type":1,"time":7808,"positionX":5.25,"holdTime":0.0,"speed":1.0,"floorPosition":182.80078},{"type":1,"time":7832,"positionX":-0.875,"holdTime":0.0,"speed":1.0,"floorPosition":183.32812},{"type":2,"time":7840,"positionX":-2.625,"holdTime":0.0,"speed":1.0,"floorPosition":183.5039},{"type":2,"time":7856,"positionX":-2.625,"holdTime":0.0,"speed":1.0,"floorPosition":183.85547},{"type":1,"time":7872,"positionX":0.875,"holdTime":0.0,"speed":1.0,"floorPosition":184.20703},{"type":2,"time":7883,"positionX":2.625,"holdTime":0.0,"speed":1.0,"floorPosition":184.44873},{"type":2,"time":7893,"positionX":4.375,"holdTime":0.0,"speed":1.0,"floorPosition":184.66846},{"type":1,"time":7904,"positionX":-5.25,"holdTime":0.0,"speed":1.0,"floorPosition":184.91016},{"type":2,"time":7920,"positionX":-3.5,"holdTime":0.0,"speed":1.0,"floorPosition":185.26172},{"type":1,"time":7936,"positionX":5.25,"holdTime":0.0,"speed":1.0,"floorPosition":185.61328},{"type":1,"time":7960,"positionX":-0.875,"holdTime":0.0,"speed":1.0,"floorPosition":186.14062},{"type":2,"time":7968,"positionX":-2.625,"holdTime":0.0,"speed":1.0,"floorPosition":186.3164},{"type":2,"time":7984,"positionX":-2.625,"holdTime":0.0,"speed":1.0,"floorPosition":186.66797},{"type":1,"time":8000,"positionX":3.5,"holdTime":0.0,"speed":1.0,"floorPosition":187.01953},{"type":2,"time":8011,"positionX":1.75,"holdTime":0.0,"speed":1.0,"floorPosition":187.26123},{"type":2,"time":8021,"positionX":0.0,"holdTime":0.0,"speed":1.0,"floorPosition":187.48096},{"type":1,"time":8032,"positionX":-4.375,"holdTime":0.0,"speed":1.0,"floorPosition":187.72266},{"type":2,"time":8048,"positionX":-1.75,"holdTime":0.0,"speed":1.0,"floorPosition":188.07422},{"type":1,"time":8064,"positionX":5.25,"holdTime":0.0,"speed":1.0,"floorPosition":188.42578},{"type":1,"time":8088,"positionX":0.0,"holdTime":0.0,"speed":1.0,"floorPosition":188.95312},{"type":2,"time":8096,"positionX":-2.625,"holdTime":0.0,"speed":1.0,"floorPosition":189.1289},{"type":2,"time":8112,"positionX":-2.625,"holdTime":0.0,"speed":1.0,"floorPosition":189.48047},{"type":1,"time":8128,"positionX":1.75,"holdTime":0.0,"speed":1.0,"floorPosition":189.83203},{"type":2,"time":8139,"positionX":3.5,"holdTime":0.0,"speed":1.0,"floorPosition":190.07373},{"type":2,"time":8149,"positionX":5.25,"holdTime":0.0,"speed":1.0,"floorPosition":190.29346},{"type":1,"time":8160,"positionX":-3.5,"holdTime":0.0,"speed":1.0,"floorPosition":190.53516},{"type":2,"time":8176,"positionX":-5.25,"holdTime":0.0,"speed":1.0,"floorPosition":190.88672},{"type":1,"time":8192,"positionX":5.25,"holdTime":0.0,"speed":1.0,"floorPosition":191.23828},{"type":1,"time":8224,"positionX":1.75,"holdTime":0.0,"speed":1.0,"floorPosition":191.9414},{"type":1,"time":8256,"positionX":-1.75,"holdTime":0.0,"speed":1.0,"floorPosition":192.64453},{"type":4,"time":8288,"positionX":-5.25,"holdTime":0.0,"speed":1.0,"floorPosition":193.34766},{"type":1,"time":8320,"positionX":0.0,"holdTime":0.0,"speed":1.0,"floorPosition":194.05078},{"type":1,"time":8320,"positionX":5.25,"holdTime":0.0,"speed":1.0,"floorPosition":194.05078},{"type":1,"time":8344,"positionX":-2.625,"holdTime":0.0,"speed":1.0,"floorPosition":194.57812},{"type":1,"time":8352,"positionX":2.625,"holdTime":0.0,"speed":1.0,"floorPosition":194.7539},{"type":1,"time":8368,"positionX":2.625,"holdTime":0.0,"speed":1.0,"floorPosition":195.10547},{"type":1,"time":8384,"positionX":-5.25,"holdTime":0.0,"speed":1.0,"floorPosition":195.45703},{"type":1,"time":8395,"positionX":0.0,"holdTime":0.0,"speed":1.0,"floorPosition":195.69873},{"type":1,"time":8405,"positionX":-5.25,"holdTime":0.0,"speed":1.0,"floorPosition":195.91846},{"type":1,"time":8416,"positionX":0.0,"holdTime":0.0,"speed":1.0,"floorPosition":196.16016},{"type":1,"time":8432,"positionX":3.5,"holdTime":0.0,"speed":1.0,"floorPosition":196.51172},{"type":1,"time":8448,"positionX":-5.25,"holdTime":0.0,"speed":1.0,"floorPosition":196.86328},{"type":1,"time":8448,"positionX":0.0,"holdTime":0.0,"speed":1.0,"floorPosition":196.86328},{"type":1,"time":8472,"positionX":2.625,"holdTime":0.0,"speed":1.0,"floorPosition":197.39062},{"type":1,"time":8480,"positionX":-2.625,"holdTime":0.0,"speed":1.0,"floorPosition":197.5664},{"type":1,"time":8496,"positionX":-2.625,"holdTime":0.0,"speed":1.0,"floorPosition":197.91797},{"type":1,"time":8512,"positionX":5.25,"holdTime":0.0,"speed":1.0,"floorPosition":198.26953},{"type":1,"time":8523,"positionX":0.0,"holdTime":0.0,"speed":1.0,"floorPosition":198.51123},{"type":1,"time":8533,"positionX":5.25,"holdTime":0.0,"speed":1.0,"floorPosition":198.73096},{"type":1,"time":8544,"positionX":0.0,"holdTime":0.0,"speed":1.0,"floorPosition":198.97266},{"type":1,"time":8576,"positionX":5.25,"holdTime":0.0,"speed":1.0,"floorPosition":199.67578},{"type":1,"time":8576,"positionX":0.0,"holdTime":0.0,"speed":1.0,"floorPosition":199.67578},{"type":1,"time":8600,"positionX":2.625,"holdTime":0.0,"speed":1.0,"floorPosition":200.20312},{"type":1,"time":8608,"positionX":-2.625,"holdTime":0.0,"speed":1.0,"floorPosition":200.3789},{"type":1,"time":8624,"positionX":-2.625,"holdTime":0.0,"speed":1.0,"floorPosition":200.73047},{"type":1,"time":8640,"positionX":0.0,"holdTime":0.0,"speed":1.0,"floorPosition":201.08203},{"type":1,"time":8651,"positionX":-5.25,"holdTime":0.0,"speed":1.0,"floorPosition":201.32373},{"type":1,"time":8661,"positionX":0.0,"holdTime":0.0,"speed":1.0,"floorPosition":201.54346},{"type":1,"time":8672,"positionX":-5.25,"holdTime":0.0,"speed":1.0,"floorPosition":201.78516},{"type":1,"time":8704,"positionX":-5.25,"holdTime":0.0,"speed":1.0,"floorPosition":202.48828},{"type":1,"time":8704,"positionX":0.0,"holdTime":0.0,"speed":1.0,"floorPosition":202.48828},{"type":1,"time":8728,"positionX":-2.625,"holdTime":0.0,"speed":1.0,"floorPosition":203.01562},{"type":1,"time":8736,"positionX":2.625,"holdTime":0.0,"speed":1.0,"floorPosition":203.1914},{"type":1,"time":8752,"positionX":2.625,"holdTime":0.0,"speed":1.0,"floorPosition":203.54297},{"type":1,"time":8768,"positionX":0.0,"holdTime":0.0,"speed":1.0,"floorPosition":203.89453},{"type":1,"time":8779,"positionX":5.25,"holdTime":0.0,"speed":1.0,"floorPosition":204.13623},{"type":1,"time":8789,"positionX":0.0,"holdTime":0.0,"speed":1.0,"floorPosition":204.35596},{"type":1,"time":8800,"positionX":5.25,"holdTime":0.0,"speed":1.0,"floorPosition":204.59766},{"type":1,"time":8832,"positionX":-5.25,"holdTime":0.0,"speed":1.0,"floorPosition":205.30078},{"type":1,"time":8832,"positionX":0.0,"holdTime":0.0,"speed":1.0,"floorPosition":205.30078},{"type":1,"time":8856,"positionX":-2.625,"holdTime":0.0,"speed":1.0,"floorPosition":205.82812},{"type":1,"time":8864,"positionX":2.625,"holdTime":0.0,"speed":1.0,"floorPosition":206.0039},{"type":1,"time":8880,"positionX":-2.625,"holdTime":0.0,"speed":1.0,"floorPosition":206.35547},{"type":1,"time":8896,"positionX":5.25,"holdTime":0.0,"speed":1.0,"floorPosition":206.70703},{"type":1,"time":8907,"positionX":0.0,"holdTime":0.0,"speed":1.0,"floorPosition":206.94873},{"type":1,"time":8917,"positionX":5.25,"holdTime":0.0,"speed":1.0,"floorPosition":207.16846},{"type":1,"time":8928,"positionX":0.0,"holdTime":0.0,"speed":1.0,"floorPosition":207.41016},{"type":1,"time":8960,"positionX":5.25,"holdTime":0.0,"speed":1.0,"floorPosition":208.11328},{"type":1,"time":8960,"positionX":0.0,"holdTime":0.0,"speed":1.0,"floorPosition":208.11328},{"type":1,"time":8984,"positionX":2.625,"holdTime":0.0,"speed":1.0,"floorPosition":208.64062},{"type":1,"time":8992,"positionX":-2.625,"holdTime":0.0,"speed":1.0,"floorPosition":208.8164},{"type":1,"time":9008,"positionX":2.625,"holdTime":0.0,"speed":1.0,"floorPosition":209.16797},{"type":1,"time":9024,"positionX":-5.25,"holdTime":0.0,"speed":1.0,"floorPosition":209.51953},{"type":1,"time":9035,"positionX":0.0,"holdTime":0.0,"speed":1.0,"floorPosition":209.76123},{"type":1,"time":9045,"positionX":-5.25,"holdTime":0.0,"speed":1.0,"floorPosition":209.98096},{"type":1,"time":9056,"positionX":0.0,"holdTime":0.0,"speed":1.0,"floorPosition":210.22266},{"type":1,"time":9088,"positionX":-5.25,"holdTime":0.0,"speed":1.0,"floorPosition":210.92578},{"type":1,"time":9088,"positionX":0.0,"holdTime":0.0,"speed":1.0,"floorPosition":210.92578},{"type":1,"time":9112,"positionX":2.625,"holdTime":0.0,"speed":1.0,"floorPosition":211.45312},{"type":1,"time":9120,"positionX":-2.625,"holdTime":0.0,"speed":1.0,"floorPosition":211.6289},{"type":1,"time":9136,"positionX":2.625,"holdTime":0.0,"speed":1.0,"floorPosition":211.98047},{"type":1,"time":9152,"positionX":-5.25,"holdTime":0.0,"speed":1.0,"floorPosition":212.33203},{"type":1,"time":9163,"positionX":0.0,"holdTime":0.0,"speed":1.0,"floorPosition":212.57373},{"type":1,"time":9173,"positionX":-5.25,"holdTime":0.0,"speed":1.0,"floorPosition":212.79346},{"type":1,"time":9184,"positionX":0.0,"holdTime":0.0,"speed":1.0,"floorPosition":213.03516},{"type":1,"time":9216,"positionX":-5.25,"holdTime":0.0,"speed":1.0,"floorPosition":213.73828},{"type":1,"time":9248,"positionX":-1.75,"holdTime":0.0,"speed":1.0,"floorPosition":214.4414},{"type":1,"time":9280,"positionX":1.75,"holdTime":0.0,"speed":1.0,"floorPosition":215.14453},{"type":4,"time":9312,"positionX":5.25,"holdTime":0.0,"speed":1.0,"floorPosition":215.84766},{"type":3,"time":9344,"positionX":3.5,"holdTime":32.0,"speed":1.5,"floorPosition":216.55078},{"type":3,"time":9344,"positionX":-3.5,"holdTime":32.0,"speed":1.5,"floorPosition":216.55078},{"type":1,"time":8560,"positionX":-3.5,"holdTime":0.0,"speed":1.0,"floorPosition":199.32422},{"type":1,"time":8688,"positionX":-2.625,"holdTime":0.0,"speed":1.0,"floorPosition":202.13672},{"type":1,"time":8816,"positionX":2.625,"holdTime":0.0,"speed":1.0,"floorPosition":204.94922},{"type":1,"time":8944,"positionX":-3.5,"holdTime":0.0,"speed":1.0,"floorPosition":207.76172},{"type":1,"time":9072,"positionX":3.5,"holdTime":0.0,"speed":1.0,"floorPosition":210.57422},{"type":1,"time":9200,"positionX":3.5,"holdTime":0.0,"speed":1.0,"floorPosition":213.38672}],"notesBelow":[],"speedEvents":[{"startTime":0.0,"endTime":32.0,"value":1.0},{"startTime":32.0,"endTime":7264.0,"value":1.6},{"startTime":7264.0,"endTime":7280.0,"value":4.0},{"startTime":7280.0,"endTime":7296.0,"value":2.75},{"startTime":7296.0,"endTime":1000000000.0,"value":1.5}],"judgeLineMoveEvents":[{"startTime":-999999.0,"endTime":1120.0,"start":0.5,"end":0.5,"start2":0.2,"end2":0.2},{"startTime":1120.0,"endTime":1121.0,"start":0.5,"end":0.5,"start2":0.2,"end2":0.21845375},{"startTime":1121.0,"endTime":1122.0,"start":0.5,"end":0.5,"start2":0.21845375,"end2":0.2363225},{"startTime":1122.0,"endTime":1123.0,"start":0.5,"end":0.5,"start2":0.2363225,"end2":0.25360626},{"startTime":1123.0,"endTime":1124.0,"start":0.5,"end":0.5,"start2":0.25360626,"end2":0.270305},{"startTime":1124.0,"endTime":1125.0,"start":0.5,"end":0.5,"start2":0.270305,"end2":0.28641877},{"startTime":1125.0,"endTime":1126.0,"start":0.5,"end":0.5,"start2":0.28641877,"end2":0.3019475},{"startTime":1126.0,"endTime":1127.0,"start":0.5,"end":0.5,"start2":0.3019475,"end2":0.31689128},{"startTime":1127.0,"endTime":1128.0,"start":0.5,"end":0.5,"start2":0.31689128,"end2":0.33125},{"startTime":1128.0,"endTime":1129.0,"start":0.5,"end":0.5,"start2":0.33125,"end2":0.34501624},{"startTime":1129.0,"endTime":1130.0,"start":0.5,"end":0.5,"start2":0.34501624,"end2":0.3581975},{"startTime":1130.0,"endTime":1131.0,"start":0.5,"end":0.5,"start2":0.3581975,"end2":0.37079376},{"startTime":1131.0,"endTime":1132.0,"start":0.5,"end":0.5,"start2":0.37079376,"end2":0.382805},{"startTime":1132.0,"endTime":1133.0,"start":0.5,"end":0.5,"start2":0.382805,"end2":0.39423126},{"startTime":1133.0,"endTime":1134.0,"start":0.5,"end":0.5,"start2":0.39423126,"end2":0.40507248},{"startTime":1134.0,"endTime":1135.0,"start":0.5,"end":0.5,"start2":0.40507248,"end2":0.41532874},{"startTime":1135.0,"endTime":1136.0,"start":0.5,"end":0.5,"start2":0.41532874,"end2":0.425},{"startTime":1136.0,"endTime":1137.0,"start":0.5,"end":0.5,"start2":0.425,"end2":0.43407875},{"startTime":1137.0,"endTime":1138.0,"start":0.5,"end":0.5,"start2":0.43407875,"end2":0.4425725},{"startTime":1138.0,"endTime":1139.0,"start":0.5,"end":0.5,"start2":0.4425725,"end2":0.45048127},{"startTime":1139.0,"endTime":1140.0,"start":0.5,"end":0.5,"start2":0.45048127,"end2":0.45780498},{"startTime":1140.0,"endTime":1141.0,"start":0.5,"end":0.5,"start2":0.45780498,"end2":0.46454376},{"startTime":1141.0,"endTime":1142.0,"start":0.5,"end":0.5,"start2":0.46454376,"end2":0.47069752},{"startTime":1142.0,"endTime":1143.0,"start":0.5,"end":0.5,"start2":0.47069752,"end2":0.47626624},{"startTime":1143.0,"endTime":1144.0,"start":0.5,"end":0.5,"start2":0.47626624,"end2":0.48125},{"startTime":1144.0,"endTime":1145.0,"start":0.5,"end":0.5,"start2":0.48125,"end2":0.48564127},{"startTime":1145.0,"endTime":1146.0,"start":0.5,"end":0.5,"start2":0.48564127,"end2":0.4894475},{"startTime":1146.0,"endTime":1147.0,"start":0.5,"end":0.5,"start2":0.4894475,"end2":0.49266875},{"startTime":1147.0,"endTime":1148.0,"start":0.5,"end":0.5,"start2":0.49266875,"end2":0.495305},{"startTime":1148.0,"endTime":1149.0,"start":0.5,"end":0.5,"start2":0.495305,"end2":0.49735627},{"startTime":1149.0,"endTime":1150.0,"start":0.5,"end":0.5,"start2":0.49735627,"end2":0.4988225},{"startTime":1150.0,"endTime":1151.0,"start":0.5,"end":0.5,"start2":0.4988225,"end2":0.49970376},{"startTime":1151.0,"endTime":1152.0,"start":0.5,"end":0.5,"start2":0.49970376,"end2":0.5},{"startTime":1152.0,"endTime":1920.0,"start":0.5,"end":0.5,"start2":0.5,"end2":0.5},{"startTime":1920.0,"endTime":1984.0,"start":0.5,"end":0.65,"start2":0.5,"end2":0.4},{"startTime":1984.0,"endTime":2048.0,"start":0.65,"end":0.5,"start2":0.4,"end2":0.3},{"startTime":2048.0,"endTime":2144.0,"start":0.5,"end":0.5,"start2":0.3,"end2":0.3},{"startTime":2144.0,"endTime":2145.0,"start":0.5,"end":0.5,"start2":0.3,"end2":0.28769752},{"startTime":2145.0,"endTime":2146.0,"start":0.5,"end":0.5,"start2":0.28769752,"end2":0.275785},{"startTime":2146.0,"endTime":2147.0,"start":0.5,"end":0.5,"start2":0.275785,"end2":0.2642625},{"startTime":2147.0,"endTime":2148.0,"start":0.5,"end":0.5,"start2":0.2642625,"end2":0.25313002},{"startTime":2148.0,"endTime":2149.0,"start":0.5,"end":0.5,"start2":0.25313002,"end2":0.2423875},{"startTime":2149.0,"endTime":2150.0,"start":0.5,"end":0.5,"start2":0.2423875,"end2":0.232035},{"startTime":2150.0,"endTime":2151.0,"start":0.5,"end":0.5,"start2":0.232035,"end2":0.2220725},{"startTime":2151.0,"endTime":2152.0,"start":0.5,"end":0.5,"start2":0.2220725,"end2":0.2125},{"startTime":2152.0,"endTime":2153.0,"start":0.5,"end":0.5,"start2":0.2125,"end2":0.2033225},{"startTime":2153.0,"endTime":2154.0,"start":0.5,"end":0.5,"start2":0.2033225,"end2":0.194535},{"startTime":2154.0,"endTime":2155.0,"start":0.5,"end":0.5,"start2":0.194535,"end2":0.1861375},{"startTime":2155.0,"endTime":2156.0,"start":0.5,"end":0.5,"start2":0.1861375,"end2":0.17813002},{"startTime":2156.0,"endTime":2157.0,"start":0.5,"end":0.5,"start2":0.17813002,"end2":0.1705125},{"startTime":2157.0,"endTime":2158.0,"start":0.5,"end":0.5,"start2":0.1705125,"end2":0.16328502},{"startTime":2158.0,"endTime":2159.0,"start":0.5,"end":0.5,"start2":0.16328502,"end2":0.15644751},{"startTime":2159.0,"endTime":2160.0,"start":0.5,"end":0.5,"start2":0.15644751,"end2":0.15},{"startTime":2160.0,"endTime":2161.0,"start":0.5,"end":0.5,"start2":0.15,"end2":0.14394751},{"startTime":2161.0,"endTime":2162.0,"start":0.5,"end":0.5,"start2":0.14394751,"end2":0.138285},{"startTime":2162.0,"endTime":2163.0,"start":0.5,"end":0.5,"start2":0.138285,"end2":0.1330125},{"startTime":2163.0,"endTime":2164.0,"start":0.5,"end":0.5,"start2":0.1330125,"end2":0.12813},{"startTime":2164.0,"endTime":2165.0,"start":0.5,"end":0.5,"start2":0.12813,"end2":0.1236375},{"startTime":2165.0,"endTime":2166.0,"start":0.5,"end":0.5,"start2":0.1236375,"end2":0.119535},{"startTime":2166.0,"endTime":2167.0,"start":0.5,"end":0.5,"start2":0.119535,"end2":0.11582251},{"startTime":2167.0,"endTime":2168.0,"start":0.5,"end":0.5,"start2":0.11582251,"end2":0.112500004},{"startTime":2168.0,"endTime":2169.0,"start":0.5,"end":0.5,"start2":0.112500004,"end2":0.10957249},{"startTime":2169.0,"endTime":2170.0,"start":0.5,"end":0.5,"start2":0.10957249,"end2":0.107035},{"startTime":2170.0,"endTime":2171.0,"start":0.5,"end":0.5,"start2":0.107035,"end2":0.1048875},{"startTime":2171.0,"endTime":2172.0,"start":0.5,"end":0.5,"start2":0.1048875,"end2":0.103130005},{"startTime":2172.0,"endTime":2173.0,"start":0.5,"end":0.5,"start2":0.103130005,"end2":0.101762496},{"startTime":2173.0,"endTime":2174.0,"start":0.5,"end":0.5,"start2":0.101762496,"end2":0.100784995},{"startTime":2174.0,"endTime":2175.0,"start":0.5,"end":0.5,"start2":0.100784995,"end2":0.100197494},{"startTime":2175.0,"endTime":2176.0,"start":0.5,"end":0.5,"start2":0.100197494,"end2":0.1},{"startTime":2176.0,"endTime":9344.0,"start":0.5,"end":0.5,"start2":0.1,"end2":0.1},{"startTime":9344.0,"endTime":9472.0,"start":0.5,"end":0.5,"start2":0.1,"end2":0.0},{"startTime":9472.0,"endTime":1000000000.0,"start":0.5,"end":0.5,"start2":0.0,"end2":0.0}],"judgeLineRotateEvents":[{"startTime":-999999.0,"endTime":1152.0,"start":0.0,"end":0.0},{"startTime":1152.0,"endTime":1664.0,"start":0.0,"end":180.0},{"startTime":1664.0,"endTime":1888.0,"start":180.0,"end":360.0},{"startTime":1888.0,"endTime":1000000000.0,"start":360.0,"end":360.0}],"judgeLineDisappearEvents":[{"startTime":-999999.0,"endTime":32.0,"start":0.0,"end":0.0},{"startTime":32.0,"endTime":33.0,"start":0.0,"end":0.03098121},{"startTime":33.0,"endTime":34.0,"start":0.03098121,"end":0.061512478},{"startTime":34.0,"endTime":35.0,"start":0.061512478,"end":0.09153128},{"startTime":35.0,"endTime":36.0,"start":0.09153128,"end":0.121075004},{"startTime":36.0,"endTime":37.0,"start":0.121075004,"end":0.15013123},{"startTime":37.0,"endTime":38.0,"start":0.15013123,"end":0.17868751},{"startTime":38.0,"endTime":39.0,"start":0.17868751,"end":0.2067813},{"startTime":39.0,"endTime":40.0,"start":0.2067813,"end":0.23435},{"startTime":40.0,"endTime":41.0,"start":0.23435,"end":0.26146874},{"startTime":41.0,"endTime":42.0,"start":0.26146874,"end":0.2880625},{"startTime":42.0,"endTime":43.0,"start":0.2880625,"end":0.31419376},{"startTime":43.0,"endTime":44.0,"start":0.31419376,"end":0.33982503},{"startTime":44.0,"endTime":45.0,"start":0.33982503,"end":0.36496872},{"startTime":45.0,"endTime":46.0,"start":0.36496872,"end":0.38963756},{"startTime":46.0,"endTime":47.0,"start":0.38963756,"end":0.41379377},{"startTime":47.0,"endTime":48.0,"start":0.41379377,"end":0.4375},{"startTime":48.0,"endTime":49.0,"start":0.4375,"end":0.4606687},{"startTime":49.0,"endTime":50.0,"start":0.4606687,"end":0.4833875},{"startTime":50.0,"endTime":51.0,"start":0.4833875,"end":0.5055938},{"startTime":51.0,"endTime":52.0,"start":0.5055938,"end":0.52732503},{"startTime":52.0,"endTime":53.0,"start":0.52732503,"end":0.5485688},{"startTime":53.0,"endTime":54.0,"start":0.5485688,"end":0.5693125},{"startTime":54.0,"endTime":55.0,"start":0.5693125,"end":0.5895937},{"startTime":55.0,"endTime":56.0,"start":0.5895937,"end":0.60934997},{"startTime":56.0,"endTime":57.0,"start":0.60934997,"end":0.62865627},{"startTime":57.0,"endTime":58.0,"start":0.62865627,"end":0.6474375},{"startTime":58.0,"endTime":59.0,"start":0.6474375,"end":0.6657563},{"startTime":59.0,"endTime":60.0,"start":0.6657563,"end":0.683575},{"startTime":60.0,"endTime":61.0,"start":0.683575,"end":0.7009063},{"startTime":61.0,"endTime":62.0,"start":0.7009063,"end":0.7177625},{"startTime":62.0,"endTime":63.0,"start":0.7177625,"end":0.73410624},{"startTime":63.0,"endTime":64.0,"start":0.73410624,"end":0.75},{"startTime":64.0,"endTime":65.0,"start":0.75,"end":0.76535624},{"startTime":65.0,"endTime":66.0,"start":0.76535624,"end":0.7802625},{"startTime":66.0,"endTime":67.0,"start":0.7802625,"end":0.7946563},{"startTime":67.0,"endTime":68.0,"start":0.7946563,"end":0.80857503},{"startTime":68.0,"endTime":69.0,"start":0.80857503,"end":0.8220062},{"startTime":69.0,"endTime":70.0,"start":0.8220062,"end":0.8349375},{"startTime":70.0,"endTime":71.0,"start":0.8349375,"end":0.84740627},{"startTime":71.0,"endTime":72.0,"start":0.84740627,"end":0.85934997},{"startTime":72.0,"endTime":73.0,"start":0.85934997,"end":0.87084377},{"startTime":73.0,"endTime":74.0,"start":0.87084377,"end":0.8818125},{"startTime":74.0,"endTime":75.0,"start":0.8818125,"end":0.8923187},{"startTime":75.0,"endTime":76.0,"start":0.8923187,"end":0.90232503},{"startTime":76.0,"endTime":77.0,"start":0.90232503,"end":0.9118437},{"startTime":77.0,"endTime":78.0,"start":0.9118437,"end":0.9208875},{"startTime":78.0,"endTime":79.0,"start":0.9208875,"end":0.92941874},{"startTime":79.0,"endTime":80.0,"start":0.92941874,"end":0.9375},{"startTime":80.0,"endTime":81.0,"start":0.9375,"end":0.94504374},{"startTime":81.0,"endTime":82.0,"start":0.94504374,"end":0.95213753},{"startTime":82.0,"endTime":83.0,"start":0.95213753,"end":0.9587187},{"startTime":83.0,"endTime":84.0,"start":0.9587187,"end":0.964825},{"startTime":84.0,"endTime":85.0,"start":0.964825,"end":0.9704437},{"startTime":85.0,"endTime":86.0,"start":0.9704437,"end":0.9755625},{"startTime":86.0,"endTime":87.0,"start":0.9755625,"end":0.98021877},{"startTime":87.0,"endTime":88.0,"start":0.98021877,"end":0.98434997},{"startTime":88.0,"endTime":89.0,"start":0.98434997,"end":0.98803127},{"startTime":89.0,"endTime":90.0,"start":0.98803127,"end":0.9911875},{"startTime":90.0,"endTime":91.0,"start":0.9911875,"end":0.9938813},{"startTime":91.0,"endTime":92.0,"start":0.9938813,"end":0.99607503},{"startTime":92.0,"endTime":93.0,"start":0.99607503,"end":0.9977812},{"startTime":93.0,"endTime":94.0,"start":0.9977812,"end":0.99901253},{"startTime":94.0,"endTime":95.0,"start":0.99901253,"end":0.99973124},{"startTime":95.0,"endTime":96.0,"start":0.99973124,"end":1.0},{"startTime":96.0,"endTime":4192.0,"start":1.0,"end":1.0},{"startTime":4192.0,"endTime":4193.0,"start":1.0,"end":0.9384875},{"startTime":4193.0,"endTime":4194.0,"start":0.9384875,"end":0.87892497},{"startTime":4194.0,"endTime":4195.0,"start":0.87892497,"end":0.8213125},{"startTime":4195.0,"endTime":4196.0,"start":0.8213125,"end":0.76565003},{"startTime":4196.0,"endTime":4197.0,"start":0.76565003,"end":0.7119375},{"startTime":4197.0,"endTime":4198.0,"start":0.7119375,"end":0.66017497},{"startTime":4198.0,"endTime":4199.0,"start":0.66017497,"end":0.6103624},{"startTime":4199.0,"endTime":4200.0,"start":0.6103624,"end":0.5625},{"startTime":4200.0,"endTime":4201.0,"start":0.5625,"end":0.5166125},{"startTime":4201.0,"endTime":4202.0,"start":0.5166125,"end":0.47267497},{"startTime":4202.0,"endTime":4203.0,"start":0.47267497,"end":0.4306875},{"startTime":4203.0,"endTime":4204.0,"start":0.4306875,"end":0.39065003},{"startTime":4204.0,"endTime":4205.0,"start":0.39065003,"end":0.3525625},{"startTime":4205.0,"endTime":4206.0,"start":0.3525625,"end":0.31642503},{"startTime":4206.0,"endTime":4207.0,"start":0.31642503,"end":0.28223753},{"startTime":4207.0,"endTime":4208.0,"start":0.28223753,"end":0.25},{"startTime":4208.0,"endTime":4209.0,"start":0.25,"end":0.21973753},{"startTime":4209.0,"endTime":4210.0,"start":0.21973753,"end":0.19142497},{"startTime":4210.0,"endTime":4211.0,"start":0.19142497,"end":0.16506249},{"startTime":4211.0,"endTime":4212.0,"start":0.16506249,"end":0.14065003},{"startTime":4212.0,"endTime":4213.0,"start":0.14065003,"end":0.11818749},{"startTime":4213.0,"endTime":4214.0,"start":0.11818749,"end":0.097674966},{"startTime":4214.0,"endTime":4215.0,"start":0.097674966,"end":0.07911253},{"startTime":4215.0,"endTime":4216.0,"start":0.07911253,"end":0.0625},{"startTime":4216.0,"endTime":4217.0,"start":0.0625,"end":0.04786247},{"startTime":4217.0,"endTime":4218.0,"start":0.04786247,"end":0.035175025},{"startTime":4218.0,"endTime":4219.0,"start":0.035175025,"end":0.024437487},{"startTime":4219.0,"endTime":4220.0,"start":0.024437487,"end":0.015650034},{"startTime":4220.0,"endTime":4221.0,"start":0.015650034,"end":0.008812487},{"startTime":4221.0,"endTime":4222.0,"start":0.008812487,"end":0.003924966},{"startTime":4222.0,"endTime":4223.0,"start":0.003924966,"end":0.0009874701},{"startTime":4223.0,"endTime":4224.0,"start":0.0009874701,"end":0.0},{"startTime":4224.0,"endTime":7264.0,"start":0.0,"end":0.0},{"startTime":7264.0,"endTime":7265.0,"start":0.0,"end":0.061512478},{"startTime":7265.0,"endTime":7266.0,"start":0.061512478,"end":0.121075004},{"startTime":7266.0,"endTime":7267.0,"start":0.121075004,"end":0.17868751},{"startTime":7267.0,"endTime":7268.0,"start":0.17868751,"end":0.23435},{"startTime":7268.0,"endTime":7269.0,"start":0.23435,"end":0.2880625},{"startTime":7269.0,"endTime":7270.0,"start":0.2880625,"end":0.33982503},{"startTime":7270.0,"endTime":7271.0,"start":0.33982503,"end":0.38963756},{"startTime":7271.0,"endTime":7272.0,"start":0.38963756,"end":0.4375},{"startTime":7272.0,"endTime":7273.0,"start":0.4375,"end":0.4833875},{"startTime":7273.0,"endTime":7274.0,"start":0.4833875,"end":0.52732503},{"startTime":7274.0,"endTime":7275.0,"start":0.52732503,"end":0.5693125},{"startTime":7275.0,"endTime":7276.0,"start":0.5693125,"end":0.60934997},{"startTime":7276.0,"endTime":7277.0,"start":0.60934997,"end":0.6474375},{"startTime":7277.0,"endTime":7278.0,"start":0.6474375,"end":0.683575},{"startTime":7278.0,"endTime":7279.0,"start":0.683575,"end":0.7177625},{"startTime":7279.0,"endTime":7280.0,"start":0.7177625,"end":0.75},{"startTime":7280.0,"endTime":7281.0,"start":0.75,"end":0.7802625},{"startTime":7281.0,"endTime":7282.0,"start":0.7802625,"end":0.80857503},{"startTime":7282.0,"endTime":7283.0,"start":0.80857503,"end":0.8349375},{"startTime":7283.0,"endTime":7284.0,"start":0.8349375,"end":0.85934997},{"startTime":7284.0,"endTime":7285.0,"start":0.85934997,"end":0.8818125},{"startTime":7285.0,"endTime":7286.0,"start":0.8818125,"end":0.90232503},{"startTime":7286.0,"endTime":7287.0,"start":0.90232503,"end":0.9208875},{"startTime":7287.0,"endTime":7288.0,"start":0.9208875,"end":0.9375},{"startTime":7288.0,"endTime":7289.0,"start":0.9375,"end":0.95213753},{"startTime":7289.0,"endTime":7290.0,"start":0.95213753,"end":0.964825},{"startTime":7290.0,"endTime":7291.0,"start":0.964825,"end":0.9755625},{"startTime":7291.0,"endTime":7292.0,"start":0.9755625,"end":0.98434997},{"startTime":7292.0,"endTime":7293.0,"start":0.98434997,"end":0.9911875},{"startTime":7293.0,"endTime":7294.0,"start":0.9911875,"end":0.99607503},{"startTime":7294.0,"endTime":7295.0,"start":0.99607503,"end":0.99901253},{"startTime":7295.0,"endTime":7296.0,"start":0.99901253,"end":1.0},{"startTime":7296.0,"endTime":9344.0,"start":1.0,"end":1.0},{"startTime":9344.0,"endTime":9472.0,"start":1.0,"end":0.0},{"startTime":9472.0,"endTime":1000000000.0,"start":0.0,"end":0.0}]},{"bpm":128.0,"notesAbove":[{"type":1,"time":4416,"positionX":2.625,"holdTime":0.0,"speed":1.0,"floorPosition":66.65625},{"type":1,"time":4480,"positionX":-4.375,"holdTime":0.0,"speed":1.0,"floorPosition":68.15625},{"type":1,"time":4480,"positionX":0.0,"holdTime":0.0,"speed":1.0,"floorPosition":68.15625},{"type":1,"time":4736,"positionX":4.375,"holdTime":0.0,"speed":1.0,"floorPosition":74.15625},{"type":1,"time":4736,"positionX":-4.375,"holdTime":0.0,"speed":1.0,"floorPosition":74.15625},{"type":1,"time":4928,"positionX":-3.5,"holdTime":0.0,"speed":1.0,"floorPosition":78.65625},{"type":1,"time":4992,"positionX":4.375,"holdTime":0.0,"speed":1.0,"floorPosition":80.15625},{"type":1,"time":5248,"positionX":-2.625,"holdTime":0.0,"speed":1.0,"floorPosition":86.15625},{"type":1,"time":5248,"positionX":2.625,"holdTime":0.0,"speed":1.0,"floorPosition":86.15625},{"type":2,"time":5264,"positionX":-1.75,"holdTime":0.0,"speed":1.0,"floorPosition":86.53125},{"type":2,"time":5272,"positionX":0.0,"holdTime":0.0,"speed":1.0,"floorPosition":86.71875},{"type":2,"time":5280,"positionX":1.75,"holdTime":0.0,"speed":1.0,"floorPosition":86.90625},{"type":2,"time":5296,"positionX":-0.875,"holdTime":0.0,"speed":1.0,"floorPosition":87.28125},{"type":2,"time":5312,"positionX":-0.875,"holdTime":0.0,"speed":1.0,"floorPosition":87.65625},{"type":2,"time":5328,"positionX":-1.75,"holdTime":0.0,"speed":1.0,"floorPosition":88.03125},{"type":2,"time":5336,"positionX":0.0,"holdTime":0.0,"speed":1.0,"floorPosition":88.21875},{"type":2,"time":5344,"positionX":1.75,"holdTime":0.0,"speed":1.0,"floorPosition":88.40625},{"type":2,"time":5360,"positionX":0.875,"holdTime":0.0,"speed":1.0,"floorPosition":88.78125},{"type":2,"time":5376,"positionX":0.875,"holdTime":0.0,"speed":1.0,"floorPosition":89.15625},{"type":2,"time":5392,"positionX":-1.75,"holdTime":0.0,"speed":1.0,"floorPosition":89.53125},{"type":2,"time":5400,"positionX":0.0,"holdTime":0.0,"speed":1.0,"floorPosition":89.71875},{"type":2,"time":5408,"positionX":1.75,"holdTime":0.0,"speed":1.0,"floorPosition":89.90625},{"type":2,"time":5424,"positionX":-0.875,"holdTime":0.0,"speed":1.0,"floorPosition":90.28125},{"type":2,"time":5440,"positionX":-0.875,"holdTime":0.0,"speed":1.0,"floorPosition":90.65625},{"type":1,"time":5440,"positionX":3.5,"holdTime":0.0,"speed":1.0,"floorPosition":90.65625},{"type":2,"time":5456,"positionX":1.75,"holdTime":0.0,"speed":1.0,"floorPosition":91.03125},{"type":2,"time":5464,"positionX":0.0,"holdTime":0.0,"speed":1.0,"floorPosition":91.21875},{"type":2,"time":5472,"positionX":-1.75,"holdTime":0.0,"speed":1.0,"floorPosition":91.40625},{"type":2,"time":5488,"positionX":0.875,"holdTime":0.0,"speed":1.0,"floorPosition":91.78125},{"type":2,"time":5504,"positionX":0.875,"holdTime":0.0,"speed":1.0,"floorPosition":92.15625},{"type":1,"time":5504,"positionX":-4.375,"holdTime":0.0,"speed":1.0,"floorPosition":92.15625},{"type":2,"time":5520,"positionX":-1.75,"holdTime":0.0,"speed":1.0,"floorPosition":92.53125},{"type":2,"time":5528,"positionX":0.0,"holdTime":0.0,"speed":1.0,"floorPosition":92.71875},{"type":2,"time":5536,"positionX":1.75,"holdTime":0.0,"speed":1.0,"floorPosition":92.90625},{"type":2,"time":5552,"positionX":-0.875,"holdTime":0.0,"speed":1.0,"floorPosition":93.28125},{"type":2,"time":5568,"positionX":-0.875,"holdTime":0.0,"speed":1.0,"floorPosition":93.65625},{"type":2,"time":5584,"positionX":-1.75,"holdTime":0.0,"speed":1.0,"floorPosition":94.03125},{"type":2,"time":5592,"positionX":0.0,"holdTime":0.0,"speed":1.0,"floorPosition":94.21875},{"type":2,"time":5600,"positionX":1.75,"holdTime":0.0,"speed":1.0,"floorPosition":94.40625},{"type":2,"time":5616,"positionX":0.875,"holdTime":0.0,"speed":1.0,"floorPosition":94.78125},{"type":2,"time":5632,"positionX":0.875,"holdTime":0.0,"speed":1.0,"floorPosition":95.15625},{"type":2,"time":5648,"positionX":-1.75,"holdTime":0.0,"speed":1.0,"floorPosition":95.53125},{"type":2,"time":5656,"positionX":0.0,"holdTime":0.0,"speed":1.0,"floorPosition":95.71875},{"type":2,"time":5664,"positionX":1.75,"holdTime":0.0,"speed":1.0,"floorPosition":95.90625},{"type":2,"time":5680,"positionX":-0.875,"holdTime":0.0,"speed":1.0,"floorPosition":96.28125},{"type":2,"time":5696,"positionX":-0.875,"holdTime":0.0,"speed":1.0,"floorPosition":96.65625},{"type":2,"time":5712,"positionX":1.75,"holdTime":0.0,"speed":1.0,"floorPosition":97.03125},{"type":2,"time":5720,"positionX":0.0,"holdTime":0.0,"speed":1.0,"floorPosition":97.21875},{"type":2,"time":5728,"positionX":-1.75,"holdTime":0.0,"speed":1.0,"floorPosition":97.40625},{"type":2,"time":5744,"positionX":0.875,"holdTime":0.0,"speed":1.0,"floorPosition":97.78125},{"type":2,"time":5760,"positionX":0.875,"holdTime":0.0,"speed":1.0,"floorPosition":98.15625},{"type":1,"time":5760,"positionX":-4.375,"holdTime":0.0,"speed":1.0,"floorPosition":98.15625},{"type":2,"time":5776,"positionX":-1.75,"holdTime":0.0,"speed":1.0,"floorPosition":98.53125},{"type":2,"time":5784,"positionX":0.0,"holdTime":0.0,"speed":1.0,"floorPosition":98.71875},{"type":2,"time":5792,"positionX":1.75,"holdTime":0.0,"speed":1.0,"floorPosition":98.90625},{"type":2,"time":5808,"positionX":-0.875,"holdTime":0.0,"speed":1.0,"floorPosition":99.28125},{"type":2,"time":5824,"positionX":-0.875,"holdTime":0.0,"speed":1.0,"floorPosition":99.65625},{"type":2,"time":5840,"positionX":-1.75,"holdTime":0.0,"speed":1.0,"floorPosition":100.03125},{"type":2,"time":5848,"positionX":0.0,"holdTime":0.0,"speed":1.0,"floorPosition":100.21875},{"type":2,"time":5856,"positionX":1.75,"holdTime":0.0,"speed":1.0,"floorPosition":100.40625},{"type":2,"time":5872,"positionX":0.875,"holdTime":0.0,"speed":1.0,"floorPosition":100.78125},{"type":2,"time":5888,"positionX":0.875,"holdTime":0.0,"speed":1.0,"floorPosition":101.15625},{"type":2,"time":5904,"positionX":-1.75,"holdTime":0.0,"speed":1.0,"floorPosition":101.53125},{"type":2,"time":5912,"positionX":0.0,"holdTime":0.0,"speed":1.0,"floorPosition":101.71875},{"type":2,"time":5920,"positionX":1.75,"holdTime":0.0,"speed":1.0,"floorPosition":101.90625},{"type":2,"time":5936,"positionX":-0.875,"holdTime":0.0,"speed":1.0,"floorPosition":102.28125},{"type":2,"time":5952,"positionX":-0.875,"holdTime":0.0,"speed":1.0,"floorPosition":102.65625},{"type":1,"time":5952,"positionX":3.5,"holdTime":0.0,"speed":1.0,"floorPosition":102.65625},{"type":2,"time":5968,"positionX":1.75,"holdTime":0.0,"speed":1.0,"floorPosition":103.03125},{"type":2,"time":5976,"positionX":0.0,"holdTime":0.0,"speed":1.0,"floorPosition":103.21875},{"type":2,"time":5984,"positionX":-1.75,"holdTime":0.0,"speed":1.0,"floorPosition":103.40625},{"type":2,"time":6000,"positionX":0.875,"holdTime":0.0,"speed":1.0,"floorPosition":103.78125},{"type":2,"time":6016,"positionX":0.875,"holdTime":0.0,"speed":1.0,"floorPosition":104.15625},{"type":1,"time":6016,"positionX":-4.375,"holdTime":0.0,"speed":1.0,"floorPosition":104.15625},{"type":2,"time":6032,"positionX":-1.75,"holdTime":0.0,"speed":1.0,"floorPosition":104.53125},{"type":2,"time":6040,"positionX":0.0,"holdTime":0.0,"speed":1.0,"floorPosition":104.71875},{"type":2,"time":6048,"positionX":1.75,"holdTime":0.0,"speed":1.0,"floorPosition":104.90625},{"type":2,"time":6064,"positionX":-0.875,"holdTime":0.0,"speed":1.0,"floorPosition":105.28125},{"type":2,"time":6080,"positionX":-0.875,"holdTime":0.0,"speed":1.0,"floorPosition":105.65625},{"type":2,"time":6096,"positionX":-1.75,"holdTime":0.0,"speed":1.0,"floorPosition":106.03125},{"type":2,"time":6104,"positionX":0.0,"holdTime":0.0,"speed":1.0,"floorPosition":106.21875},{"type":2,"time":6112,"positionX":1.75,"holdTime":0.0,"speed":1.0,"floorPosition":106.40625},{"type":2,"time":6128,"positionX":0.875,"holdTime":0.0,"speed":1.0,"floorPosition":106.78125},{"type":2,"time":6144,"positionX":0.875,"holdTime":0.0,"speed":1.0,"floorPosition":107.15625},{"type":2,"time":6160,"positionX":-1.75,"holdTime":0.0,"speed":1.0,"floorPosition":107.53125},{"type":2,"time":6168,"positionX":0.0,"holdTime":0.0,"speed":1.0,"floorPosition":107.71875},{"type":2,"time":6176,"positionX":1.75,"holdTime":0.0,"speed":1.0,"floorPosition":107.90625},{"type":2,"time":6192,"positionX":-0.875,"holdTime":0.0,"speed":1.0,"floorPosition":108.28125},{"type":2,"time":6208,"positionX":-0.875,"holdTime":0.0,"speed":1.0,"floorPosition":108.65625},{"type":2,"time":6224,"positionX":1.75,"holdTime":0.0,"speed":1.0,"floorPosition":109.03125},{"type":2,"time":6232,"positionX":0.0,"holdTime":0.0,"speed":1.0,"floorPosition":109.21875},{"type":2,"time":6240,"positionX":-1.75,"holdTime":0.0,"speed":1.0,"floorPosition":109.40625},{"type":2,"time":6256,"positionX":0.875,"holdTime":0.0,"speed":1.0,"floorPosition":109.78125},{"type":4,"time":6272,"positionX":-5.25,"holdTime":0.0,"speed":1.0,"floorPosition":110.15625},{"type":2,"time":6272,"positionX":0.875,"holdTime":0.0,"speed":1.0,"floorPosition":110.15625},{"type":4,"time":6528,"positionX":4.375,"holdTime":0.0,"speed":1.0,"floorPosition":116.15625},{"type":4,"time":6528,"positionX":-3.5,"holdTime":0.0,"speed":1.0,"floorPosition":116.15625},{"type":1,"time":6784,"positionX":0.0,"holdTime":0.0,"speed":1.0,"floorPosition":122.15625},{"type":2,"time":6800,"positionX":0.0,"holdTime":0.0,"speed":1.0,"floorPosition":122.53125},{"type":2,"time":6816,"positionX":0.0,"holdTime":0.0,"speed":1.0,"floorPosition":122.90625},{"type":2,"time":6832,"positionX":0.0,"holdTime":0.0,"speed":1.0,"floorPosition":123.28125},{"type":1,"time":6848,"positionX":0.0,"holdTime":0.0,"speed":1.0,"floorPosition":123.65625},{"type":2,"time":6864,"positionX":0.0,"holdTime":0.0,"speed":1.0,"floorPosition":124.03125},{"type":2,"time":6880,"positionX":0.0,"holdTime":0.0,"speed":1.0,"floorPosition":124.40625},{"type":2,"time":6896,"positionX":0.0,"holdTime":0.0,"speed":1.0,"floorPosition":124.78125},{"type":1,"time":6912,"positionX":0.0,"holdTime":0.0,"speed":1.0,"floorPosition":125.15625},{"type":2,"time":6928,"positionX":0.0,"holdTime":0.0,"speed":1.0,"floorPosition":125.53125},{"type":2,"time":6944,"positionX":0.0,"holdTime":0.0,"speed":1.0,"floorPosition":125.90625},{"type":2,"time":6960,"positionX":0.0,"holdTime":0.0,"speed":1.0,"floorPosition":126.28125},{"type":1,"time":6976,"positionX":0.0,"holdTime":0.0,"speed":1.0,"floorPosition":126.65625},{"type":2,"time":6992,"positionX":0.0,"holdTime":0.0,"speed":1.0,"floorPosition":127.03125},{"type":2,"time":7008,"positionX":0.0,"holdTime":0.0,"speed":1.0,"floorPosition":127.40625},{"type":2,"time":7024,"positionX":0.0,"holdTime":0.0,"speed":1.0,"floorPosition":127.78125},{"type":2,"time":7040,"positionX":0.0,"holdTime":0.0,"speed":1.0,"floorPosition":128.15625},{"type":2,"time":7048,"positionX":0.0,"holdTime":0.0,"speed":1.0,"floorPosition":128.34375},{"type":2,"time":7056,"positionX":0.0,"holdTime":0.0,"speed":1.0,"floorPosition":128.53125},{"type":2,"time":7064,"positionX":0.0,"holdTime":0.0,"speed":1.0,"floorPosition":128.71875},{"type":2,"time":7072,"positionX":0.0,"holdTime":0.0,"speed":1.0,"floorPosition":128.90625},{"type":2,"time":7080,"positionX":0.0,"holdTime":0.0,"speed":1.0,"floorPosition":129.09375},{"type":2,"time":7088,"positionX":0.0,"holdTime":0.0,"speed":1.0,"floorPosition":129.28125},{"type":2,"time":7096,"positionX":0.0,"holdTime":0.0,"speed":1.0,"floorPosition":129.46875},{"type":2,"time":7104,"positionX":0.0,"holdTime":0.0,"speed":1.0,"floorPosition":129.65625},{"type":2,"time":7112,"positionX":0.0,"holdTime":0.0,"speed":1.0,"floorPosition":129.84375},{"type":2,"time":7120,"positionX":0.0,"holdTime":0.0,"speed":1.0,"floorPosition":130.03125},{"type":2,"time":7128,"positionX":0.0,"holdTime":0.0,"speed":1.0,"floorPosition":130.21875},{"type":2,"time":7136,"positionX":0.0,"holdTime":0.0,"speed":1.0,"floorPosition":130.40625},{"type":2,"time":7144,"positionX":0.0,"holdTime":0.0,"speed":1.0,"floorPosition":130.59375},{"type":2,"time":7152,"positionX":0.0,"holdTime":0.0,"speed":1.0,"floorPosition":130.78125},{"type":2,"time":7160,"positionX":0.0,"holdTime":0.0,"speed":1.0,"floorPosition":130.96875},{"type":2,"time":7168,"positionX":0.0,"holdTime":0.0,"speed":1.0,"floorPosition":131.15625},{"type":2,"time":7200,"positionX":0.0,"holdTime":0.0,"speed":1.0,"floorPosition":131.90625},{"type":2,"time":7232,"positionX":0.0,"holdTime":0.0,"speed":1.0,"floorPosition":132.65625},{"type":4,"time":7264,"positionX":0.0,"holdTime":0.0,"speed":1.0,"floorPosition":133.40625}],"notesBelow":[{"type":4,"time":6400,"positionX":3.5,"holdTime":0.0,"speed":1.0,"floorPosition":113.15625},{"type":4,"time":6400,"positionX":-2.625,"holdTime":0.0,"speed":1.0,"floorPosition":113.15625},{"type":4,"time":6656,"positionX":-3.5,"holdTime":0.0,"speed":1.0,"floorPosition":119.15625},{"type":4,"time":6656,"positionX":1.75,"holdTime":0.0,"speed":1.0,"floorPosition":119.15625}],"speedEvents":[{"startTime":0.0,"endTime":4192.0,"value":1.0},{"startTime":4192.0,"endTime":1000000000.0,"value":1.6}],"judgeLineMoveEvents":[{"startTime":-999999.0,"endTime":6272.0,"start":0.5,"end":0.5,"start2":0.3,"end2":0.3},{"startTime":6272.0,"endTime":6273.0,"start":0.5,"end":0.5,"start2":0.3,"end2":0.31649},{"startTime":6273.0,"endTime":6274.0,"start":0.5,"end":0.5,"start2":0.31649,"end2":0.33263335},{"startTime":6274.0,"endTime":6275.0,"start":0.5,"end":0.5,"start2":0.33263335,"end2":0.34843},{"startTime":6275.0,"endTime":6276.0,"start":0.5,"end":0.5,"start2":0.34843,"end2":0.36388},{"startTime":6276.0,"endTime":6277.0,"start":0.5,"end":0.5,"start2":0.36388,"end2":0.37898335},{"startTime":6277.0,"endTime":6278.0,"start":0.5,"end":0.5,"start2":0.37898335,"end2":0.39374},{"startTime":6278.0,"endTime":6279.0,"start":0.5,"end":0.5,"start2":0.39374,"end2":0.40815},{"startTime":6279.0,"endTime":6280.0,"start":0.5,"end":0.5,"start2":0.40815,"end2":0.42221335},{"startTime":6280.0,"endTime":6281.0,"start":0.5,"end":0.5,"start2":0.42221335,"end2":0.43593},{"startTime":6281.0,"endTime":6282.0,"start":0.5,"end":0.5,"start2":0.43593,"end2":0.4493},{"startTime":6282.0,"endTime":6283.0,"start":0.5,"end":0.5,"start2":0.4493,"end2":0.46232337},{"startTime":6283.0,"endTime":6284.0,"start":0.5,"end":0.5,"start2":0.46232337,"end2":0.475},{"startTime":6284.0,"endTime":6285.0,"start":0.5,"end":0.5,"start2":0.475,"end2":0.4873233},{"startTime":6285.0,"endTime":6286.0,"start":0.5,"end":0.5,"start2":0.4873233,"end2":0.4993},{"startTime":6286.0,"endTime":6287.0,"start":0.5,"end":0.5,"start2":0.4993,"end2":0.51093},{"startTime":6287.0,"endTime":6288.0,"start":0.5,"end":0.5,"start2":0.51093,"end2":0.52221334},{"startTime":6288.0,"endTime":6289.0,"start":0.5,"end":0.5,"start2":0.52221334,"end2":0.53315},{"startTime":6289.0,"endTime":6290.0,"start":0.5,"end":0.5,"start2":0.53315,"end2":0.54374},{"startTime":6290.0,"endTime":6291.0,"start":0.5,"end":0.5,"start2":0.54374,"end2":0.55398333},{"startTime":6291.0,"endTime":6292.0,"start":0.5,"end":0.5,"start2":0.55398333,"end2":0.56388},{"startTime":6292.0,"endTime":6293.0,"start":0.5,"end":0.5,"start2":0.56388,"end2":0.57343},{"startTime":6293.0,"endTime":6294.0,"start":0.5,"end":0.5,"start2":0.57343,"end2":0.5826334},{"startTime":6294.0,"endTime":6295.0,"start":0.5,"end":0.5,"start2":0.5826334,"end2":0.59149},{"startTime":6295.0,"endTime":6296.0,"start":0.5,"end":0.5,"start2":0.59149,"end2":0.6},{"startTime":6296.0,"endTime":6297.0,"start":0.5,"end":0.5,"start2":0.6,"end2":0.6081567},{"startTime":6297.0,"endTime":6298.0,"start":0.5,"end":0.5,"start2":0.6081567,"end2":0.6159667},{"startTime":6298.0,"endTime":6299.0,"start":0.5,"end":0.5,"start2":0.6159667,"end2":0.62343},{"startTime":6299.0,"endTime":6300.0,"start":0.5,"end":0.5,"start2":0.62343,"end2":0.6305466},{"startTime":6300.0,"endTime":6301.0,"start":0.5,"end":0.5,"start2":0.6305466,"end2":0.63731664},{"startTime":6301.0,"endTime":6302.0,"start":0.5,"end":0.5,"start2":0.63731664,"end2":0.64374},{"startTime":6302.0,"endTime":6303.0,"start":0.5,"end":0.5,"start2":0.64374,"end2":0.64981663},{"startTime":6303.0,"endTime":6304.0,"start":0.5,"end":0.5,"start2":0.64981663,"end2":0.65554667},{"startTime":6304.0,"endTime":6305.0,"start":0.5,"end":0.5,"start2":0.65554667,"end2":0.66093},{"startTime":6305.0,"endTime":6306.0,"start":0.5,"end":0.5,"start2":0.66093,"end2":0.66596663},{"startTime":6306.0,"endTime":6307.0,"start":0.5,"end":0.5,"start2":0.66596663,"end2":0.6706567},{"startTime":6307.0,"endTime":6308.0,"start":0.5,"end":0.5,"start2":0.6706567,"end2":0.675},{"startTime":6308.0,"endTime":6309.0,"start":0.5,"end":0.5,"start2":0.675,"end2":0.67898995},{"startTime":6309.0,"endTime":6310.0,"start":0.5,"end":0.5,"start2":0.67898995,"end2":0.68263334},{"startTime":6310.0,"endTime":6311.0,"start":0.5,"end":0.5,"start2":0.68263334,"end2":0.68592995},{"startTime":6311.0,"endTime":6312.0,"start":0.5,"end":0.5,"start2":0.68592995,"end2":0.68887997},{"startTime":6312.0,"endTime":6313.0,"start":0.5,"end":0.5,"start2":0.68887997,"end2":0.6914833},{"startTime":6313.0,"endTime":6314.0,"start":0.5,"end":0.5,"start2":0.6914833,"end2":0.69373995},{"startTime":6314.0,"endTime":6315.0,"start":0.5,"end":0.5,"start2":0.69373995,"end2":0.69565},{"startTime":6315.0,"endTime":6316.0,"start":0.5,"end":0.5,"start2":0.69565,"end2":0.69721335},{"startTime":6316.0,"endTime":6317.0,"start":0.5,"end":0.5,"start2":0.69721335,"end2":0.69843},{"startTime":6317.0,"endTime":6318.0,"start":0.5,"end":0.5,"start2":0.69843,"end2":0.6993},{"startTime":6318.0,"endTime":6319.0,"start":0.5,"end":0.5,"start2":0.6993,"end2":0.6998233},{"startTime":6319.0,"endTime":6320.0,"start":0.5,"end":0.5,"start2":0.6998233,"end2":0.7},{"startTime":6320.0,"endTime":6400.0,"start":0.5,"end":0.5,"start2":0.7,"end2":0.7},{"startTime":6400.0,"endTime":6401.0,"start":0.5,"end":0.5,"start2":0.7,"end2":0.6793875},{"startTime":6401.0,"endTime":6402.0,"start":0.5,"end":0.5,"start2":0.6793875,"end2":0.6592083},{"startTime":6402.0,"endTime":6403.0,"start":0.5,"end":0.5,"start2":0.6592083,"end2":0.6394625},{"startTime":6403.0,"endTime":6404.0,"start":0.5,"end":0.5,"start2":0.6394625,"end2":0.62014997},{"startTime":6404.0,"endTime":6405.0,"start":0.5,"end":0.5,"start2":0.62014997,"end2":0.6012708},{"startTime":6405.0,"endTime":6406.0,"start":0.5,"end":0.5,"start2":0.6012708,"end2":0.582825},{"startTime":6406.0,"endTime":6407.0,"start":0.5,"end":0.5,"start2":0.582825,"end2":0.5648125},{"startTime":6407.0,"endTime":6408.0,"start":0.5,"end":0.5,"start2":0.5648125,"end2":0.5472333},{"startTime":6408.0,"endTime":6409.0,"start":0.5,"end":0.5,"start2":0.5472333,"end2":0.5300875},{"startTime":6409.0,"endTime":6410.0,"start":0.5,"end":0.5,"start2":0.5300875,"end2":0.51337504},{"startTime":6410.0,"endTime":6411.0,"start":0.5,"end":0.5,"start2":0.51337504,"end2":0.4970958},{"startTime":6411.0,"endTime":6412.0,"start":0.5,"end":0.5,"start2":0.4970958,"end2":0.48125},{"startTime":6412.0,"endTime":6413.0,"start":0.5,"end":0.5,"start2":0.48125,"end2":0.46584585},{"startTime":6413.0,"endTime":6414.0,"start":0.5,"end":0.5,"start2":0.46584585,"end2":0.45087498},{"startTime":6414.0,"endTime":6415.0,"start":0.5,"end":0.5,"start2":0.45087498,"end2":0.43633747},{"startTime":6415.0,"endTime":6416.0,"start":0.5,"end":0.5,"start2":0.43633747,"end2":0.4222333},{"startTime":6416.0,"endTime":6417.0,"start":0.5,"end":0.5,"start2":0.4222333,"end2":0.40856248},{"startTime":6417.0,"endTime":6418.0,"start":0.5,"end":0.5,"start2":0.40856248,"end2":0.395325},{"startTime":6418.0,"endTime":6419.0,"start":0.5,"end":0.5,"start2":0.395325,"end2":0.3825208},{"startTime":6419.0,"endTime":6420.0,"start":0.5,"end":0.5,"start2":0.3825208,"end2":0.37014997},{"startTime":6420.0,"endTime":6421.0,"start":0.5,"end":0.5,"start2":0.37014997,"end2":0.3582125},{"startTime":6421.0,"endTime":6422.0,"start":0.5,"end":0.5,"start2":0.3582125,"end2":0.3467083},{"startTime":6422.0,"endTime":6423.0,"start":0.5,"end":0.5,"start2":0.3467083,"end2":0.3356375},{"startTime":6423.0,"endTime":6424.0,"start":0.5,"end":0.5,"start2":0.3356375,"end2":0.325},{"startTime":6424.0,"endTime":6425.0,"start":0.5,"end":0.5,"start2":0.325,"end2":0.31480414},{"startTime":6425.0,"endTime":6426.0,"start":0.5,"end":0.5,"start2":0.31480414,"end2":0.30504164},{"startTime":6426.0,"endTime":6427.0,"start":0.5,"end":0.5,"start2":0.30504164,"end2":0.29571247},{"startTime":6427.0,"endTime":6428.0,"start":0.5,"end":0.5,"start2":0.29571247,"end2":0.28681666},{"startTime":6428.0,"endTime":6429.0,"start":0.5,"end":0.5,"start2":0.28681666,"end2":0.27835414},{"startTime":6429.0,"endTime":6430.0,"start":0.5,"end":0.5,"start2":0.27835414,"end2":0.270325},{"startTime":6430.0,"endTime":6431.0,"start":0.5,"end":0.5,"start2":0.270325,"end2":0.26272917},{"startTime":6431.0,"endTime":6432.0,"start":0.5,"end":0.5,"start2":0.26272917,"end2":0.25556663},{"startTime":6432.0,"endTime":6433.0,"start":0.5,"end":0.5,"start2":0.25556663,"end2":0.24883749},{"startTime":6433.0,"endTime":6434.0,"start":0.5,"end":0.5,"start2":0.24883749,"end2":0.24254169},{"startTime":6434.0,"endTime":6435.0,"start":0.5,"end":0.5,"start2":0.24254169,"end2":0.23667915},{"startTime":6435.0,"endTime":6436.0,"start":0.5,"end":0.5,"start2":0.23667915,"end2":0.23125},{"startTime":6436.0,"endTime":6437.0,"start":0.5,"end":0.5,"start2":0.23125,"end2":0.22626252},{"startTime":6437.0,"endTime":6438.0,"start":0.5,"end":0.5,"start2":0.22626252,"end2":0.22170831},{"startTime":6438.0,"endTime":6439.0,"start":0.5,"end":0.5,"start2":0.22170831,"end2":0.21758752},{"startTime":6439.0,"endTime":6440.0,"start":0.5,"end":0.5,"start2":0.21758752,"end2":0.21390001},{"startTime":6440.0,"endTime":6441.0,"start":0.5,"end":0.5,"start2":0.21390001,"end2":0.21064581},{"startTime":6441.0,"endTime":6442.0,"start":0.5,"end":0.5,"start2":0.21064581,"end2":0.20782502},{"startTime":6442.0,"endTime":6443.0,"start":0.5,"end":0.5,"start2":0.20782502,"end2":0.2054375},{"startTime":6443.0,"endTime":6444.0,"start":0.5,"end":0.5,"start2":0.2054375,"end2":0.20348333},{"startTime":6444.0,"endTime":6445.0,"start":0.5,"end":0.5,"start2":0.20348333,"end2":0.20196249},{"startTime":6445.0,"endTime":6446.0,"start":0.5,"end":0.5,"start2":0.20196249,"end2":0.20087503},{"startTime":6446.0,"endTime":6447.0,"start":0.5,"end":0.5,"start2":0.20087503,"end2":0.20022084},{"startTime":6447.0,"endTime":6448.0,"start":0.5,"end":0.5,"start2":0.20022084,"end2":0.2},{"startTime":6448.0,"endTime":6528.0,"start":0.5,"end":0.5,"start2":0.2,"end2":0.2},{"startTime":6528.0,"endTime":6529.0,"start":0.5,"end":0.5,"start2":0.2,"end2":0.21648999},{"startTime":6529.0,"endTime":6530.0,"start":0.5,"end":0.5,"start2":0.21648999,"end2":0.23263335},{"startTime":6530.0,"endTime":6531.0,"start":0.5,"end":0.5,"start2":0.23263335,"end2":0.24843001},{"startTime":6531.0,"endTime":6532.0,"start":0.5,"end":0.5,"start2":0.24843001,"end2":0.26388},{"startTime":6532.0,"endTime":6533.0,"start":0.5,"end":0.5,"start2":0.26388,"end2":0.27898335},{"startTime":6533.0,"endTime":6534.0,"start":0.5,"end":0.5,"start2":0.27898335,"end2":0.29374},{"startTime":6534.0,"endTime":6535.0,"start":0.5,"end":0.5,"start2":0.29374,"end2":0.30815},{"startTime":6535.0,"endTime":6536.0,"start":0.5,"end":0.5,"start2":0.30815,"end2":0.32221335},{"startTime":6536.0,"endTime":6537.0,"start":0.5,"end":0.5,"start2":0.32221335,"end2":0.33593002},{"startTime":6537.0,"endTime":6538.0,"start":0.5,"end":0.5,"start2":0.33593002,"end2":0.3493},{"startTime":6538.0,"endTime":6539.0,"start":0.5,"end":0.5,"start2":0.3493,"end2":0.36232337},{"startTime":6539.0,"endTime":6540.0,"start":0.5,"end":0.5,"start2":0.36232337,"end2":0.375},{"startTime":6540.0,"endTime":6541.0,"start":0.5,"end":0.5,"start2":0.375,"end2":0.38732332},{"startTime":6541.0,"endTime":6542.0,"start":0.5,"end":0.5,"start2":0.38732332,"end2":0.3993},{"startTime":6542.0,"endTime":6543.0,"start":0.5,"end":0.5,"start2":0.3993,"end2":0.41093004},{"startTime":6543.0,"endTime":6544.0,"start":0.5,"end":0.5,"start2":0.41093004,"end2":0.42221335},{"startTime":6544.0,"endTime":6545.0,"start":0.5,"end":0.5,"start2":0.42221335,"end2":0.43315002},{"startTime":6545.0,"endTime":6546.0,"start":0.5,"end":0.5,"start2":0.43315002,"end2":0.44374},{"startTime":6546.0,"endTime":6547.0,"start":0.5,"end":0.5,"start2":0.44374,"end2":0.45398337},{"startTime":6547.0,"endTime":6548.0,"start":0.5,"end":0.5,"start2":0.45398337,"end2":0.46388003},{"startTime":6548.0,"endTime":6549.0,"start":0.5,"end":0.5,"start2":0.46388003,"end2":0.47343},{"startTime":6549.0,"endTime":6550.0,"start":0.5,"end":0.5,"start2":0.47343,"end2":0.48263338},{"startTime":6550.0,"endTime":6551.0,"start":0.5,"end":0.5,"start2":0.48263338,"end2":0.49149},{"startTime":6551.0,"endTime":6552.0,"start":0.5,"end":0.5,"start2":0.49149,"end2":0.5},{"startTime":6552.0,"endTime":6553.0,"start":0.5,"end":0.5,"start2":0.5,"end2":0.5081567},{"startTime":6553.0,"endTime":6554.0,"start":0.5,"end":0.5,"start2":0.5081567,"end2":0.5159667},{"startTime":6554.0,"endTime":6555.0,"start":0.5,"end":0.5,"start2":0.5159667,"end2":0.52343005},{"startTime":6555.0,"endTime":6556.0,"start":0.5,"end":0.5,"start2":0.52343005,"end2":0.53054667},{"startTime":6556.0,"endTime":6557.0,"start":0.5,"end":0.5,"start2":0.53054667,"end2":0.5373167},{"startTime":6557.0,"endTime":6558.0,"start":0.5,"end":0.5,"start2":0.5373167,"end2":0.54374003},{"startTime":6558.0,"endTime":6559.0,"start":0.5,"end":0.5,"start2":0.54374003,"end2":0.54981667},{"startTime":6559.0,"endTime":6560.0,"start":0.5,"end":0.5,"start2":0.54981667,"end2":0.5555467},{"startTime":6560.0,"endTime":6561.0,"start":0.5,"end":0.5,"start2":0.5555467,"end2":0.56093},{"startTime":6561.0,"endTime":6562.0,"start":0.5,"end":0.5,"start2":0.56093,"end2":0.56596667},{"startTime":6562.0,"endTime":6563.0,"start":0.5,"end":0.5,"start2":0.56596667,"end2":0.5706567},{"startTime":6563.0,"endTime":6564.0,"start":0.5,"end":0.5,"start2":0.5706567,"end2":0.57500005},{"startTime":6564.0,"endTime":6565.0,"start":0.5,"end":0.5,"start2":0.57500005,"end2":0.57899},{"startTime":6565.0,"endTime":6566.0,"start":0.5,"end":0.5,"start2":0.57899,"end2":0.5826334},{"startTime":6566.0,"endTime":6567.0,"start":0.5,"end":0.5,"start2":0.5826334,"end2":0.58593},{"startTime":6567.0,"endTime":6568.0,"start":0.5,"end":0.5,"start2":0.58593,"end2":0.58888},{"startTime":6568.0,"endTime":6569.0,"start":0.5,"end":0.5,"start2":0.58888,"end2":0.59148335},{"startTime":6569.0,"endTime":6570.0,"start":0.5,"end":0.5,"start2":0.59148335,"end2":0.59374},{"startTime":6570.0,"endTime":6571.0,"start":0.5,"end":0.5,"start2":0.59374,"end2":0.59565},{"startTime":6571.0,"endTime":6572.0,"start":0.5,"end":0.5,"start2":0.59565,"end2":0.5972134},{"startTime":6572.0,"endTime":6573.0,"start":0.5,"end":0.5,"start2":0.5972134,"end2":0.59843004},{"startTime":6573.0,"endTime":6574.0,"start":0.5,"end":0.5,"start2":0.59843004,"end2":0.5993},{"startTime":6574.0,"endTime":6575.0,"start":0.5,"end":0.5,"start2":0.5993,"end2":0.59982336},{"startTime":6575.0,"endTime":6576.0,"start":0.5,"end":0.5,"start2":0.59982336,"end2":0.6},{"startTime":6576.0,"endTime":6656.0,"start":0.5,"end":0.5,"start2":0.6,"end2":0.6},{"startTime":6656.0,"endTime":6657.0,"start":0.5,"end":0.5,"start2":0.6,"end2":0.5958775},{"startTime":6657.0,"endTime":6658.0,"start":0.5,"end":0.5,"start2":0.5958775,"end2":0.5918417},{"startTime":6658.0,"endTime":6659.0,"start":0.5,"end":0.5,"start2":0.5918417,"end2":0.58789253},{"startTime":6659.0,"endTime":6660.0,"start":0.5,"end":0.5,"start2":0.58789253,"end2":0.58403003},{"startTime":6660.0,"endTime":6661.0,"start":0.5,"end":0.5,"start2":0.58403003,"end2":0.5802542},{"startTime":6661.0,"endTime":6662.0,"start":0.5,"end":0.5,"start2":0.5802542,"end2":0.576565},{"startTime":6662.0,"endTime":6663.0,"start":0.5,"end":0.5,"start2":0.576565,"end2":0.5729625},{"startTime":6663.0,"endTime":6664.0,"start":0.5,"end":0.5,"start2":0.5729625,"end2":0.5694467},{"startTime":6664.0,"endTime":6665.0,"start":0.5,"end":0.5,"start2":0.5694467,"end2":0.5660175},{"startTime":6665.0,"endTime":6666.0,"start":0.5,"end":0.5,"start2":0.5660175,"end2":0.562675},{"startTime":6666.0,"endTime":6667.0,"start":0.5,"end":0.5,"start2":0.562675,"end2":0.55941916},{"startTime":6667.0,"endTime":6668.0,"start":0.5,"end":0.5,"start2":0.55941916,"end2":0.55625004},{"startTime":6668.0,"endTime":6669.0,"start":0.5,"end":0.5,"start2":0.55625004,"end2":0.5531692},{"startTime":6669.0,"endTime":6670.0,"start":0.5,"end":0.5,"start2":0.5531692,"end2":0.550175},{"startTime":6670.0,"endTime":6671.0,"start":0.5,"end":0.5,"start2":0.550175,"end2":0.5472675},{"startTime":6671.0,"endTime":6672.0,"start":0.5,"end":0.5,"start2":0.5472675,"end2":0.54444665},{"startTime":6672.0,"endTime":6673.0,"start":0.5,"end":0.5,"start2":0.54444665,"end2":0.5417125},{"startTime":6673.0,"endTime":6674.0,"start":0.5,"end":0.5,"start2":0.5417125,"end2":0.539065},{"startTime":6674.0,"endTime":6675.0,"start":0.5,"end":0.5,"start2":0.539065,"end2":0.53650415},{"startTime":6675.0,"endTime":6676.0,"start":0.5,"end":0.5,"start2":0.53650415,"end2":0.53403},{"startTime":6676.0,"endTime":6677.0,"start":0.5,"end":0.5,"start2":0.53403,"end2":0.5316425},{"startTime":6677.0,"endTime":6678.0,"start":0.5,"end":0.5,"start2":0.5316425,"end2":0.5293417},{"startTime":6678.0,"endTime":6679.0,"start":0.5,"end":0.5,"start2":0.5293417,"end2":0.5271275},{"startTime":6679.0,"endTime":6680.0,"start":0.5,"end":0.5,"start2":0.5271275,"end2":0.525},{"startTime":6680.0,"endTime":6681.0,"start":0.5,"end":0.5,"start2":0.525,"end2":0.52296084},{"startTime":6681.0,"endTime":6682.0,"start":0.5,"end":0.5,"start2":0.52296084,"end2":0.5210083},{"startTime":6682.0,"endTime":6683.0,"start":0.5,"end":0.5,"start2":0.5210083,"end2":0.5191425},{"startTime":6683.0,"endTime":6684.0,"start":0.5,"end":0.5,"start2":0.5191425,"end2":0.5173633},{"startTime":6684.0,"endTime":6685.0,"start":0.5,"end":0.5,"start2":0.5173633,"end2":0.51567084},{"startTime":6685.0,"endTime":6686.0,"start":0.5,"end":0.5,"start2":0.51567084,"end2":0.514065},{"startTime":6686.0,"endTime":6687.0,"start":0.5,"end":0.5,"start2":0.514065,"end2":0.5125458},{"startTime":6687.0,"endTime":6688.0,"start":0.5,"end":0.5,"start2":0.5125458,"end2":0.51111335},{"startTime":6688.0,"endTime":6689.0,"start":0.5,"end":0.5,"start2":0.51111335,"end2":0.5097675},{"startTime":6689.0,"endTime":6690.0,"start":0.5,"end":0.5,"start2":0.5097675,"end2":0.5085083},{"startTime":6690.0,"endTime":6691.0,"start":0.5,"end":0.5,"start2":0.5085083,"end2":0.50733584},{"startTime":6691.0,"endTime":6692.0,"start":0.5,"end":0.5,"start2":0.50733584,"end2":0.50625},{"startTime":6692.0,"endTime":6693.0,"start":0.5,"end":0.5,"start2":0.50625,"end2":0.5052525},{"startTime":6693.0,"endTime":6694.0,"start":0.5,"end":0.5,"start2":0.5052525,"end2":0.50434166},{"startTime":6694.0,"endTime":6695.0,"start":0.5,"end":0.5,"start2":0.50434166,"end2":0.5035175},{"startTime":6695.0,"endTime":6696.0,"start":0.5,"end":0.5,"start2":0.5035175,"end2":0.50278},{"startTime":6696.0,"endTime":6697.0,"start":0.5,"end":0.5,"start2":0.50278,"end2":0.50212914},{"startTime":6697.0,"endTime":6698.0,"start":0.5,"end":0.5,"start2":0.50212914,"end2":0.501565},{"startTime":6698.0,"endTime":6699.0,"start":0.5,"end":0.5,"start2":0.501565,"end2":0.5010875},{"startTime":6699.0,"endTime":6700.0,"start":0.5,"end":0.5,"start2":0.5010875,"end2":0.50069666},{"startTime":6700.0,"endTime":6701.0,"start":0.5,"end":0.5,"start2":0.50069666,"end2":0.5003925},{"startTime":6701.0,"endTime":6702.0,"start":0.5,"end":0.5,"start2":0.5003925,"end2":0.500175},{"startTime":6702.0,"endTime":6703.0,"start":0.5,"end":0.5,"start2":0.500175,"end2":0.50004417},{"startTime":6703.0,"endTime":6704.0,"start":0.5,"end":0.5,"start2":0.50004417,"end2":0.5},{"startTime":6704.0,"endTime":7264.0,"start":0.5,"end":0.5,"start2":0.5,"end2":0.5},{"startTime":7264.0,"endTime":7265.0,"start":0.5,"end":0.5,"start2":0.5,"end2":0.47539502},{"startTime":7265.0,"endTime":7266.0,"start":0.5,"end":0.5,"start2":0.47539502,"end2":0.45157},{"startTime":7266.0,"endTime":7267.0,"start":0.5,"end":0.5,"start2":0.45157,"end2":0.428525},{"startTime":7267.0,"endTime":7268.0,"start":0.5,"end":0.5,"start2":0.428525,"end2":0.40626},{"startTime":7268.0,"endTime":7269.0,"start":0.5,"end":0.5,"start2":0.40626,"end2":0.38477498},{"startTime":7269.0,"endTime":7270.0,"start":0.5,"end":0.5,"start2":0.38477498,"end2":0.36407},{"startTime":7270.0,"endTime":7271.0,"start":0.5,"end":0.5,"start2":0.36407,"end2":0.34414497},{"startTime":7271.0,"endTime":7272.0,"start":0.5,"end":0.5,"start2":0.34414497,"end2":0.325},{"startTime":7272.0,"endTime":7273.0,"start":0.5,"end":0.5,"start2":0.325,"end2":0.306645},{"startTime":7273.0,"endTime":7274.0,"start":0.5,"end":0.5,"start2":0.306645,"end2":0.28906998},{"startTime":7274.0,"endTime":7275.0,"start":0.5,"end":0.5,"start2":0.28906998,"end2":0.272275},{"startTime":7275.0,"endTime":7276.0,"start":0.5,"end":0.5,"start2":0.272275,"end2":0.25626},{"startTime":7276.0,"endTime":7277.0,"start":0.5,"end":0.5,"start2":0.25626,"end2":0.241025},{"startTime":7277.0,"endTime":7278.0,"start":0.5,"end":0.5,"start2":0.241025,"end2":0.22657001},{"startTime":7278.0,"endTime":7279.0,"start":0.5,"end":0.5,"start2":0.22657001,"end2":0.212895},{"startTime":7279.0,"endTime":7280.0,"start":0.5,"end":0.5,"start2":0.212895,"end2":0.2},{"startTime":7280.0,"endTime":7281.0,"start":0.5,"end":0.5,"start2":0.2,"end2":0.18789501},{"startTime":7281.0,"endTime":7282.0,"start":0.5,"end":0.5,"start2":0.18789501,"end2":0.17656998},{"startTime":7282.0,"endTime":7283.0,"start":0.5,"end":0.5,"start2":0.17656998,"end2":0.166025},{"startTime":7283.0,"endTime":7284.0,"start":0.5,"end":0.5,"start2":0.166025,"end2":0.15626001},{"startTime":7284.0,"endTime":7285.0,"start":0.5,"end":0.5,"start2":0.15626001,"end2":0.147275},{"startTime":7285.0,"endTime":7286.0,"start":0.5,"end":0.5,"start2":0.147275,"end2":0.13906999},{"startTime":7286.0,"endTime":7287.0,"start":0.5,"end":0.5,"start2":0.13906999,"end2":0.13164501},{"startTime":7287.0,"endTime":7288.0,"start":0.5,"end":0.5,"start2":0.13164501,"end2":0.125},{"startTime":7288.0,"endTime":7289.0,"start":0.5,"end":0.5,"start2":0.125,"end2":0.11914499},{"startTime":7289.0,"endTime":7290.0,"start":0.5,"end":0.5,"start2":0.11914499,"end2":0.11407001},{"startTime":7290.0,"endTime":7291.0,"start":0.5,"end":0.5,"start2":0.11407001,"end2":0.109775},{"startTime":7291.0,"endTime":7292.0,"start":0.5,"end":0.5,"start2":0.109775,"end2":0.10626002},{"startTime":7292.0,"endTime":7293.0,"start":0.5,"end":0.5,"start2":0.10626002,"end2":0.103525},{"startTime":7293.0,"endTime":7294.0,"start":0.5,"end":0.5,"start2":0.103525,"end2":0.10156999},{"startTime":7294.0,"endTime":7295.0,"start":0.5,"end":0.5,"start2":0.10156999,"end2":0.10039499},{"startTime":7295.0,"endTime":7296.0,"start":0.5,"end":0.5,"start2":0.10039499,"end2":0.1},{"startTime":7296.0,"endTime":1000000000.0,"start":0.5,"end":0.5,"start2":0.1,"end2":0.1}],"judgeLineRotateEvents":[{"startTime":-999999.0,"endTime":6784.0,"start":0.0,"end":0.0},{"startTime":6784.0,"endTime":6792.0,"start":0.0,"end":0.35549998},{"startTime":6792.0,"endTime":6800.0,"start":0.35549998,"end":1.413},{"startTime":6800.0,"endTime":6808.0,"start":1.413,"end":3.1725001},{"startTime":6808.0,"endTime":6816.0,"start":3.1725001,"end":5.6340003},{"startTime":6816.0,"endTime":6824.0,"start":5.6340003,"end":8.7975},{"startTime":6824.0,"endTime":6832.0,"start":8.7975,"end":12.663},{"startTime":6832.0,"endTime":6840.0,"start":12.663,"end":17.2305},{"startTime":6840.0,"endTime":6848.0,"start":17.2305,"end":22.5},{"startTime":6848.0,"endTime":6856.0,"start":22.5,"end":28.4805},{"startTime":6856.0,"endTime":6864.0,"start":28.4805,"end":35.163002},{"startTime":6864.0,"endTime":6872.0,"start":35.163002,"end":42.5475},{"startTime":6872.0,"endTime":6880.0,"start":42.5475,"end":50.634003},{"startTime":6880.0,"endTime":6888.0,"start":50.634003,"end":59.4225},{"startTime":6888.0,"endTime":6896.0,"start":59.4225,"end":68.913},{"startTime":6896.0,"endTime":6904.0,"start":68.913,"end":79.1055},{"startTime":6904.0,"endTime":6912.0,"start":79.1055,"end":90.0},{"startTime":6912.0,"endTime":6920.0,"start":90.0,"end":101.60549},{"startTime":6920.0,"endTime":6928.0,"start":101.60549,"end":113.913},{"startTime":6928.0,"endTime":6936.0,"start":113.913,"end":126.92249},{"startTime":6936.0,"endTime":6944.0,"start":126.92249,"end":140.634},{"startTime":6944.0,"endTime":6952.0,"start":140.634,"end":155.0475},{"startTime":6952.0,"endTime":6960.0,"start":155.0475,"end":170.163},{"startTime":6960.0,"endTime":6968.0,"start":170.163,"end":185.98051},{"startTime":6968.0,"endTime":6976.0,"start":185.98051,"end":202.5},{"startTime":6976.0,"endTime":6984.0,"start":202.5,"end":219.73047},{"startTime":6984.0,"endTime":6992.0,"start":219.73047,"end":237.663},{"startTime":6992.0,"endTime":7000.0,"start":237.663,"end":256.2975},{"startTime":7000.0,"endTime":7008.0,"start":256.2975,"end":275.634},{"startTime":7008.0,"endTime":7016.0,"start":275.634,"end":295.6725},{"startTime":7016.0,"endTime":7024.0,"start":295.6725,"end":316.413},{"startTime":7024.0,"endTime":7032.0,"start":316.413,"end":337.8555},{"startTime":7032.0,"endTime":7040.0,"start":337.8555,"end":360.0},{"startTime":7040.0,"endTime":7168.0,"start":360.0,"end":720.0},{"startTime":7168.0,"endTime":1000000000.0,"start":720.0,"end":720.0}],"judgeLineDisappearEvents":[{"startTime":-999999.0,"endTime":4220.0,"start":0.0,"end":0.0},{"startTime":4220.0,"endTime":4221.0,"start":0.0,"end":0.4375},{"startTime":4221.0,"endTime":4222.0,"start":0.4375,"end":0.75},{"startTime":4222.0,"endTime":4223.0,"start":0.75,"end":0.9375},{"startTime":4223.0,"endTime":4224.0,"start":0.9375,"end":1.0},{"startTime":4224.0,"endTime":7264.0,"start":1.0,"end":1.0},{"startTime":7264.0,"endTime":7265.0,"start":1.0,"end":0.9990125},{"startTime":7265.0,"endTime":7266.0,"start":0.9990125,"end":0.996075},{"startTime":7266.0,"endTime":7267.0,"start":0.996075,"end":0.9911875},{"startTime":7267.0,"endTime":7268.0,"start":0.9911875,"end":0.98435},{"startTime":7268.0,"endTime":7269.0,"start":0.98435,"end":0.9755625},{"startTime":7269.0,"endTime":7270.0,"start":0.9755625,"end":0.964825},{"startTime":7270.0,"endTime":7271.0,"start":0.964825,"end":0.9521375},{"startTime":7271.0,"endTime":7272.0,"start":0.9521375,"end":0.9375},{"startTime":7272.0,"endTime":7273.0,"start":0.9375,"end":0.9208875},{"startTime":7273.0,"endTime":7274.0,"start":0.9208875,"end":0.902325},{"startTime":7274.0,"endTime":7275.0,"start":0.902325,"end":0.8818125},{"startTime":7275.0,"endTime":7276.0,"start":0.8818125,"end":0.85934997},{"startTime":7276.0,"endTime":7277.0,"start":0.85934997,"end":0.8349375},{"startTime":7277.0,"endTime":7278.0,"start":0.8349375,"end":0.80857503},{"startTime":7278.0,"endTime":7279.0,"start":0.80857503,"end":0.7802625},{"startTime":7279.0,"endTime":7280.0,"start":0.7802625,"end":0.75},{"startTime":7280.0,"endTime":7281.0,"start":0.75,"end":0.71776253},{"startTime":7281.0,"endTime":7282.0,"start":0.71776253,"end":0.68357503},{"startTime":7282.0,"endTime":7283.0,"start":0.68357503,"end":0.6474375},{"startTime":7283.0,"endTime":7284.0,"start":0.6474375,"end":0.60934997},{"startTime":7284.0,"endTime":7285.0,"start":0.60934997,"end":0.56931245},{"startTime":7285.0,"endTime":7286.0,"start":0.56931245,"end":0.52732503},{"startTime":7286.0,"endTime":7287.0,"start":0.52732503,"end":0.48338747},{"startTime":7287.0,"endTime":7288.0,"start":0.48338747,"end":0.4375},{"startTime":7288.0,"endTime":7289.0,"start":0.4375,"end":0.3896376},{"startTime":7289.0,"endTime":7290.0,"start":0.3896376,"end":0.33982503},{"startTime":7290.0,"endTime":7291.0,"start":0.33982503,"end":0.2880625},{"startTime":7291.0,"endTime":7292.0,"start":0.2880625,"end":0.23434997},{"startTime":7292.0,"endTime":7293.0,"start":0.23434997,"end":0.17868751},{"startTime":7293.0,"endTime":7294.0,"start":0.17868751,"end":0.121075034},{"startTime":7294.0,"endTime":7295.0,"start":0.121075034,"end":0.06151247},{"startTime":7295.0,"endTime":7296.0,"start":0.06151247,"end":0.0},{"startTime":7296.0,"endTime":1000000000.0,"start":0.0,"end":0.0}]}]}