{"formatVersion":1,"offset":0.0,"judgeLineList":[{"bpm":175.0,"notesAbove":[{"type":2,"time":128,"positionX":-4.0,"holdTime":0.0,"speed":1.0,"floorPosition":1.3714286},{"type":2,"time":160,"positionX":0.0,"holdTime":0.0,"speed":1.0,"floorPosition":1.7142857},{"type":3,"time":224,"positionX":3.0,"holdTime":64.0,"speed":1.0,"floorPosition":2.4},{"type":2,"time":320,"positionX":-4.0,"holdTime":0.0,"speed":1.0,"floorPosition":3.4285715},{"type":2,"time":352,"positionX":0.0,"holdTime":0.0,"speed":1.0,"floorPosition":3.7714286},{"type":2,"time":640,"positionX":-4.0,"holdTime":0.0,"speed":1.0,"floorPosition":6.857143},{"type":2,"time":672,"positionX":1.0,"holdTime":0.0,"speed":1.0,"floorPosition":7.2},{"type":3,"time":736,"positionX":-2.0,"holdTime":64.0,"speed":1.0,"floorPosition":7.885714},{"type":2,"time":1088,"positionX":1.0,"holdTime":0.0,"speed":1.0,"floorPosition":11.657143},{"type":2,"time":1120,"positionX":-2.0,"holdTime":0.0,"speed":1.0,"floorPosition":12.0},{"type":2,"time":1152,"positionX":2.0,"holdTime":0.0,"speed":1.0,"floorPosition":12.342857},{"type":2,"time":1184,"positionX":-1.0,"holdTime":0.0,"speed":1.0,"floorPosition":12.685715},{"type":3,"time":1248,"positionX":-1.0,"holdTime":64.0,"speed":1.0,"floorPosition":13.3714285},{"type":2,"time":1600,"positionX":1.0,"holdTime":0.0,"speed":1.0,"floorPosition":17.142857},{"type":2,"time":1632,"positionX":-2.0,"holdTime":0.0,"speed":1.0,"floorPosition":17.485714},{"type":2,"time":1664,"positionX":3.0,"holdTime":0.0,"speed":1.0,"floorPosition":17.828571},{"type":2,"time":1696,"positionX":0.0,"holdTime":0.0,"speed":1.0,"floorPosition":18.171429},{"type":3,"time":1760,"positionX":1.0,"holdTime":64.0,"speed":1.0,"floorPosition":18.857143},{"type":2,"time":1856,"positionX":4.0,"holdTime":0.0,"speed":1.0,"floorPosition":19.885714},{"type":2,"time":1888,"positionX":0.0,"holdTime":0.0,"speed":1.0,"floorPosition":20.22857},{"type":1,"time":9344,"positionX":-1.0,"holdTime":0.0,"speed":1.0,"floorPosition":147.05037},{"type":1,"time":9600,"positionX":2.0,"holdTime":0.0,"speed":1.0,"floorPosition":151.16466},{"type":1,"time":9856,"positionX":-3.0,"holdTime":0.0,"speed":1.0,"floorPosition":155.27895},{"type":1,"time":10112,"positionX":0.0,"holdTime":0.0,"speed":1.0,"floorPosition":159.39323}],"notesBelow":[{"type":2,"time":384,"positionX":5.0,"holdTime":0.0,"speed":1.0,"floorPosition":4.114286},{"type":2,"time":416,"positionX":1.0,"holdTime":0.0,"speed":1.0,"floorPosition":4.457143},{"type":3,"time":480,"positionX":4.0,"holdTime":64.0,"speed":1.0,"floorPosition":5.142857},{"type":2,"time":576,"positionX":4.0,"holdTime":0.0,"speed":1.0,"floorPosition":6.1714287},{"type":2,"time":608,"positionX":-1.0,"holdTime":0.0,"speed":1.0,"floorPosition":6.5142856},{"type":2,"time":832,"positionX":3.0,"holdTime":0.0,"speed":1.0,"floorPosition":8.914286},{"type":2,"time":864,"positionX":1.0,"holdTime":0.0,"speed":1.0,"floorPosition":9.257143},{"type":2,"time":896,"positionX":-1.0,"holdTime":0.0,"speed":1.0,"floorPosition":9.6},{"type":2,"time":928,"positionX":3.0,"holdTime":0.0,"speed":1.0,"floorPosition":9.942857},{"type":3,"time":992,"positionX":0.0,"holdTime":64.0,"speed":1.0,"floorPosition":10.6285715},{"type":2,"time":1344,"positionX":-2.0,"holdTime":0.0,"speed":1.0,"floorPosition":14.4},{"type":2,"time":1376,"positionX":0.0,"holdTime":0.0,"speed":1.0,"floorPosition":14.742857},{"type":2,"time":1408,"positionX":2.0,"holdTime":0.0,"speed":1.0,"floorPosition":15.085714},{"type":2,"time":1440,"positionX":0.0,"holdTime":0.0,"speed":1.0,"floorPosition":15.428572},{"type":3,"time":1504,"positionX":-1.0,"holdTime":64.0,"speed":1.0,"floorPosition":16.114286},{"type":2,"time":1920,"positionX":-4.0,"holdTime":0.0,"speed":1.0,"floorPosition":20.571428},{"type":2,"time":1952,"positionX":-1.0,"holdTime":0.0,"speed":1.0,"floorPosition":20.914286},{"type":3,"time":2016,"positionX":-3.0,"holdTime":64.0,"speed":1.0,"floorPosition":21.6},{"type":2,"time":2112,"positionX":-1.0,"holdTime":0.0,"speed":1.0,"floorPosition":22.62857},{"type":2,"time":2144,"positionX":1.0,"holdTime":0.0,"speed":1.0,"floorPosition":22.971428},{"type":3,"time":2176,"positionX":3.0,"holdTime":96.0,"speed":1.1,"floorPosition":23.314285},{"type":2,"time":2176,"positionX":-2.0,"holdTime":0.0,"speed":1.0,"floorPosition":23.314285},{"type":2,"time":2208,"positionX":-4.0,"holdTime":0.0,"speed":1.0,"floorPosition":23.691427},{"type":2,"time":2272,"positionX":-4.0,"holdTime":0.0,"speed":1.0,"floorPosition":24.445713},{"type":3,"time":2304,"positionX":3.0,"holdTime":48.0,"speed":1.1,"floorPosition":24.822857},{"type":2,"time":2368,"positionX":-4.0,"holdTime":0.0,"speed":1.0,"floorPosition":25.577143},{"type":3,"time":2384,"positionX":3.0,"holdTime":16.0,"speed":1.1,"floorPosition":25.765715},{"type":2,"time":2400,"positionX":-1.0,"holdTime":0.0,"speed":1.0,"floorPosition":25.954285},{"type":3,"time":2432,"positionX":-3.0,"holdTime":96.0,"speed":1.3,"floorPosition":26.331429},{"type":2,"time":2432,"positionX":5.0,"holdTime":0.0,"speed":1.0,"floorPosition":26.331429},{"type":2,"time":2464,"positionX":3.0,"holdTime":0.0,"speed":1.0,"floorPosition":26.777143},{"type":2,"time":2528,"positionX":3.0,"holdTime":0.0,"speed":1.0,"floorPosition":27.668571},{"type":3,"time":2560,"positionX":-3.0,"holdTime":48.0,"speed":1.3,"floorPosition":28.114286},{"type":2,"time":2624,"positionX":3.0,"holdTime":0.0,"speed":1.0,"floorPosition":29.005714},{"type":3,"time":2640,"positionX":-3.0,"holdTime":16.0,"speed":1.3,"floorPosition":29.22857},{"type":2,"time":2656,"positionX":5.0,"holdTime":0.0,"speed":1.0,"floorPosition":29.451427},{"type":3,"time":2688,"positionX":5.0,"holdTime":96.0,"speed":1.5,"floorPosition":29.897142},{"type":2,"time":2688,"positionX":-4.0,"holdTime":0.0,"speed":1.0,"floorPosition":29.897142},{"type":2,"time":2720,"positionX":-1.0,"holdTime":0.0,"speed":1.0,"floorPosition":30.411428},{"type":2,"time":2784,"positionX":-1.0,"holdTime":0.0,"speed":1.0,"floorPosition":31.439999},{"type":3,"time":2816,"positionX":5.0,"holdTime":48.0,"speed":1.5,"floorPosition":31.954285},{"type":2,"time":2880,"positionX":-4.0,"holdTime":0.0,"speed":1.0,"floorPosition":32.982857},{"type":3,"time":2896,"positionX":5.0,"holdTime":16.0,"speed":1.5,"floorPosition":33.239998},{"type":2,"time":2912,"positionX":-1.0,"holdTime":0.0,"speed":1.0,"floorPosition":33.497143},{"type":3,"time":2944,"positionX":-2.0,"holdTime":96.0,"speed":1.5,"floorPosition":34.01143},{"type":2,"time":2944,"positionX":5.0,"holdTime":0.0,"speed":1.0,"floorPosition":34.01143},{"type":2,"time":2976,"positionX":3.0,"holdTime":0.0,"speed":1.0,"floorPosition":34.525715},{"type":2,"time":3040,"positionX":3.0,"holdTime":0.0,"speed":1.0,"floorPosition":35.554287},{"type":3,"time":3072,"positionX":-2.0,"holdTime":48.0,"speed":1.5,"floorPosition":36.06857},{"type":3,"time":3152,"positionX":-2.0,"holdTime":16.0,"speed":1.5,"floorPosition":37.354286},{"type":1,"time":3200,"positionX":3.0,"holdTime":0.0,"speed":1.0,"floorPosition":38.125713},{"type":1,"time":3232,"positionX":-3.0,"holdTime":0.0,"speed":1.0,"floorPosition":38.64},{"type":3,"time":3232,"positionX":3.0,"holdTime":32.0,"speed":1.5,"floorPosition":38.64},{"type":1,"time":3280,"positionX":-1.0,"holdTime":0.0,"speed":1.0,"floorPosition":39.411427},{"type":1,"time":3296,"positionX":5.0,"holdTime":0.0,"speed":1.0,"floorPosition":39.66857},{"type":1,"time":3328,"positionX":-3.0,"holdTime":0.0,"speed":1.0,"floorPosition":40.182858},{"type":3,"time":3360,"positionX":-3.0,"holdTime":32.0,"speed":1.5,"floorPosition":40.697144},{"type":1,"time":3360,"positionX":3.0,"holdTime":0.0,"speed":1.0,"floorPosition":40.697144},{"type":1,"time":3408,"positionX":1.0,"holdTime":0.0,"speed":1.0,"floorPosition":41.46857},{"type":1,"time":3424,"positionX":-5.0,"holdTime":0.0,"speed":1.0,"floorPosition":41.725716},{"type":1,"time":3456,"positionX":3.0,"holdTime":0.0,"speed":1.0,"floorPosition":42.239998},{"type":1,"time":3488,"positionX":-3.0,"holdTime":0.0,"speed":1.0,"floorPosition":42.754284},{"type":3,"time":3488,"positionX":3.0,"holdTime":32.0,"speed":1.5,"floorPosition":42.754284},{"type":1,"time":3536,"positionX":-1.0,"holdTime":0.0,"speed":1.0,"floorPosition":43.525715},{"type":1,"time":3552,"positionX":5.0,"holdTime":0.0,"speed":1.0,"floorPosition":43.782856},{"type":1,"time":3584,"positionX":-3.0,"holdTime":0.0,"speed":1.0,"floorPosition":44.297142},{"type":1,"time":3616,"positionX":3.0,"holdTime":0.0,"speed":1.0,"floorPosition":44.811428},{"type":3,"time":3616,"positionX":-3.0,"holdTime":32.0,"speed":1.5,"floorPosition":44.811428},{"type":1,"time":3664,"positionX":1.0,"holdTime":0.0,"speed":1.0,"floorPosition":45.582855},{"type":1,"time":3680,"positionX":-5.0,"holdTime":0.0,"speed":1.0,"floorPosition":45.84},{"type":1,"time":3712,"positionX":4.0,"holdTime":0.0,"speed":1.0,"floorPosition":46.354286},{"type":3,"time":3712,"positionX":-4.0,"holdTime":16.0,"speed":1.5,"floorPosition":46.354286},{"type":1,"time":3744,"positionX":2.0,"holdTime":0.0,"speed":1.0,"floorPosition":46.868572},{"type":1,"time":3776,"positionX":-4.0,"holdTime":0.0,"speed":1.0,"floorPosition":47.38286},{"type":3,"time":3776,"positionX":4.0,"holdTime":16.0,"speed":1.5,"floorPosition":47.38286},{"type":1,"time":3808,"positionX":-2.0,"holdTime":0.0,"speed":1.0,"floorPosition":47.89714},{"type":1,"time":3840,"positionX":0.0,"holdTime":0.0,"speed":1.0,"floorPosition":48.411427},{"type":1,"time":3840,"positionX":4.0,"holdTime":0.0,"speed":1.0,"floorPosition":48.411427},{"type":1,"time":3872,"positionX":4.0,"holdTime":0.0,"speed":1.0,"floorPosition":48.925713},{"type":1,"time":3904,"positionX":-4.0,"holdTime":0.0,"speed":1.0,"floorPosition":49.44},{"type":1,"time":3904,"positionX":0.0,"holdTime":0.0,"speed":1.0,"floorPosition":49.44},{"type":1,"time":3936,"positionX":-4.0,"holdTime":0.0,"speed":1.0,"floorPosition":49.954285},{"type":1,"time":3968,"positionX":4.0,"holdTime":0.0,"speed":1.0,"floorPosition":50.46857},{"type":1,"time":3984,"positionX":-4.0,"holdTime":0.0,"speed":1.0,"floorPosition":50.725716},{"type":1,"time":4000,"positionX":3.0,"holdTime":0.0,"speed":1.0,"floorPosition":50.982857},{"type":1,"time":4016,"positionX":-2.0,"holdTime":0.0,"speed":1.0,"floorPosition":51.239998},{"type":1,"time":4032,"positionX":2.0,"holdTime":0.0,"speed":1.0,"floorPosition":51.497143},{"type":1,"time":4048,"positionX":-2.0,"holdTime":0.0,"speed":1.0,"floorPosition":51.754284},{"type":1,"time":4064,"positionX":2.0,"holdTime":0.0,"speed":1.0,"floorPosition":52.01143},{"type":1,"time":4080,"positionX":-2.0,"holdTime":0.0,"speed":1.0,"floorPosition":52.26857},{"type":1,"time":4096,"positionX":2.0,"holdTime":0.0,"speed":1.0,"floorPosition":52.525715},{"type":2,"time":4104,"positionX":1.4300728,"holdTime":0.0,"speed":1.0,"floorPosition":52.654285},{"type":2,"time":4112,"positionX":0.7290554,"holdTime":0.0,"speed":1.0,"floorPosition":52.782856},{"type":2,"time":4120,"positionX":0.014019012,"holdTime":0.0,"speed":1.0,"floorPosition":52.911427},{"type":2,"time":4128,"positionX":-0.5608158,"holdTime":0.0,"speed":1.0,"floorPosition":53.04},{"type":2,"time":4136,"positionX":-1.2057495,"holdTime":0.0,"speed":1.0,"floorPosition":53.16857},{"type":2,"time":4144,"positionX":-1.7946053,"holdTime":0.0,"speed":1.0,"floorPosition":53.297142},{"type":2,"time":4152,"positionX":-2.439537,"holdTime":0.0,"speed":1.0,"floorPosition":53.425713},{"type":4,"time":4160,"positionX":-2.972313,"holdTime":0.0,"speed":1.0,"floorPosition":53.554287},{"type":1,"time":4224,"positionX":3.0,"holdTime":0.0,"speed":1.0,"floorPosition":64.764656},{"type":3,"time":4224,"positionX":-3.0,"holdTime":32.0,"speed":1.5,"floorPosition":64.764656},{"type":3,"time":4256,"positionX":5.0,"holdTime":32.0,"speed":1.5,"floorPosition":65.27894},{"type":1,"time":4304,"positionX":-3.0,"holdTime":0.0,"speed":1.0,"floorPosition":66.05037},{"type":1,"time":4320,"positionX":2.0,"holdTime":0.0,"speed":1.0,"floorPosition":66.30751},{"type":1,"time":4352,"positionX":5.0,"holdTime":0.0,"speed":1.0,"floorPosition":66.8218},{"type":3,"time":4352,"positionX":-3.0,"holdTime":32.0,"speed":1.5,"floorPosition":66.8218},{"type":3,"time":4384,"positionX":3.0,"holdTime":32.0,"speed":1.5,"floorPosition":67.33608},{"type":1,"time":4432,"positionX":-4.0,"holdTime":0.0,"speed":1.0,"floorPosition":68.10751},{"type":1,"time":4448,"positionX":3.0,"holdTime":0.0,"speed":1.0,"floorPosition":68.364655},{"type":1,"time":4464,"positionX":-2.0,"holdTime":0.0,"speed":1.0,"floorPosition":68.621796},{"type":3,"time":4480,"positionX":3.0,"holdTime":32.0,"speed":1.5,"floorPosition":68.878944},{"type":3,"time":4512,"positionX":-4.0,"holdTime":32.0,"speed":1.5,"floorPosition":69.39323},{"type":1,"time":4560,"positionX":4.0,"holdTime":0.0,"speed":1.0,"floorPosition":70.16466},{"type":1,"time":4576,"positionX":-3.0,"holdTime":0.0,"speed":1.0,"floorPosition":70.4218},{"type":1,"time":4592,"positionX":2.0,"holdTime":0.0,"speed":1.0,"floorPosition":70.67894},{"type":3,"time":4608,"positionX":-4.0,"holdTime":32.0,"speed":1.5,"floorPosition":70.93608},{"type":1,"time":4640,"positionX":4.0,"holdTime":0.0,"speed":1.0,"floorPosition":71.45037},{"type":2,"time":4672,"positionX":0.0,"holdTime":0.0,"speed":1.0,"floorPosition":71.96465},{"type":3,"time":4672,"positionX":0.0,"holdTime":32.0,"speed":1.5,"floorPosition":71.96465},{"type":2,"time":4677,"positionX":0.0,"holdTime":0.0,"speed":1.0,"floorPosition":72.04501},{"type":2,"time":4683,"positionX":0.0,"holdTime":0.0,"speed":1.0,"floorPosition":72.14144},{"type":2,"time":4688,"positionX":0.0,"holdTime":0.0,"speed":1.0,"floorPosition":72.2218},{"type":2,"time":4693,"positionX":0.0,"holdTime":0.0,"speed":1.0,"floorPosition":72.302155},{"type":2,"time":4699,"positionX":0.0,"holdTime":0.0,"speed":1.0,"floorPosition":72.39858},{"type":3,"time":4736,"positionX":4.0,"holdTime":32.0,"speed":1.5,"floorPosition":72.993225},{"type":1,"time":4736,"positionX":-2.0,"holdTime":0.0,"speed":1.0,"floorPosition":72.993225},{"type":3,"time":4768,"positionX":-4.0,"holdTime":32.0,"speed":1.5,"floorPosition":73.507515},{"type":1,"time":4816,"positionX":4.0,"holdTime":0.0,"speed":1.0,"floorPosition":74.27894},{"type":1,"time":4832,"positionX":-1.0,"holdTime":0.0,"speed":1.0,"floorPosition":74.53609},{"type":1,"time":4864,"positionX":-4.0,"holdTime":0.0,"speed":1.0,"floorPosition":75.05037},{"type":3,"time":4864,"positionX":4.0,"holdTime":32.0,"speed":1.5,"floorPosition":75.05037},{"type":3,"time":4896,"positionX":-2.0,"holdTime":32.0,"speed":1.5,"floorPosition":75.56466},{"type":1,"time":4944,"positionX":5.0,"holdTime":0.0,"speed":1.0,"floorPosition":76.33608},{"type":1,"time":4960,"positionX":-2.0,"holdTime":0.0,"speed":1.0,"floorPosition":76.59323},{"type":1,"time":4976,"positionX":3.0,"holdTime":0.0,"speed":1.0,"floorPosition":76.85037},{"type":3,"time":4992,"positionX":-3.0,"holdTime":32.0,"speed":1.5,"floorPosition":77.10751},{"type":2,"time":5024,"positionX":-3.0,"holdTime":0.0,"speed":1.0,"floorPosition":77.621796},{"type":2,"time":5032,"positionX":-2.2572746,"holdTime":0.0,"speed":1.0,"floorPosition":77.750374},{"type":2,"time":5040,"positionX":-1.59832,"holdTime":0.0,"speed":1.0,"floorPosition":77.878944},{"type":2,"time":5048,"positionX":-0.7290592,"holdTime":0.0,"speed":1.0,"floorPosition":78.007515},{"type":3,"time":5088,"positionX":3.0,"holdTime":32.0,"speed":1.5,"floorPosition":78.65037},{"type":2,"time":5120,"positionX":3.0,"holdTime":0.0,"speed":1.0,"floorPosition":79.16466},{"type":2,"time":5128,"positionX":2.1310883,"holdTime":0.0,"speed":1.0,"floorPosition":79.29323},{"type":2,"time":5136,"positionX":1.373991,"holdTime":0.0,"speed":1.0,"floorPosition":79.4218},{"type":2,"time":5144,"positionX":0.68699455,"holdTime":0.0,"speed":1.0,"floorPosition":79.55037},{"type":2,"time":5184,"positionX":0.0,"holdTime":0.0,"speed":1.0,"floorPosition":80.19323},{"type":2,"time":5200,"positionX":0.0,"holdTime":0.0,"speed":1.0,"floorPosition":80.45037},{"type":2,"time":5216,"positionX":0.0,"holdTime":0.0,"speed":1.0,"floorPosition":80.70751},{"type":2,"time":5232,"positionX":0.0,"holdTime":0.0,"speed":1.0,"floorPosition":80.96465},{"type":3,"time":5248,"positionX":-3.0,"holdTime":32.0,"speed":1.5,"floorPosition":81.2218},{"type":3,"time":5280,"positionX":5.0,"holdTime":32.0,"speed":1.5,"floorPosition":81.736084},{"type":1,"time":5328,"positionX":-3.0,"holdTime":0.0,"speed":1.0,"floorPosition":82.507515},{"type":1,"time":5344,"positionX":2.0,"holdTime":0.0,"speed":1.0,"floorPosition":82.764656},{"type":3,"time":5376,"positionX":-3.0,"holdTime":32.0,"speed":1.5,"floorPosition":83.27894},{"type":1,"time":5376,"positionX":5.0,"holdTime":0.0,"speed":1.0,"floorPosition":83.27894},{"type":3,"time":5408,"positionX":3.0,"holdTime":32.0,"speed":1.5,"floorPosition":83.79323},{"type":1,"time":5456,"positionX":-4.0,"holdTime":0.0,"speed":1.0,"floorPosition":84.56466},{"type":1,"time":5472,"positionX":3.0,"holdTime":0.0,"speed":1.0,"floorPosition":84.8218},{"type":1,"time":5488,"positionX":-2.0,"holdTime":0.0,"speed":1.0,"floorPosition":85.07894},{"type":3,"time":5504,"positionX":3.0,"holdTime":32.0,"speed":1.5,"floorPosition":85.33608},{"type":3,"time":5536,"positionX":-4.0,"holdTime":32.0,"speed":1.5,"floorPosition":85.85037},{"type":1,"time":5584,"positionX":4.0,"holdTime":0.0,"speed":1.0,"floorPosition":86.621796},{"type":1,"time":5600,"positionX":-3.0,"holdTime":0.0,"speed":1.0,"floorPosition":86.878944},{"type":1,"time":5616,"positionX":2.0,"holdTime":0.0,"speed":1.0,"floorPosition":87.136086},{"type":3,"time":5632,"positionX":-3.0,"holdTime":32.0,"speed":1.5,"floorPosition":87.39323},{"type":1,"time":5664,"positionX":4.0,"holdTime":0.0,"speed":1.0,"floorPosition":87.90752},{"type":3,"time":5696,"positionX":0.0,"holdTime":32.0,"speed":1.5,"floorPosition":88.4218},{"type":2,"time":5701,"positionX":0.0,"holdTime":0.0,"speed":1.0,"floorPosition":88.50216},{"type":2,"time":5707,"positionX":0.0,"holdTime":0.0,"speed":1.0,"floorPosition":88.59859},{"type":2,"time":5712,"positionX":0.0,"holdTime":0.0,"speed":1.0,"floorPosition":88.67894},{"type":2,"time":5717,"positionX":0.0,"holdTime":0.0,"speed":1.0,"floorPosition":88.7593},{"type":2,"time":5723,"positionX":0.0,"holdTime":0.0,"speed":1.0,"floorPosition":88.85573},{"type":2,"time":5728,"positionX":0.0,"holdTime":0.0,"speed":1.0,"floorPosition":88.93608},{"type":3,"time":5760,"positionX":4.0,"holdTime":32.0,"speed":1.5,"floorPosition":89.45037},{"type":1,"time":5760,"positionX":-2.0,"holdTime":0.0,"speed":1.0,"floorPosition":89.45037},{"type":3,"time":5792,"positionX":-4.0,"holdTime":32.0,"speed":1.5,"floorPosition":89.96465},{"type":1,"time":5840,"positionX":4.0,"holdTime":0.0,"speed":1.0,"floorPosition":90.736084},{"type":1,"time":5856,"positionX":-1.0,"holdTime":0.0,"speed":1.0,"floorPosition":90.993225},{"type":1,"time":5888,"positionX":-4.0,"holdTime":0.0,"speed":1.0,"floorPosition":91.507515},{"type":3,"time":5888,"positionX":4.0,"holdTime":32.0,"speed":1.5,"floorPosition":91.507515},{"type":3,"time":5920,"positionX":-2.0,"holdTime":32.0,"speed":1.5,"floorPosition":92.0218},{"type":1,"time":5968,"positionX":5.0,"holdTime":0.0,"speed":1.0,"floorPosition":92.79323},{"type":1,"time":5984,"positionX":-2.0,"holdTime":0.0,"speed":1.0,"floorPosition":93.05037},{"type":1,"time":6000,"positionX":3.0,"holdTime":0.0,"speed":1.0,"floorPosition":93.30751},{"type":3,"time":6016,"positionX":-3.0,"holdTime":32.0,"speed":1.5,"floorPosition":93.56466},{"type":2,"time":6048,"positionX":-3.0,"holdTime":0.0,"speed":1.0,"floorPosition":94.07894},{"type":2,"time":6056,"positionX":-2.187172,"holdTime":0.0,"speed":1.0,"floorPosition":94.20751},{"type":2,"time":6064,"positionX":-1.2478123,"holdTime":0.0,"speed":1.0,"floorPosition":94.33608},{"type":2,"time":6072,"positionX":-0.51875496,"holdTime":0.0,"speed":1.0,"floorPosition":94.46465},{"type":3,"time":6112,"positionX":3.0,"holdTime":32.0,"speed":1.5,"floorPosition":95.10751},{"type":2,"time":6144,"positionX":3.0,"holdTime":0.0,"speed":1.0,"floorPosition":95.621796},{"type":2,"time":6152,"positionX":2.2432518,"holdTime":0.0,"speed":1.0,"floorPosition":95.750374},{"type":2,"time":6160,"positionX":1.4861526,"holdTime":0.0,"speed":1.0,"floorPosition":95.878944},{"type":2,"time":6168,"positionX":0.6589527,"holdTime":0.0,"speed":1.0,"floorPosition":96.007515},{"type":2,"time":6208,"positionX":0.0,"holdTime":0.0,"speed":1.0,"floorPosition":96.65037},{"type":2,"time":6224,"positionX":0.0,"holdTime":0.0,"speed":1.0,"floorPosition":96.90752},{"type":2,"time":6240,"positionX":0.0,"holdTime":0.0,"speed":1.0,"floorPosition":97.16466},{"type":2,"time":6256,"positionX":0.0,"holdTime":0.0,"speed":1.0,"floorPosition":97.4218},{"type":3,"time":6272,"positionX":-4.0,"holdTime":64.0,"speed":1.5,"floorPosition":97.67894},{"type":4,"time":6336,"positionX":3.0,"holdTime":0.0,"speed":1.0,"floorPosition":98.70751},{"type":1,"time":6368,"positionX":-1.0,"holdTime":0.0,"speed":1.0,"floorPosition":99.2218},{"type":3,"time":6400,"positionX":4.0,"holdTime":64.0,"speed":1.5,"floorPosition":99.736084},{"type":4,"time":6464,"positionX":-3.0,"holdTime":0.0,"speed":1.0,"floorPosition":100.764656},{"type":3,"time":6528,"positionX":-4.0,"holdTime":64.0,"speed":1.5,"floorPosition":101.79323},{"type":4,"time":6592,"positionX":3.0,"holdTime":0.0,"speed":1.0,"floorPosition":102.8218},{"type":1,"time":6624,"positionX":-1.0,"holdTime":0.0,"speed":1.0,"floorPosition":103.33608},{"type":3,"time":6656,"positionX":4.0,"holdTime":64.0,"speed":1.5,"floorPosition":103.85037},{"type":1,"time":6688,"positionX":-4.0,"holdTime":0.0,"speed":1.0,"floorPosition":104.364655},{"type":1,"time":6720,"positionX":-1.0,"holdTime":0.0,"speed":1.0,"floorPosition":104.878944},{"type":2,"time":6736,"positionX":-2.0,"holdTime":0.0,"speed":1.0,"floorPosition":105.136086},{"type":2,"time":6752,"positionX":-3.0,"holdTime":0.0,"speed":1.0,"floorPosition":105.39323},{"type":3,"time":6784,"positionX":4.0,"holdTime":64.0,"speed":1.5,"floorPosition":105.90752},{"type":4,"time":6848,"positionX":-3.0,"holdTime":0.0,"speed":1.0,"floorPosition":106.93608},{"type":1,"time":6880,"positionX":1.0,"holdTime":0.0,"speed":1.0,"floorPosition":107.45037},{"type":3,"time":6912,"positionX":-4.0,"holdTime":64.0,"speed":1.5,"floorPosition":107.96465},{"type":4,"time":6976,"positionX":3.0,"holdTime":0.0,"speed":1.0,"floorPosition":108.993225},{"type":1,"time":7008,"positionX":-1.0,"holdTime":0.0,"speed":1.0,"floorPosition":109.507515},{"type":1,"time":7040,"positionX":1.0,"holdTime":0.0,"speed":1.0,"floorPosition":110.0218},{"type":3,"time":7040,"positionX":5.0,"holdTime":64.0,"speed":1.5,"floorPosition":110.0218},{"type":1,"time":7072,"positionX":-1.0,"holdTime":0.0,"speed":1.0,"floorPosition":110.53609},{"type":4,"time":7104,"positionX":-3.0,"holdTime":0.0,"speed":1.0,"floorPosition":111.05037},{"type":1,"time":7136,"positionX":1.0,"holdTime":0.0,"speed":1.0,"floorPosition":111.56466},{"type":3,"time":7168,"positionX":-5.0,"holdTime":64.0,"speed":1.5,"floorPosition":112.07894},{"type":1,"time":7168,"positionX":3.0,"holdTime":0.0,"speed":1.0,"floorPosition":112.07894},{"type":1,"time":7200,"positionX":3.0,"holdTime":0.0,"speed":1.0,"floorPosition":112.59323},{"type":1,"time":7232,"positionX":3.0,"holdTime":0.0,"speed":1.0,"floorPosition":113.10751},{"type":1,"time":7264,"positionX":3.0,"holdTime":0.0,"speed":1.0,"floorPosition":113.621796},{"type":1,"time":7296,"positionX":-2.0,"holdTime":0.0,"speed":1.0,"floorPosition":114.136086},{"type":1,"time":7312,"positionX":5.0,"holdTime":0.0,"speed":1.0,"floorPosition":114.39323},{"type":1,"time":7328,"positionX":-4.0,"holdTime":0.0,"speed":1.0,"floorPosition":114.65037},{"type":2,"time":7360,"positionX":-2.0,"holdTime":0.0,"speed":1.0,"floorPosition":115.16466},{"type":1,"time":7392,"positionX":2.0,"holdTime":0.0,"speed":1.0,"floorPosition":115.67894},{"type":1,"time":7408,"positionX":-5.0,"holdTime":0.0,"speed":1.0,"floorPosition":115.93608},{"type":3,"time":7424,"positionX":4.0,"holdTime":32.0,"speed":1.5,"floorPosition":116.19323},{"type":4,"time":7456,"positionX":-3.0,"holdTime":0.0,"speed":1.0,"floorPosition":116.70751},{"type":3,"time":7488,"positionX":4.0,"holdTime":32.0,"speed":1.5,"floorPosition":117.2218},{"type":1,"time":7504,"positionX":-3.0,"holdTime":0.0,"speed":1.0,"floorPosition":117.47894},{"type":2,"time":7520,"positionX":-3.0,"holdTime":0.0,"speed":1.0,"floorPosition":117.736084},{"type":1,"time":7552,"positionX":2.0,"holdTime":0.0,"speed":1.0,"floorPosition":118.250374},{"type":1,"time":7568,"positionX":-5.0,"holdTime":0.0,"speed":1.0,"floorPosition":118.507515},{"type":1,"time":7584,"positionX":4.0,"holdTime":0.0,"speed":1.0,"floorPosition":118.764656},{"type":2,"time":7616,"positionX":2.0,"holdTime":0.0,"speed":1.0,"floorPosition":119.27894},{"type":1,"time":7648,"positionX":-2.0,"holdTime":0.0,"speed":1.0,"floorPosition":119.79323},{"type":1,"time":7664,"positionX":5.0,"holdTime":0.0,"speed":1.0,"floorPosition":120.05037},{"type":3,"time":7680,"positionX":-4.0,"holdTime":32.0,"speed":1.5,"floorPosition":120.30751},{"type":4,"time":7712,"positionX":3.0,"holdTime":0.0,"speed":1.0,"floorPosition":120.8218},{"type":3,"time":7744,"positionX":-4.0,"holdTime":32.0,"speed":1.5,"floorPosition":121.33608},{"type":1,"time":7744,"positionX":1.0,"holdTime":0.0,"speed":1.0,"floorPosition":121.33608},{"type":2,"time":7760,"positionX":2.0,"holdTime":0.0,"speed":1.0,"floorPosition":121.59323},{"type":2,"time":7776,"positionX":3.0,"holdTime":0.0,"speed":1.0,"floorPosition":121.85037},{"type":1,"time":7808,"positionX":-2.0,"holdTime":0.0,"speed":1.0,"floorPosition":122.364655},{"type":1,"time":7824,"positionX":5.0,"holdTime":0.0,"speed":1.0,"floorPosition":122.621796},{"type":1,"time":7840,"positionX":-4.0,"holdTime":0.0,"speed":1.0,"floorPosition":122.878944},{"type":2,"time":7872,"positionX":-2.0,"holdTime":0.0,"speed":1.0,"floorPosition":123.39323},{"type":1,"time":7904,"positionX":2.0,"holdTime":0.0,"speed":1.0,"floorPosition":123.90752},{"type":1,"time":7920,"positionX":-5.0,"holdTime":0.0,"speed":1.0,"floorPosition":124.16466},{"type":3,"time":7936,"positionX":4.0,"holdTime":32.0,"speed":1.5,"floorPosition":124.4218},{"type":4,"time":7968,"positionX":-3.0,"holdTime":0.0,"speed":1.0,"floorPosition":124.93608},{"type":3,"time":8000,"positionX":4.0,"holdTime":32.0,"speed":1.5,"floorPosition":125.45037},{"type":1,"time":8016,"positionX":-3.0,"holdTime":0.0,"speed":1.0,"floorPosition":125.70751},{"type":2,"time":8032,"positionX":-3.0,"holdTime":0.0,"speed":1.0,"floorPosition":125.96465},{"type":1,"time":8064,"positionX":2.0,"holdTime":0.0,"speed":1.0,"floorPosition":126.47894},{"type":1,"time":8080,"positionX":-5.0,"holdTime":0.0,"speed":1.0,"floorPosition":126.736084},{"type":3,"time":8096,"positionX":4.0,"holdTime":32.0,"speed":1.5,"floorPosition":126.993225},{"type":4,"time":8128,"positionX":-2.0,"holdTime":0.0,"speed":1.0,"floorPosition":127.507515},{"type":1,"time":8160,"positionX":5.0,"holdTime":0.0,"speed":1.0,"floorPosition":128.0218},{"type":1,"time":8176,"positionX":-5.0,"holdTime":0.0,"speed":1.0,"floorPosition":128.27895},{"type":1,"time":8192,"positionX":2.0,"holdTime":0.0,"speed":1.0,"floorPosition":128.53609},{"type":1,"time":8208,"positionX":-2.0,"holdTime":0.0,"speed":1.0,"floorPosition":128.79323},{"type":1,"time":8224,"positionX":2.0,"holdTime":0.0,"speed":1.0,"floorPosition":129.05037},{"type":1,"time":8240,"positionX":2.0,"holdTime":0.0,"speed":1.0,"floorPosition":129.30751},{"type":1,"time":8256,"positionX":-3.0,"holdTime":0.0,"speed":1.0,"floorPosition":129.56465},{"type":1,"time":8272,"positionX":3.0,"holdTime":0.0,"speed":1.0,"floorPosition":129.8218},{"type":1,"time":8288,"positionX":-3.0,"holdTime":0.0,"speed":1.0,"floorPosition":130.07895},{"type":1,"time":8304,"positionX":3.0,"holdTime":0.0,"speed":1.0,"floorPosition":130.33609},{"type":1,"time":8320,"positionX":-3.0,"holdTime":0.0,"speed":1.0,"floorPosition":130.59323},{"type":1,"time":8576,"positionX":0.0,"holdTime":0.0,"speed":1.0,"floorPosition":134.70752},{"type":1,"time":8832,"positionX":3.0,"holdTime":0.0,"speed":1.0,"floorPosition":138.8218},{"type":1,"time":9088,"positionX":2.0,"holdTime":0.0,"speed":1.0,"floorPosition":142.93608}],"speedEvents":[{"startTime":0.0,"endTime":2176.0,"value":1.0},{"startTime":2176.0,"endTime":2432.0,"value":1.1},{"startTime":2432.0,"endTime":2688.0,"value":1.3},{"startTime":2688.0,"endTime":4161.0,"value":1.5},{"startTime":4161.0,"endTime":4162.0,"value":1000.0},{"startTime":4162.0,"endTime":4168.0,"value":0.0},{"startTime":4168.0,"endTime":4176.0,"value":0.2},{"startTime":4176.0,"endTime":4184.0,"value":0.4},{"startTime":4184.0,"endTime":4192.0,"value":0.6},{"startTime":4192.0,"endTime":4200.0,"value":0.8},{"startTime":4200.0,"endTime":4208.0,"value":1.0},{"startTime":4208.0,"endTime":4216.0,"value":1.2},{"startTime":4216.0,"endTime":4224.0,"value":1.4},{"startTime":4224.0,"endTime":1000000000.0,"value":1.5}],"judgeLineMoveEvents":[{"startTime":-999999.0,"endTime":2176.0,"start":440260.0,"end":440260.0},{"startTime":2176.0,"endTime":3200.0,"start":440260.0,"end":440052.0},{"startTime":3200.0,"endTime":4160.0,"start":440052.0,"end":440051.0},{"startTime":4160.0,"endTime":4161.0,"start":440051.0,"end":440026.0},{"startTime":4161.0,"endTime":4192.0,"start":440026.0,"end":440052.0},{"startTime":4192.0,"endTime":6272.0,"start":440052.0,"end":440051.0},{"startTime":6272.0,"endTime":6336.0,"start":440051.0,"end":440104.0},{"startTime":6336.0,"endTime":6400.0,"start":440104.0,"end":440104.0},{"startTime":6400.0,"endTime":6464.0,"start":440104.0,"end":440052.0},{"startTime":6464.0,"endTime":6528.0,"start":440052.0,"end":440052.0},{"startTime":6528.0,"endTime":6592.0,"start":440052.0,"end":440104.0},{"startTime":6592.0,"endTime":6656.0,"start":440104.0,"end":440104.0},{"startTime":6656.0,"endTime":6720.0,"start":440104.0,"end":440052.0},{"startTime":6720.0,"endTime":6784.0,"start":440052.0,"end":440052.0},{"startTime":6784.0,"endTime":6848.0,"start":440052.0,"end":440104.0},{"startTime":6848.0,"endTime":6912.0,"start":440104.0,"end":440104.0},{"startTime":6912.0,"endTime":6976.0,"start":440104.0,"end":440052.0},{"startTime":6976.0,"endTime":7040.0,"start":440052.0,"end":440052.0},{"startTime":7040.0,"endTime":7104.0,"start":440052.0,"end":440104.0},{"startTime":7104.0,"endTime":7168.0,"start":440104.0,"end":440104.0},{"startTime":7168.0,"endTime":7232.0,"start":440104.0,"end":440052.0},{"startTime":7232.0,"endTime":8320.0,"start":440052.0,"end":440051.0},{"startTime":8320.0,"endTime":10112.0,"start":440051.0,"end":440260.0},{"startTime":10112.0,"endTime":1000000000.0,"start":440260.0,"end":440260.0}],"judgeLineRotateEvents":[{"startTime":-999999.0,"endTime":128.0,"start":0.0,"end":0.0},{"startTime":128.0,"endTime":2176.0,"start":0.0,"end":180.0},{"startTime":2176.0,"endTime":6272.0,"start":180.0,"end":180.0},{"startTime":6272.0,"endTime":6273.0,"start":180.0,"end":179.99731},{"startTime":6273.0,"endTime":6274.0,"start":179.99731,"end":179.99013},{"startTime":6274.0,"endTime":6275.0,"start":179.99013,"end":179.97781},{"startTime":6275.0,"endTime":6276.0,"start":179.97781,"end":179.96075},{"startTime":6276.0,"endTime":6277.0,"start":179.96075,"end":179.93881},{"startTime":6277.0,"endTime":6278.0,"start":179.93881,"end":179.91188},{"startTime":6278.0,"endTime":6279.0,"start":179.91188,"end":179.88031},{"startTime":6279.0,"endTime":6280.0,"start":179.88031,"end":179.8435},{"startTime":6280.0,"endTime":6281.0,"start":179.8435,"end":179.80219},{"startTime":6281.0,"endTime":6282.0,"start":179.80219,"end":179.75563},{"startTime":6282.0,"endTime":6283.0,"start":179.75563,"end":179.70444},{"startTime":6283.0,"endTime":6284.0,"start":179.70444,"end":179.64825},{"startTime":6284.0,"endTime":6285.0,"start":179.64825,"end":179.58719},{"startTime":6285.0,"endTime":6286.0,"start":179.58719,"end":179.52138},{"startTime":6286.0,"endTime":6287.0,"start":179.52138,"end":179.45044},{"startTime":6287.0,"endTime":6288.0,"start":179.45044,"end":179.375},{"startTime":6288.0,"endTime":6289.0,"start":179.375,"end":179.29419},{"startTime":6289.0,"endTime":6290.0,"start":179.29419,"end":179.20888},{"startTime":6290.0,"endTime":6291.0,"start":179.20888,"end":179.11844},{"startTime":6291.0,"endTime":6292.0,"start":179.11844,"end":179.02325},{"startTime":6292.0,"endTime":6293.0,"start":179.02325,"end":178.92319},{"startTime":6293.0,"endTime":6294.0,"start":178.92319,"end":178.81813},{"startTime":6294.0,"endTime":6295.0,"start":178.81813,"end":178.70844},{"startTime":6295.0,"endTime":6296.0,"start":178.70844,"end":178.5935},{"startTime":6296.0,"endTime":6297.0,"start":178.5935,"end":178.47406},{"startTime":6297.0,"endTime":6298.0,"start":178.47406,"end":178.34938},{"startTime":6298.0,"endTime":6299.0,"start":178.34938,"end":178.22006},{"startTime":6299.0,"endTime":6300.0,"start":178.22006,"end":178.08575},{"startTime":6300.0,"endTime":6301.0,"start":178.08575,"end":177.94656},{"startTime":6301.0,"endTime":6302.0,"start":177.94656,"end":177.80263},{"startTime":6302.0,"endTime":6303.0,"start":177.80263,"end":177.65356},{"startTime":6303.0,"endTime":6304.0,"start":177.65356,"end":177.5},{"startTime":6304.0,"endTime":6305.0,"start":177.5,"end":177.34106},{"startTime":6305.0,"endTime":6306.0,"start":177.34106,"end":177.17763},{"startTime":6306.0,"endTime":6307.0,"start":177.17763,"end":177.00906},{"startTime":6307.0,"endTime":6308.0,"start":177.00906,"end":176.83575},{"startTime":6308.0,"endTime":6309.0,"start":176.83575,"end":176.65756},{"startTime":6309.0,"endTime":6310.0,"start":176.65756,"end":176.47438},{"startTime":6310.0,"endTime":6311.0,"start":176.47438,"end":176.28656},{"startTime":6311.0,"endTime":6312.0,"start":176.28656,"end":176.0935},{"startTime":6312.0,"endTime":6313.0,"start":176.0935,"end":175.89594},{"startTime":6313.0,"endTime":6314.0,"start":175.89594,"end":175.69313},{"startTime":6314.0,"endTime":6315.0,"start":175.69313,"end":175.48569},{"startTime":6315.0,"endTime":6316.0,"start":175.48569,"end":175.27325},{"startTime":6316.0,"endTime":6317.0,"start":175.27325,"end":175.05594},{"startTime":6317.0,"endTime":6318.0,"start":175.05594,"end":174.83388},{"startTime":6318.0,"endTime":6319.0,"start":174.83388,"end":174.60669},{"startTime":6319.0,"endTime":6320.0,"start":174.60669,"end":174.375},{"startTime":6320.0,"endTime":6321.0,"start":174.375,"end":174.13794},{"startTime":6321.0,"endTime":6322.0,"start":174.13794,"end":173.89638},{"startTime":6322.0,"endTime":6323.0,"start":173.89638,"end":173.64969},{"startTime":6323.0,"endTime":6324.0,"start":173.64969,"end":173.39825},{"startTime":6324.0,"endTime":6325.0,"start":173.39825,"end":173.14194},{"startTime":6325.0,"endTime":6326.0,"start":173.14194,"end":172.88063},{"startTime":6326.0,"endTime":6327.0,"start":172.88063,"end":172.61469},{"startTime":6327.0,"endTime":6328.0,"start":172.61469,"end":172.3435},{"startTime":6328.0,"endTime":6329.0,"start":172.3435,"end":172.06781},{"startTime":6329.0,"endTime":6330.0,"start":172.06781,"end":171.78688},{"startTime":6330.0,"endTime":6331.0,"start":171.78688,"end":171.50131},{"startTime":6331.0,"endTime":6332.0,"start":171.50131,"end":171.21075},{"startTime":6332.0,"endTime":6333.0,"start":171.21075,"end":170.91531},{"startTime":6333.0,"endTime":6334.0,"start":170.91531,"end":170.61513},{"startTime":6334.0,"endTime":6335.0,"start":170.61513,"end":170.30981},{"startTime":6335.0,"endTime":6336.0,"start":170.30981,"end":170.0},{"startTime":6336.0,"endTime":6400.0,"start":170.0,"end":170.0},{"startTime":6400.0,"endTime":6401.0,"start":170.0,"end":170.00403},{"startTime":6401.0,"endTime":6402.0,"start":170.00403,"end":170.01482},{"startTime":6402.0,"endTime":6403.0,"start":170.01482,"end":170.03328},{"startTime":6403.0,"endTime":6404.0,"start":170.03328,"end":170.05887},{"startTime":6404.0,"endTime":6405.0,"start":170.05887,"end":170.09178},{"startTime":6405.0,"endTime":6406.0,"start":170.09178,"end":170.13219},{"startTime":6406.0,"endTime":6407.0,"start":170.13219,"end":170.17953},{"startTime":6407.0,"endTime":6408.0,"start":170.17953,"end":170.23476},{"startTime":6408.0,"endTime":6409.0,"start":170.23476,"end":170.29672},{"startTime":6409.0,"endTime":6410.0,"start":170.29672,"end":170.36656},{"startTime":6410.0,"endTime":6411.0,"start":170.36656,"end":170.44334},{"startTime":6411.0,"endTime":6412.0,"start":170.44334,"end":170.52762},{"startTime":6412.0,"endTime":6413.0,"start":170.52762,"end":170.61922},{"startTime":6413.0,"endTime":6414.0,"start":170.61922,"end":170.71794},{"startTime":6414.0,"endTime":6415.0,"start":170.71794,"end":170.82434},{"startTime":6415.0,"endTime":6416.0,"start":170.82434,"end":170.9375},{"startTime":6416.0,"endTime":6417.0,"start":170.9375,"end":171.05872},{"startTime":6417.0,"endTime":6418.0,"start":171.05872,"end":171.18669},{"startTime":6418.0,"endTime":6419.0,"start":171.18669,"end":171.32234},{"startTime":6419.0,"endTime":6420.0,"start":171.32234,"end":171.46512},{"startTime":6420.0,"endTime":6421.0,"start":171.46512,"end":171.61522},{"startTime":6421.0,"endTime":6422.0,"start":171.61522,"end":171.77281},{"startTime":6422.0,"endTime":6423.0,"start":171.77281,"end":171.93735},{"startTime":6423.0,"endTime":6424.0,"start":171.93735,"end":172.10976},{"startTime":6424.0,"endTime":6425.0,"start":172.10976,"end":172.28891},{"startTime":6425.0,"endTime":6426.0,"start":172.28891,"end":172.47594},{"startTime":6426.0,"endTime":6427.0,"start":172.47594,"end":172.6699},{"startTime":6427.0,"endTime":6428.0,"start":172.6699,"end":172.87137},{"startTime":6428.0,"endTime":6429.0,"start":172.87137,"end":173.08015},{"startTime":6429.0,"endTime":6430.0,"start":173.08015,"end":173.29607},{"startTime":6430.0,"endTime":6431.0,"start":173.29607,"end":173.51965},{"startTime":6431.0,"endTime":6432.0,"start":173.51965,"end":173.75},{"startTime":6432.0,"endTime":6433.0,"start":173.75,"end":173.9884},{"startTime":6433.0,"endTime":6434.0,"start":173.9884,"end":174.23357},{"startTime":6434.0,"endTime":6435.0,"start":174.23357,"end":174.4864},{"startTime":6435.0,"endTime":6436.0,"start":174.4864,"end":174.74637},{"startTime":6436.0,"endTime":6437.0,"start":174.74637,"end":175.01366},{"startTime":6437.0,"endTime":6438.0,"start":175.01366,"end":175.28844},{"startTime":6438.0,"endTime":6439.0,"start":175.28844,"end":175.57016},{"startTime":6439.0,"endTime":6440.0,"start":175.57016,"end":175.85976},{"startTime":6440.0,"endTime":6441.0,"start":175.85976,"end":176.1561},{"startTime":6441.0,"endTime":6442.0,"start":176.1561,"end":176.46031},{"startTime":6442.0,"endTime":6443.0,"start":176.46031,"end":176.77147},{"startTime":6443.0,"endTime":6444.0,"start":176.77147,"end":177.09012},{"startTime":6444.0,"endTime":6445.0,"start":177.09012,"end":177.41609},{"startTime":6445.0,"endTime":6446.0,"start":177.41609,"end":177.74919},{"startTime":6446.0,"endTime":6447.0,"start":177.74919,"end":178.08997},{"startTime":6447.0,"endTime":6448.0,"start":178.08997,"end":178.4375},{"startTime":6448.0,"endTime":6449.0,"start":178.4375,"end":178.79309},{"startTime":6449.0,"endTime":6450.0,"start":178.79309,"end":179.15544},{"startTime":6450.0,"endTime":6451.0,"start":179.15544,"end":179.52547},{"startTime":6451.0,"endTime":6452.0,"start":179.52547,"end":179.90262},{"startTime":6452.0,"endTime":6453.0,"start":179.90262,"end":180.2871},{"startTime":6453.0,"endTime":6454.0,"start":180.2871,"end":180.67906},{"startTime":6454.0,"endTime":6455.0,"start":180.67906,"end":181.07797},{"startTime":6455.0,"endTime":6456.0,"start":181.07797,"end":181.48476},{"startTime":6456.0,"endTime":6457.0,"start":181.48476,"end":181.89828},{"startTime":6457.0,"endTime":6458.0,"start":181.89828,"end":182.31969},{"startTime":6458.0,"endTime":6459.0,"start":182.31969,"end":182.74803},{"startTime":6459.0,"endTime":6460.0,"start":182.74803,"end":183.18387},{"startTime":6460.0,"endTime":6461.0,"start":183.18387,"end":183.62703},{"startTime":6461.0,"endTime":6462.0,"start":183.62703,"end":184.07732},{"startTime":6462.0,"endTime":6463.0,"start":184.07732,"end":184.53528},{"startTime":6463.0,"endTime":6464.0,"start":184.53528,"end":185.0},{"startTime":6464.0,"endTime":6465.0,"start":185.0,"end":184.69244},{"startTime":6465.0,"endTime":6466.0,"start":184.69244,"end":184.39462},{"startTime":6466.0,"endTime":6467.0,"start":184.39462,"end":184.10657},{"startTime":6467.0,"endTime":6468.0,"start":184.10657,"end":183.82825},{"startTime":6468.0,"endTime":6469.0,"start":183.82825,"end":183.5597},{"startTime":6469.0,"endTime":6470.0,"start":183.5597,"end":183.30087},{"startTime":6470.0,"endTime":6471.0,"start":183.30087,"end":183.05182},{"startTime":6471.0,"endTime":6472.0,"start":183.05182,"end":182.8125},{"startTime":6472.0,"endTime":6473.0,"start":182.8125,"end":182.58307},{"startTime":6473.0,"endTime":6474.0,"start":182.58307,"end":182.36337},{"startTime":6474.0,"endTime":6475.0,"start":182.36337,"end":182.15344},{"startTime":6475.0,"endTime":6476.0,"start":182.15344,"end":181.95325},{"startTime":6476.0,"endTime":6477.0,"start":181.95325,"end":181.76282},{"startTime":6477.0,"endTime":6478.0,"start":181.76282,"end":181.58212},{"startTime":6478.0,"endTime":6479.0,"start":181.58212,"end":181.4112},{"startTime":6479.0,"endTime":6480.0,"start":181.4112,"end":181.25},{"startTime":6480.0,"endTime":6481.0,"start":181.25,"end":181.0987},{"startTime":6481.0,"endTime":6482.0,"start":181.0987,"end":180.95712},{"startTime":6482.0,"endTime":6483.0,"start":180.95712,"end":180.82532},{"startTime":6483.0,"endTime":6484.0,"start":180.82532,"end":180.70325},{"startTime":6484.0,"endTime":6485.0,"start":180.70325,"end":180.59094},{"startTime":6485.0,"endTime":6486.0,"start":180.59094,"end":180.48837},{"startTime":6486.0,"endTime":6487.0,"start":180.48837,"end":180.39557},{"startTime":6487.0,"endTime":6488.0,"start":180.39557,"end":180.3125},{"startTime":6488.0,"endTime":6489.0,"start":180.3125,"end":180.23932},{"startTime":6489.0,"endTime":6490.0,"start":180.23932,"end":180.17587},{"startTime":6490.0,"endTime":6491.0,"start":180.17587,"end":180.1222},{"startTime":6491.0,"endTime":6492.0,"start":180.1222,"end":180.07825},{"startTime":6492.0,"endTime":6493.0,"start":180.07825,"end":180.04407},{"startTime":6493.0,"endTime":6494.0,"start":180.04407,"end":180.01962},{"startTime":6494.0,"endTime":6495.0,"start":180.01962,"end":180.00494},{"startTime":6495.0,"endTime":6496.0,"start":180.00494,"end":180.0},{"startTime":6496.0,"endTime":6528.0,"start":180.0,"end":180.0},{"startTime":6528.0,"endTime":6529.0,"start":180.0,"end":180.00269},{"startTime":6529.0,"endTime":6530.0,"start":180.00269,"end":180.00987},{"startTime":6530.0,"endTime":6531.0,"start":180.00987,"end":180.02219},{"startTime":6531.0,"endTime":6532.0,"start":180.02219,"end":180.03925},{"startTime":6532.0,"endTime":6533.0,"start":180.03925,"end":180.06119},{"startTime":6533.0,"endTime":6534.0,"start":180.06119,"end":180.08812},{"startTime":6534.0,"endTime":6535.0,"start":180.08812,"end":180.11969},{"startTime":6535.0,"endTime":6536.0,"start":180.11969,"end":180.1565},{"startTime":6536.0,"endTime":6537.0,"start":180.1565,"end":180.19781},{"startTime":6537.0,"endTime":6538.0,"start":180.19781,"end":180.24437},{"startTime":6538.0,"endTime":6539.0,"start":180.24437,"end":180.29556},{"startTime":6539.0,"endTime":6540.0,"start":180.29556,"end":180.35175},{"startTime":6540.0,"endTime":6541.0,"start":180.35175,"end":180.41281},{"startTime":6541.0,"endTime":6542.0,"start":180.41281,"end":180.47862},{"startTime":6542.0,"endTime":6543.0,"start":180.47862,"end":180.54956},{"startTime":6543.0,"endTime":6544.0,"start":180.54956,"end":180.625},{"startTime":6544.0,"endTime":6545.0,"start":180.625,"end":180.70581},{"startTime":6545.0,"endTime":6546.0,"start":180.70581,"end":180.79112},{"startTime":6546.0,"endTime":6547.0,"start":180.79112,"end":180.88156},{"startTime":6547.0,"endTime":6548.0,"start":180.88156,"end":180.97675},{"startTime":6548.0,"endTime":6549.0,"start":180.97675,"end":181.07681},{"startTime":6549.0,"endTime":6550.0,"start":181.07681,"end":181.18187},{"startTime":6550.0,"endTime":6551.0,"start":181.18187,"end":181.29156},{"startTime":6551.0,"endTime":6552.0,"start":181.29156,"end":181.4065},{"startTime":6552.0,"endTime":6553.0,"start":181.4065,"end":181.52594},{"startTime":6553.0,"endTime":6554.0,"start":181.52594,"end":181.65062},{"startTime":6554.0,"endTime":6555.0,"start":181.65062,"end":181.77994},{"startTime":6555.0,"endTime":6556.0,"start":181.77994,"end":181.91425},{"startTime":6556.0,"endTime":6557.0,"start":181.91425,"end":182.05344},{"startTime":6557.0,"endTime":6558.0,"start":182.05344,"end":182.19737},{"startTime":6558.0,"endTime":6559.0,"start":182.19737,"end":182.34644},{"startTime":6559.0,"endTime":6560.0,"start":182.34644,"end":182.5},{"startTime":6560.0,"endTime":6561.0,"start":182.5,"end":182.65894},{"startTime":6561.0,"endTime":6562.0,"start":182.65894,"end":182.82237},{"startTime":6562.0,"endTime":6563.0,"start":182.82237,"end":182.99094},{"startTime":6563.0,"endTime":6564.0,"start":182.99094,"end":183.16425},{"startTime":6564.0,"endTime":6565.0,"start":183.16425,"end":183.34244},{"startTime":6565.0,"endTime":6566.0,"start":183.34244,"end":183.52562},{"startTime":6566.0,"endTime":6567.0,"start":183.52562,"end":183.71344},{"startTime":6567.0,"endTime":6568.0,"start":183.71344,"end":183.9065},{"startTime":6568.0,"endTime":6569.0,"start":183.9065,"end":184.10406},{"startTime":6569.0,"endTime":6570.0,"start":184.10406,"end":184.30687},{"startTime":6570.0,"endTime":6571.0,"start":184.30687,"end":184.51431},{"startTime":6571.0,"endTime":6572.0,"start":184.51431,"end":184.72675},{"startTime":6572.0,"endTime":6573.0,"start":184.72675,"end":184.94406},{"startTime":6573.0,"endTime":6574.0,"start":184.94406,"end":185.16612},{"startTime":6574.0,"endTime":6575.0,"start":185.16612,"end":185.39331},{"startTime":6575.0,"endTime":6576.0,"start":185.39331,"end":185.625},{"startTime":6576.0,"endTime":6577.0,"start":185.625,"end":185.86206},{"startTime":6577.0,"endTime":6578.0,"start":185.86206,"end":186.10362},{"startTime":6578.0,"endTime":6579.0,"start":186.10362,"end":186.35031},{"startTime":6579.0,"endTime":6580.0,"start":186.35031,"end":186.60175},{"startTime":6580.0,"endTime":6581.0,"start":186.60175,"end":186.85806},{"startTime":6581.0,"endTime":6582.0,"start":186.85806,"end":187.11937},{"startTime":6582.0,"endTime":6583.0,"start":187.11937,"end":187.38531},{"startTime":6583.0,"endTime":6584.0,"start":187.38531,"end":187.6565},{"startTime":6584.0,"endTime":6585.0,"start":187.6565,"end":187.93219},{"startTime":6585.0,"endTime":6586.0,"start":187.93219,"end":188.21312},{"startTime":6586.0,"endTime":6587.0,"start":188.21312,"end":188.49869},{"startTime":6587.0,"endTime":6588.0,"start":188.49869,"end":188.78925},{"startTime":6588.0,"endTime":6589.0,"start":188.78925,"end":189.08469},{"startTime":6589.0,"endTime":6590.0,"start":189.08469,"end":189.38487},{"startTime":6590.0,"endTime":6591.0,"start":189.38487,"end":189.69019},{"startTime":6591.0,"endTime":6592.0,"start":189.69019,"end":190.0},{"startTime":6592.0,"endTime":6656.0,"start":190.0,"end":190.0},{"startTime":6656.0,"endTime":6657.0,"start":190.0,"end":189.99597},{"startTime":6657.0,"endTime":6658.0,"start":189.99597,"end":189.98518},{"startTime":6658.0,"endTime":6659.0,"start":189.98518,"end":189.96672},{"startTime":6659.0,"endTime":6660.0,"start":189.96672,"end":189.94113},{"startTime":6660.0,"endTime":6661.0,"start":189.94113,"end":189.90822},{"startTime":6661.0,"endTime":6662.0,"start":189.90822,"end":189.86781},{"startTime":6662.0,"endTime":6663.0,"start":189.86781,"end":189.82047},{"startTime":6663.0,"endTime":6664.0,"start":189.82047,"end":189.76524},{"startTime":6664.0,"endTime":6665.0,"start":189.76524,"end":189.70328},{"startTime":6665.0,"endTime":6666.0,"start":189.70328,"end":189.63344},{"startTime":6666.0,"endTime":6667.0,"start":189.63344,"end":189.55666},{"startTime":6667.0,"endTime":6668.0,"start":189.55666,"end":189.47238},{"startTime":6668.0,"endTime":6669.0,"start":189.47238,"end":189.38078},{"startTime":6669.0,"endTime":6670.0,"start":189.38078,"end":189.28206},{"startTime":6670.0,"endTime":6671.0,"start":189.28206,"end":189.17566},{"startTime":6671.0,"endTime":6672.0,"start":189.17566,"end":189.0625},{"startTime":6672.0,"endTime":6673.0,"start":189.0625,"end":188.94128},{"startTime":6673.0,"endTime":6674.0,"start":188.94128,"end":188.81331},{"startTime":6674.0,"endTime":6675.0,"start":188.81331,"end":188.67766},{"startTime":6675.0,"endTime":6676.0,"start":188.67766,"end":188.53488},{"startTime":6676.0,"endTime":6677.0,"start":188.53488,"end":188.38478},{"startTime":6677.0,"endTime":6678.0,"start":188.38478,"end":188.22719},{"startTime":6678.0,"endTime":6679.0,"start":188.22719,"end":188.06265},{"startTime":6679.0,"endTime":6680.0,"start":188.06265,"end":187.89024},{"startTime":6680.0,"endTime":6681.0,"start":187.89024,"end":187.71109},{"startTime":6681.0,"endTime":6682.0,"start":187.71109,"end":187.52406},{"startTime":6682.0,"endTime":6683.0,"start":187.52406,"end":187.3301},{"startTime":6683.0,"endTime":6684.0,"start":187.3301,"end":187.12863},{"startTime":6684.0,"endTime":6685.0,"start":187.12863,"end":186.91985},{"startTime":6685.0,"endTime":6686.0,"start":186.91985,"end":186.70393},{"startTime":6686.0,"endTime":6687.0,"start":186.70393,"end":186.48035},{"startTime":6687.0,"endTime":6688.0,"start":186.48035,"end":186.25},{"startTime":6688.0,"endTime":6689.0,"start":186.25,"end":186.0116},{"startTime":6689.0,"endTime":6690.0,"start":186.0116,"end":185.76643},{"startTime":6690.0,"endTime":6691.0,"start":185.76643,"end":185.5136},{"startTime":6691.0,"endTime":6692.0,"start":185.5136,"end":185.25363},{"startTime":6692.0,"endTime":6693.0,"start":185.25363,"end":184.98634},{"startTime":6693.0,"endTime":6694.0,"start":184.98634,"end":184.71156},{"startTime":6694.0,"endTime":6695.0,"start":184.71156,"end":184.42984},{"startTime":6695.0,"endTime":6696.0,"start":184.42984,"end":184.14024},{"startTime":6696.0,"endTime":6697.0,"start":184.14024,"end":183.8439},{"startTime":6697.0,"endTime":6698.0,"start":183.8439,"end":183.53969},{"startTime":6698.0,"endTime":6699.0,"start":183.53969,"end":183.22853},{"startTime":6699.0,"endTime":6700.0,"start":183.22853,"end":182.90988},{"startTime":6700.0,"endTime":6701.0,"start":182.90988,"end":182.58391},{"startTime":6701.0,"endTime":6702.0,"start":182.58391,"end":182.25081},{"startTime":6702.0,"endTime":6703.0,"start":182.25081,"end":181.91003},{"startTime":6703.0,"endTime":6704.0,"start":181.91003,"end":181.5625},{"startTime":6704.0,"endTime":6705.0,"start":181.5625,"end":181.20691},{"startTime":6705.0,"endTime":6706.0,"start":181.20691,"end":180.84456},{"startTime":6706.0,"endTime":6707.0,"start":180.84456,"end":180.47453},{"startTime":6707.0,"endTime":6708.0,"start":180.47453,"end":180.09738},{"startTime":6708.0,"endTime":6709.0,"start":180.09738,"end":179.7129},{"startTime":6709.0,"endTime":6710.0,"start":179.7129,"end":179.32094},{"startTime":6710.0,"endTime":6711.0,"start":179.32094,"end":178.92203},{"startTime":6711.0,"endTime":6712.0,"start":178.92203,"end":178.51524},{"startTime":6712.0,"endTime":6713.0,"start":178.51524,"end":178.10172},{"startTime":6713.0,"endTime":6714.0,"start":178.10172,"end":177.68031},{"startTime":6714.0,"endTime":6715.0,"start":177.68031,"end":177.25197},{"startTime":6715.0,"endTime":6716.0,"start":177.25197,"end":176.81613},{"startTime":6716.0,"endTime":6717.0,"start":176.81613,"end":176.37297},{"startTime":6717.0,"endTime":6718.0,"start":176.37297,"end":175.92268},{"startTime":6718.0,"endTime":6719.0,"start":175.92268,"end":175.46472},{"startTime":6719.0,"endTime":6720.0,"start":175.46472,"end":175.0},{"startTime":6720.0,"endTime":6721.0,"start":175.0,"end":175.30756},{"startTime":6721.0,"endTime":6722.0,"start":175.30756,"end":175.60538},{"startTime":6722.0,"endTime":6723.0,"start":175.60538,"end":175.89343},{"startTime":6723.0,"endTime":6724.0,"start":175.89343,"end":176.17175},{"startTime":6724.0,"endTime":6725.0,"start":176.17175,"end":176.4403},{"startTime":6725.0,"endTime":6726.0,"start":176.4403,"end":176.69913},{"startTime":6726.0,"endTime":6727.0,"start":176.69913,"end":176.94818},{"startTime":6727.0,"endTime":6728.0,"start":176.94818,"end":177.1875},{"startTime":6728.0,"endTime":6729.0,"start":177.1875,"end":177.41693},{"startTime":6729.0,"endTime":6730.0,"start":177.41693,"end":177.63663},{"startTime":6730.0,"endTime":6731.0,"start":177.63663,"end":177.84656},{"startTime":6731.0,"endTime":6732.0,"start":177.84656,"end":178.04675},{"startTime":6732.0,"endTime":6733.0,"start":178.04675,"end":178.23718},{"startTime":6733.0,"endTime":6734.0,"start":178.23718,"end":178.41788},{"startTime":6734.0,"endTime":6735.0,"start":178.41788,"end":178.5888},{"startTime":6735.0,"endTime":6736.0,"start":178.5888,"end":178.75},{"startTime":6736.0,"endTime":6737.0,"start":178.75,"end":178.9013},{"startTime":6737.0,"endTime":6738.0,"start":178.9013,"end":179.04288},{"startTime":6738.0,"endTime":6739.0,"start":179.04288,"end":179.17468},{"startTime":6739.0,"endTime":6740.0,"start":179.17468,"end":179.29675},{"startTime":6740.0,"endTime":6741.0,"start":179.29675,"end":179.40906},{"startTime":6741.0,"endTime":6742.0,"start":179.40906,"end":179.51163},{"startTime":6742.0,"endTime":6743.0,"start":179.51163,"end":179.60443},{"startTime":6743.0,"endTime":6744.0,"start":179.60443,"end":179.6875},{"startTime":6744.0,"endTime":6745.0,"start":179.6875,"end":179.76068},{"startTime":6745.0,"endTime":6746.0,"start":179.76068,"end":179.82413},{"startTime":6746.0,"endTime":6747.0,"start":179.82413,"end":179.8778},{"startTime":6747.0,"endTime":6748.0,"start":179.8778,"end":179.92175},{"startTime":6748.0,"endTime":6749.0,"start":179.92175,"end":179.95593},{"startTime":6749.0,"endTime":6750.0,"start":179.95593,"end":179.98038},{"startTime":6750.0,"endTime":6751.0,"start":179.98038,"end":179.99506},{"startTime":6751.0,"endTime":6752.0,"start":179.99506,"end":180.0},{"startTime":6752.0,"endTime":6784.0,"start":180.0,"end":180.0},{"startTime":6784.0,"endTime":6785.0,"start":180.0,"end":179.99731},{"startTime":6785.0,"endTime":6786.0,"start":179.99731,"end":179.99013},{"startTime":6786.0,"endTime":6787.0,"start":179.99013,"end":179.97781},{"startTime":6787.0,"endTime":6788.0,"start":179.97781,"end":179.96075},{"startTime":6788.0,"endTime":6789.0,"start":179.96075,"end":179.93881},{"startTime":6789.0,"endTime":6790.0,"start":179.93881,"end":179.91188},{"startTime":6790.0,"endTime":6791.0,"start":179.91188,"end":179.88031},{"startTime":6791.0,"endTime":6792.0,"start":179.88031,"end":179.8435},{"startTime":6792.0,"endTime":6793.0,"start":179.8435,"end":179.80219},{"startTime":6793.0,"endTime":6794.0,"start":179.80219,"end":179.75563},{"startTime":6794.0,"endTime":6795.0,"start":179.75563,"end":179.70444},{"startTime":6795.0,"endTime":6796.0,"start":179.70444,"end":179.64825},{"startTime":6796.0,"endTime":6797.0,"start":179.64825,"end":179.58719},{"startTime":6797.0,"endTime":6798.0,"start":179.58719,"end":179.52138},{"startTime":6798.0,"endTime":6799.0,"start":179.52138,"end":179.45044},{"startTime":6799.0,"endTime":6800.0,"start":179.45044,"end":179.375},{"startTime":6800.0,"endTime":6801.0,"start":179.375,"end":179.29419},{"startTime":6801.0,"endTime":6802.0,"start":179.29419,"end":179.20888},{"startTime":6802.0,"endTime":6803.0,"start":179.20888,"end":179.11844},{"startTime":6803.0,"endTime":6804.0,"start":179.11844,"end":179.02325},{"startTime":6804.0,"endTime":6805.0,"start":179.02325,"end":178.92319},{"startTime":6805.0,"endTime":6806.0,"start":178.92319,"end":178.81813},{"startTime":6806.0,"endTime":6807.0,"start":178.81813,"end":178.70844},{"startTime":6807.0,"endTime":6808.0,"start":178.70844,"end":178.5935},{"startTime":6808.0,"endTime":6809.0,"start":178.5935,"end":178.47406},{"startTime":6809.0,"endTime":6810.0,"start":178.47406,"end":178.34938},{"startTime":6810.0,"endTime":6811.0,"start":178.34938,"end":178.22006},{"startTime":6811.0,"endTime":6812.0,"start":178.22006,"end":178.08575},{"startTime":6812.0,"endTime":6813.0,"start":178.08575,"end":177.94656},{"startTime":6813.0,"endTime":6814.0,"start":177.94656,"end":177.80263},{"startTime":6814.0,"endTime":6815.0,"start":177.80263,"end":177.65356},{"startTime":6815.0,"endTime":6816.0,"start":177.65356,"end":177.5},{"startTime":6816.0,"endTime":6817.0,"start":177.5,"end":177.34106},{"startTime":6817.0,"endTime":6818.0,"start":177.34106,"end":177.17763},{"startTime":6818.0,"endTime":6819.0,"start":177.17763,"end":177.00906},{"startTime":6819.0,"endTime":6820.0,"start":177.00906,"end":176.83575},{"startTime":6820.0,"endTime":6821.0,"start":176.83575,"end":176.65756},{"startTime":6821.0,"endTime":6822.0,"start":176.65756,"end":176.47438},{"startTime":6822.0,"endTime":6823.0,"start":176.47438,"end":176.28656},{"startTime":6823.0,"endTime":6824.0,"start":176.28656,"end":176.0935},{"startTime":6824.0,"endTime":6825.0,"start":176.0935,"end":175.89594},{"startTime":6825.0,"endTime":6826.0,"start":175.89594,"end":175.69313},{"startTime":6826.0,"endTime":6827.0,"start":175.69313,"end":175.48569},{"startTime":6827.0,"endTime":6828.0,"start":175.48569,"end":175.27325},{"startTime":6828.0,"endTime":6829.0,"start":175.27325,"end":175.05594},{"startTime":6829.0,"endTime":6830.0,"start":175.05594,"end":174.83388},{"startTime":6830.0,"endTime":6831.0,"start":174.83388,"end":174.60669},{"startTime":6831.0,"endTime":6832.0,"start":174.60669,"end":174.375},{"startTime":6832.0,"endTime":6833.0,"start":174.375,"end":174.13794},{"startTime":6833.0,"endTime":6834.0,"start":174.13794,"end":173.89638},{"startTime":6834.0,"endTime":6835.0,"start":173.89638,"end":173.64969},{"startTime":6835.0,"endTime":6836.0,"start":173.64969,"end":173.39825},{"startTime":6836.0,"endTime":6837.0,"start":173.39825,"end":173.14194},{"startTime":6837.0,"endTime":6838.0,"start":173.14194,"end":172.88063},{"startTime":6838.0,"endTime":6839.0,"start":172.88063,"end":172.61469},{"startTime":6839.0,"endTime":6840.0,"start":172.61469,"end":172.3435},{"startTime":6840.0,"endTime":6841.0,"start":172.3435,"end":172.06781},{"startTime":6841.0,"endTime":6842.0,"start":172.06781,"end":171.78688},{"startTime":6842.0,"endTime":6843.0,"start":171.78688,"end":171.50131},{"startTime":6843.0,"endTime":6844.0,"start":171.50131,"end":171.21075},{"startTime":6844.0,"endTime":6845.0,"start":171.21075,"end":170.91531},{"startTime":6845.0,"endTime":6846.0,"start":170.91531,"end":170.61513},{"startTime":6846.0,"endTime":6847.0,"start":170.61513,"end":170.30981},{"startTime":6847.0,"endTime":6848.0,"start":170.30981,"end":170.0},{"startTime":6848.0,"endTime":6912.0,"start":170.0,"end":170.0},{"startTime":6912.0,"endTime":6913.0,"start":170.0,"end":170.00403},{"startTime":6913.0,"endTime":6914.0,"start":170.00403,"end":170.01482},{"startTime":6914.0,"endTime":6915.0,"start":170.01482,"end":170.03328},{"startTime":6915.0,"endTime":6916.0,"start":170.03328,"end":170.05887},{"startTime":6916.0,"endTime":6917.0,"start":170.05887,"end":170.09178},{"startTime":6917.0,"endTime":6918.0,"start":170.09178,"end":170.13219},{"startTime":6918.0,"endTime":6919.0,"start":170.13219,"end":170.17953},{"startTime":6919.0,"endTime":6920.0,"start":170.17953,"end":170.23476},{"startTime":6920.0,"endTime":6921.0,"start":170.23476,"end":170.29672},{"startTime":6921.0,"endTime":6922.0,"start":170.29672,"end":170.36656},{"startTime":6922.0,"endTime":6923.0,"start":170.36656,"end":170.44334},{"startTime":6923.0,"endTime":6924.0,"start":170.44334,"end":170.52762},{"startTime":6924.0,"endTime":6925.0,"start":170.52762,"end":170.61922},{"startTime":6925.0,"endTime":6926.0,"start":170.61922,"end":170.71794},{"startTime":6926.0,"endTime":6927.0,"start":170.71794,"end":170.82434},{"startTime":6927.0,"endTime":6928.0,"start":170.82434,"end":170.9375},{"startTime":6928.0,"endTime":6929.0,"start":170.9375,"end":171.05872},{"startTime":6929.0,"endTime":6930.0,"start":171.05872,"end":171.18669},{"startTime":6930.0,"endTime":6931.0,"start":171.18669,"end":171.32234},{"startTime":6931.0,"endTime":6932.0,"start":171.32234,"end":171.46512},{"startTime":6932.0,"endTime":6933.0,"start":171.46512,"end":171.61522},{"startTime":6933.0,"endTime":6934.0,"start":171.61522,"end":171.77281},{"startTime":6934.0,"endTime":6935.0,"start":171.77281,"end":171.93735},{"startTime":6935.0,"endTime":6936.0,"start":171.93735,"end":172.10976},{"startTime":6936.0,"endTime":6937.0,"start":172.10976,"end":172.28891},{"startTime":6937.0,"endTime":6938.0,"start":172.28891,"end":172.47594},{"startTime":6938.0,"endTime":6939.0,"start":172.47594,"end":172.6699},{"startTime":6939.0,"endTime":6940.0,"start":172.6699,"end":172.87137},{"startTime":6940.0,"endTime":6941.0,"start":172.87137,"end":173.08015},{"startTime":6941.0,"endTime":6942.0,"start":173.08015,"end":173.29607},{"startTime":6942.0,"endTime":6943.0,"start":173.29607,"end":173.51965},{"startTime":6943.0,"endTime":6944.0,"start":173.51965,"end":173.75},{"startTime":6944.0,"endTime":6945.0,"start":173.75,"end":173.9884},{"startTime":6945.0,"endTime":6946.0,"start":173.9884,"end":174.23357},{"startTime":6946.0,"endTime":6947.0,"start":174.23357,"end":174.4864},{"startTime":6947.0,"endTime":6948.0,"start":174.4864,"end":174.74637},{"startTime":6948.0,"endTime":6949.0,"start":174.74637,"end":175.01366},{"startTime":6949.0,"endTime":6950.0,"start":175.01366,"end":175.28844},{"startTime":6950.0,"endTime":6951.0,"start":175.28844,"end":175.57016},{"startTime":6951.0,"endTime":6952.0,"start":175.57016,"end":175.85976},{"startTime":6952.0,"endTime":6953.0,"start":175.85976,"end":176.1561},{"startTime":6953.0,"endTime":6954.0,"start":176.1561,"end":176.46031},{"startTime":6954.0,"endTime":6955.0,"start":176.46031,"end":176.77147},{"startTime":6955.0,"endTime":6956.0,"start":176.77147,"end":177.09012},{"startTime":6956.0,"endTime":6957.0,"start":177.09012,"end":177.41609},{"startTime":6957.0,"endTime":6958.0,"start":177.41609,"end":177.74919},{"startTime":6958.0,"endTime":6959.0,"start":177.74919,"end":178.08997},{"startTime":6959.0,"endTime":6960.0,"start":178.08997,"end":178.4375},{"startTime":6960.0,"endTime":6961.0,"start":178.4375,"end":178.79309},{"startTime":6961.0,"endTime":6962.0,"start":178.79309,"end":179.15544},{"startTime":6962.0,"endTime":6963.0,"start":179.15544,"end":179.52547},{"startTime":6963.0,"endTime":6964.0,"start":179.52547,"end":179.90262},{"startTime":6964.0,"endTime":6965.0,"start":179.90262,"end":180.2871},{"startTime":6965.0,"endTime":6966.0,"start":180.2871,"end":180.67906},{"startTime":6966.0,"endTime":6967.0,"start":180.67906,"end":181.07797},{"startTime":6967.0,"endTime":6968.0,"start":181.07797,"end":181.48476},{"startTime":6968.0,"endTime":6969.0,"start":181.48476,"end":181.89828},{"startTime":6969.0,"endTime":6970.0,"start":181.89828,"end":182.31969},{"startTime":6970.0,"endTime":6971.0,"start":182.31969,"end":182.74803},{"startTime":6971.0,"endTime":6972.0,"start":182.74803,"end":183.18387},{"startTime":6972.0,"endTime":6973.0,"start":183.18387,"end":183.62703},{"startTime":6973.0,"endTime":6974.0,"start":183.62703,"end":184.07732},{"startTime":6974.0,"endTime":6975.0,"start":184.07732,"end":184.53528},{"startTime":6975.0,"endTime":6976.0,"start":184.53528,"end":185.0},{"startTime":6976.0,"endTime":6977.0,"start":185.0,"end":184.69244},{"startTime":6977.0,"endTime":6978.0,"start":184.69244,"end":184.39462},{"startTime":6978.0,"endTime":6979.0,"start":184.39462,"end":184.10657},{"startTime":6979.0,"endTime":6980.0,"start":184.10657,"end":183.82825},{"startTime":6980.0,"endTime":6981.0,"start":183.82825,"end":183.5597},{"startTime":6981.0,"endTime":6982.0,"start":183.5597,"end":183.30087},{"startTime":6982.0,"endTime":6983.0,"start":183.30087,"end":183.05182},{"startTime":6983.0,"endTime":6984.0,"start":183.05182,"end":182.8125},{"startTime":6984.0,"endTime":6985.0,"start":182.8125,"end":182.58307},{"startTime":6985.0,"endTime":6986.0,"start":182.58307,"end":182.36337},{"startTime":6986.0,"endTime":6987.0,"start":182.36337,"end":182.15344},{"startTime":6987.0,"endTime":6988.0,"start":182.15344,"end":181.95325},{"startTime":6988.0,"endTime":6989.0,"start":181.95325,"end":181.76282},{"startTime":6989.0,"endTime":6990.0,"start":181.76282,"end":181.58212},{"startTime":6990.0,"endTime":6991.0,"start":181.58212,"end":181.4112},{"startTime":6991.0,"endTime":6992.0,"start":181.4112,"end":181.25},{"startTime":6992.0,"endTime":6993.0,"start":181.25,"end":181.0987},{"startTime":6993.0,"endTime":6994.0,"start":181.0987,"end":180.95712},{"startTime":6994.0,"endTime":6995.0,"start":180.95712,"end":180.82532},{"startTime":6995.0,"endTime":6996.0,"start":180.82532,"end":180.70325},{"startTime":6996.0,"endTime":6997.0,"start":180.70325,"end":180.59094},{"startTime":6997.0,"endTime":6998.0,"start":180.59094,"end":180.48837},{"startTime":6998.0,"endTime":6999.0,"start":180.48837,"end":180.39557},{"startTime":6999.0,"endTime":7000.0,"start":180.39557,"end":180.3125},{"startTime":7000.0,"endTime":7001.0,"start":180.3125,"end":180.23932},{"startTime":7001.0,"endTime":7002.0,"start":180.23932,"end":180.17587},{"startTime":7002.0,"endTime":7003.0,"start":180.17587,"end":180.1222},{"startTime":7003.0,"endTime":7004.0,"start":180.1222,"end":180.07825},{"startTime":7004.0,"endTime":7005.0,"start":180.07825,"end":180.04407},{"startTime":7005.0,"endTime":7006.0,"start":180.04407,"end":180.01962},{"startTime":7006.0,"endTime":7007.0,"start":180.01962,"end":180.00494},{"startTime":7007.0,"endTime":7008.0,"start":180.00494,"end":180.0},{"startTime":7008.0,"endTime":7040.0,"start":180.0,"end":180.0},{"startTime":7040.0,"endTime":7041.0,"start":180.0,"end":180.00269},{"startTime":7041.0,"endTime":7042.0,"start":180.00269,"end":180.00987},{"startTime":7042.0,"endTime":7043.0,"start":180.00987,"end":180.02219},{"startTime":7043.0,"endTime":7044.0,"start":180.02219,"end":180.03925},{"startTime":7044.0,"endTime":7045.0,"start":180.03925,"end":180.06119},{"startTime":7045.0,"endTime":7046.0,"start":180.06119,"end":180.08812},{"startTime":7046.0,"endTime":7047.0,"start":180.08812,"end":180.11969},{"startTime":7047.0,"endTime":7048.0,"start":180.11969,"end":180.1565},{"startTime":7048.0,"endTime":7049.0,"start":180.1565,"end":180.19781},{"startTime":7049.0,"endTime":7050.0,"start":180.19781,"end":180.24437},{"startTime":7050.0,"endTime":7051.0,"start":180.24437,"end":180.29556},{"startTime":7051.0,"endTime":7052.0,"start":180.29556,"end":180.35175},{"startTime":7052.0,"endTime":7053.0,"start":180.35175,"end":180.41281},{"startTime":7053.0,"endTime":7054.0,"start":180.41281,"end":180.47862},{"startTime":7054.0,"endTime":7055.0,"start":180.47862,"end":180.54956},{"startTime":7055.0,"endTime":7056.0,"start":180.54956,"end":180.625},{"startTime":7056.0,"endTime":7057.0,"start":180.625,"end":180.70581},{"startTime":7057.0,"endTime":7058.0,"start":180.70581,"end":180.79112},{"startTime":7058.0,"endTime":7059.0,"start":180.79112,"end":180.88156},{"startTime":7059.0,"endTime":7060.0,"start":180.88156,"end":180.97675},{"startTime":7060.0,"endTime":7061.0,"start":180.97675,"end":181.07681},{"startTime":7061.0,"endTime":7062.0,"start":181.07681,"end":181.18187},{"startTime":7062.0,"endTime":7063.0,"start":181.18187,"end":181.29156},{"startTime":7063.0,"endTime":7064.0,"start":181.29156,"end":181.4065},{"startTime":7064.0,"endTime":7065.0,"start":181.4065,"end":181.52594},{"startTime":7065.0,"endTime":7066.0,"start":181.52594,"end":181.65062},{"startTime":7066.0,"endTime":7067.0,"start":181.65062,"end":181.77994},{"startTime":7067.0,"endTime":7068.0,"start":181.77994,"end":181.91425},{"startTime":7068.0,"endTime":7069.0,"start":181.91425,"end":182.05344},{"startTime":7069.0,"endTime":7070.0,"start":182.05344,"end":182.19737},{"startTime":7070.0,"endTime":7071.0,"start":182.19737,"end":182.34644},{"startTime":7071.0,"endTime":7072.0,"start":182.34644,"end":182.5},{"startTime":7072.0,"endTime":7073.0,"start":182.5,"end":182.65894},{"startTime":7073.0,"endTime":7074.0,"start":182.65894,"end":182.82237},{"startTime":7074.0,"endTime":7075.0,"start":182.82237,"end":182.99094},{"startTime":7075.0,"endTime":7076.0,"start":182.99094,"end":183.16425},{"startTime":7076.0,"endTime":7077.0,"start":183.16425,"end":183.34244},{"startTime":7077.0,"endTime":7078.0,"start":183.34244,"end":183.52562},{"startTime":7078.0,"endTime":7079.0,"start":183.52562,"end":183.71344},{"startTime":7079.0,"endTime":7080.0,"start":183.71344,"end":183.9065},{"startTime":7080.0,"endTime":7081.0,"start":183.9065,"end":184.10406},{"startTime":7081.0,"endTime":7082.0,"start":184.10406,"end":184.30687},{"startTime":7082.0,"endTime":7083.0,"start":184.30687,"end":184.51431},{"startTime":7083.0,"endTime":7084.0,"start":184.51431,"end":184.72675},{"startTime":7084.0,"endTime":7085.0,"start":184.72675,"end":184.94406},{"startTime":7085.0,"endTime":7086.0,"start":184.94406,"end":185.16612},{"startTime":7086.0,"endTime":7087.0,"start":185.16612,"end":185.39331},{"startTime":7087.0,"endTime":7088.0,"start":185.39331,"end":185.625},{"startTime":7088.0,"endTime":7089.0,"start":185.625,"end":185.86206},{"startTime":7089.0,"endTime":7090.0,"start":185.86206,"end":186.10362},{"startTime":7090.0,"endTime":7091.0,"start":186.10362,"end":186.35031},{"startTime":7091.0,"endTime":7092.0,"start":186.35031,"end":186.60175},{"startTime":7092.0,"endTime":7093.0,"start":186.60175,"end":186.85806},{"startTime":7093.0,"endTime":7094.0,"start":186.85806,"end":187.11937},{"startTime":7094.0,"endTime":7095.0,"start":187.11937,"end":187.38531},{"startTime":7095.0,"endTime":7096.0,"start":187.38531,"end":187.6565},{"startTime":7096.0,"endTime":7097.0,"start":187.6565,"end":187.93219},{"startTime":7097.0,"endTime":7098.0,"start":187.93219,"end":188.21312},{"startTime":7098.0,"endTime":7099.0,"start":188.21312,"end":188.49869},{"startTime":7099.0,"endTime":7100.0,"start":188.49869,"end":188.78925},{"startTime":7100.0,"endTime":7101.0,"start":188.78925,"end":189.08469},{"startTime":7101.0,"endTime":7102.0,"start":189.08469,"end":189.38487},{"startTime":7102.0,"endTime":7103.0,"start":189.38487,"end":189.69019},{"startTime":7103.0,"endTime":7104.0,"start":189.69019,"end":190.0},{"startTime":7104.0,"endTime":7168.0,"start":190.0,"end":190.0},{"startTime":7168.0,"endTime":7169.0,"start":190.0,"end":189.99597},{"startTime":7169.0,"endTime":7170.0,"start":189.99597,"end":189.98518},{"startTime":7170.0,"endTime":7171.0,"start":189.98518,"end":189.96672},{"startTime":7171.0,"endTime":7172.0,"start":189.96672,"end":189.94113},{"startTime":7172.0,"endTime":7173.0,"start":189.94113,"end":189.90822},{"startTime":7173.0,"endTime":7174.0,"start":189.90822,"end":189.86781},{"startTime":7174.0,"endTime":7175.0,"start":189.86781,"end":189.82047},{"startTime":7175.0,"endTime":7176.0,"start":189.82047,"end":189.76524},{"startTime":7176.0,"endTime":7177.0,"start":189.76524,"end":189.70328},{"startTime":7177.0,"endTime":7178.0,"start":189.70328,"end":189.63344},{"startTime":7178.0,"endTime":7179.0,"start":189.63344,"end":189.55666},{"startTime":7179.0,"endTime":7180.0,"start":189.55666,"end":189.47238},{"startTime":7180.0,"endTime":7181.0,"start":189.47238,"end":189.38078},{"startTime":7181.0,"endTime":7182.0,"start":189.38078,"end":189.28206},{"startTime":7182.0,"endTime":7183.0,"start":189.28206,"end":189.17566},{"startTime":7183.0,"endTime":7184.0,"start":189.17566,"end":189.0625},{"startTime":7184.0,"endTime":7185.0,"start":189.0625,"end":188.94128},{"startTime":7185.0,"endTime":7186.0,"start":188.94128,"end":188.81331},{"startTime":7186.0,"endTime":7187.0,"start":188.81331,"end":188.67766},{"startTime":7187.0,"endTime":7188.0,"start":188.67766,"end":188.53488},{"startTime":7188.0,"endTime":7189.0,"start":188.53488,"end":188.38478},{"startTime":7189.0,"endTime":7190.0,"start":188.38478,"end":188.22719},{"startTime":7190.0,"endTime":7191.0,"start":188.22719,"end":188.06265},{"startTime":7191.0,"endTime":7192.0,"start":188.06265,"end":187.89024},{"startTime":7192.0,"endTime":7193.0,"start":187.89024,"end":187.71109},{"startTime":7193.0,"endTime":7194.0,"start":187.71109,"end":187.52406},{"startTime":7194.0,"endTime":7195.0,"start":187.52406,"end":187.3301},{"startTime":7195.0,"endTime":7196.0,"start":187.3301,"end":187.12863},{"startTime":7196.0,"endTime":7197.0,"start":187.12863,"end":186.91985},{"startTime":7197.0,"endTime":7198.0,"start":186.91985,"end":186.70393},{"startTime":7198.0,"endTime":7199.0,"start":186.70393,"end":186.48035},{"startTime":7199.0,"endTime":7200.0,"start":186.48035,"end":186.25},{"startTime":7200.0,"endTime":7201.0,"start":186.25,"end":186.0116},{"startTime":7201.0,"endTime":7202.0,"start":186.0116,"end":185.76643},{"startTime":7202.0,"endTime":7203.0,"start":185.76643,"end":185.5136},{"startTime":7203.0,"endTime":7204.0,"start":185.5136,"end":185.25363},{"startTime":7204.0,"endTime":7205.0,"start":185.25363,"end":184.98634},{"startTime":7205.0,"endTime":7206.0,"start":184.98634,"end":184.71156},{"startTime":7206.0,"endTime":7207.0,"start":184.71156,"end":184.42984},{"startTime":7207.0,"endTime":7208.0,"start":184.42984,"end":184.14024},{"startTime":7208.0,"endTime":7209.0,"start":184.14024,"end":183.8439},{"startTime":7209.0,"endTime":7210.0,"start":183.8439,"end":183.53969},{"startTime":7210.0,"endTime":7211.0,"start":183.53969,"end":183.22853},{"startTime":7211.0,"endTime":7212.0,"start":183.22853,"end":182.90988},{"startTime":7212.0,"endTime":7213.0,"start":182.90988,"end":182.58391},{"startTime":7213.0,"endTime":7214.0,"start":182.58391,"end":182.25081},{"startTime":7214.0,"endTime":7215.0,"start":182.25081,"end":181.91003},{"startTime":7215.0,"endTime":7216.0,"start":181.91003,"end":181.5625},{"startTime":7216.0,"endTime":7217.0,"start":181.5625,"end":181.20691},{"startTime":7217.0,"endTime":7218.0,"start":181.20691,"end":180.84456},{"startTime":7218.0,"endTime":7219.0,"start":180.84456,"end":180.47453},{"startTime":7219.0,"endTime":7220.0,"start":180.47453,"end":180.09738},{"startTime":7220.0,"endTime":7221.0,"start":180.09738,"end":179.7129},{"startTime":7221.0,"endTime":7222.0,"start":179.7129,"end":179.32094},{"startTime":7222.0,"endTime":7223.0,"start":179.32094,"end":178.92203},{"startTime":7223.0,"endTime":7224.0,"start":178.92203,"end":178.51524},{"startTime":7224.0,"endTime":7225.0,"start":178.51524,"end":178.10172},{"startTime":7225.0,"endTime":7226.0,"start":178.10172,"end":177.68031},{"startTime":7226.0,"endTime":7227.0,"start":177.68031,"end":177.25197},{"startTime":7227.0,"endTime":7228.0,"start":177.25197,"end":176.81613},{"startTime":7228.0,"endTime":7229.0,"start":176.81613,"end":176.37297},{"startTime":7229.0,"endTime":7230.0,"start":176.37297,"end":175.92268},{"startTime":7230.0,"endTime":7231.0,"start":175.92268,"end":175.46472},{"startTime":7231.0,"endTime":7232.0,"start":175.46472,"end":175.0},{"startTime":7232.0,"endTime":7233.0,"start":175.0,"end":175.30756},{"startTime":7233.0,"endTime":7234.0,"start":175.30756,"end":175.60538},{"startTime":7234.0,"endTime":7235.0,"start":175.60538,"end":175.89343},{"startTime":7235.0,"endTime":7236.0,"start":175.89343,"end":176.17175},{"startTime":7236.0,"endTime":7237.0,"start":176.17175,"end":176.4403},{"startTime":7237.0,"endTime":7238.0,"start":176.4403,"end":176.69913},{"startTime":7238.0,"endTime":7239.0,"start":176.69913,"end":176.94818},{"startTime":7239.0,"endTime":7240.0,"start":176.94818,"end":177.1875},{"startTime":7240.0,"endTime":7241.0,"start":177.1875,"end":177.41693},{"startTime":7241.0,"endTime":7242.0,"start":177.41693,"end":177.63663},{"startTime":7242.0,"endTime":7243.0,"start":177.63663,"end":177.84656},{"startTime":7243.0,"endTime":7244.0,"start":177.84656,"end":178.04675},{"startTime":7244.0,"endTime":7245.0,"start":178.04675,"end":178.23718},{"startTime":7245.0,"endTime":7246.0,"start":178.23718,"end":178.41788},{"startTime":7246.0,"endTime":7247.0,"start":178.41788,"end":178.5888},{"startTime":7247.0,"endTime":7248.0,"start":178.5888,"end":178.75},{"startTime":7248.0,"endTime":7249.0,"start":178.75,"end":178.9013},{"startTime":7249.0,"endTime":7250.0,"start":178.9013,"end":179.04288},{"startTime":7250.0,"endTime":7251.0,"start":179.04288,"end":179.17468},{"startTime":7251.0,"endTime":7252.0,"start":179.17468,"end":179.29675},{"startTime":7252.0,"endTime":7253.0,"start":179.29675,"end":179.40906},{"startTime":7253.0,"endTime":7254.0,"start":179.40906,"end":179.51163},{"startTime":7254.0,"endTime":7255.0,"start":179.51163,"end":179.60443},{"startTime":7255.0,"endTime":7256.0,"start":179.60443,"end":179.6875},{"startTime":7256.0,"endTime":7257.0,"start":179.6875,"end":179.76068},{"startTime":7257.0,"endTime":7258.0,"start":179.76068,"end":179.82413},{"startTime":7258.0,"endTime":7259.0,"start":179.82413,"end":179.8778},{"startTime":7259.0,"endTime":7260.0,"start":179.8778,"end":179.92175},{"startTime":7260.0,"endTime":7261.0,"start":179.92175,"end":179.95593},{"startTime":7261.0,"endTime":7262.0,"start":179.95593,"end":179.98038},{"startTime":7262.0,"endTime":7263.0,"start":179.98038,"end":179.99506},{"startTime":7263.0,"endTime":7264.0,"start":179.99506,"end":180.0},{"startTime":7264.0,"endTime":8320.0,"start":180.0,"end":180.0},{"startTime":8320.0,"endTime":10112.0,"start":180.0,"end":0.0},{"startTime":10112.0,"endTime":1000000000.0,"start":0.0,"end":0.0}],"judgeLineDisappearEvents":[{"startTime":-999999.0,"endTime":7360.0,"start":1.0,"end":1.0},{"startTime":7360.0,"endTime":7376.0,"start":1.0,"end":0.2},{"startTime":7376.0,"endTime":7392.0,"start":0.2,"end":1.0},{"startTime":7392.0,"endTime":7616.0,"start":1.0,"end":1.0},{"startTime":7616.0,"endTime":7632.0,"start":1.0,"end":0.2},{"startTime":7632.0,"endTime":7648.0,"start":0.2,"end":1.0},{"startTime":7648.0,"endTime":7872.0,"start":1.0,"end":1.0},{"startTime":7872.0,"endTime":7888.0,"start":1.0,"end":0.2},{"startTime":7888.0,"endTime":7904.0,"start":0.2,"end":1.0},{"startTime":7904.0,"endTime":1000000000.0,"start":1.0,"end":1.0}]},{"bpm":175.0,"notesAbove":[],"notesBelow":[],"speedEvents":[{"startTime":0.0,"endTime":1000000000.0,"value":1.0}],"judgeLineMoveEvents":[{"startTime":-999999.0,"endTime":4160.0,"start":791260.0,"end":791260.0},{"startTime":4160.0,"endTime":4161.0,"start":791260.0,"end":781260.0},{"startTime":4161.0,"endTime":4162.0,"start":781260.0,"end":770260.0},{"startTime":4162.0,"endTime":4164.0,"start":770260.0,"end":750260.0},{"startTime":4164.0,"endTime":4165.0,"start":750260.0,"end":741260.0},{"startTime":4165.0,"endTime":4167.0,"start":741260.0,"end":723260.0},{"startTime":4167.0,"endTime":4168.0,"start":723260.0,"end":715260.0},{"startTime":4168.0,"endTime":4169.0,"start":715260.0,"end":706260.0},{"startTime":4169.0,"endTime":4170.0,"start":706260.0,"end":699260.0},{"startTime":4170.0,"endTime":4171.0,"start":699260.0,"end":691260.0},{"startTime":4171.0,"endTime":4172.0,"start":691260.0,"end":684260.0},{"startTime":4172.0,"endTime":4173.0,"start":684260.0,"end":678260.0},{"startTime":4173.0,"endTime":4174.0,"start":678260.0,"end":671260.0},{"startTime":4174.0,"endTime":4175.0,"start":671260.0,"end":665260.0},{"startTime":4175.0,"endTime":4176.0,"start":665260.0,"end":660260.0},{"startTime":4176.0,"endTime":4177.0,"start":660260.0,"end":654260.0},{"startTime":4177.0,"endTime":4178.0,"start":654260.0,"end":649260.0},{"startTime":4178.0,"endTime":4179.0,"start":649260.0,"end":645260.0},{"startTime":4179.0,"endTime":4180.0,"start":645260.0,"end":640260.0},{"startTime":4180.0,"endTime":4181.0,"start":640260.0,"end":636260.0},{"startTime":4181.0,"endTime":4182.0,"start":636260.0,"end":633260.0},{"startTime":4182.0,"endTime":4183.0,"start":633260.0,"end":629260.0},{"startTime":4183.0,"endTime":4184.0,"start":629260.0,"end":626260.0},{"startTime":4184.0,"endTime":4188.0,"start":626260.0,"end":618260.0},{"startTime":4188.0,"endTime":4190.0,"start":618260.0,"end":616260.0},{"startTime":4190.0,"endTime":4191.0,"start":616260.0,"end":616260.0},{"startTime":4191.0,"endTime":4192.0,"start":616260.0,"end":615260.0},{"startTime":4192.0,"endTime":1000000000.0,"start":615260.0,"end":615260.0}],"judgeLineRotateEvents":[{"startTime":-999999.0,"endTime":1000000000.0,"start":90.0,"end":90.0}],"judgeLineDisappearEvents":[{"startTime":-999999.0,"endTime":3200.0,"start":0.0,"end":0.0},{"startTime":3200.0,"endTime":3712.0,"start":0.0,"end":1.0},{"startTime":3712.0,"endTime":4160.0,"start":1.0,"end":1.0},{"startTime":4160.0,"endTime":4192.0,"start":1.0,"end":0.0},{"startTime":4192.0,"endTime":1000000000.0,"start":0.0,"end":0.0}]},{"bpm":175.0,"notesAbove":[],"notesBelow":[],"speedEvents":[{"startTime":0.0,"endTime":1000000000.0,"value":1.0}],"judgeLineMoveEvents":[{"startTime":-999999.0,"endTime":3712.0,"start":88260.0,"end":88260.0},{"startTime":3712.0,"endTime":4160.0,"start":88260.0,"end":87260.0},{"startTime":4160.0,"endTime":4161.0,"start":87260.0,"end":98260.0},{"startTime":4161.0,"endTime":4162.0,"start":98260.0,"end":109260.0},{"startTime":4162.0,"endTime":4163.0,"start":109260.0,"end":119260.0},{"startTime":4163.0,"endTime":4164.0,"start":119260.0,"end":129260.0},{"startTime":4164.0,"endTime":4166.0,"start":129260.0,"end":147260.0},{"startTime":4166.0,"endTime":4167.0,"start":147260.0,"end":156260.0},{"startTime":4167.0,"endTime":4168.0,"start":156260.0,"end":165260.0},{"startTime":4168.0,"endTime":4169.0,"start":165260.0,"end":173260.0},{"startTime":4169.0,"endTime":4170.0,"start":173260.0,"end":180260.0},{"startTime":4170.0,"endTime":4171.0,"start":180260.0,"end":188260.0},{"startTime":4171.0,"endTime":4172.0,"start":188260.0,"end":195260.0},{"startTime":4172.0,"endTime":4173.0,"start":195260.0,"end":201260.0},{"startTime":4173.0,"endTime":4174.0,"start":201260.0,"end":208260.0},{"startTime":4174.0,"endTime":4175.0,"start":208260.0,"end":214260.0},{"startTime":4175.0,"endTime":4176.0,"start":214260.0,"end":220260.0},{"startTime":4176.0,"endTime":4178.0,"start":220260.0,"end":230260.0},{"startTime":4178.0,"endTime":4179.0,"start":230260.0,"end":234260.0},{"startTime":4179.0,"endTime":4180.0,"start":234260.0,"end":239260.0},{"startTime":4180.0,"endTime":4181.0,"start":239260.0,"end":243260.0},{"startTime":4181.0,"endTime":4182.0,"start":243260.0,"end":246260.0},{"startTime":4182.0,"endTime":4183.0,"start":246260.0,"end":250260.0},{"startTime":4183.0,"endTime":4184.0,"start":250260.0,"end":253260.0},{"startTime":4184.0,"endTime":4188.0,"start":253260.0,"end":261260.0},{"startTime":4188.0,"endTime":4189.0,"start":261260.0,"end":262260.0},{"startTime":4189.0,"endTime":4190.0,"start":262260.0,"end":263260.0},{"startTime":4190.0,"endTime":4191.0,"start":263260.0,"end":263260.0},{"startTime":4191.0,"endTime":4192.0,"start":263260.0,"end":264260.0},{"startTime":4192.0,"endTime":1000000000.0,"start":264260.0,"end":264260.0}],"judgeLineRotateEvents":[{"startTime":-999999.0,"endTime":1000000000.0,"start":90.0,"end":90.0}],"judgeLineDisappearEvents":[{"startTime":-999999.0,"endTime":3200.0,"start":0.0,"end":0.0},{"startTime":3200.0,"endTime":3712.0,"start":0.0,"end":1.0},{"startTime":3712.0,"endTime":4160.0,"start":1.0,"end":1.0},{"startTime":4160.0,"endTime":4192.0,"start":1.0,"end":0.0},{"startTime":4192.0,"endTime":1000000000.0,"start":0.0,"end":0.0}]}]}