{"formatVersion":3,"offset":0.0,"judgeLineList":[{"bpm":160.0,"notesAbove":[{"type":1,"time":128,"positionX":0.386343,"holdTime":0.0,"speed":1.0,"floorPosition":1.9499999},{"type":1,"time":152,"positionX":-3.189577,"holdTime":0.0,"speed":1.0,"floorPosition":2.315625},{"type":1,"time":176,"positionX":2.273136,"holdTime":0.0,"speed":1.0,"floorPosition":2.6812499},{"type":1,"time":256,"positionX":-2.866127,"holdTime":0.0,"speed":1.0,"floorPosition":3.8999999},{"type":1,"time":280,"positionX":2.45283,"holdTime":0.0,"speed":1.0,"floorPosition":4.265625},{"type":1,"time":304,"positionX":-4.249775,"holdTime":0.0,"speed":1.0,"floorPosition":4.63125},{"type":1,"time":384,"positionX":3.45912,"holdTime":0.0,"speed":1.0,"floorPosition":5.85},{"type":1,"time":408,"positionX":0.548068,"holdTime":0.0,"speed":1.0,"floorPosition":6.215625},{"type":1,"time":432,"positionX":-3.728662,"holdTime":0.0,"speed":1.0,"floorPosition":6.5812497},{"type":1,"time":512,"positionX":1.033243,"holdTime":0.0,"speed":1.0,"floorPosition":7.7999997},{"type":1,"time":536,"positionX":-3.171608,"holdTime":0.0,"speed":1.0,"floorPosition":8.165625},{"type":1,"time":560,"positionX":3.207548,"holdTime":0.0,"speed":1.0,"floorPosition":8.53125},{"type":1,"time":576,"positionX":-3.279425,"holdTime":0.0,"speed":1.0,"floorPosition":8.775},{"type":1,"time":608,"positionX":2.327044,"holdTime":0.0,"speed":1.0,"floorPosition":9.2625},{"type":1,"time":640,"positionX":-3.746632,"holdTime":0.0,"speed":1.0,"floorPosition":9.75},{"type":1,"time":664,"positionX":1.662174,"holdTime":0.0,"speed":1.0,"floorPosition":10.115624},{"type":1,"time":688,"positionX":-1.859838,"holdTime":0.0,"speed":1.0,"floorPosition":10.48125},{"type":1,"time":736,"positionX":3.513027,"holdTime":0.0,"speed":1.0,"floorPosition":11.2125},{"type":1,"time":768,"positionX":-2.830189,"holdTime":0.0,"speed":1.0,"floorPosition":11.7},{"type":1,"time":832,"positionX":3.351302,"holdTime":0.0,"speed":1.0,"floorPosition":12.674999},{"type":1,"time":896,"positionX":-3.638814,"holdTime":0.0,"speed":1.0,"floorPosition":13.65},{"type":1,"time":960,"positionX":2.973944,"holdTime":0.0,"speed":1.0,"floorPosition":14.624999},{"type":1,"time":1024,"positionX":-2.45283,"holdTime":0.0,"speed":1.0,"floorPosition":15.599999},{"type":1,"time":1088,"positionX":-3.764601,"holdTime":0.0,"speed":1.0,"floorPosition":16.574999},{"type":2,"time":1152,"positionX":3.387241,"holdTime":0.0,"speed":1.0,"floorPosition":17.55},{"type":1,"time":1152,"positionX":-4.285714,"holdTime":0.0,"speed":1.0,"floorPosition":17.55},{"type":2,"time":1176,"positionX":1.931716,"holdTime":0.0,"speed":1.0,"floorPosition":17.915625},{"type":2,"time":1200,"positionX":2.991914,"holdTime":0.0,"speed":1.0,"floorPosition":18.28125},{"type":4,"time":1216,"positionX":-2.830189,"holdTime":0.0,"speed":1.0,"floorPosition":18.525},{"type":2,"time":1248,"positionX":4.303684,"holdTime":0.0,"speed":1.0,"floorPosition":19.012499},{"type":2,"time":1264,"positionX":3.361572,"holdTime":0.0,"speed":1.0,"floorPosition":19.256248},{"type":2,"time":1280,"positionX":2.362983,"holdTime":0.0,"speed":1.0,"floorPosition":19.5},{"type":1,"time":1280,"positionX":-5.238095,"holdTime":0.0,"speed":1.0,"floorPosition":19.5},{"type":2,"time":1304,"positionX":3.1177,"holdTime":0.0,"speed":1.0,"floorPosition":19.865623},{"type":2,"time":1328,"positionX":4.159928,"holdTime":0.0,"speed":1.0,"floorPosition":20.231249},{"type":4,"time":1344,"positionX":-2.11141,"holdTime":0.0,"speed":1.0,"floorPosition":20.474998},{"type":2,"time":1376,"positionX":3.477088,"holdTime":0.0,"speed":1.0,"floorPosition":20.9625},{"type":2,"time":1392,"positionX":1.374663,"holdTime":0.0,"speed":1.0,"floorPosition":21.20625},{"type":2,"time":1408,"positionX":4.42947,"holdTime":0.0,"speed":1.0,"floorPosition":21.449999},{"type":1,"time":1408,"positionX":-5.579515,"holdTime":0.0,"speed":1.0,"floorPosition":21.449999},{"type":2,"time":1432,"positionX":5.705302,"holdTime":0.0,"speed":1.0,"floorPosition":21.815624},{"type":2,"time":1456,"positionX":2.77628,"holdTime":0.0,"speed":1.0,"floorPosition":22.18125},{"type":4,"time":1472,"positionX":-3.13567,"holdTime":0.0,"speed":1.0,"floorPosition":22.425},{"type":2,"time":1504,"positionX":3.746631,"holdTime":0.0,"speed":1.0,"floorPosition":22.912498},{"type":2,"time":1520,"positionX":1.248877,"holdTime":0.0,"speed":1.0,"floorPosition":23.15625},{"type":2,"time":1536,"positionX":4.734951,"holdTime":0.0,"speed":1.0,"floorPosition":23.4},{"type":1,"time":1536,"positionX":-4.0,"holdTime":0.0,"speed":1.0,"floorPosition":23.4},{"type":2,"time":1560,"positionX":6.298293,"holdTime":0.0,"speed":1.0,"floorPosition":23.765625},{"type":2,"time":1584,"positionX":3.584906,"holdTime":0.0,"speed":1.0,"floorPosition":24.131248},{"type":4,"time":1600,"positionX":-3.369272,"holdTime":0.0,"speed":1.0,"floorPosition":24.375},{"type":2,"time":1600,"positionX":5.112309,"holdTime":0.0,"speed":1.0,"floorPosition":24.375},{"type":2,"time":1616,"positionX":4.177898,"holdTime":0.0,"speed":1.0,"floorPosition":24.61875},{"type":2,"time":1632,"positionX":3.67732,"holdTime":0.0,"speed":1.0,"floorPosition":24.8625},{"type":2,"time":1648,"positionX":3.131441,"holdTime":0.0,"speed":1.0,"floorPosition":25.106249},{"type":2,"time":1664,"positionX":2.542677,"holdTime":0.0,"speed":1.0,"floorPosition":25.349998},{"type":1,"time":1664,"positionX":-4.0,"holdTime":0.0,"speed":1.0,"floorPosition":25.349998},{"type":2,"time":1688,"positionX":4.10602,"holdTime":0.0,"speed":1.0,"floorPosition":25.715624},{"type":2,"time":1712,"positionX":5.220126,"holdTime":0.0,"speed":1.0,"floorPosition":26.08125},{"type":4,"time":1728,"positionX":-3.261456,"holdTime":0.0,"speed":1.0,"floorPosition":26.324999},{"type":2,"time":1760,"positionX":4.159928,"holdTime":0.0,"speed":1.0,"floorPosition":26.812498},{"type":2,"time":1792,"positionX":1.734052,"holdTime":0.0,"speed":1.0,"floorPosition":27.3},{"type":1,"time":1792,"positionX":-4.0,"holdTime":0.0,"speed":1.0,"floorPosition":27.3},{"type":2,"time":1816,"positionX":2.77628,"holdTime":0.0,"speed":1.0,"floorPosition":27.665625},{"type":2,"time":1840,"positionX":4.645103,"holdTime":0.0,"speed":1.0,"floorPosition":28.031248},{"type":2,"time":1856,"positionX":6.100628,"holdTime":0.0,"speed":1.0,"floorPosition":28.275},{"type":4,"time":1856,"positionX":-2.542677,"holdTime":0.0,"speed":1.0,"floorPosition":28.275},{"type":2,"time":1872,"positionX":5.507637,"holdTime":0.0,"speed":1.0,"floorPosition":28.51875},{"type":2,"time":1888,"positionX":4.995507,"holdTime":0.0,"speed":1.0,"floorPosition":28.762499},{"type":2,"time":1904,"positionX":4.366576,"holdTime":0.0,"speed":1.0,"floorPosition":29.006248},{"type":2,"time":1920,"positionX":4.42947,"holdTime":0.0,"speed":1.0,"floorPosition":29.249998},{"type":3,"time":1920,"positionX":-3.45912,"holdTime":96.0,"speed":1.3,"floorPosition":29.249998},{"type":2,"time":1944,"positionX":3.836478,"holdTime":0.0,"speed":1.0,"floorPosition":29.615623},{"type":2,"time":1968,"positionX":5.525607,"holdTime":0.0,"speed":1.0,"floorPosition":29.981249},{"type":2,"time":1984,"positionX":5.543575,"holdTime":0.0,"speed":1.0,"floorPosition":30.224998},{"type":2,"time":2008,"positionX":4.159928,"holdTime":0.0,"speed":1.0,"floorPosition":30.590624},{"type":2,"time":2032,"positionX":2.380952,"holdTime":0.0,"speed":1.0,"floorPosition":30.95625},{"type":1,"time":2048,"positionX":-3.890387,"holdTime":0.0,"speed":1.0,"floorPosition":31.199999},{"type":3,"time":2048,"positionX":4.08805,"holdTime":96.0,"speed":1.3,"floorPosition":31.199999},{"type":1,"time":2080,"positionX":-0.6199465,"holdTime":0.0,"speed":1.0,"floorPosition":31.687498},{"type":1,"time":2112,"positionX":-4.213837,"holdTime":0.0,"speed":1.0,"floorPosition":32.175},{"type":1,"time":2144,"positionX":-0.8176098,"holdTime":0.0,"speed":1.0,"floorPosition":32.6625},{"type":2,"time":2160,"positionX":-3.5,"holdTime":0.0,"speed":1.0,"floorPosition":32.90625},{"type":2,"time":2168,"positionX":-4.083333,"holdTime":0.0,"speed":1.0,"floorPosition":33.028122},{"type":2,"time":2176,"positionX":-4.6666665,"holdTime":0.0,"speed":1.0,"floorPosition":33.149998},{"type":1,"time":2176,"positionX":3.7646,"holdTime":0.0,"speed":1.0,"floorPosition":33.149998},{"type":4,"time":2208,"positionX":-3.566936,"holdTime":0.0,"speed":1.0,"floorPosition":33.637497},{"type":1,"time":2224,"positionX":3.962264,"holdTime":0.0,"speed":1.0,"floorPosition":33.88125},{"type":1,"time":2256,"positionX":3.566936,"holdTime":0.0,"speed":1.0,"floorPosition":34.368748},{"type":4,"time":2272,"positionX":-4.088051,"holdTime":0.0,"speed":1.0,"floorPosition":34.6125},{"type":1,"time":2288,"positionX":3.620845,"holdTime":0.0,"speed":1.0,"floorPosition":34.856247},{"type":1,"time":2304,"positionX":3.548968,"holdTime":0.0,"speed":1.0,"floorPosition":35.1},{"type":1,"time":2320,"positionX":3.602874,"holdTime":0.0,"speed":1.0,"floorPosition":35.34375},{"type":4,"time":2336,"positionX":-3.944294,"holdTime":0.0,"speed":1.0,"floorPosition":35.587498},{"type":1,"time":2352,"positionX":3.423181,"holdTime":0.0,"speed":1.0,"floorPosition":35.83125},{"type":1,"time":2384,"positionX":4.950583,"holdTime":0.0,"speed":1.0,"floorPosition":36.31875},{"type":4,"time":2400,"positionX":-3.495058,"holdTime":0.0,"speed":1.0,"floorPosition":36.5625},{"type":1,"time":2416,"positionX":5.184187,"holdTime":0.0,"speed":1.0,"floorPosition":36.806248},{"type":1,"time":2432,"positionX":5.148249,"holdTime":0.0,"speed":1.0,"floorPosition":37.05},{"type":4,"time":2464,"positionX":-4.537287,"holdTime":0.0,"speed":1.0,"floorPosition":37.5375},{"type":1,"time":2480,"positionX":4.375562,"holdTime":0.0,"speed":1.0,"floorPosition":37.78125},{"type":1,"time":2512,"positionX":3.7646,"holdTime":0.0,"speed":1.0,"floorPosition":38.26875},{"type":4,"time":2528,"positionX":-3.566936,"holdTime":0.0,"speed":1.0,"floorPosition":38.512497},{"type":1,"time":2544,"positionX":3.620845,"holdTime":0.0,"speed":1.0,"floorPosition":38.75625},{"type":3,"time":2560,"positionX":0.008984566,"holdTime":64.0,"speed":1.3,"floorPosition":39.0},{"type":1,"time":3200,"positionX":-2.11141,"holdTime":0.0,"speed":1.0,"floorPosition":48.75},{"type":1,"time":3224,"positionX":2.650495,"holdTime":0.0,"speed":1.0,"floorPosition":49.115623},{"type":1,"time":3248,"positionX":-3.908356,"holdTime":0.0,"speed":1.0,"floorPosition":49.481247},{"type":1,"time":3296,"positionX":1.78796,"holdTime":0.0,"speed":1.0,"floorPosition":50.212498},{"type":1,"time":3328,"positionX":-4.016172,"holdTime":0.0,"speed":1.0,"floorPosition":50.699997},{"type":1,"time":3352,"positionX":2.398922,"holdTime":0.0,"speed":1.0,"floorPosition":51.065624},{"type":1,"time":3376,"positionX":-3.890387,"holdTime":0.0,"speed":1.0,"floorPosition":51.431248},{"type":1,"time":3424,"positionX":2.398922,"holdTime":0.0,"speed":1.0,"floorPosition":52.1625},{"type":1,"time":3456,"positionX":-2.884097,"holdTime":0.0,"speed":1.0,"floorPosition":52.649998},{"type":1,"time":3480,"positionX":0.4222822,"holdTime":0.0,"speed":1.0,"floorPosition":53.01562},{"type":1,"time":3504,"positionX":3.387241,"holdTime":0.0,"speed":1.0,"floorPosition":53.38125},{"type":1,"time":3552,"positionX":-2.884097,"holdTime":0.0,"speed":1.0,"floorPosition":54.1125},{"type":1,"time":3584,"positionX":1.823898,"holdTime":0.0,"speed":1.0,"floorPosition":54.6},{"type":1,"time":3608,"positionX":-3.764601,"holdTime":0.0,"speed":1.0,"floorPosition":54.965622},{"type":1,"time":3632,"positionX":1.698112,"holdTime":0.0,"speed":1.0,"floorPosition":55.33125},{"type":1,"time":3648,"positionX":-3.117701,"holdTime":0.0,"speed":1.0,"floorPosition":55.574997},{"type":1,"time":3680,"positionX":0.9613657,"holdTime":0.0,"speed":1.0,"floorPosition":56.062496},{"type":1,"time":3712,"positionX":-2.758311,"holdTime":0.0,"speed":1.0,"floorPosition":56.55},{"type":1,"time":3736,"positionX":2.345014,"holdTime":0.0,"speed":1.0,"floorPosition":56.915623},{"type":1,"time":3760,"positionX":-2.704402,"holdTime":0.0,"speed":1.0,"floorPosition":57.281246},{"type":1,"time":3808,"positionX":3.297395,"holdTime":0.0,"speed":1.0,"floorPosition":58.012497},{"type":1,"time":3840,"positionX":-3.09973,"holdTime":0.0,"speed":1.0,"floorPosition":58.499996},{"type":1,"time":3864,"positionX":-0.386344,"holdTime":0.0,"speed":1.0,"floorPosition":58.865623},{"type":1,"time":3888,"positionX":2.165318,"holdTime":0.0,"speed":1.0,"floorPosition":59.231247},{"type":1,"time":3936,"positionX":-2.524709,"holdTime":0.0,"speed":1.0,"floorPosition":59.962498},{"type":1,"time":3968,"positionX":-4.177897,"holdTime":0.0,"speed":1.0,"floorPosition":60.449997},{"type":1,"time":3992,"positionX":-0.2785263,"holdTime":0.0,"speed":1.0,"floorPosition":60.815624},{"type":1,"time":4016,"positionX":-2.093441,"holdTime":0.0,"speed":1.0,"floorPosition":61.181248},{"type":1,"time":4064,"positionX":1.356693,"holdTime":0.0,"speed":1.0,"floorPosition":61.9125},{"type":1,"time":4096,"positionX":-2.991914,"holdTime":0.0,"speed":1.0,"floorPosition":62.399998},{"type":1,"time":4120,"positionX":0.2964954,"holdTime":0.0,"speed":1.0,"floorPosition":62.76562},{"type":1,"time":4144,"positionX":-2.938005,"holdTime":0.0,"speed":1.0,"floorPosition":63.13125},{"type":1,"time":4160,"positionX":-0.04492378,"holdTime":0.0,"speed":1.0,"floorPosition":63.374996},{"type":1,"time":4192,"positionX":-1.123091,"holdTime":0.0,"speed":1.0,"floorPosition":63.8625},{"type":1,"time":4224,"positionX":-2.147349,"holdTime":0.0,"speed":1.0,"floorPosition":64.35},{"type":1,"time":4352,"positionX":0.2964954,"holdTime":0.0,"speed":1.0,"floorPosition":66.299995},{"type":1,"time":4416,"positionX":-1.913747,"holdTime":0.0,"speed":1.0,"floorPosition":67.274994},{"type":1,"time":4480,"positionX":2.003593,"holdTime":0.0,"speed":1.0,"floorPosition":68.25},{"type":1,"time":4608,"positionX":-0.386344,"holdTime":0.0,"speed":1.0,"floorPosition":70.2},{"type":1,"time":4672,"positionX":2.021564,"holdTime":0.0,"speed":1.0,"floorPosition":71.174995},{"type":1,"time":4736,"positionX":-1.464511,"holdTime":0.0,"speed":1.0,"floorPosition":72.149994},{"type":1,"time":4864,"positionX":0.02695465,"holdTime":0.0,"speed":1.0,"floorPosition":74.1},{"type":1,"time":4912,"positionX":-2.201258,"holdTime":0.0,"speed":1.0,"floorPosition":74.831245},{"type":1,"time":4960,"positionX":-0.6738548,"holdTime":0.0,"speed":1.0,"floorPosition":75.5625},{"type":1,"time":4992,"positionX":0.4761896,"holdTime":0.0,"speed":1.0,"floorPosition":76.049995},{"type":1,"time":5040,"positionX":-2.039534,"holdTime":0.0,"speed":1.0,"floorPosition":76.78125},{"type":1,"time":5088,"positionX":-2.093441,"holdTime":0.0,"speed":1.0,"floorPosition":77.5125},{"type":1,"time":6144,"positionX":-1.410602,"holdTime":0.0,"speed":1.0,"floorPosition":94.274994},{"type":1,"time":6272,"positionX":0.1168013,"holdTime":0.0,"speed":1.0,"floorPosition":96.524994},{"type":1,"time":6320,"positionX":-4.016172,"holdTime":0.0,"speed":1.0,"floorPosition":97.368744},{"type":1,"time":6336,"positionX":3.171607,"holdTime":0.0,"speed":1.0,"floorPosition":97.649994},{"type":1,"time":6368,"positionX":-2.758311,"holdTime":0.0,"speed":1.0,"floorPosition":98.212494},{"type":1,"time":6400,"positionX":2.991914,"holdTime":0.0,"speed":1.0,"floorPosition":98.774994},{"type":1,"time":6424,"positionX":-3.315363,"holdTime":0.0,"speed":1.0,"floorPosition":99.19687},{"type":1,"time":6448,"positionX":3.081761,"holdTime":0.0,"speed":1.0,"floorPosition":99.618744},{"type":1,"time":6464,"positionX":-3.243486,"holdTime":0.0,"speed":1.0,"floorPosition":99.899994},{"type":1,"time":6496,"positionX":1.823898,"holdTime":0.0,"speed":1.0,"floorPosition":100.462494},{"type":1,"time":6528,"positionX":-2.830189,"holdTime":0.0,"speed":1.0,"floorPosition":101.024994},{"type":1,"time":6552,"positionX":1.680144,"holdTime":0.0,"speed":1.0,"floorPosition":101.44687},{"type":1,"time":6576,"positionX":-2.039534,"holdTime":0.0,"speed":1.0,"floorPosition":101.868744},{"type":1,"time":6592,"positionX":2.991914,"holdTime":0.0,"speed":1.0,"floorPosition":102.149994},{"type":1,"time":6624,"positionX":-3.530997,"holdTime":0.0,"speed":1.0,"floorPosition":102.712494},{"type":1,"time":6656,"positionX":1.967655,"holdTime":0.0,"speed":1.0,"floorPosition":103.274994},{"type":1,"time":6680,"positionX":-2.021563,"holdTime":0.0,"speed":1.0,"floorPosition":103.69687},{"type":1,"time":6704,"positionX":2.614555,"holdTime":0.0,"speed":1.0,"floorPosition":104.118744},{"type":1,"time":6720,"positionX":-3.944294,"holdTime":0.0,"speed":1.0,"floorPosition":104.399994},{"type":1,"time":6752,"positionX":-0.8715191,"holdTime":0.0,"speed":1.0,"floorPosition":104.962494},{"type":1,"time":6784,"positionX":2.650495,"holdTime":0.0,"speed":1.0,"floorPosition":105.524994},{"type":1,"time":6816,"positionX":-2.201258,"holdTime":0.0,"speed":1.0,"floorPosition":106.087494},{"type":1,"time":6832,"positionX":3.333334,"holdTime":0.0,"speed":1.0,"floorPosition":106.368744},{"type":1,"time":6848,"positionX":-3.800539,"holdTime":0.0,"speed":1.0,"floorPosition":106.649994},{"type":1,"time":6880,"positionX":2.398922,"holdTime":0.0,"speed":1.0,"floorPosition":107.212494},{"type":1,"time":6912,"positionX":-2.668464,"holdTime":0.0,"speed":1.0,"floorPosition":107.774994},{"type":1,"time":6944,"positionX":3.243487,"holdTime":0.0,"speed":1.0,"floorPosition":108.337494},{"type":1,"time":6976,"positionX":-3.638814,"holdTime":0.0,"speed":1.0,"floorPosition":108.899994},{"type":1,"time":7008,"positionX":1.105122,"holdTime":0.0,"speed":1.0,"floorPosition":109.462494},{"type":1,"time":7040,"positionX":-2.668464,"holdTime":0.0,"speed":1.0,"floorPosition":110.024994},{"type":1,"time":7104,"positionX":1.410603,"holdTime":0.0,"speed":1.0,"floorPosition":111.149994},{"type":1,"time":7136,"positionX":-1.931716,"holdTime":0.0,"speed":1.0,"floorPosition":111.712494},{"type":1,"time":7168,"positionX":2.327044,"holdTime":0.0,"speed":1.0,"floorPosition":112.274994},{"type":1,"time":7232,"positionX":-4.285714,"holdTime":0.0,"speed":1.0,"floorPosition":113.399994},{"type":1,"time":7264,"positionX":4.914645,"holdTime":0.0,"speed":1.0,"floorPosition":113.962494},{"type":1,"time":7296,"positionX":0.5660381,"holdTime":0.0,"speed":1.0,"floorPosition":114.524994},{"type":2,"time":7312,"positionX":-3.78257,"holdTime":0.0,"speed":1.0,"floorPosition":114.806244},{"type":2,"time":7344,"positionX":-3.926325,"holdTime":0.0,"speed":1.0,"floorPosition":115.368744},{"type":1,"time":7360,"positionX":4.303684,"holdTime":0.0,"speed":1.0,"floorPosition":115.649994},{"type":2,"time":7376,"positionX":-4.483378,"holdTime":0.0,"speed":1.0,"floorPosition":115.931244},{"type":2,"time":7408,"positionX":-4.465408,"holdTime":0.0,"speed":1.0,"floorPosition":116.493744},{"type":1,"time":7424,"positionX":0.6199465,"holdTime":0.0,"speed":1.0,"floorPosition":116.774994},{"type":2,"time":7440,"positionX":-4.716981,"holdTime":0.0,"speed":1.0,"floorPosition":117.056244},{"type":2,"time":7472,"positionX":-3.423181,"holdTime":0.0,"speed":1.0,"floorPosition":117.618744},{"type":1,"time":7488,"positionX":3.7646,"holdTime":0.0,"speed":1.0,"floorPosition":117.899994},{"type":2,"time":7504,"positionX":-5.292004,"holdTime":0.0,"speed":1.0,"floorPosition":118.181244},{"type":1,"time":7520,"positionX":3.7646,"holdTime":0.0,"speed":1.0,"floorPosition":118.462494},{"type":2,"time":7536,"positionX":-5.040431,"holdTime":0.0,"speed":1.0,"floorPosition":118.743744},{"type":1,"time":7552,"positionX":0.4761896,"holdTime":0.0,"speed":1.0,"floorPosition":119.024994},{"type":2,"time":7568,"positionX":-4.0,"holdTime":0.0,"speed":1.0,"floorPosition":119.306244},{"type":2,"time":7600,"positionX":-4.0,"holdTime":0.0,"speed":1.0,"floorPosition":119.868744},{"type":1,"time":7616,"positionX":3.872417,"holdTime":0.0,"speed":1.0,"floorPosition":120.149994},{"type":2,"time":7632,"positionX":-4.75292,"holdTime":0.0,"speed":1.0,"floorPosition":120.431244},{"type":2,"time":7664,"positionX":-4.375562,"holdTime":0.0,"speed":1.0,"floorPosition":120.993744},{"type":1,"time":7680,"positionX":1.141061,"holdTime":0.0,"speed":1.0,"floorPosition":121.274994},{"type":2,"time":7696,"positionX":-4.591195,"holdTime":0.0,"speed":1.0,"floorPosition":121.556244},{"type":2,"time":7728,"positionX":-3.854447,"holdTime":0.0,"speed":1.0,"floorPosition":122.118744},{"type":1,"time":7744,"positionX":3.207548,"holdTime":0.0,"speed":1.0,"floorPosition":122.399994},{"type":2,"time":7760,"positionX":-4.159927,"holdTime":0.0,"speed":1.0,"floorPosition":122.681244},{"type":1,"time":7776,"positionX":3.45912,"holdTime":0.0,"speed":1.0,"floorPosition":122.962494},{"type":2,"time":7792,"positionX":-3.980234,"holdTime":0.0,"speed":1.0,"floorPosition":123.243744},{"type":1,"time":7808,"positionX":0.5300989,"holdTime":0.0,"speed":1.0,"floorPosition":123.524994},{"type":2,"time":7824,"positionX":-3.0,"holdTime":0.0,"speed":1.0,"floorPosition":123.806244},{"type":2,"time":7856,"positionX":-4.177897,"holdTime":0.0,"speed":1.0,"floorPosition":124.368744},{"type":1,"time":7872,"positionX":5.345912,"holdTime":0.0,"speed":1.0,"floorPosition":124.649994},{"type":2,"time":7888,"positionX":-3.441151,"holdTime":0.0,"speed":1.0,"floorPosition":124.931244},{"type":2,"time":7920,"positionX":-3.009883,"holdTime":0.0,"speed":1.0,"floorPosition":125.493744},{"type":1,"time":7936,"positionX":2.291105,"holdTime":0.0,"speed":1.0,"floorPosition":125.774994},{"type":2,"time":7952,"positionX":-3.656784,"holdTime":0.0,"speed":1.0,"floorPosition":126.056244},{"type":2,"time":7984,"positionX":-3.656784,"holdTime":0.0,"speed":1.0,"floorPosition":126.618744},{"type":1,"time":8000,"positionX":5.399821,"holdTime":0.0,"speed":1.0,"floorPosition":126.899994},{"type":2,"time":8016,"positionX":-3.746632,"holdTime":0.0,"speed":1.0,"floorPosition":127.181244},{"type":1,"time":8032,"positionX":5.292003,"holdTime":0.0,"speed":1.0,"floorPosition":127.462494},{"type":2,"time":8048,"positionX":-2.327044,"holdTime":0.0,"speed":1.0,"floorPosition":127.743744},{"type":1,"time":8064,"positionX":2.111411,"holdTime":0.0,"speed":1.0,"floorPosition":128.025},{"type":2,"time":8080,"positionX":-2.77628,"holdTime":0.0,"speed":1.0,"floorPosition":128.30624},{"type":2,"time":8112,"positionX":-3.674753,"holdTime":0.0,"speed":1.0,"floorPosition":128.86874},{"type":1,"time":8128,"positionX":5.309973,"holdTime":0.0,"speed":1.0,"floorPosition":129.15},{"type":2,"time":8144,"positionX":-3.746632,"holdTime":0.0,"speed":1.0,"floorPosition":129.43124},{"type":2,"time":8176,"positionX":-3.764601,"holdTime":0.0,"speed":1.0,"floorPosition":129.99374},{"type":1,"time":8192,"positionX":1.823898,"holdTime":0.0,"speed":1.0,"floorPosition":130.275},{"type":1,"time":8224,"positionX":1.769991,"holdTime":0.0,"speed":1.0,"floorPosition":130.8375},{"type":1,"time":8256,"positionX":6.42408,"holdTime":0.0,"speed":1.0,"floorPosition":131.4},{"type":1,"time":8288,"positionX":6.334232,"holdTime":0.0,"speed":1.0,"floorPosition":131.9625},{"type":4,"time":8320,"positionX":1.428572,"holdTime":0.0,"speed":1.0,"floorPosition":132.525},{"type":1,"time":8512,"positionX":-1.913747,"holdTime":0.0,"speed":1.0,"floorPosition":135.9375},{"type":1,"time":8544,"positionX":2.686433,"holdTime":0.0,"speed":1.0,"floorPosition":136.53749},{"type":1,"time":8576,"positionX":-5.525606,"holdTime":0.0,"speed":1.0,"floorPosition":137.1375},{"type":1,"time":8576,"positionX":3.225516,"holdTime":0.0,"speed":1.0,"floorPosition":137.1375},{"type":1,"time":8608,"positionX":-1.554358,"holdTime":0.0,"speed":1.0,"floorPosition":137.73749},{"type":1,"time":8640,"positionX":-5.507637,"holdTime":0.0,"speed":1.0,"floorPosition":138.3375},{"type":1,"time":8640,"positionX":3.998203,"holdTime":0.0,"speed":1.0,"floorPosition":138.3375},{"type":1,"time":8672,"positionX":-1.590297,"holdTime":0.0,"speed":1.0,"floorPosition":138.9375},{"type":1,"time":8704,"positionX":-5.453729,"holdTime":0.0,"speed":1.0,"floorPosition":139.53749},{"type":1,"time":8704,"positionX":4.519317,"holdTime":0.0,"speed":1.0,"floorPosition":139.53749},{"type":1,"time":8736,"positionX":-1.662174,"holdTime":0.0,"speed":1.0,"floorPosition":140.1375},{"type":1,"time":8768,"positionX":-5.381851,"holdTime":0.0,"speed":1.0,"floorPosition":140.73749},{"type":1,"time":8768,"positionX":2.416891,"holdTime":0.0,"speed":1.0,"floorPosition":140.73749},{"type":1,"time":8800,"positionX":-1.590297,"holdTime":0.0,"speed":1.0,"floorPosition":141.3375},{"type":1,"time":8800,"positionX":6.74753,"holdTime":0.0,"speed":1.0,"floorPosition":141.3375},{"type":1,"time":8832,"positionX":-5.561545,"holdTime":0.0,"speed":1.0,"floorPosition":141.9375},{"type":1,"time":8832,"positionX":2.524709,"holdTime":0.0,"speed":1.0,"floorPosition":141.9375},{"type":1,"time":8864,"positionX":-1.841868,"holdTime":0.0,"speed":1.0,"floorPosition":142.53749},{"type":1,"time":8896,"positionX":-6.06469,"holdTime":0.0,"speed":1.0,"floorPosition":143.1375},{"type":2,"time":8896,"positionX":4.465409,"holdTime":0.0,"speed":1.0,"floorPosition":143.1375},{"type":2,"time":8920,"positionX":2.542677,"holdTime":0.0,"speed":1.0,"floorPosition":143.5875},{"type":1,"time":8928,"positionX":-1.80593,"holdTime":0.0,"speed":1.0,"floorPosition":143.73749},{"type":2,"time":8944,"positionX":4.375562,"holdTime":0.0,"speed":1.0,"floorPosition":144.03749},{"type":1,"time":8960,"positionX":-5.489668,"holdTime":0.0,"speed":1.0,"floorPosition":144.3375},{"type":2,"time":8960,"positionX":2.938006,"holdTime":0.0,"speed":1.0,"floorPosition":144.3375},{"type":1,"time":8992,"positionX":-1.338724,"holdTime":0.0,"speed":1.0,"floorPosition":144.9375},{"type":1,"time":9024,"positionX":-5.202156,"holdTime":0.0,"speed":1.0,"floorPosition":145.53749},{"type":1,"time":9024,"positionX":3.908355,"holdTime":0.0,"speed":1.0,"floorPosition":145.53749},{"type":1,"time":9056,"positionX":-1.464511,"holdTime":0.0,"speed":1.0,"floorPosition":146.1375},{"type":1,"time":9056,"positionX":6.370172,"holdTime":0.0,"speed":1.0,"floorPosition":146.1375},{"type":1,"time":9088,"positionX":-4.914645,"holdTime":0.0,"speed":1.0,"floorPosition":146.73749},{"type":1,"time":9088,"positionX":3.620845,"holdTime":0.0,"speed":1.0,"floorPosition":146.73749},{"type":1,"time":9120,"positionX":-1.464511,"holdTime":0.0,"speed":1.0,"floorPosition":147.3375},{"type":1,"time":9152,"positionX":-5.39982,"holdTime":0.0,"speed":1.0,"floorPosition":147.9375},{"type":1,"time":9168,"positionX":3.495059,"holdTime":0.0,"speed":1.0,"floorPosition":148.23749},{"type":1,"time":9184,"positionX":-1.230907,"holdTime":0.0,"speed":1.0,"floorPosition":148.53749},{"type":1,"time":9216,"positionX":4.285715,"holdTime":0.0,"speed":1.0,"floorPosition":149.1375},{"type":1,"time":9216,"positionX":-5.417789,"holdTime":0.0,"speed":1.0,"floorPosition":149.1375},{"type":1,"time":9248,"positionX":-1.15903,"holdTime":0.0,"speed":1.0,"floorPosition":149.73749},{"type":1,"time":9248,"positionX":6.208446,"holdTime":0.0,"speed":1.0,"floorPosition":149.73749},{"type":1,"time":9280,"positionX":-5.39982,"holdTime":0.0,"speed":1.0,"floorPosition":150.3375},{"type":1,"time":9280,"positionX":3.926326,"holdTime":0.0,"speed":1.0,"floorPosition":150.3375},{"type":1,"time":9312,"positionX":6.226415,"holdTime":0.0,"speed":1.0,"floorPosition":150.9375},{"type":1,"time":9312,"positionX":-1.78796,"holdTime":0.0,"speed":1.0,"floorPosition":150.9375},{"type":1,"time":9344,"positionX":-4.663073,"holdTime":0.0,"speed":1.0,"floorPosition":151.53749},{"type":1,"time":9344,"positionX":2.686433,"holdTime":0.0,"speed":1.0,"floorPosition":151.53749},{"type":1,"time":9376,"positionX":-2.057503,"holdTime":0.0,"speed":1.0,"floorPosition":152.1375},{"type":1,"time":9408,"positionX":-5.112309,"holdTime":0.0,"speed":1.0,"floorPosition":152.73749},{"type":1,"time":9440,"positionX":-1.302785,"holdTime":0.0,"speed":1.0,"floorPosition":153.3375},{"type":1,"time":9472,"positionX":5.130278,"holdTime":0.0,"speed":1.0,"floorPosition":153.9375},{"type":1,"time":9472,"positionX":-5.040431,"holdTime":0.0,"speed":1.0,"floorPosition":153.9375},{"type":1,"time":9504,"positionX":-1.266846,"holdTime":0.0,"speed":1.0,"floorPosition":154.53749},{"type":1,"time":9520,"positionX":3.495059,"holdTime":0.0,"speed":1.0,"floorPosition":154.8375},{"type":1,"time":9536,"positionX":-4.842768,"holdTime":0.0,"speed":1.0,"floorPosition":155.1375},{"type":1,"time":9568,"positionX":2.740341,"holdTime":0.0,"speed":1.0,"floorPosition":155.73749},{"type":1,"time":9568,"positionX":-1.248877,"holdTime":0.0,"speed":1.0,"floorPosition":155.73749},{"type":1,"time":9600,"positionX":5.202156,"holdTime":0.0,"speed":1.0,"floorPosition":156.3375},{"type":1,"time":9600,"positionX":-3.117701,"holdTime":0.0,"speed":1.0,"floorPosition":156.3375},{"type":1,"time":9632,"positionX":5.130278,"holdTime":0.0,"speed":1.0,"floorPosition":156.9375},{"type":1,"time":9664,"positionX":-4.555256,"holdTime":0.0,"speed":1.0,"floorPosition":157.53749},{"type":1,"time":9664,"positionX":2.093441,"holdTime":0.0,"speed":1.0,"floorPosition":157.53749},{"type":1,"time":9696,"positionX":2.057502,"holdTime":0.0,"speed":1.0,"floorPosition":158.1375},{"type":1,"time":9728,"positionX":-3.351303,"holdTime":0.0,"speed":1.0,"floorPosition":158.73749},{"type":1,"time":9728,"positionX":5.292003,"holdTime":0.0,"speed":1.0,"floorPosition":158.73749},{"type":1,"time":9760,"positionX":-0.6558847,"holdTime":0.0,"speed":1.0,"floorPosition":159.3375},{"type":1,"time":9760,"positionX":5.220126,"holdTime":0.0,"speed":1.0,"floorPosition":159.3375},{"type":1,"time":9792,"positionX":-1.734053,"holdTime":0.0,"speed":1.0,"floorPosition":159.9375},{"type":1,"time":9792,"positionX":4.788859,"holdTime":0.0,"speed":1.0,"floorPosition":159.9375},{"type":1,"time":9824,"positionX":0.09883118,"holdTime":0.0,"speed":1.0,"floorPosition":160.53749},{"type":1,"time":9824,"positionX":4.663073,"holdTime":0.0,"speed":1.0,"floorPosition":160.53749},{"type":1,"time":9856,"positionX":-1.392632,"holdTime":0.0,"speed":1.0,"floorPosition":161.1375},{"type":1,"time":9856,"positionX":4.681043,"holdTime":0.0,"speed":1.0,"floorPosition":161.1375},{"type":1,"time":9888,"positionX":4.537287,"holdTime":0.0,"speed":1.0,"floorPosition":161.73749},{"type":1,"time":9888,"positionX":-1.0,"holdTime":0.0,"speed":1.0,"floorPosition":161.73749},{"type":2,"time":9920,"positionX":0.04492378,"holdTime":0.0,"speed":1.0,"floorPosition":162.3375},{"type":2,"time":9944,"positionX":0.08086205,"holdTime":0.0,"speed":1.0,"floorPosition":162.78749},{"type":2,"time":9968,"positionX":0.02695465,"holdTime":0.0,"speed":1.0,"floorPosition":163.23749},{"type":2,"time":9984,"positionX":-0.09883118,"holdTime":0.0,"speed":1.0,"floorPosition":163.53749},{"type":2,"time":10008,"positionX":0.008984566,"holdTime":0.0,"speed":1.0,"floorPosition":163.98749},{"type":2,"time":10032,"positionX":0.02695465,"holdTime":0.0,"speed":1.0,"floorPosition":164.4375},{"type":2,"time":10048,"positionX":0.1168013,"holdTime":0.0,"speed":1.0,"floorPosition":164.73749},{"type":2,"time":10072,"positionX":0.02695465,"holdTime":0.0,"speed":1.0,"floorPosition":165.1875},{"type":2,"time":10096,"positionX":0.008984566,"holdTime":0.0,"speed":1.0,"floorPosition":165.6375},{"type":2,"time":10112,"positionX":-3.854447,"holdTime":0.0,"speed":1.0,"floorPosition":165.9375},{"type":2,"time":10112,"positionX":3.405211,"holdTime":0.0,"speed":1.0,"floorPosition":165.9375},{"type":2,"time":10144,"positionX":3.513027,"holdTime":0.0,"speed":1.0,"floorPosition":166.53749},{"type":1,"time":10176,"positionX":-4.663073,"holdTime":0.0,"speed":1.0,"floorPosition":167.1375},{"type":1,"time":10176,"positionX":3.405211,"holdTime":0.0,"speed":1.0,"floorPosition":167.1375},{"type":1,"time":10208,"positionX":3.297395,"holdTime":0.0,"speed":1.0,"floorPosition":167.73749},{"type":1,"time":10240,"positionX":2.345014,"holdTime":0.0,"speed":1.0,"floorPosition":168.3375},{"type":1,"time":10240,"positionX":-3.710691,"holdTime":0.0,"speed":1.0,"floorPosition":168.3375},{"type":1,"time":10272,"positionX":1.823898,"holdTime":0.0,"speed":1.0,"floorPosition":168.9375},{"type":1,"time":10272,"positionX":-5.058401,"holdTime":0.0,"speed":1.0,"floorPosition":168.9375},{"type":1,"time":10304,"positionX":-6.226416,"holdTime":0.0,"speed":1.0,"floorPosition":169.53749},{"type":1,"time":10304,"positionX":1.141061,"holdTime":0.0,"speed":1.0,"floorPosition":169.53749},{"type":1,"time":10336,"positionX":-5.040431,"holdTime":0.0,"speed":1.0,"floorPosition":170.1375},{"type":1,"time":10336,"positionX":1.769991,"holdTime":0.0,"speed":1.0,"floorPosition":170.1375},{"type":3,"time":10368,"positionX":-4.123989,"holdTime":96.0,"speed":1.6,"floorPosition":170.73749},{"type":3,"time":10496,"positionX":-0.06289291,"holdTime":128.0,"speed":1.6,"floorPosition":173.1375},{"type":1,"time":10752,"positionX":-2.398922,"holdTime":0.0,"speed":1.0,"floorPosition":177.48749},{"type":1,"time":10776,"positionX":2.398922,"holdTime":0.0,"speed":1.0,"floorPosition":177.85312},{"type":1,"time":10800,"positionX":-0.4761906,"holdTime":0.0,"speed":1.0,"floorPosition":178.21873},{"type":1,"time":10880,"positionX":-3.207547,"holdTime":0.0,"speed":1.0,"floorPosition":179.43748},{"type":1,"time":10904,"positionX":1.913747,"holdTime":0.0,"speed":1.0,"floorPosition":179.80312},{"type":1,"time":10928,"positionX":-2.183289,"holdTime":0.0,"speed":1.0,"floorPosition":180.16875},{"type":1,"time":11008,"positionX":0.5840073,"holdTime":0.0,"speed":1.0,"floorPosition":181.3875},{"type":1,"time":11032,"positionX":-3.225516,"holdTime":0.0,"speed":1.0,"floorPosition":181.75311},{"type":1,"time":11056,"positionX":2.057502,"holdTime":0.0,"speed":1.0,"floorPosition":182.11874},{"type":1,"time":11072,"positionX":-2.866127,"holdTime":0.0,"speed":1.0,"floorPosition":182.36249},{"type":1,"time":11104,"positionX":0.9254274,"holdTime":0.0,"speed":1.0,"floorPosition":182.84999},{"type":1,"time":11136,"positionX":-2.79425,"holdTime":0.0,"speed":1.0,"floorPosition":183.3375},{"type":1,"time":11160,"positionX":1.716084,"holdTime":0.0,"speed":1.0,"floorPosition":183.70311},{"type":1,"time":11184,"positionX":-2.183289,"holdTime":0.0,"speed":1.0,"floorPosition":184.06874},{"type":1,"time":11264,"positionX":1.644205,"holdTime":0.0,"speed":1.0,"floorPosition":185.28749},{"type":1,"time":11288,"positionX":-1.895777,"holdTime":0.0,"speed":1.0,"floorPosition":185.65312},{"type":1,"time":11312,"positionX":2.45283,"holdTime":0.0,"speed":1.0,"floorPosition":186.01874},{"type":1,"time":11392,"positionX":-2.380953,"holdTime":0.0,"speed":1.0,"floorPosition":187.23749},{"type":1,"time":11456,"positionX":2.057502,"holdTime":0.0,"speed":1.0,"floorPosition":188.2125},{"type":1,"time":11520,"positionX":-2.668464,"holdTime":0.0,"speed":1.0,"floorPosition":189.18748},{"type":1,"time":11584,"positionX":1.356693,"holdTime":0.0,"speed":1.0,"floorPosition":190.16249},{"type":1,"time":11648,"positionX":-1.536387,"holdTime":0.0,"speed":1.0,"floorPosition":191.1375},{"type":1,"time":11672,"positionX":2.362983,"holdTime":0.0,"speed":1.0,"floorPosition":191.50311},{"type":1,"time":11696,"positionX":-2.273135,"holdTime":0.0,"speed":1.0,"floorPosition":191.86874},{"type":1,"time":11776,"positionX":1.949684,"holdTime":0.0,"speed":1.0,"floorPosition":193.0875},{"type":1,"time":11800,"positionX":-0.9973049,"holdTime":0.0,"speed":1.0,"floorPosition":193.45311},{"type":1,"time":11824,"positionX":1.877808,"holdTime":0.0,"speed":1.0,"floorPosition":193.81874},{"type":1,"time":11872,"positionX":-2.201258,"holdTime":0.0,"speed":1.0,"floorPosition":194.54999},{"type":1,"time":11904,"positionX":1.105122,"holdTime":0.0,"speed":1.0,"floorPosition":195.03749},{"type":1,"time":11928,"positionX":-3.477089,"holdTime":0.0,"speed":1.0,"floorPosition":195.40312},{"type":1,"time":11952,"positionX":2.398922,"holdTime":0.0,"speed":1.0,"floorPosition":195.76874},{"type":1,"time":12000,"positionX":1.608266,"holdTime":0.0,"speed":1.0,"floorPosition":196.49998},{"type":1,"time":12032,"positionX":-2.506739,"holdTime":0.0,"speed":1.0,"floorPosition":196.98749},{"type":1,"time":12056,"positionX":0.5660381,"holdTime":0.0,"speed":1.0,"floorPosition":197.35312},{"type":1,"time":12080,"positionX":-1.123091,"holdTime":0.0,"speed":1.0,"floorPosition":197.71873},{"type":1,"time":12096,"positionX":2.668463,"holdTime":0.0,"speed":1.0,"floorPosition":197.9625},{"type":1,"time":12128,"positionX":-1.931716,"holdTime":0.0,"speed":1.0,"floorPosition":198.45},{"type":1,"time":12160,"positionX":2.596586,"holdTime":0.0,"speed":1.0,"floorPosition":198.93748},{"type":1,"time":12184,"positionX":0.7277622,"holdTime":0.0,"speed":1.0,"floorPosition":199.30312},{"type":1,"time":12208,"positionX":-1.752022,"holdTime":0.0,"speed":1.0,"floorPosition":199.66875},{"type":1,"time":12256,"positionX":-2.722372,"holdTime":0.0,"speed":1.0,"floorPosition":200.4},{"type":1,"time":12288,"positionX":3.1177,"holdTime":0.0,"speed":1.0,"floorPosition":200.8875},{"type":1,"time":12312,"positionX":-4.303684,"holdTime":0.0,"speed":1.0,"floorPosition":201.25311},{"type":1,"time":12336,"positionX":1.410603,"holdTime":0.0,"speed":1.0,"floorPosition":201.61874},{"type":1,"time":12352,"positionX":-1.716083,"holdTime":0.0,"speed":1.0,"floorPosition":201.86249},{"type":1,"time":12384,"positionX":1.78796,"holdTime":0.0,"speed":1.0,"floorPosition":202.34999},{"type":2,"time":12416,"positionX":-1.338724,"holdTime":0.0,"speed":1.0,"floorPosition":202.8375},{"type":2,"time":12440,"positionX":1.536388,"holdTime":0.0,"speed":1.0,"floorPosition":203.20311},{"type":2,"time":12464,"positionX":-4.070081,"holdTime":0.0,"speed":1.0,"floorPosition":203.56874},{"type":2,"time":12480,"positionX":1.78796,"holdTime":0.0,"speed":1.0,"floorPosition":203.81248},{"type":2,"time":12504,"positionX":-2.273135,"holdTime":0.0,"speed":1.0,"floorPosition":204.17812},{"type":2,"time":12528,"positionX":1.967655,"holdTime":0.0,"speed":1.0,"floorPosition":204.54375},{"type":2,"time":12544,"positionX":-3.602876,"holdTime":0.0,"speed":1.0,"floorPosition":204.78749},{"type":2,"time":12568,"positionX":2.848158,"holdTime":0.0,"speed":1.0,"floorPosition":205.15312},{"type":2,"time":12592,"positionX":-2.362983,"holdTime":0.0,"speed":1.0,"floorPosition":205.51874},{"type":2,"time":12608,"positionX":3.872417,"holdTime":0.0,"speed":1.0,"floorPosition":205.7625},{"type":2,"time":12632,"positionX":1.680144,"holdTime":0.0,"speed":1.0,"floorPosition":206.12811},{"type":2,"time":12656,"positionX":-3.261456,"holdTime":0.0,"speed":1.0,"floorPosition":206.49374}],"notesBelow":[{"type":1,"time":2688,"positionX":-3.045822,"holdTime":0.0,"speed":1.0,"floorPosition":40.949997},{"type":4,"time":2720,"positionX":3.944294,"holdTime":0.0,"speed":1.0,"floorPosition":41.4375},{"type":1,"time":2736,"positionX":-3.890385,"holdTime":0.0,"speed":1.0,"floorPosition":41.681248},{"type":1,"time":2768,"positionX":-3.872417,"holdTime":0.0,"speed":1.0,"floorPosition":42.168747},{"type":4,"time":2784,"positionX":3.710691,"holdTime":0.0,"speed":1.0,"floorPosition":42.4125},{"type":1,"time":2816,"positionX":-4.213837,"holdTime":0.0,"speed":1.0,"floorPosition":42.899998},{"type":4,"time":2848,"positionX":2.902067,"holdTime":0.0,"speed":1.0,"floorPosition":43.387497},{"type":1,"time":2896,"positionX":-4.339622,"holdTime":0.0,"speed":1.0,"floorPosition":44.118748},{"type":4,"time":2912,"positionX":3.908356,"holdTime":0.0,"speed":1.0,"floorPosition":44.3625},{"type":1,"time":2944,"positionX":-3.477089,"holdTime":0.0,"speed":1.0,"floorPosition":44.85},{"type":4,"time":2976,"positionX":3.602875,"holdTime":0.0,"speed":1.0,"floorPosition":45.337498},{"type":1,"time":2992,"positionX":-3.13567,"holdTime":0.0,"speed":1.0,"floorPosition":45.58125},{"type":1,"time":3024,"positionX":-3.908356,"holdTime":0.0,"speed":1.0,"floorPosition":46.06875},{"type":4,"time":3040,"positionX":2.830189,"holdTime":0.0,"speed":1.0,"floorPosition":46.3125},{"type":3,"time":3072,"positionX":-0.02695465,"holdTime":64.0,"speed":1.3,"floorPosition":46.8},{"type":1,"time":5120,"positionX":1.248877,"holdTime":0.0,"speed":1.0,"floorPosition":78.0},{"type":1,"time":5152,"positionX":-2.416893,"holdTime":0.0,"speed":1.0,"floorPosition":78.487495},{"type":1,"time":5184,"positionX":2.866127,"holdTime":0.0,"speed":1.0,"floorPosition":78.975},{"type":1,"time":5216,"positionX":0.08086205,"holdTime":0.0,"speed":1.0,"floorPosition":79.462494},{"type":1,"time":5248,"positionX":-3.441151,"holdTime":0.0,"speed":1.0,"floorPosition":79.95},{"type":1,"time":5376,"positionX":2.237198,"holdTime":0.0,"speed":1.0,"floorPosition":81.899994},{"type":1,"time":5440,"positionX":-2.938004,"holdTime":0.0,"speed":1.0,"floorPosition":82.875},{"type":1,"time":5504,"positionX":2.955975,"holdTime":0.0,"speed":1.0,"floorPosition":83.85},{"type":1,"time":5632,"positionX":-1.176998,"holdTime":0.0,"speed":1.0,"floorPosition":85.799995},{"type":1,"time":5696,"positionX":2.866127,"holdTime":0.0,"speed":1.0,"floorPosition":86.774994},{"type":1,"time":5760,"positionX":-1.518419,"holdTime":0.0,"speed":1.0,"floorPosition":87.75},{"type":1,"time":5888,"positionX":2.039532,"holdTime":0.0,"speed":1.0,"floorPosition":89.774994},{"type":1,"time":5952,"positionX":3.09973,"holdTime":0.0,"speed":1.0,"floorPosition":90.899994},{"type":1,"time":6016,"positionX":2.416891,"holdTime":0.0,"speed":1.0,"floorPosition":92.024994}],"speedEvents":[{"startTime":0.0,"endTime":0.0,"value":1.0},{"startTime":0.0,"endTime":5856.0,"value":1.3},{"startTime":5856.0,"endTime":8480.0,"value":1.5},{"startTime":8480.0,"endTime":10624.0,"value":1.6},{"startTime":10624.0,"endTime":1000000000.0,"value":1.3}],"judgeLineMoveEvents":[{"startTime":-999999.0,"endTime":1216.0,"start":0.5,"end":0.5,"start2":0.5,"end2":0.5},{"startTime":1216.0,"endTime":1232.0,"start":0.5,"end":0.5,"start2":0.5,"end2":0.44807693},{"startTime":1232.0,"endTime":1344.0,"start":0.5,"end":0.5,"start2":0.44807693,"end2":0.44807693},{"startTime":1344.0,"endTime":1360.0,"start":0.5,"end":0.5,"start2":0.44807693,"end2":0.4},{"startTime":1360.0,"endTime":1472.0,"start":0.5,"end":0.5,"start2":0.4,"end2":0.4},{"startTime":1472.0,"endTime":1488.0,"start":0.5,"end":0.5,"start2":0.4,"end2":0.3480769},{"startTime":1488.0,"endTime":1600.0,"start":0.5,"end":0.5,"start2":0.3480769,"end2":0.3480769},{"startTime":1600.0,"endTime":1616.0,"start":0.5,"end":0.5,"start2":0.3480769,"end2":0.3},{"startTime":1616.0,"endTime":1728.0,"start":0.5,"end":0.5,"start2":0.3,"end2":0.3},{"startTime":1728.0,"endTime":1744.0,"start":0.5,"end":0.5,"start2":0.3,"end2":0.25},{"startTime":1744.0,"endTime":1856.0,"start":0.5,"end":0.5,"start2":0.25,"end2":0.25},{"startTime":1856.0,"endTime":1872.0,"start":0.5,"end":0.5,"start2":0.25,"end2":0.2},{"startTime":1872.0,"endTime":2560.0,"start":0.5,"end":0.5,"start2":0.2,"end2":0.2},{"startTime":2560.0,"endTime":2624.0,"start":0.5,"end":0.5,"start2":0.2,"end2":0.8},{"startTime":2624.0,"endTime":3072.0,"start":0.5,"end":0.5,"start2":0.8,"end2":0.8},{"startTime":3072.0,"endTime":3136.0,"start":0.5,"end":0.5,"start2":0.8,"end2":0.1},{"startTime":3136.0,"endTime":3584.0,"start":0.5,"end":0.5,"start2":0.1,"end2":0.1},{"startTime":3584.0,"endTime":3712.0,"start":0.5,"end":0.69772726,"start2":0.1,"end2":0.3},{"startTime":3712.0,"endTime":4096.0,"start":0.69772726,"end":0.69772726,"start2":0.3,"end2":0.3},{"startTime":4096.0,"endTime":4224.0,"start":0.69772726,"end":0.55,"start2":0.3,"end2":0.4},{"startTime":4224.0,"endTime":6272.0,"start":0.55,"end":0.5,"start2":0.4,"end2":0.3},{"startTime":6272.0,"endTime":6288.0,"start":0.5,"end":0.5,"start2":0.3,"end2":0.26923078},{"startTime":6288.0,"endTime":6304.0,"start":0.5,"end":0.5,"start2":0.26923078,"end2":0.3},{"startTime":6304.0,"endTime":6400.0,"start":0.5,"end":0.5,"start2":0.3,"end2":0.3},{"startTime":6400.0,"endTime":6416.0,"start":0.5,"end":0.5,"start2":0.3,"end2":0.26923078},{"startTime":6416.0,"endTime":6432.0,"start":0.5,"end":0.5,"start2":0.26923078,"end2":0.3},{"startTime":6432.0,"endTime":6528.0,"start":0.5,"end":0.5,"start2":0.3,"end2":0.3},{"startTime":6528.0,"endTime":6544.0,"start":0.5,"end":0.5,"start2":0.3,"end2":0.26923078},{"startTime":6544.0,"endTime":6560.0,"start":0.5,"end":0.5,"start2":0.26923078,"end2":0.3},{"startTime":6560.0,"endTime":6656.0,"start":0.5,"end":0.5,"start2":0.3,"end2":0.3},{"startTime":6656.0,"endTime":6672.0,"start":0.5,"end":0.5,"start2":0.3,"end2":0.26923078},{"startTime":6672.0,"endTime":6688.0,"start":0.5,"end":0.5,"start2":0.26923078,"end2":0.3},{"startTime":6688.0,"endTime":6784.0,"start":0.5,"end":0.5,"start2":0.3,"end2":0.3},{"startTime":6784.0,"endTime":6800.0,"start":0.5,"end":0.5,"start2":0.3,"end2":0.26923078},{"startTime":6800.0,"endTime":6816.0,"start":0.5,"end":0.5,"start2":0.26923078,"end2":0.3},{"startTime":6816.0,"endTime":6912.0,"start":0.5,"end":0.5,"start2":0.3,"end2":0.3},{"startTime":6912.0,"endTime":6928.0,"start":0.5,"end":0.5,"start2":0.3,"end2":0.26923078},{"startTime":6928.0,"endTime":6944.0,"start":0.5,"end":0.5,"start2":0.26923078,"end2":0.3},{"startTime":6944.0,"endTime":7040.0,"start":0.5,"end":0.5,"start2":0.3,"end2":0.3},{"startTime":7040.0,"endTime":7056.0,"start":0.5,"end":0.5,"start2":0.3,"end2":0.26923078},{"startTime":7056.0,"endTime":7072.0,"start":0.5,"end":0.5,"start2":0.26923078,"end2":0.3},{"startTime":7072.0,"endTime":7168.0,"start":0.5,"end":0.5,"start2":0.3,"end2":0.3},{"startTime":7168.0,"endTime":7184.0,"start":0.5,"end":0.5,"start2":0.3,"end2":0.26923078},{"startTime":7184.0,"endTime":7200.0,"start":0.5,"end":0.5,"start2":0.26923078,"end2":0.3},{"startTime":7200.0,"endTime":7296.0,"start":0.5,"end":0.5,"start2":0.3,"end2":0.3},{"startTime":7296.0,"endTime":7808.0,"start":0.5,"end":0.4,"start2":0.3,"end2":0.2},{"startTime":7808.0,"endTime":8320.0,"start":0.4,"end":0.5,"start2":0.2,"end2":0.1},{"startTime":8320.0,"endTime":8448.0,"start":0.5,"end":0.5,"start2":0.1,"end2":0.2},{"startTime":8448.0,"endTime":9600.0,"start":0.5,"end":0.5,"start2":0.2,"end2":0.2},{"startTime":9600.0,"endTime":9856.0,"start":0.5,"end":0.3,"start2":0.2,"end2":0.2},{"startTime":9856.0,"endTime":9920.0,"start":0.3,"end":0.3,"start2":0.2,"end2":0.2},{"startTime":9920.0,"endTime":9944.0,"start":0.31931818,"end":0.31931818,"start2":0.2,"end2":0.2},{"startTime":9944.0,"endTime":9968.0,"start":0.31931818,"end":0.31931818,"start2":0.16923077,"end2":0.16923077},{"startTime":9968.0,"endTime":10048.0,"start":0.31931818,"end":0.31931818,"start2":0.15,"end2":0.15},{"startTime":10048.0,"endTime":10072.0,"start":0.34886363,"end":0.34886363,"start2":0.15,"end2":0.15},{"startTime":10072.0,"endTime":10096.0,"start":0.41931817,"end":0.41931817,"start2":0.15961538,"end2":0.15961538},{"startTime":10096.0,"endTime":10112.0,"start":0.44886363,"end":0.44886363,"start2":0.2,"end2":0.2},{"startTime":10112.0,"endTime":10304.0,"start":0.44886363,"end":0.69772726,"start2":0.2,"end2":0.25},{"startTime":10304.0,"endTime":10496.0,"start":0.69772726,"end":0.5,"start2":0.25,"end2":0.3},{"startTime":10496.0,"endTime":10624.0,"start":0.5,"end":0.5,"start2":0.3,"end2":0.5},{"startTime":10624.0,"endTime":11648.0,"start":0.5,"end":0.5,"start2":0.5,"end2":0.5},{"startTime":11648.0,"endTime":11712.0,"start":0.5,"end":0.5,"start2":0.5,"end2":0.55},{"startTime":11712.0,"endTime":11776.0,"start":0.5,"end":0.5,"start2":0.55,"end2":0.55},{"startTime":11776.0,"endTime":11840.0,"start":0.5,"end":0.5,"start2":0.55,"end2":0.6},{"startTime":11840.0,"endTime":11904.0,"start":0.5,"end":0.5,"start2":0.6,"end2":0.6},{"startTime":11904.0,"endTime":11968.0,"start":0.5,"end":0.5,"start2":0.6,"end2":0.64807695},{"startTime":11968.0,"endTime":12032.0,"start":0.5,"end":0.5,"start2":0.64807695,"end2":0.64807695},{"startTime":12032.0,"endTime":12096.0,"start":0.5,"end":0.5,"start2":0.64807695,"end2":0.6980769},{"startTime":12096.0,"endTime":12160.0,"start":0.5,"end":0.5,"start2":0.6980769,"end2":0.6980769},{"startTime":12160.0,"endTime":12224.0,"start":0.5,"end":0.5,"start2":0.6980769,"end2":0.75},{"startTime":12224.0,"endTime":12288.0,"start":0.5,"end":0.5,"start2":0.75,"end2":0.75},{"startTime":12288.0,"endTime":12352.0,"start":0.5,"end":0.5,"start2":0.75,"end2":0.8},{"startTime":12352.0,"endTime":12416.0,"start":0.5,"end":0.5,"start2":0.8,"end2":0.8},{"startTime":12416.0,"endTime":12832.0,"start":0.5,"end":0.5,"start2":0.8,"end2":1.0480769},{"startTime":12832.0,"endTime":1000000000.0,"start":0.5,"end":0.5,"start2":0.5,"end2":0.5}],"judgeLineRotateEvents":[{"startTime":-999999.0,"endTime":3584.0,"start":0.0,"end":0.0},{"startTime":3584.0,"endTime":3712.0,"start":0.0,"end":25.0},{"startTime":3712.0,"endTime":4096.0,"start":25.0,"end":25.0},{"startTime":4096.0,"endTime":4224.0,"start":25.0,"end":40.0},{"startTime":4224.0,"endTime":6272.0,"start":40.0,"end":-360.0},{"startTime":6272.0,"endTime":7296.0,"start":0.0,"end":0.0},{"startTime":7296.0,"endTime":7808.0,"start":0.0,"end":-16.0},{"startTime":7808.0,"endTime":8320.0,"start":-16.0,"end":10.0},{"startTime":8320.0,"endTime":8448.0,"start":10.0,"end":0.0},{"startTime":8448.0,"endTime":9984.0,"start":0.0,"end":0.0},{"startTime":9984.0,"endTime":10008.0,"start":6.0,"end":6.0},{"startTime":10008.0,"endTime":10032.0,"start":-4.0,"end":-4.0},{"startTime":10032.0,"endTime":10048.0,"start":5.0,"end":5.0},{"startTime":10048.0,"endTime":10496.0,"start":0.0,"end":0.0},{"startTime":10496.0,"endTime":10624.0,"start":0.0,"end":180.0},{"startTime":10624.0,"endTime":20624.0,"start":180.0,"end":180.0},{"startTime":20624.0,"endTime":1000000000.0,"start":0.0,"end":0.0}],"judgeLineDisappearEvents":[{"startTime":-999999.0,"endTime":12832.0,"start":1.0,"end":1.0},{"startTime":12832.0,"endTime":22832.0,"start":0.0,"end":0.0},{"startTime":22832.0,"endTime":1000000000.0,"start":1.0,"end":1.0}]}]}