{"formatVersion":3,"offset":0.0,"judgeLineList":[{"bpm":140.0,"notesAbove":[{"type":3,"time":128,"positionX":0.0,"holdTime":96.0,"speed":1.6,"floorPosition":2.7428572},{"type":1,"time":256,"positionX":-5.0,"holdTime":0.0,"speed":1.0,"floorPosition":5.4857144},{"type":1,"time":384,"positionX":5.0,"holdTime":0.0,"speed":1.0,"floorPosition":8.228572},{"type":1,"time":512,"positionX":-4.0,"holdTime":0.0,"speed":1.0,"floorPosition":10.971429},{"type":1,"time":768,"positionX":-5.0,"holdTime":0.0,"speed":1.0,"floorPosition":16.457144},{"type":1,"time":896,"positionX":4.0,"holdTime":0.0,"speed":1.0,"floorPosition":19.2},{"type":1,"time":1152,"positionX":-5.0,"holdTime":0.0,"speed":1.0,"floorPosition":24.685715},{"type":1,"time":1280,"positionX":5.0,"holdTime":0.0,"speed":1.0,"floorPosition":27.428572},{"type":1,"time":1408,"positionX":-4.0,"holdTime":0.0,"speed":1.0,"floorPosition":30.171429},{"type":1,"time":1536,"positionX":2.0,"holdTime":0.0,"speed":1.0,"floorPosition":32.914288},{"type":1,"time":1664,"positionX":-5.0,"holdTime":0.0,"speed":1.0,"floorPosition":35.657143},{"type":1,"time":1792,"positionX":6.0,"holdTime":0.0,"speed":1.0,"floorPosition":38.4},{"type":1,"time":1920,"positionX":-3.0,"holdTime":0.0,"speed":1.0,"floorPosition":41.142857},{"type":1,"time":2048,"positionX":4.0,"holdTime":0.0,"speed":1.0,"floorPosition":43.885715},{"type":4,"time":2176,"positionX":-6.0,"holdTime":0.0,"speed":1.0,"floorPosition":46.62857},{"type":4,"time":2304,"positionX":5.0,"holdTime":0.0,"speed":1.0,"floorPosition":49.37143},{"type":4,"time":2432,"positionX":-4.0,"holdTime":0.0,"speed":1.0,"floorPosition":52.11429},{"type":4,"time":2624,"positionX":5.0,"holdTime":0.0,"speed":1.0,"floorPosition":56.228573},{"type":1,"time":2688,"positionX":-5.0,"holdTime":0.0,"speed":1.0,"floorPosition":57.600002},{"type":4,"time":2816,"positionX":4.0,"holdTime":0.0,"speed":1.0,"floorPosition":60.342857},{"type":1,"time":2944,"positionX":-3.0,"holdTime":0.0,"speed":1.0,"floorPosition":63.085716},{"type":4,"time":3072,"positionX":4.0,"holdTime":0.0,"speed":1.0,"floorPosition":65.828575},{"type":1,"time":3200,"positionX":0.0,"holdTime":0.0,"speed":1.0,"floorPosition":68.57143},{"type":1,"time":3712,"positionX":-6.0,"holdTime":0.0,"speed":1.0,"floorPosition":79.54286},{"type":1,"time":3840,"positionX":5.0,"holdTime":0.0,"speed":1.0,"floorPosition":82.28571},{"type":1,"time":3968,"positionX":-4.0,"holdTime":0.0,"speed":1.0,"floorPosition":85.02857},{"type":1,"time":4096,"positionX":3.0,"holdTime":0.0,"speed":1.0,"floorPosition":87.77143},{"type":1,"time":4224,"positionX":-6.0,"holdTime":0.0,"speed":1.0,"floorPosition":90.51429},{"type":1,"time":4352,"positionX":6.0,"holdTime":0.0,"speed":1.0,"floorPosition":93.25714},{"type":1,"time":4480,"positionX":-4.0,"holdTime":0.0,"speed":1.0,"floorPosition":96.0},{"type":1,"time":4608,"positionX":4.0,"holdTime":0.0,"speed":1.0,"floorPosition":98.74286},{"type":1,"time":4736,"positionX":0.0,"holdTime":0.0,"speed":1.0,"floorPosition":101.48572},{"type":3,"time":5504,"positionX":-5.0,"holdTime":128.0,"speed":1.6,"floorPosition":117.942856},{"type":3,"time":5632,"positionX":4.0,"holdTime":128.0,"speed":1.6,"floorPosition":120.685715},{"type":3,"time":5760,"positionX":-4.0,"holdTime":128.0,"speed":1.6,"floorPosition":123.42857},{"type":3,"time":5888,"positionX":2.0,"holdTime":128.0,"speed":1.6,"floorPosition":126.17143},{"type":3,"time":6016,"positionX":-6.0,"holdTime":128.0,"speed":1.6,"floorPosition":128.91429},{"type":3,"time":6144,"positionX":5.0,"holdTime":128.0,"speed":1.6,"floorPosition":131.65715},{"type":3,"time":6272,"positionX":-3.0,"holdTime":128.0,"speed":1.6,"floorPosition":134.40001},{"type":3,"time":6400,"positionX":4.0,"holdTime":128.0,"speed":1.6,"floorPosition":137.14285},{"type":3,"time":6528,"positionX":-5.0,"holdTime":128.0,"speed":1.6,"floorPosition":139.88571},{"type":3,"time":6656,"positionX":6.0,"holdTime":128.0,"speed":1.6,"floorPosition":142.62857},{"type":3,"time":6784,"positionX":-2.0,"holdTime":128.0,"speed":1.6,"floorPosition":145.37143},{"type":3,"time":6912,"positionX":3.0,"holdTime":128.0,"speed":1.6,"floorPosition":148.11429},{"type":3,"time":7040,"positionX":-5.0,"holdTime":128.0,"speed":1.6,"floorPosition":150.85715},{"type":3,"time":7168,"positionX":5.0,"holdTime":128.0,"speed":1.6,"floorPosition":153.6},{"type":3,"time":7296,"positionX":-3.0,"holdTime":128.0,"speed":1.6,"floorPosition":156.34286},{"type":3,"time":7424,"positionX":2.0,"holdTime":128.0,"speed":1.6,"floorPosition":159.08572},{"type":3,"time":7680,"positionX":-5.0,"holdTime":384.0,"speed":1.6,"floorPosition":164.57143},{"type":3,"time":8192,"positionX":5.0,"holdTime":384.0,"speed":1.6,"floorPosition":175.54286},{"type":3,"time":8704,"positionX":-4.0,"holdTime":384.0,"speed":1.6,"floorPosition":186.51428},{"type":3,"time":8704,"positionX":4.0,"holdTime":384.0,"speed":1.6,"floorPosition":186.51428},{"type":1,"time":9216,"positionX":0.0,"holdTime":0.0,"speed":1.0,"floorPosition":197.48572},{"type":3,"time":9344,"positionX":-4.0,"holdTime":128.0,"speed":1.6,"floorPosition":200.22858},{"type":3,"time":9472,"positionX":6.0,"holdTime":128.0,"speed":1.6,"floorPosition":202.97144},{"type":3,"time":9600,"positionX":-5.0,"holdTime":128.0,"speed":1.6,"floorPosition":205.7143},{"type":1,"time":10240,"positionX":5.0,"holdTime":0.0,"speed":1.0,"floorPosition":219.42857},{"type":1,"time":10368,"positionX":-5.0,"holdTime":0.0,"speed":1.0,"floorPosition":222.17143},{"type":1,"time":10496,"positionX":3.0,"holdTime":0.0,"speed":1.0,"floorPosition":224.91429},{"type":1,"time":10752,"positionX":-5.0,"holdTime":0.0,"speed":1.0,"floorPosition":230.40001},{"type":1,"time":10880,"positionX":4.0,"holdTime":0.0,"speed":1.0,"floorPosition":233.14287},{"type":1,"time":11008,"positionX":-4.0,"holdTime":0.0,"speed":1.0,"floorPosition":235.88571},{"type":1,"time":11136,"positionX":5.0,"holdTime":0.0,"speed":1.0,"floorPosition":238.62857},{"type":3,"time":11264,"positionX":0.0,"holdTime":512.0,"speed":1.6,"floorPosition":241.37143},{"type":2,"time":11776,"positionX":0.0,"holdTime":0.0,"speed":1.0,"floorPosition":252.34286},{"type":1,"time":640,"positionX":3.0,"holdTime":0.0,"speed":1.0,"floorPosition":13.714286}],"notesBelow":[],"speedEvents":[{"startTime":0.0,"endTime":1000000000.0,"value":1.6}],"judgeLineMoveEvents":[{"startTime":-999999.0,"endTime":0.0,"start":0.5,"end":0.5,"start2":0.5,"end2":0.5},{"startTime":0.0,"endTime":128.0,"start":0.5,"end":0.5,"start2":0.5,"end2":0.19999999},{"startTime":128.0,"endTime":1000000000.0,"start":0.5,"end":0.5,"start2":0.19999999,"end2":0.19999999}],"judgeLineRotateEvents":[{"startTime":-999999.0,"endTime":1000000000.0,"start":0.0,"end":0.0}],"judgeLineDisappearEvents":[{"startTime":-999999.0,"endTime":1000000000.0,"start":1.0,"end":1.0}]}]}