{"formatVersion":3,"offset":0.245518,"judgeLineList":[{"bpm":185.0,"notesAbove":[{"type":1,"time":240,"positionX":0.0,"holdTime":0.0,"speed":1.0,"floorPosition":3.4054053},{"type":4,"time":336,"positionX":0.0,"holdTime":0.0,"speed":1.0,"floorPosition":4.7675676},{"type":1,"time":1008,"positionX":0.0,"holdTime":0.0,"speed":1.0,"floorPosition":14.302703},{"type":1,"time":1136,"positionX":4.0,"holdTime":0.0,"speed":1.0,"floorPosition":16.11892},{"type":1,"time":1200,"positionX":-4.0,"holdTime":0.0,"speed":1.0,"floorPosition":17.027027},{"type":1,"time":1264,"positionX":6.0,"holdTime":0.0,"speed":1.0,"floorPosition":17.935135},{"type":1,"time":1264,"positionX":-6.0,"holdTime":0.0,"speed":1.0,"floorPosition":17.935135},{"type":1,"time":1312,"positionX":-2.0,"holdTime":0.0,"speed":1.0,"floorPosition":18.616217},{"type":1,"time":1360,"positionX":4.0,"holdTime":0.0,"speed":1.0,"floorPosition":19.297297},{"type":1,"time":1520,"positionX":6.0,"holdTime":0.0,"speed":1.0,"floorPosition":21.567568},{"type":1,"time":1520,"positionX":-6.0,"holdTime":0.0,"speed":1.0,"floorPosition":21.567568},{"type":1,"time":1616,"positionX":2.0,"holdTime":0.0,"speed":1.0,"floorPosition":22.92973},{"type":1,"time":1648,"positionX":-4.0,"holdTime":0.0,"speed":1.0,"floorPosition":23.383783},{"type":1,"time":1712,"positionX":4.0,"holdTime":0.0,"speed":1.0,"floorPosition":24.291891},{"type":1,"time":1776,"positionX":6.0,"holdTime":0.0,"speed":1.0,"floorPosition":25.199999},{"type":1,"time":1776,"positionX":-6.0,"holdTime":0.0,"speed":1.0,"floorPosition":25.199999},{"type":1,"time":1808,"positionX":6.0,"holdTime":0.0,"speed":1.0,"floorPosition":25.654053},{"type":1,"time":1840,"positionX":-4.0,"holdTime":0.0,"speed":1.0,"floorPosition":26.108109},{"type":1,"time":1872,"positionX":-4.0,"holdTime":0.0,"speed":1.0,"floorPosition":26.562162},{"type":1,"time":1904,"positionX":2.0,"holdTime":0.0,"speed":1.0,"floorPosition":27.016216},{"type":1,"time":1936,"positionX":2.0,"holdTime":0.0,"speed":1.0,"floorPosition":27.47027},{"type":1,"time":1968,"positionX":-2.0,"holdTime":0.0,"speed":1.0,"floorPosition":27.924324},{"type":1,"time":2000,"positionX":-2.0,"holdTime":0.0,"speed":1.0,"floorPosition":28.378378},{"type":1,"time":2032,"positionX":2.0,"holdTime":0.0,"speed":1.0,"floorPosition":28.832432},{"type":1,"time":2064,"positionX":2.0,"holdTime":0.0,"speed":1.0,"floorPosition":29.286486},{"type":1,"time":2096,"positionX":-4.0,"holdTime":0.0,"speed":1.0,"floorPosition":29.74054},{"type":1,"time":2128,"positionX":-4.0,"holdTime":0.0,"speed":1.0,"floorPosition":30.194593},{"type":1,"time":2160,"positionX":6.0,"holdTime":0.0,"speed":1.0,"floorPosition":30.648647},{"type":1,"time":2192,"positionX":6.0,"holdTime":0.0,"speed":1.0,"floorPosition":31.102703},{"type":1,"time":2224,"positionX":-6.0,"holdTime":0.0,"speed":1.0,"floorPosition":31.556757},{"type":1,"time":2256,"positionX":-6.0,"holdTime":0.0,"speed":1.0,"floorPosition":32.01081},{"type":4,"time":2512,"positionX":0.0,"holdTime":0.0,"speed":1.0,"floorPosition":35.64324},{"type":3,"time":2544,"positionX":4.0,"holdTime":80.0,"speed":1.4,"floorPosition":36.097298},{"type":1,"time":2624,"positionX":-4.0,"holdTime":0.0,"speed":1.0,"floorPosition":37.232433},{"type":1,"time":2640,"positionX":2.0,"holdTime":0.0,"speed":1.0,"floorPosition":37.459457},{"type":1,"time":2656,"positionX":-2.0,"holdTime":0.0,"speed":1.0,"floorPosition":37.686485},{"type":1,"time":2688,"positionX":4.0,"holdTime":0.0,"speed":1.0,"floorPosition":38.14054},{"type":1,"time":2720,"positionX":-4.0,"holdTime":0.0,"speed":1.0,"floorPosition":38.594593},{"type":1,"time":2768,"positionX":4.0,"holdTime":0.0,"speed":1.0,"floorPosition":39.275677},{"type":1,"time":2800,"positionX":-2.0,"holdTime":0.0,"speed":1.0,"floorPosition":39.72973},{"type":1,"time":2832,"positionX":-2.0,"holdTime":0.0,"speed":1.0,"floorPosition":40.183784},{"type":1,"time":2864,"positionX":2.0,"holdTime":0.0,"speed":1.0,"floorPosition":40.637836},{"type":1,"time":2896,"positionX":2.0,"holdTime":0.0,"speed":1.0,"floorPosition":41.091892},{"type":1,"time":2928,"positionX":-4.0,"holdTime":0.0,"speed":1.0,"floorPosition":41.545944},{"type":1,"time":2960,"positionX":4.0,"holdTime":0.0,"speed":1.0,"floorPosition":42.0},{"type":1,"time":2992,"positionX":-4.0,"holdTime":0.0,"speed":1.0,"floorPosition":42.454052},{"type":3,"time":3056,"positionX":4.0,"holdTime":48.0,"speed":1.4,"floorPosition":43.36216},{"type":3,"time":3120,"positionX":-4.0,"holdTime":48.0,"speed":1.4,"floorPosition":44.27027},{"type":1,"time":3184,"positionX":4.0,"holdTime":0.0,"speed":1.0,"floorPosition":45.17838},{"type":1,"time":3216,"positionX":-2.0,"holdTime":0.0,"speed":1.0,"floorPosition":45.63243},{"type":1,"time":3248,"positionX":2.0,"holdTime":0.0,"speed":1.0,"floorPosition":46.086487},{"type":1,"time":3280,"positionX":-4.0,"holdTime":0.0,"speed":1.0,"floorPosition":46.54054},{"type":1,"time":3312,"positionX":4.0,"holdTime":0.0,"speed":1.0,"floorPosition":46.994595},{"type":1,"time":3360,"positionX":0.0,"holdTime":0.0,"speed":1.0,"floorPosition":47.675674},{"type":3,"time":3408,"positionX":-4.0,"holdTime":144.0,"speed":1.4,"floorPosition":48.356754},{"type":1,"time":3568,"positionX":6.0,"holdTime":0.0,"speed":1.0,"floorPosition":50.627026},{"type":1,"time":3568,"positionX":-6.0,"holdTime":0.0,"speed":1.0,"floorPosition":50.627026},{"type":1,"time":3600,"positionX":2.0,"holdTime":0.0,"speed":1.0,"floorPosition":51.08108},{"type":1,"time":3632,"positionX":-2.0,"holdTime":0.0,"speed":1.0,"floorPosition":51.535133},{"type":1,"time":3696,"positionX":6.0,"holdTime":0.0,"speed":1.0,"floorPosition":52.44324},{"type":1,"time":3696,"positionX":-6.0,"holdTime":0.0,"speed":1.0,"floorPosition":52.44324},{"type":1,"time":3728,"positionX":-2.0,"holdTime":0.0,"speed":1.0,"floorPosition":52.897297},{"type":1,"time":3760,"positionX":2.0,"holdTime":0.0,"speed":1.0,"floorPosition":53.35135},{"type":1,"time":3824,"positionX":-4.0,"holdTime":0.0,"speed":1.0,"floorPosition":54.259457},{"type":1,"time":3856,"positionX":-4.0,"holdTime":0.0,"speed":1.0,"floorPosition":54.713512},{"type":1,"time":3888,"positionX":4.0,"holdTime":0.0,"speed":1.0,"floorPosition":55.16757},{"type":1,"time":3920,"positionX":4.0,"holdTime":0.0,"speed":1.0,"floorPosition":55.62162},{"type":1,"time":3952,"positionX":-2.0,"holdTime":0.0,"speed":1.0,"floorPosition":56.075676},{"type":3,"time":4000,"positionX":2.0,"holdTime":80.0,"speed":1.4,"floorPosition":56.756756},{"type":1,"time":4080,"positionX":-4.0,"holdTime":0.0,"speed":1.0,"floorPosition":57.89189},{"type":1,"time":4112,"positionX":4.0,"holdTime":0.0,"speed":1.0,"floorPosition":58.345943},{"type":1,"time":4176,"positionX":-4.0,"holdTime":0.0,"speed":1.0,"floorPosition":59.25405},{"type":1,"time":4208,"positionX":4.0,"holdTime":0.0,"speed":1.0,"floorPosition":59.708107},{"type":1,"time":4256,"positionX":-2.0,"holdTime":0.0,"speed":1.0,"floorPosition":60.389187},{"type":1,"time":4272,"positionX":2.0,"holdTime":0.0,"speed":1.0,"floorPosition":60.616215},{"type":1,"time":4304,"positionX":-4.0,"holdTime":0.0,"speed":1.0,"floorPosition":61.07027},{"type":3,"time":4336,"positionX":6.0,"holdTime":208.0,"speed":1.4,"floorPosition":61.524323},{"type":1,"time":4464,"positionX":-2.0,"holdTime":0.0,"speed":1.0,"floorPosition":63.340538},{"type":2,"time":4560,"positionX":0.0,"holdTime":0.0,"speed":1.0,"floorPosition":64.702705},{"type":2,"time":4568,"positionX":0.0,"holdTime":0.0,"speed":1.0,"floorPosition":64.816216},{"type":2,"time":4576,"positionX":0.0,"holdTime":0.0,"speed":1.0,"floorPosition":64.929726},{"type":2,"time":4584,"positionX":0.0,"holdTime":0.0,"speed":1.0,"floorPosition":65.04324},{"type":2,"time":4592,"positionX":0.0,"holdTime":0.0,"speed":1.0,"floorPosition":65.15675},{"type":1,"time":4624,"positionX":4.0,"holdTime":0.0,"speed":1.0,"floorPosition":65.61081},{"type":1,"time":4656,"positionX":-4.0,"holdTime":0.0,"speed":1.0,"floorPosition":66.064865},{"type":2,"time":4672,"positionX":-4.0,"holdTime":0.0,"speed":1.0,"floorPosition":66.29189},{"type":2,"time":4677,"positionX":-4.0,"holdTime":0.0,"speed":1.0,"floorPosition":66.36284},{"type":2,"time":4683,"positionX":-4.0,"holdTime":0.0,"speed":1.0,"floorPosition":66.447975},{"type":2,"time":4688,"positionX":-4.0,"holdTime":0.0,"speed":1.0,"floorPosition":66.51892},{"type":1,"time":4704,"positionX":2.0,"holdTime":0.0,"speed":1.0,"floorPosition":66.74594},{"type":1,"time":4736,"positionX":-4.0,"holdTime":0.0,"speed":1.0,"floorPosition":67.2},{"type":1,"time":4768,"positionX":4.0,"holdTime":0.0,"speed":1.0,"floorPosition":67.65405},{"type":3,"time":4864,"positionX":0.0,"holdTime":64.0,"speed":1.4,"floorPosition":69.01621},{"type":1,"time":4960,"positionX":4.0,"holdTime":0.0,"speed":1.0,"floorPosition":70.37838},{"type":1,"time":4992,"positionX":-2.0,"holdTime":0.0,"speed":1.0,"floorPosition":70.83243},{"type":1,"time":5008,"positionX":2.0,"holdTime":0.0,"speed":1.0,"floorPosition":71.059456},{"type":1,"time":5024,"positionX":-2.0,"holdTime":0.0,"speed":1.0,"floorPosition":71.28648},{"type":2,"time":5040,"positionX":0.0,"holdTime":0.0,"speed":1.0,"floorPosition":71.51351},{"type":2,"time":5056,"positionX":0.0,"holdTime":0.0,"speed":1.0,"floorPosition":71.74054},{"type":2,"time":5072,"positionX":0.0,"holdTime":0.0,"speed":1.0,"floorPosition":71.96757},{"type":2,"time":5088,"positionX":0.0,"holdTime":0.0,"speed":1.0,"floorPosition":72.194595},{"type":2,"time":5104,"positionX":0.0,"holdTime":0.0,"speed":1.0,"floorPosition":72.42162},{"type":1,"time":5136,"positionX":-4.0,"holdTime":0.0,"speed":1.0,"floorPosition":72.87567},{"type":1,"time":5168,"positionX":4.0,"holdTime":0.0,"speed":1.0,"floorPosition":73.32973},{"type":2,"time":5184,"positionX":4.0,"holdTime":0.0,"speed":1.0,"floorPosition":73.556755},{"type":2,"time":5189,"positionX":4.0,"holdTime":0.0,"speed":1.0,"floorPosition":73.6277},{"type":2,"time":5195,"positionX":4.0,"holdTime":0.0,"speed":1.0,"floorPosition":73.71284},{"type":2,"time":5200,"positionX":4.0,"holdTime":0.0,"speed":1.0,"floorPosition":73.78378},{"type":1,"time":5216,"positionX":-6.0,"holdTime":0.0,"speed":1.0,"floorPosition":74.01081},{"type":1,"time":5248,"positionX":4.0,"holdTime":0.0,"speed":1.0,"floorPosition":74.46487},{"type":1,"time":5280,"positionX":-4.0,"holdTime":0.0,"speed":1.0,"floorPosition":74.918915},{"type":1,"time":5360,"positionX":4.0,"holdTime":0.0,"speed":1.0,"floorPosition":76.054054},{"type":1,"time":5392,"positionX":-2.0,"holdTime":0.0,"speed":1.0,"floorPosition":76.50811},{"type":1,"time":5424,"positionX":2.0,"holdTime":0.0,"speed":1.0,"floorPosition":76.96216},{"type":1,"time":5456,"positionX":-4.0,"holdTime":0.0,"speed":1.0,"floorPosition":77.416214},{"type":1,"time":5488,"positionX":6.0,"holdTime":0.0,"speed":1.0,"floorPosition":77.87027},{"type":1,"time":5520,"positionX":-6.0,"holdTime":0.0,"speed":1.0,"floorPosition":78.324326},{"type":1,"time":5552,"positionX":0.0,"holdTime":0.0,"speed":1.0,"floorPosition":78.77837},{"type":1,"time":5616,"positionX":6.0,"holdTime":0.0,"speed":1.0,"floorPosition":79.686485},{"type":1,"time":5616,"positionX":-6.0,"holdTime":0.0,"speed":1.0,"floorPosition":79.686485},{"type":1,"time":5648,"positionX":2.0,"holdTime":0.0,"speed":1.0,"floorPosition":80.14054},{"type":1,"time":5680,"positionX":-2.0,"holdTime":0.0,"speed":1.0,"floorPosition":80.5946},{"type":1,"time":5744,"positionX":6.0,"holdTime":0.0,"speed":1.0,"floorPosition":81.5027},{"type":1,"time":5744,"positionX":-6.0,"holdTime":0.0,"speed":1.0,"floorPosition":81.5027},{"type":1,"time":5776,"positionX":-2.0,"holdTime":0.0,"speed":1.0,"floorPosition":81.95676},{"type":1,"time":5808,"positionX":2.0,"holdTime":0.0,"speed":1.0,"floorPosition":82.41081},{"type":1,"time":5872,"positionX":-4.0,"holdTime":0.0,"speed":1.0,"floorPosition":83.31892},{"type":1,"time":5904,"positionX":-4.0,"holdTime":0.0,"speed":1.0,"floorPosition":83.77297},{"type":1,"time":5936,"positionX":4.0,"holdTime":0.0,"speed":1.0,"floorPosition":84.22703},{"type":1,"time":5968,"positionX":4.0,"holdTime":0.0,"speed":1.0,"floorPosition":84.681076},{"type":3,"time":6000,"positionX":0.0,"holdTime":80.0,"speed":1.4,"floorPosition":85.13513},{"type":1,"time":6128,"positionX":4.0,"holdTime":0.0,"speed":1.0,"floorPosition":86.95135},{"type":1,"time":6160,"positionX":4.0,"holdTime":0.0,"speed":1.0,"floorPosition":87.4054},{"type":1,"time":6192,"positionX":-4.0,"holdTime":0.0,"speed":1.0,"floorPosition":87.85946},{"type":1,"time":6224,"positionX":-4.0,"holdTime":0.0,"speed":1.0,"floorPosition":88.313515},{"type":1,"time":6256,"positionX":4.0,"holdTime":0.0,"speed":1.0,"floorPosition":88.76756},{"type":2,"time":6288,"positionX":-4.0,"holdTime":0.0,"speed":1.0,"floorPosition":89.22162},{"type":2,"time":6304,"positionX":-3.0,"holdTime":0.0,"speed":1.0,"floorPosition":89.44865},{"type":2,"time":6320,"positionX":-2.0,"holdTime":0.0,"speed":1.0,"floorPosition":89.675674},{"type":2,"time":6336,"positionX":4.0,"holdTime":0.0,"speed":1.0,"floorPosition":89.9027},{"type":2,"time":6352,"positionX":3.0,"holdTime":0.0,"speed":1.0,"floorPosition":90.12973},{"type":2,"time":6368,"positionX":2.0,"holdTime":0.0,"speed":1.0,"floorPosition":90.35676},{"type":1,"time":6384,"positionX":-4.0,"holdTime":0.0,"speed":1.0,"floorPosition":90.583786},{"type":1,"time":6416,"positionX":4.0,"holdTime":0.0,"speed":1.0,"floorPosition":91.037834},{"type":1,"time":6448,"positionX":-4.0,"holdTime":0.0,"speed":1.0,"floorPosition":91.49189},{"type":1,"time":6480,"positionX":4.0,"holdTime":0.0,"speed":1.0,"floorPosition":91.945946},{"type":1,"time":6512,"positionX":-2.0,"holdTime":0.0,"speed":1.0,"floorPosition":92.4},{"type":1,"time":6544,"positionX":2.0,"holdTime":0.0,"speed":1.0,"floorPosition":92.85405},{"type":1,"time":6576,"positionX":-2.0,"holdTime":0.0,"speed":1.0,"floorPosition":93.308105},{"type":1,"time":6608,"positionX":2.0,"holdTime":0.0,"speed":1.0,"floorPosition":93.76216},{"type":1,"time":6640,"positionX":-4.0,"holdTime":0.0,"speed":1.0,"floorPosition":94.21622},{"type":1,"time":6640,"positionX":4.0,"holdTime":0.0,"speed":1.0,"floorPosition":94.21622},{"type":4,"time":7152,"positionX":0.0,"holdTime":0.0,"speed":1.0,"floorPosition":101.117836},{"type":1,"time":7200,"positionX":-4.0,"holdTime":0.0,"speed":1.0,"floorPosition":101.662704},{"type":1,"time":7248,"positionX":2.0,"holdTime":0.0,"speed":1.0,"floorPosition":102.207565},{"type":1,"time":7280,"positionX":-4.0,"holdTime":0.0,"speed":1.0,"floorPosition":102.57081},{"type":1,"time":7344,"positionX":0.0,"holdTime":0.0,"speed":1.0,"floorPosition":103.297295},{"type":2,"time":7376,"positionX":-4.0,"holdTime":0.0,"speed":1.0,"floorPosition":103.66054},{"type":2,"time":7392,"positionX":-4.0,"holdTime":0.0,"speed":1.0,"floorPosition":103.84216},{"type":2,"time":7408,"positionX":-4.0,"holdTime":0.0,"speed":1.0,"floorPosition":104.02378},{"type":1,"time":7456,"positionX":0.0,"holdTime":0.0,"speed":1.0,"floorPosition":104.56865},{"type":1,"time":7504,"positionX":2.0,"holdTime":0.0,"speed":1.0,"floorPosition":105.11351},{"type":1,"time":7536,"positionX":-2.0,"holdTime":0.0,"speed":1.0,"floorPosition":105.47675},{"type":1,"time":7568,"positionX":2.0,"holdTime":0.0,"speed":1.0,"floorPosition":105.84},{"type":1,"time":7600,"positionX":-2.0,"holdTime":0.0,"speed":1.0,"floorPosition":106.20324},{"type":2,"time":7632,"positionX":2.0,"holdTime":0.0,"speed":1.0,"floorPosition":106.56648},{"type":2,"time":7648,"positionX":2.0,"holdTime":0.0,"speed":1.0,"floorPosition":106.74811},{"type":2,"time":7664,"positionX":2.0,"holdTime":0.0,"speed":1.0,"floorPosition":106.929726},{"type":1,"time":7728,"positionX":4.0,"holdTime":0.0,"speed":1.0,"floorPosition":107.65621},{"type":1,"time":7792,"positionX":0.0,"holdTime":0.0,"speed":1.0,"floorPosition":108.3827},{"type":1,"time":7824,"positionX":2.0,"holdTime":0.0,"speed":1.0,"floorPosition":108.74594},{"type":1,"time":7856,"positionX":4.0,"holdTime":0.0,"speed":1.0,"floorPosition":109.109184},{"type":1,"time":7888,"positionX":2.0,"holdTime":0.0,"speed":1.0,"floorPosition":109.472435},{"type":1,"time":7920,"positionX":0.0,"holdTime":0.0,"speed":1.0,"floorPosition":109.83568},{"type":4,"time":8048,"positionX":0.0,"holdTime":0.0,"speed":1.0,"floorPosition":111.28865},{"type":1,"time":8560,"positionX":-2.0,"holdTime":0.0,"speed":1.0,"floorPosition":117.10054},{"type":1,"time":8688,"positionX":2.0,"holdTime":0.0,"speed":1.0,"floorPosition":118.55351},{"type":1,"time":8944,"positionX":-2.0,"holdTime":0.0,"speed":1.0,"floorPosition":121.45946},{"type":1,"time":9072,"positionX":2.0,"holdTime":0.0,"speed":1.0,"floorPosition":122.91243},{"type":1,"time":9200,"positionX":-2.0,"holdTime":0.0,"speed":1.0,"floorPosition":124.3654},{"type":2,"time":9328,"positionX":0.0,"holdTime":0.0,"speed":1.0,"floorPosition":125.818375},{"type":2,"time":9360,"positionX":0.0,"holdTime":0.0,"speed":1.0,"floorPosition":126.27243},{"type":2,"time":9392,"positionX":0.0,"holdTime":0.0,"speed":1.0,"floorPosition":126.72649},{"type":4,"time":9424,"positionX":0.0,"holdTime":0.0,"speed":1.0,"floorPosition":127.180534},{"type":3,"time":9456,"positionX":-4.0,"holdTime":80.0,"speed":1.4,"floorPosition":127.63459},{"type":1,"time":9536,"positionX":4.0,"holdTime":0.0,"speed":1.0,"floorPosition":128.76973},{"type":1,"time":9552,"positionX":-2.0,"holdTime":0.0,"speed":1.0,"floorPosition":128.99675},{"type":1,"time":9568,"positionX":2.0,"holdTime":0.0,"speed":1.0,"floorPosition":129.22379},{"type":1,"time":9600,"positionX":-4.0,"holdTime":0.0,"speed":1.0,"floorPosition":129.67784},{"type":1,"time":9632,"positionX":4.0,"holdTime":0.0,"speed":1.0,"floorPosition":130.13188},{"type":1,"time":9680,"positionX":-4.0,"holdTime":0.0,"speed":1.0,"floorPosition":130.81297},{"type":1,"time":9712,"positionX":2.0,"holdTime":0.0,"speed":1.0,"floorPosition":131.26703},{"type":1,"time":9744,"positionX":2.0,"holdTime":0.0,"speed":1.0,"floorPosition":131.72108},{"type":1,"time":9776,"positionX":-2.0,"holdTime":0.0,"speed":1.0,"floorPosition":132.17513},{"type":1,"time":9808,"positionX":-2.0,"holdTime":0.0,"speed":1.0,"floorPosition":132.62918},{"type":1,"time":9840,"positionX":4.0,"holdTime":0.0,"speed":1.0,"floorPosition":133.08324},{"type":1,"time":9872,"positionX":-4.0,"holdTime":0.0,"speed":1.0,"floorPosition":133.5373},{"type":1,"time":9904,"positionX":4.0,"holdTime":0.0,"speed":1.0,"floorPosition":133.99135},{"type":3,"time":9968,"positionX":-4.0,"holdTime":48.0,"speed":1.4,"floorPosition":134.89946},{"type":3,"time":10032,"positionX":4.0,"holdTime":48.0,"speed":1.4,"floorPosition":135.80756},{"type":1,"time":10096,"positionX":-4.0,"holdTime":0.0,"speed":1.0,"floorPosition":136.71567},{"type":1,"time":10128,"positionX":2.0,"holdTime":0.0,"speed":1.0,"floorPosition":137.16972},{"type":1,"time":10160,"positionX":-2.0,"holdTime":0.0,"speed":1.0,"floorPosition":137.62378},{"type":1,"time":10192,"positionX":4.0,"holdTime":0.0,"speed":1.0,"floorPosition":138.07784},{"type":1,"time":10224,"positionX":-4.0,"holdTime":0.0,"speed":1.0,"floorPosition":138.53189},{"type":1,"time":10272,"positionX":0.0,"holdTime":0.0,"speed":1.0,"floorPosition":139.21297},{"type":3,"time":10320,"positionX":4.0,"holdTime":128.0,"speed":1.4,"floorPosition":139.89404},{"type":1,"time":10480,"positionX":6.0,"holdTime":0.0,"speed":1.0,"floorPosition":142.16432},{"type":1,"time":10480,"positionX":-6.0,"holdTime":0.0,"speed":1.0,"floorPosition":142.16432},{"type":1,"time":10512,"positionX":-2.0,"holdTime":0.0,"speed":1.0,"floorPosition":142.61838},{"type":1,"time":10544,"positionX":2.0,"holdTime":0.0,"speed":1.0,"floorPosition":143.07243},{"type":1,"time":10608,"positionX":-6.0,"holdTime":0.0,"speed":1.0,"floorPosition":143.98053},{"type":1,"time":10608,"positionX":6.0,"holdTime":0.0,"speed":1.0,"floorPosition":143.98053},{"type":1,"time":10640,"positionX":2.0,"holdTime":0.0,"speed":1.0,"floorPosition":144.43459},{"type":1,"time":10672,"positionX":-2.0,"holdTime":0.0,"speed":1.0,"floorPosition":144.88864},{"type":1,"time":10736,"positionX":4.0,"holdTime":0.0,"speed":1.0,"floorPosition":145.79675},{"type":1,"time":10768,"positionX":4.0,"holdTime":0.0,"speed":1.0,"floorPosition":146.25081},{"type":1,"time":10800,"positionX":-4.0,"holdTime":0.0,"speed":1.0,"floorPosition":146.70486},{"type":1,"time":10832,"positionX":-4.0,"holdTime":0.0,"speed":1.0,"floorPosition":147.15892},{"type":1,"time":10864,"positionX":2.0,"holdTime":0.0,"speed":1.0,"floorPosition":147.61298},{"type":3,"time":10912,"positionX":-2.0,"holdTime":80.0,"speed":1.4,"floorPosition":148.29405},{"type":1,"time":10992,"positionX":4.0,"holdTime":0.0,"speed":1.0,"floorPosition":149.42918},{"type":1,"time":11024,"positionX":-4.0,"holdTime":0.0,"speed":1.0,"floorPosition":149.88324},{"type":1,"time":11088,"positionX":4.0,"holdTime":0.0,"speed":1.0,"floorPosition":150.79135},{"type":1,"time":11120,"positionX":-4.0,"holdTime":0.0,"speed":1.0,"floorPosition":151.2454},{"type":1,"time":11168,"positionX":2.0,"holdTime":0.0,"speed":1.0,"floorPosition":151.92648},{"type":1,"time":11184,"positionX":-2.0,"holdTime":0.0,"speed":1.0,"floorPosition":152.1535},{"type":1,"time":11216,"positionX":4.0,"holdTime":0.0,"speed":1.0,"floorPosition":152.60756},{"type":3,"time":11248,"positionX":-6.0,"holdTime":256.0,"speed":1.4,"floorPosition":153.06161},{"type":1,"time":11376,"positionX":2.0,"holdTime":0.0,"speed":1.0,"floorPosition":154.87784},{"type":1,"time":11504,"positionX":4.0,"holdTime":0.0,"speed":1.0,"floorPosition":156.69405},{"type":1,"time":11536,"positionX":-2.0,"holdTime":0.0,"speed":1.0,"floorPosition":157.1481},{"type":1,"time":11568,"positionX":4.0,"holdTime":0.0,"speed":1.0,"floorPosition":157.60216},{"type":1,"time":11600,"positionX":-2.0,"holdTime":0.0,"speed":1.0,"floorPosition":158.05621},{"type":1,"time":11632,"positionX":2.0,"holdTime":0.0,"speed":1.0,"floorPosition":158.51027},{"type":1,"time":11664,"positionX":-4.0,"holdTime":0.0,"speed":1.0,"floorPosition":158.96432},{"type":1,"time":11696,"positionX":2.0,"holdTime":0.0,"speed":1.0,"floorPosition":159.41838},{"type":1,"time":11728,"positionX":-4.0,"holdTime":0.0,"speed":1.0,"floorPosition":159.87242},{"type":1,"time":11760,"positionX":4.0,"holdTime":0.0,"speed":1.0,"floorPosition":160.32648},{"type":1,"time":11792,"positionX":4.0,"holdTime":0.0,"speed":1.0,"floorPosition":160.78053},{"type":1,"time":11824,"positionX":-4.0,"holdTime":0.0,"speed":1.0,"floorPosition":161.23459},{"type":1,"time":11856,"positionX":-4.0,"holdTime":0.0,"speed":1.0,"floorPosition":161.68864},{"type":1,"time":11888,"positionX":2.0,"holdTime":0.0,"speed":1.0,"floorPosition":162.1427},{"type":1,"time":11920,"positionX":2.0,"holdTime":0.0,"speed":1.0,"floorPosition":162.59676},{"type":1,"time":11952,"positionX":-2.0,"holdTime":0.0,"speed":1.0,"floorPosition":163.05081},{"type":1,"time":12016,"positionX":-2.0,"holdTime":0.0,"speed":1.0,"floorPosition":163.95891},{"type":1,"time":12032,"positionX":2.0,"holdTime":0.0,"speed":1.0,"floorPosition":164.18594},{"type":1,"time":12048,"positionX":-2.0,"holdTime":0.0,"speed":1.0,"floorPosition":164.41296},{"type":1,"time":12064,"positionX":2.0,"holdTime":0.0,"speed":1.0,"floorPosition":164.64},{"type":1,"time":12096,"positionX":-2.0,"holdTime":0.0,"speed":1.0,"floorPosition":165.09406},{"type":1,"time":12112,"positionX":2.0,"holdTime":0.0,"speed":1.0,"floorPosition":165.32108},{"type":1,"time":12128,"positionX":-2.0,"holdTime":0.0,"speed":1.0,"floorPosition":165.54811},{"type":2,"time":12144,"positionX":4.0,"holdTime":0.0,"speed":1.0,"floorPosition":165.77513},{"type":2,"time":12152,"positionX":4.0,"holdTime":0.0,"speed":1.0,"floorPosition":165.88864},{"type":2,"time":12168,"positionX":-4.0,"holdTime":0.0,"speed":1.0,"floorPosition":166.11568},{"type":2,"time":12176,"positionX":-4.0,"holdTime":0.0,"speed":1.0,"floorPosition":166.22919},{"type":2,"time":12192,"positionX":4.0,"holdTime":0.0,"speed":1.0,"floorPosition":166.4562},{"type":2,"time":12200,"positionX":4.0,"holdTime":0.0,"speed":1.0,"floorPosition":166.56973},{"type":1,"time":12224,"positionX":-4.0,"holdTime":0.0,"speed":1.0,"floorPosition":166.91026},{"type":1,"time":12240,"positionX":2.0,"holdTime":0.0,"speed":1.0,"floorPosition":167.1373},{"type":1,"time":12256,"positionX":-2.0,"holdTime":0.0,"speed":1.0,"floorPosition":167.36432},{"type":1,"time":12272,"positionX":4.0,"holdTime":0.0,"speed":1.0,"floorPosition":167.59135},{"type":2,"time":12304,"positionX":-4.0,"holdTime":0.0,"speed":1.0,"floorPosition":168.0454},{"type":2,"time":12312,"positionX":-4.0,"holdTime":0.0,"speed":1.0,"floorPosition":168.15892},{"type":2,"time":12320,"positionX":-4.0,"holdTime":0.0,"speed":1.0,"floorPosition":168.27243},{"type":2,"time":12328,"positionX":-4.0,"holdTime":0.0,"speed":1.0,"floorPosition":168.38594},{"type":2,"time":12336,"positionX":-4.0,"holdTime":0.0,"speed":1.0,"floorPosition":168.49945},{"type":2,"time":12352,"positionX":4.0,"holdTime":0.0,"speed":1.0,"floorPosition":168.72649},{"type":2,"time":12360,"positionX":4.0,"holdTime":0.0,"speed":1.0,"floorPosition":168.84},{"type":2,"time":12368,"positionX":4.0,"holdTime":0.0,"speed":1.0,"floorPosition":168.9535},{"type":2,"time":12376,"positionX":4.0,"holdTime":0.0,"speed":1.0,"floorPosition":169.06702},{"type":2,"time":12384,"positionX":4.0,"holdTime":0.0,"speed":1.0,"floorPosition":169.18054},{"type":1,"time":12400,"positionX":0.0,"holdTime":0.0,"speed":1.0,"floorPosition":169.40756},{"type":1,"time":12432,"positionX":0.0,"holdTime":0.0,"speed":1.0,"floorPosition":169.86162},{"type":1,"time":12464,"positionX":0.0,"holdTime":0.0,"speed":1.0,"floorPosition":170.31567},{"type":3,"time":12528,"positionX":-2.0,"holdTime":112.0,"speed":1.4,"floorPosition":171.22379},{"type":3,"time":12656,"positionX":2.0,"holdTime":112.0,"speed":1.4,"floorPosition":173.04},{"type":1,"time":12784,"positionX":-2.0,"holdTime":0.0,"speed":1.0,"floorPosition":174.85622},{"type":1,"time":12816,"positionX":2.0,"holdTime":0.0,"speed":1.0,"floorPosition":175.31027},{"type":1,"time":12848,"positionX":-2.0,"holdTime":0.0,"speed":1.0,"floorPosition":175.76431},{"type":1,"time":12880,"positionX":2.0,"holdTime":0.0,"speed":1.0,"floorPosition":176.21837},{"type":2,"time":12912,"positionX":0.0,"holdTime":0.0,"speed":1.0,"floorPosition":176.67242},{"type":2,"time":12923,"positionX":0.0,"holdTime":0.0,"speed":1.0,"floorPosition":176.8285},{"type":2,"time":12934,"positionX":0.0,"holdTime":0.0,"speed":1.0,"floorPosition":176.98459},{"type":2,"time":12944,"positionX":0.0,"holdTime":0.0,"speed":1.0,"floorPosition":177.12648},{"type":2,"time":12955,"positionX":0.0,"holdTime":0.0,"speed":1.0,"floorPosition":177.28256},{"type":2,"time":12966,"positionX":0.0,"holdTime":0.0,"speed":1.0,"floorPosition":177.43864},{"type":2,"time":12976,"positionX":0.0,"holdTime":0.0,"speed":1.0,"floorPosition":177.58054},{"type":1,"time":13040,"positionX":4.0,"holdTime":0.0,"speed":1.0,"floorPosition":178.48865},{"type":1,"time":13072,"positionX":-4.0,"holdTime":0.0,"speed":1.0,"floorPosition":178.9427},{"type":1,"time":13120,"positionX":2.0,"holdTime":0.0,"speed":1.0,"floorPosition":179.62378},{"type":1,"time":13136,"positionX":-2.0,"holdTime":0.0,"speed":1.0,"floorPosition":179.8508},{"type":1,"time":13168,"positionX":4.0,"holdTime":0.0,"speed":1.0,"floorPosition":180.30486},{"type":1,"time":13200,"positionX":4.0,"holdTime":0.0,"speed":1.0,"floorPosition":180.75891},{"type":1,"time":13232,"positionX":-4.0,"holdTime":0.0,"speed":1.0,"floorPosition":181.21297},{"type":1,"time":13264,"positionX":-4.0,"holdTime":0.0,"speed":1.0,"floorPosition":181.66702},{"type":1,"time":13296,"positionX":0.0,"holdTime":0.0,"speed":1.0,"floorPosition":182.12108},{"type":1,"time":13328,"positionX":0.0,"holdTime":0.0,"speed":1.0,"floorPosition":182.57513},{"type":1,"time":13360,"positionX":0.0,"holdTime":0.0,"speed":1.0,"floorPosition":183.02919},{"type":1,"time":13392,"positionX":0.0,"holdTime":0.0,"speed":1.0,"floorPosition":183.48325},{"type":1,"time":13424,"positionX":-6.0,"holdTime":0.0,"speed":1.0,"floorPosition":183.93729},{"type":1,"time":13456,"positionX":-2.0,"holdTime":0.0,"speed":1.0,"floorPosition":184.39134},{"type":1,"time":13488,"positionX":2.0,"holdTime":0.0,"speed":1.0,"floorPosition":184.8454},{"type":1,"time":13520,"positionX":6.0,"holdTime":0.0,"speed":1.0,"floorPosition":185.29945},{"type":1,"time":13552,"positionX":0.0,"holdTime":0.0,"speed":1.0,"floorPosition":185.75351},{"type":1,"time":13648,"positionX":-4.0,"holdTime":0.0,"speed":1.0,"floorPosition":187.11568},{"type":1,"time":13808,"positionX":4.0,"holdTime":0.0,"speed":1.0,"floorPosition":189.38594},{"type":2,"time":14064,"positionX":0.0,"holdTime":0.0,"speed":1.0,"floorPosition":193.01837}],"notesBelow":[{"type":1,"time":496,"positionX":0.0,"holdTime":0.0,"speed":1.0,"floorPosition":7.0378375},{"type":1,"time":624,"positionX":-4.0,"holdTime":0.0,"speed":1.0,"floorPosition":8.8540535},{"type":1,"time":688,"positionX":4.0,"holdTime":0.0,"speed":1.0,"floorPosition":9.762162},{"type":1,"time":752,"positionX":0.0,"holdTime":0.0,"speed":1.0,"floorPosition":10.67027},{"type":4,"time":848,"positionX":0.0,"holdTime":0.0,"speed":1.0,"floorPosition":12.032433},{"type":2,"time":6736,"positionX":4.0,"holdTime":0.0,"speed":1.0,"floorPosition":95.57838},{"type":2,"time":6752,"positionX":2.0,"holdTime":0.0,"speed":1.0,"floorPosition":95.805405},{"type":2,"time":6768,"positionX":4.0,"holdTime":0.0,"speed":1.0,"floorPosition":96.03243},{"type":2,"time":6864,"positionX":-4.0,"holdTime":0.0,"speed":1.0,"floorPosition":97.39459},{"type":2,"time":6880,"positionX":-2.0,"holdTime":0.0,"speed":1.0,"floorPosition":97.62162},{"type":2,"time":6896,"positionX":-4.0,"holdTime":0.0,"speed":1.0,"floorPosition":97.84865},{"type":2,"time":6928,"positionX":0.0,"holdTime":0.0,"speed":1.0,"floorPosition":98.302704},{"type":2,"time":6939,"positionX":0.0,"holdTime":0.0,"speed":1.0,"floorPosition":98.45878},{"type":2,"time":6949,"positionX":0.0,"holdTime":0.0,"speed":1.0,"floorPosition":98.60068},{"type":2,"time":6960,"positionX":0.0,"holdTime":0.0,"speed":1.0,"floorPosition":98.75675},{"type":1,"time":6992,"positionX":4.0,"holdTime":0.0,"speed":1.0,"floorPosition":99.21081},{"type":1,"time":7024,"positionX":-4.0,"holdTime":0.0,"speed":1.0,"floorPosition":99.66486}],"speedEvents":[{"startTime":0.0,"endTime":0.0,"value":1.0},{"startTime":0.0,"endTime":7024.0,"value":1.4},{"startTime":7024.0,"endTime":9328.0,"value":1.12},{"startTime":9328.0,"endTime":1000000000.0,"value":1.4}],"judgeLineMoveEvents":[{"startTime":-999999.0,"endTime":0.0,"start":0.5,"end":0.5,"start2":0.5,"end2":0.5},{"startTime":0.0,"endTime":240.0,"start":0.5,"end":0.5,"start2":0.5,"end2":0.2},{"startTime":240.0,"endTime":336.0,"start":0.5,"end":0.5,"start2":0.2,"end2":0.2},{"startTime":336.0,"endTime":340.0,"start":0.5,"end":0.5,"start2":0.2,"end2":0.25449145},{"startTime":340.0,"endTime":344.0,"start":0.5,"end":0.5,"start2":0.25449145,"end2":0.30558366},{"startTime":344.0,"endTime":348.0,"start":0.5,"end":0.5,"start2":0.30558366,"end2":0.35338587},{"startTime":348.0,"endTime":352.0,"start":0.5,"end":0.5,"start2":0.35338587,"end2":0.3980075},{"startTime":352.0,"endTime":356.0,"start":0.5,"end":0.5,"start2":0.3980075,"end2":0.43955788},{"startTime":356.0,"endTime":360.0,"start":0.5,"end":0.5,"start2":0.43955788,"end2":0.47814634},{"startTime":360.0,"endTime":364.0,"start":0.5,"end":0.5,"start2":0.47814634,"end2":0.51388234},{"startTime":364.0,"endTime":368.0,"start":0.5,"end":0.5,"start2":0.51388234,"end2":0.546875},{"startTime":368.0,"endTime":372.0,"start":0.5,"end":0.5,"start2":0.546875,"end2":0.5772015},{"startTime":372.0,"endTime":376.0,"start":0.5,"end":0.5,"start2":0.5772015,"end2":0.60500616},{"startTime":376.0,"endTime":380.0,"start":0.5,"end":0.5,"start2":0.60500616,"end2":0.6303984},{"startTime":380.0,"endTime":384.0,"start":0.5,"end":0.5,"start2":0.6303984,"end2":0.6534875},{"startTime":384.0,"endTime":388.0,"start":0.5,"end":0.5,"start2":0.6534875,"end2":0.67438287},{"startTime":388.0,"endTime":392.0,"start":0.5,"end":0.5,"start2":0.67438287,"end2":0.69319385},{"startTime":392.0,"endTime":396.0,"start":0.5,"end":0.5,"start2":0.69319385,"end2":0.71002984},{"startTime":396.0,"endTime":400.0,"start":0.5,"end":0.5,"start2":0.71002984,"end2":0.725},{"startTime":400.0,"endTime":404.0,"start":0.5,"end":0.5,"start2":0.725,"end2":0.73819274},{"startTime":404.0,"endTime":408.0,"start":0.5,"end":0.5,"start2":0.73819274,"end2":0.7497412},{"startTime":408.0,"endTime":412.0,"start":0.5,"end":0.5,"start2":0.7497412,"end2":0.75975466},{"startTime":412.0,"endTime":416.0,"start":0.5,"end":0.5,"start2":0.75975466,"end2":0.7683425},{"startTime":416.0,"endTime":420.0,"start":0.5,"end":0.5,"start2":0.7683425,"end2":0.77561414},{"startTime":420.0,"endTime":424.0,"start":0.5,"end":0.5,"start2":0.77561414,"end2":0.78167886},{"startTime":424.0,"endTime":428.0,"start":0.5,"end":0.5,"start2":0.78167886,"end2":0.78664607},{"startTime":428.0,"endTime":432.0,"start":0.5,"end":0.5,"start2":0.78664607,"end2":0.79062504},{"startTime":432.0,"endTime":436.0,"start":0.5,"end":0.5,"start2":0.79062504,"end2":0.79371524},{"startTime":436.0,"endTime":440.0,"start":0.5,"end":0.5,"start2":0.79371524,"end2":0.7960386},{"startTime":440.0,"endTime":444.0,"start":0.5,"end":0.5,"start2":0.7960386,"end2":0.79770464},{"startTime":444.0,"endTime":448.0,"start":0.5,"end":0.5,"start2":0.79770464,"end2":0.79882246},{"startTime":448.0,"endTime":452.0,"start":0.5,"end":0.5,"start2":0.79882246,"end2":0.7995016},{"startTime":452.0,"endTime":456.0,"start":0.5,"end":0.5,"start2":0.7995016,"end2":0.79985136},{"startTime":456.0,"endTime":460.0,"start":0.5,"end":0.5,"start2":0.79985136,"end2":0.799981},{"startTime":460.0,"endTime":464.0,"start":0.5,"end":0.5,"start2":0.799981,"end2":0.8},{"startTime":464.0,"endTime":848.0,"start":0.5,"end":0.5,"start2":0.8,"end2":0.8},{"startTime":848.0,"endTime":852.0,"start":0.5,"end":0.5,"start2":0.8,"end2":0.74550855},{"startTime":852.0,"endTime":856.0,"start":0.5,"end":0.5,"start2":0.74550855,"end2":0.69441634},{"startTime":856.0,"endTime":860.0,"start":0.5,"end":0.5,"start2":0.69441634,"end2":0.64661413},{"startTime":860.0,"endTime":864.0,"start":0.5,"end":0.5,"start2":0.64661413,"end2":0.6019925},{"startTime":864.0,"endTime":868.0,"start":0.5,"end":0.5,"start2":0.6019925,"end2":0.56044215},{"startTime":868.0,"endTime":872.0,"start":0.5,"end":0.5,"start2":0.56044215,"end2":0.5218537},{"startTime":872.0,"endTime":876.0,"start":0.5,"end":0.5,"start2":0.5218537,"end2":0.4861177},{"startTime":876.0,"endTime":880.0,"start":0.5,"end":0.5,"start2":0.4861177,"end2":0.453125},{"startTime":880.0,"endTime":884.0,"start":0.5,"end":0.5,"start2":0.453125,"end2":0.42279854},{"startTime":884.0,"endTime":888.0,"start":0.5,"end":0.5,"start2":0.42279854,"end2":0.39499384},{"startTime":888.0,"endTime":892.0,"start":0.5,"end":0.5,"start2":0.39499384,"end2":0.36960164},{"startTime":892.0,"endTime":896.0,"start":0.5,"end":0.5,"start2":0.36960164,"end2":0.3465125},{"startTime":896.0,"endTime":900.0,"start":0.5,"end":0.5,"start2":0.3465125,"end2":0.32561716},{"startTime":900.0,"endTime":904.0,"start":0.5,"end":0.5,"start2":0.32561716,"end2":0.30680618},{"startTime":904.0,"endTime":908.0,"start":0.5,"end":0.5,"start2":0.30680618,"end2":0.2899702},{"startTime":908.0,"endTime":912.0,"start":0.5,"end":0.5,"start2":0.2899702,"end2":0.275},{"startTime":912.0,"endTime":916.0,"start":0.5,"end":0.5,"start2":0.275,"end2":0.2618073},{"startTime":916.0,"endTime":920.0,"start":0.5,"end":0.5,"start2":0.2618073,"end2":0.25025883},{"startTime":920.0,"endTime":924.0,"start":0.5,"end":0.5,"start2":0.25025883,"end2":0.24024537},{"startTime":924.0,"endTime":928.0,"start":0.5,"end":0.5,"start2":0.24024537,"end2":0.2316575},{"startTime":928.0,"endTime":932.0,"start":0.5,"end":0.5,"start2":0.2316575,"end2":0.2243859},{"startTime":932.0,"endTime":936.0,"start":0.5,"end":0.5,"start2":0.2243859,"end2":0.21832113},{"startTime":936.0,"endTime":940.0,"start":0.5,"end":0.5,"start2":0.21832113,"end2":0.21335398},{"startTime":940.0,"endTime":944.0,"start":0.5,"end":0.5,"start2":0.21335398,"end2":0.20937501},{"startTime":944.0,"endTime":948.0,"start":0.5,"end":0.5,"start2":0.20937501,"end2":0.20628478},{"startTime":948.0,"endTime":952.0,"start":0.5,"end":0.5,"start2":0.20628478,"end2":0.20396137},{"startTime":952.0,"endTime":956.0,"start":0.5,"end":0.5,"start2":0.20396137,"end2":0.20229536},{"startTime":956.0,"endTime":960.0,"start":0.5,"end":0.5,"start2":0.20229536,"end2":0.20117752},{"startTime":960.0,"endTime":964.0,"start":0.5,"end":0.5,"start2":0.20117752,"end2":0.20049839},{"startTime":964.0,"endTime":968.0,"start":0.5,"end":0.5,"start2":0.20049839,"end2":0.20014867},{"startTime":968.0,"endTime":972.0,"start":0.5,"end":0.5,"start2":0.20014867,"end2":0.20001899},{"startTime":972.0,"endTime":976.0,"start":0.5,"end":0.5,"start2":0.20001899,"end2":0.2},{"startTime":976.0,"endTime":2256.0,"start":0.5,"end":0.5,"start2":0.2,"end2":0.2},{"startTime":2256.0,"endTime":2257.0,"start":0.5,"end":0.5,"start2":0.2,"end2":0.20001897},{"startTime":2257.0,"endTime":2258.0,"start":0.5,"end":0.5,"start2":0.20001897,"end2":0.20014866},{"startTime":2258.0,"endTime":2259.0,"start":0.5,"end":0.5,"start2":0.20014866,"end2":0.20049837},{"startTime":2259.0,"endTime":2260.0,"start":0.5,"end":0.5,"start2":0.20049837,"end2":0.20117751},{"startTime":2260.0,"endTime":2261.0,"start":0.5,"end":0.5,"start2":0.20117751,"end2":0.20229538},{"startTime":2261.0,"endTime":2262.0,"start":0.5,"end":0.5,"start2":0.20229538,"end2":0.20396136},{"startTime":2262.0,"endTime":2263.0,"start":0.5,"end":0.5,"start2":0.20396136,"end2":0.20628478},{"startTime":2263.0,"endTime":2264.0,"start":0.5,"end":0.5,"start2":0.20628478,"end2":0.20937501},{"startTime":2264.0,"endTime":2265.0,"start":0.5,"end":0.5,"start2":0.20937501,"end2":0.21335398},{"startTime":2265.0,"endTime":2266.0,"start":0.5,"end":0.5,"start2":0.21335398,"end2":0.21832116},{"startTime":2266.0,"endTime":2267.0,"start":0.5,"end":0.5,"start2":0.21832116,"end2":0.22438587},{"startTime":2267.0,"endTime":2268.0,"start":0.5,"end":0.5,"start2":0.22438587,"end2":0.2316575},{"startTime":2268.0,"endTime":2269.0,"start":0.5,"end":0.5,"start2":0.2316575,"end2":0.24024537},{"startTime":2269.0,"endTime":2270.0,"start":0.5,"end":0.5,"start2":0.24024537,"end2":0.25025886},{"startTime":2270.0,"endTime":2271.0,"start":0.5,"end":0.5,"start2":0.25025886,"end2":0.26180726},{"startTime":2271.0,"endTime":2272.0,"start":0.5,"end":0.5,"start2":0.26180726,"end2":0.275},{"startTime":2272.0,"endTime":2273.0,"start":0.5,"end":0.5,"start2":0.275,"end2":0.28997022},{"startTime":2273.0,"endTime":2274.0,"start":0.5,"end":0.5,"start2":0.28997022,"end2":0.30680615},{"startTime":2274.0,"endTime":2275.0,"start":0.5,"end":0.5,"start2":0.30680615,"end2":0.32561713},{"startTime":2275.0,"endTime":2276.0,"start":0.5,"end":0.5,"start2":0.32561713,"end2":0.3465125},{"startTime":2276.0,"endTime":2277.0,"start":0.5,"end":0.5,"start2":0.3465125,"end2":0.36960164},{"startTime":2277.0,"endTime":2278.0,"start":0.5,"end":0.5,"start2":0.36960164,"end2":0.39499384},{"startTime":2278.0,"endTime":2279.0,"start":0.5,"end":0.5,"start2":0.39499384,"end2":0.42279854},{"startTime":2279.0,"endTime":2280.0,"start":0.5,"end":0.5,"start2":0.42279854,"end2":0.453125},{"startTime":2280.0,"endTime":2281.0,"start":0.5,"end":0.5,"start2":0.453125,"end2":0.48611772},{"startTime":2281.0,"endTime":2282.0,"start":0.5,"end":0.5,"start2":0.48611772,"end2":0.5218537},{"startTime":2282.0,"endTime":2283.0,"start":0.5,"end":0.5,"start2":0.5218537,"end2":0.56044215},{"startTime":2283.0,"endTime":2284.0,"start":0.5,"end":0.5,"start2":0.56044215,"end2":0.6019925},{"startTime":2284.0,"endTime":2285.0,"start":0.5,"end":0.5,"start2":0.6019925,"end2":0.64661413},{"startTime":2285.0,"endTime":2286.0,"start":0.5,"end":0.5,"start2":0.64661413,"end2":0.69441634},{"startTime":2286.0,"endTime":2287.0,"start":0.5,"end":0.5,"start2":0.69441634,"end2":0.74550855},{"startTime":2287.0,"endTime":2288.0,"start":0.5,"end":0.5,"start2":0.74550855,"end2":0.8},{"startTime":2288.0,"endTime":2336.0,"start":0.5,"end":0.5,"start2":0.8,"end2":0.8},{"startTime":2336.0,"endTime":2384.0,"start":0.5,"end":0.5,"start2":0.5,"end2":0.5},{"startTime":2384.0,"endTime":3568.0,"start":0.5,"end":0.5,"start2":0.2,"end2":0.2},{"startTime":3568.0,"endTime":3696.0,"start":0.5,"end":0.55,"start2":0.2,"end2":0.2},{"startTime":3696.0,"endTime":3952.0,"start":0.55,"end":0.44886363,"start2":0.2,"end2":0.2},{"startTime":3952.0,"endTime":4208.0,"start":0.44886363,"end":0.55,"start2":0.2,"end2":0.2},{"startTime":4208.0,"endTime":4336.0,"start":0.55,"end":0.5,"start2":0.2,"end2":0.2},{"startTime":4336.0,"endTime":6640.0,"start":0.5,"end":0.5,"start2":0.2,"end2":0.2},{"startTime":6640.0,"endTime":6641.0,"start":0.5,"end":0.5,"start2":0.2,"end2":0.2276442},{"startTime":6641.0,"endTime":6642.0,"start":0.5,"end":0.5,"start2":0.2276442,"end2":0.25449145},{"startTime":6642.0,"endTime":6643.0,"start":0.5,"end":0.5,"start2":0.25449145,"end2":0.28044483},{"startTime":6643.0,"endTime":6644.0,"start":0.5,"end":0.5,"start2":0.28044483,"end2":0.30558366},{"startTime":6644.0,"endTime":6645.0,"start":0.5,"end":0.5,"start2":0.30558366,"end2":0.32989943},{"startTime":6645.0,"endTime":6646.0,"start":0.5,"end":0.5,"start2":0.32989943,"end2":0.35338587},{"startTime":6646.0,"endTime":6647.0,"start":0.5,"end":0.5,"start2":0.35338587,"end2":0.37611747},{"startTime":6647.0,"endTime":6648.0,"start":0.5,"end":0.5,"start2":0.37611747,"end2":0.3980075},{"startTime":6648.0,"endTime":6649.0,"start":0.5,"end":0.5,"start2":0.3980075,"end2":0.4191888},{"startTime":6649.0,"endTime":6650.0,"start":0.5,"end":0.5,"start2":0.4191888,"end2":0.43955788},{"startTime":6650.0,"endTime":6651.0,"start":0.5,"end":0.5,"start2":0.43955788,"end2":0.45922497},{"startTime":6651.0,"endTime":6652.0,"start":0.5,"end":0.5,"start2":0.45922497,"end2":0.47814634},{"startTime":6652.0,"endTime":6653.0,"start":0.5,"end":0.5,"start2":0.47814634,"end2":0.49635518},{"startTime":6653.0,"endTime":6654.0,"start":0.5,"end":0.5,"start2":0.49635518,"end2":0.51388234},{"startTime":6654.0,"endTime":6655.0,"start":0.5,"end":0.5,"start2":0.51388234,"end2":0.53068894},{"startTime":6655.0,"endTime":6656.0,"start":0.5,"end":0.5,"start2":0.53068894,"end2":0.546875},{"startTime":6656.0,"endTime":6657.0,"start":0.5,"end":0.5,"start2":0.546875,"end2":0.5623355},{"startTime":6657.0,"endTime":6658.0,"start":0.5,"end":0.5,"start2":0.5623355,"end2":0.5772015},{"startTime":6658.0,"endTime":6659.0,"start":0.5,"end":0.5,"start2":0.5772015,"end2":0.5914042},{"startTime":6659.0,"endTime":6660.0,"start":0.5,"end":0.5,"start2":0.5914042,"end2":0.60500616},{"startTime":6660.0,"endTime":6661.0,"start":0.5,"end":0.5,"start2":0.60500616,"end2":0.61800444},{"startTime":6661.0,"endTime":6662.0,"start":0.5,"end":0.5,"start2":0.61800444,"end2":0.6303984},{"startTime":6662.0,"endTime":6663.0,"start":0.5,"end":0.5,"start2":0.6303984,"end2":0.6422456},{"startTime":6663.0,"endTime":6664.0,"start":0.5,"end":0.5,"start2":0.6422456,"end2":0.6534875},{"startTime":6664.0,"endTime":6665.0,"start":0.5,"end":0.5,"start2":0.6534875,"end2":0.66422313},{"startTime":6665.0,"endTime":6666.0,"start":0.5,"end":0.5,"start2":0.66422313,"end2":0.67438287},{"startTime":6666.0,"endTime":6667.0,"start":0.5,"end":0.5,"start2":0.67438287,"end2":0.6840487},{"startTime":6667.0,"endTime":6668.0,"start":0.5,"end":0.5,"start2":0.6840487,"end2":0.69319385},{"startTime":6668.0,"endTime":6669.0,"start":0.5,"end":0.5,"start2":0.69319385,"end2":0.70184577},{"startTime":6669.0,"endTime":6670.0,"start":0.5,"end":0.5,"start2":0.70184577,"end2":0.71002984},{"startTime":6670.0,"endTime":6671.0,"start":0.5,"end":0.5,"start2":0.71002984,"end2":0.7177239},{"startTime":6671.0,"endTime":6672.0,"start":0.5,"end":0.5,"start2":0.7177239,"end2":0.725},{"startTime":6672.0,"endTime":6673.0,"start":0.5,"end":0.5,"start2":0.725,"end2":0.73179233},{"startTime":6673.0,"endTime":6674.0,"start":0.5,"end":0.5,"start2":0.73179233,"end2":0.73819274},{"startTime":6674.0,"endTime":6675.0,"start":0.5,"end":0.5,"start2":0.73819274,"end2":0.7441605},{"startTime":6675.0,"endTime":6676.0,"start":0.5,"end":0.5,"start2":0.7441605,"end2":0.7497412},{"startTime":6676.0,"endTime":6677.0,"start":0.5,"end":0.5,"start2":0.7497412,"end2":0.7549376},{"startTime":6677.0,"endTime":6678.0,"start":0.5,"end":0.5,"start2":0.7549376,"end2":0.75975466},{"startTime":6678.0,"endTime":6679.0,"start":0.5,"end":0.5,"start2":0.75975466,"end2":0.76423305},{"startTime":6679.0,"endTime":6680.0,"start":0.5,"end":0.5,"start2":0.76423305,"end2":0.7683425},{"startTime":6680.0,"endTime":6681.0,"start":0.5,"end":0.5,"start2":0.7683425,"end2":0.7721482},{"startTime":6681.0,"endTime":6682.0,"start":0.5,"end":0.5,"start2":0.7721482,"end2":0.77561414},{"startTime":6682.0,"endTime":6683.0,"start":0.5,"end":0.5,"start2":0.77561414,"end2":0.77879435},{"startTime":6683.0,"endTime":6684.0,"start":0.5,"end":0.5,"start2":0.77879435,"end2":0.78167886},{"startTime":6684.0,"endTime":6685.0,"start":0.5,"end":0.5,"start2":0.78167886,"end2":0.78428954},{"startTime":6685.0,"endTime":6686.0,"start":0.5,"end":0.5,"start2":0.78428954,"end2":0.78664607},{"startTime":6686.0,"endTime":6687.0,"start":0.5,"end":0.5,"start2":0.78664607,"end2":0.7887433},{"startTime":6687.0,"endTime":6688.0,"start":0.5,"end":0.5,"start2":0.7887433,"end2":0.79062504},{"startTime":6688.0,"endTime":6689.0,"start":0.5,"end":0.5,"start2":0.79062504,"end2":0.7922649},{"startTime":6689.0,"endTime":6690.0,"start":0.5,"end":0.5,"start2":0.7922649,"end2":0.79371524},{"startTime":6690.0,"endTime":6691.0,"start":0.5,"end":0.5,"start2":0.79371524,"end2":0.7949636},{"startTime":6691.0,"endTime":6692.0,"start":0.5,"end":0.5,"start2":0.7949636,"end2":0.7960386},{"startTime":6692.0,"endTime":6693.0,"start":0.5,"end":0.5,"start2":0.7960386,"end2":0.79694885},{"startTime":6693.0,"endTime":6694.0,"start":0.5,"end":0.5,"start2":0.79694885,"end2":0.79770464},{"startTime":6694.0,"endTime":6695.0,"start":0.5,"end":0.5,"start2":0.79770464,"end2":0.79832995},{"startTime":6695.0,"endTime":6696.0,"start":0.5,"end":0.5,"start2":0.79832995,"end2":0.79882246},{"startTime":6696.0,"endTime":6697.0,"start":0.5,"end":0.5,"start2":0.79882246,"end2":0.7992138},{"startTime":6697.0,"endTime":6698.0,"start":0.5,"end":0.5,"start2":0.7992138,"end2":0.7995016},{"startTime":6698.0,"endTime":6699.0,"start":0.5,"end":0.5,"start2":0.7995016,"end2":0.7997118},{"startTime":6699.0,"endTime":6700.0,"start":0.5,"end":0.5,"start2":0.7997118,"end2":0.79985136},{"startTime":6700.0,"endTime":6701.0,"start":0.5,"end":0.5,"start2":0.79985136,"end2":0.7999365},{"startTime":6701.0,"endTime":6702.0,"start":0.5,"end":0.5,"start2":0.7999365,"end2":0.799981},{"startTime":6702.0,"endTime":6703.0,"start":0.5,"end":0.5,"start2":0.799981,"end2":0.79999703},{"startTime":6703.0,"endTime":6704.0,"start":0.5,"end":0.5,"start2":0.79999703,"end2":0.8},{"startTime":6704.0,"endTime":7024.0,"start":0.5,"end":0.5,"start2":0.8,"end2":0.8},{"startTime":7024.0,"endTime":7025.0,"start":0.5,"end":0.5,"start2":0.8,"end2":0.7673077},{"startTime":7025.0,"endTime":7026.0,"start":0.5,"end":0.5,"start2":0.7673077,"end2":0.74423075},{"startTime":7026.0,"endTime":7027.0,"start":0.5,"end":0.5,"start2":0.74423075,"end2":0.72692305},{"startTime":7027.0,"endTime":7028.0,"start":0.5,"end":0.5,"start2":0.72692305,"end2":0.71153843},{"startTime":7028.0,"endTime":7030.0,"start":0.5,"end":0.5,"start2":0.71153843,"end2":0.6846154},{"startTime":7030.0,"endTime":7031.0,"start":0.5,"end":0.5,"start2":0.6846154,"end2":0.675},{"startTime":7031.0,"endTime":7032.0,"start":0.5,"end":0.5,"start2":0.675,"end2":0.6653846},{"startTime":7032.0,"endTime":7033.0,"start":0.5,"end":0.5,"start2":0.6653846,"end2":0.6557692},{"startTime":7033.0,"endTime":7034.0,"start":0.5,"end":0.5,"start2":0.6557692,"end2":0.64807695},{"startTime":7034.0,"endTime":7035.0,"start":0.5,"end":0.5,"start2":0.64807695,"end2":0.6403846},{"startTime":7035.0,"endTime":7036.0,"start":0.5,"end":0.5,"start2":0.6403846,"end2":0.63269234},{"startTime":7036.0,"endTime":7037.0,"start":0.5,"end":0.5,"start2":0.63269234,"end2":0.625},{"startTime":7037.0,"endTime":7038.0,"start":0.5,"end":0.5,"start2":0.625,"end2":0.61923075},{"startTime":7038.0,"endTime":7039.0,"start":0.5,"end":0.5,"start2":0.61923075,"end2":0.61346155},{"startTime":7039.0,"endTime":7041.0,"start":0.5,"end":0.5,"start2":0.61346155,"end2":0.60192305},{"startTime":7041.0,"endTime":7042.0,"start":0.5,"end":0.5,"start2":0.60192305,"end2":0.59615386},{"startTime":7042.0,"endTime":7043.0,"start":0.5,"end":0.5,"start2":0.59615386,"end2":0.5923077},{"startTime":7043.0,"endTime":7044.0,"start":0.5,"end":0.5,"start2":0.5923077,"end2":0.58653843},{"startTime":7044.0,"endTime":7045.0,"start":0.5,"end":0.5,"start2":0.58653843,"end2":0.5826923},{"startTime":7045.0,"endTime":7048.0,"start":0.5,"end":0.5,"start2":0.5826923,"end2":0.5711538},{"startTime":7048.0,"endTime":7049.0,"start":0.5,"end":0.5,"start2":0.5711538,"end2":0.5673077},{"startTime":7049.0,"endTime":7051.0,"start":0.5,"end":0.5,"start2":0.5673077,"end2":0.5596154},{"startTime":7051.0,"endTime":7052.0,"start":0.5,"end":0.5,"start2":0.5596154,"end2":0.5576923},{"startTime":7052.0,"endTime":7053.0,"start":0.5,"end":0.5,"start2":0.5576923,"end2":0.5538462},{"startTime":7053.0,"endTime":7054.0,"start":0.5,"end":0.5,"start2":0.5538462,"end2":0.5519231},{"startTime":7054.0,"endTime":7055.0,"start":0.5,"end":0.5,"start2":0.5519231,"end2":0.5480769},{"startTime":7055.0,"endTime":7056.0,"start":0.5,"end":0.5,"start2":0.5480769,"end2":0.54615384},{"startTime":7056.0,"endTime":7057.0,"start":0.5,"end":0.5,"start2":0.54615384,"end2":0.5423077},{"startTime":7057.0,"endTime":7058.0,"start":0.5,"end":0.5,"start2":0.5423077,"end2":0.5403846},{"startTime":7058.0,"endTime":7059.0,"start":0.5,"end":0.5,"start2":0.5403846,"end2":0.53846157},{"startTime":7059.0,"endTime":7062.0,"start":0.5,"end":0.5,"start2":0.53846157,"end2":0.5326923},{"startTime":7062.0,"endTime":7063.0,"start":0.5,"end":0.5,"start2":0.5326923,"end2":0.52884614},{"startTime":7063.0,"endTime":7064.0,"start":0.5,"end":0.5,"start2":0.52884614,"end2":0.52692306},{"startTime":7064.0,"endTime":7066.0,"start":0.5,"end":0.5,"start2":0.52692306,"end2":0.525},{"startTime":7066.0,"endTime":7067.0,"start":0.5,"end":0.5,"start2":0.525,"end2":0.52307695},{"startTime":7067.0,"endTime":7070.0,"start":0.5,"end":0.5,"start2":0.52307695,"end2":0.5173077},{"startTime":7070.0,"endTime":7072.0,"start":0.5,"end":0.5,"start2":0.5173077,"end2":0.5153846},{"startTime":7072.0,"endTime":7073.0,"start":0.5,"end":0.5,"start2":0.5153846,"end2":0.51346153},{"startTime":7073.0,"endTime":7075.0,"start":0.5,"end":0.5,"start2":0.51346153,"end2":0.51153845},{"startTime":7075.0,"endTime":7076.0,"start":0.5,"end":0.5,"start2":0.51153845,"end2":0.50961536},{"startTime":7076.0,"endTime":7078.0,"start":0.5,"end":0.5,"start2":0.50961536,"end2":0.50769234},{"startTime":7078.0,"endTime":7080.0,"start":0.5,"end":0.5,"start2":0.50769234,"end2":0.50576925},{"startTime":7080.0,"endTime":7083.0,"start":0.5,"end":0.5,"start2":0.50576925,"end2":0.50384617},{"startTime":7083.0,"endTime":7085.0,"start":0.5,"end":0.5,"start2":0.50384617,"end2":0.5019231},{"startTime":7085.0,"endTime":7088.0,"start":0.5,"end":0.5,"start2":0.5019231,"end2":0.5},{"startTime":7088.0,"endTime":9328.0,"start":0.5,"end":0.5,"start2":0.5,"end2":0.5},{"startTime":9328.0,"endTime":9360.0,"start":0.5,"end":0.5,"start2":0.4,"end2":0.4},{"startTime":9360.0,"endTime":9392.0,"start":0.5,"end":0.5,"start2":0.3,"end2":0.3},{"startTime":9392.0,"endTime":10480.0,"start":0.5,"end":0.5,"start2":0.2,"end2":0.2},{"startTime":10480.0,"endTime":10608.0,"start":0.5,"end":0.44886363,"start2":0.2,"end2":0.2},{"startTime":10608.0,"endTime":10864.0,"start":0.44886363,"end":0.55,"start2":0.2,"end2":0.2},{"startTime":10864.0,"endTime":11120.0,"start":0.55,"end":0.44886363,"start2":0.2,"end2":0.2},{"startTime":11120.0,"endTime":11248.0,"start":0.44886363,"end":0.5,"start2":0.2,"end2":0.2},{"startTime":11248.0,"endTime":13520.0,"start":0.5,"end":0.5,"start2":0.2,"end2":0.2},{"startTime":13520.0,"endTime":13528.0,"start":0.5,"end":0.5090909,"start2":0.2,"end2":0.2},{"startTime":13528.0,"endTime":13536.0,"start":0.5090909,"end":0.48977274,"start2":0.2,"end2":0.2},{"startTime":13536.0,"endTime":13544.0,"start":0.48977274,"end":0.5090909,"start2":0.2,"end2":0.2},{"startTime":13544.0,"endTime":13552.0,"start":0.5090909,"end":0.48977274,"start2":0.2,"end2":0.2},{"startTime":13552.0,"endTime":13560.0,"start":0.48977274,"end":0.5,"start2":0.2,"end2":0.2},{"startTime":13560.0,"endTime":14048.0,"start":0.5,"end":0.5,"start2":0.2,"end2":0.2},{"startTime":14048.0,"endTime":14049.0,"start":0.5,"end":0.5,"start2":0.2,"end2":0.20192307},{"startTime":14049.0,"endTime":14050.0,"start":0.5,"end":0.5,"start2":0.20192307,"end2":0.20384616},{"startTime":14050.0,"endTime":14051.0,"start":0.5,"end":0.5,"start2":0.20384616,"end2":0.20769231},{"startTime":14051.0,"endTime":14052.0,"start":0.5,"end":0.5,"start2":0.20769231,"end2":0.21346153},{"startTime":14052.0,"endTime":14053.0,"start":0.5,"end":0.5,"start2":0.21346153,"end2":0.21923077},{"startTime":14053.0,"endTime":14054.0,"start":0.5,"end":0.5,"start2":0.21923077,"end2":0.225},{"startTime":14054.0,"endTime":14055.0,"start":0.5,"end":0.5,"start2":0.225,"end2":0.23461539},{"startTime":14055.0,"endTime":14056.0,"start":0.5,"end":0.5,"start2":0.23461539,"end2":0.24423076},{"startTime":14056.0,"endTime":14057.0,"start":0.5,"end":0.5,"start2":0.24423076,"end2":0.25576922},{"startTime":14057.0,"endTime":14058.0,"start":0.5,"end":0.5,"start2":0.25576922,"end2":0.26923078},{"startTime":14058.0,"endTime":14059.0,"start":0.5,"end":0.5,"start2":0.26923078,"end2":0.2846154},{"startTime":14059.0,"endTime":14060.0,"start":0.5,"end":0.5,"start2":0.2846154,"end2":0.30576923},{"startTime":14060.0,"endTime":14061.0,"start":0.5,"end":0.5,"start2":0.30576923,"end2":0.33076924},{"startTime":14061.0,"endTime":14062.0,"start":0.5,"end":0.5,"start2":0.33076924,"end2":0.36346152},{"startTime":14062.0,"endTime":14063.0,"start":0.5,"end":0.5,"start2":0.36346152,"end2":0.4096154},{"startTime":14063.0,"endTime":14064.0,"start":0.5,"end":0.5,"start2":0.4096154,"end2":0.5},{"startTime":14064.0,"endTime":1000000000.0,"start":0.5,"end":0.5,"start2":0.5,"end2":0.5}],"judgeLineRotateEvents":[{"startTime":-999999.0,"endTime":2544.0,"start":0.0,"end":0.0},{"startTime":2544.0,"endTime":2672.0,"start":0.0,"end":10.0},{"startTime":2672.0,"endTime":2928.0,"start":10.0,"end":-10.0},{"startTime":2928.0,"endTime":3184.0,"start":-10.0,"end":10.0},{"startTime":3184.0,"endTime":3312.0,"start":10.0,"end":0.0},{"startTime":3312.0,"endTime":4560.0,"start":0.0,"end":0.0},{"startTime":4560.0,"endTime":4568.0,"start":2.0,"end":2.0},{"startTime":4568.0,"endTime":4576.0,"start":-2.0,"end":-2.0},{"startTime":4576.0,"endTime":4584.0,"start":2.0,"end":2.0},{"startTime":4584.0,"endTime":4592.0,"start":-2.0,"end":-2.0},{"startTime":4592.0,"endTime":4624.0,"start":0.0,"end":0.0},{"startTime":4624.0,"endTime":4629.0,"start":0.0,"end":5.0},{"startTime":4629.0,"endTime":4631.0,"start":5.0,"end":6.0},{"startTime":4631.0,"endTime":4634.0,"start":6.0,"end":7.0},{"startTime":4634.0,"endTime":4638.0,"start":7.0,"end":8.0},{"startTime":4638.0,"endTime":4644.0,"start":8.0,"end":9.0},{"startTime":4644.0,"endTime":4656.0,"start":9.0,"end":10.0},{"startTime":4656.0,"endTime":5040.0,"start":10.0,"end":10.0},{"startTime":5040.0,"endTime":5056.0,"start":5.0,"end":5.0},{"startTime":5056.0,"endTime":5072.0,"start":0.0,"end":0.0},{"startTime":5072.0,"endTime":5088.0,"start":-5.0,"end":-5.0},{"startTime":5088.0,"endTime":5552.0,"start":-10.0,"end":-10.0},{"startTime":5552.0,"endTime":5557.0,"start":-10.0,"end":-5.0},{"startTime":5557.0,"endTime":5559.0,"start":-5.0,"end":-4.0},{"startTime":5559.0,"endTime":5562.0,"start":-4.0,"end":-3.0},{"startTime":5562.0,"endTime":5566.0,"start":-3.0,"end":-2.0},{"startTime":5566.0,"endTime":5572.0,"start":-2.0,"end":-1.0},{"startTime":5572.0,"endTime":5584.0,"start":-1.0,"end":0.0},{"startTime":5584.0,"endTime":7152.0,"start":0.0,"end":0.0},{"startTime":7152.0,"endTime":7920.0,"start":0.0,"end":180.0},{"startTime":7920.0,"endTime":7968.0,"start":180.0,"end":180.0},{"startTime":7968.0,"endTime":8176.0,"start":0.0,"end":0.0},{"startTime":8176.0,"endTime":8240.0,"start":90.0,"end":90.0},{"startTime":8240.0,"endTime":8244.0,"start":90.0,"end":90.0126},{"startTime":8244.0,"endTime":8248.0,"start":90.0126,"end":90.09},{"startTime":8248.0,"endTime":8252.0,"start":90.09,"end":90.3078},{"startTime":8252.0,"endTime":8256.0,"start":90.3078,"end":90.72},{"startTime":8256.0,"endTime":8260.0,"start":90.72,"end":91.413},{"startTime":8260.0,"endTime":8264.0,"start":91.413,"end":92.43},{"startTime":8264.0,"endTime":8268.0,"start":92.43,"end":93.8682},{"startTime":8268.0,"endTime":8272.0,"start":93.8682,"end":95.76},{"startTime":8272.0,"endTime":8276.0,"start":95.76,"end":98.2134},{"startTime":8276.0,"endTime":8280.0,"start":98.2134,"end":101.25},{"startTime":8280.0,"endTime":8284.0,"start":101.25,"end":104.9886},{"startTime":8284.0,"endTime":8288.0,"start":104.9886,"end":109.44},{"startTime":8288.0,"endTime":8292.0,"start":109.44,"end":114.7338},{"startTime":8292.0,"endTime":8296.0,"start":114.7338,"end":120.87},{"startTime":8296.0,"endTime":8300.0,"start":120.87,"end":127.989},{"startTime":8300.0,"endTime":8304.0,"start":127.989,"end":136.08},{"startTime":8304.0,"endTime":8308.0,"start":136.08,"end":145.2942},{"startTime":8308.0,"endTime":8312.0,"start":145.2942,"end":155.60999},{"startTime":8312.0,"endTime":8316.0,"start":155.60999,"end":167.18939},{"startTime":8316.0,"endTime":8320.0,"start":167.18939,"end":180.0},{"startTime":8320.0,"endTime":8324.0,"start":180.0,"end":194.21455},{"startTime":8324.0,"endTime":8328.0,"start":194.21455,"end":209.79001},{"startTime":8328.0,"endTime":8332.0,"start":209.79001,"end":226.90979},{"startTime":8332.0,"endTime":8336.0,"start":226.90979,"end":245.52005},{"startTime":8336.0,"endTime":8340.0,"start":245.52005,"end":265.815},{"startTime":8340.0,"endTime":8344.0,"start":265.815,"end":287.72998},{"startTime":8344.0,"endTime":8348.0,"start":287.72998,"end":311.4702},{"startTime":8348.0,"endTime":8352.0,"start":311.4702,"end":336.96},{"startTime":8352.0,"endTime":8356.0,"start":336.96,"end":364.41544},{"startTime":8356.0,"endTime":8360.0,"start":364.41544,"end":393.75},{"startTime":8360.0,"endTime":8364.0,"start":393.75,"end":425.19055},{"startTime":8364.0,"endTime":8368.0,"start":425.19055,"end":458.64},{"startTime":8368.0,"endTime":8372.0,"start":458.64,"end":494.33575},{"startTime":8372.0,"endTime":8376.0,"start":494.33575,"end":532.17004},{"startTime":8376.0,"endTime":8380.0,"start":532.17004,"end":572.391},{"startTime":8380.0,"endTime":8384.0,"start":572.391,"end":614.87994},{"startTime":8384.0,"endTime":8388.0,"start":614.87994,"end":659.8962},{"startTime":8388.0,"endTime":8392.0,"start":659.8962,"end":707.31},{"startTime":8392.0,"endTime":8396.0,"start":707.31,"end":757.3915},{"startTime":8396.0,"endTime":8400.0,"start":757.3915,"end":810.0},{"startTime":8400.0,"endTime":8401.0,"start":810.0,"end":818.1737},{"startTime":8401.0,"endTime":8402.0,"start":818.1737,"end":825.8375},{"startTime":8402.0,"endTime":8403.0,"start":825.8375,"end":833.0079},{"startTime":8403.0,"endTime":8404.0,"start":833.0079,"end":839.7011},{"startTime":8404.0,"endTime":8405.0,"start":839.7011,"end":845.93365},{"startTime":8405.0,"endTime":8406.0,"start":845.93365,"end":851.7219},{"startTime":8406.0,"endTime":8407.0,"start":851.7219,"end":857.08234},{"startTime":8407.0,"endTime":8408.0,"start":857.08234,"end":862.03125},{"startTime":8408.0,"endTime":8409.0,"start":862.03125,"end":866.5802},{"startTime":8409.0,"endTime":8410.0,"start":866.5802,"end":870.7509},{"startTime":8410.0,"endTime":8411.0,"start":870.7509,"end":874.55975},{"startTime":8411.0,"endTime":8412.0,"start":874.55975,"end":878.02313},{"startTime":8412.0,"endTime":8413.0,"start":878.02313,"end":881.1574},{"startTime":8413.0,"endTime":8414.0,"start":881.1574,"end":883.97906},{"startTime":8414.0,"endTime":8415.0,"start":883.97906,"end":886.50446},{"startTime":8415.0,"endTime":8416.0,"start":886.50446,"end":888.75},{"startTime":8416.0,"endTime":8417.0,"start":888.75,"end":890.7289},{"startTime":8417.0,"endTime":8418.0,"start":890.7289,"end":892.4612},{"startTime":8418.0,"endTime":8419.0,"start":892.4612,"end":893.9632},{"startTime":8419.0,"endTime":8420.0,"start":893.9632,"end":895.2514},{"startTime":8420.0,"endTime":8421.0,"start":895.2514,"end":896.3421},{"startTime":8421.0,"endTime":8422.0,"start":896.3421,"end":897.25183},{"startTime":8422.0,"endTime":8423.0,"start":897.25183,"end":897.9969},{"startTime":8423.0,"endTime":8424.0,"start":897.9969,"end":898.59375},{"startTime":8424.0,"endTime":8425.0,"start":898.59375,"end":899.0573},{"startTime":8425.0,"endTime":8426.0,"start":899.0573,"end":899.4058},{"startTime":8426.0,"endTime":8427.0,"start":899.4058,"end":899.6557},{"startTime":8427.0,"endTime":8428.0,"start":899.6557,"end":899.82336},{"startTime":8428.0,"endTime":8429.0,"start":899.82336,"end":899.92523},{"startTime":8429.0,"endTime":8430.0,"start":899.92523,"end":899.9777},{"startTime":8430.0,"endTime":8431.0,"start":899.9777,"end":899.99713},{"startTime":8431.0,"endTime":8432.0,"start":899.99713,"end":900.0},{"startTime":8432.0,"endTime":8448.0,"start":900.0,"end":900.0},{"startTime":8448.0,"endTime":9456.0,"start":0.0,"end":0.0},{"startTime":9456.0,"endTime":9584.0,"start":0.0,"end":-10.0},{"startTime":9584.0,"endTime":9840.0,"start":-10.0,"end":10.0},{"startTime":9840.0,"endTime":10096.0,"start":10.0,"end":-10.0},{"startTime":10096.0,"endTime":10224.0,"start":-10.0,"end":0.0},{"startTime":10224.0,"endTime":11504.0,"start":0.0,"end":0.0},{"startTime":11504.0,"endTime":11536.0,"start":0.0,"end":5.0},{"startTime":11536.0,"endTime":11600.0,"start":5.0,"end":-5.0},{"startTime":11600.0,"endTime":11664.0,"start":-5.0,"end":5.0},{"startTime":11664.0,"endTime":11728.0,"start":5.0,"end":-5.0},{"startTime":11728.0,"endTime":11792.0,"start":-5.0,"end":5.0},{"startTime":11792.0,"endTime":11856.0,"start":5.0,"end":-5.0},{"startTime":11856.0,"endTime":11920.0,"start":-5.0,"end":5.0},{"startTime":11920.0,"endTime":11984.0,"start":5.0,"end":-5.0},{"startTime":11984.0,"endTime":12016.0,"start":-5.0,"end":0.0},{"startTime":12016.0,"endTime":12080.0,"start":0.0,"end":5.0},{"startTime":12080.0,"endTime":12208.0,"start":5.0,"end":-5.0},{"startTime":12208.0,"endTime":12336.0,"start":-5.0,"end":5.0},{"startTime":12336.0,"endTime":12464.0,"start":5.0,"end":-5.0},{"startTime":12464.0,"endTime":12528.0,"start":-5.0,"end":0.0},{"startTime":12528.0,"endTime":1000000000.0,"start":0.0,"end":0.0}],"judgeLineDisappearEvents":[{"startTime":-999999.0,"endTime":8.0,"start":0.0,"end":0.0},{"startTime":8.0,"endTime":16.0,"start":1.0,"end":1.0},{"startTime":16.0,"endTime":24.0,"start":0.0,"end":0.0},{"startTime":24.0,"endTime":32.0,"start":1.0,"end":1.0},{"startTime":32.0,"endTime":40.0,"start":0.0,"end":0.0},{"startTime":40.0,"endTime":64.0,"start":1.0,"end":1.0},{"startTime":64.0,"endTime":69.0,"start":0.0,"end":0.0},{"startTime":69.0,"endTime":75.0,"start":1.0,"end":1.0},{"startTime":75.0,"endTime":80.0,"start":0.0,"end":0.0},{"startTime":80.0,"endTime":112.0,"start":1.0,"end":1.0},{"startTime":112.0,"endTime":120.0,"start":0.0,"end":0.0},{"startTime":120.0,"endTime":144.0,"start":1.0,"end":1.0},{"startTime":144.0,"endTime":152.0,"start":0.0,"end":0.0},{"startTime":152.0,"endTime":160.0,"start":1.0,"end":1.0},{"startTime":160.0,"endTime":165.0,"start":0.0,"end":0.0},{"startTime":165.0,"endTime":171.0,"start":1.0,"end":1.0},{"startTime":171.0,"endTime":176.0,"start":0.0,"end":0.0},{"startTime":176.0,"endTime":192.0,"start":1.0,"end":1.0},{"startTime":192.0,"endTime":200.0,"start":0.0,"end":0.0},{"startTime":200.0,"endTime":224.0,"start":1.0,"end":1.0},{"startTime":224.0,"endTime":232.0,"start":0.0,"end":0.0},{"startTime":232.0,"endTime":1200.0,"start":1.0,"end":1.0},{"startTime":1200.0,"endTime":1208.0,"start":0.0,"end":0.0},{"startTime":1208.0,"endTime":1224.0,"start":1.0,"end":1.0},{"startTime":1224.0,"endTime":1232.0,"start":0.0,"end":0.0},{"startTime":1232.0,"endTime":1248.0,"start":1.0,"end":1.0},{"startTime":1248.0,"endTime":1256.0,"start":0.0,"end":0.0},{"startTime":1256.0,"endTime":8048.0,"start":1.0,"end":1.0},{"startTime":8048.0,"endTime":8064.0,"start":1.0,"end":0.0},{"startTime":8064.0,"endTime":8176.0,"start":0.0,"end":0.0},{"startTime":8176.0,"endTime":14128.0,"start":1.0,"end":1.0},{"startTime":14128.0,"endTime":14192.0,"start":1.0,"end":0.0},{"startTime":14192.0,"endTime":44192.0,"start":0.0,"end":0.0},{"startTime":44192.0,"endTime":1000000000.0,"start":1.0,"end":1.0}]},{"bpm":185.0,"notesAbove":[],"notesBelow":[],"speedEvents":[{"startTime":0.0,"endTime":1000000000.0,"value":1.0}],"judgeLineMoveEvents":[{"startTime":-999999.0,"endTime":240.0,"start":0.5,"end":0.5,"start2":0.5,"end2":0.5},{"startTime":240.0,"endTime":241.0,"start":0.5,"end":0.5,"start2":0.2,"end2":0.2653846},{"startTime":241.0,"endTime":242.0,"start":0.5,"end":0.5,"start2":0.2653846,"end2":0.31153846},{"startTime":242.0,"endTime":243.0,"start":0.5,"end":0.5,"start2":0.31153846,"end2":0.3480769},{"startTime":243.0,"endTime":244.0,"start":0.5,"end":0.5,"start2":0.3480769,"end2":0.37884617},{"startTime":244.0,"endTime":245.0,"start":0.5,"end":0.5,"start2":0.37884617,"end2":0.40576923},{"startTime":245.0,"endTime":246.0,"start":0.5,"end":0.5,"start2":0.40576923,"end2":0.43076923},{"startTime":246.0,"endTime":247.0,"start":0.5,"end":0.5,"start2":0.43076923,"end2":0.45192307},{"startTime":247.0,"endTime":248.0,"start":0.5,"end":0.5,"start2":0.45192307,"end2":0.47115386},{"startTime":248.0,"endTime":249.0,"start":0.5,"end":0.5,"start2":0.47115386,"end2":0.4903846},{"startTime":249.0,"endTime":250.0,"start":0.5,"end":0.5,"start2":0.4903846,"end2":0.50576925},{"startTime":250.0,"endTime":252.0,"start":0.5,"end":0.5,"start2":0.50576925,"end2":0.5365385},{"startTime":252.0,"endTime":254.0,"start":0.5,"end":0.5,"start2":0.5365385,"end2":0.56346154},{"startTime":254.0,"endTime":256.0,"start":0.5,"end":0.5,"start2":0.56346154,"end2":0.58653843},{"startTime":256.0,"endTime":257.0,"start":0.5,"end":0.5,"start2":0.58653843,"end2":0.59807694},{"startTime":257.0,"endTime":259.0,"start":0.5,"end":0.5,"start2":0.59807694,"end2":0.61730766},{"startTime":259.0,"endTime":260.0,"start":0.5,"end":0.5,"start2":0.61730766,"end2":0.6269231},{"startTime":260.0,"endTime":261.0,"start":0.5,"end":0.5,"start2":0.6269231,"end2":0.63461536},{"startTime":261.0,"endTime":262.0,"start":0.5,"end":0.5,"start2":0.63461536,"end2":0.6442308},{"startTime":262.0,"endTime":263.0,"start":0.5,"end":0.5,"start2":0.6442308,"end2":0.65192306},{"startTime":263.0,"endTime":264.0,"start":0.5,"end":0.5,"start2":0.65192306,"end2":0.6596154},{"startTime":264.0,"endTime":265.0,"start":0.5,"end":0.5,"start2":0.6596154,"end2":0.6673077},{"startTime":265.0,"endTime":266.0,"start":0.5,"end":0.5,"start2":0.6673077,"end2":0.6730769},{"startTime":266.0,"endTime":267.0,"start":0.5,"end":0.5,"start2":0.6730769,"end2":0.6807692},{"startTime":267.0,"endTime":269.0,"start":0.5,"end":0.5,"start2":0.6807692,"end2":0.6923077},{"startTime":269.0,"endTime":270.0,"start":0.5,"end":0.5,"start2":0.6923077,"end2":0.6980769},{"startTime":270.0,"endTime":272.0,"start":0.5,"end":0.5,"start2":0.6980769,"end2":0.7096154},{"startTime":272.0,"endTime":273.0,"start":0.5,"end":0.5,"start2":0.7096154,"end2":0.7153846},{"startTime":273.0,"endTime":274.0,"start":0.5,"end":0.5,"start2":0.7153846,"end2":0.7192308},{"startTime":274.0,"endTime":275.0,"start":0.5,"end":0.5,"start2":0.7192308,"end2":0.725},{"startTime":275.0,"endTime":276.0,"start":0.5,"end":0.5,"start2":0.725,"end2":0.72884613},{"startTime":276.0,"endTime":278.0,"start":0.5,"end":0.5,"start2":0.72884613,"end2":0.73653847},{"startTime":278.0,"endTime":279.0,"start":0.5,"end":0.5,"start2":0.73653847,"end2":0.74230766},{"startTime":279.0,"endTime":280.0,"start":0.5,"end":0.5,"start2":0.74230766,"end2":0.74615383},{"startTime":280.0,"endTime":281.0,"start":0.5,"end":0.5,"start2":0.74615383,"end2":0.7480769},{"startTime":281.0,"endTime":283.0,"start":0.5,"end":0.5,"start2":0.7480769,"end2":0.75576925},{"startTime":283.0,"endTime":284.0,"start":0.5,"end":0.5,"start2":0.75576925,"end2":0.75961536},{"startTime":284.0,"endTime":285.0,"start":0.5,"end":0.5,"start2":0.75961536,"end2":0.76153845},{"startTime":285.0,"endTime":286.0,"start":0.5,"end":0.5,"start2":0.76153845,"end2":0.7653846},{"startTime":286.0,"endTime":287.0,"start":0.5,"end":0.5,"start2":0.7653846,"end2":0.7673077},{"startTime":287.0,"endTime":288.0,"start":0.5,"end":0.5,"start2":0.7673077,"end2":0.77115387},{"startTime":288.0,"endTime":289.0,"start":0.5,"end":0.5,"start2":0.77115387,"end2":0.77307695},{"startTime":289.0,"endTime":290.0,"start":0.5,"end":0.5,"start2":0.77307695,"end2":0.775},{"startTime":290.0,"endTime":291.0,"start":0.5,"end":0.5,"start2":0.775,"end2":0.77884614},{"startTime":291.0,"endTime":296.0,"start":0.5,"end":0.5,"start2":0.77884614,"end2":0.78846157},{"startTime":296.0,"endTime":297.0,"start":0.5,"end":0.5,"start2":0.78846157,"end2":0.7903846},{"startTime":297.0,"endTime":299.0,"start":0.5,"end":0.5,"start2":0.7903846,"end2":0.7923077},{"startTime":299.0,"endTime":301.0,"start":0.5,"end":0.5,"start2":0.7923077,"end2":0.79615384},{"startTime":301.0,"endTime":303.0,"start":0.5,"end":0.5,"start2":0.79615384,"end2":0.7980769},{"startTime":303.0,"endTime":304.0,"start":0.5,"end":0.5,"start2":0.7980769,"end2":0.8},{"startTime":304.0,"endTime":2336.0,"start":0.5,"end":0.5,"start2":0.5,"end2":0.5},{"startTime":2336.0,"endTime":2352.0,"start":0.5,"end":0.5,"start2":0.8,"end2":0.8},{"startTime":2352.0,"endTime":9360.0,"start":0.5,"end":0.5,"start2":0.5,"end2":0.5},{"startTime":9360.0,"endTime":9368.0,"start":0.5,"end":0.5,"start2":0.4,"end2":0.4},{"startTime":9368.0,"endTime":9392.0,"start":0.5,"end":0.5,"start2":0.5,"end2":0.5},{"startTime":9392.0,"endTime":9400.0,"start":0.5,"end":0.5,"start2":0.3,"end2":0.3},{"startTime":9400.0,"endTime":1000000000.0,"start":0.5,"end":0.5,"start2":0.5,"end2":0.5}],"judgeLineRotateEvents":[{"startTime":-999999.0,"endTime":1000000000.0,"start":0.0,"end":0.0}],"judgeLineDisappearEvents":[{"startTime":-999999.0,"endTime":240.0,"start":0.0,"end":0.0},{"startTime":240.0,"endTime":304.0,"start":1.0,"end":0.0},{"startTime":304.0,"endTime":2336.0,"start":0.0,"end":0.0},{"startTime":2336.0,"endTime":2352.0,"start":1.0,"end":0.0},{"startTime":2352.0,"endTime":2384.0,"start":0.0,"end":0.0},{"startTime":2384.0,"endTime":2400.0,"start":1.0,"end":0.0},{"startTime":2400.0,"endTime":9328.0,"start":0.0,"end":0.0},{"startTime":9328.0,"endTime":9336.0,"start":1.0,"end":0.0},{"startTime":9336.0,"endTime":9360.0,"start":0.0,"end":0.0},{"startTime":9360.0,"endTime":9368.0,"start":1.0,"end":0.0},{"startTime":9368.0,"endTime":9392.0,"start":0.0,"end":0.0},{"startTime":9392.0,"endTime":9400.0,"start":1.0,"end":0.0},{"startTime":9400.0,"endTime":39400.0,"start":0.0,"end":0.0},{"startTime":39400.0,"endTime":30001.0,"start":0.0,"end":0.0},{"startTime":30001.0,"endTime":1000000000.0,"start":1.0,"end":1.0}]}]}