{"formatVersion":3,"offset":0.0,"judgeLineList":[{"bpm":128.0,"notesAbove":[{"type":2,"time":392,"positionX":-0.8596497,"holdTime":0.0,"speed":1.0,"floorPosition":5.7421875},{"type":2,"time":648,"positionX":-0.5614033,"holdTime":0.0,"speed":1.0,"floorPosition":9.4921875},{"type":2,"time":904,"positionX":-0.8947363,"holdTime":0.0,"speed":1.0,"floorPosition":13.2421875},{"type":2,"time":1160,"positionX":-0.6842108,"holdTime":0.0,"speed":1.0,"floorPosition":16.992188},{"type":2,"time":1408,"positionX":-0.9473686,"holdTime":0.0,"speed":1.0,"floorPosition":20.625},{"type":2,"time":1413,"positionX":0.0,"holdTime":0.0,"speed":1.0,"floorPosition":20.698242},{"type":1,"time":1536,"positionX":-1.298245,"holdTime":0.0,"speed":1.0,"floorPosition":23.871094},{"type":1,"time":1560,"positionX":0.9473686,"holdTime":0.0,"speed":1.0,"floorPosition":24.503906},{"type":1,"time":1584,"positionX":-3.561403,"holdTime":0.0,"speed":1.0,"floorPosition":25.136719},{"type":1,"time":1616,"positionX":3.561404,"holdTime":0.0,"speed":1.0,"floorPosition":25.980469},{"type":1,"time":1792,"positionX":2.877192,"holdTime":0.0,"speed":1.0,"floorPosition":30.621094},{"type":1,"time":1816,"positionX":-4.859649,"holdTime":0.0,"speed":1.0,"floorPosition":31.253906},{"type":1,"time":1840,"positionX":3.228069,"holdTime":0.0,"speed":1.0,"floorPosition":31.886719},{"type":1,"time":1872,"positionX":-3.719298,"holdTime":0.0,"speed":1.0,"floorPosition":32.73047},{"type":1,"time":2048,"positionX":-0.07017517,"holdTime":0.0,"speed":1.0,"floorPosition":37.371094},{"type":1,"time":2072,"positionX":-4.192982,"holdTime":0.0,"speed":1.0,"floorPosition":38.003906},{"type":1,"time":2096,"positionX":2.807017,"holdTime":0.0,"speed":1.0,"floorPosition":38.63672},{"type":1,"time":2128,"positionX":-1.719298,"holdTime":0.0,"speed":1.0,"floorPosition":39.48047},{"type":1,"time":2160,"positionX":1.614036,"holdTime":0.0,"speed":1.0,"floorPosition":40.32422},{"type":3,"time":2560,"positionX":-2.070175,"holdTime":32.0,"speed":1.8,"floorPosition":50.871094},{"type":3,"time":2624,"positionX":1.947369,"holdTime":32.0,"speed":1.8,"floorPosition":52.558594},{"type":3,"time":2688,"positionX":-4.210526,"holdTime":32.0,"speed":1.8,"floorPosition":54.246094},{"type":3,"time":2752,"positionX":4.157895,"holdTime":32.0,"speed":1.8,"floorPosition":55.933594},{"type":1,"time":2784,"positionX":-1.508772,"holdTime":0.0,"speed":1.0,"floorPosition":56.777344},{"type":3,"time":2816,"positionX":-5.070175,"holdTime":32.0,"speed":1.8,"floorPosition":57.621094},{"type":2,"time":2880,"positionX":1.473684,"holdTime":0.0,"speed":1.0,"floorPosition":59.308594},{"type":2,"time":2896,"positionX":0.3508778,"holdTime":0.0,"speed":1.0,"floorPosition":59.73047},{"type":2,"time":2912,"positionX":-0.5614033,"holdTime":0.0,"speed":1.0,"floorPosition":60.152344},{"type":2,"time":2928,"positionX":-2.456141,"holdTime":0.0,"speed":1.0,"floorPosition":60.57422},{"type":2,"time":2944,"positionX":-3.614035,"holdTime":0.0,"speed":1.0,"floorPosition":60.996094},{"type":2,"time":3056,"positionX":-1.421053,"holdTime":0.0,"speed":1.0,"floorPosition":63.94922},{"type":2,"time":3072,"positionX":-0.7894735,"holdTime":0.0,"speed":1.0,"floorPosition":64.37109},{"type":2,"time":3088,"positionX":0.8596497,"holdTime":0.0,"speed":1.0,"floorPosition":64.79297},{"type":2,"time":3104,"positionX":2.192983,"holdTime":0.0,"speed":1.0,"floorPosition":65.21484},{"type":2,"time":3120,"positionX":3.280702,"holdTime":0.0,"speed":1.0,"floorPosition":65.63672},{"type":2,"time":3136,"positionX":4.017544,"holdTime":0.0,"speed":1.0,"floorPosition":66.05859},{"type":2,"time":3328,"positionX":2.421052,"holdTime":0.0,"speed":1.0,"floorPosition":71.12109},{"type":2,"time":3344,"positionX":1.929825,"holdTime":0.0,"speed":1.0,"floorPosition":71.54297},{"type":2,"time":3360,"positionX":0.8947363,"holdTime":0.0,"speed":1.0,"floorPosition":71.96484},{"type":2,"time":3376,"positionX":-1.607213,"holdTime":0.0,"speed":1.0,"floorPosition":72.38672},{"type":2,"time":3392,"positionX":-3.669763,"holdTime":0.0,"speed":1.0,"floorPosition":72.80859},{"type":1,"time":3584,"positionX":-0.7543859,"holdTime":0.0,"speed":1.0,"floorPosition":77.87109},{"type":1,"time":3648,"positionX":-2.754386,"holdTime":0.0,"speed":1.0,"floorPosition":79.55859},{"type":1,"time":3712,"positionX":0.9649124,"holdTime":0.0,"speed":1.0,"floorPosition":81.24609},{"type":1,"time":3776,"positionX":-0.8947363,"holdTime":0.0,"speed":1.0,"floorPosition":82.93359},{"type":1,"time":3808,"positionX":-3.684211,"holdTime":0.0,"speed":1.0,"floorPosition":83.77734},{"type":1,"time":3840,"positionX":1.561403,"holdTime":0.0,"speed":1.0,"floorPosition":84.62109},{"type":3,"time":3904,"positionX":-0.6491232,"holdTime":64.0,"speed":1.8,"floorPosition":86.30859},{"type":1,"time":4096,"positionX":0.578948,"holdTime":0.0,"speed":1.0,"floorPosition":91.37109},{"type":1,"time":4128,"positionX":-3.245614,"holdTime":0.0,"speed":1.0,"floorPosition":92.21484},{"type":1,"time":4160,"positionX":1.842106,"holdTime":0.0,"speed":1.0,"floorPosition":93.05859},{"type":1,"time":4224,"positionX":0.1403513,"holdTime":0.0,"speed":1.0,"floorPosition":94.74609},{"type":1,"time":4256,"positionX":-3.789474,"holdTime":0.0,"speed":1.0,"floorPosition":95.58984},{"type":1,"time":4288,"positionX":-0.01754379,"holdTime":0.0,"speed":1.0,"floorPosition":96.43359},{"type":1,"time":4352,"positionX":1.0,"holdTime":0.0,"speed":1.0,"floorPosition":98.12109},{"type":1,"time":4416,"positionX":-3.175439,"holdTime":0.0,"speed":1.0,"floorPosition":99.80859},{"type":2,"time":4608,"positionX":-2.789474,"holdTime":0.0,"speed":1.0,"floorPosition":104.68359},{"type":2,"time":4624,"positionX":-1.348684,"holdTime":0.0,"speed":1.0,"floorPosition":105.05859},{"type":2,"time":4640,"positionX":0.07017517,"holdTime":0.0,"speed":1.0,"floorPosition":105.44531},{"type":2,"time":4656,"positionX":1.175438,"holdTime":0.0,"speed":1.0,"floorPosition":105.84375},{"type":2,"time":4688,"positionX":-2.122807,"holdTime":0.0,"speed":1.0,"floorPosition":106.67578},{"type":2,"time":4704,"positionX":-0.8771935,"holdTime":0.0,"speed":1.0,"floorPosition":107.09766},{"type":2,"time":4720,"positionX":0.5438604,"holdTime":0.0,"speed":1.0,"floorPosition":107.51953},{"type":2,"time":4752,"positionX":2.385964,"holdTime":0.0,"speed":1.0,"floorPosition":108.36328},{"type":2,"time":4768,"positionX":0.1754389,"holdTime":0.0,"speed":1.0,"floorPosition":108.78516},{"type":2,"time":4784,"positionX":-2.028265,"holdTime":0.0,"speed":1.0,"floorPosition":109.20703},{"type":2,"time":4800,"positionX":-4.017544,"holdTime":0.0,"speed":1.0,"floorPosition":109.62891},{"type":2,"time":4816,"positionX":-2.578947,"holdTime":0.0,"speed":1.0,"floorPosition":110.05078},{"type":2,"time":4832,"positionX":0.2212462,"holdTime":0.0,"speed":1.0,"floorPosition":110.47266},{"type":2,"time":4848,"positionX":2.14035,"holdTime":0.0,"speed":1.0,"floorPosition":110.89453},{"type":2,"time":4864,"positionX":0.3859634,"holdTime":0.0,"speed":1.0,"floorPosition":111.31641},{"type":2,"time":4880,"positionX":-1.614035,"holdTime":0.0,"speed":1.0,"floorPosition":111.73828},{"type":2,"time":4896,"positionX":-3.263159,"holdTime":0.0,"speed":1.0,"floorPosition":112.16016},{"type":2,"time":4912,"positionX":-2.403509,"holdTime":0.0,"speed":1.0,"floorPosition":112.58203},{"type":2,"time":4944,"positionX":1.473684,"holdTime":0.0,"speed":1.0,"floorPosition":113.42578},{"type":2,"time":4960,"positionX":2.045113,"holdTime":0.0,"speed":1.0,"floorPosition":113.84766},{"type":2,"time":4976,"positionX":2.913313,"holdTime":0.0,"speed":1.0,"floorPosition":114.26953},{"type":2,"time":5008,"positionX":-0.3859653,"holdTime":0.0,"speed":1.0,"floorPosition":115.11328},{"type":2,"time":5024,"positionX":-0.4890351,"holdTime":0.0,"speed":1.0,"floorPosition":115.53516},{"type":2,"time":5048,"positionX":-0.5964909,"holdTime":0.0,"speed":1.0,"floorPosition":116.16797},{"type":2,"time":5072,"positionX":-0.6140347,"holdTime":0.0,"speed":1.0,"floorPosition":116.80078},{"type":2,"time":5120,"positionX":-4.0,"holdTime":0.0,"speed":1.0,"floorPosition":118.06641},{"type":2,"time":5136,"positionX":-2.570175,"holdTime":0.0,"speed":1.0,"floorPosition":118.48828},{"type":2,"time":5152,"positionX":-0.7368422,"holdTime":0.0,"speed":1.0,"floorPosition":118.91016},{"type":2,"time":5168,"positionX":-0.4000004,"holdTime":0.0,"speed":1.0,"floorPosition":119.33203},{"type":2,"time":5200,"positionX":1.85965,"holdTime":0.0,"speed":1.0,"floorPosition":120.17578},{"type":2,"time":5216,"positionX":2.322808,"holdTime":0.0,"speed":1.0,"floorPosition":120.59766},{"type":2,"time":5232,"positionX":3.263158,"holdTime":0.0,"speed":1.0,"floorPosition":121.01953},{"type":2,"time":5264,"positionX":2.122808,"holdTime":0.0,"speed":1.0,"floorPosition":121.86328},{"type":2,"time":5280,"positionX":1.535088,"holdTime":0.0,"speed":1.0,"floorPosition":122.28516},{"type":2,"time":5296,"positionX":0.4912281,"holdTime":0.0,"speed":1.0,"floorPosition":122.70703},{"type":2,"time":5312,"positionX":-1.684211,"holdTime":0.0,"speed":1.0,"floorPosition":123.12891},{"type":2,"time":5328,"positionX":-3.403509,"holdTime":0.0,"speed":1.0,"floorPosition":123.55078},{"type":2,"time":5344,"positionX":-3.807018,"holdTime":0.0,"speed":1.0,"floorPosition":123.97266},{"type":2,"time":5360,"positionX":-1.245614,"holdTime":0.0,"speed":1.0,"floorPosition":124.39453},{"type":2,"time":5376,"positionX":1.0,"holdTime":0.0,"speed":1.0,"floorPosition":124.81641},{"type":1,"time":5632,"positionX":-2.526316,"holdTime":0.0,"speed":1.0,"floorPosition":131.5664},{"type":1,"time":5696,"positionX":0.2807026,"holdTime":0.0,"speed":1.0,"floorPosition":133.2539},{"type":1,"time":5760,"positionX":2.350878,"holdTime":0.0,"speed":1.0,"floorPosition":134.9414},{"type":1,"time":5824,"positionX":-1.333333,"holdTime":0.0,"speed":1.0,"floorPosition":136.6289},{"type":1,"time":5856,"positionX":2.824562,"holdTime":0.0,"speed":1.0,"floorPosition":137.47266},{"type":1,"time":5888,"positionX":1.631578,"holdTime":0.0,"speed":1.0,"floorPosition":138.3164},{"type":2,"time":5952,"positionX":2.403508,"holdTime":0.0,"speed":1.0,"floorPosition":140.0039},{"type":2,"time":5968,"positionX":3.017544,"holdTime":0.0,"speed":1.0,"floorPosition":140.42578},{"type":2,"time":5984,"positionX":3.630605,"holdTime":0.0,"speed":1.0,"floorPosition":140.84766},{"type":2,"time":6000,"positionX":4.122808,"holdTime":0.0,"speed":1.0,"floorPosition":141.26953},{"type":2,"time":6016,"positionX":4.596492,"holdTime":0.0,"speed":1.0,"floorPosition":141.6914},{"type":2,"time":6128,"positionX":-0.4035091,"holdTime":0.0,"speed":1.0,"floorPosition":144.64453},{"type":2,"time":6144,"positionX":-0.666667,"holdTime":0.0,"speed":1.0,"floorPosition":145.0664},{"type":2,"time":6160,"positionX":0.03508759,"holdTime":0.0,"speed":1.0,"floorPosition":145.48828},{"type":2,"time":6176,"positionX":1.035089,"holdTime":0.0,"speed":1.0,"floorPosition":145.91016},{"type":2,"time":6192,"positionX":2.052631,"holdTime":0.0,"speed":1.0,"floorPosition":146.33203},{"type":2,"time":6208,"positionX":2.85965,"holdTime":0.0,"speed":1.0,"floorPosition":146.7539},{"type":2,"time":6272,"positionX":3.350878,"holdTime":0.0,"speed":1.0,"floorPosition":148.4414},{"type":2,"time":6288,"positionX":2.877192,"holdTime":0.0,"speed":1.0,"floorPosition":148.86328},{"type":2,"time":6304,"positionX":0.9824562,"holdTime":0.0,"speed":1.0,"floorPosition":149.28516},{"type":2,"time":6320,"positionX":-0.1578951,"holdTime":0.0,"speed":1.0,"floorPosition":149.70703},{"type":2,"time":6336,"positionX":-1.385964,"holdTime":0.0,"speed":1.0,"floorPosition":150.1289},{"type":1,"time":6368,"positionX":1.842106,"holdTime":0.0,"speed":1.0,"floorPosition":150.97266},{"type":1,"time":6400,"positionX":3.035088,"holdTime":0.0,"speed":1.0,"floorPosition":151.8164},{"type":1,"time":6432,"positionX":-0.4210529,"holdTime":0.0,"speed":1.0,"floorPosition":152.66016},{"type":1,"time":6464,"positionX":3.385964,"holdTime":0.0,"speed":1.0,"floorPosition":153.5039},{"type":1,"time":6496,"positionX":0.6140347,"holdTime":0.0,"speed":1.0,"floorPosition":154.34766},{"type":3,"time":6528,"positionX":-0.1754389,"holdTime":640.0,"speed":1.8,"floorPosition":155.1914}],"notesBelow":[],"speedEvents":[{"startTime":0.0,"endTime":1419.0,"value":1.0},{"startTime":1419.0,"endTime":4544.0,"value":1.8},{"startTime":4544.0,"endTime":4608.0,"value":1.6},{"startTime":4608.0,"endTime":4624.0,"value":1.6},{"startTime":4624.0,"endTime":4640.0,"value":1.65},{"startTime":4640.0,"endTime":4656.0,"value":1.7},{"startTime":4656.0,"endTime":4672.0,"value":1.75},{"startTime":4672.0,"endTime":1000000000.0,"value":1.8}],"judgeLineMoveEvents":[{"startTime":-999999.0,"endTime":1408.0,"start":0.5,"end":0.5,"start2":0.5,"end2":0.5},{"startTime":1408.0,"endTime":1412.0,"start":0.5,"end":0.5,"start2":0.5,"end2":0.47275427},{"startTime":1412.0,"endTime":1416.0,"start":0.5,"end":0.5,"start2":0.47275427,"end2":0.44720817},{"startTime":1416.0,"endTime":1420.0,"start":0.5,"end":0.5,"start2":0.44720817,"end2":0.42330706},{"startTime":1420.0,"endTime":1424.0,"start":0.5,"end":0.5,"start2":0.42330706,"end2":0.40099624},{"startTime":1424.0,"endTime":1428.0,"start":0.5,"end":0.5,"start2":0.40099624,"end2":0.38022104},{"startTime":1428.0,"endTime":1432.0,"start":0.5,"end":0.5,"start2":0.38022104,"end2":0.36092684},{"startTime":1432.0,"endTime":1436.0,"start":0.5,"end":0.5,"start2":0.36092684,"end2":0.34305882},{"startTime":1436.0,"endTime":1440.0,"start":0.5,"end":0.5,"start2":0.34305882,"end2":0.3265625},{"startTime":1440.0,"endTime":1444.0,"start":0.5,"end":0.5,"start2":0.3265625,"end2":0.31139928},{"startTime":1444.0,"endTime":1448.0,"start":0.5,"end":0.5,"start2":0.31139928,"end2":0.2974969},{"startTime":1448.0,"endTime":1452.0,"start":0.5,"end":0.5,"start2":0.2974969,"end2":0.2848008},{"startTime":1452.0,"endTime":1456.0,"start":0.5,"end":0.5,"start2":0.2848008,"end2":0.27325624},{"startTime":1456.0,"endTime":1460.0,"start":0.5,"end":0.5,"start2":0.27325624,"end2":0.26280856},{"startTime":1460.0,"endTime":1464.0,"start":0.5,"end":0.5,"start2":0.26280856,"end2":0.25340307},{"startTime":1464.0,"endTime":1468.0,"start":0.5,"end":0.5,"start2":0.25340307,"end2":0.24498509},{"startTime":1468.0,"endTime":1472.0,"start":0.5,"end":0.5,"start2":0.24498509,"end2":0.23749998},{"startTime":1472.0,"endTime":1476.0,"start":0.5,"end":0.5,"start2":0.23749998,"end2":0.23090363},{"startTime":1476.0,"endTime":1480.0,"start":0.5,"end":0.5,"start2":0.23090363,"end2":0.22512941},{"startTime":1480.0,"endTime":1484.0,"start":0.5,"end":0.5,"start2":0.22512941,"end2":0.22012267},{"startTime":1484.0,"endTime":1488.0,"start":0.5,"end":0.5,"start2":0.22012267,"end2":0.21582875},{"startTime":1488.0,"endTime":1492.0,"start":0.5,"end":0.5,"start2":0.21582875,"end2":0.21219294},{"startTime":1492.0,"endTime":1496.0,"start":0.5,"end":0.5,"start2":0.21219294,"end2":0.20916055},{"startTime":1496.0,"endTime":1500.0,"start":0.5,"end":0.5,"start2":0.20916055,"end2":0.20667697},{"startTime":1500.0,"endTime":1504.0,"start":0.5,"end":0.5,"start2":0.20667697,"end2":0.20468749},{"startTime":1504.0,"endTime":1508.0,"start":0.5,"end":0.5,"start2":0.20468749,"end2":0.20314237},{"startTime":1508.0,"endTime":1512.0,"start":0.5,"end":0.5,"start2":0.20314237,"end2":0.20198068},{"startTime":1512.0,"endTime":1516.0,"start":0.5,"end":0.5,"start2":0.20198068,"end2":0.20114768},{"startTime":1516.0,"endTime":1520.0,"start":0.5,"end":0.5,"start2":0.20114768,"end2":0.20058875},{"startTime":1520.0,"endTime":1524.0,"start":0.5,"end":0.5,"start2":0.20058875,"end2":0.20024918},{"startTime":1524.0,"endTime":1528.0,"start":0.5,"end":0.5,"start2":0.20024918,"end2":0.20007432},{"startTime":1528.0,"endTime":1532.0,"start":0.5,"end":0.5,"start2":0.20007432,"end2":0.20000948},{"startTime":1532.0,"endTime":1536.0,"start":0.5,"end":0.5,"start2":0.20000948,"end2":0.19999999},{"startTime":1536.0,"endTime":2432.0,"start":0.5,"end":0.5,"start2":0.19999999,"end2":0.1},{"startTime":2432.0,"endTime":2456.0,"start":0.5,"end":0.5,"start2":0.1,"end2":0.3},{"startTime":2456.0,"endTime":2480.0,"start":0.5,"end":0.5,"start2":0.2,"end2":0.6},{"startTime":2480.0,"endTime":2504.0,"start":0.5,"end":0.5,"start2":0.5,"end2":0.8},{"startTime":2504.0,"endTime":2505.0,"start":0.5,"end":0.5,"start2":0.5,"end2":0.48422876},{"startTime":2505.0,"endTime":2506.0,"start":0.5,"end":0.5,"start2":0.48422876,"end2":0.4690127},{"startTime":2506.0,"endTime":2507.0,"start":0.5,"end":0.5,"start2":0.4690127,"end2":0.45434204},{"startTime":2507.0,"endTime":2508.0,"start":0.5,"end":0.5,"start2":0.45434204,"end2":0.440207},{"startTime":2508.0,"endTime":2509.0,"start":0.5,"end":0.5,"start2":0.440207,"end2":0.42660955},{"startTime":2509.0,"endTime":2510.0,"start":0.5,"end":0.5,"start2":0.42660955,"end2":0.4135505},{"startTime":2510.0,"endTime":2511.0,"start":0.5,"end":0.5,"start2":0.4135505,"end2":0.40099624},{"startTime":2511.0,"endTime":2512.0,"start":0.5,"end":0.5,"start2":0.40099624,"end2":0.388937},{"startTime":2512.0,"endTime":2513.0,"start":0.5,"end":0.5,"start2":0.388937,"end2":0.37736297},{"startTime":2513.0,"endTime":2514.0,"start":0.5,"end":0.5,"start2":0.37736297,"end2":0.3662855},{"startTime":2514.0,"endTime":2515.0,"start":0.5,"end":0.5,"start2":0.3662855,"end2":0.35568297},{"startTime":2515.0,"endTime":2516.0,"start":0.5,"end":0.5,"start2":0.35568297,"end2":0.34553477},{"startTime":2516.0,"endTime":2517.0,"start":0.5,"end":0.5,"start2":0.34553477,"end2":0.33583122},{"startTime":2517.0,"endTime":2518.0,"start":0.5,"end":0.5,"start2":0.33583122,"end2":0.3265625},{"startTime":2518.0,"endTime":2519.0,"start":0.5,"end":0.5,"start2":0.3265625,"end2":0.317747},{"startTime":2519.0,"endTime":2520.0,"start":0.5,"end":0.5,"start2":0.317747,"end2":0.3093452},{"startTime":2520.0,"endTime":2521.0,"start":0.5,"end":0.5,"start2":0.3093452,"end2":0.30134737},{"startTime":2521.0,"endTime":2522.0,"start":0.5,"end":0.5,"start2":0.30134737,"end2":0.2937438},{"startTime":2522.0,"endTime":2523.0,"start":0.5,"end":0.5,"start2":0.2937438,"end2":0.2865331},{"startTime":2523.0,"endTime":2524.0,"start":0.5,"end":0.5,"start2":0.2865331,"end2":0.27971298},{"startTime":2524.0,"endTime":2525.0,"start":0.5,"end":0.5,"start2":0.27971298,"end2":0.27325624},{"startTime":2525.0,"endTime":2526.0,"start":0.5,"end":0.5,"start2":0.27325624,"end2":0.26715308},{"startTime":2526.0,"endTime":2527.0,"start":0.5,"end":0.5,"start2":0.26715308,"end2":0.26139367},{"startTime":2527.0,"endTime":2528.0,"start":0.5,"end":0.5,"start2":0.26139367,"end2":0.255983},{"startTime":2528.0,"endTime":2529.0,"start":0.5,"end":0.5,"start2":0.255983,"end2":0.25090262},{"startTime":2529.0,"endTime":2530.0,"start":0.5,"end":0.5,"start2":0.25090262,"end2":0.24613515},{"startTime":2530.0,"endTime":2531.0,"start":0.5,"end":0.5,"start2":0.24613515,"end2":0.24167086},{"startTime":2531.0,"endTime":2532.0,"start":0.5,"end":0.5,"start2":0.24167086,"end2":0.23749998},{"startTime":2532.0,"endTime":2533.0,"start":0.5,"end":0.5,"start2":0.23749998,"end2":0.23363125},{"startTime":2533.0,"endTime":2534.0,"start":0.5,"end":0.5,"start2":0.23363125,"end2":0.23003483},{"startTime":2534.0,"endTime":2535.0,"start":0.5,"end":0.5,"start2":0.23003483,"end2":0.22670095},{"startTime":2535.0,"endTime":2536.0,"start":0.5,"end":0.5,"start2":0.22670095,"end2":0.22361985},{"startTime":2536.0,"endTime":2537.0,"start":0.5,"end":0.5,"start2":0.22361985,"end2":0.220787},{"startTime":2537.0,"endTime":2538.0,"start":0.5,"end":0.5,"start2":0.220787,"end2":0.21819691},{"startTime":2538.0,"endTime":2539.0,"start":0.5,"end":0.5,"start2":0.21819691,"end2":0.21582875},{"startTime":2539.0,"endTime":2540.0,"start":0.5,"end":0.5,"start2":0.21582875,"end2":0.21367271},{"startTime":2540.0,"endTime":2541.0,"start":0.5,"end":0.5,"start2":0.21367271,"end2":0.21171904},{"startTime":2541.0,"endTime":2542.0,"start":0.5,"end":0.5,"start2":0.21171904,"end2":0.2099662},{"startTime":2542.0,"endTime":2543.0,"start":0.5,"end":0.5,"start2":0.2099662,"end2":0.20839903},{"startTime":2543.0,"endTime":2544.0,"start":0.5,"end":0.5,"start2":0.20839903,"end2":0.20700336},{"startTime":2544.0,"endTime":2545.0,"start":0.5,"end":0.5,"start2":0.20700336,"end2":0.20576943},{"startTime":2545.0,"endTime":2546.0,"start":0.5,"end":0.5,"start2":0.20576943,"end2":0.20468749},{"startTime":2546.0,"endTime":2547.0,"start":0.5,"end":0.5,"start2":0.20468749,"end2":0.2037566},{"startTime":2547.0,"endTime":2548.0,"start":0.5,"end":0.5,"start2":0.2037566,"end2":0.20295662},{"startTime":2548.0,"endTime":2549.0,"start":0.5,"end":0.5,"start2":0.20295662,"end2":0.20227773},{"startTime":2549.0,"endTime":2550.0,"start":0.5,"end":0.5,"start2":0.20227773,"end2":0.2017102},{"startTime":2550.0,"endTime":2551.0,"start":0.5,"end":0.5,"start2":0.2017102,"end2":0.20124629},{"startTime":2551.0,"endTime":2552.0,"start":0.5,"end":0.5,"start2":0.20124629,"end2":0.20087728},{"startTime":2552.0,"endTime":2553.0,"start":0.5,"end":0.5,"start2":0.20087728,"end2":0.20058875},{"startTime":2553.0,"endTime":2554.0,"start":0.5,"end":0.5,"start2":0.20058875,"end2":0.20037091},{"startTime":2554.0,"endTime":2555.0,"start":0.5,"end":0.5,"start2":0.20037091,"end2":0.20021404},{"startTime":2555.0,"endTime":2556.0,"start":0.5,"end":0.5,"start2":0.20021404,"end2":0.20011014},{"startTime":2556.0,"endTime":2557.0,"start":0.5,"end":0.5,"start2":0.20011014,"end2":0.20004722},{"startTime":2557.0,"endTime":2558.0,"start":0.5,"end":0.5,"start2":0.20004722,"end2":0.20001444},{"startTime":2558.0,"endTime":2559.0,"start":0.5,"end":0.5,"start2":0.20001444,"end2":0.20000194},{"startTime":2559.0,"endTime":2560.0,"start":0.5,"end":0.5,"start2":0.20000194,"end2":0.19999999},{"startTime":2560.0,"endTime":3520.0,"start":0.5,"end":0.5,"start2":0.19999999,"end2":0.19999999},{"startTime":3520.0,"endTime":4480.0,"start":0.5,"end":0.5,"start2":0.19999999,"end2":0.2},{"startTime":4480.0,"endTime":4608.0,"start":0.5,"end":0.5,"start2":0.19999999,"end2":0.19999999},{"startTime":4608.0,"endTime":5376.0,"start":0.5,"end":0.5,"start2":0.19999999,"end2":0.2},{"startTime":5376.0,"endTime":5504.0,"start":0.5,"end":0.5,"start2":0.19999999,"end2":0.2},{"startTime":5504.0,"endTime":5505.0,"start":0.5,"end":0.5,"start2":0.79999995,"end2":0.7863771},{"startTime":5505.0,"endTime":5506.0,"start":0.5,"end":0.5,"start2":0.7863771,"end2":0.77360404},{"startTime":5506.0,"endTime":5507.0,"start":0.5,"end":0.5,"start2":0.77360404,"end2":0.7616535},{"startTime":5507.0,"endTime":5508.0,"start":0.5,"end":0.5,"start2":0.7616535,"end2":0.75049806},{"startTime":5508.0,"endTime":5509.0,"start":0.5,"end":0.5,"start2":0.75049806,"end2":0.7401105},{"startTime":5509.0,"endTime":5510.0,"start":0.5,"end":0.5,"start2":0.7401105,"end2":0.7304634},{"startTime":5510.0,"endTime":5511.0,"start":0.5,"end":0.5,"start2":0.7304634,"end2":0.72152936},{"startTime":5511.0,"endTime":5512.0,"start":0.5,"end":0.5,"start2":0.72152936,"end2":0.7132812},{"startTime":5512.0,"endTime":5513.0,"start":0.5,"end":0.5,"start2":0.7132812,"end2":0.7056996},{"startTime":5513.0,"endTime":5514.0,"start":0.5,"end":0.5,"start2":0.7056996,"end2":0.6987484},{"startTime":5514.0,"endTime":5515.0,"start":0.5,"end":0.5,"start2":0.6987484,"end2":0.6924004},{"startTime":5515.0,"endTime":5516.0,"start":0.5,"end":0.5,"start2":0.6924004,"end2":0.6866281},{"startTime":5516.0,"endTime":5517.0,"start":0.5,"end":0.5,"start2":0.6866281,"end2":0.68140423},{"startTime":5517.0,"endTime":5518.0,"start":0.5,"end":0.5,"start2":0.68140423,"end2":0.6767015},{"startTime":5518.0,"endTime":5519.0,"start":0.5,"end":0.5,"start2":0.6767015,"end2":0.6724925},{"startTime":5519.0,"endTime":5520.0,"start":0.5,"end":0.5,"start2":0.6724925,"end2":0.66875},{"startTime":5520.0,"endTime":5521.0,"start":0.5,"end":0.5,"start2":0.66875,"end2":0.6654518},{"startTime":5521.0,"endTime":5522.0,"start":0.5,"end":0.5,"start2":0.6654518,"end2":0.6625647},{"startTime":5522.0,"endTime":5523.0,"start":0.5,"end":0.5,"start2":0.6625647,"end2":0.6600613},{"startTime":5523.0,"endTime":5524.0,"start":0.5,"end":0.5,"start2":0.6600613,"end2":0.65791434},{"startTime":5524.0,"endTime":5525.0,"start":0.5,"end":0.5,"start2":0.65791434,"end2":0.65609646},{"startTime":5525.0,"endTime":5526.0,"start":0.5,"end":0.5,"start2":0.65609646,"end2":0.65458024},{"startTime":5526.0,"endTime":5527.0,"start":0.5,"end":0.5,"start2":0.65458024,"end2":0.6533385},{"startTime":5527.0,"endTime":5528.0,"start":0.5,"end":0.5,"start2":0.6533385,"end2":0.65234375},{"startTime":5528.0,"endTime":5529.0,"start":0.5,"end":0.5,"start2":0.65234375,"end2":0.65157115},{"startTime":5529.0,"endTime":5530.0,"start":0.5,"end":0.5,"start2":0.65157115,"end2":0.6509903},{"startTime":5530.0,"endTime":5531.0,"start":0.5,"end":0.5,"start2":0.6509903,"end2":0.6505738},{"startTime":5531.0,"endTime":5532.0,"start":0.5,"end":0.5,"start2":0.6505738,"end2":0.65029436},{"startTime":5532.0,"endTime":5533.0,"start":0.5,"end":0.5,"start2":0.65029436,"end2":0.65012455},{"startTime":5533.0,"endTime":5534.0,"start":0.5,"end":0.5,"start2":0.65012455,"end2":0.65003717},{"startTime":5534.0,"endTime":5535.0,"start":0.5,"end":0.5,"start2":0.65003717,"end2":0.65000474},{"startTime":5535.0,"endTime":5536.0,"start":0.5,"end":0.5,"start2":0.65000474,"end2":0.65},{"startTime":5536.0,"endTime":5537.0,"start":0.5,"end":0.5,"start2":0.65,"end2":0.63637733},{"startTime":5537.0,"endTime":5538.0,"start":0.5,"end":0.5,"start2":0.63637733,"end2":0.6236045},{"startTime":5538.0,"endTime":5539.0,"start":0.5,"end":0.5,"start2":0.6236045,"end2":0.6116541},{"startTime":5539.0,"endTime":5540.0,"start":0.5,"end":0.5,"start2":0.6116541,"end2":0.60049886},{"startTime":5540.0,"endTime":5541.0,"start":0.5,"end":0.5,"start2":0.60049886,"end2":0.59011143},{"startTime":5541.0,"endTime":5542.0,"start":0.5,"end":0.5,"start2":0.59011143,"end2":0.5804645},{"startTime":5542.0,"endTime":5543.0,"start":0.5,"end":0.5,"start2":0.5804645,"end2":0.5715306},{"startTime":5543.0,"endTime":5544.0,"start":0.5,"end":0.5,"start2":0.5715306,"end2":0.56328255},{"startTime":5544.0,"endTime":5545.0,"start":0.5,"end":0.5,"start2":0.56328255,"end2":0.5557011},{"startTime":5545.0,"endTime":5546.0,"start":0.5,"end":0.5,"start2":0.5557011,"end2":0.54875},{"startTime":5546.0,"endTime":5547.0,"start":0.5,"end":0.5,"start2":0.54875,"end2":0.542402},{"startTime":5547.0,"endTime":5548.0,"start":0.5,"end":0.5,"start2":0.542402,"end2":0.53662986},{"startTime":5548.0,"endTime":5549.0,"start":0.5,"end":0.5,"start2":0.53662986,"end2":0.53140604},{"startTime":5549.0,"endTime":5550.0,"start":0.5,"end":0.5,"start2":0.53140604,"end2":0.5267034},{"startTime":5550.0,"endTime":5551.0,"start":0.5,"end":0.5,"start2":0.5267034,"end2":0.5224945},{"startTime":5551.0,"endTime":5552.0,"start":0.5,"end":0.5,"start2":0.5224945,"end2":0.518752},{"startTime":5552.0,"endTime":5553.0,"start":0.5,"end":0.5,"start2":0.518752,"end2":0.5154539},{"startTime":5553.0,"endTime":5554.0,"start":0.5,"end":0.5,"start2":0.5154539,"end2":0.5125668},{"startTime":5554.0,"endTime":5555.0,"start":0.5,"end":0.5,"start2":0.5125668,"end2":0.51006347},{"startTime":5555.0,"endTime":5556.0,"start":0.5,"end":0.5,"start2":0.51006347,"end2":0.5079165},{"startTime":5556.0,"endTime":5557.0,"start":0.5,"end":0.5,"start2":0.5079165,"end2":0.5060986},{"startTime":5557.0,"endTime":5558.0,"start":0.5,"end":0.5,"start2":0.5060986,"end2":0.50458246},{"startTime":5558.0,"endTime":5559.0,"start":0.5,"end":0.5,"start2":0.50458246,"end2":0.5033407},{"startTime":5559.0,"endTime":5560.0,"start":0.5,"end":0.5,"start2":0.5033407,"end2":0.502346},{"startTime":5560.0,"endTime":5561.0,"start":0.5,"end":0.5,"start2":0.502346,"end2":0.50157344},{"startTime":5561.0,"endTime":5562.0,"start":0.5,"end":0.5,"start2":0.50157344,"end2":0.5009926},{"startTime":5562.0,"endTime":5563.0,"start":0.5,"end":0.5,"start2":0.5009926,"end2":0.5005761},{"startTime":5563.0,"endTime":5564.0,"start":0.5,"end":0.5,"start2":0.5005761,"end2":0.50029665},{"startTime":5564.0,"endTime":5565.0,"start":0.5,"end":0.5,"start2":0.50029665,"end2":0.50012684},{"startTime":5565.0,"endTime":5566.0,"start":0.5,"end":0.5,"start2":0.50012684,"end2":0.50003946},{"startTime":5566.0,"endTime":5567.0,"start":0.5,"end":0.5,"start2":0.50003946,"end2":0.50000703},{"startTime":5567.0,"endTime":5568.0,"start":0.5,"end":0.5,"start2":0.50000703,"end2":0.50000226},{"startTime":5568.0,"endTime":5569.0,"start":0.5,"end":0.5,"start2":0.50000226,"end2":0.4863792},{"startTime":5569.0,"endTime":5570.0,"start":0.5,"end":0.5,"start2":0.4863792,"end2":0.47360596},{"startTime":5570.0,"endTime":5571.0,"start":0.5,"end":0.5,"start2":0.47360596,"end2":0.46165523},{"startTime":5571.0,"endTime":5572.0,"start":0.5,"end":0.5,"start2":0.46165523,"end2":0.45049965},{"startTime":5572.0,"endTime":5573.0,"start":0.5,"end":0.5,"start2":0.45049965,"end2":0.44011188},{"startTime":5573.0,"endTime":5574.0,"start":0.5,"end":0.5,"start2":0.44011188,"end2":0.43046463},{"startTime":5574.0,"endTime":5575.0,"start":0.5,"end":0.5,"start2":0.43046463,"end2":0.4215305},{"startTime":5575.0,"endTime":5576.0,"start":0.5,"end":0.5,"start2":0.4215305,"end2":0.41328222},{"startTime":5576.0,"endTime":5577.0,"start":0.5,"end":0.5,"start2":0.41328222,"end2":0.40570047},{"startTime":5577.0,"endTime":5578.0,"start":0.5,"end":0.5,"start2":0.40570047,"end2":0.3987492},{"startTime":5578.0,"endTime":5579.0,"start":0.5,"end":0.5,"start2":0.3987492,"end2":0.39240104},{"startTime":5579.0,"endTime":5580.0,"start":0.5,"end":0.5,"start2":0.39240104,"end2":0.38662866},{"startTime":5580.0,"endTime":5581.0,"start":0.5,"end":0.5,"start2":0.38662866,"end2":0.38140476},{"startTime":5581.0,"endTime":5582.0,"start":0.5,"end":0.5,"start2":0.38140476,"end2":0.37670195},{"startTime":5582.0,"endTime":5583.0,"start":0.5,"end":0.5,"start2":0.37670195,"end2":0.37249288},{"startTime":5583.0,"endTime":5584.0,"start":0.5,"end":0.5,"start2":0.37249288,"end2":0.36875027},{"startTime":5584.0,"endTime":5585.0,"start":0.5,"end":0.5,"start2":0.36875027,"end2":0.36545205},{"startTime":5585.0,"endTime":5586.0,"start":0.5,"end":0.5,"start2":0.36545205,"end2":0.3625649},{"startTime":5586.0,"endTime":5587.0,"start":0.5,"end":0.5,"start2":0.3625649,"end2":0.3600615},{"startTime":5587.0,"endTime":5588.0,"start":0.5,"end":0.5,"start2":0.3600615,"end2":0.35791448},{"startTime":5588.0,"endTime":5589.0,"start":0.5,"end":0.5,"start2":0.35791448,"end2":0.35609657},{"startTime":5589.0,"endTime":5590.0,"start":0.5,"end":0.5,"start2":0.35609657,"end2":0.35458034},{"startTime":5590.0,"endTime":5591.0,"start":0.5,"end":0.5,"start2":0.35458034,"end2":0.35333854},{"startTime":5591.0,"endTime":5592.0,"start":0.5,"end":0.5,"start2":0.35333854,"end2":0.35234377},{"startTime":5592.0,"endTime":5593.0,"start":0.5,"end":0.5,"start2":0.35234377,"end2":0.3515712},{"startTime":5593.0,"endTime":5594.0,"start":0.5,"end":0.5,"start2":0.3515712,"end2":0.35099036},{"startTime":5594.0,"endTime":5595.0,"start":0.5,"end":0.5,"start2":0.35099036,"end2":0.35057384},{"startTime":5595.0,"endTime":5596.0,"start":0.5,"end":0.5,"start2":0.35057384,"end2":0.35029438},{"startTime":5596.0,"endTime":5597.0,"start":0.5,"end":0.5,"start2":0.35029438,"end2":0.3501246},{"startTime":5597.0,"endTime":5598.0,"start":0.5,"end":0.5,"start2":0.3501246,"end2":0.35003716},{"startTime":5598.0,"endTime":5599.0,"start":0.5,"end":0.5,"start2":0.35003716,"end2":0.35000473},{"startTime":5599.0,"endTime":5600.0,"start":0.5,"end":0.5,"start2":0.35000473,"end2":0.35},{"startTime":5600.0,"endTime":5601.0,"start":0.5,"end":0.5,"start2":0.35,"end2":0.33637714},{"startTime":5601.0,"endTime":5602.0,"start":0.5,"end":0.5,"start2":0.33637714,"end2":0.32360408},{"startTime":5602.0,"endTime":5603.0,"start":0.5,"end":0.5,"start2":0.32360408,"end2":0.31165352},{"startTime":5603.0,"endTime":5604.0,"start":0.5,"end":0.5,"start2":0.31165352,"end2":0.30049813},{"startTime":5604.0,"endTime":5605.0,"start":0.5,"end":0.5,"start2":0.30049813,"end2":0.29011053},{"startTime":5605.0,"endTime":5606.0,"start":0.5,"end":0.5,"start2":0.29011053,"end2":0.2804634},{"startTime":5606.0,"endTime":5607.0,"start":0.5,"end":0.5,"start2":0.2804634,"end2":0.2715294},{"startTime":5607.0,"endTime":5608.0,"start":0.5,"end":0.5,"start2":0.2715294,"end2":0.26328123},{"startTime":5608.0,"endTime":5609.0,"start":0.5,"end":0.5,"start2":0.26328123,"end2":0.25569963},{"startTime":5609.0,"endTime":5610.0,"start":0.5,"end":0.5,"start2":0.25569963,"end2":0.24874845},{"startTime":5610.0,"endTime":5611.0,"start":0.5,"end":0.5,"start2":0.24874845,"end2":0.2424004},{"startTime":5611.0,"endTime":5612.0,"start":0.5,"end":0.5,"start2":0.2424004,"end2":0.23662812},{"startTime":5612.0,"endTime":5613.0,"start":0.5,"end":0.5,"start2":0.23662812,"end2":0.23140427},{"startTime":5613.0,"endTime":5614.0,"start":0.5,"end":0.5,"start2":0.23140427,"end2":0.22670153},{"startTime":5614.0,"endTime":5615.0,"start":0.5,"end":0.5,"start2":0.22670153,"end2":0.22249253},{"startTime":5615.0,"endTime":5616.0,"start":0.5,"end":0.5,"start2":0.22249253,"end2":0.21874999},{"startTime":5616.0,"endTime":5617.0,"start":0.5,"end":0.5,"start2":0.21874999,"end2":0.2154518},{"startTime":5617.0,"endTime":5618.0,"start":0.5,"end":0.5,"start2":0.2154518,"end2":0.21256469},{"startTime":5618.0,"endTime":5619.0,"start":0.5,"end":0.5,"start2":0.21256469,"end2":0.21006133},{"startTime":5619.0,"endTime":5620.0,"start":0.5,"end":0.5,"start2":0.21006133,"end2":0.20791437},{"startTime":5620.0,"endTime":5621.0,"start":0.5,"end":0.5,"start2":0.20791437,"end2":0.20609646},{"startTime":5621.0,"endTime":5622.0,"start":0.5,"end":0.5,"start2":0.20609646,"end2":0.20458028},{"startTime":5622.0,"endTime":5623.0,"start":0.5,"end":0.5,"start2":0.20458028,"end2":0.20333847},{"startTime":5623.0,"endTime":5624.0,"start":0.5,"end":0.5,"start2":0.20333847,"end2":0.20234373},{"startTime":5624.0,"endTime":5625.0,"start":0.5,"end":0.5,"start2":0.20234373,"end2":0.20157118},{"startTime":5625.0,"endTime":5626.0,"start":0.5,"end":0.5,"start2":0.20157118,"end2":0.20099033},{"startTime":5626.0,"endTime":5627.0,"start":0.5,"end":0.5,"start2":0.20099033,"end2":0.20057383},{"startTime":5627.0,"endTime":5628.0,"start":0.5,"end":0.5,"start2":0.20057383,"end2":0.20029438},{"startTime":5628.0,"endTime":5629.0,"start":0.5,"end":0.5,"start2":0.20029438,"end2":0.20012459},{"startTime":5629.0,"endTime":5630.0,"start":0.5,"end":0.5,"start2":0.20012459,"end2":0.20003715},{"startTime":5630.0,"endTime":5631.0,"start":0.5,"end":0.5,"start2":0.20003715,"end2":0.20000474},{"startTime":5631.0,"endTime":5632.0,"start":0.5,"end":0.5,"start2":0.20000474,"end2":0.19999999},{"startTime":5632.0,"endTime":1000000000.0,"start":0.5,"end":0.5,"start2":0.19999999,"end2":0.19999999}],"judgeLineRotateEvents":[{"startTime":-999999.0,"endTime":3392.0,"start":0.0,"end":0.0},{"startTime":3392.0,"endTime":3396.0,"start":0.0,"end":44.05288},{"startTime":3396.0,"endTime":3400.0,"start":44.05288,"end":86.273445},{"startTime":3400.0,"endTime":3404.0,"start":86.273445,"end":126.700386},{"startTime":3404.0,"endTime":3408.0,"start":126.700386,"end":165.3727},{"startTime":3408.0,"endTime":3412.0,"start":165.3727,"end":202.32933},{"startTime":3412.0,"endTime":3416.0,"start":202.32933,"end":237.609},{"startTime":3416.0,"endTime":3420.0,"start":237.609,"end":271.25067},{"startTime":3420.0,"endTime":3424.0,"start":271.25067,"end":303.29333},{"startTime":3424.0,"endTime":3428.0,"start":303.29333,"end":333.7756},{"startTime":3428.0,"endTime":3432.0,"start":333.7756,"end":362.73657},{"startTime":3432.0,"endTime":3436.0,"start":362.73657,"end":390.21515},{"startTime":3436.0,"endTime":3440.0,"start":390.21515,"end":416.25},{"startTime":3440.0,"endTime":3444.0,"start":416.25,"end":440.8539},{"startTime":3444.0,"endTime":3448.0,"start":440.8539,"end":464.09338},{"startTime":3448.0,"endTime":3452.0,"start":464.09338,"end":486.0074},{"startTime":3452.0,"endTime":3456.0,"start":486.0074,"end":506.63474},{"startTime":3456.0,"endTime":3460.0,"start":506.63474,"end":526.01434},{"startTime":3460.0,"endTime":3464.0,"start":526.01434,"end":544.185},{"startTime":3464.0,"endTime":3468.0,"start":544.185,"end":561.1857},{"startTime":3468.0,"endTime":3472.0,"start":561.1857,"end":577.05524},{"startTime":3472.0,"endTime":3476.0,"start":577.05524,"end":591.8326},{"startTime":3476.0,"endTime":3480.0,"start":591.8326,"end":605.5566},{"startTime":3480.0,"endTime":3484.0,"start":605.5566,"end":618.2661},{"startTime":3484.0,"endTime":3488.0,"start":618.2661,"end":630.0},{"startTime":3488.0,"endTime":3492.0,"start":630.0,"end":640.7799},{"startTime":3492.0,"endTime":3496.0,"start":640.7799,"end":650.6634},{"startTime":3496.0,"endTime":3500.0,"start":650.6634,"end":659.6894},{"startTime":3500.0,"endTime":3504.0,"start":659.6894,"end":667.8967},{"startTime":3504.0,"endTime":3508.0,"start":667.8967,"end":675.32434},{"startTime":3508.0,"endTime":3512.0,"start":675.32434,"end":682.011},{"startTime":3512.0,"endTime":3516.0,"start":682.011,"end":687.99567},{"startTime":3516.0,"endTime":3520.0,"start":687.99567,"end":693.3173},{"startTime":3520.0,"endTime":3524.0,"start":693.3173,"end":698.01465},{"startTime":3524.0,"endTime":3528.0,"start":698.01465,"end":702.1266},{"startTime":3528.0,"endTime":3532.0,"start":702.1266,"end":705.69214},{"startTime":3532.0,"endTime":3536.0,"start":705.69214,"end":708.75},{"startTime":3536.0,"endTime":3540.0,"start":708.75,"end":711.33093},{"startTime":3540.0,"endTime":3544.0,"start":711.33093,"end":713.4834},{"startTime":3544.0,"endTime":3548.0,"start":713.4834,"end":715.24634},{"startTime":3548.0,"endTime":3552.0,"start":715.24634,"end":716.65875},{"startTime":3552.0,"endTime":3556.0,"start":716.65875,"end":717.7593},{"startTime":3556.0,"endTime":3560.0,"start":717.7593,"end":718.587},{"startTime":3560.0,"endTime":3564.0,"start":718.587,"end":719.1807},{"startTime":3564.0,"endTime":3568.0,"start":719.1807,"end":719.5793},{"startTime":3568.0,"endTime":3572.0,"start":719.5793,"end":719.8216},{"startTime":3572.0,"endTime":3576.0,"start":719.8216,"end":719.9466},{"startTime":3576.0,"endTime":3580.0,"start":719.9466,"end":719.9931},{"startTime":3580.0,"endTime":3584.0,"start":719.9931,"end":720.0},{"startTime":3584.0,"endTime":3968.0,"start":0.0,"end":0.0},{"startTime":3968.0,"endTime":4032.0,"start":90.0,"end":0.0},{"startTime":4032.0,"endTime":4480.0,"start":0.0,"end":0.0},{"startTime":4480.0,"endTime":4484.0,"start":0.0,"end":-65.38974},{"startTime":4484.0,"endTime":4488.0,"start":-65.38974,"end":-126.700386},{"startTime":4488.0,"endTime":4492.0,"start":-126.700386,"end":-184.06303},{"startTime":4492.0,"endTime":4496.0,"start":-184.06303,"end":-237.609},{"startTime":4496.0,"endTime":4500.0,"start":-237.609,"end":-287.46945},{"startTime":4500.0,"endTime":4504.0,"start":-287.46945,"end":-333.7756},{"startTime":4504.0,"endTime":4508.0,"start":-333.7756,"end":-376.65878},{"startTime":4508.0,"endTime":4512.0,"start":-376.65878,"end":-416.25},{"startTime":4512.0,"endTime":4516.0,"start":-416.25,"end":-452.64175},{"startTime":4516.0,"endTime":4520.0,"start":-452.64175,"end":-486.0074},{"startTime":4520.0,"endTime":4524.0,"start":-486.0074,"end":-516.478},{"startTime":4524.0,"endTime":4528.0,"start":-516.478,"end":-544.185},{"startTime":4528.0,"endTime":4532.0,"start":-544.185,"end":-569.2594},{"startTime":4532.0,"endTime":4536.0,"start":-569.2594,"end":-591.8326},{"startTime":4536.0,"endTime":4540.0,"start":-591.8326,"end":-612.03577},{"startTime":4540.0,"endTime":4544.0,"start":-612.03577,"end":-630.0},{"startTime":4544.0,"endTime":4548.0,"start":-630.0,"end":-645.83124},{"startTime":4548.0,"endTime":4552.0,"start":-645.83124,"end":-659.6894},{"startTime":4552.0,"endTime":4556.0,"start":-659.6894,"end":-671.70557},{"startTime":4556.0,"endTime":4560.0,"start":-671.70557,"end":-682.011},{"startTime":4560.0,"endTime":4564.0,"start":-682.011,"end":-690.73694},{"startTime":4564.0,"endTime":4568.0,"start":-690.73694,"end":-698.01465},{"startTime":4568.0,"endTime":4572.0,"start":-698.01465,"end":-703.9752},{"startTime":4572.0,"endTime":4576.0,"start":-703.9752,"end":-708.75},{"startTime":4576.0,"endTime":4580.0,"start":-708.75,"end":-712.45825},{"startTime":4580.0,"endTime":4584.0,"start":-712.45825,"end":-715.24634},{"startTime":4584.0,"endTime":4588.0,"start":-715.24634,"end":-717.24554},{"startTime":4588.0,"endTime":4592.0,"start":-717.24554,"end":-718.587},{"startTime":4592.0,"endTime":4596.0,"start":-718.587,"end":-719.4019},{"startTime":4596.0,"endTime":4600.0,"start":-719.4019,"end":-719.8216},{"startTime":4600.0,"endTime":4604.0,"start":-719.8216,"end":-719.97723},{"startTime":4604.0,"endTime":4608.0,"start":-719.97723,"end":-720.0},{"startTime":4608.0,"endTime":5632.0,"start":0.0,"end":0.0},{"startTime":5632.0,"endTime":5640.0,"start":0.0,"end":-1.8163817},{"startTime":5640.0,"endTime":5648.0,"start":-1.8163817,"end":-3.5194552},{"startTime":5648.0,"endTime":5656.0,"start":-3.5194552,"end":-5.112862},{"startTime":5656.0,"endTime":5664.0,"start":-5.112862,"end":-6.6002502},{"startTime":5664.0,"endTime":5672.0,"start":-6.6002502,"end":-7.985263},{"startTime":5672.0,"endTime":5680.0,"start":-7.985263,"end":-9.271544},{"startTime":5680.0,"endTime":5688.0,"start":-9.271544,"end":-10.462744},{"startTime":5688.0,"endTime":5696.0,"start":-10.462744,"end":-11.5625},{"startTime":5696.0,"endTime":5704.0,"start":-11.5625,"end":-12.573381},{"startTime":5704.0,"endTime":5712.0,"start":-12.573381,"end":-13.500205},{"startTime":5712.0,"endTime":5720.0,"start":-13.500205,"end":-14.346613},{"startTime":5720.0,"endTime":5728.0,"start":-14.346613,"end":-15.116251},{"startTime":5728.0,"endTime":5736.0,"start":-15.116251,"end":-15.812761},{"startTime":5736.0,"endTime":5744.0,"start":-15.812761,"end":-16.439795},{"startTime":5744.0,"endTime":5752.0,"start":-16.439795,"end":-17.000994},{"startTime":5752.0,"endTime":5760.0,"start":-17.000994,"end":-17.5},{"startTime":5760.0,"endTime":5768.0,"start":-17.5,"end":-17.939756},{"startTime":5768.0,"endTime":5776.0,"start":-17.939756,"end":-18.324705},{"startTime":5776.0,"endTime":5784.0,"start":-18.324705,"end":-18.658487},{"startTime":5784.0,"endTime":5792.0,"start":-18.658487,"end":-18.94475},{"startTime":5792.0,"endTime":5800.0,"start":-18.94475,"end":-19.187138},{"startTime":5800.0,"endTime":5808.0,"start":-19.187138,"end":-19.389296},{"startTime":5808.0,"endTime":5816.0,"start":-19.389296,"end":-19.554867},{"startTime":5816.0,"endTime":5824.0,"start":-19.554867,"end":-19.6875},{"startTime":5824.0,"endTime":5832.0,"start":-19.6875,"end":-19.790508},{"startTime":5832.0,"endTime":5840.0,"start":-19.790508,"end":-19.867954},{"startTime":5840.0,"endTime":5848.0,"start":-19.867954,"end":-19.923489},{"startTime":5848.0,"endTime":5856.0,"start":-19.923489,"end":-19.960749},{"startTime":5856.0,"endTime":5864.0,"start":-19.960749,"end":-19.983387},{"startTime":5864.0,"endTime":5872.0,"start":-19.983387,"end":-19.995045},{"startTime":5872.0,"endTime":5880.0,"start":-19.995045,"end":-19.999367},{"startTime":5880.0,"endTime":5888.0,"start":-19.999367,"end":-20.0},{"startTime":5888.0,"endTime":5896.0,"start":-20.0,"end":-16.367237},{"startTime":5896.0,"endTime":5904.0,"start":-16.367237,"end":-12.96109},{"startTime":5904.0,"endTime":5912.0,"start":-12.96109,"end":-9.774276},{"startTime":5912.0,"endTime":5920.0,"start":-9.774276,"end":-6.7995},{"startTime":5920.0,"endTime":5928.0,"start":-6.7995,"end":-4.0294743},{"startTime":5928.0,"endTime":5936.0,"start":-4.0294743,"end":-1.4569116},{"startTime":5936.0,"endTime":5944.0,"start":-1.4569116,"end":0.9254885},{"startTime":5944.0,"endTime":5952.0,"start":0.9254885,"end":3.125},{"startTime":5952.0,"endTime":5960.0,"start":3.125,"end":5.1467633},{"startTime":5960.0,"endTime":5968.0,"start":5.1467633,"end":7.0004106},{"startTime":5968.0,"endTime":5976.0,"start":7.0004106,"end":8.693226},{"startTime":5976.0,"endTime":5984.0,"start":8.693226,"end":10.232501},{"startTime":5984.0,"endTime":5992.0,"start":10.232501,"end":11.625524},{"startTime":5992.0,"endTime":6000.0,"start":11.625524,"end":12.879589},{"startTime":6000.0,"endTime":6008.0,"start":12.879589,"end":14.001987},{"startTime":6008.0,"endTime":6016.0,"start":14.001987,"end":15.0},{"startTime":6016.0,"endTime":6024.0,"start":15.0,"end":15.879515},{"startTime":6024.0,"endTime":6032.0,"start":15.879515,"end":16.64941},{"startTime":6032.0,"endTime":6040.0,"start":16.64941,"end":17.316975},{"startTime":6040.0,"endTime":6048.0,"start":17.316975,"end":17.8895},{"startTime":6048.0,"endTime":6056.0,"start":17.8895,"end":18.374273},{"startTime":6056.0,"endTime":6064.0,"start":18.374273,"end":18.778591},{"startTime":6064.0,"endTime":6072.0,"start":18.778591,"end":19.109735},{"startTime":6072.0,"endTime":6080.0,"start":19.109735,"end":19.375},{"startTime":6080.0,"endTime":6088.0,"start":19.375,"end":19.581015},{"startTime":6088.0,"endTime":6096.0,"start":19.581015,"end":19.735909},{"startTime":6096.0,"endTime":6104.0,"start":19.735909,"end":19.846975},{"startTime":6104.0,"endTime":6112.0,"start":19.846975,"end":19.921497},{"startTime":6112.0,"endTime":6120.0,"start":19.921497,"end":19.966774},{"startTime":6120.0,"endTime":6128.0,"start":19.966774,"end":19.99009},{"startTime":6128.0,"endTime":6136.0,"start":19.99009,"end":19.998734},{"startTime":6136.0,"endTime":6144.0,"start":19.998734,"end":20.0},{"startTime":6144.0,"endTime":6152.0,"start":20.0,"end":16.367237},{"startTime":6152.0,"endTime":6160.0,"start":16.367237,"end":12.96109},{"startTime":6160.0,"endTime":6168.0,"start":12.96109,"end":9.774276},{"startTime":6168.0,"endTime":6176.0,"start":9.774276,"end":6.7995},{"startTime":6176.0,"endTime":6184.0,"start":6.7995,"end":4.0294743},{"startTime":6184.0,"endTime":6192.0,"start":4.0294743,"end":1.4569116},{"startTime":6192.0,"endTime":6200.0,"start":1.4569116,"end":-0.9254885},{"startTime":6200.0,"endTime":6208.0,"start":-0.9254885,"end":-3.125},{"startTime":6208.0,"endTime":6216.0,"start":-3.125,"end":-5.1467633},{"startTime":6216.0,"endTime":6224.0,"start":-5.1467633,"end":-7.0004106},{"startTime":6224.0,"endTime":6232.0,"start":-7.0004106,"end":-8.693226},{"startTime":6232.0,"endTime":6240.0,"start":-8.693226,"end":-10.232501},{"startTime":6240.0,"endTime":6248.0,"start":-10.232501,"end":-11.625524},{"startTime":6248.0,"endTime":6256.0,"start":-11.625524,"end":-12.879589},{"startTime":6256.0,"endTime":6264.0,"start":-12.879589,"end":-14.001987},{"startTime":6264.0,"endTime":6272.0,"start":-14.001987,"end":-15.0},{"startTime":6272.0,"endTime":6280.0,"start":-15.0,"end":-15.879515},{"startTime":6280.0,"endTime":6288.0,"start":-15.879515,"end":-16.64941},{"startTime":6288.0,"endTime":6296.0,"start":-16.64941,"end":-17.316975},{"startTime":6296.0,"endTime":6304.0,"start":-17.316975,"end":-17.8895},{"startTime":6304.0,"endTime":6312.0,"start":-17.8895,"end":-18.374273},{"startTime":6312.0,"endTime":6320.0,"start":-18.374273,"end":-18.778591},{"startTime":6320.0,"endTime":6328.0,"start":-18.778591,"end":-19.109735},{"startTime":6328.0,"endTime":6336.0,"start":-19.109735,"end":-19.375},{"startTime":6336.0,"endTime":6344.0,"start":-19.375,"end":-19.581015},{"startTime":6344.0,"endTime":6352.0,"start":-19.581015,"end":-19.735909},{"startTime":6352.0,"endTime":6360.0,"start":-19.735909,"end":-19.846975},{"startTime":6360.0,"endTime":6368.0,"start":-19.846975,"end":-19.921497},{"startTime":6368.0,"endTime":6376.0,"start":-19.921497,"end":-19.966774},{"startTime":6376.0,"endTime":6384.0,"start":-19.966774,"end":-19.99009},{"startTime":6384.0,"endTime":6392.0,"start":-19.99009,"end":-19.998734},{"startTime":6392.0,"endTime":6400.0,"start":-19.998734,"end":-20.0},{"startTime":6400.0,"endTime":6408.0,"start":-20.0,"end":-18.183619},{"startTime":6408.0,"endTime":6416.0,"start":-18.183619,"end":-16.480545},{"startTime":6416.0,"endTime":6424.0,"start":-16.480545,"end":-14.887138},{"startTime":6424.0,"endTime":6432.0,"start":-14.887138,"end":-13.39975},{"startTime":6432.0,"endTime":6440.0,"start":-13.39975,"end":-12.014737},{"startTime":6440.0,"endTime":6448.0,"start":-12.014737,"end":-10.728456},{"startTime":6448.0,"endTime":6456.0,"start":-10.728456,"end":-9.537256},{"startTime":6456.0,"endTime":6464.0,"start":-9.537256,"end":-8.4375},{"startTime":6464.0,"endTime":6472.0,"start":-8.4375,"end":-7.4266186},{"startTime":6472.0,"endTime":6480.0,"start":-7.4266186,"end":-6.499795},{"startTime":6480.0,"endTime":6488.0,"start":-6.499795,"end":-5.653387},{"startTime":6488.0,"endTime":6496.0,"start":-5.653387,"end":-4.8837495},{"startTime":6496.0,"endTime":6504.0,"start":-4.8837495,"end":-4.187238},{"startTime":6504.0,"endTime":6512.0,"start":-4.187238,"end":-3.5602057},{"startTime":6512.0,"endTime":6520.0,"start":-3.5602057,"end":-2.9990065},{"startTime":6520.0,"endTime":6528.0,"start":-2.9990065,"end":-2.5},{"startTime":6528.0,"endTime":6536.0,"start":-2.5,"end":-2.060243},{"startTime":6536.0,"endTime":6544.0,"start":-2.060243,"end":-1.6752946},{"startTime":6544.0,"endTime":6552.0,"start":-1.6752946,"end":-1.3415122},{"startTime":6552.0,"endTime":6560.0,"start":-1.3415122,"end":-1.0552502},{"startTime":6560.0,"endTime":6568.0,"start":-1.0552502,"end":-0.8128631},{"startTime":6568.0,"endTime":6576.0,"start":-0.8128631,"end":-0.6107044},{"startTime":6576.0,"endTime":6584.0,"start":-0.6107044,"end":-0.44513226},{"startTime":6584.0,"endTime":6592.0,"start":-0.44513226,"end":-0.3125},{"startTime":6592.0,"endTime":6600.0,"start":-0.3125,"end":-0.20949244},{"startTime":6600.0,"endTime":6608.0,"start":-0.20949244,"end":-0.13204575},{"startTime":6608.0,"endTime":6616.0,"start":-0.13204575,"end":-0.0765121},{"startTime":6616.0,"endTime":6624.0,"start":-0.0765121,"end":-0.03925085},{"startTime":6624.0,"endTime":6632.0,"start":-0.03925085,"end":-0.016613007},{"startTime":6632.0,"endTime":6640.0,"start":-0.016613007,"end":-0.00495553},{"startTime":6640.0,"endTime":6648.0,"start":-0.00495553,"end":-0.0006330013},{"startTime":6648.0,"endTime":6656.0,"start":-0.0006330013,"end":0.0},{"startTime":6656.0,"endTime":1000000000.0,"start":0.0,"end":0.0}],"judgeLineDisappearEvents":[{"startTime":-999999.0,"endTime":5376.0,"start":1.0,"end":1.0},{"startTime":5376.0,"endTime":5504.0,"start":0.0,"end":0.0},{"startTime":5504.0,"endTime":5508.0,"start":0.0,"end":0.09081908},{"startTime":5508.0,"endTime":5512.0,"start":0.09081908,"end":0.17597276},{"startTime":5512.0,"endTime":5516.0,"start":0.17597276,"end":0.2556431},{"startTime":5516.0,"endTime":5520.0,"start":0.2556431,"end":0.3300125},{"startTime":5520.0,"endTime":5524.0,"start":0.3300125,"end":0.39926314},{"startTime":5524.0,"endTime":5528.0,"start":0.39926314,"end":0.4635772},{"startTime":5528.0,"endTime":5532.0,"start":0.4635772,"end":0.5231372},{"startTime":5532.0,"endTime":5536.0,"start":0.5231372,"end":0.578125},{"startTime":5536.0,"endTime":5540.0,"start":0.578125,"end":0.6286691},{"startTime":5540.0,"endTime":5544.0,"start":0.6286691,"end":0.67501026},{"startTime":5544.0,"endTime":5548.0,"start":0.67501026,"end":0.71733063},{"startTime":5548.0,"endTime":5552.0,"start":0.71733063,"end":0.7558125},{"startTime":5552.0,"endTime":5556.0,"start":0.7558125,"end":0.7906381},{"startTime":5556.0,"endTime":5560.0,"start":0.7906381,"end":0.8219897},{"startTime":5560.0,"endTime":5564.0,"start":0.8219897,"end":0.8500497},{"startTime":5564.0,"endTime":5568.0,"start":0.8500497,"end":0.875},{"startTime":5568.0,"endTime":5572.0,"start":0.875,"end":0.89698786},{"startTime":5572.0,"endTime":5576.0,"start":0.89698786,"end":0.91623527},{"startTime":5576.0,"endTime":5580.0,"start":0.91623527,"end":0.9329244},{"startTime":5580.0,"endTime":5584.0,"start":0.9329244,"end":0.9472375},{"startTime":5584.0,"endTime":5588.0,"start":0.9472375,"end":0.95935684},{"startTime":5588.0,"endTime":5592.0,"start":0.95935684,"end":0.9694648},{"startTime":5592.0,"endTime":5596.0,"start":0.9694648,"end":0.9777434},{"startTime":5596.0,"endTime":5600.0,"start":0.9777434,"end":0.984375},{"startTime":5600.0,"endTime":5604.0,"start":0.984375,"end":0.9895254},{"startTime":5604.0,"endTime":5608.0,"start":0.9895254,"end":0.9933977},{"startTime":5608.0,"endTime":5612.0,"start":0.9933977,"end":0.9961744},{"startTime":5612.0,"endTime":5616.0,"start":0.9961744,"end":0.99803746},{"startTime":5616.0,"endTime":5620.0,"start":0.99803746,"end":0.99916935},{"startTime":5620.0,"endTime":5624.0,"start":0.99916935,"end":0.9997522},{"startTime":5624.0,"endTime":5628.0,"start":0.9997522,"end":0.99996835},{"startTime":5628.0,"endTime":5632.0,"start":0.99996835,"end":1.0},{"startTime":5632.0,"endTime":1000000000.0,"start":1.0,"end":1.0}]}]}