{"formatVersion":3,"offset":0.0,"judgeLineList":[{"bpm":128.0,"notesAbove":[{"type":2,"time":392,"positionX":0.0,"holdTime":0.0,"speed":1.0,"floorPosition":6.8906255},{"type":2,"time":648,"positionX":0.0,"holdTime":0.0,"speed":1.0,"floorPosition":11.390625},{"type":2,"time":904,"positionX":0.0,"holdTime":0.0,"speed":1.0,"floorPosition":15.890626},{"type":2,"time":1160,"positionX":0.0,"holdTime":0.0,"speed":1.0,"floorPosition":20.390625},{"type":2,"time":1408,"positionX":0.0,"holdTime":0.0,"speed":1.0,"floorPosition":24.750002},{"type":2,"time":1413,"positionX":1.0,"holdTime":0.0,"speed":1.0,"floorPosition":24.837893},{"type":3,"time":1536,"positionX":-5.0,"holdTime":64.0,"speed":1.6,"floorPosition":27.656252},{"type":3,"time":1664,"positionX":5.0,"holdTime":64.0,"speed":1.6,"floorPosition":30.656252},{"type":3,"time":1792,"positionX":-3.0,"holdTime":64.0,"speed":1.6,"floorPosition":33.656254},{"type":3,"time":1920,"positionX":3.0,"holdTime":64.0,"speed":1.6,"floorPosition":36.656254},{"type":1,"time":2048,"positionX":-5.0,"holdTime":0.0,"speed":1.0,"floorPosition":39.656254},{"type":1,"time":2112,"positionX":5.0,"holdTime":0.0,"speed":1.0,"floorPosition":41.156254},{"type":1,"time":2176,"positionX":-5.0,"holdTime":0.0,"speed":1.0,"floorPosition":42.656254},{"type":1,"time":2240,"positionX":5.0,"holdTime":0.0,"speed":1.0,"floorPosition":44.156254},{"type":3,"time":2304,"positionX":0.0,"holdTime":128.0,"speed":1.6,"floorPosition":45.656254},{"type":1,"time":2560,"positionX":5.0,"holdTime":0.0,"speed":1.0,"floorPosition":51.656254},{"type":2,"time":2624,"positionX":5.0,"holdTime":0.0,"speed":1.0,"floorPosition":53.156254},{"type":2,"time":2688,"positionX":5.0,"holdTime":0.0,"speed":1.0,"floorPosition":54.656254},{"type":1,"time":2752,"positionX":-5.0,"holdTime":0.0,"speed":1.0,"floorPosition":56.156254},{"type":2,"time":2784,"positionX":-5.0,"holdTime":0.0,"speed":1.0,"floorPosition":56.906254},{"type":2,"time":2816,"positionX":-5.0,"holdTime":0.0,"speed":1.0,"floorPosition":57.656254},{"type":2,"time":2880,"positionX":0.0,"holdTime":0.0,"speed":1.0,"floorPosition":59.156254},{"type":2,"time":2912,"positionX":0.0,"holdTime":0.0,"speed":1.0,"floorPosition":59.906254},{"type":2,"time":2944,"positionX":0.0,"holdTime":0.0,"speed":1.0,"floorPosition":60.656254},{"type":1,"time":3072,"positionX":-4.0,"holdTime":0.0,"speed":1.0,"floorPosition":63.656254},{"type":1,"time":3136,"positionX":4.0,"holdTime":0.0,"speed":1.0,"floorPosition":65.15625},{"type":1,"time":3200,"positionX":-4.0,"holdTime":0.0,"speed":1.0,"floorPosition":66.65625},{"type":1,"time":3264,"positionX":4.0,"holdTime":0.0,"speed":1.0,"floorPosition":68.15625},{"type":3,"time":3328,"positionX":-4.0,"holdTime":32.0,"speed":1.6,"floorPosition":69.65625},{"type":3,"time":3392,"positionX":4.0,"holdTime":32.0,"speed":1.6,"floorPosition":71.15625},{"type":3,"time":3584,"positionX":-5.0,"holdTime":64.0,"speed":1.6,"floorPosition":75.65625},{"type":3,"time":3648,"positionX":3.0,"holdTime":64.0,"speed":1.6,"floorPosition":77.15625},{"type":3,"time":3712,"positionX":-3.0,"holdTime":64.0,"speed":1.6,"floorPosition":78.65625},{"type":3,"time":3776,"positionX":5.0,"holdTime":64.0,"speed":1.6,"floorPosition":80.15625},{"type":1,"time":3840,"positionX":-1.0,"holdTime":0.0,"speed":1.0,"floorPosition":81.65625},{"type":3,"time":3904,"positionX":0.0,"holdTime":64.0,"speed":1.6,"floorPosition":83.15625},{"type":2,"time":4096,"positionX":-5.0,"holdTime":0.0,"speed":1.0,"floorPosition":87.65625},{"type":1,"time":4224,"positionX":-5.0,"holdTime":0.0,"speed":1.0,"floorPosition":90.65625},{"type":1,"time":4352,"positionX":5.0,"holdTime":0.0,"speed":1.0,"floorPosition":93.65625},{"type":3,"time":4608,"positionX":-5.0,"holdTime":128.0,"speed":1.6,"floorPosition":99.65625},{"type":3,"time":4736,"positionX":5.0,"holdTime":128.0,"speed":1.6,"floorPosition":102.65625},{"type":3,"time":4864,"positionX":-3.0,"holdTime":128.0,"speed":1.6,"floorPosition":105.65625},{"type":3,"time":5120,"positionX":2.0,"holdTime":128.0,"speed":1.6,"floorPosition":111.65625},{"type":3,"time":5248,"positionX":-5.0,"holdTime":128.0,"speed":1.6,"floorPosition":114.65625},{"type":2,"time":5632,"positionX":-5.0,"holdTime":0.0,"speed":1.0,"floorPosition":123.65625},{"type":1,"time":5696,"positionX":-5.0,"holdTime":0.0,"speed":1.0,"floorPosition":125.15625},{"type":1,"time":5760,"positionX":5.0,"holdTime":0.0,"speed":1.0,"floorPosition":126.65625},{"type":1,"time":5824,"positionX":5.0,"holdTime":0.0,"speed":1.0,"floorPosition":128.15625},{"type":1,"time":5888,"positionX":-3.0,"holdTime":0.0,"speed":1.0,"floorPosition":129.65625},{"type":1,"time":5952,"positionX":-3.0,"holdTime":0.0,"speed":1.0,"floorPosition":131.15625},{"type":1,"time":6016,"positionX":3.0,"holdTime":0.0,"speed":1.0,"floorPosition":132.65625},{"type":1,"time":6144,"positionX":0.0,"holdTime":0.0,"speed":1.0,"floorPosition":135.65625},{"type":1,"time":6208,"positionX":0.0,"holdTime":0.0,"speed":1.0,"floorPosition":137.15625},{"type":1,"time":6272,"positionX":0.0,"holdTime":0.0,"speed":1.0,"floorPosition":138.65625},{"type":1,"time":6336,"positionX":0.0,"holdTime":0.0,"speed":1.0,"floorPosition":140.15625},{"type":1,"time":6400,"positionX":-3.0,"holdTime":0.0,"speed":1.0,"floorPosition":141.65625},{"type":1,"time":6400,"positionX":3.0,"holdTime":0.0,"speed":1.0,"floorPosition":141.65625},{"type":1,"time":6464,"positionX":-3.0,"holdTime":0.0,"speed":1.0,"floorPosition":143.15625},{"type":1,"time":6464,"positionX":3.0,"holdTime":0.0,"speed":1.0,"floorPosition":143.15625},{"type":3,"time":6528,"positionX":0.0,"holdTime":512.0,"speed":1.6,"floorPosition":144.65625}],"notesBelow":[],"speedEvents":[{"startTime":0.0,"endTime":1424.0,"value":1.2},{"startTime":1424.0,"endTime":1000000000.0,"value":1.6}],"judgeLineMoveEvents":[{"startTime":-999999.0,"endTime":1408.0,"start":0.5,"end":0.5,"start2":0.5,"end2":0.5},{"startTime":1408.0,"endTime":1412.0,"start":0.5,"end":0.5,"start2":0.5,"end2":0.47275427},{"startTime":1412.0,"endTime":1416.0,"start":0.5,"end":0.5,"start2":0.47275427,"end2":0.44720817},{"startTime":1416.0,"endTime":1420.0,"start":0.5,"end":0.5,"start2":0.44720817,"end2":0.42330706},{"startTime":1420.0,"endTime":1424.0,"start":0.5,"end":0.5,"start2":0.42330706,"end2":0.40099624},{"startTime":1424.0,"endTime":1428.0,"start":0.5,"end":0.5,"start2":0.40099624,"end2":0.38022107},{"startTime":1428.0,"endTime":1432.0,"start":0.5,"end":0.5,"start2":0.38022107,"end2":0.36092684},{"startTime":1432.0,"endTime":1436.0,"start":0.5,"end":0.5,"start2":0.36092684,"end2":0.34305882},{"startTime":1436.0,"endTime":1440.0,"start":0.5,"end":0.5,"start2":0.34305882,"end2":0.3265625},{"startTime":1440.0,"endTime":1444.0,"start":0.5,"end":0.5,"start2":0.3265625,"end2":0.31139928},{"startTime":1444.0,"endTime":1448.0,"start":0.5,"end":0.5,"start2":0.31139928,"end2":0.2974969},{"startTime":1448.0,"endTime":1452.0,"start":0.5,"end":0.5,"start2":0.2974969,"end2":0.2848008},{"startTime":1452.0,"endTime":1456.0,"start":0.5,"end":0.5,"start2":0.2848008,"end2":0.27325624},{"startTime":1456.0,"endTime":1460.0,"start":0.5,"end":0.5,"start2":0.27325624,"end2":0.26280856},{"startTime":1460.0,"endTime":1464.0,"start":0.5,"end":0.5,"start2":0.26280856,"end2":0.2534031},{"startTime":1464.0,"endTime":1468.0,"start":0.5,"end":0.5,"start2":0.2534031,"end2":0.2449851},{"startTime":1468.0,"endTime":1472.0,"start":0.5,"end":0.5,"start2":0.2449851,"end2":0.2375},{"startTime":1472.0,"endTime":1476.0,"start":0.5,"end":0.5,"start2":0.2375,"end2":0.23090364},{"startTime":1476.0,"endTime":1480.0,"start":0.5,"end":0.5,"start2":0.23090364,"end2":0.22512943},{"startTime":1480.0,"endTime":1484.0,"start":0.5,"end":0.5,"start2":0.22512943,"end2":0.22012268},{"startTime":1484.0,"endTime":1488.0,"start":0.5,"end":0.5,"start2":0.22012268,"end2":0.21582876},{"startTime":1488.0,"endTime":1492.0,"start":0.5,"end":0.5,"start2":0.21582876,"end2":0.21219295},{"startTime":1492.0,"endTime":1496.0,"start":0.5,"end":0.5,"start2":0.21219295,"end2":0.20916057},{"startTime":1496.0,"endTime":1500.0,"start":0.5,"end":0.5,"start2":0.20916057,"end2":0.20667699},{"startTime":1500.0,"endTime":1504.0,"start":0.5,"end":0.5,"start2":0.20667699,"end2":0.2046875},{"startTime":1504.0,"endTime":1508.0,"start":0.5,"end":0.5,"start2":0.2046875,"end2":0.20314239},{"startTime":1508.0,"endTime":1512.0,"start":0.5,"end":0.5,"start2":0.20314239,"end2":0.2019807},{"startTime":1512.0,"endTime":1516.0,"start":0.5,"end":0.5,"start2":0.2019807,"end2":0.20114769},{"startTime":1516.0,"endTime":1520.0,"start":0.5,"end":0.5,"start2":0.20114769,"end2":0.20058876},{"startTime":1520.0,"endTime":1524.0,"start":0.5,"end":0.5,"start2":0.20058876,"end2":0.2002492},{"startTime":1524.0,"endTime":1528.0,"start":0.5,"end":0.5,"start2":0.2002492,"end2":0.20007433},{"startTime":1528.0,"endTime":1532.0,"start":0.5,"end":0.5,"start2":0.20007433,"end2":0.2000095},{"startTime":1532.0,"endTime":1536.0,"start":0.5,"end":0.5,"start2":0.2000095,"end2":0.2},{"startTime":1536.0,"endTime":2304.0,"start":0.5,"end":0.5,"start2":0.2,"end2":0.2},{"startTime":2304.0,"endTime":2308.0,"start":0.5,"end":0.5,"start2":0.2,"end2":0.22724573},{"startTime":2308.0,"endTime":2312.0,"start":0.5,"end":0.5,"start2":0.22724573,"end2":0.25279182},{"startTime":2312.0,"endTime":2316.0,"start":0.5,"end":0.5,"start2":0.25279182,"end2":0.27669293},{"startTime":2316.0,"endTime":2320.0,"start":0.5,"end":0.5,"start2":0.27669293,"end2":0.29900375},{"startTime":2320.0,"endTime":2324.0,"start":0.5,"end":0.5,"start2":0.29900375,"end2":0.31977895},{"startTime":2324.0,"endTime":2328.0,"start":0.5,"end":0.5,"start2":0.31977895,"end2":0.33907315},{"startTime":2328.0,"endTime":2332.0,"start":0.5,"end":0.5,"start2":0.33907315,"end2":0.35694116},{"startTime":2332.0,"endTime":2336.0,"start":0.5,"end":0.5,"start2":0.35694116,"end2":0.3734375},{"startTime":2336.0,"endTime":2340.0,"start":0.5,"end":0.5,"start2":0.3734375,"end2":0.38860074},{"startTime":2340.0,"endTime":2344.0,"start":0.5,"end":0.5,"start2":0.38860074,"end2":0.40250307},{"startTime":2344.0,"endTime":2348.0,"start":0.5,"end":0.5,"start2":0.40250307,"end2":0.4151992},{"startTime":2348.0,"endTime":2352.0,"start":0.5,"end":0.5,"start2":0.4151992,"end2":0.42674375},{"startTime":2352.0,"endTime":2356.0,"start":0.5,"end":0.5,"start2":0.42674375,"end2":0.43719143},{"startTime":2356.0,"endTime":2360.0,"start":0.5,"end":0.5,"start2":0.43719143,"end2":0.44659692},{"startTime":2360.0,"endTime":2364.0,"start":0.5,"end":0.5,"start2":0.44659692,"end2":0.4550149},{"startTime":2364.0,"endTime":2368.0,"start":0.5,"end":0.5,"start2":0.4550149,"end2":0.4625},{"startTime":2368.0,"endTime":2372.0,"start":0.5,"end":0.5,"start2":0.4625,"end2":0.46909636},{"startTime":2372.0,"endTime":2376.0,"start":0.5,"end":0.5,"start2":0.46909636,"end2":0.4748706},{"startTime":2376.0,"endTime":2380.0,"start":0.5,"end":0.5,"start2":0.4748706,"end2":0.47987732},{"startTime":2380.0,"endTime":2384.0,"start":0.5,"end":0.5,"start2":0.47987732,"end2":0.48417124},{"startTime":2384.0,"endTime":2388.0,"start":0.5,"end":0.5,"start2":0.48417124,"end2":0.48780707},{"startTime":2388.0,"endTime":2392.0,"start":0.5,"end":0.5,"start2":0.48780707,"end2":0.49083942},{"startTime":2392.0,"endTime":2396.0,"start":0.5,"end":0.5,"start2":0.49083942,"end2":0.49332303},{"startTime":2396.0,"endTime":2400.0,"start":0.5,"end":0.5,"start2":0.49332303,"end2":0.4953125},{"startTime":2400.0,"endTime":2404.0,"start":0.5,"end":0.5,"start2":0.4953125,"end2":0.4968576},{"startTime":2404.0,"endTime":2408.0,"start":0.5,"end":0.5,"start2":0.4968576,"end2":0.4980193},{"startTime":2408.0,"endTime":2412.0,"start":0.5,"end":0.5,"start2":0.4980193,"end2":0.4988523},{"startTime":2412.0,"endTime":2416.0,"start":0.5,"end":0.5,"start2":0.4988523,"end2":0.49941123},{"startTime":2416.0,"endTime":2420.0,"start":0.5,"end":0.5,"start2":0.49941123,"end2":0.4997508},{"startTime":2420.0,"endTime":2424.0,"start":0.5,"end":0.5,"start2":0.4997508,"end2":0.49992567},{"startTime":2424.0,"endTime":2428.0,"start":0.5,"end":0.5,"start2":0.49992567,"end2":0.4999905},{"startTime":2428.0,"endTime":2432.0,"start":0.5,"end":0.5,"start2":0.4999905,"end2":0.5},{"startTime":2432.0,"endTime":2436.0,"start":0.5,"end":0.5,"start2":0.5,"end2":0.47275427},{"startTime":2436.0,"endTime":2440.0,"start":0.5,"end":0.5,"start2":0.47275427,"end2":0.44720817},{"startTime":2440.0,"endTime":2444.0,"start":0.5,"end":0.5,"start2":0.44720817,"end2":0.42330706},{"startTime":2444.0,"endTime":2448.0,"start":0.5,"end":0.5,"start2":0.42330706,"end2":0.40099624},{"startTime":2448.0,"endTime":2452.0,"start":0.5,"end":0.5,"start2":0.40099624,"end2":0.38022104},{"startTime":2452.0,"endTime":2456.0,"start":0.5,"end":0.5,"start2":0.38022104,"end2":0.36092684},{"startTime":2456.0,"endTime":2460.0,"start":0.5,"end":0.5,"start2":0.36092684,"end2":0.34305882},{"startTime":2460.0,"endTime":2464.0,"start":0.5,"end":0.5,"start2":0.34305882,"end2":0.3265625},{"startTime":2464.0,"endTime":2468.0,"start":0.5,"end":0.5,"start2":0.3265625,"end2":0.31139928},{"startTime":2468.0,"endTime":2472.0,"start":0.5,"end":0.5,"start2":0.31139928,"end2":0.2974969},{"startTime":2472.0,"endTime":2476.0,"start":0.5,"end":0.5,"start2":0.2974969,"end2":0.2848008},{"startTime":2476.0,"endTime":2480.0,"start":0.5,"end":0.5,"start2":0.2848008,"end2":0.27325624},{"startTime":2480.0,"endTime":2484.0,"start":0.5,"end":0.5,"start2":0.27325624,"end2":0.26280856},{"startTime":2484.0,"endTime":2488.0,"start":0.5,"end":0.5,"start2":0.26280856,"end2":0.25340307},{"startTime":2488.0,"endTime":2492.0,"start":0.5,"end":0.5,"start2":0.25340307,"end2":0.24498509},{"startTime":2492.0,"endTime":2496.0,"start":0.5,"end":0.5,"start2":0.24498509,"end2":0.23749998},{"startTime":2496.0,"endTime":2500.0,"start":0.5,"end":0.5,"start2":0.23749998,"end2":0.23090363},{"startTime":2500.0,"endTime":2504.0,"start":0.5,"end":0.5,"start2":0.23090363,"end2":0.22512941},{"startTime":2504.0,"endTime":2508.0,"start":0.5,"end":0.5,"start2":0.22512941,"end2":0.22012267},{"startTime":2508.0,"endTime":2512.0,"start":0.5,"end":0.5,"start2":0.22012267,"end2":0.21582875},{"startTime":2512.0,"endTime":2516.0,"start":0.5,"end":0.5,"start2":0.21582875,"end2":0.21219294},{"startTime":2516.0,"endTime":2520.0,"start":0.5,"end":0.5,"start2":0.21219294,"end2":0.20916055},{"startTime":2520.0,"endTime":2524.0,"start":0.5,"end":0.5,"start2":0.20916055,"end2":0.20667697},{"startTime":2524.0,"endTime":2528.0,"start":0.5,"end":0.5,"start2":0.20667697,"end2":0.20468749},{"startTime":2528.0,"endTime":2532.0,"start":0.5,"end":0.5,"start2":0.20468749,"end2":0.20314237},{"startTime":2532.0,"endTime":2536.0,"start":0.5,"end":0.5,"start2":0.20314237,"end2":0.20198068},{"startTime":2536.0,"endTime":2540.0,"start":0.5,"end":0.5,"start2":0.20198068,"end2":0.20114768},{"startTime":2540.0,"endTime":2544.0,"start":0.5,"end":0.5,"start2":0.20114768,"end2":0.20058875},{"startTime":2544.0,"endTime":2548.0,"start":0.5,"end":0.5,"start2":0.20058875,"end2":0.20024918},{"startTime":2548.0,"endTime":2552.0,"start":0.5,"end":0.5,"start2":0.20024918,"end2":0.20007432},{"startTime":2552.0,"endTime":2556.0,"start":0.5,"end":0.5,"start2":0.20007432,"end2":0.20000948},{"startTime":2556.0,"endTime":2560.0,"start":0.5,"end":0.5,"start2":0.20000948,"end2":0.19999999},{"startTime":2560.0,"endTime":2848.0,"start":0.5,"end":0.5,"start2":0.19999999,"end2":0.19999999},{"startTime":2848.0,"endTime":2864.0,"start":0.5,"end":0.5,"start2":0.19999999,"end2":0.2},{"startTime":2864.0,"endTime":3968.0,"start":0.5,"end":0.5,"start2":0.2,"end2":0.2},{"startTime":3968.0,"endTime":3969.0,"start":0.5,"end":0.5,"start2":0.2,"end2":0.21362287},{"startTime":3969.0,"endTime":3970.0,"start":0.5,"end":0.5,"start2":0.21362287,"end2":0.22639592},{"startTime":3970.0,"endTime":3971.0,"start":0.5,"end":0.5,"start2":0.22639592,"end2":0.23834647},{"startTime":3971.0,"endTime":3972.0,"start":0.5,"end":0.5,"start2":0.23834647,"end2":0.24950187},{"startTime":3972.0,"endTime":3973.0,"start":0.5,"end":0.5,"start2":0.24950187,"end2":0.25988948},{"startTime":3973.0,"endTime":3974.0,"start":0.5,"end":0.5,"start2":0.25988948,"end2":0.26953658},{"startTime":3974.0,"endTime":3975.0,"start":0.5,"end":0.5,"start2":0.26953658,"end2":0.27847058},{"startTime":3975.0,"endTime":3976.0,"start":0.5,"end":0.5,"start2":0.27847058,"end2":0.28671876},{"startTime":3976.0,"endTime":3977.0,"start":0.5,"end":0.5,"start2":0.28671876,"end2":0.29430035},{"startTime":3977.0,"endTime":3978.0,"start":0.5,"end":0.5,"start2":0.29430035,"end2":0.30125153},{"startTime":3978.0,"endTime":3979.0,"start":0.5,"end":0.5,"start2":0.30125153,"end2":0.3075996},{"startTime":3979.0,"endTime":3980.0,"start":0.5,"end":0.5,"start2":0.3075996,"end2":0.31337187},{"startTime":3980.0,"endTime":3981.0,"start":0.5,"end":0.5,"start2":0.31337187,"end2":0.3185957},{"startTime":3981.0,"endTime":3982.0,"start":0.5,"end":0.5,"start2":0.3185957,"end2":0.32329845},{"startTime":3982.0,"endTime":3983.0,"start":0.5,"end":0.5,"start2":0.32329845,"end2":0.32750744},{"startTime":3983.0,"endTime":3984.0,"start":0.5,"end":0.5,"start2":0.32750744,"end2":0.33124998},{"startTime":3984.0,"endTime":3985.0,"start":0.5,"end":0.5,"start2":0.33124998,"end2":0.33454818},{"startTime":3985.0,"endTime":3986.0,"start":0.5,"end":0.5,"start2":0.33454818,"end2":0.33743528},{"startTime":3986.0,"endTime":3987.0,"start":0.5,"end":0.5,"start2":0.33743528,"end2":0.33993864},{"startTime":3987.0,"endTime":3988.0,"start":0.5,"end":0.5,"start2":0.33993864,"end2":0.34208563},{"startTime":3988.0,"endTime":3989.0,"start":0.5,"end":0.5,"start2":0.34208563,"end2":0.3439035},{"startTime":3989.0,"endTime":3990.0,"start":0.5,"end":0.5,"start2":0.3439035,"end2":0.3454197},{"startTime":3990.0,"endTime":3991.0,"start":0.5,"end":0.5,"start2":0.3454197,"end2":0.3466615},{"startTime":3991.0,"endTime":3992.0,"start":0.5,"end":0.5,"start2":0.3466615,"end2":0.34765625},{"startTime":3992.0,"endTime":3993.0,"start":0.5,"end":0.5,"start2":0.34765625,"end2":0.34842882},{"startTime":3993.0,"endTime":3994.0,"start":0.5,"end":0.5,"start2":0.34842882,"end2":0.34900966},{"startTime":3994.0,"endTime":3995.0,"start":0.5,"end":0.5,"start2":0.34900966,"end2":0.34942615},{"startTime":3995.0,"endTime":3996.0,"start":0.5,"end":0.5,"start2":0.34942615,"end2":0.3497056},{"startTime":3996.0,"endTime":3997.0,"start":0.5,"end":0.5,"start2":0.3497056,"end2":0.3498754},{"startTime":3997.0,"endTime":3998.0,"start":0.5,"end":0.5,"start2":0.3498754,"end2":0.34996283},{"startTime":3998.0,"endTime":3999.0,"start":0.5,"end":0.5,"start2":0.34996283,"end2":0.34999526},{"startTime":3999.0,"endTime":4000.0,"start":0.5,"end":0.5,"start2":0.34999526,"end2":0.35},{"startTime":4000.0,"endTime":4001.0,"start":0.5,"end":0.5,"start2":0.35,"end2":0.36362284},{"startTime":4001.0,"endTime":4002.0,"start":0.5,"end":0.5,"start2":0.36362284,"end2":0.3763959},{"startTime":4002.0,"endTime":4003.0,"start":0.5,"end":0.5,"start2":0.3763959,"end2":0.38834646},{"startTime":4003.0,"endTime":4004.0,"start":0.5,"end":0.5,"start2":0.38834646,"end2":0.39950186},{"startTime":4004.0,"endTime":4005.0,"start":0.5,"end":0.5,"start2":0.39950186,"end2":0.40988946},{"startTime":4005.0,"endTime":4006.0,"start":0.5,"end":0.5,"start2":0.40988946,"end2":0.4195366},{"startTime":4006.0,"endTime":4007.0,"start":0.5,"end":0.5,"start2":0.4195366,"end2":0.42847058},{"startTime":4007.0,"endTime":4008.0,"start":0.5,"end":0.5,"start2":0.42847058,"end2":0.43671876},{"startTime":4008.0,"endTime":4009.0,"start":0.5,"end":0.5,"start2":0.43671876,"end2":0.44430035},{"startTime":4009.0,"endTime":4010.0,"start":0.5,"end":0.5,"start2":0.44430035,"end2":0.45125154},{"startTime":4010.0,"endTime":4011.0,"start":0.5,"end":0.5,"start2":0.45125154,"end2":0.45759958},{"startTime":4011.0,"endTime":4012.0,"start":0.5,"end":0.5,"start2":0.45759958,"end2":0.46337187},{"startTime":4012.0,"endTime":4013.0,"start":0.5,"end":0.5,"start2":0.46337187,"end2":0.4685957},{"startTime":4013.0,"endTime":4014.0,"start":0.5,"end":0.5,"start2":0.4685957,"end2":0.47329846},{"startTime":4014.0,"endTime":4015.0,"start":0.5,"end":0.5,"start2":0.47329846,"end2":0.47750744},{"startTime":4015.0,"endTime":4016.0,"start":0.5,"end":0.5,"start2":0.47750744,"end2":0.48125},{"startTime":4016.0,"endTime":4017.0,"start":0.5,"end":0.5,"start2":0.48125,"end2":0.48454818},{"startTime":4017.0,"endTime":4018.0,"start":0.5,"end":0.5,"start2":0.48454818,"end2":0.48743528},{"startTime":4018.0,"endTime":4019.0,"start":0.5,"end":0.5,"start2":0.48743528,"end2":0.48993865},{"startTime":4019.0,"endTime":4020.0,"start":0.5,"end":0.5,"start2":0.48993865,"end2":0.49208564},{"startTime":4020.0,"endTime":4021.0,"start":0.5,"end":0.5,"start2":0.49208564,"end2":0.49390352},{"startTime":4021.0,"endTime":4022.0,"start":0.5,"end":0.5,"start2":0.49390352,"end2":0.4954197},{"startTime":4022.0,"endTime":4023.0,"start":0.5,"end":0.5,"start2":0.4954197,"end2":0.4966615},{"startTime":4023.0,"endTime":4024.0,"start":0.5,"end":0.5,"start2":0.4966615,"end2":0.49765626},{"startTime":4024.0,"endTime":4025.0,"start":0.5,"end":0.5,"start2":0.49765626,"end2":0.4984288},{"startTime":4025.0,"endTime":4026.0,"start":0.5,"end":0.5,"start2":0.4984288,"end2":0.49900967},{"startTime":4026.0,"endTime":4027.0,"start":0.5,"end":0.5,"start2":0.49900967,"end2":0.49942616},{"startTime":4027.0,"endTime":4028.0,"start":0.5,"end":0.5,"start2":0.49942616,"end2":0.4997056},{"startTime":4028.0,"endTime":4029.0,"start":0.5,"end":0.5,"start2":0.4997056,"end2":0.4998754},{"startTime":4029.0,"endTime":4030.0,"start":0.5,"end":0.5,"start2":0.4998754,"end2":0.49996284},{"startTime":4030.0,"endTime":4031.0,"start":0.5,"end":0.5,"start2":0.49996284,"end2":0.49999526},{"startTime":4031.0,"endTime":4032.0,"start":0.5,"end":0.5,"start2":0.49999526,"end2":0.5},{"startTime":4032.0,"endTime":4033.0,"start":0.5,"end":0.5,"start2":0.5,"end2":0.4861779},{"startTime":4033.0,"endTime":4034.0,"start":0.5,"end":0.5,"start2":0.4861779,"end2":0.47275427},{"startTime":4034.0,"endTime":4035.0,"start":0.5,"end":0.5,"start2":0.47275427,"end2":0.45977756},{"startTime":4035.0,"endTime":4036.0,"start":0.5,"end":0.5,"start2":0.45977756,"end2":0.44720817},{"startTime":4036.0,"endTime":4037.0,"start":0.5,"end":0.5,"start2":0.44720817,"end2":0.43505028},{"startTime":4037.0,"endTime":4038.0,"start":0.5,"end":0.5,"start2":0.43505028,"end2":0.42330706},{"startTime":4038.0,"endTime":4039.0,"start":0.5,"end":0.5,"start2":0.42330706,"end2":0.41194126},{"startTime":4039.0,"endTime":4040.0,"start":0.5,"end":0.5,"start2":0.41194126,"end2":0.40099624},{"startTime":4040.0,"endTime":4041.0,"start":0.5,"end":0.5,"start2":0.40099624,"end2":0.3904056},{"startTime":4041.0,"endTime":4042.0,"start":0.5,"end":0.5,"start2":0.3904056,"end2":0.38022104},{"startTime":4042.0,"endTime":4043.0,"start":0.5,"end":0.5,"start2":0.38022104,"end2":0.37038752},{"startTime":4043.0,"endTime":4044.0,"start":0.5,"end":0.5,"start2":0.37038752,"end2":0.36092684},{"startTime":4044.0,"endTime":4045.0,"start":0.5,"end":0.5,"start2":0.36092684,"end2":0.3518224},{"startTime":4045.0,"endTime":4046.0,"start":0.5,"end":0.5,"start2":0.3518224,"end2":0.34305882},{"startTime":4046.0,"endTime":4047.0,"start":0.5,"end":0.5,"start2":0.34305882,"end2":0.33465552},{"startTime":4047.0,"endTime":4048.0,"start":0.5,"end":0.5,"start2":0.33465552,"end2":0.3265625},{"startTime":4048.0,"endTime":4049.0,"start":0.5,"end":0.5,"start2":0.3265625,"end2":0.31883225},{"startTime":4049.0,"endTime":4050.0,"start":0.5,"end":0.5,"start2":0.31883225,"end2":0.31139928},{"startTime":4050.0,"endTime":4051.0,"start":0.5,"end":0.5,"start2":0.31139928,"end2":0.3042979},{"startTime":4051.0,"endTime":4052.0,"start":0.5,"end":0.5,"start2":0.3042979,"end2":0.2974969},{"startTime":4052.0,"endTime":4053.0,"start":0.5,"end":0.5,"start2":0.2974969,"end2":0.29099777},{"startTime":4053.0,"endTime":4054.0,"start":0.5,"end":0.5,"start2":0.29099777,"end2":0.2848008},{"startTime":4054.0,"endTime":4055.0,"start":0.5,"end":0.5,"start2":0.2848008,"end2":0.2788772},{"startTime":4055.0,"endTime":4056.0,"start":0.5,"end":0.5,"start2":0.2788772,"end2":0.27325624},{"startTime":4056.0,"endTime":4057.0,"start":0.5,"end":0.5,"start2":0.27325624,"end2":0.26788843},{"startTime":4057.0,"endTime":4058.0,"start":0.5,"end":0.5,"start2":0.26788843,"end2":0.26280856},{"startTime":4058.0,"endTime":4059.0,"start":0.5,"end":0.5,"start2":0.26280856,"end2":0.25797564},{"startTime":4059.0,"endTime":4060.0,"start":0.5,"end":0.5,"start2":0.25797564,"end2":0.25340307},{"startTime":4060.0,"endTime":4061.0,"start":0.5,"end":0.5,"start2":0.25340307,"end2":0.2490771},{"startTime":4061.0,"endTime":4062.0,"start":0.5,"end":0.5,"start2":0.2490771,"end2":0.24498509},{"startTime":4062.0,"endTime":4063.0,"start":0.5,"end":0.5,"start2":0.24498509,"end2":0.24113803},{"startTime":4063.0,"endTime":4064.0,"start":0.5,"end":0.5,"start2":0.24113803,"end2":0.23749998},{"startTime":4064.0,"endTime":4065.0,"start":0.5,"end":0.5,"start2":0.23749998,"end2":0.23410383},{"startTime":4065.0,"endTime":4066.0,"start":0.5,"end":0.5,"start2":0.23410383,"end2":0.23090363},{"startTime":4066.0,"endTime":4067.0,"start":0.5,"end":0.5,"start2":0.23090363,"end2":0.22791976},{"startTime":4067.0,"endTime":4068.0,"start":0.5,"end":0.5,"start2":0.22791976,"end2":0.22512941},{"startTime":4068.0,"endTime":4069.0,"start":0.5,"end":0.5,"start2":0.22512941,"end2":0.2225312},{"startTime":4069.0,"endTime":4070.0,"start":0.5,"end":0.5,"start2":0.2225312,"end2":0.22012267},{"startTime":4070.0,"endTime":4071.0,"start":0.5,"end":0.5,"start2":0.22012267,"end2":0.21788345},{"startTime":4071.0,"endTime":4072.0,"start":0.5,"end":0.5,"start2":0.21788345,"end2":0.21582875},{"startTime":4072.0,"endTime":4073.0,"start":0.5,"end":0.5,"start2":0.21582875,"end2":0.2139259},{"startTime":4073.0,"endTime":4074.0,"start":0.5,"end":0.5,"start2":0.2139259,"end2":0.21219294},{"startTime":4074.0,"endTime":4075.0,"start":0.5,"end":0.5,"start2":0.21219294,"end2":0.21060283},{"startTime":4075.0,"endTime":4076.0,"start":0.5,"end":0.5,"start2":0.21060283,"end2":0.20916055},{"startTime":4076.0,"endTime":4077.0,"start":0.5,"end":0.5,"start2":0.20916055,"end2":0.20785521},{"startTime":4077.0,"endTime":4078.0,"start":0.5,"end":0.5,"start2":0.20785521,"end2":0.20667697},{"startTime":4078.0,"endTime":4079.0,"start":0.5,"end":0.5,"start2":0.20667697,"end2":0.20562834},{"startTime":4079.0,"endTime":4080.0,"start":0.5,"end":0.5,"start2":0.20562834,"end2":0.20468749},{"startTime":4080.0,"endTime":4081.0,"start":0.5,"end":0.5,"start2":0.20468749,"end2":0.20386755},{"startTime":4081.0,"endTime":4082.0,"start":0.5,"end":0.5,"start2":0.20386755,"end2":0.20314237},{"startTime":4082.0,"endTime":4083.0,"start":0.5,"end":0.5,"start2":0.20314237,"end2":0.20251821},{"startTime":4083.0,"endTime":4084.0,"start":0.5,"end":0.5,"start2":0.20251821,"end2":0.20198068},{"startTime":4084.0,"endTime":4085.0,"start":0.5,"end":0.5,"start2":0.20198068,"end2":0.20152557},{"startTime":4085.0,"endTime":4086.0,"start":0.5,"end":0.5,"start2":0.20152557,"end2":0.20114768},{"startTime":4086.0,"endTime":4087.0,"start":0.5,"end":0.5,"start2":0.20114768,"end2":0.20083503},{"startTime":4087.0,"endTime":4088.0,"start":0.5,"end":0.5,"start2":0.20083503,"end2":0.20058875},{"startTime":4088.0,"endTime":4089.0,"start":0.5,"end":0.5,"start2":0.20058875,"end2":0.20039308},{"startTime":4089.0,"endTime":4090.0,"start":0.5,"end":0.5,"start2":0.20039308,"end2":0.20024918},{"startTime":4090.0,"endTime":4091.0,"start":0.5,"end":0.5,"start2":0.20024918,"end2":0.20014408},{"startTime":4091.0,"endTime":4092.0,"start":0.5,"end":0.5,"start2":0.20014408,"end2":0.20007432},{"startTime":4092.0,"endTime":4093.0,"start":0.5,"end":0.5,"start2":0.20007432,"end2":0.20003176},{"startTime":4093.0,"endTime":4094.0,"start":0.5,"end":0.5,"start2":0.20003176,"end2":0.20000948},{"startTime":4094.0,"endTime":4095.0,"start":0.5,"end":0.5,"start2":0.20000948,"end2":0.20000148},{"startTime":4095.0,"endTime":4096.0,"start":0.5,"end":0.5,"start2":0.20000148,"end2":0.19999999},{"startTime":4096.0,"endTime":4192.0,"start":0.5,"end":0.5,"start2":0.19999999,"end2":0.19999999},{"startTime":4192.0,"endTime":4208.0,"start":0.5,"end":0.5,"start2":0.19999999,"end2":0.2},{"startTime":4208.0,"endTime":4608.0,"start":0.5,"end":0.5,"start2":0.2,"end2":0.2},{"startTime":4608.0,"endTime":4612.0,"start":0.5,"end":0.5,"start2":0.2,"end2":0.2090819},{"startTime":4612.0,"endTime":4616.0,"start":0.5,"end":0.5,"start2":0.2090819,"end2":0.21759728},{"startTime":4616.0,"endTime":4620.0,"start":0.5,"end":0.5,"start2":0.21759728,"end2":0.2255643},{"startTime":4620.0,"endTime":4624.0,"start":0.5,"end":0.5,"start2":0.2255643,"end2":0.23300125},{"startTime":4624.0,"endTime":4628.0,"start":0.5,"end":0.5,"start2":0.23300125,"end2":0.23992631},{"startTime":4628.0,"endTime":4632.0,"start":0.5,"end":0.5,"start2":0.23992631,"end2":0.24635771},{"startTime":4632.0,"endTime":4636.0,"start":0.5,"end":0.5,"start2":0.24635771,"end2":0.2523137},{"startTime":4636.0,"endTime":4640.0,"start":0.5,"end":0.5,"start2":0.2523137,"end2":0.2578125},{"startTime":4640.0,"endTime":4644.0,"start":0.5,"end":0.5,"start2":0.2578125,"end2":0.26286688},{"startTime":4644.0,"endTime":4648.0,"start":0.5,"end":0.5,"start2":0.26286688,"end2":0.26750103},{"startTime":4648.0,"endTime":4652.0,"start":0.5,"end":0.5,"start2":0.26750103,"end2":0.27173305},{"startTime":4652.0,"endTime":4656.0,"start":0.5,"end":0.5,"start2":0.27173305,"end2":0.27558124},{"startTime":4656.0,"endTime":4660.0,"start":0.5,"end":0.5,"start2":0.27558124,"end2":0.2790638},{"startTime":4660.0,"endTime":4664.0,"start":0.5,"end":0.5,"start2":0.2790638,"end2":0.28219897},{"startTime":4664.0,"endTime":4668.0,"start":0.5,"end":0.5,"start2":0.28219897,"end2":0.28500494},{"startTime":4668.0,"endTime":4672.0,"start":0.5,"end":0.5,"start2":0.28500494,"end2":0.2875},{"startTime":4672.0,"endTime":4676.0,"start":0.5,"end":0.5,"start2":0.2875,"end2":0.28969878},{"startTime":4676.0,"endTime":4680.0,"start":0.5,"end":0.5,"start2":0.28969878,"end2":0.2916235},{"startTime":4680.0,"endTime":4684.0,"start":0.5,"end":0.5,"start2":0.2916235,"end2":0.29329243},{"startTime":4684.0,"endTime":4688.0,"start":0.5,"end":0.5,"start2":0.29329243,"end2":0.29472372},{"startTime":4688.0,"endTime":4692.0,"start":0.5,"end":0.5,"start2":0.29472372,"end2":0.29593566},{"startTime":4692.0,"endTime":4696.0,"start":0.5,"end":0.5,"start2":0.29593566,"end2":0.29694647},{"startTime":4696.0,"endTime":4700.0,"start":0.5,"end":0.5,"start2":0.29694647,"end2":0.2977743},{"startTime":4700.0,"endTime":4704.0,"start":0.5,"end":0.5,"start2":0.2977743,"end2":0.29843748},{"startTime":4704.0,"endTime":4708.0,"start":0.5,"end":0.5,"start2":0.29843748,"end2":0.29895252},{"startTime":4708.0,"endTime":4712.0,"start":0.5,"end":0.5,"start2":0.29895252,"end2":0.29933974},{"startTime":4712.0,"endTime":4716.0,"start":0.5,"end":0.5,"start2":0.29933974,"end2":0.2996174},{"startTime":4716.0,"endTime":4720.0,"start":0.5,"end":0.5,"start2":0.2996174,"end2":0.29980373},{"startTime":4720.0,"endTime":4724.0,"start":0.5,"end":0.5,"start2":0.29980373,"end2":0.29991692},{"startTime":4724.0,"endTime":4728.0,"start":0.5,"end":0.5,"start2":0.29991692,"end2":0.29997522},{"startTime":4728.0,"endTime":4732.0,"start":0.5,"end":0.5,"start2":0.29997522,"end2":0.29999682},{"startTime":4732.0,"endTime":4736.0,"start":0.5,"end":0.5,"start2":0.29999682,"end2":0.29999998},{"startTime":4736.0,"endTime":4740.0,"start":0.5,"end":0.5,"start2":0.29999998,"end2":0.29091808},{"startTime":4740.0,"endTime":4744.0,"start":0.5,"end":0.5,"start2":0.29091808,"end2":0.2824027},{"startTime":4744.0,"endTime":4748.0,"start":0.5,"end":0.5,"start2":0.2824027,"end2":0.27443567},{"startTime":4748.0,"endTime":4752.0,"start":0.5,"end":0.5,"start2":0.27443567,"end2":0.26699874},{"startTime":4752.0,"endTime":4756.0,"start":0.5,"end":0.5,"start2":0.26699874,"end2":0.26007366},{"startTime":4756.0,"endTime":4760.0,"start":0.5,"end":0.5,"start2":0.26007366,"end2":0.25364226},{"startTime":4760.0,"endTime":4764.0,"start":0.5,"end":0.5,"start2":0.25364226,"end2":0.24768627},{"startTime":4764.0,"endTime":4768.0,"start":0.5,"end":0.5,"start2":0.24768627,"end2":0.24218749},{"startTime":4768.0,"endTime":4772.0,"start":0.5,"end":0.5,"start2":0.24218749,"end2":0.23713307},{"startTime":4772.0,"endTime":4776.0,"start":0.5,"end":0.5,"start2":0.23713307,"end2":0.23249896},{"startTime":4776.0,"endTime":4780.0,"start":0.5,"end":0.5,"start2":0.23249896,"end2":0.22826692},{"startTime":4780.0,"endTime":4784.0,"start":0.5,"end":0.5,"start2":0.22826692,"end2":0.22441873},{"startTime":4784.0,"endTime":4788.0,"start":0.5,"end":0.5,"start2":0.22441873,"end2":0.22093618},{"startTime":4788.0,"endTime":4792.0,"start":0.5,"end":0.5,"start2":0.22093618,"end2":0.21780102},{"startTime":4792.0,"endTime":4796.0,"start":0.5,"end":0.5,"start2":0.21780102,"end2":0.21499503},{"startTime":4796.0,"endTime":4800.0,"start":0.5,"end":0.5,"start2":0.21499503,"end2":0.21249999},{"startTime":4800.0,"endTime":4804.0,"start":0.5,"end":0.5,"start2":0.21249999,"end2":0.2103012},{"startTime":4804.0,"endTime":4808.0,"start":0.5,"end":0.5,"start2":0.2103012,"end2":0.20837647},{"startTime":4808.0,"endTime":4812.0,"start":0.5,"end":0.5,"start2":0.20837647,"end2":0.20670755},{"startTime":4812.0,"endTime":4816.0,"start":0.5,"end":0.5,"start2":0.20670755,"end2":0.20527624},{"startTime":4816.0,"endTime":4820.0,"start":0.5,"end":0.5,"start2":0.20527624,"end2":0.20406431},{"startTime":4820.0,"endTime":4824.0,"start":0.5,"end":0.5,"start2":0.20406431,"end2":0.2030535},{"startTime":4824.0,"endTime":4828.0,"start":0.5,"end":0.5,"start2":0.2030535,"end2":0.20222566},{"startTime":4828.0,"endTime":4832.0,"start":0.5,"end":0.5,"start2":0.20222566,"end2":0.2015625},{"startTime":4832.0,"endTime":4836.0,"start":0.5,"end":0.5,"start2":0.2015625,"end2":0.20104745},{"startTime":4836.0,"endTime":4840.0,"start":0.5,"end":0.5,"start2":0.20104745,"end2":0.20066021},{"startTime":4840.0,"endTime":4844.0,"start":0.5,"end":0.5,"start2":0.20066021,"end2":0.20038255},{"startTime":4844.0,"endTime":4848.0,"start":0.5,"end":0.5,"start2":0.20038255,"end2":0.20019624},{"startTime":4848.0,"endTime":4852.0,"start":0.5,"end":0.5,"start2":0.20019624,"end2":0.20008305},{"startTime":4852.0,"endTime":4856.0,"start":0.5,"end":0.5,"start2":0.20008305,"end2":0.20002477},{"startTime":4856.0,"endTime":4860.0,"start":0.5,"end":0.5,"start2":0.20002477,"end2":0.20000315},{"startTime":4860.0,"endTime":4864.0,"start":0.5,"end":0.5,"start2":0.20000315,"end2":0.19999999},{"startTime":4864.0,"endTime":4868.0,"start":0.5,"end":0.5,"start2":0.19999999,"end2":0.2090819},{"startTime":4868.0,"endTime":4872.0,"start":0.5,"end":0.5,"start2":0.2090819,"end2":0.21759726},{"startTime":4872.0,"endTime":4876.0,"start":0.5,"end":0.5,"start2":0.21759726,"end2":0.2255643},{"startTime":4876.0,"endTime":4880.0,"start":0.5,"end":0.5,"start2":0.2255643,"end2":0.23300123},{"startTime":4880.0,"endTime":4884.0,"start":0.5,"end":0.5,"start2":0.23300123,"end2":0.2399263},{"startTime":4884.0,"endTime":4888.0,"start":0.5,"end":0.5,"start2":0.2399263,"end2":0.24635771},{"startTime":4888.0,"endTime":4892.0,"start":0.5,"end":0.5,"start2":0.24635771,"end2":0.2523137},{"startTime":4892.0,"endTime":4896.0,"start":0.5,"end":0.5,"start2":0.2523137,"end2":0.25781247},{"startTime":4896.0,"endTime":4900.0,"start":0.5,"end":0.5,"start2":0.25781247,"end2":0.26286688},{"startTime":4900.0,"endTime":4904.0,"start":0.5,"end":0.5,"start2":0.26286688,"end2":0.267501},{"startTime":4904.0,"endTime":4908.0,"start":0.5,"end":0.5,"start2":0.267501,"end2":0.27173305},{"startTime":4908.0,"endTime":4912.0,"start":0.5,"end":0.5,"start2":0.27173305,"end2":0.27558124},{"startTime":4912.0,"endTime":4916.0,"start":0.5,"end":0.5,"start2":0.27558124,"end2":0.2790638},{"startTime":4916.0,"endTime":4920.0,"start":0.5,"end":0.5,"start2":0.2790638,"end2":0.28219897},{"startTime":4920.0,"endTime":4924.0,"start":0.5,"end":0.5,"start2":0.28219897,"end2":0.28500494},{"startTime":4924.0,"endTime":4928.0,"start":0.5,"end":0.5,"start2":0.28500494,"end2":0.2875},{"startTime":4928.0,"endTime":4932.0,"start":0.5,"end":0.5,"start2":0.2875,"end2":0.28969878},{"startTime":4932.0,"endTime":4936.0,"start":0.5,"end":0.5,"start2":0.28969878,"end2":0.2916235},{"startTime":4936.0,"endTime":4940.0,"start":0.5,"end":0.5,"start2":0.2916235,"end2":0.29329243},{"startTime":4940.0,"endTime":4944.0,"start":0.5,"end":0.5,"start2":0.29329243,"end2":0.29472372},{"startTime":4944.0,"endTime":4948.0,"start":0.5,"end":0.5,"start2":0.29472372,"end2":0.29593566},{"startTime":4948.0,"endTime":4952.0,"start":0.5,"end":0.5,"start2":0.29593566,"end2":0.29694647},{"startTime":4952.0,"endTime":4956.0,"start":0.5,"end":0.5,"start2":0.29694647,"end2":0.2977743},{"startTime":4956.0,"endTime":4960.0,"start":0.5,"end":0.5,"start2":0.2977743,"end2":0.29843748},{"startTime":4960.0,"endTime":4964.0,"start":0.5,"end":0.5,"start2":0.29843748,"end2":0.29895252},{"startTime":4964.0,"endTime":4968.0,"start":0.5,"end":0.5,"start2":0.29895252,"end2":0.29933974},{"startTime":4968.0,"endTime":4972.0,"start":0.5,"end":0.5,"start2":0.29933974,"end2":0.2996174},{"startTime":4972.0,"endTime":4976.0,"start":0.5,"end":0.5,"start2":0.2996174,"end2":0.29980373},{"startTime":4976.0,"endTime":4980.0,"start":0.5,"end":0.5,"start2":0.29980373,"end2":0.29991692},{"startTime":4980.0,"endTime":4984.0,"start":0.5,"end":0.5,"start2":0.29991692,"end2":0.29997522},{"startTime":4984.0,"endTime":4988.0,"start":0.5,"end":0.5,"start2":0.29997522,"end2":0.29999682},{"startTime":4988.0,"endTime":4992.0,"start":0.5,"end":0.5,"start2":0.29999682,"end2":0.29999998},{"startTime":4992.0,"endTime":5120.0,"start":0.5,"end":0.5,"start2":0.29999998,"end2":0.29999998},{"startTime":5120.0,"endTime":5124.0,"start":0.5,"end":0.5,"start2":0.29999998,"end2":0.29091808},{"startTime":5124.0,"endTime":5128.0,"start":0.5,"end":0.5,"start2":0.29091808,"end2":0.2824027},{"startTime":5128.0,"endTime":5132.0,"start":0.5,"end":0.5,"start2":0.2824027,"end2":0.27443567},{"startTime":5132.0,"endTime":5136.0,"start":0.5,"end":0.5,"start2":0.27443567,"end2":0.26699874},{"startTime":5136.0,"endTime":5140.0,"start":0.5,"end":0.5,"start2":0.26699874,"end2":0.26007366},{"startTime":5140.0,"endTime":5144.0,"start":0.5,"end":0.5,"start2":0.26007366,"end2":0.25364226},{"startTime":5144.0,"endTime":5148.0,"start":0.5,"end":0.5,"start2":0.25364226,"end2":0.24768627},{"startTime":5148.0,"endTime":5152.0,"start":0.5,"end":0.5,"start2":0.24768627,"end2":0.24218749},{"startTime":5152.0,"endTime":5156.0,"start":0.5,"end":0.5,"start2":0.24218749,"end2":0.23713307},{"startTime":5156.0,"endTime":5160.0,"start":0.5,"end":0.5,"start2":0.23713307,"end2":0.23249896},{"startTime":5160.0,"endTime":5164.0,"start":0.5,"end":0.5,"start2":0.23249896,"end2":0.22826692},{"startTime":5164.0,"endTime":5168.0,"start":0.5,"end":0.5,"start2":0.22826692,"end2":0.22441873},{"startTime":5168.0,"endTime":5172.0,"start":0.5,"end":0.5,"start2":0.22441873,"end2":0.22093618},{"startTime":5172.0,"endTime":5176.0,"start":0.5,"end":0.5,"start2":0.22093618,"end2":0.21780102},{"startTime":5176.0,"endTime":5180.0,"start":0.5,"end":0.5,"start2":0.21780102,"end2":0.21499503},{"startTime":5180.0,"endTime":5184.0,"start":0.5,"end":0.5,"start2":0.21499503,"end2":0.21249999},{"startTime":5184.0,"endTime":5188.0,"start":0.5,"end":0.5,"start2":0.21249999,"end2":0.2103012},{"startTime":5188.0,"endTime":5192.0,"start":0.5,"end":0.5,"start2":0.2103012,"end2":0.20837647},{"startTime":5192.0,"endTime":5196.0,"start":0.5,"end":0.5,"start2":0.20837647,"end2":0.20670755},{"startTime":5196.0,"endTime":5200.0,"start":0.5,"end":0.5,"start2":0.20670755,"end2":0.20527624},{"startTime":5200.0,"endTime":5204.0,"start":0.5,"end":0.5,"start2":0.20527624,"end2":0.20406431},{"startTime":5204.0,"endTime":5208.0,"start":0.5,"end":0.5,"start2":0.20406431,"end2":0.2030535},{"startTime":5208.0,"endTime":5212.0,"start":0.5,"end":0.5,"start2":0.2030535,"end2":0.20222566},{"startTime":5212.0,"endTime":5216.0,"start":0.5,"end":0.5,"start2":0.20222566,"end2":0.2015625},{"startTime":5216.0,"endTime":5220.0,"start":0.5,"end":0.5,"start2":0.2015625,"end2":0.20104745},{"startTime":5220.0,"endTime":5224.0,"start":0.5,"end":0.5,"start2":0.20104745,"end2":0.20066021},{"startTime":5224.0,"endTime":5228.0,"start":0.5,"end":0.5,"start2":0.20066021,"end2":0.20038255},{"startTime":5228.0,"endTime":5232.0,"start":0.5,"end":0.5,"start2":0.20038255,"end2":0.20019624},{"startTime":5232.0,"endTime":5236.0,"start":0.5,"end":0.5,"start2":0.20019624,"end2":0.20008305},{"startTime":5236.0,"endTime":5240.0,"start":0.5,"end":0.5,"start2":0.20008305,"end2":0.20002477},{"startTime":5240.0,"endTime":5244.0,"start":0.5,"end":0.5,"start2":0.20002477,"end2":0.20000315},{"startTime":5244.0,"endTime":5248.0,"start":0.5,"end":0.5,"start2":0.20000315,"end2":0.19999999},{"startTime":5248.0,"endTime":5252.0,"start":0.5,"end":0.5,"start2":0.19999999,"end2":0.19999208},{"startTime":5252.0,"endTime":5256.0,"start":0.5,"end":0.5,"start2":0.19999208,"end2":0.19993804},{"startTime":5256.0,"endTime":5260.0,"start":0.5,"end":0.5,"start2":0.19993804,"end2":0.19979233},{"startTime":5260.0,"endTime":5264.0,"start":0.5,"end":0.5,"start2":0.19979233,"end2":0.19950937},{"startTime":5264.0,"endTime":5268.0,"start":0.5,"end":0.5,"start2":0.19950937,"end2":0.19904359},{"startTime":5268.0,"endTime":5272.0,"start":0.5,"end":0.5,"start2":0.19904359,"end2":0.19834943},{"startTime":5272.0,"endTime":5276.0,"start":0.5,"end":0.5,"start2":0.19834943,"end2":0.19738133},{"startTime":5276.0,"endTime":5280.0,"start":0.5,"end":0.5,"start2":0.19738133,"end2":0.19609374},{"startTime":5280.0,"endTime":5284.0,"start":0.5,"end":0.5,"start2":0.19609374,"end2":0.19443583},{"startTime":5284.0,"endTime":5288.0,"start":0.5,"end":0.5,"start2":0.19443583,"end2":0.19236618},{"startTime":5288.0,"endTime":5292.0,"start":0.5,"end":0.5,"start2":0.19236618,"end2":0.18983921},{"startTime":5292.0,"endTime":5296.0,"start":0.5,"end":0.5,"start2":0.18983921,"end2":0.18680936},{"startTime":5296.0,"endTime":5300.0,"start":0.5,"end":0.5,"start2":0.18680936,"end2":0.18323109},{"startTime":5300.0,"endTime":5304.0,"start":0.5,"end":0.5,"start2":0.18323109,"end2":0.1790588},{"startTime":5304.0,"endTime":5308.0,"start":0.5,"end":0.5,"start2":0.1790588,"end2":0.17424695},{"startTime":5308.0,"endTime":5312.0,"start":0.5,"end":0.5,"start2":0.17424695,"end2":0.16874999},{"startTime":5312.0,"endTime":5316.0,"start":0.5,"end":0.5,"start2":0.16874999,"end2":0.1625124},{"startTime":5316.0,"endTime":5320.0,"start":0.5,"end":0.5,"start2":0.1625124,"end2":0.15549743},{"startTime":5320.0,"endTime":5324.0,"start":0.5,"end":0.5,"start2":0.15549743,"end2":0.14765953},{"startTime":5324.0,"endTime":5328.0,"start":0.5,"end":0.5,"start2":0.14765953,"end2":0.13895312},{"startTime":5328.0,"endTime":5332.0,"start":0.5,"end":0.5,"start2":0.13895312,"end2":0.12933265},{"startTime":5332.0,"endTime":5336.0,"start":0.5,"end":0.5,"start2":0.12933265,"end2":0.118752554},{"startTime":5336.0,"endTime":5340.0,"start":0.5,"end":0.5,"start2":0.118752554,"end2":0.10716727},{"startTime":5340.0,"endTime":5344.0,"start":0.5,"end":0.5,"start2":0.10716727,"end2":0.094531246},{"startTime":5344.0,"endTime":5348.0,"start":0.5,"end":0.5,"start2":0.094531246,"end2":0.08078428},{"startTime":5348.0,"endTime":5352.0,"start":0.5,"end":0.5,"start2":0.08078428,"end2":0.0658943},{"startTime":5352.0,"endTime":5356.0,"start":0.5,"end":0.5,"start2":0.0658943,"end2":0.04981578},{"startTime":5356.0,"endTime":5360.0,"start":0.5,"end":0.5,"start2":0.04981578,"end2":0.03250312},{"startTime":5360.0,"endTime":5364.0,"start":0.5,"end":0.5,"start2":0.03250312,"end2":0.013910779},{"startTime":5364.0,"endTime":5368.0,"start":0.5,"end":0.5,"start2":0.013910779,"end2":-0.0060068127},{"startTime":5368.0,"endTime":5372.0,"start":0.5,"end":0.5,"start2":-0.0060068127,"end2":-0.027295237},{"startTime":5372.0,"endTime":5376.0,"start":0.5,"end":0.5,"start2":-0.027295237,"end2":-0.05},{"startTime":5376.0,"endTime":5504.0,"start":0.5,"end":0.5,"start2":-0.05,"end2":-0.05},{"startTime":5504.0,"endTime":5505.0,"start":0.5,"end":0.5,"start2":0.79999995,"end2":0.7863771},{"startTime":5505.0,"endTime":5506.0,"start":0.5,"end":0.5,"start2":0.7863771,"end2":0.77360404},{"startTime":5506.0,"endTime":5507.0,"start":0.5,"end":0.5,"start2":0.77360404,"end2":0.7616535},{"startTime":5507.0,"endTime":5508.0,"start":0.5,"end":0.5,"start2":0.7616535,"end2":0.75049806},{"startTime":5508.0,"endTime":5509.0,"start":0.5,"end":0.5,"start2":0.75049806,"end2":0.7401105},{"startTime":5509.0,"endTime":5510.0,"start":0.5,"end":0.5,"start2":0.7401105,"end2":0.7304634},{"startTime":5510.0,"endTime":5511.0,"start":0.5,"end":0.5,"start2":0.7304634,"end2":0.72152936},{"startTime":5511.0,"endTime":5512.0,"start":0.5,"end":0.5,"start2":0.72152936,"end2":0.7132812},{"startTime":5512.0,"endTime":5513.0,"start":0.5,"end":0.5,"start2":0.7132812,"end2":0.7056996},{"startTime":5513.0,"endTime":5514.0,"start":0.5,"end":0.5,"start2":0.7056996,"end2":0.6987484},{"startTime":5514.0,"endTime":5515.0,"start":0.5,"end":0.5,"start2":0.6987484,"end2":0.6924004},{"startTime":5515.0,"endTime":5516.0,"start":0.5,"end":0.5,"start2":0.6924004,"end2":0.6866281},{"startTime":5516.0,"endTime":5517.0,"start":0.5,"end":0.5,"start2":0.6866281,"end2":0.68140423},{"startTime":5517.0,"endTime":5518.0,"start":0.5,"end":0.5,"start2":0.68140423,"end2":0.6767015},{"startTime":5518.0,"endTime":5519.0,"start":0.5,"end":0.5,"start2":0.6767015,"end2":0.6724925},{"startTime":5519.0,"endTime":5520.0,"start":0.5,"end":0.5,"start2":0.6724925,"end2":0.66875},{"startTime":5520.0,"endTime":5521.0,"start":0.5,"end":0.5,"start2":0.66875,"end2":0.6654518},{"startTime":5521.0,"endTime":5522.0,"start":0.5,"end":0.5,"start2":0.6654518,"end2":0.6625647},{"startTime":5522.0,"endTime":5523.0,"start":0.5,"end":0.5,"start2":0.6625647,"end2":0.6600613},{"startTime":5523.0,"endTime":5524.0,"start":0.5,"end":0.5,"start2":0.6600613,"end2":0.65791434},{"startTime":5524.0,"endTime":5525.0,"start":0.5,"end":0.5,"start2":0.65791434,"end2":0.65609646},{"startTime":5525.0,"endTime":5526.0,"start":0.5,"end":0.5,"start2":0.65609646,"end2":0.65458024},{"startTime":5526.0,"endTime":5527.0,"start":0.5,"end":0.5,"start2":0.65458024,"end2":0.6533385},{"startTime":5527.0,"endTime":5528.0,"start":0.5,"end":0.5,"start2":0.6533385,"end2":0.65234375},{"startTime":5528.0,"endTime":5529.0,"start":0.5,"end":0.5,"start2":0.65234375,"end2":0.65157115},{"startTime":5529.0,"endTime":5530.0,"start":0.5,"end":0.5,"start2":0.65157115,"end2":0.6509903},{"startTime":5530.0,"endTime":5531.0,"start":0.5,"end":0.5,"start2":0.6509903,"end2":0.6505738},{"startTime":5531.0,"endTime":5532.0,"start":0.5,"end":0.5,"start2":0.6505738,"end2":0.65029436},{"startTime":5532.0,"endTime":5533.0,"start":0.5,"end":0.5,"start2":0.65029436,"end2":0.65012455},{"startTime":5533.0,"endTime":5534.0,"start":0.5,"end":0.5,"start2":0.65012455,"end2":0.65003717},{"startTime":5534.0,"endTime":5535.0,"start":0.5,"end":0.5,"start2":0.65003717,"end2":0.65000474},{"startTime":5535.0,"endTime":5536.0,"start":0.5,"end":0.5,"start2":0.65000474,"end2":0.65},{"startTime":5536.0,"endTime":5537.0,"start":0.5,"end":0.5,"start2":0.65,"end2":0.6363771},{"startTime":5537.0,"endTime":5538.0,"start":0.5,"end":0.5,"start2":0.6363771,"end2":0.62360406},{"startTime":5538.0,"endTime":5539.0,"start":0.5,"end":0.5,"start2":0.62360406,"end2":0.6116535},{"startTime":5539.0,"endTime":5540.0,"start":0.5,"end":0.5,"start2":0.6116535,"end2":0.6004981},{"startTime":5540.0,"endTime":5541.0,"start":0.5,"end":0.5,"start2":0.6004981,"end2":0.59011054},{"startTime":5541.0,"endTime":5542.0,"start":0.5,"end":0.5,"start2":0.59011054,"end2":0.5804634},{"startTime":5542.0,"endTime":5543.0,"start":0.5,"end":0.5,"start2":0.5804634,"end2":0.5715294},{"startTime":5543.0,"endTime":5544.0,"start":0.5,"end":0.5,"start2":0.5715294,"end2":0.56328124},{"startTime":5544.0,"endTime":5545.0,"start":0.5,"end":0.5,"start2":0.56328124,"end2":0.55569965},{"startTime":5545.0,"endTime":5546.0,"start":0.5,"end":0.5,"start2":0.55569965,"end2":0.54874843},{"startTime":5546.0,"endTime":5547.0,"start":0.5,"end":0.5,"start2":0.54874843,"end2":0.5424004},{"startTime":5547.0,"endTime":5548.0,"start":0.5,"end":0.5,"start2":0.5424004,"end2":0.5366281},{"startTime":5548.0,"endTime":5549.0,"start":0.5,"end":0.5,"start2":0.5366281,"end2":0.53140426},{"startTime":5549.0,"endTime":5550.0,"start":0.5,"end":0.5,"start2":0.53140426,"end2":0.5267015},{"startTime":5550.0,"endTime":5551.0,"start":0.5,"end":0.5,"start2":0.5267015,"end2":0.5224925},{"startTime":5551.0,"endTime":5552.0,"start":0.5,"end":0.5,"start2":0.5224925,"end2":0.51875},{"startTime":5552.0,"endTime":5553.0,"start":0.5,"end":0.5,"start2":0.51875,"end2":0.51545185},{"startTime":5553.0,"endTime":5554.0,"start":0.5,"end":0.5,"start2":0.51545185,"end2":0.5125647},{"startTime":5554.0,"endTime":5555.0,"start":0.5,"end":0.5,"start2":0.5125647,"end2":0.5100613},{"startTime":5555.0,"endTime":5556.0,"start":0.5,"end":0.5,"start2":0.5100613,"end2":0.50791436},{"startTime":5556.0,"endTime":5557.0,"start":0.5,"end":0.5,"start2":0.50791436,"end2":0.5060965},{"startTime":5557.0,"endTime":5558.0,"start":0.5,"end":0.5,"start2":0.5060965,"end2":0.50458026},{"startTime":5558.0,"endTime":5559.0,"start":0.5,"end":0.5,"start2":0.50458026,"end2":0.5033385},{"startTime":5559.0,"endTime":5560.0,"start":0.5,"end":0.5,"start2":0.5033385,"end2":0.5023438},{"startTime":5560.0,"endTime":5561.0,"start":0.5,"end":0.5,"start2":0.5023438,"end2":0.5015712},{"startTime":5561.0,"endTime":5562.0,"start":0.5,"end":0.5,"start2":0.5015712,"end2":0.50099033},{"startTime":5562.0,"endTime":5563.0,"start":0.5,"end":0.5,"start2":0.50099033,"end2":0.5005738},{"startTime":5563.0,"endTime":5564.0,"start":0.5,"end":0.5,"start2":0.5005738,"end2":0.5002944},{"startTime":5564.0,"endTime":5565.0,"start":0.5,"end":0.5,"start2":0.5002944,"end2":0.5001246},{"startTime":5565.0,"endTime":5566.0,"start":0.5,"end":0.5,"start2":0.5001246,"end2":0.5000372},{"startTime":5566.0,"endTime":5567.0,"start":0.5,"end":0.5,"start2":0.5000372,"end2":0.50000477},{"startTime":5567.0,"endTime":5568.0,"start":0.5,"end":0.5,"start2":0.50000477,"end2":0.5},{"startTime":5568.0,"endTime":5569.0,"start":0.5,"end":0.5,"start2":0.5,"end2":0.48637715},{"startTime":5569.0,"endTime":5570.0,"start":0.5,"end":0.5,"start2":0.48637715,"end2":0.47360408},{"startTime":5570.0,"endTime":5571.0,"start":0.5,"end":0.5,"start2":0.47360408,"end2":0.46165353},{"startTime":5571.0,"endTime":5572.0,"start":0.5,"end":0.5,"start2":0.46165353,"end2":0.45049813},{"startTime":5572.0,"endTime":5573.0,"start":0.5,"end":0.5,"start2":0.45049813,"end2":0.44011053},{"startTime":5573.0,"endTime":5574.0,"start":0.5,"end":0.5,"start2":0.44011053,"end2":0.4304634},{"startTime":5574.0,"endTime":5575.0,"start":0.5,"end":0.5,"start2":0.4304634,"end2":0.4215294},{"startTime":5575.0,"endTime":5576.0,"start":0.5,"end":0.5,"start2":0.4215294,"end2":0.41328123},{"startTime":5576.0,"endTime":5577.0,"start":0.5,"end":0.5,"start2":0.41328123,"end2":0.40569964},{"startTime":5577.0,"endTime":5578.0,"start":0.5,"end":0.5,"start2":0.40569964,"end2":0.39874846},{"startTime":5578.0,"endTime":5579.0,"start":0.5,"end":0.5,"start2":0.39874846,"end2":0.3924004},{"startTime":5579.0,"endTime":5580.0,"start":0.5,"end":0.5,"start2":0.3924004,"end2":0.38662812},{"startTime":5580.0,"endTime":5581.0,"start":0.5,"end":0.5,"start2":0.38662812,"end2":0.38140428},{"startTime":5581.0,"endTime":5582.0,"start":0.5,"end":0.5,"start2":0.38140428,"end2":0.37670153},{"startTime":5582.0,"endTime":5583.0,"start":0.5,"end":0.5,"start2":0.37670153,"end2":0.37249255},{"startTime":5583.0,"endTime":5584.0,"start":0.5,"end":0.5,"start2":0.37249255,"end2":0.36875},{"startTime":5584.0,"endTime":5585.0,"start":0.5,"end":0.5,"start2":0.36875,"end2":0.3654518},{"startTime":5585.0,"endTime":5586.0,"start":0.5,"end":0.5,"start2":0.3654518,"end2":0.3625647},{"startTime":5586.0,"endTime":5587.0,"start":0.5,"end":0.5,"start2":0.3625647,"end2":0.36006135},{"startTime":5587.0,"endTime":5588.0,"start":0.5,"end":0.5,"start2":0.36006135,"end2":0.35791436},{"startTime":5588.0,"endTime":5589.0,"start":0.5,"end":0.5,"start2":0.35791436,"end2":0.35609648},{"startTime":5589.0,"endTime":5590.0,"start":0.5,"end":0.5,"start2":0.35609648,"end2":0.35458028},{"startTime":5590.0,"endTime":5591.0,"start":0.5,"end":0.5,"start2":0.35458028,"end2":0.35333848},{"startTime":5591.0,"endTime":5592.0,"start":0.5,"end":0.5,"start2":0.35333848,"end2":0.35234374},{"startTime":5592.0,"endTime":5593.0,"start":0.5,"end":0.5,"start2":0.35234374,"end2":0.3515712},{"startTime":5593.0,"endTime":5594.0,"start":0.5,"end":0.5,"start2":0.3515712,"end2":0.35099033},{"startTime":5594.0,"endTime":5595.0,"start":0.5,"end":0.5,"start2":0.35099033,"end2":0.35057384},{"startTime":5595.0,"endTime":5596.0,"start":0.5,"end":0.5,"start2":0.35057384,"end2":0.35029438},{"startTime":5596.0,"endTime":5597.0,"start":0.5,"end":0.5,"start2":0.35029438,"end2":0.3501246},{"startTime":5597.0,"endTime":5598.0,"start":0.5,"end":0.5,"start2":0.3501246,"end2":0.35003716},{"startTime":5598.0,"endTime":5599.0,"start":0.5,"end":0.5,"start2":0.35003716,"end2":0.35000473},{"startTime":5599.0,"endTime":5600.0,"start":0.5,"end":0.5,"start2":0.35000473,"end2":0.35},{"startTime":5600.0,"endTime":5601.0,"start":0.5,"end":0.5,"start2":0.35,"end2":0.33637714},{"startTime":5601.0,"endTime":5602.0,"start":0.5,"end":0.5,"start2":0.33637714,"end2":0.32360408},{"startTime":5602.0,"endTime":5603.0,"start":0.5,"end":0.5,"start2":0.32360408,"end2":0.31165352},{"startTime":5603.0,"endTime":5604.0,"start":0.5,"end":0.5,"start2":0.31165352,"end2":0.30049813},{"startTime":5604.0,"endTime":5605.0,"start":0.5,"end":0.5,"start2":0.30049813,"end2":0.29011053},{"startTime":5605.0,"endTime":5606.0,"start":0.5,"end":0.5,"start2":0.29011053,"end2":0.2804634},{"startTime":5606.0,"endTime":5607.0,"start":0.5,"end":0.5,"start2":0.2804634,"end2":0.2715294},{"startTime":5607.0,"endTime":5608.0,"start":0.5,"end":0.5,"start2":0.2715294,"end2":0.26328123},{"startTime":5608.0,"endTime":5609.0,"start":0.5,"end":0.5,"start2":0.26328123,"end2":0.25569963},{"startTime":5609.0,"endTime":5610.0,"start":0.5,"end":0.5,"start2":0.25569963,"end2":0.24874845},{"startTime":5610.0,"endTime":5611.0,"start":0.5,"end":0.5,"start2":0.24874845,"end2":0.2424004},{"startTime":5611.0,"endTime":5612.0,"start":0.5,"end":0.5,"start2":0.2424004,"end2":0.23662812},{"startTime":5612.0,"endTime":5613.0,"start":0.5,"end":0.5,"start2":0.23662812,"end2":0.23140427},{"startTime":5613.0,"endTime":5614.0,"start":0.5,"end":0.5,"start2":0.23140427,"end2":0.22670153},{"startTime":5614.0,"endTime":5615.0,"start":0.5,"end":0.5,"start2":0.22670153,"end2":0.22249253},{"startTime":5615.0,"endTime":5616.0,"start":0.5,"end":0.5,"start2":0.22249253,"end2":0.21874999},{"startTime":5616.0,"endTime":5617.0,"start":0.5,"end":0.5,"start2":0.21874999,"end2":0.2154518},{"startTime":5617.0,"endTime":5618.0,"start":0.5,"end":0.5,"start2":0.2154518,"end2":0.21256469},{"startTime":5618.0,"endTime":5619.0,"start":0.5,"end":0.5,"start2":0.21256469,"end2":0.21006133},{"startTime":5619.0,"endTime":5620.0,"start":0.5,"end":0.5,"start2":0.21006133,"end2":0.20791437},{"startTime":5620.0,"endTime":5621.0,"start":0.5,"end":0.5,"start2":0.20791437,"end2":0.20609646},{"startTime":5621.0,"endTime":5622.0,"start":0.5,"end":0.5,"start2":0.20609646,"end2":0.20458028},{"startTime":5622.0,"endTime":5623.0,"start":0.5,"end":0.5,"start2":0.20458028,"end2":0.20333847},{"startTime":5623.0,"endTime":5624.0,"start":0.5,"end":0.5,"start2":0.20333847,"end2":0.20234373},{"startTime":5624.0,"endTime":5625.0,"start":0.5,"end":0.5,"start2":0.20234373,"end2":0.20157118},{"startTime":5625.0,"endTime":5626.0,"start":0.5,"end":0.5,"start2":0.20157118,"end2":0.20099033},{"startTime":5626.0,"endTime":5627.0,"start":0.5,"end":0.5,"start2":0.20099033,"end2":0.20057383},{"startTime":5627.0,"endTime":5628.0,"start":0.5,"end":0.5,"start2":0.20057383,"end2":0.20029438},{"startTime":5628.0,"endTime":5629.0,"start":0.5,"end":0.5,"start2":0.20029438,"end2":0.20012459},{"startTime":5629.0,"endTime":5630.0,"start":0.5,"end":0.5,"start2":0.20012459,"end2":0.20003715},{"startTime":5630.0,"endTime":5631.0,"start":0.5,"end":0.5,"start2":0.20003715,"end2":0.20000474},{"startTime":5631.0,"endTime":5632.0,"start":0.5,"end":0.5,"start2":0.20000474,"end2":0.19999999},{"startTime":5632.0,"endTime":1000000000.0,"start":0.5,"end":0.5,"start2":0.19999999,"end2":0.19999999}],"judgeLineRotateEvents":[{"startTime":-999999.0,"endTime":3584.0,"start":0.0,"end":0.0},{"startTime":3584.0,"endTime":3585.0,"start":0.0,"end":0.092147335},{"startTime":3585.0,"endTime":3586.0,"start":0.092147335,"end":0.18163817},{"startTime":3586.0,"endTime":3587.0,"start":0.18163817,"end":0.26814947},{"startTime":3587.0,"endTime":3588.0,"start":0.26814947,"end":0.35194552},{"startTime":3588.0,"endTime":3589.0,"start":0.35194552,"end":0.43299812},{"startTime":3589.0,"endTime":3590.0,"start":0.43299812,"end":0.5112862},{"startTime":3590.0,"endTime":3591.0,"start":0.5112862,"end":0.5870582},{"startTime":3591.0,"endTime":3592.0,"start":0.5870582,"end":0.660025},{"startTime":3592.0,"endTime":3593.0,"start":0.660025,"end":0.7306293},{"startTime":3593.0,"endTime":3594.0,"start":0.7306293,"end":0.7985263},{"startTime":3594.0,"endTime":3595.0,"start":0.7985263,"end":0.86408323},{"startTime":3595.0,"endTime":3596.0,"start":0.86408323,"end":0.9271544},{"startTime":3596.0,"endTime":3597.0,"start":0.9271544,"end":0.9878506},{"startTime":3597.0,"endTime":3598.0,"start":0.9878506,"end":1.0462744},{"startTime":3598.0,"endTime":3599.0,"start":1.0462744,"end":1.1022965},{"startTime":3599.0,"endTime":3600.0,"start":1.1022965,"end":1.15625},{"startTime":3600.0,"endTime":3601.0,"start":1.15625,"end":1.2077849},{"startTime":3601.0,"endTime":3602.0,"start":1.2077849,"end":1.2573382},{"startTime":3602.0,"endTime":3603.0,"start":1.2573382,"end":1.3046806},{"startTime":3603.0,"endTime":3604.0,"start":1.3046806,"end":1.3500205},{"startTime":3604.0,"endTime":3605.0,"start":1.3500205,"end":1.3933481},{"startTime":3605.0,"endTime":3606.0,"start":1.3933481,"end":1.4346613},{"startTime":3606.0,"endTime":3607.0,"start":1.4346613,"end":1.474152},{"startTime":3607.0,"endTime":3608.0,"start":1.474152,"end":1.511625},{"startTime":3608.0,"endTime":3609.0,"start":1.511625,"end":1.5474105},{"startTime":3609.0,"endTime":3610.0,"start":1.5474105,"end":1.5812762},{"startTime":3610.0,"endTime":3611.0,"start":1.5812762,"end":1.6134956},{"startTime":3611.0,"endTime":3612.0,"start":1.6134956,"end":1.6439794},{"startTime":3612.0,"endTime":3613.0,"start":1.6439794,"end":1.6728193},{"startTime":3613.0,"endTime":3614.0,"start":1.6728193,"end":1.7000993},{"startTime":3614.0,"endTime":3615.0,"start":1.7000993,"end":1.7257464},{"startTime":3615.0,"endTime":3616.0,"start":1.7257464,"end":1.75},{"startTime":3616.0,"endTime":3617.0,"start":1.75,"end":1.7726411},{"startTime":3617.0,"endTime":3618.0,"start":1.7726411,"end":1.7939757},{"startTime":3618.0,"endTime":3619.0,"start":1.7939757,"end":1.8138682},{"startTime":3619.0,"endTime":3620.0,"start":1.8138682,"end":1.8324705},{"startTime":3620.0,"endTime":3621.0,"start":1.8324705,"end":1.8497919},{"startTime":3621.0,"endTime":3622.0,"start":1.8497919,"end":1.8658488},{"startTime":3622.0,"endTime":3623.0,"start":1.8658488,"end":1.8807769},{"startTime":3623.0,"endTime":3624.0,"start":1.8807769,"end":1.894475},{"startTime":3624.0,"endTime":3625.0,"start":1.894475,"end":1.9071606},{"startTime":3625.0,"endTime":3626.0,"start":1.9071606,"end":1.9187137},{"startTime":3626.0,"endTime":3627.0,"start":1.9187137,"end":1.9293144},{"startTime":3627.0,"endTime":3628.0,"start":1.9293144,"end":1.9389296},{"startTime":3628.0,"endTime":3629.0,"start":1.9389296,"end":1.9476318},{"startTime":3629.0,"endTime":3630.0,"start":1.9476318,"end":1.9554868},{"startTime":3630.0,"endTime":3631.0,"start":1.9554868,"end":1.9624777},{"startTime":3631.0,"endTime":3632.0,"start":1.9624777,"end":1.96875},{"startTime":3632.0,"endTime":3633.0,"start":1.96875,"end":1.9742162},{"startTime":3633.0,"endTime":3634.0,"start":1.9742162,"end":1.9790508},{"startTime":3634.0,"endTime":3635.0,"start":1.9790508,"end":1.9832119},{"startTime":3635.0,"endTime":3636.0,"start":1.9832119,"end":1.9867954},{"startTime":3636.0,"endTime":3637.0,"start":1.9867954,"end":1.9898294},{"startTime":3637.0,"endTime":3638.0,"start":1.9898294,"end":1.9923488},{"startTime":3638.0,"endTime":3639.0,"start":1.9923488,"end":1.994433},{"startTime":3639.0,"endTime":3640.0,"start":1.994433,"end":1.9960749},{"startTime":3640.0,"endTime":3641.0,"start":1.9960749,"end":1.9973794},{"startTime":3641.0,"endTime":3642.0,"start":1.9973794,"end":1.9983387},{"startTime":3642.0,"endTime":3643.0,"start":1.9983387,"end":1.9990394},{"startTime":3643.0,"endTime":3644.0,"start":1.9990394,"end":1.9995044},{"startTime":3644.0,"endTime":3645.0,"start":1.9995044,"end":1.9997882},{"startTime":3645.0,"endTime":3646.0,"start":1.9997882,"end":1.9999367},{"startTime":3646.0,"endTime":3647.0,"start":1.9999367,"end":1.9999901},{"startTime":3647.0,"endTime":3648.0,"start":1.9999901,"end":2.0},{"startTime":3648.0,"endTime":3649.0,"start":2.0,"end":1.8157053},{"startTime":3649.0,"endTime":3650.0,"start":1.8157053,"end":1.6367236},{"startTime":3650.0,"endTime":3651.0,"start":1.6367236,"end":1.463701},{"startTime":3651.0,"endTime":3652.0,"start":1.463701,"end":1.296109},{"startTime":3652.0,"endTime":3653.0,"start":1.296109,"end":1.1340038},{"startTime":3653.0,"endTime":3654.0,"start":1.1340038,"end":0.9774276},{"startTime":3654.0,"endTime":3655.0,"start":0.9774276,"end":0.8258836},{"startTime":3655.0,"endTime":3656.0,"start":0.8258836,"end":0.67995},{"startTime":3656.0,"endTime":3657.0,"start":0.67995,"end":0.53874135},{"startTime":3657.0,"endTime":3658.0,"start":0.53874135,"end":0.40294743},{"startTime":3658.0,"endTime":3659.0,"start":0.40294743,"end":0.27183354},{"startTime":3659.0,"endTime":3660.0,"start":0.27183354,"end":0.14569116},{"startTime":3660.0,"endTime":3661.0,"start":0.14569116,"end":0.024298787},{"startTime":3661.0,"endTime":3662.0,"start":0.024298787,"end":-0.09254885},{"startTime":3662.0,"endTime":3663.0,"start":-0.09254885,"end":-0.20459294},{"startTime":3663.0,"endTime":3664.0,"start":-0.20459294,"end":-0.3125},{"startTime":3664.0,"endTime":3665.0,"start":-0.3125,"end":-0.41556978},{"startTime":3665.0,"endTime":3666.0,"start":-0.41556978,"end":-0.51467633},{"startTime":3666.0,"endTime":3667.0,"start":-0.51467633,"end":-0.6093612},{"startTime":3667.0,"endTime":3668.0,"start":-0.6093612,"end":-0.70004106},{"startTime":3668.0,"endTime":3669.0,"start":-0.70004106,"end":-0.7866962},{"startTime":3669.0,"endTime":3670.0,"start":-0.7866962,"end":-0.86932254},{"startTime":3670.0,"endTime":3671.0,"start":-0.86932254,"end":-0.94830394},{"startTime":3671.0,"endTime":3672.0,"start":-0.94830394,"end":-1.0232501},{"startTime":3672.0,"endTime":3673.0,"start":-1.0232501,"end":-1.094821},{"startTime":3673.0,"endTime":3674.0,"start":-1.094821,"end":-1.1625524},{"startTime":3674.0,"endTime":3675.0,"start":-1.1625524,"end":-1.2269912},{"startTime":3675.0,"endTime":3676.0,"start":-1.2269912,"end":-1.2879589},{"startTime":3676.0,"endTime":3677.0,"start":-1.2879589,"end":-1.3456385},{"startTime":3677.0,"endTime":3678.0,"start":-1.3456385,"end":-1.4001987},{"startTime":3678.0,"endTime":3679.0,"start":-1.4001987,"end":-1.4514928},{"startTime":3679.0,"endTime":3680.0,"start":-1.4514928,"end":-1.5},{"startTime":3680.0,"endTime":3681.0,"start":-1.5,"end":-1.5452821},{"startTime":3681.0,"endTime":3682.0,"start":-1.5452821,"end":-1.5879514},{"startTime":3682.0,"endTime":3683.0,"start":-1.5879514,"end":-1.6277363},{"startTime":3683.0,"endTime":3684.0,"start":-1.6277363,"end":-1.6649411},{"startTime":3684.0,"endTime":3685.0,"start":-1.6649411,"end":-1.6995838},{"startTime":3685.0,"endTime":3686.0,"start":-1.6995838,"end":-1.7316976},{"startTime":3686.0,"endTime":3687.0,"start":-1.7316976,"end":-1.7615538},{"startTime":3687.0,"endTime":3688.0,"start":-1.7615538,"end":-1.78895},{"startTime":3688.0,"endTime":3689.0,"start":-1.78895,"end":-1.8143213},{"startTime":3689.0,"endTime":3690.0,"start":-1.8143213,"end":-1.8374274},{"startTime":3690.0,"endTime":3691.0,"start":-1.8374274,"end":-1.8586287},{"startTime":3691.0,"endTime":3692.0,"start":-1.8586287,"end":-1.8778591},{"startTime":3692.0,"endTime":3693.0,"start":-1.8778591,"end":-1.8952637},{"startTime":3693.0,"endTime":3694.0,"start":-1.8952637,"end":-1.9109735},{"startTime":3694.0,"endTime":3695.0,"start":-1.9109735,"end":-1.9249554},{"startTime":3695.0,"endTime":3696.0,"start":-1.9249554,"end":-1.9375},{"startTime":3696.0,"endTime":3697.0,"start":-1.9375,"end":-1.9484324},{"startTime":3697.0,"endTime":3698.0,"start":-1.9484324,"end":-1.9581015},{"startTime":3698.0,"endTime":3699.0,"start":-1.9581015,"end":-1.9664237},{"startTime":3699.0,"endTime":3700.0,"start":-1.9664237,"end":-1.9735909},{"startTime":3700.0,"endTime":3701.0,"start":-1.9735909,"end":-1.9796588},{"startTime":3701.0,"endTime":3702.0,"start":-1.9796588,"end":-1.9846976},{"startTime":3702.0,"endTime":3703.0,"start":-1.9846976,"end":-1.9888661},{"startTime":3703.0,"endTime":3704.0,"start":-1.9888661,"end":-1.9921498},{"startTime":3704.0,"endTime":3705.0,"start":-1.9921498,"end":-1.9947588},{"startTime":3705.0,"endTime":3706.0,"start":-1.9947588,"end":-1.9966774},{"startTime":3706.0,"endTime":3707.0,"start":-1.9966774,"end":-1.9980788},{"startTime":3707.0,"endTime":3708.0,"start":-1.9980788,"end":-1.9990089},{"startTime":3708.0,"endTime":3709.0,"start":-1.9990089,"end":-1.9995763},{"startTime":3709.0,"endTime":3710.0,"start":-1.9995763,"end":-1.9998734},{"startTime":3710.0,"endTime":3711.0,"start":-1.9998734,"end":-1.9999802},{"startTime":3711.0,"endTime":3712.0,"start":-1.9999802,"end":-2.0},{"startTime":3712.0,"endTime":3713.0,"start":-2.0,"end":-1.8157053},{"startTime":3713.0,"endTime":3714.0,"start":-1.8157053,"end":-1.6367236},{"startTime":3714.0,"endTime":3715.0,"start":-1.6367236,"end":-1.463701},{"startTime":3715.0,"endTime":3716.0,"start":-1.463701,"end":-1.296109},{"startTime":3716.0,"endTime":3717.0,"start":-1.296109,"end":-1.1340038},{"startTime":3717.0,"endTime":3718.0,"start":-1.1340038,"end":-0.9774276},{"startTime":3718.0,"endTime":3719.0,"start":-0.9774276,"end":-0.8258836},{"startTime":3719.0,"endTime":3720.0,"start":-0.8258836,"end":-0.67995},{"startTime":3720.0,"endTime":3721.0,"start":-0.67995,"end":-0.53874135},{"startTime":3721.0,"endTime":3722.0,"start":-0.53874135,"end":-0.40294743},{"startTime":3722.0,"endTime":3723.0,"start":-0.40294743,"end":-0.27183354},{"startTime":3723.0,"endTime":3724.0,"start":-0.27183354,"end":-0.14569116},{"startTime":3724.0,"endTime":3725.0,"start":-0.14569116,"end":-0.024298787},{"startTime":3725.0,"endTime":3726.0,"start":-0.024298787,"end":0.09254885},{"startTime":3726.0,"endTime":3727.0,"start":0.09254885,"end":0.20459294},{"startTime":3727.0,"endTime":3728.0,"start":0.20459294,"end":0.3125},{"startTime":3728.0,"endTime":3729.0,"start":0.3125,"end":0.41556978},{"startTime":3729.0,"endTime":3730.0,"start":0.41556978,"end":0.51467633},{"startTime":3730.0,"endTime":3731.0,"start":0.51467633,"end":0.6093612},{"startTime":3731.0,"endTime":3732.0,"start":0.6093612,"end":0.70004106},{"startTime":3732.0,"endTime":3733.0,"start":0.70004106,"end":0.7866962},{"startTime":3733.0,"endTime":3734.0,"start":0.7866962,"end":0.86932254},{"startTime":3734.0,"endTime":3735.0,"start":0.86932254,"end":0.94830394},{"startTime":3735.0,"endTime":3736.0,"start":0.94830394,"end":1.0232501},{"startTime":3736.0,"endTime":3737.0,"start":1.0232501,"end":1.094821},{"startTime":3737.0,"endTime":3738.0,"start":1.094821,"end":1.1625524},{"startTime":3738.0,"endTime":3739.0,"start":1.1625524,"end":1.2269912},{"startTime":3739.0,"endTime":3740.0,"start":1.2269912,"end":1.2879589},{"startTime":3740.0,"endTime":3741.0,"start":1.2879589,"end":1.3456385},{"startTime":3741.0,"endTime":3742.0,"start":1.3456385,"end":1.4001987},{"startTime":3742.0,"endTime":3743.0,"start":1.4001987,"end":1.4514928},{"startTime":3743.0,"endTime":3744.0,"start":1.4514928,"end":1.5},{"startTime":3744.0,"endTime":3745.0,"start":1.5,"end":1.5452821},{"startTime":3745.0,"endTime":3746.0,"start":1.5452821,"end":1.5879514},{"startTime":3746.0,"endTime":3747.0,"start":1.5879514,"end":1.6277363},{"startTime":3747.0,"endTime":3748.0,"start":1.6277363,"end":1.6649411},{"startTime":3748.0,"endTime":3749.0,"start":1.6649411,"end":1.6995838},{"startTime":3749.0,"endTime":3750.0,"start":1.6995838,"end":1.7316976},{"startTime":3750.0,"endTime":3751.0,"start":1.7316976,"end":1.7615538},{"startTime":3751.0,"endTime":3752.0,"start":1.7615538,"end":1.78895},{"startTime":3752.0,"endTime":3753.0,"start":1.78895,"end":1.8143213},{"startTime":3753.0,"endTime":3754.0,"start":1.8143213,"end":1.8374274},{"startTime":3754.0,"endTime":3755.0,"start":1.8374274,"end":1.8586287},{"startTime":3755.0,"endTime":3756.0,"start":1.8586287,"end":1.8778591},{"startTime":3756.0,"endTime":3757.0,"start":1.8778591,"end":1.8952637},{"startTime":3757.0,"endTime":3758.0,"start":1.8952637,"end":1.9109735},{"startTime":3758.0,"endTime":3759.0,"start":1.9109735,"end":1.9249554},{"startTime":3759.0,"endTime":3760.0,"start":1.9249554,"end":1.9375},{"startTime":3760.0,"endTime":3761.0,"start":1.9375,"end":1.9484324},{"startTime":3761.0,"endTime":3762.0,"start":1.9484324,"end":1.9581015},{"startTime":3762.0,"endTime":3763.0,"start":1.9581015,"end":1.9664237},{"startTime":3763.0,"endTime":3764.0,"start":1.9664237,"end":1.9735909},{"startTime":3764.0,"endTime":3765.0,"start":1.9735909,"end":1.9796588},{"startTime":3765.0,"endTime":3766.0,"start":1.9796588,"end":1.9846976},{"startTime":3766.0,"endTime":3767.0,"start":1.9846976,"end":1.9888661},{"startTime":3767.0,"endTime":3768.0,"start":1.9888661,"end":1.9921498},{"startTime":3768.0,"endTime":3769.0,"start":1.9921498,"end":1.9947588},{"startTime":3769.0,"endTime":3770.0,"start":1.9947588,"end":1.9966774},{"startTime":3770.0,"endTime":3771.0,"start":1.9966774,"end":1.9980788},{"startTime":3771.0,"endTime":3772.0,"start":1.9980788,"end":1.9990089},{"startTime":3772.0,"endTime":3773.0,"start":1.9990089,"end":1.9995763},{"startTime":3773.0,"endTime":3774.0,"start":1.9995763,"end":1.9998734},{"startTime":3774.0,"endTime":3775.0,"start":1.9998734,"end":1.9999802},{"startTime":3775.0,"endTime":3776.0,"start":1.9999802,"end":2.0},{"startTime":3776.0,"endTime":3777.0,"start":2.0,"end":1.8157053},{"startTime":3777.0,"endTime":3778.0,"start":1.8157053,"end":1.6367236},{"startTime":3778.0,"endTime":3779.0,"start":1.6367236,"end":1.463701},{"startTime":3779.0,"endTime":3780.0,"start":1.463701,"end":1.296109},{"startTime":3780.0,"endTime":3781.0,"start":1.296109,"end":1.1340038},{"startTime":3781.0,"endTime":3782.0,"start":1.1340038,"end":0.9774276},{"startTime":3782.0,"endTime":3783.0,"start":0.9774276,"end":0.8258836},{"startTime":3783.0,"endTime":3784.0,"start":0.8258836,"end":0.67995},{"startTime":3784.0,"endTime":3785.0,"start":0.67995,"end":0.53874135},{"startTime":3785.0,"endTime":3786.0,"start":0.53874135,"end":0.40294743},{"startTime":3786.0,"endTime":3787.0,"start":0.40294743,"end":0.27183354},{"startTime":3787.0,"endTime":3788.0,"start":0.27183354,"end":0.14569116},{"startTime":3788.0,"endTime":3789.0,"start":0.14569116,"end":0.024298787},{"startTime":3789.0,"endTime":3790.0,"start":0.024298787,"end":-0.09254885},{"startTime":3790.0,"endTime":3791.0,"start":-0.09254885,"end":-0.20459294},{"startTime":3791.0,"endTime":3792.0,"start":-0.20459294,"end":-0.3125},{"startTime":3792.0,"endTime":3793.0,"start":-0.3125,"end":-0.41556978},{"startTime":3793.0,"endTime":3794.0,"start":-0.41556978,"end":-0.51467633},{"startTime":3794.0,"endTime":3795.0,"start":-0.51467633,"end":-0.6093612},{"startTime":3795.0,"endTime":3796.0,"start":-0.6093612,"end":-0.70004106},{"startTime":3796.0,"endTime":3797.0,"start":-0.70004106,"end":-0.7866962},{"startTime":3797.0,"endTime":3798.0,"start":-0.7866962,"end":-0.86932254},{"startTime":3798.0,"endTime":3799.0,"start":-0.86932254,"end":-0.94830394},{"startTime":3799.0,"endTime":3800.0,"start":-0.94830394,"end":-1.0232501},{"startTime":3800.0,"endTime":3801.0,"start":-1.0232501,"end":-1.094821},{"startTime":3801.0,"endTime":3802.0,"start":-1.094821,"end":-1.1625524},{"startTime":3802.0,"endTime":3803.0,"start":-1.1625524,"end":-1.2269912},{"startTime":3803.0,"endTime":3804.0,"start":-1.2269912,"end":-1.2879589},{"startTime":3804.0,"endTime":3805.0,"start":-1.2879589,"end":-1.3456385},{"startTime":3805.0,"endTime":3806.0,"start":-1.3456385,"end":-1.4001987},{"startTime":3806.0,"endTime":3807.0,"start":-1.4001987,"end":-1.4514928},{"startTime":3807.0,"endTime":3808.0,"start":-1.4514928,"end":-1.5},{"startTime":3808.0,"endTime":3809.0,"start":-1.5,"end":-1.5452821},{"startTime":3809.0,"endTime":3810.0,"start":-1.5452821,"end":-1.5879514},{"startTime":3810.0,"endTime":3811.0,"start":-1.5879514,"end":-1.6277363},{"startTime":3811.0,"endTime":3812.0,"start":-1.6277363,"end":-1.6649411},{"startTime":3812.0,"endTime":3813.0,"start":-1.6649411,"end":-1.6995838},{"startTime":3813.0,"endTime":3814.0,"start":-1.6995838,"end":-1.7316976},{"startTime":3814.0,"endTime":3815.0,"start":-1.7316976,"end":-1.7615538},{"startTime":3815.0,"endTime":3816.0,"start":-1.7615538,"end":-1.78895},{"startTime":3816.0,"endTime":3817.0,"start":-1.78895,"end":-1.8143213},{"startTime":3817.0,"endTime":3818.0,"start":-1.8143213,"end":-1.8374274},{"startTime":3818.0,"endTime":3819.0,"start":-1.8374274,"end":-1.8586287},{"startTime":3819.0,"endTime":3820.0,"start":-1.8586287,"end":-1.8778591},{"startTime":3820.0,"endTime":3821.0,"start":-1.8778591,"end":-1.8952637},{"startTime":3821.0,"endTime":3822.0,"start":-1.8952637,"end":-1.9109735},{"startTime":3822.0,"endTime":3823.0,"start":-1.9109735,"end":-1.9249554},{"startTime":3823.0,"endTime":3824.0,"start":-1.9249554,"end":-1.9375},{"startTime":3824.0,"endTime":3825.0,"start":-1.9375,"end":-1.9484324},{"startTime":3825.0,"endTime":3826.0,"start":-1.9484324,"end":-1.9581015},{"startTime":3826.0,"endTime":3827.0,"start":-1.9581015,"end":-1.9664237},{"startTime":3827.0,"endTime":3828.0,"start":-1.9664237,"end":-1.9735909},{"startTime":3828.0,"endTime":3829.0,"start":-1.9735909,"end":-1.9796588},{"startTime":3829.0,"endTime":3830.0,"start":-1.9796588,"end":-1.9846976},{"startTime":3830.0,"endTime":3831.0,"start":-1.9846976,"end":-1.9888661},{"startTime":3831.0,"endTime":3832.0,"start":-1.9888661,"end":-1.9921498},{"startTime":3832.0,"endTime":3833.0,"start":-1.9921498,"end":-1.9947588},{"startTime":3833.0,"endTime":3834.0,"start":-1.9947588,"end":-1.9966774},{"startTime":3834.0,"endTime":3835.0,"start":-1.9966774,"end":-1.9980788},{"startTime":3835.0,"endTime":3836.0,"start":-1.9980788,"end":-1.9990089},{"startTime":3836.0,"endTime":3837.0,"start":-1.9990089,"end":-1.9995763},{"startTime":3837.0,"endTime":3838.0,"start":-1.9995763,"end":-1.9998734},{"startTime":3838.0,"endTime":3839.0,"start":-1.9998734,"end":-1.9999802},{"startTime":3839.0,"endTime":3840.0,"start":-1.9999802,"end":-2.0},{"startTime":3840.0,"endTime":3841.0,"start":0.0,"end":1.15625},{"startTime":3841.0,"endTime":3842.0,"start":1.15625,"end":1.75},{"startTime":3842.0,"endTime":3843.0,"start":1.75,"end":1.96875},{"startTime":3843.0,"endTime":3844.0,"start":1.96875,"end":2.0},{"startTime":3844.0,"endTime":3845.0,"start":2.0,"end":0.265625},{"startTime":3845.0,"endTime":3846.0,"start":0.265625,"end":-0.625},{"startTime":3846.0,"endTime":3847.0,"start":-0.625,"end":-0.953125},{"startTime":3847.0,"endTime":3848.0,"start":-0.953125,"end":-1.0},{"startTime":3848.0,"endTime":3849.0,"start":-1.0,"end":-0.421875},{"startTime":3849.0,"endTime":3850.0,"start":-0.421875,"end":-0.125},{"startTime":3850.0,"endTime":3851.0,"start":-0.125,"end":-0.015625},{"startTime":3851.0,"endTime":3852.0,"start":-0.015625,"end":0.0},{"startTime":3852.0,"endTime":5504.0,"start":0.0,"end":0.0},{"startTime":5504.0,"endTime":5505.0,"start":0.0,"end":0.5449145},{"startTime":5505.0,"endTime":5506.0,"start":0.5449145,"end":1.0558366},{"startTime":5506.0,"endTime":5507.0,"start":1.0558366,"end":1.5338585},{"startTime":5507.0,"endTime":5508.0,"start":1.5338585,"end":1.980075},{"startTime":5508.0,"endTime":5509.0,"start":1.980075,"end":2.3955789},{"startTime":5509.0,"endTime":5510.0,"start":2.3955789,"end":2.7814631},{"startTime":5510.0,"endTime":5511.0,"start":2.7814631,"end":3.1388233},{"startTime":5511.0,"endTime":5512.0,"start":3.1388233,"end":3.46875},{"startTime":5512.0,"endTime":5513.0,"start":3.46875,"end":3.7720146},{"startTime":5513.0,"endTime":5514.0,"start":3.7720146,"end":4.0500617},{"startTime":5514.0,"endTime":5515.0,"start":4.0500617,"end":4.3039837},{"startTime":5515.0,"endTime":5516.0,"start":4.3039837,"end":4.534875},{"startTime":5516.0,"endTime":5517.0,"start":4.534875,"end":4.743829},{"startTime":5517.0,"endTime":5518.0,"start":4.743829,"end":4.931938},{"startTime":5518.0,"endTime":5519.0,"start":4.931938,"end":5.100298},{"startTime":5519.0,"endTime":5520.0,"start":5.100298,"end":5.25},{"startTime":5520.0,"endTime":5521.0,"start":5.25,"end":5.381927},{"startTime":5521.0,"endTime":5522.0,"start":5.381927,"end":5.4974117},{"startTime":5522.0,"endTime":5523.0,"start":5.4974117,"end":5.5975466},{"startTime":5523.0,"endTime":5524.0,"start":5.5975466,"end":5.683425},{"startTime":5524.0,"endTime":5525.0,"start":5.683425,"end":5.756141},{"startTime":5525.0,"endTime":5526.0,"start":5.756141,"end":5.8167887},{"startTime":5526.0,"endTime":5527.0,"start":5.8167887,"end":5.8664603},{"startTime":5527.0,"endTime":5528.0,"start":5.8664603,"end":5.90625},{"startTime":5528.0,"endTime":5529.0,"start":5.90625,"end":5.9371524},{"startTime":5529.0,"endTime":5530.0,"start":5.9371524,"end":5.9603863},{"startTime":5530.0,"endTime":5531.0,"start":5.9603863,"end":5.9770465},{"startTime":5531.0,"endTime":5532.0,"start":5.9770465,"end":5.988225},{"startTime":5532.0,"endTime":5533.0,"start":5.988225,"end":5.995016},{"startTime":5533.0,"endTime":5534.0,"start":5.995016,"end":5.998513},{"startTime":5534.0,"endTime":5535.0,"start":5.998513,"end":5.99981},{"startTime":5535.0,"endTime":5536.0,"start":5.99981,"end":6.0},{"startTime":5536.0,"endTime":5537.0,"start":6.0,"end":4.910171},{"startTime":5537.0,"endTime":5538.0,"start":4.910171,"end":3.888327},{"startTime":5538.0,"endTime":5539.0,"start":3.888327,"end":2.932283},{"startTime":5539.0,"endTime":5540.0,"start":2.932283,"end":2.03985},{"startTime":5540.0,"endTime":5541.0,"start":2.03985,"end":1.2088423},{"startTime":5541.0,"endTime":5542.0,"start":1.2088423,"end":0.43707347},{"startTime":5542.0,"endTime":5543.0,"start":0.43707347,"end":-0.27764654},{"startTime":5543.0,"endTime":5544.0,"start":-0.27764654,"end":-0.9375},{"startTime":5544.0,"endTime":5545.0,"start":-0.9375,"end":-1.544029},{"startTime":5545.0,"endTime":5546.0,"start":-1.544029,"end":-2.1001232},{"startTime":5546.0,"endTime":5547.0,"start":-2.1001232,"end":-2.6079676},{"startTime":5547.0,"endTime":5548.0,"start":-2.6079676,"end":-3.0697503},{"startTime":5548.0,"endTime":5549.0,"start":-3.0697503,"end":-3.487657},{"startTime":5549.0,"endTime":5550.0,"start":-3.487657,"end":-3.8638766},{"startTime":5550.0,"endTime":5551.0,"start":-3.8638766,"end":-4.200596},{"startTime":5551.0,"endTime":5552.0,"start":-4.200596,"end":-4.5},{"startTime":5552.0,"endTime":5553.0,"start":-4.5,"end":-4.763854},{"startTime":5553.0,"endTime":5554.0,"start":-4.763854,"end":-4.9948235},{"startTime":5554.0,"endTime":5555.0,"start":-4.9948235,"end":-5.1950927},{"startTime":5555.0,"endTime":5556.0,"start":-5.1950927,"end":-5.36685},{"startTime":5556.0,"endTime":5557.0,"start":-5.36685,"end":-5.5122824},{"startTime":5557.0,"endTime":5558.0,"start":-5.5122824,"end":-5.6335773},{"startTime":5558.0,"endTime":5559.0,"start":-5.6335773,"end":-5.7329206},{"startTime":5559.0,"endTime":5560.0,"start":-5.7329206,"end":-5.8125},{"startTime":5560.0,"endTime":5561.0,"start":-5.8125,"end":-5.874305},{"startTime":5561.0,"endTime":5562.0,"start":-5.874305,"end":-5.9207726},{"startTime":5562.0,"endTime":5563.0,"start":-5.9207726,"end":-5.954093},{"startTime":5563.0,"endTime":5564.0,"start":-5.954093,"end":-5.9764495},{"startTime":5564.0,"endTime":5565.0,"start":-5.9764495,"end":-5.990032},{"startTime":5565.0,"endTime":5566.0,"start":-5.990032,"end":-5.9970264},{"startTime":5566.0,"endTime":5567.0,"start":-5.9970264,"end":-5.9996204},{"startTime":5567.0,"endTime":5568.0,"start":-5.9996204,"end":-6.0},{"startTime":5568.0,"endTime":5569.0,"start":-6.0,"end":-4.910171},{"startTime":5569.0,"endTime":5570.0,"start":-4.910171,"end":-3.888327},{"startTime":5570.0,"endTime":5571.0,"start":-3.888327,"end":-2.932283},{"startTime":5571.0,"endTime":5572.0,"start":-2.932283,"end":-2.03985},{"startTime":5572.0,"endTime":5573.0,"start":-2.03985,"end":-1.2088423},{"startTime":5573.0,"endTime":5574.0,"start":-1.2088423,"end":-0.43707347},{"startTime":5574.0,"endTime":5575.0,"start":-0.43707347,"end":0.27764654},{"startTime":5575.0,"endTime":5576.0,"start":0.27764654,"end":0.9375},{"startTime":5576.0,"endTime":5577.0,"start":0.9375,"end":1.544029},{"startTime":5577.0,"endTime":5578.0,"start":1.544029,"end":2.1001232},{"startTime":5578.0,"endTime":5579.0,"start":2.1001232,"end":2.6079676},{"startTime":5579.0,"endTime":5580.0,"start":2.6079676,"end":3.0697503},{"startTime":5580.0,"endTime":5581.0,"start":3.0697503,"end":3.487657},{"startTime":5581.0,"endTime":5582.0,"start":3.487657,"end":3.8638766},{"startTime":5582.0,"endTime":5583.0,"start":3.8638766,"end":4.200596},{"startTime":5583.0,"endTime":5584.0,"start":4.200596,"end":4.5},{"startTime":5584.0,"endTime":5585.0,"start":4.5,"end":4.763854},{"startTime":5585.0,"endTime":5586.0,"start":4.763854,"end":4.9948235},{"startTime":5586.0,"endTime":5587.0,"start":4.9948235,"end":5.1950927},{"startTime":5587.0,"endTime":5588.0,"start":5.1950927,"end":5.36685},{"startTime":5588.0,"endTime":5589.0,"start":5.36685,"end":5.5122824},{"startTime":5589.0,"endTime":5590.0,"start":5.5122824,"end":5.6335773},{"startTime":5590.0,"endTime":5591.0,"start":5.6335773,"end":5.7329206},{"startTime":5591.0,"endTime":5592.0,"start":5.7329206,"end":5.8125},{"startTime":5592.0,"endTime":5593.0,"start":5.8125,"end":5.874305},{"startTime":5593.0,"endTime":5594.0,"start":5.874305,"end":5.9207726},{"startTime":5594.0,"endTime":5595.0,"start":5.9207726,"end":5.954093},{"startTime":5595.0,"endTime":5596.0,"start":5.954093,"end":5.9764495},{"startTime":5596.0,"endTime":5597.0,"start":5.9764495,"end":5.990032},{"startTime":5597.0,"endTime":5598.0,"start":5.990032,"end":5.9970264},{"startTime":5598.0,"endTime":5599.0,"start":5.9970264,"end":5.9996204},{"startTime":5599.0,"endTime":5600.0,"start":5.9996204,"end":6.0},{"startTime":5600.0,"endTime":5601.0,"start":6.0,"end":5.4550853},{"startTime":5601.0,"endTime":5602.0,"start":5.4550853,"end":4.9441633},{"startTime":5602.0,"endTime":5603.0,"start":4.9441633,"end":4.466141},{"startTime":5603.0,"endTime":5604.0,"start":4.466141,"end":4.019925},{"startTime":5604.0,"endTime":5605.0,"start":4.019925,"end":3.6044211},{"startTime":5605.0,"endTime":5606.0,"start":3.6044211,"end":3.2185369},{"startTime":5606.0,"endTime":5607.0,"start":3.2185369,"end":2.8611767},{"startTime":5607.0,"endTime":5608.0,"start":2.8611767,"end":2.53125},{"startTime":5608.0,"endTime":5609.0,"start":2.53125,"end":2.2279854},{"startTime":5609.0,"endTime":5610.0,"start":2.2279854,"end":1.9499384},{"startTime":5610.0,"endTime":5611.0,"start":1.9499384,"end":1.6960162},{"startTime":5611.0,"endTime":5612.0,"start":1.6960162,"end":1.4651248},{"startTime":5612.0,"endTime":5613.0,"start":1.4651248,"end":1.2561715},{"startTime":5613.0,"endTime":5614.0,"start":1.2561715,"end":1.0680617},{"startTime":5614.0,"endTime":5615.0,"start":1.0680617,"end":0.89970195},{"startTime":5615.0,"endTime":5616.0,"start":0.89970195,"end":0.75},{"startTime":5616.0,"endTime":5617.0,"start":0.75,"end":0.61807287},{"startTime":5617.0,"endTime":5618.0,"start":0.61807287,"end":0.5025884},{"startTime":5618.0,"endTime":5619.0,"start":0.5025884,"end":0.40245366},{"startTime":5619.0,"endTime":5620.0,"start":0.40245366,"end":0.31657505},{"startTime":5620.0,"endTime":5621.0,"start":0.31657505,"end":0.24385893},{"startTime":5621.0,"endTime":5622.0,"start":0.24385893,"end":0.18321133},{"startTime":5622.0,"endTime":5623.0,"start":0.18321133,"end":0.13353968},{"startTime":5623.0,"endTime":5624.0,"start":0.13353968,"end":0.09375},{"startTime":5624.0,"endTime":5625.0,"start":0.09375,"end":0.06284773},{"startTime":5625.0,"endTime":5626.0,"start":0.06284773,"end":0.039613724},{"startTime":5626.0,"endTime":5627.0,"start":0.039613724,"end":0.02295363},{"startTime":5627.0,"endTime":5628.0,"start":0.02295363,"end":0.011775255},{"startTime":5628.0,"endTime":5629.0,"start":0.011775255,"end":0.004983902},{"startTime":5629.0,"endTime":5630.0,"start":0.004983902,"end":0.001486659},{"startTime":5630.0,"endTime":5631.0,"start":0.001486659,"end":0.0001899004},{"startTime":5631.0,"endTime":5632.0,"start":0.0001899004,"end":0.0},{"startTime":5632.0,"endTime":1000000000.0,"start":0.0,"end":0.0}],"judgeLineDisappearEvents":[{"startTime":-999999.0,"endTime":5500.0,"start":1.0,"end":1.0},{"startTime":5500.0,"endTime":5501.0,"start":1.0,"end":0.421875},{"startTime":5501.0,"endTime":5502.0,"start":0.421875,"end":0.125},{"startTime":5502.0,"endTime":5503.0,"start":0.125,"end":0.015625},{"startTime":5503.0,"endTime":5504.0,"start":0.015625,"end":0.0},{"startTime":5504.0,"endTime":5508.0,"start":0.0,"end":0.09081908},{"startTime":5508.0,"endTime":5512.0,"start":0.09081908,"end":0.17597276},{"startTime":5512.0,"endTime":5516.0,"start":0.17597276,"end":0.2556431},{"startTime":5516.0,"endTime":5520.0,"start":0.2556431,"end":0.3300125},{"startTime":5520.0,"endTime":5524.0,"start":0.3300125,"end":0.39926314},{"startTime":5524.0,"endTime":5528.0,"start":0.39926314,"end":0.4635772},{"startTime":5528.0,"endTime":5532.0,"start":0.4635772,"end":0.5231372},{"startTime":5532.0,"endTime":5536.0,"start":0.5231372,"end":0.578125},{"startTime":5536.0,"endTime":5540.0,"start":0.578125,"end":0.6286691},{"startTime":5540.0,"endTime":5544.0,"start":0.6286691,"end":0.67501026},{"startTime":5544.0,"endTime":5548.0,"start":0.67501026,"end":0.71733063},{"startTime":5548.0,"endTime":5552.0,"start":0.71733063,"end":0.7558125},{"startTime":5552.0,"endTime":5556.0,"start":0.7558125,"end":0.7906381},{"startTime":5556.0,"endTime":5560.0,"start":0.7906381,"end":0.8219897},{"startTime":5560.0,"endTime":5564.0,"start":0.8219897,"end":0.8500497},{"startTime":5564.0,"endTime":5568.0,"start":0.8500497,"end":0.875},{"startTime":5568.0,"endTime":5572.0,"start":0.875,"end":0.89698786},{"startTime":5572.0,"endTime":5576.0,"start":0.89698786,"end":0.91623527},{"startTime":5576.0,"endTime":5580.0,"start":0.91623527,"end":0.9329244},{"startTime":5580.0,"endTime":5584.0,"start":0.9329244,"end":0.9472375},{"startTime":5584.0,"endTime":5588.0,"start":0.9472375,"end":0.95935684},{"startTime":5588.0,"endTime":5592.0,"start":0.95935684,"end":0.9694648},{"startTime":5592.0,"endTime":5596.0,"start":0.9694648,"end":0.9777434},{"startTime":5596.0,"endTime":5600.0,"start":0.9777434,"end":0.984375},{"startTime":5600.0,"endTime":5604.0,"start":0.984375,"end":0.9895254},{"startTime":5604.0,"endTime":5608.0,"start":0.9895254,"end":0.9933977},{"startTime":5608.0,"endTime":5612.0,"start":0.9933977,"end":0.9961744},{"startTime":5612.0,"endTime":5616.0,"start":0.9961744,"end":0.99803746},{"startTime":5616.0,"endTime":5620.0,"start":0.99803746,"end":0.99916935},{"startTime":5620.0,"endTime":5624.0,"start":0.99916935,"end":0.9997522},{"startTime":5624.0,"endTime":5628.0,"start":0.9997522,"end":0.99996835},{"startTime":5628.0,"endTime":5632.0,"start":0.99996835,"end":1.0},{"startTime":5632.0,"endTime":1000000000.0,"start":1.0,"end":1.0}]}]}