{"formatVersion":1,"offset":0.0,"judgeLineList":[{"bpm":210.0,"notesAbove":[{"type":1,"time":128,"positionX":-0.4582205,"holdTime":0.0,"speed":1.0,"floorPosition":1.8285714},{"type":1,"time":256,"positionX":-2.848158,"holdTime":0.0,"speed":1.0,"floorPosition":3.6571429},{"type":1,"time":267,"positionX":1.895779,"holdTime":0.0,"speed":1.0,"floorPosition":3.8142858},{"type":1,"time":277,"positionX":-4.519318,"holdTime":0.0,"speed":1.0,"floorPosition":3.957143},{"type":1,"time":288,"positionX":3.818508,"holdTime":0.0,"speed":1.0,"floorPosition":4.114286},{"type":1,"time":384,"positionX":-3.315363,"holdTime":0.0,"speed":1.0,"floorPosition":5.4857144},{"type":4,"time":384,"positionX":2.560647,"holdTime":0.0,"speed":1.0,"floorPosition":5.4857144},{"type":2,"time":432,"positionX":-3.225516,"holdTime":0.0,"speed":1.0,"floorPosition":6.1714287},{"type":2,"time":440,"positionX":-2.291105,"holdTime":0.0,"speed":1.0,"floorPosition":6.285714},{"type":2,"time":448,"positionX":-1.336927,"holdTime":0.0,"speed":1.0,"floorPosition":6.4},{"type":2,"time":456,"positionX":-0.9074574,"holdTime":0.0,"speed":1.0,"floorPosition":6.514286},{"type":2,"time":464,"positionX":-0.995671,"holdTime":0.0,"speed":1.0,"floorPosition":6.6285715},{"type":2,"time":472,"positionX":-1.251123,"holdTime":0.0,"speed":1.0,"floorPosition":6.7428575},{"type":2,"time":480,"positionX":-1.518419,"holdTime":0.0,"speed":1.0,"floorPosition":6.857143},{"type":1,"time":496,"positionX":3.836478,"holdTime":0.0,"speed":1.0,"floorPosition":7.085715},{"type":4,"time":512,"positionX":-5.274035,"holdTime":0.0,"speed":1.0,"floorPosition":7.3142858},{"type":1,"time":512,"positionX":0.7097931,"holdTime":0.0,"speed":1.0,"floorPosition":7.3142858},{"type":2,"time":560,"positionX":0.9613657,"holdTime":0.0,"speed":1.0,"floorPosition":8.0},{"type":2,"time":568,"positionX":1.67655,"holdTime":0.0,"speed":1.0,"floorPosition":8.114285},{"type":2,"time":576,"positionX":2.462632,"holdTime":0.0,"speed":1.0,"floorPosition":8.228572},{"type":2,"time":584,"positionX":2.994481,"holdTime":0.0,"speed":1.0,"floorPosition":8.342857},{"type":2,"time":592,"positionX":3.243487,"holdTime":0.0,"speed":1.0,"floorPosition":8.457143},{"type":2,"time":600,"positionX":3.022179,"holdTime":0.0,"speed":1.0,"floorPosition":8.571428},{"type":2,"time":608,"positionX":2.77628,"holdTime":0.0,"speed":1.0,"floorPosition":8.685714},{"type":2,"time":616,"positionX":2.560647,"holdTime":0.0,"speed":1.0,"floorPosition":8.8},{"type":2,"time":624,"positionX":2.183289,"holdTime":0.0,"speed":1.0,"floorPosition":8.914286},{"type":4,"time":624,"positionX":-3.962265,"holdTime":0.0,"speed":1.0,"floorPosition":8.914286},{"type":2,"time":688,"positionX":-2.183289,"holdTime":0.0,"speed":1.0,"floorPosition":9.828572},{"type":2,"time":696,"positionX":-0.8894882,"holdTime":0.0,"speed":1.0,"floorPosition":9.942857},{"type":2,"time":704,"positionX":-0.7337525,"holdTime":0.0,"speed":1.0,"floorPosition":10.057143},{"type":2,"time":712,"positionX":-0.4402514,"holdTime":0.0,"speed":1.0,"floorPosition":10.17143},{"type":2,"time":720,"positionX":-0.8445641,"holdTime":0.0,"speed":1.0,"floorPosition":10.285714},{"type":2,"time":728,"positionX":-1.243743,"holdTime":0.0,"speed":1.0,"floorPosition":10.400001},{"type":2,"time":736,"positionX":-1.667308,"holdTime":0.0,"speed":1.0,"floorPosition":10.514285},{"type":2,"time":744,"positionX":-1.891784,"holdTime":0.0,"speed":1.0,"floorPosition":10.6285715},{"type":2,"time":752,"positionX":-1.827493,"holdTime":0.0,"speed":1.0,"floorPosition":10.742858},{"type":2,"time":760,"positionX":-1.572327,"holdTime":0.0,"speed":1.0,"floorPosition":10.857142},{"type":1,"time":768,"positionX":3.728661,"holdTime":0.0,"speed":1.0,"floorPosition":10.971429},{"type":1,"time":779,"positionX":-3.584906,"holdTime":0.0,"speed":1.0,"floorPosition":11.1285715},{"type":1,"time":789,"positionX":2.578617,"holdTime":0.0,"speed":1.0,"floorPosition":11.271429},{"type":1,"time":800,"positionX":-4.591195,"holdTime":0.0,"speed":1.0,"floorPosition":11.428572},{"type":1,"time":811,"positionX":3.387241,"holdTime":0.0,"speed":1.0,"floorPosition":11.585714},{"type":1,"time":821,"positionX":-2.380953,"holdTime":0.0,"speed":1.0,"floorPosition":11.728571},{"type":1,"time":832,"positionX":3.351302,"holdTime":0.0,"speed":1.0,"floorPosition":11.885715},{"type":2,"time":840,"positionX":2.003593,"holdTime":0.0,"speed":1.0,"floorPosition":12.0},{"type":2,"time":848,"positionX":0.9433956,"holdTime":0.0,"speed":1.0,"floorPosition":12.114286},{"type":2,"time":856,"positionX":0.5840073,"holdTime":0.0,"speed":1.0,"floorPosition":12.228571},{"type":2,"time":864,"positionX":0.4338336,"holdTime":0.0,"speed":1.0,"floorPosition":12.342857},{"type":2,"time":872,"positionX":0.3791552,"holdTime":0.0,"speed":1.0,"floorPosition":12.457144},{"type":2,"time":880,"positionX":0.691824,"holdTime":0.0,"speed":1.0,"floorPosition":12.571428},{"type":2,"time":888,"positionX":1.608266,"holdTime":0.0,"speed":1.0,"floorPosition":12.685715},{"type":4,"time":896,"positionX":-3.854447,"holdTime":0.0,"speed":1.0,"floorPosition":12.8},{"type":2,"time":944,"positionX":1.895779,"holdTime":0.0,"speed":1.0,"floorPosition":13.485715},{"type":2,"time":952,"positionX":2.560647,"holdTime":0.0,"speed":1.0,"floorPosition":13.6},{"type":2,"time":960,"positionX":2.560647,"holdTime":0.0,"speed":1.0,"floorPosition":13.714286},{"type":2,"time":968,"positionX":2.981132,"holdTime":0.0,"speed":1.0,"floorPosition":13.828572},{"type":2,"time":976,"positionX":3.400077,"holdTime":0.0,"speed":1.0,"floorPosition":13.942857},{"type":2,"time":984,"positionX":3.749625,"holdTime":0.0,"speed":1.0,"floorPosition":14.057143},{"type":2,"time":992,"positionX":3.986223,"holdTime":0.0,"speed":1.0,"floorPosition":14.17143},{"type":1,"time":1008,"positionX":-5.292004,"holdTime":0.0,"speed":1.0,"floorPosition":14.400001},{"type":4,"time":1024,"positionX":-1.392632,"holdTime":0.0,"speed":1.0,"floorPosition":14.6285715},{"type":1,"time":1024,"positionX":4.123989,"holdTime":0.0,"speed":1.0,"floorPosition":14.6285715},{"type":2,"time":1072,"positionX":-2.686434,"holdTime":0.0,"speed":1.0,"floorPosition":15.314286},{"type":2,"time":1080,"positionX":-2.614555,"holdTime":0.0,"speed":1.0,"floorPosition":15.428572},{"type":2,"time":1088,"positionX":-2.45283,"holdTime":0.0,"speed":1.0,"floorPosition":15.542857},{"type":2,"time":1096,"positionX":-2.394022,"holdTime":0.0,"speed":1.0,"floorPosition":15.657143},{"type":2,"time":1104,"positionX":-2.309074,"holdTime":0.0,"speed":1.0,"floorPosition":15.771429},{"type":2,"time":1112,"positionX":-1.80593,"holdTime":0.0,"speed":1.0,"floorPosition":15.885715},{"type":2,"time":1120,"positionX":-1.518419,"holdTime":0.0,"speed":1.0,"floorPosition":16.0},{"type":4,"time":1120,"positionX":4.213836,"holdTime":0.0,"speed":1.0,"floorPosition":16.0},{"type":2,"time":1168,"positionX":-1.428572,"holdTime":0.0,"speed":1.0,"floorPosition":16.685715},{"type":2,"time":1176,"positionX":-1.626235,"holdTime":0.0,"speed":1.0,"floorPosition":16.8},{"type":2,"time":1184,"positionX":-1.662174,"holdTime":0.0,"speed":1.0,"floorPosition":16.914286},{"type":2,"time":1192,"positionX":-1.855346,"holdTime":0.0,"speed":1.0,"floorPosition":17.028572},{"type":2,"time":1200,"positionX":-2.047519,"holdTime":0.0,"speed":1.0,"floorPosition":17.142857},{"type":2,"time":1208,"positionX":-2.243187,"holdTime":0.0,"speed":1.0,"floorPosition":17.257143},{"type":2,"time":1216,"positionX":-2.542677,"holdTime":0.0,"speed":1.0,"floorPosition":17.371428},{"type":2,"time":1224,"positionX":-2.938005,"holdTime":0.0,"speed":1.0,"floorPosition":17.485714},{"type":2,"time":1232,"positionX":-2.979934,"holdTime":0.0,"speed":1.0,"floorPosition":17.6},{"type":2,"time":1240,"positionX":-3.171608,"holdTime":0.0,"speed":1.0,"floorPosition":17.714285},{"type":3,"time":1248,"positionX":2.704403,"holdTime":96.0,"speed":1.6,"floorPosition":17.828571},{"type":1,"time":1376,"positionX":3.135669,"holdTime":0.0,"speed":1.0,"floorPosition":19.657145},{"type":1,"time":1424,"positionX":1.644205,"holdTime":0.0,"speed":1.0,"floorPosition":20.34286},{"type":1,"time":1456,"positionX":3.09973,"holdTime":0.0,"speed":1.0,"floorPosition":20.800001},{"type":1,"time":1488,"positionX":0.7637014,"holdTime":0.0,"speed":1.0,"floorPosition":21.257143},{"type":1,"time":1536,"positionX":3.710692,"holdTime":0.0,"speed":1.0,"floorPosition":21.942858},{"type":1,"time":1584,"positionX":1.734052,"holdTime":0.0,"speed":1.0,"floorPosition":22.628572},{"type":1,"time":1632,"positionX":2.848158,"holdTime":0.0,"speed":1.0,"floorPosition":23.314285},{"type":4,"time":1680,"positionX":0.5300989,"holdTime":0.0,"speed":1.0,"floorPosition":24.0},{"type":4,"time":1712,"positionX":2.920035,"holdTime":0.0,"speed":1.0,"floorPosition":24.457142},{"type":4,"time":1744,"positionX":4.986524,"holdTime":0.0,"speed":1.0,"floorPosition":24.914288},{"type":1,"time":1792,"positionX":1.302786,"holdTime":0.0,"speed":1.0,"floorPosition":25.6},{"type":1,"time":1824,"positionX":2.973944,"holdTime":0.0,"speed":1.0,"floorPosition":26.057144},{"type":2,"time":1888,"positionX":2.219228,"holdTime":0.0,"speed":1.0,"floorPosition":26.97143},{"type":2,"time":1904,"positionX":3.477088,"holdTime":0.0,"speed":1.0,"floorPosition":27.2},{"type":2,"time":1920,"positionX":5.238095,"holdTime":0.0,"speed":1.0,"floorPosition":27.428572},{"type":2,"time":1936,"positionX":4.034142,"holdTime":0.0,"speed":1.0,"floorPosition":27.657145},{"type":2,"time":1952,"positionX":2.686433,"holdTime":0.0,"speed":1.0,"floorPosition":27.885714},{"type":2,"time":1968,"positionX":1.320754,"holdTime":0.0,"speed":1.0,"floorPosition":28.114286},{"type":2,"time":1984,"positionX":0.6558847,"holdTime":0.0,"speed":1.0,"floorPosition":28.34286},{"type":2,"time":2000,"positionX":-0.5300989,"holdTime":0.0,"speed":1.0,"floorPosition":28.571428},{"type":1,"time":2032,"positionX":-3.45912,"holdTime":0.0,"speed":1.0,"floorPosition":29.02857},{"type":1,"time":2064,"positionX":3.243487,"holdTime":0.0,"speed":1.0,"floorPosition":29.485716},{"type":1,"time":2080,"positionX":-4.339622,"holdTime":0.0,"speed":1.0,"floorPosition":29.714285},{"type":1,"time":2104,"positionX":2.866127,"holdTime":0.0,"speed":1.0,"floorPosition":30.057144},{"type":1,"time":2128,"positionX":-2.902067,"holdTime":0.0,"speed":1.0,"floorPosition":30.4},{"type":1,"time":2144,"positionX":-5.166217,"holdTime":0.0,"speed":1.0,"floorPosition":30.628572},{"type":2,"time":2160,"positionX":-5.238095,"holdTime":0.0,"speed":1.0,"floorPosition":30.857143},{"type":2,"time":2176,"positionX":-5.166217,"holdTime":0.0,"speed":1.0,"floorPosition":31.085714},{"type":2,"time":2192,"positionX":-5.094339,"holdTime":0.0,"speed":1.0,"floorPosition":31.314285},{"type":1,"time":2240,"positionX":-3.207547,"holdTime":0.0,"speed":1.0,"floorPosition":32.0},{"type":2,"time":2256,"positionX":-3.207547,"holdTime":0.0,"speed":1.0,"floorPosition":32.228573},{"type":2,"time":2272,"positionX":-3.171608,"holdTime":0.0,"speed":1.0,"floorPosition":32.45714},{"type":2,"time":2288,"positionX":-3.009883,"holdTime":0.0,"speed":1.0,"floorPosition":32.685715},{"type":1,"time":2320,"positionX":2.596586,"holdTime":0.0,"speed":1.0,"floorPosition":33.142857},{"type":1,"time":2352,"positionX":2.668463,"holdTime":0.0,"speed":1.0,"floorPosition":33.6},{"type":1,"time":2400,"positionX":0.4582214,"holdTime":0.0,"speed":1.0,"floorPosition":34.228573},{"type":1,"time":2432,"positionX":3.351302,"holdTime":0.0,"speed":1.0,"floorPosition":34.628574},{"type":1,"time":2464,"positionX":-1.895777,"holdTime":0.0,"speed":1.0,"floorPosition":35.028572},{"type":1,"time":2496,"positionX":2.183289,"holdTime":0.0,"speed":1.0,"floorPosition":35.42857},{"type":1,"time":2528,"positionX":0.853548,"holdTime":0.0,"speed":1.0,"floorPosition":35.82857},{"type":1,"time":2560,"positionX":-0.5660381,"holdTime":0.0,"speed":1.0,"floorPosition":36.228573},{"type":1,"time":2592,"positionX":-1.985624,"holdTime":0.0,"speed":1.0,"floorPosition":36.62857},{"type":2,"time":2608,"positionX":-0.9433956,"holdTime":0.0,"speed":1.0,"floorPosition":36.82857},{"type":2,"time":2640,"positionX":-0.224618,"holdTime":0.0,"speed":1.0,"floorPosition":37.228573},{"type":2,"time":2672,"positionX":0.4582214,"holdTime":0.0,"speed":1.0,"floorPosition":37.62857},{"type":1,"time":2720,"positionX":-2.093441,"holdTime":0.0,"speed":1.0,"floorPosition":38.228573},{"type":1,"time":2752,"positionX":1.212938,"holdTime":0.0,"speed":1.0,"floorPosition":38.62857},{"type":1,"time":2773,"positionX":-2.470799,"holdTime":0.0,"speed":1.0,"floorPosition":38.89107},{"type":1,"time":2795,"positionX":2.416891,"holdTime":0.0,"speed":1.0,"floorPosition":39.166073},{"type":1,"time":2816,"positionX":-4.177897,"holdTime":0.0,"speed":1.0,"floorPosition":39.42857},{"type":1,"time":2837,"positionX":4.070081,"holdTime":0.0,"speed":1.0,"floorPosition":39.69107},{"type":1,"time":2859,"positionX":-2.470799,"holdTime":0.0,"speed":1.0,"floorPosition":39.966072},{"type":1,"time":2880,"positionX":2.021564,"holdTime":0.0,"speed":1.0,"floorPosition":40.228573},{"type":1,"time":2912,"positionX":-3.78257,"holdTime":0.0,"speed":1.0,"floorPosition":40.62857},{"type":1,"time":2944,"positionX":0.8176098,"holdTime":0.0,"speed":1.0,"floorPosition":41.028572},{"type":1,"time":2976,"positionX":-3.513028,"holdTime":0.0,"speed":1.0,"floorPosition":41.42857},{"type":1,"time":3008,"positionX":1.949684,"holdTime":0.0,"speed":1.0,"floorPosition":41.82857},{"type":1,"time":3040,"positionX":-1.698113,"holdTime":0.0,"speed":1.0,"floorPosition":42.228573},{"type":2,"time":3072,"positionX":1.985625,"holdTime":0.0,"speed":1.0,"floorPosition":42.62857},{"type":2,"time":3088,"positionX":2.309074,"holdTime":0.0,"speed":1.0,"floorPosition":42.82857},{"type":2,"time":3104,"positionX":2.506739,"holdTime":0.0,"speed":1.0,"floorPosition":43.028572},{"type":2,"time":3120,"positionX":2.668463,"holdTime":0.0,"speed":1.0,"floorPosition":43.228573},{"type":2,"time":3152,"positionX":0.2605572,"holdTime":0.0,"speed":1.0,"floorPosition":43.62857},{"type":2,"time":3168,"positionX":1.194968,"holdTime":0.0,"speed":1.0,"floorPosition":43.82857},{"type":3,"time":3168,"positionX":-4.465408,"holdTime":160.0,"speed":1.4,"floorPosition":43.82857},{"type":1,"time":3360,"positionX":-4.393531,"holdTime":0.0,"speed":1.0,"floorPosition":46.285713},{"type":1,"time":3360,"positionX":1.608266,"holdTime":0.0,"speed":1.0,"floorPosition":46.285713},{"type":1,"time":3408,"positionX":-2.542677,"holdTime":0.0,"speed":1.0,"floorPosition":46.971428},{"type":1,"time":3408,"positionX":3.7646,"holdTime":0.0,"speed":1.0,"floorPosition":46.971428},{"type":1,"time":3456,"positionX":2.165318,"holdTime":0.0,"speed":1.0,"floorPosition":47.65714},{"type":1,"time":3456,"positionX":-3.908356,"holdTime":0.0,"speed":1.0,"floorPosition":47.65714},{"type":1,"time":3504,"positionX":-1.78796,"holdTime":0.0,"speed":1.0,"floorPosition":48.342857},{"type":1,"time":3504,"positionX":4.159928,"holdTime":0.0,"speed":1.0,"floorPosition":48.342857},{"type":1,"time":3584,"positionX":-4.537287,"holdTime":0.0,"speed":1.0,"floorPosition":49.485714},{"type":1,"time":3584,"positionX":3.369273,"holdTime":0.0,"speed":1.0,"floorPosition":49.485714},{"type":1,"time":3632,"positionX":-1.859838,"holdTime":0.0,"speed":1.0,"floorPosition":50.171425},{"type":1,"time":3632,"positionX":3.351302,"holdTime":0.0,"speed":1.0,"floorPosition":50.171425},{"type":1,"time":3680,"positionX":4.860737,"holdTime":0.0,"speed":1.0,"floorPosition":50.857143},{"type":1,"time":3680,"positionX":-3.387241,"holdTime":0.0,"speed":1.0,"floorPosition":50.857143},{"type":1,"time":3728,"positionX":-5.022461,"holdTime":0.0,"speed":1.0,"floorPosition":51.542854},{"type":1,"time":3728,"positionX":0.9254274,"holdTime":0.0,"speed":1.0,"floorPosition":51.542854},{"type":1,"time":3808,"positionX":2.848158,"holdTime":0.0,"speed":1.0,"floorPosition":52.68571},{"type":1,"time":3808,"positionX":-3.674753,"holdTime":0.0,"speed":1.0,"floorPosition":52.68571},{"type":1,"time":3856,"positionX":-5.166217,"holdTime":0.0,"speed":1.0,"floorPosition":53.371426},{"type":1,"time":3856,"positionX":0.1707096,"holdTime":0.0,"speed":1.0,"floorPosition":53.371426},{"type":1,"time":3904,"positionX":-0.7996407,"holdTime":0.0,"speed":1.0,"floorPosition":54.05714},{"type":1,"time":3904,"positionX":6.028751,"holdTime":0.0,"speed":1.0,"floorPosition":54.05714},{"type":1,"time":3952,"positionX":0.5300989,"holdTime":0.0,"speed":1.0,"floorPosition":54.742855},{"type":1,"time":3952,"positionX":6.08266,"holdTime":0.0,"speed":1.0,"floorPosition":54.742855},{"type":1,"time":4320,"positionX":-1.464511,"holdTime":0.0,"speed":1.0,"floorPosition":60.0},{"type":1,"time":4352,"positionX":2.704403,"holdTime":0.0,"speed":1.0,"floorPosition":60.45714},{"type":1,"time":4384,"positionX":-3.548966,"holdTime":0.0,"speed":1.0,"floorPosition":60.914284},{"type":1,"time":4416,"positionX":2.794249,"holdTime":0.0,"speed":1.0,"floorPosition":61.371426},{"type":1,"time":4448,"positionX":-5.43576,"holdTime":0.0,"speed":1.0,"floorPosition":61.82857},{"type":1,"time":4464,"positionX":3.782569,"holdTime":0.0,"speed":1.0,"floorPosition":62.05714},{"type":1,"time":4512,"positionX":1.284817,"holdTime":0.0,"speed":1.0,"floorPosition":62.742855},{"type":1,"time":4512,"positionX":-5.040431,"holdTime":0.0,"speed":1.0,"floorPosition":62.742855},{"type":1,"time":4576,"positionX":-4.75292,"holdTime":0.0,"speed":1.0,"floorPosition":63.65714},{"type":1,"time":4576,"positionX":2.309074,"holdTime":0.0,"speed":1.0,"floorPosition":63.65714},{"type":1,"time":4608,"positionX":5.45373,"holdTime":0.0,"speed":1.0,"floorPosition":64.11428},{"type":1,"time":4640,"positionX":1.518419,"holdTime":0.0,"speed":1.0,"floorPosition":64.57143},{"type":1,"time":4640,"positionX":-4.591195,"holdTime":0.0,"speed":1.0,"floorPosition":64.57143},{"type":1,"time":4672,"positionX":4.716982,"holdTime":0.0,"speed":1.0,"floorPosition":65.02857},{"type":1,"time":4704,"positionX":-4.537287,"holdTime":0.0,"speed":1.0,"floorPosition":65.48571},{"type":1,"time":4720,"positionX":-6.226416,"holdTime":0.0,"speed":1.0,"floorPosition":65.71429},{"type":3,"time":4720,"positionX":2.578617,"holdTime":176.0,"speed":1.6,"floorPosition":65.71429},{"type":1,"time":4784,"positionX":-4.159927,"holdTime":0.0,"speed":1.0,"floorPosition":66.62857},{"type":3,"time":4832,"positionX":-4.303684,"holdTime":64.0,"speed":1.6,"floorPosition":67.314285},{"type":1,"time":4928,"positionX":-3.423181,"holdTime":0.0,"speed":1.0,"floorPosition":68.685715},{"type":4,"time":4928,"positionX":3.297395,"holdTime":0.0,"speed":1.0,"floorPosition":68.685715},{"type":1,"time":4976,"positionX":-4.195868,"holdTime":0.0,"speed":1.0,"floorPosition":69.37142},{"type":4,"time":4976,"positionX":1.823898,"holdTime":0.0,"speed":1.0,"floorPosition":69.37142},{"type":1,"time":5024,"positionX":2.740341,"holdTime":0.0,"speed":1.0,"floorPosition":70.057144},{"type":4,"time":5024,"positionX":-3.656784,"holdTime":0.0,"speed":1.0,"floorPosition":70.057144},{"type":1,"time":5072,"positionX":4.267745,"holdTime":0.0,"speed":1.0,"floorPosition":70.74285},{"type":4,"time":5072,"positionX":-4.267745,"holdTime":0.0,"speed":1.0,"floorPosition":70.74285},{"type":1,"time":5120,"positionX":-1.590297,"holdTime":0.0,"speed":1.0,"floorPosition":71.42857},{"type":1,"time":5141,"positionX":3.369273,"holdTime":0.0,"speed":1.0,"floorPosition":71.72857},{"type":1,"time":5163,"positionX":-4.4115,"holdTime":0.0,"speed":1.0,"floorPosition":72.042854},{"type":1,"time":5216,"positionX":-0.4582205,"holdTime":0.0,"speed":1.0,"floorPosition":72.799995},{"type":1,"time":5248,"positionX":-2.345014,"holdTime":0.0,"speed":1.0,"floorPosition":73.25714},{"type":1,"time":5280,"positionX":1.500449,"holdTime":0.0,"speed":1.0,"floorPosition":73.71429},{"type":1,"time":5312,"positionX":-2.470799,"holdTime":0.0,"speed":1.0,"floorPosition":74.17143},{"type":2,"time":5360,"positionX":0.4043121,"holdTime":0.0,"speed":1.0,"floorPosition":74.85714},{"type":2,"time":5392,"positionX":1.302786,"holdTime":0.0,"speed":1.0,"floorPosition":75.314285},{"type":2,"time":5424,"positionX":1.626235,"holdTime":0.0,"speed":1.0,"floorPosition":75.77142},{"type":1,"time":5472,"positionX":-1.859838,"holdTime":0.0,"speed":1.0,"floorPosition":76.457146},{"type":1,"time":5472,"positionX":3.944294,"holdTime":0.0,"speed":1.0,"floorPosition":76.457146},{"type":1,"time":5520,"positionX":1.500449,"holdTime":0.0,"speed":1.0,"floorPosition":77.14286},{"type":1,"time":5520,"positionX":-4.195868,"holdTime":0.0,"speed":1.0,"floorPosition":77.14286},{"type":1,"time":5568,"positionX":1.662174,"holdTime":0.0,"speed":1.0,"floorPosition":77.82857},{"type":1,"time":5568,"positionX":-3.441151,"holdTime":0.0,"speed":1.0,"floorPosition":77.82857},{"type":1,"time":5616,"positionX":3.656783,"holdTime":0.0,"speed":1.0,"floorPosition":78.51428},{"type":1,"time":5616,"positionX":-4.555256,"holdTime":0.0,"speed":1.0,"floorPosition":78.51428},{"type":1,"time":5648,"positionX":-2.039534,"holdTime":0.0,"speed":1.0,"floorPosition":78.97143},{"type":1,"time":5680,"positionX":1.212938,"holdTime":0.0,"speed":1.0,"floorPosition":79.42857},{"type":1,"time":5728,"positionX":-1.931716,"holdTime":0.0,"speed":1.0,"floorPosition":80.11428},{"type":1,"time":5760,"positionX":1.572327,"holdTime":0.0,"speed":1.0,"floorPosition":80.57143},{"type":1,"time":5808,"positionX":-2.884097,"holdTime":0.0,"speed":1.0,"floorPosition":81.25714},{"type":1,"time":5840,"positionX":2.812219,"holdTime":0.0,"speed":1.0,"floorPosition":81.71429},{"type":1,"time":5872,"positionX":-3.602876,"holdTime":0.0,"speed":1.0,"floorPosition":82.17143},{"type":1,"time":5904,"positionX":0.5300989,"holdTime":0.0,"speed":1.0,"floorPosition":82.62856},{"type":1,"time":5952,"positionX":3.189578,"holdTime":0.0,"speed":1.0,"floorPosition":83.314285},{"type":3,"time":5952,"positionX":-3.872417,"holdTime":32.0,"speed":1.6,"floorPosition":83.314285},{"type":2,"time":5984,"positionX":-3.764601,"holdTime":0.0,"speed":1.0,"floorPosition":83.77142},{"type":2,"time":5995,"positionX":-3.692722,"holdTime":0.0,"speed":1.0,"floorPosition":83.92857},{"type":2,"time":6005,"positionX":-3.674753,"holdTime":0.0,"speed":1.0,"floorPosition":84.07143},{"type":2,"time":6016,"positionX":-3.692722,"holdTime":0.0,"speed":1.0,"floorPosition":84.22857},{"type":3,"time":6016,"positionX":2.183289,"holdTime":32.0,"speed":1.6,"floorPosition":84.22857},{"type":2,"time":6048,"positionX":2.201257,"holdTime":0.0,"speed":1.0,"floorPosition":84.685715},{"type":2,"time":6059,"positionX":2.219228,"holdTime":0.0,"speed":1.0,"floorPosition":84.84285},{"type":2,"time":6069,"positionX":2.219228,"holdTime":0.0,"speed":1.0,"floorPosition":84.98571},{"type":2,"time":6080,"positionX":2.201257,"holdTime":0.0,"speed":1.0,"floorPosition":85.14286},{"type":3,"time":6080,"positionX":-3.638814,"holdTime":32.0,"speed":1.6,"floorPosition":85.14286},{"type":1,"time":6144,"positionX":1.895779,"holdTime":0.0,"speed":1.0,"floorPosition":86.05714},{"type":1,"time":6165,"positionX":-3.638814,"holdTime":0.0,"speed":1.0,"floorPosition":86.35714},{"type":1,"time":6187,"positionX":2.14735,"holdTime":0.0,"speed":1.0,"floorPosition":86.67143},{"type":3,"time":6208,"positionX":-3.189577,"holdTime":32.0,"speed":1.6,"floorPosition":86.97143},{"type":2,"time":6240,"positionX":-3.225516,"holdTime":0.0,"speed":1.0,"floorPosition":87.42857},{"type":2,"time":6251,"positionX":-3.279425,"holdTime":0.0,"speed":1.0,"floorPosition":87.58571},{"type":2,"time":6261,"positionX":-3.263089,"holdTime":0.0,"speed":1.0,"floorPosition":87.72857},{"type":3,"time":6272,"positionX":2.812219,"holdTime":32.0,"speed":1.6,"floorPosition":87.88572},{"type":2,"time":6272,"positionX":-3.045822,"holdTime":0.0,"speed":1.0,"floorPosition":87.88572},{"type":2,"time":6304,"positionX":2.866127,"holdTime":0.0,"speed":1.0,"floorPosition":88.34285},{"type":2,"time":6315,"positionX":2.854148,"holdTime":0.0,"speed":1.0,"floorPosition":88.5},{"type":2,"time":6325,"positionX":2.814465,"holdTime":0.0,"speed":1.0,"floorPosition":88.64286},{"type":2,"time":6336,"positionX":2.722372,"holdTime":0.0,"speed":1.0,"floorPosition":88.799995},{"type":3,"time":6336,"positionX":-2.848158,"holdTime":32.0,"speed":1.6,"floorPosition":88.799995},{"type":1,"time":6400,"positionX":2.273136,"holdTime":0.0,"speed":1.0,"floorPosition":89.71429},{"type":1,"time":6421,"positionX":-3.926325,"holdTime":0.0,"speed":1.0,"floorPosition":90.01428},{"type":1,"time":6443,"positionX":2.614555,"holdTime":0.0,"speed":1.0,"floorPosition":90.32857},{"type":2,"time":6464,"positionX":-2.955975,"holdTime":0.0,"speed":1.0,"floorPosition":90.62856},{"type":3,"time":6464,"positionX":-2.938005,"holdTime":32.0,"speed":1.6,"floorPosition":90.62856},{"type":2,"time":6472,"positionX":-2.955975,"holdTime":0.0,"speed":1.0,"floorPosition":90.74286},{"type":2,"time":6480,"positionX":-2.927224,"holdTime":0.0,"speed":1.0,"floorPosition":90.85714},{"type":2,"time":6488,"positionX":-2.866127,"holdTime":0.0,"speed":1.0,"floorPosition":90.97143},{"type":2,"time":6496,"positionX":-2.884097,"holdTime":0.0,"speed":1.0,"floorPosition":91.08571},{"type":2,"time":6528,"positionX":2.129379,"holdTime":0.0,"speed":1.0,"floorPosition":91.542854},{"type":3,"time":6528,"positionX":2.075471,"holdTime":32.0,"speed":1.6,"floorPosition":91.542854},{"type":2,"time":6536,"positionX":2.111411,"holdTime":0.0,"speed":1.0,"floorPosition":91.65714},{"type":2,"time":6544,"positionX":2.111411,"holdTime":0.0,"speed":1.0,"floorPosition":91.77142},{"type":2,"time":6552,"positionX":2.111411,"holdTime":0.0,"speed":1.0,"floorPosition":91.88572},{"type":2,"time":6560,"positionX":2.075471,"holdTime":0.0,"speed":1.0,"floorPosition":92.0},{"type":2,"time":6592,"positionX":-2.866127,"holdTime":0.0,"speed":1.0,"floorPosition":92.457146},{"type":3,"time":6592,"positionX":-2.866127,"holdTime":32.0,"speed":1.6,"floorPosition":92.457146},{"type":2,"time":6600,"positionX":-2.866127,"holdTime":0.0,"speed":1.0,"floorPosition":92.57143},{"type":2,"time":6608,"positionX":-2.866127,"holdTime":0.0,"speed":1.0,"floorPosition":92.685715},{"type":2,"time":6616,"positionX":-2.866127,"holdTime":0.0,"speed":1.0,"floorPosition":92.799995},{"type":2,"time":6624,"positionX":-2.866127,"holdTime":0.0,"speed":1.0,"floorPosition":92.91428},{"type":1,"time":6656,"positionX":1.572327,"holdTime":0.0,"speed":1.0,"floorPosition":93.37142},{"type":1,"time":6704,"positionX":-2.578616,"holdTime":0.0,"speed":1.0,"floorPosition":94.05714},{"type":2,"time":6768,"positionX":1.356693,"holdTime":0.0,"speed":1.0,"floorPosition":94.97143},{"type":2,"time":6776,"positionX":1.78796,"holdTime":0.0,"speed":1.0,"floorPosition":95.08571},{"type":2,"time":6784,"positionX":2.43486,"holdTime":0.0,"speed":1.0,"floorPosition":95.2},{"type":2,"time":6792,"positionX":3.243487,"holdTime":0.0,"speed":1.0,"floorPosition":95.314285},{"type":2,"time":6800,"positionX":3.566936,"holdTime":0.0,"speed":1.0,"floorPosition":95.42857},{"type":2,"time":6808,"positionX":3.674754,"holdTime":0.0,"speed":1.0,"floorPosition":95.542854},{"type":1,"time":6832,"positionX":-4.321653,"holdTime":0.0,"speed":1.0,"floorPosition":95.88572},{"type":4,"time":6848,"positionX":3.746631,"holdTime":0.0,"speed":1.0,"floorPosition":96.11428},{"type":2,"time":6896,"positionX":-1.374663,"holdTime":0.0,"speed":1.0,"floorPosition":96.799995},{"type":2,"time":6904,"positionX":-1.769991,"holdTime":0.0,"speed":1.0,"floorPosition":96.91428},{"type":2,"time":6912,"positionX":-1.925726,"holdTime":0.0,"speed":1.0,"floorPosition":97.02857},{"type":2,"time":6920,"positionX":-2.237196,"holdTime":0.0,"speed":1.0,"floorPosition":97.14286},{"type":2,"time":6928,"positionX":-2.51654,"holdTime":0.0,"speed":1.0,"floorPosition":97.25714},{"type":2,"time":6936,"positionX":-2.797087,"holdTime":0.0,"speed":1.0,"floorPosition":97.37142},{"type":2,"time":6944,"positionX":-3.171608,"holdTime":0.0,"speed":1.0,"floorPosition":97.48571},{"type":4,"time":6960,"positionX":2.77628,"holdTime":0.0,"speed":1.0,"floorPosition":97.71429},{"type":2,"time":7024,"positionX":1.931716,"holdTime":0.0,"speed":1.0,"floorPosition":98.62856},{"type":2,"time":7032,"positionX":1.823898,"holdTime":0.0,"speed":1.0,"floorPosition":98.74286},{"type":2,"time":7040,"positionX":1.823898,"holdTime":0.0,"speed":1.0,"floorPosition":98.85714},{"type":2,"time":7048,"positionX":1.916313,"holdTime":0.0,"speed":1.0,"floorPosition":98.97143},{"type":2,"time":7056,"positionX":2.093441,"holdTime":0.0,"speed":1.0,"floorPosition":99.08571},{"type":2,"time":7064,"positionX":2.387487,"holdTime":0.0,"speed":1.0,"floorPosition":99.2},{"type":2,"time":7072,"positionX":2.955976,"holdTime":0.0,"speed":1.0,"floorPosition":99.314285},{"type":1,"time":7104,"positionX":-3.171608,"holdTime":0.0,"speed":1.0,"floorPosition":99.77142},{"type":2,"time":7115,"positionX":-1.284816,"holdTime":0.0,"speed":1.0,"floorPosition":99.92857},{"type":2,"time":7126,"positionX":0.386343,"holdTime":0.0,"speed":1.0,"floorPosition":100.08571},{"type":1,"time":7136,"positionX":3.692722,"holdTime":0.0,"speed":1.0,"floorPosition":100.22857},{"type":2,"time":7147,"positionX":3.063792,"holdTime":0.0,"speed":1.0,"floorPosition":100.38572},{"type":2,"time":7158,"positionX":-0.1168013,"holdTime":0.0,"speed":1.0,"floorPosition":100.542854},{"type":2,"time":7168,"positionX":-4.555256,"holdTime":0.0,"speed":1.0,"floorPosition":100.685715},{"type":2,"time":7176,"positionX":-3.318957,"holdTime":0.0,"speed":1.0,"floorPosition":100.799995},{"type":2,"time":7184,"positionX":-2.273136,"holdTime":0.0,"speed":1.0,"floorPosition":100.91428},{"type":2,"time":7192,"positionX":-1.015274,"holdTime":0.0,"speed":1.0,"floorPosition":101.02857},{"type":2,"time":7200,"positionX":-0.09883118,"holdTime":0.0,"speed":1.0,"floorPosition":101.14286},{"type":2,"time":7208,"positionX":1.392632,"holdTime":0.0,"speed":1.0,"floorPosition":101.25714},{"type":2,"time":7216,"positionX":2.866127,"holdTime":0.0,"speed":1.0,"floorPosition":101.37142},{"type":2,"time":7224,"positionX":3.854447,"holdTime":0.0,"speed":1.0,"floorPosition":101.48571},{"type":2,"time":7232,"positionX":4.285715,"holdTime":0.0,"speed":1.0,"floorPosition":101.6},{"type":2,"time":7280,"positionX":3.189578,"holdTime":0.0,"speed":1.0,"floorPosition":102.28571},{"type":2,"time":7288,"positionX":2.345014,"holdTime":0.0,"speed":1.0,"floorPosition":102.4},{"type":2,"time":7296,"positionX":2.273136,"holdTime":0.0,"speed":1.0,"floorPosition":102.51428},{"type":2,"time":7304,"positionX":1.982031,"holdTime":0.0,"speed":1.0,"floorPosition":102.62856},{"type":2,"time":7312,"positionX":1.701108,"holdTime":0.0,"speed":1.0,"floorPosition":102.74286},{"type":2,"time":7320,"positionX":1.437556,"holdTime":0.0,"speed":1.0,"floorPosition":102.85714},{"type":2,"time":7328,"positionX":1.194968,"holdTime":0.0,"speed":1.0,"floorPosition":102.97143},{"type":1,"time":7344,"positionX":-4.4115,"holdTime":0.0,"speed":1.0,"floorPosition":103.2},{"type":4,"time":7360,"positionX":3.063792,"holdTime":0.0,"speed":1.0,"floorPosition":103.42857},{"type":2,"time":7408,"positionX":-1.662174,"holdTime":0.0,"speed":1.0,"floorPosition":104.11428},{"type":2,"time":7416,"positionX":-1.949686,"holdTime":0.0,"speed":1.0,"floorPosition":104.22857},{"type":2,"time":7424,"positionX":-2.302541,"holdTime":0.0,"speed":1.0,"floorPosition":104.34286},{"type":2,"time":7432,"positionX":-2.657682,"holdTime":0.0,"speed":1.0,"floorPosition":104.457146},{"type":2,"time":7440,"positionX":-3.009883,"holdTime":0.0,"speed":1.0,"floorPosition":104.57143},{"type":2,"time":7448,"positionX":-3.513028,"holdTime":0.0,"speed":1.0,"floorPosition":104.685715},{"type":2,"time":7456,"positionX":-3.854447,"holdTime":0.0,"speed":1.0,"floorPosition":104.799995},{"type":4,"time":7456,"positionX":3.063792,"holdTime":0.0,"speed":1.0,"floorPosition":104.799995},{"type":2,"time":7504,"positionX":1.141061,"holdTime":0.0,"speed":1.0,"floorPosition":105.48572},{"type":2,"time":7512,"positionX":1.428572,"holdTime":0.0,"speed":1.0,"floorPosition":105.6},{"type":2,"time":7520,"positionX":1.789342,"holdTime":0.0,"speed":1.0,"floorPosition":105.71429},{"type":2,"time":7528,"positionX":2.219228,"holdTime":0.0,"speed":1.0,"floorPosition":105.82857},{"type":2,"time":7536,"positionX":2.740341,"holdTime":0.0,"speed":1.0,"floorPosition":105.942856},{"type":2,"time":7544,"positionX":3.171607,"holdTime":0.0,"speed":1.0,"floorPosition":106.057144},{"type":2,"time":7552,"positionX":3.620845,"holdTime":0.0,"speed":1.0,"floorPosition":106.17143},{"type":3,"time":7584,"positionX":0.008984566,"holdTime":128.0,"speed":1.3,"floorPosition":106.62858},{"type":1,"time":7808,"positionX":-1.500449,"holdTime":0.0,"speed":1.0,"floorPosition":109.22858},{"type":1,"time":7856,"positionX":1.895779,"holdTime":0.0,"speed":1.0,"floorPosition":109.78571},{"type":1,"time":7968,"positionX":-0.9074574,"holdTime":0.0,"speed":1.0,"floorPosition":111.08572},{"type":1,"time":8016,"positionX":2.273136,"holdTime":0.0,"speed":1.0,"floorPosition":111.64286},{"type":2,"time":8320,"positionX":-2.416891,"holdTime":0.0,"speed":1.0,"floorPosition":115.17143},{"type":2,"time":8368,"positionX":1.608266,"holdTime":0.0,"speed":1.0,"floorPosition":115.72858},{"type":2,"time":8480,"positionX":-0.6738548,"holdTime":0.0,"speed":1.0,"floorPosition":117.02857},{"type":2,"time":8672,"positionX":0.6738558,"holdTime":0.0,"speed":1.0,"floorPosition":119.25715},{"type":2,"time":8720,"positionX":2.470799,"holdTime":0.0,"speed":1.0,"floorPosition":119.814285},{"type":2,"time":8768,"positionX":-2.291105,"holdTime":0.0,"speed":1.0,"floorPosition":120.37144},{"type":1,"time":9664,"positionX":2.057502,"holdTime":0.0,"speed":1.0,"floorPosition":130.77144},{"type":1,"time":9728,"positionX":0.8176098,"holdTime":0.0,"speed":1.0,"floorPosition":131.5143},{"type":1,"time":9792,"positionX":1.913747,"holdTime":0.0,"speed":1.0,"floorPosition":132.25714},{"type":3,"time":9920,"positionX":-2.12938,"holdTime":192.0,"speed":1.3,"floorPosition":133.74286},{"type":2,"time":9984,"positionX":2.48877,"holdTime":0.0,"speed":1.0,"floorPosition":134.48572},{"type":2,"time":10048,"positionX":1.734052,"holdTime":0.0,"speed":1.0,"floorPosition":135.22858},{"type":2,"time":10112,"positionX":-2.039534,"holdTime":0.0,"speed":1.0,"floorPosition":135.97142},{"type":2,"time":10112,"positionX":1.931716,"holdTime":0.0,"speed":1.0,"floorPosition":135.97142},{"type":2,"time":10120,"positionX":-2.003593,"holdTime":0.0,"speed":1.0,"floorPosition":136.09285},{"type":2,"time":10128,"positionX":-2.003593,"holdTime":0.0,"speed":1.0,"floorPosition":136.21428},{"type":2,"time":10136,"positionX":-2.003593,"holdTime":0.0,"speed":1.0,"floorPosition":136.33571},{"type":2,"time":10144,"positionX":-1.973645,"holdTime":0.0,"speed":1.0,"floorPosition":136.45714},{"type":2,"time":10152,"positionX":-1.95328,"holdTime":0.0,"speed":1.0,"floorPosition":136.57857},{"type":2,"time":10160,"positionX":-1.949686,"holdTime":0.0,"speed":1.0,"floorPosition":136.7},{"type":2,"time":10168,"positionX":-1.949686,"holdTime":0.0,"speed":1.0,"floorPosition":136.82143},{"type":2,"time":10176,"positionX":-1.949686,"holdTime":0.0,"speed":1.0,"floorPosition":136.94286},{"type":4,"time":10224,"positionX":1.716084,"holdTime":0.0,"speed":1.0,"floorPosition":137.55},{"type":4,"time":10288,"positionX":-2.147349,"holdTime":0.0,"speed":1.0,"floorPosition":138.52142},{"type":1,"time":10368,"positionX":1.320754,"holdTime":0.0,"speed":1.0,"floorPosition":139.7357},{"type":1,"time":10389,"positionX":-3.513028,"holdTime":0.0,"speed":1.0,"floorPosition":140.05446},{"type":1,"time":10411,"positionX":4.321652,"holdTime":0.0,"speed":1.0,"floorPosition":140.3884},{"type":1,"time":10432,"positionX":-2.81222,"holdTime":0.0,"speed":1.0,"floorPosition":140.70714},{"type":3,"time":10480,"positionX":1.949684,"holdTime":144.0,"speed":1.7,"floorPosition":141.43571},{"type":3,"time":10592,"positionX":-3.117701,"holdTime":64.0,"speed":1.7,"floorPosition":143.13571},{"type":1,"time":10688,"positionX":-2.345014,"holdTime":0.0,"speed":1.0,"floorPosition":144.59285},{"type":1,"time":10688,"positionX":3.890386,"holdTime":0.0,"speed":1.0,"floorPosition":144.59285},{"type":1,"time":10736,"positionX":2.057502,"holdTime":0.0,"speed":1.0,"floorPosition":145.32143},{"type":1,"time":10736,"positionX":-3.09973,"holdTime":0.0,"speed":1.0,"floorPosition":145.32143},{"type":1,"time":10784,"positionX":3.45912,"holdTime":0.0,"speed":1.0,"floorPosition":146.05},{"type":1,"time":10784,"positionX":-3.926325,"holdTime":0.0,"speed":1.0,"floorPosition":146.05},{"type":1,"time":10832,"positionX":-2.416891,"holdTime":0.0,"speed":1.0,"floorPosition":146.77856},{"type":1,"time":10832,"positionX":2.45283,"holdTime":0.0,"speed":1.0,"floorPosition":146.77856},{"type":1,"time":10880,"positionX":-2.488769,"holdTime":0.0,"speed":1.0,"floorPosition":147.50713},{"type":1,"time":10904,"positionX":2.596586,"holdTime":0.0,"speed":1.0,"floorPosition":147.87143},{"type":1,"time":10928,"positionX":-2.255166,"holdTime":0.0,"speed":1.0,"floorPosition":148.23572},{"type":1,"time":10976,"positionX":2.255166,"holdTime":0.0,"speed":1.0,"floorPosition":148.96428},{"type":1,"time":11008,"positionX":-2.884097,"holdTime":0.0,"speed":1.0,"floorPosition":149.45},{"type":1,"time":11040,"positionX":2.45283,"holdTime":0.0,"speed":1.0,"floorPosition":149.9357},{"type":1,"time":11072,"positionX":-2.345014,"holdTime":0.0,"speed":1.0,"floorPosition":150.42142},{"type":4,"time":11120,"positionX":0.1707096,"holdTime":0.0,"speed":1.0,"floorPosition":151.15},{"type":4,"time":11152,"positionX":0.08086205,"holdTime":0.0,"speed":1.0,"floorPosition":151.63571},{"type":4,"time":11184,"positionX":0.06289387,"holdTime":0.0,"speed":1.0,"floorPosition":152.12143},{"type":1,"time":11232,"positionX":2.14735,"holdTime":0.0,"speed":1.0,"floorPosition":152.84999},{"type":1,"time":11264,"positionX":-3.189577,"holdTime":0.0,"speed":1.0,"floorPosition":153.33571},{"type":1,"time":11296,"positionX":1.230907,"holdTime":0.0,"speed":1.0,"floorPosition":153.82143},{"type":3,"time":11328,"positionX":-2.327044,"holdTime":32.0,"speed":1.7,"floorPosition":154.30714},{"type":1,"time":11360,"positionX":4.914645,"holdTime":0.0,"speed":1.0,"floorPosition":154.79285},{"type":3,"time":11376,"positionX":-4.914645,"holdTime":32.0,"speed":1.7,"floorPosition":155.03572},{"type":1,"time":11424,"positionX":4.537287,"holdTime":0.0,"speed":1.0,"floorPosition":155.76428},{"type":3,"time":11424,"positionX":-1.608266,"holdTime":32.0,"speed":1.7,"floorPosition":155.76428},{"type":1,"time":11488,"positionX":-5.13028,"holdTime":0.0,"speed":1.0,"floorPosition":156.73572},{"type":1,"time":11488,"positionX":3.998203,"holdTime":0.0,"speed":1.0,"floorPosition":156.73572},{"type":1,"time":11520,"positionX":-2.075472,"holdTime":0.0,"speed":1.0,"floorPosition":157.22142},{"type":1,"time":11552,"positionX":-5.687332,"holdTime":0.0,"speed":1.0,"floorPosition":157.70714},{"type":1,"time":11552,"positionX":3.980234,"holdTime":0.0,"speed":1.0,"floorPosition":157.70714},{"type":1,"time":11584,"positionX":2.48877,"holdTime":0.0,"speed":1.0,"floorPosition":158.19286},{"type":1,"time":11584,"positionX":-1.626235,"holdTime":0.0,"speed":1.0,"floorPosition":158.19286},{"type":3,"time":11632,"positionX":-3.40521,"holdTime":64.0,"speed":1.7,"floorPosition":158.92142},{"type":4,"time":11632,"positionX":3.854447,"holdTime":0.0,"speed":1.0,"floorPosition":158.92142},{"type":3,"time":11696,"positionX":3.782569,"holdTime":64.0,"speed":1.7,"floorPosition":159.89285},{"type":1,"time":11840,"positionX":-2.147349,"holdTime":0.0,"speed":1.0,"floorPosition":162.07857},{"type":1,"time":11840,"positionX":3.80054,"holdTime":0.0,"speed":1.0,"floorPosition":162.07857},{"type":1,"time":11888,"positionX":-3.728662,"holdTime":0.0,"speed":1.0,"floorPosition":162.80714},{"type":1,"time":11888,"positionX":2.704403,"holdTime":0.0,"speed":1.0,"floorPosition":162.80714},{"type":1,"time":11936,"positionX":-3.602876,"holdTime":0.0,"speed":1.0,"floorPosition":163.53572},{"type":1,"time":11936,"positionX":4.034142,"holdTime":0.0,"speed":1.0,"floorPosition":163.53572},{"type":1,"time":11984,"positionX":3.836478,"holdTime":0.0,"speed":1.0,"floorPosition":164.26428},{"type":1,"time":11984,"positionX":-1.374663,"holdTime":0.0,"speed":1.0,"floorPosition":164.26428},{"type":1,"time":12032,"positionX":-2.309074,"holdTime":0.0,"speed":1.0,"floorPosition":164.99284},{"type":1,"time":12048,"positionX":2.398922,"holdTime":0.0,"speed":1.0,"floorPosition":165.23572},{"type":1,"time":12080,"positionX":-2.273135,"holdTime":0.0,"speed":1.0,"floorPosition":165.72142},{"type":1,"time":12128,"positionX":3.405211,"holdTime":0.0,"speed":1.0,"floorPosition":166.45},{"type":1,"time":12160,"positionX":-3.207547,"holdTime":0.0,"speed":1.0,"floorPosition":166.9357},{"type":1,"time":12176,"positionX":2.740341,"holdTime":0.0,"speed":1.0,"floorPosition":167.17857},{"type":1,"time":12208,"positionX":-0.8355789,"holdTime":0.0,"speed":1.0,"floorPosition":167.66429},{"type":1,"time":12240,"positionX":2.14735,"holdTime":0.0,"speed":1.0,"floorPosition":168.15},{"type":1,"time":12272,"positionX":-2.722372,"holdTime":0.0,"speed":1.0,"floorPosition":168.63571},{"type":1,"time":12304,"positionX":1.428572,"holdTime":0.0,"speed":1.0,"floorPosition":169.12143},{"type":1,"time":12352,"positionX":-2.183289,"holdTime":0.0,"speed":1.0,"floorPosition":169.84999},{"type":1,"time":12384,"positionX":2.848158,"holdTime":0.0,"speed":1.0,"floorPosition":170.33571},{"type":1,"time":12416,"positionX":-3.153639,"holdTime":0.0,"speed":1.0,"floorPosition":170.82143},{"type":1,"time":12464,"positionX":1.967655,"holdTime":0.0,"speed":1.0,"floorPosition":171.55},{"type":1,"time":12512,"positionX":-3.171608,"holdTime":0.0,"speed":1.0,"floorPosition":172.27856},{"type":1,"time":12544,"positionX":2.722372,"holdTime":0.0,"speed":1.0,"floorPosition":172.76428},{"type":3,"time":12592,"positionX":-0.9254265,"holdTime":208.0,"speed":1.7,"floorPosition":173.49284},{"type":2,"time":12864,"positionX":-2.506739,"holdTime":0.0,"speed":1.0,"floorPosition":177.44998},{"type":2,"time":12875,"positionX":-1.684636,"holdTime":0.0,"speed":1.0,"floorPosition":177.5875},{"type":2,"time":12885,"positionX":-0.7816715,"holdTime":0.0,"speed":1.0,"floorPosition":177.7125},{"type":2,"time":12896,"positionX":1.141061,"holdTime":0.0,"speed":1.0,"floorPosition":177.84999},{"type":2,"time":12907,"positionX":2.280837,"holdTime":0.0,"speed":1.0,"floorPosition":177.9875},{"type":2,"time":12917,"positionX":2.973944,"holdTime":0.0,"speed":1.0,"floorPosition":178.1125},{"type":2,"time":12928,"positionX":3.405211,"holdTime":0.0,"speed":1.0,"floorPosition":178.24998},{"type":2,"time":12960,"positionX":2.794249,"holdTime":0.0,"speed":1.0,"floorPosition":178.65},{"type":2,"time":12968,"positionX":2.542677,"holdTime":0.0,"speed":1.0,"floorPosition":178.74998},{"type":2,"time":12976,"positionX":1.949684,"holdTime":0.0,"speed":1.0,"floorPosition":178.84999},{"type":2,"time":12984,"positionX":1.392632,"holdTime":0.0,"speed":1.0,"floorPosition":178.94998},{"type":2,"time":12992,"positionX":0.7637014,"holdTime":0.0,"speed":1.0,"floorPosition":179.05},{"type":2,"time":13000,"positionX":0.2785263,"holdTime":0.0,"speed":1.0,"floorPosition":179.15},{"type":2,"time":13008,"positionX":-0.224618,"holdTime":0.0,"speed":1.0,"floorPosition":179.24998},{"type":2,"time":13016,"positionX":-1.123091,"holdTime":0.0,"speed":1.0,"floorPosition":179.34999},{"type":2,"time":13024,"positionX":-1.500449,"holdTime":0.0,"speed":1.0,"floorPosition":179.44998},{"type":2,"time":13032,"positionX":-1.626235,"holdTime":0.0,"speed":1.0,"floorPosition":179.55},{"type":2,"time":13040,"positionX":-2.327044,"holdTime":0.0,"speed":1.0,"floorPosition":179.65},{"type":2,"time":13048,"positionX":-2.722372,"holdTime":0.0,"speed":1.0,"floorPosition":179.74998},{"type":2,"time":13056,"positionX":-2.722372,"holdTime":0.0,"speed":1.0,"floorPosition":179.84999},{"type":2,"time":13067,"positionX":-2.584606,"holdTime":0.0,"speed":1.0,"floorPosition":179.9875},{"type":2,"time":13077,"positionX":-2.003593,"holdTime":0.0,"speed":1.0,"floorPosition":180.1125},{"type":2,"time":13088,"positionX":-1.248877,"holdTime":0.0,"speed":1.0,"floorPosition":180.24998},{"type":2,"time":13096,"positionX":-0.6199465,"holdTime":0.0,"speed":1.0,"floorPosition":180.34999},{"type":2,"time":13104,"positionX":-0.1707096,"holdTime":0.0,"speed":1.0,"floorPosition":180.44998},{"type":2,"time":13112,"positionX":0.4402523,"holdTime":0.0,"speed":1.0,"floorPosition":180.55},{"type":1,"time":13120,"positionX":-4.088051,"holdTime":0.0,"speed":1.0,"floorPosition":180.65},{"type":2,"time":13131,"positionX":-1.266846,"holdTime":0.0,"speed":1.0,"floorPosition":180.78749},{"type":2,"time":13141,"positionX":1.752022,"holdTime":0.0,"speed":1.0,"floorPosition":180.91249},{"type":1,"time":13152,"positionX":4.537287,"holdTime":0.0,"speed":1.0,"floorPosition":181.05},{"type":2,"time":13163,"positionX":1.662174,"holdTime":0.0,"speed":1.0,"floorPosition":181.18748},{"type":2,"time":13173,"positionX":-1.248877,"holdTime":0.0,"speed":1.0,"floorPosition":181.31248},{"type":1,"time":13184,"positionX":-4.573226,"holdTime":0.0,"speed":1.0,"floorPosition":181.44998},{"type":2,"time":13195,"positionX":-1.78796,"holdTime":0.0,"speed":1.0,"floorPosition":181.5875},{"type":2,"time":13205,"positionX":1.590298,"holdTime":0.0,"speed":1.0,"floorPosition":181.7125},{"type":2,"time":13216,"positionX":4.447439,"holdTime":0.0,"speed":1.0,"floorPosition":181.84999}],"notesBelow":[{"type":1,"time":8064,"positionX":3.980234,"holdTime":0.0,"speed":1.0,"floorPosition":112.200005},{"type":1,"time":8112,"positionX":1.446541,"holdTime":0.0,"speed":1.0,"floorPosition":112.75715},{"type":2,"time":8224,"positionX":-0.548069,"holdTime":0.0,"speed":1.0,"floorPosition":114.057144},{"type":2,"time":8272,"positionX":2.183289,"holdTime":0.0,"speed":1.0,"floorPosition":114.614296},{"type":2,"time":8528,"positionX":1.177,"holdTime":0.0,"speed":1.0,"floorPosition":117.58572},{"type":2,"time":8576,"positionX":-1.051212,"holdTime":0.0,"speed":1.0,"floorPosition":118.14286},{"type":2,"time":8624,"positionX":-2.43486,"holdTime":0.0,"speed":1.0,"floorPosition":118.700005}],"speedEvents":[{"startTime":0.0,"endTime":2368.0,"value":1.6},{"startTime":2368.0,"endTime":3328.0,"value":1.4},{"startTime":3328.0,"endTime":7584.0,"value":1.6},{"startTime":7584.0,"endTime":9920.0,"value":1.3},{"startTime":9920.0,"endTime":10112.0,"value":1.3},{"startTime":10112.0,"endTime":10176.0,"value":1.7},{"startTime":10176.0,"endTime":10184.0,"value":0.0},{"startTime":10184.0,"endTime":12800.0,"value":1.7},{"startTime":12800.0,"endTime":9676800.0,"value":1.4}],"judgeLineMoveEvents":[{"startTime":0.0,"endTime":128.0,"start":440260.0,"end":440260.0},{"startTime":128.0,"endTime":192.0,"start":440260.0,"end":615156.0},{"startTime":192.0,"endTime":224.0,"start":615156.0,"end":615156.0},{"startTime":224.0,"endTime":288.0,"start":615156.0,"end":528156.0},{"startTime":288.0,"endTime":320.0,"start":528156.0,"end":528156.0},{"startTime":320.0,"endTime":384.0,"start":528156.0,"end":440104.0},{"startTime":384.0,"endTime":1376.0,"start":440104.0,"end":440104.0},{"startTime":1376.0,"endTime":1632.0,"start":440104.0,"end":352104.0},{"startTime":1632.0,"endTime":1888.0,"start":352104.0,"end":264052.0},{"startTime":1888.0,"endTime":2016.0,"start":264052.0,"end":440052.0},{"startTime":2016.0,"endTime":2144.0,"start":440052.0,"end":440052.0},{"startTime":2144.0,"endTime":2176.0,"start":440052.0,"end":440078.0},{"startTime":2176.0,"endTime":2240.0,"start":440078.0,"end":440078.0},{"startTime":2240.0,"endTime":2272.0,"start":440078.0,"end":440104.0},{"startTime":2272.0,"endTime":3360.0,"start":440104.0,"end":440104.0},{"startTime":3360.0,"endTime":3392.0,"start":440104.0,"end":440052.0},{"startTime":3392.0,"endTime":3408.0,"start":440052.0,"end":440052.0},{"startTime":3408.0,"endTime":3440.0,"start":440052.0,"end":440104.0},{"startTime":3440.0,"endTime":3456.0,"start":440104.0,"end":440104.0},{"startTime":3456.0,"endTime":3488.0,"start":440104.0,"end":440052.0},{"startTime":3488.0,"endTime":3504.0,"start":440052.0,"end":440052.0},{"startTime":3504.0,"endTime":3536.0,"start":440052.0,"end":440104.0},{"startTime":3536.0,"endTime":3584.0,"start":440104.0,"end":440104.0},{"startTime":3584.0,"endTime":3616.0,"start":440104.0,"end":395104.0},{"startTime":3616.0,"endTime":3632.0,"start":395104.0,"end":395104.0},{"startTime":3632.0,"endTime":3664.0,"start":395104.0,"end":440104.0},{"startTime":3664.0,"endTime":3680.0,"start":440104.0,"end":440104.0},{"startTime":3680.0,"endTime":3712.0,"start":440104.0,"end":395104.0},{"startTime":3712.0,"endTime":3728.0,"start":395104.0,"end":395104.0},{"startTime":3728.0,"endTime":3760.0,"start":395104.0,"end":440104.0},{"startTime":3760.0,"endTime":6464.0,"start":440104.0,"end":440104.0},{"startTime":6464.0,"endTime":6496.0,"start":440104.0,"end":440052.0},{"startTime":6496.0,"endTime":6528.0,"start":440052.0,"end":440052.0},{"startTime":6528.0,"endTime":6560.0,"start":440052.0,"end":440104.0},{"startTime":6560.0,"endTime":6592.0,"start":440104.0,"end":440104.0},{"startTime":6592.0,"endTime":6624.0,"start":440104.0,"end":440052.0},{"startTime":6624.0,"endTime":7584.0,"start":440052.0,"end":440052.0},{"startTime":7584.0,"endTime":7712.0,"start":440052.0,"end":440260.0},{"startTime":7712.0,"endTime":8960.0,"start":440260.0,"end":440260.0},{"startTime":8960.0,"endTime":9440.0,"start":440260.0,"end":615156.0},{"startTime":9440.0,"endTime":9920.0,"start":615156.0,"end":440052.0},{"startTime":9920.0,"endTime":11840.0,"start":440052.0,"end":440052.0},{"startTime":11840.0,"endTime":12352.0,"start":440052.0,"end":352104.0},{"startTime":12352.0,"endTime":12608.0,"start":352104.0,"end":528156.0},{"startTime":12608.0,"endTime":12832.0,"start":528156.0,"end":440104.0},{"startTime":12832.0,"endTime":12928.0,"start":440104.0,"end":440156.0},{"startTime":12928.0,"endTime":12960.0,"start":440156.0,"end":440156.0},{"startTime":12960.0,"endTime":13120.0,"start":440156.0,"end":440260.0},{"startTime":13120.0,"endTime":9676800.0,"start":440260.0,"end":440260.0}],"judgeLineRotateEvents":[{"startTime":0.0,"endTime":128.0,"start":0.0,"end":0.0},{"startTime":128.0,"endTime":192.0,"start":0.0,"end":20.0},{"startTime":192.0,"endTime":224.0,"start":20.0,"end":20.0},{"startTime":224.0,"endTime":288.0,"start":20.0,"end":5.0},{"startTime":288.0,"endTime":320.0,"start":5.0,"end":5.0},{"startTime":320.0,"endTime":384.0,"start":5.0,"end":0.0},{"startTime":384.0,"endTime":1248.0,"start":0.0,"end":0.0},{"startTime":1248.0,"endTime":1376.0,"start":0.0,"end":40.0},{"startTime":1376.0,"endTime":1632.0,"start":40.0,"end":26.0},{"startTime":1632.0,"endTime":1648.0,"start":26.0,"end":31.0},{"startTime":1648.0,"endTime":1680.0,"start":31.0,"end":27.0},{"startTime":1680.0,"endTime":1696.0,"start":27.0,"end":35.0},{"startTime":1696.0,"endTime":1712.0,"start":35.0,"end":33.0},{"startTime":1712.0,"endTime":1728.0,"start":33.0,"end":40.0},{"startTime":1728.0,"endTime":1744.0,"start":40.0,"end":38.0},{"startTime":1744.0,"endTime":1760.0,"start":38.0,"end":45.0},{"startTime":1760.0,"endTime":1776.0,"start":45.0,"end":43.0},{"startTime":1776.0,"endTime":1888.0,"start":43.0,"end":25.0},{"startTime":1888.0,"endTime":2016.0,"start":25.0,"end":-10.0},{"startTime":2016.0,"endTime":2144.0,"start":-9.0,"end":-20.0},{"startTime":2144.0,"endTime":2176.0,"start":-19.0,"end":-10.0},{"startTime":2176.0,"endTime":2240.0,"start":-9.0,"end":-10.0},{"startTime":2240.0,"endTime":2272.0,"start":-9.0,"end":0.0},{"startTime":2272.0,"endTime":3808.0,"start":0.0,"end":0.0},{"startTime":3808.0,"endTime":3840.0,"start":0.0,"end":10.0},{"startTime":3840.0,"endTime":3856.0,"start":10.0,"end":10.0},{"startTime":3856.0,"endTime":3888.0,"start":10.0,"end":20.0},{"startTime":3888.0,"endTime":3904.0,"start":20.0,"end":20.0},{"startTime":3904.0,"endTime":3936.0,"start":20.0,"end":30.0},{"startTime":3936.0,"endTime":3952.0,"start":30.0,"end":30.0},{"startTime":3952.0,"endTime":3984.0,"start":30.0,"end":40.0},{"startTime":3984.0,"endTime":4032.0,"start":40.0,"end":40.0},{"startTime":4032.0,"endTime":4096.0,"start":40.0,"end":100.0},{"startTime":4096.0,"endTime":4288.0,"start":100.0,"end":360.0},{"startTime":4288.0,"endTime":4416.0,"start":360.0,"end":360.0},{"startTime":4416.0,"endTime":5360.0,"start":0.0,"end":0.0},{"startTime":5360.0,"endTime":5376.0,"start":0.0,"end":-4.0},{"startTime":5376.0,"endTime":5392.0,"start":-3.0,"end":-4.0},{"startTime":5392.0,"endTime":5408.0,"start":-3.0,"end":4.0},{"startTime":5408.0,"endTime":5424.0,"start":4.0,"end":4.0},{"startTime":5424.0,"endTime":5440.0,"start":4.0,"end":0.0},{"startTime":5440.0,"endTime":5952.0,"start":0.0,"end":0.0},{"startTime":5952.0,"endTime":5984.0,"start":0.0,"end":10.0},{"startTime":5984.0,"endTime":6016.0,"start":10.0,"end":10.0},{"startTime":6016.0,"endTime":6048.0,"start":10.0,"end":-10.0},{"startTime":6048.0,"endTime":6080.0,"start":-9.0,"end":-10.0},{"startTime":6080.0,"endTime":6112.0,"start":-9.0,"end":0.0},{"startTime":6112.0,"endTime":6208.0,"start":0.0,"end":0.0},{"startTime":6208.0,"endTime":6240.0,"start":0.0,"end":13.0},{"startTime":6240.0,"endTime":6272.0,"start":13.0,"end":13.0},{"startTime":6272.0,"endTime":6304.0,"start":13.0,"end":-8.0},{"startTime":6304.0,"endTime":6336.0,"start":-7.0,"end":-8.0},{"startTime":6336.0,"endTime":6368.0,"start":-7.0,"end":0.0},{"startTime":6368.0,"endTime":7584.0,"start":0.0,"end":0.0},{"startTime":7584.0,"endTime":7712.0,"start":0.0,"end":180.0},{"startTime":7712.0,"endTime":8768.0,"start":180.0,"end":360.0},{"startTime":8768.0,"endTime":8960.0,"start":0.0,"end":0.0},{"startTime":8960.0,"endTime":9440.0,"start":0.0,"end":40.0},{"startTime":9440.0,"endTime":9920.0,"start":40.0,"end":0.0},{"startTime":9920.0,"endTime":12864.0,"start":0.0,"end":0.0},{"startTime":12864.0,"endTime":12928.0,"start":0.0,"end":20.0},{"startTime":12928.0,"endTime":12960.0,"start":20.0,"end":20.0},{"startTime":12960.0,"endTime":13056.0,"start":20.0,"end":-10.0},{"startTime":13056.0,"endTime":13184.0,"start":-9.0,"end":0.0},{"startTime":13184.0,"endTime":9676800.0,"start":0.0,"end":0.0}],"judgeLineDisappearEvents":[{"startTime":0.0,"endTime":9676800.0,"start":1.0,"end":1.0}]}]}