{"formatVersion":1,"offset":0.0,"judgeLineList":[{"bpm":180.0,"notesAbove":[{"type":2,"time":128,"positionX":0.02301407,"holdTime":0.0,"speed":1.0,"floorPosition":2.0},{"type":2,"time":144,"positionX":0.9896431,"holdTime":0.0,"speed":1.0,"floorPosition":2.25},{"type":2,"time":160,"positionX":-0.1035671,"holdTime":0.0,"speed":1.0,"floorPosition":2.5},{"type":2,"time":176,"positionX":-1.024166,"holdTime":0.0,"speed":1.0,"floorPosition":2.75},{"type":2,"time":192,"positionX":-0.1035671,"holdTime":0.0,"speed":1.0,"floorPosition":3.0},{"type":2,"time":208,"positionX":0.9781361,"holdTime":0.0,"speed":1.0,"floorPosition":3.25},{"type":2,"time":224,"positionX":-0.04603004,"holdTime":0.0,"speed":1.0,"floorPosition":3.5},{"type":2,"time":240,"positionX":-0.9666281,"holdTime":0.0,"speed":1.0,"floorPosition":3.75},{"type":2,"time":256,"positionX":0.01015327,"holdTime":0.0,"speed":1.0,"floorPosition":4.0},{"type":2,"time":272,"positionX":1.00115,"holdTime":0.0,"speed":1.0,"floorPosition":4.25},{"type":2,"time":288,"positionX":-0.02301502,"holdTime":0.0,"speed":1.0,"floorPosition":4.5},{"type":2,"time":304,"positionX":-1.012658,"holdTime":0.0,"speed":1.0,"floorPosition":4.75},{"type":2,"time":320,"positionX":-0.02301502,"holdTime":0.0,"speed":1.0,"floorPosition":5.0},{"type":2,"time":336,"positionX":0.9781361,"holdTime":0.0,"speed":1.0,"floorPosition":5.25},{"type":2,"time":352,"positionX":-0.06904507,"holdTime":0.0,"speed":1.0,"floorPosition":5.5},{"type":2,"time":368,"positionX":-0.9436131,"holdTime":0.0,"speed":1.0,"floorPosition":5.75},{"type":2,"time":384,"positionX":0.03452301,"holdTime":0.0,"speed":1.0,"floorPosition":6.0},{"type":2,"time":400,"positionX":0.9781361,"holdTime":0.0,"speed":1.0,"floorPosition":6.25},{"type":2,"time":416,"positionX":0.03452301,"holdTime":0.0,"speed":1.0,"floorPosition":6.5},{"type":2,"time":432,"positionX":-0.9436131,"holdTime":0.0,"speed":1.0,"floorPosition":6.75},{"type":2,"time":448,"positionX":0.03452301,"holdTime":0.0,"speed":1.0,"floorPosition":7.0},{"type":2,"time":464,"positionX":0.9781361,"holdTime":0.0,"speed":1.0,"floorPosition":7.25},{"type":2,"time":480,"positionX":0.0,"holdTime":0.0,"speed":1.0,"floorPosition":7.5},{"type":2,"time":496,"positionX":-1.012658,"holdTime":0.0,"speed":1.0,"floorPosition":7.75},{"type":1,"time":512,"positionX":-4.52244,"holdTime":0.0,"speed":1.0,"floorPosition":8.0},{"type":1,"time":528,"positionX":-2.842348,"holdTime":0.0,"speed":1.0,"floorPosition":8.25},{"type":1,"time":560,"positionX":-0.02301502,"holdTime":0.0,"speed":1.0,"floorPosition":8.75},{"type":1,"time":592,"positionX":2.289989,"holdTime":0.0,"speed":1.0,"floorPosition":9.25},{"type":1,"time":624,"positionX":4.407364,"holdTime":0.0,"speed":1.0,"floorPosition":9.75},{"type":1,"time":640,"positionX":-2.853855,"holdTime":0.0,"speed":1.0,"floorPosition":10.0},{"type":1,"time":672,"positionX":2.243958,"holdTime":0.0,"speed":1.0,"floorPosition":10.5},{"type":1,"time":704,"positionX":-4.154201,"holdTime":0.0,"speed":1.0,"floorPosition":11.0},{"type":1,"time":720,"positionX":0.02301407,"holdTime":0.0,"speed":1.0,"floorPosition":11.25},{"type":1,"time":736,"positionX":4.073647,"holdTime":0.0,"speed":1.0,"floorPosition":11.5},{"type":1,"time":752,"positionX":0.0,"holdTime":0.0,"speed":1.0,"floorPosition":11.75},{"type":1,"time":800,"positionX":-4.798619,"holdTime":0.0,"speed":1.0,"floorPosition":12.5},{"type":1,"time":832,"positionX":1.703106,"holdTime":0.0,"speed":1.0,"floorPosition":13.0},{"type":1,"time":848,"positionX":-4.752588,"holdTime":0.0,"speed":1.0,"floorPosition":13.25},{"type":1,"time":864,"positionX":-3.107019,"holdTime":0.0,"speed":1.0,"floorPosition":13.5},{"type":1,"time":896,"positionX":-3.084004,"holdTime":0.0,"speed":1.0,"floorPosition":14.0},{"type":1,"time":928,"positionX":1.59954,"holdTime":0.0,"speed":1.0,"floorPosition":14.5},{"type":1,"time":944,"positionX":-0.01150703,"holdTime":0.0,"speed":1.0,"floorPosition":14.75},{"type":1,"time":960,"positionX":-4.775604,"holdTime":0.0,"speed":1.0,"floorPosition":15.0},{"type":1,"time":976,"positionX":1.59954,"holdTime":0.0,"speed":1.0,"floorPosition":15.25},{"type":1,"time":1008,"positionX":-3.095512,"holdTime":0.0,"speed":1.0,"floorPosition":15.75},{"type":1,"time":1056,"positionX":1.518986,"holdTime":0.0,"speed":1.0,"floorPosition":16.5},{"type":1,"time":1088,"positionX":0.1841202,"holdTime":0.0,"speed":1.0,"floorPosition":17.0},{"type":1,"time":1120,"positionX":-1.32336,"holdTime":0.0,"speed":1.0,"floorPosition":17.5},{"type":1,"time":1152,"positionX":-2.393556,"holdTime":0.0,"speed":1.0,"floorPosition":18.0},{"type":1,"time":1200,"positionX":-3.820484,"holdTime":0.0,"speed":1.0,"floorPosition":18.75},{"type":1,"time":1216,"positionX":1.518986,"holdTime":0.0,"speed":1.0,"floorPosition":19.0},{"type":1,"time":1248,"positionX":2.416572,"holdTime":0.0,"speed":1.0,"floorPosition":19.5},{"type":1,"time":1312,"positionX":2.405063,"holdTime":0.0,"speed":1.0,"floorPosition":20.5},{"type":1,"time":1344,"positionX":0.02301407,"holdTime":0.0,"speed":1.0,"floorPosition":21.0},{"type":1,"time":1376,"positionX":-1.864212,"holdTime":0.0,"speed":1.0,"floorPosition":21.5},{"type":1,"time":1408,"positionX":-3.785961,"holdTime":0.0,"speed":1.0,"floorPosition":22.0},{"type":1,"time":1456,"positionX":-2.727273,"holdTime":0.0,"speed":1.0,"floorPosition":22.75},{"type":1,"time":1472,"positionX":1.380898,"holdTime":0.0,"speed":1.0,"floorPosition":23.0},{"type":1,"time":1504,"positionX":4.994247,"holdTime":0.0,"speed":1.0,"floorPosition":23.5},{"type":1,"time":1568,"positionX":-3.624856,"holdTime":0.0,"speed":1.0,"floorPosition":24.5},{"type":1,"time":1600,"positionX":3.268124,"holdTime":0.0,"speed":1.0,"floorPosition":25.0},{"type":1,"time":1632,"positionX":-0.06904507,"holdTime":0.0,"speed":1.0,"floorPosition":25.5},{"type":3,"time":1664,"positionX":-3.613348,"holdTime":64.0,"speed":1.5,"floorPosition":26.0},{"type":1,"time":1696,"positionX":1.426928,"holdTime":0.0,"speed":1.0,"floorPosition":26.5},{"type":1,"time":1728,"positionX":3.291139,"holdTime":0.0,"speed":1.0,"floorPosition":27.0},{"type":1,"time":1760,"positionX":1.403913,"holdTime":0.0,"speed":1.0,"floorPosition":27.5},{"type":3,"time":1824,"positionX":-2.174913,"holdTime":32.0,"speed":1.5,"floorPosition":28.5},{"type":1,"time":1856,"positionX":5.086307,"holdTime":0.0,"speed":1.0,"floorPosition":29.0},{"type":1,"time":1888,"positionX":2.727273,"holdTime":0.0,"speed":1.0,"floorPosition":29.5},{"type":3,"time":1920,"positionX":2.692751,"holdTime":64.0,"speed":1.5,"floorPosition":30.0},{"type":1,"time":1952,"positionX":-5.408516,"holdTime":0.0,"speed":1.0,"floorPosition":30.5},{"type":1,"time":1984,"positionX":-3.279632,"holdTime":0.0,"speed":1.0,"floorPosition":31.0},{"type":1,"time":2016,"positionX":-5.397008,"holdTime":0.0,"speed":1.0,"floorPosition":31.5},{"type":3,"time":2080,"positionX":0.8170309,"holdTime":32.0,"speed":1.5,"floorPosition":32.5},{"type":1,"time":2112,"positionX":-3.24511,"holdTime":0.0,"speed":1.0,"floorPosition":33.0},{"type":1,"time":2144,"positionX":-5.43153,"holdTime":0.0,"speed":1.0,"floorPosition":33.5},{"type":3,"time":2176,"positionX":-4.01611,"holdTime":64.0,"speed":1.5,"floorPosition":34.0},{"type":1,"time":2208,"positionX":0.02301407,"holdTime":0.0,"speed":1.0,"floorPosition":34.5},{"type":1,"time":2240,"positionX":3.843498,"holdTime":0.0,"speed":1.0,"floorPosition":35.0},{"type":1,"time":2272,"positionX":-0.01150703,"holdTime":0.0,"speed":1.0,"floorPosition":35.5},{"type":3,"time":2336,"positionX":-2.266973,"holdTime":32.0,"speed":1.5,"floorPosition":36.5},{"type":1,"time":2368,"positionX":2.232451,"holdTime":0.0,"speed":1.0,"floorPosition":37.0},{"type":1,"time":2400,"positionX":-0.02301502,"holdTime":0.0,"speed":1.0,"floorPosition":37.5},{"type":4,"time":2432,"positionX":-0.02301502,"holdTime":0.0,"speed":1.0,"floorPosition":38.0},{"type":4,"time":2528,"positionX":-0.03452206,"holdTime":0.0,"speed":1.0,"floorPosition":39.5},{"type":1,"time":2688,"positionX":3.475258,"holdTime":0.0,"speed":1.0,"floorPosition":42.0},{"type":1,"time":2688,"positionX":-3.210587,"holdTime":0.0,"speed":1.0,"floorPosition":42.0},{"type":2,"time":2704,"positionX":-5.040276,"holdTime":0.0,"speed":1.0,"floorPosition":42.25},{"type":2,"time":2720,"positionX":-3.550057,"holdTime":0.0,"speed":1.0,"floorPosition":42.5},{"type":2,"time":2736,"positionX":-1.852704,"holdTime":0.0,"speed":1.0,"floorPosition":42.75},{"type":2,"time":2752,"positionX":-0.3797464,"holdTime":0.0,"speed":1.0,"floorPosition":43.0},{"type":1,"time":2752,"positionX":3.463751,"holdTime":0.0,"speed":1.0,"floorPosition":43.0},{"type":1,"time":2784,"positionX":4.856156,"holdTime":0.0,"speed":1.0,"floorPosition":43.5},{"type":1,"time":2816,"positionX":0.01150703,"holdTime":0.0,"speed":1.0,"floorPosition":44.0},{"type":1,"time":2880,"positionX":4.856156,"holdTime":0.0,"speed":1.0,"floorPosition":45.0},{"type":2,"time":2888,"positionX":4.24626,"holdTime":0.0,"speed":1.0,"floorPosition":45.125},{"type":2,"time":2896,"positionX":4.874568,"holdTime":0.0,"speed":1.0,"floorPosition":45.25},{"type":2,"time":2904,"positionX":4.315305,"holdTime":0.0,"speed":1.0,"floorPosition":45.375},{"type":2,"time":2912,"positionX":4.890679,"holdTime":0.0,"speed":1.0,"floorPosition":45.5},{"type":2,"time":2920,"positionX":4.315305,"holdTime":0.0,"speed":1.0,"floorPosition":45.625},{"type":2,"time":2928,"positionX":4.890679,"holdTime":0.0,"speed":1.0,"floorPosition":45.75},{"type":2,"time":2936,"positionX":4.280783,"holdTime":0.0,"speed":1.0,"floorPosition":45.875},{"type":1,"time":2944,"positionX":-1.933257,"holdTime":0.0,"speed":1.0,"floorPosition":46.0},{"type":2,"time":2960,"positionX":-3.314154,"holdTime":0.0,"speed":1.0,"floorPosition":46.25},{"type":2,"time":2976,"positionX":-3.29114,"holdTime":0.0,"speed":1.0,"floorPosition":46.5},{"type":2,"time":2992,"positionX":-1.933257,"holdTime":0.0,"speed":1.0,"floorPosition":46.75},{"type":1,"time":3008,"positionX":2.370541,"holdTime":0.0,"speed":1.0,"floorPosition":47.0},{"type":1,"time":3040,"positionX":3.901034,"holdTime":0.0,"speed":1.0,"floorPosition":47.5},{"type":1,"time":3072,"positionX":0.6444187,"holdTime":0.0,"speed":1.0,"floorPosition":48.0},{"type":1,"time":3136,"positionX":-2.209436,"holdTime":0.0,"speed":1.0,"floorPosition":49.0},{"type":1,"time":3168,"positionX":-4.844648,"holdTime":0.0,"speed":1.0,"floorPosition":49.5},{"type":2,"time":3184,"positionX":-3.659379,"holdTime":0.0,"speed":1.0,"floorPosition":49.75},{"type":2,"time":3200,"positionX":-2.359034,"holdTime":0.0,"speed":1.0,"floorPosition":50.0},{"type":2,"time":3216,"positionX":-1.196777,"holdTime":0.0,"speed":1.0,"floorPosition":50.25},{"type":2,"time":3232,"positionX":0.06393083,"holdTime":0.0,"speed":1.0,"floorPosition":50.5},{"type":2,"time":3248,"positionX":1.219792,"holdTime":0.0,"speed":1.0,"floorPosition":50.75},{"type":2,"time":3344,"positionX":4.43038,"holdTime":0.0,"speed":1.0,"floorPosition":52.25},{"type":2,"time":3360,"positionX":3.130034,"holdTime":0.0,"speed":1.0,"floorPosition":52.5},{"type":2,"time":3376,"positionX":1.990794,"holdTime":0.0,"speed":1.0,"floorPosition":52.75},{"type":2,"time":3392,"positionX":2.462601,"holdTime":0.0,"speed":1.0,"floorPosition":53.0},{"type":2,"time":3408,"positionX":1.542002,"holdTime":0.0,"speed":1.0,"floorPosition":53.25},{"type":2,"time":3424,"positionX":0.6182066,"holdTime":0.0,"speed":1.0,"floorPosition":53.5},{"type":2,"time":3440,"positionX":-0.1956272,"holdTime":0.0,"speed":1.0,"floorPosition":53.75},{"type":2,"time":3456,"positionX":-0.9896431,"holdTime":0.0,"speed":1.0,"floorPosition":54.0},{"type":1,"time":3456,"positionX":-5.696202,"holdTime":0.0,"speed":1.0,"floorPosition":54.0},{"type":1,"time":3504,"positionX":1.59954,"holdTime":0.0,"speed":1.0,"floorPosition":54.75},{"type":1,"time":3520,"positionX":-3.360185,"holdTime":0.0,"speed":1.0,"floorPosition":55.0},{"type":1,"time":3552,"positionX":3.785961,"holdTime":0.0,"speed":1.0,"floorPosition":55.5},{"type":1,"time":3600,"positionX":3.751438,"holdTime":0.0,"speed":1.0,"floorPosition":56.25},{"type":1,"time":3616,"positionX":-3.279632,"holdTime":0.0,"speed":1.0,"floorPosition":56.5},{"type":2,"time":3632,"positionX":-4.453395,"holdTime":0.0,"speed":1.0,"floorPosition":56.75},{"type":2,"time":3648,"positionX":-3.256617,"holdTime":0.0,"speed":1.0,"floorPosition":57.0},{"type":1,"time":3648,"positionX":3.705409,"holdTime":0.0,"speed":1.0,"floorPosition":57.0},{"type":2,"time":3664,"positionX":-2.278481,"holdTime":0.0,"speed":1.0,"floorPosition":57.25},{"type":2,"time":3680,"positionX":-0.8764861,"holdTime":0.0,"speed":1.0,"floorPosition":57.5},{"type":2,"time":3696,"positionX":-2.289989,"holdTime":0.0,"speed":1.0,"floorPosition":57.75},{"type":1,"time":3712,"positionX":3.624856,"holdTime":0.0,"speed":1.0,"floorPosition":58.0},{"type":2,"time":3712,"positionX":-0.863061,"holdTime":0.0,"speed":1.0,"floorPosition":58.0},{"type":1,"time":3776,"positionX":3.498274,"holdTime":0.0,"speed":1.0,"floorPosition":59.0},{"type":1,"time":3808,"positionX":-0.5408516,"holdTime":0.0,"speed":1.0,"floorPosition":59.5},{"type":1,"time":3872,"positionX":-4.119678,"holdTime":0.0,"speed":1.0,"floorPosition":60.5},{"type":2,"time":3888,"positionX":-2.681243,"holdTime":0.0,"speed":1.0,"floorPosition":60.75},{"type":1,"time":3904,"positionX":2.243958,"holdTime":0.0,"speed":1.0,"floorPosition":61.0},{"type":2,"time":3920,"positionX":3.682394,"holdTime":0.0,"speed":1.0,"floorPosition":61.25},{"type":2,"time":3936,"positionX":5.327963,"holdTime":0.0,"speed":1.0,"floorPosition":61.5},{"type":2,"time":3952,"positionX":3.659378,"holdTime":0.0,"speed":1.0,"floorPosition":61.75},{"type":1,"time":3968,"positionX":-2.853855,"holdTime":0.0,"speed":1.0,"floorPosition":62.0},{"type":1,"time":4000,"positionX":3.636364,"holdTime":0.0,"speed":1.0,"floorPosition":62.5},{"type":2,"time":4016,"positionX":5.489067,"holdTime":0.0,"speed":1.0,"floorPosition":62.75},{"type":1,"time":4032,"positionX":-0.03452206,"holdTime":0.0,"speed":1.0,"floorPosition":63.0},{"type":1,"time":4064,"positionX":-2.888378,"holdTime":0.0,"speed":1.0,"floorPosition":63.5},{"type":2,"time":4096,"positionX":3.820484,"holdTime":0.0,"speed":1.0,"floorPosition":64.0},{"type":2,"time":4112,"positionX":1.841196,"holdTime":0.0,"speed":1.0,"floorPosition":64.25},{"type":1,"time":4128,"positionX":-2.934408,"holdTime":0.0,"speed":1.0,"floorPosition":64.5},{"type":2,"time":4144,"positionX":-4.764097,"holdTime":0.0,"speed":1.0,"floorPosition":64.75},{"type":1,"time":4160,"positionX":3.878021,"holdTime":0.0,"speed":1.0,"floorPosition":65.0},{"type":2,"time":4176,"positionX":2.002301,"holdTime":0.0,"speed":1.0,"floorPosition":65.25},{"type":2,"time":4192,"positionX":-0.02301502,"holdTime":0.0,"speed":1.0,"floorPosition":65.5},{"type":2,"time":4208,"positionX":2.002301,"holdTime":0.0,"speed":1.0,"floorPosition":65.75},{"type":1,"time":4224,"positionX":-3.026467,"holdTime":0.0,"speed":1.0,"floorPosition":66.0},{"type":1,"time":4288,"positionX":-0.01150703,"holdTime":0.0,"speed":1.0,"floorPosition":67.0},{"type":1,"time":4320,"positionX":4.510933,"holdTime":0.0,"speed":1.0,"floorPosition":67.5},{"type":1,"time":4384,"positionX":-4.464903,"holdTime":0.0,"speed":1.0,"floorPosition":68.5},{"type":3,"time":4416,"positionX":2.888378,"holdTime":64.0,"speed":1.7,"floorPosition":69.0},{"type":1,"time":4480,"positionX":-3.636364,"holdTime":0.0,"speed":1.0,"floorPosition":70.13333},{"type":1,"time":4512,"positionX":3.141541,"holdTime":0.0,"speed":1.0,"floorPosition":70.700005},{"type":1,"time":4544,"positionX":-3.728424,"holdTime":0.0,"speed":1.0,"floorPosition":71.26667},{"type":1,"time":4560,"positionX":-2.094362,"holdTime":0.0,"speed":1.0,"floorPosition":71.549995},{"type":1,"time":4576,"positionX":5.051784,"holdTime":0.0,"speed":1.0,"floorPosition":71.833336},{"type":1,"time":4592,"positionX":3.037975,"holdTime":0.0,"speed":1.0,"floorPosition":72.11667},{"type":1,"time":4608,"positionX":3.037975,"holdTime":0.0,"speed":1.0,"floorPosition":72.4},{"type":1,"time":4640,"positionX":-2.508631,"holdTime":0.0,"speed":1.0,"floorPosition":72.96667},{"type":1,"time":4656,"positionX":0.0,"holdTime":0.0,"speed":1.0,"floorPosition":73.25},{"type":1,"time":4672,"positionX":2.359033,"holdTime":0.0,"speed":1.0,"floorPosition":73.53333},{"type":1,"time":4688,"positionX":4.672037,"holdTime":0.0,"speed":1.0,"floorPosition":73.816666},{"type":1,"time":4704,"positionX":2.278481,"holdTime":0.0,"speed":1.0,"floorPosition":74.1},{"type":1,"time":4720,"positionX":-2.520138,"holdTime":0.0,"speed":1.0,"floorPosition":74.38333},{"type":1,"time":4736,"positionX":2.289989,"holdTime":0.0,"speed":1.0,"floorPosition":74.666664},{"type":1,"time":4768,"positionX":4.499425,"holdTime":0.0,"speed":1.0,"floorPosition":75.23333},{"type":1,"time":4800,"positionX":-5.166859,"holdTime":0.0,"speed":1.0,"floorPosition":75.799995},{"type":1,"time":4816,"positionX":-2.807825,"holdTime":0.0,"speed":1.0,"floorPosition":76.083336},{"type":1,"time":4848,"positionX":3.590333,"holdTime":0.0,"speed":1.0,"floorPosition":76.65},{"type":1,"time":4864,"positionX":3.555812,"holdTime":0.0,"speed":1.0,"floorPosition":76.933334},{"type":1,"time":4896,"positionX":-2.87687,"holdTime":0.0,"speed":1.0,"floorPosition":77.5},{"type":1,"time":4912,"positionX":-5.247411,"holdTime":0.0,"speed":1.0,"floorPosition":77.78333},{"type":1,"time":4928,"positionX":1.265822,"holdTime":0.0,"speed":1.0,"floorPosition":78.066666},{"type":1,"time":4944,"positionX":3.590333,"holdTime":0.0,"speed":1.0,"floorPosition":78.35},{"type":1,"time":4960,"positionX":-2.934408,"holdTime":0.0,"speed":1.0,"floorPosition":78.63333},{"type":1,"time":4976,"positionX":-5.270426,"holdTime":0.0,"speed":1.0,"floorPosition":78.916664},{"type":1,"time":4992,"positionX":1.150749,"holdTime":0.0,"speed":1.0,"floorPosition":79.200005},{"type":1,"time":5024,"positionX":4.142694,"holdTime":0.0,"speed":1.0,"floorPosition":79.76667},{"type":1,"time":5056,"positionX":-4.6145,"holdTime":0.0,"speed":1.0,"floorPosition":80.333336},{"type":1,"time":5072,"positionX":-2.830839,"holdTime":0.0,"speed":1.0,"floorPosition":80.61667},{"type":1,"time":5088,"positionX":4.119678,"holdTime":0.0,"speed":1.0,"floorPosition":80.9},{"type":1,"time":5104,"positionX":-2.865362,"holdTime":0.0,"speed":1.0,"floorPosition":81.183334},{"type":1,"time":5120,"positionX":-2.865362,"holdTime":0.0,"speed":1.0,"floorPosition":81.46667},{"type":1,"time":5152,"positionX":-1.346375,"holdTime":0.0,"speed":1.0,"floorPosition":82.03333},{"type":1,"time":5184,"positionX":-4.660529,"holdTime":0.0,"speed":1.0,"floorPosition":82.6},{"type":1,"time":5200,"positionX":-2.853855,"holdTime":0.0,"speed":1.0,"floorPosition":82.88333},{"type":1,"time":5232,"positionX":4.361335,"holdTime":0.0,"speed":1.0,"floorPosition":83.450005},{"type":1,"time":5248,"positionX":4.326813,"holdTime":0.0,"speed":1.0,"floorPosition":83.73333},{"type":2,"time":5504,"positionX":0.0,"holdTime":0.0,"speed":1.0,"floorPosition":88.06667},{"type":1,"time":5536,"positionX":4.016111,"holdTime":0.0,"speed":1.0,"floorPosition":88.600006},{"type":1,"time":5568,"positionX":-4.20023,"holdTime":0.0,"speed":1.0,"floorPosition":89.13333},{"type":1,"time":5584,"positionX":-2.60069,"holdTime":0.0,"speed":1.0,"floorPosition":89.4},{"type":1,"time":5600,"positionX":3.958573,"holdTime":0.0,"speed":1.0,"floorPosition":89.666664},{"type":1,"time":5616,"positionX":2.255466,"holdTime":0.0,"speed":1.0,"floorPosition":89.93334},{"type":1,"time":5648,"positionX":-2.520138,"holdTime":0.0,"speed":1.0,"floorPosition":90.46667},{"type":1,"time":5664,"positionX":2.266974,"holdTime":0.0,"speed":1.0,"floorPosition":90.73334},{"type":1,"time":5680,"positionX":-2.554661,"holdTime":0.0,"speed":1.0,"floorPosition":91.0},{"type":1,"time":5696,"positionX":-2.554661,"holdTime":0.0,"speed":1.0,"floorPosition":91.26667},{"type":1,"time":5712,"positionX":-0.05753708,"holdTime":0.0,"speed":1.0,"floorPosition":91.53333},{"type":1,"time":5728,"positionX":2.289989,"holdTime":0.0,"speed":1.0,"floorPosition":91.799995},{"type":1,"time":5744,"positionX":-2.577676,"holdTime":0.0,"speed":1.0,"floorPosition":92.06667},{"type":1,"time":5760,"positionX":3.371692,"holdTime":0.0,"speed":1.0,"floorPosition":92.333336},{"type":1,"time":5792,"positionX":4.637514,"holdTime":0.0,"speed":1.0,"floorPosition":92.86667},{"type":1,"time":5808,"positionX":3.394708,"holdTime":0.0,"speed":1.0,"floorPosition":93.13333},{"type":1,"time":5840,"positionX":2.117376,"holdTime":0.0,"speed":1.0,"floorPosition":93.666664},{"type":1,"time":5856,"positionX":-4.33832,"holdTime":0.0,"speed":1.0,"floorPosition":93.93334},{"type":1,"time":5872,"positionX":-0.01150703,"holdTime":0.0,"speed":1.0,"floorPosition":94.200005},{"type":1,"time":5904,"positionX":-4.372843,"holdTime":0.0,"speed":1.0,"floorPosition":94.73334},{"type":1,"time":5920,"positionX":5.20138,"holdTime":0.0,"speed":1.0,"floorPosition":95.0},{"type":1,"time":5936,"positionX":-4.361335,"holdTime":0.0,"speed":1.0,"floorPosition":95.26667},{"type":1,"time":5952,"positionX":3.24511,"holdTime":0.0,"speed":1.0,"floorPosition":95.53333},{"type":1,"time":5968,"positionX":-4.372843,"holdTime":0.0,"speed":1.0,"floorPosition":95.799995},{"type":1,"time":5984,"positionX":1.542002,"holdTime":0.0,"speed":1.0,"floorPosition":96.06667},{"type":1,"time":6000,"positionX":-4.361335,"holdTime":0.0,"speed":1.0,"floorPosition":96.333336},{"type":1,"time":6016,"positionX":3.164557,"holdTime":0.0,"speed":1.0,"floorPosition":96.600006},{"type":1,"time":6048,"positionX":-4.29229,"holdTime":0.0,"speed":1.0,"floorPosition":97.13333},{"type":1,"time":6064,"positionX":0.02301407,"holdTime":0.0,"speed":1.0,"floorPosition":97.4},{"type":1,"time":6096,"positionX":-4.326812,"holdTime":0.0,"speed":1.0,"floorPosition":97.93334},{"type":1,"time":6112,"positionX":3.118527,"holdTime":0.0,"speed":1.0,"floorPosition":98.200005},{"type":1,"time":6128,"positionX":-4.303798,"holdTime":0.0,"speed":1.0,"floorPosition":98.46667},{"type":1,"time":6160,"positionX":-2.313004,"holdTime":0.0,"speed":1.0,"floorPosition":99.0},{"type":1,"time":6176,"positionX":4.695051,"holdTime":0.0,"speed":1.0,"floorPosition":99.26667},{"type":1,"time":6192,"positionX":-2.301497,"holdTime":0.0,"speed":1.0,"floorPosition":99.53333},{"type":1,"time":6208,"positionX":3.01496,"holdTime":0.0,"speed":1.0,"floorPosition":99.799995},{"type":1,"time":6224,"positionX":-2.243958,"holdTime":0.0,"speed":1.0,"floorPosition":100.06667},{"type":1,"time":6240,"positionX":1.449943,"holdTime":0.0,"speed":1.0,"floorPosition":100.333336},{"type":1,"time":6256,"positionX":-4.142693,"holdTime":0.0,"speed":1.0,"floorPosition":100.600006},{"type":1,"time":6272,"positionX":0.06904507,"holdTime":0.0,"speed":1.0,"floorPosition":100.86667},{"type":1,"time":6304,"positionX":-4.188723,"holdTime":0.0,"speed":1.0,"floorPosition":101.4},{"type":1,"time":6320,"positionX":1.392405,"holdTime":0.0,"speed":1.0,"floorPosition":101.666664},{"type":1,"time":6352,"positionX":-2.117376,"holdTime":0.0,"speed":1.0,"floorPosition":102.200005},{"type":1,"time":6368,"positionX":4.269275,"holdTime":0.0,"speed":1.0,"floorPosition":102.46667},{"type":1,"time":6384,"positionX":1.921749,"holdTime":0.0,"speed":1.0,"floorPosition":102.73334},{"type":1,"time":6416,"positionX":-4.06214,"holdTime":0.0,"speed":1.0,"floorPosition":103.26667},{"type":1,"time":6432,"positionX":4.349828,"holdTime":0.0,"speed":1.0,"floorPosition":103.53333},{"type":1,"time":6448,"positionX":-4.073648,"holdTime":0.0,"speed":1.0,"floorPosition":103.799995},{"type":1,"time":6464,"positionX":1.944765,"holdTime":0.0,"speed":1.0,"floorPosition":104.06667},{"type":1,"time":6480,"positionX":-4.119678,"holdTime":0.0,"speed":1.0,"floorPosition":104.333336},{"type":1,"time":6496,"positionX":4.303798,"holdTime":0.0,"speed":1.0,"floorPosition":104.600006},{"type":1,"time":6528,"positionX":0.0,"holdTime":0.0,"speed":1.0,"floorPosition":105.13333},{"type":1,"time":6544,"positionX":3.463751,"holdTime":0.0,"speed":1.0,"floorPosition":105.4},{"type":1,"time":6560,"positionX":-0.04603004,"holdTime":0.0,"speed":1.0,"floorPosition":105.666664},{"type":1,"time":6576,"positionX":3.417721,"holdTime":0.0,"speed":1.0,"floorPosition":105.93334},{"type":1,"time":6592,"positionX":3.452244,"holdTime":0.0,"speed":1.0,"floorPosition":106.200005},{"type":1,"time":6608,"positionX":-3.256617,"holdTime":0.0,"speed":1.0,"floorPosition":106.46667},{"type":1,"time":6624,"positionX":0.01150703,"holdTime":0.0,"speed":1.0,"floorPosition":106.73334},{"type":1,"time":6640,"positionX":-3.256617,"holdTime":0.0,"speed":1.0,"floorPosition":107.0},{"type":1,"time":6656,"positionX":-0.01150703,"holdTime":0.0,"speed":1.0,"floorPosition":107.26667},{"type":1,"time":6672,"positionX":-3.279632,"holdTime":0.0,"speed":1.0,"floorPosition":107.53333},{"type":1,"time":6688,"positionX":0.0,"holdTime":0.0,"speed":1.0,"floorPosition":107.799995},{"type":1,"time":6704,"positionX":-3.360185,"holdTime":0.0,"speed":1.0,"floorPosition":108.06667},{"type":2,"time":6720,"positionX":4.361335,"holdTime":0.0,"speed":1.0,"floorPosition":108.333336},{"type":2,"time":6744,"positionX":2.980437,"holdTime":0.0,"speed":1.0,"floorPosition":108.73334},{"type":2,"time":6768,"positionX":1.657077,"holdTime":0.0,"speed":1.0,"floorPosition":109.13333},{"type":4,"time":6816,"positionX":-3.130035,"holdTime":0.0,"speed":1.0,"floorPosition":109.93334},{"type":1,"time":6864,"positionX":5.454546,"holdTime":0.0,"speed":1.0,"floorPosition":110.73334},{"type":1,"time":6880,"positionX":-3.107019,"holdTime":0.0,"speed":1.0,"floorPosition":111.0},{"type":1,"time":6896,"positionX":-3.072496,"holdTime":0.0,"speed":1.0,"floorPosition":111.26667},{"type":1,"time":6912,"positionX":3.302647,"holdTime":0.0,"speed":1.0,"floorPosition":111.53333},{"type":1,"time":6928,"positionX":-3.037975,"holdTime":0.0,"speed":1.0,"floorPosition":111.799995},{"type":1,"time":6944,"positionX":-3.072496,"holdTime":0.0,"speed":1.0,"floorPosition":112.06667},{"type":1,"time":6960,"positionX":1.127733,"holdTime":0.0,"speed":1.0,"floorPosition":112.333336},{"type":1,"time":6976,"positionX":-3.118526,"holdTime":0.0,"speed":1.0,"floorPosition":112.600006},{"type":1,"time":6992,"positionX":-3.130035,"holdTime":0.0,"speed":1.0,"floorPosition":112.86667},{"type":1,"time":7008,"positionX":3.233602,"holdTime":0.0,"speed":1.0,"floorPosition":113.13333},{"type":1,"time":7024,"positionX":-4.43038,"holdTime":0.0,"speed":1.0,"floorPosition":113.4},{"type":1,"time":7040,"positionX":-4.418872,"holdTime":0.0,"speed":1.0,"floorPosition":113.666664},{"type":1,"time":7072,"positionX":0.01150703,"holdTime":0.0,"speed":1.0,"floorPosition":114.200005},{"type":1,"time":7120,"positionX":-2.151899,"holdTime":0.0,"speed":1.0,"floorPosition":115.0},{"type":1,"time":7136,"positionX":2.025316,"holdTime":0.0,"speed":1.0,"floorPosition":115.26667},{"type":1,"time":7152,"positionX":-2.128883,"holdTime":0.0,"speed":1.0,"floorPosition":115.53333},{"type":1,"time":7184,"positionX":-4.372843,"holdTime":0.0,"speed":1.0,"floorPosition":116.06667},{"type":1,"time":7200,"positionX":3.92405,"holdTime":0.0,"speed":1.0,"floorPosition":116.333336},{"type":1,"time":7216,"positionX":-2.163406,"holdTime":0.0,"speed":1.0,"floorPosition":116.600006},{"type":1,"time":7232,"positionX":-2.163406,"holdTime":0.0,"speed":1.0,"floorPosition":116.86667},{"type":1,"time":7248,"positionX":3.92405,"holdTime":0.0,"speed":1.0,"floorPosition":117.13333},{"type":1,"time":7280,"positionX":-4.533947,"holdTime":0.0,"speed":1.0,"floorPosition":117.666664},{"type":4,"time":7296,"positionX":-0.01150703,"holdTime":0.0,"speed":1.0,"floorPosition":117.93334},{"type":1,"time":7552,"positionX":-4.269276,"holdTime":0.0,"speed":1.0,"floorPosition":120.600006},{"type":1,"time":7584,"positionX":-1.611048,"holdTime":0.0,"speed":1.0,"floorPosition":121.06667},{"type":1,"time":7616,"positionX":-1.530496,"holdTime":0.0,"speed":1.0,"floorPosition":121.53333},{"type":1,"time":7632,"positionX":1.737629,"holdTime":0.0,"speed":1.0,"floorPosition":121.76667},{"type":1,"time":7648,"positionX":4.936709,"holdTime":0.0,"speed":1.0,"floorPosition":122.00001},{"type":1,"time":7664,"positionX":1.749136,"holdTime":0.0,"speed":1.0,"floorPosition":122.23334},{"type":1,"time":7696,"positionX":-4.913693,"holdTime":0.0,"speed":1.0,"floorPosition":122.700005},{"type":1,"time":7712,"positionX":-0.01150703,"holdTime":0.0,"speed":1.0,"floorPosition":122.950005},{"type":1,"time":7728,"positionX":-4.879171,"holdTime":0.0,"speed":1.0,"floorPosition":123.200005},{"type":1,"time":7744,"positionX":-0.03452206,"holdTime":0.0,"speed":1.0,"floorPosition":123.450005},{"type":1,"time":7760,"positionX":1.680092,"holdTime":0.0,"speed":1.0,"floorPosition":123.700005},{"type":1,"time":7776,"positionX":3.532797,"holdTime":0.0,"speed":1.0,"floorPosition":123.950005},{"type":1,"time":7792,"positionX":-2.899885,"holdTime":0.0,"speed":1.0,"floorPosition":124.200005},{"type":1,"time":7808,"positionX":5.466053,"holdTime":0.0,"speed":1.0,"floorPosition":124.450005},{"type":1,"time":7840,"positionX":5.420023,"holdTime":0.0,"speed":1.0,"floorPosition":124.98334},{"type":1,"time":7856,"positionX":-0.03452206,"holdTime":0.0,"speed":1.0,"floorPosition":125.25},{"type":1,"time":7888,"positionX":3.475258,"holdTime":0.0,"speed":1.0,"floorPosition":125.78333},{"type":1,"time":7904,"positionX":-2.922899,"holdTime":0.0,"speed":1.0,"floorPosition":126.049995},{"type":1,"time":7920,"positionX":1.59954,"holdTime":0.0,"speed":1.0,"floorPosition":126.31667},{"type":1,"time":7952,"positionX":-4.764097,"holdTime":0.0,"speed":1.0,"floorPosition":126.850006},{"type":1,"time":7968,"positionX":3.463751,"holdTime":0.0,"speed":1.0,"floorPosition":127.11667},{"type":1,"time":7984,"positionX":-4.798619,"holdTime":0.0,"speed":1.0,"floorPosition":127.38333},{"type":1,"time":8000,"positionX":0.6674337,"holdTime":0.0,"speed":1.0,"floorPosition":127.65},{"type":1,"time":8016,"positionX":-2.128883,"holdTime":0.0,"speed":1.0,"floorPosition":127.916664},{"type":1,"time":8032,"positionX":0.6444187,"holdTime":0.0,"speed":1.0,"floorPosition":128.18333},{"type":1,"time":8048,"positionX":-4.810126,"holdTime":0.0,"speed":1.0,"floorPosition":128.45},{"type":1,"time":8064,"positionX":-4.798619,"holdTime":0.0,"speed":1.0,"floorPosition":128.71666},{"type":1,"time":8064,"positionX":3.429228,"holdTime":0.0,"speed":1.0,"floorPosition":128.71666},{"type":1,"time":8096,"positionX":-2.266973,"holdTime":0.0,"speed":1.0,"floorPosition":129.25},{"type":1,"time":8112,"positionX":1.806675,"holdTime":0.0,"speed":1.0,"floorPosition":129.51668},{"type":1,"time":8144,"positionX":-2.243958,"holdTime":0.0,"speed":1.0,"floorPosition":130.05},{"type":1,"time":8160,"positionX":3.498274,"holdTime":0.0,"speed":1.0,"floorPosition":130.31667},{"type":1,"time":8176,"positionX":-2.232451,"holdTime":0.0,"speed":1.0,"floorPosition":130.58333},{"type":1,"time":8208,"positionX":-4.407365,"holdTime":0.0,"speed":1.0,"floorPosition":131.11667},{"type":1,"time":8224,"positionX":5.155351,"holdTime":0.0,"speed":1.0,"floorPosition":131.38333},{"type":1,"time":8240,"positionX":-4.38435,"holdTime":0.0,"speed":1.0,"floorPosition":131.65001},{"type":1,"time":8256,"positionX":3.705409,"holdTime":0.0,"speed":1.0,"floorPosition":131.91667},{"type":1,"time":8272,"positionX":-2.117376,"holdTime":0.0,"speed":1.0,"floorPosition":132.18333},{"type":1,"time":8288,"positionX":2.163405,"holdTime":0.0,"speed":1.0,"floorPosition":132.45},{"type":1,"time":8304,"positionX":-4.38435,"holdTime":0.0,"speed":1.0,"floorPosition":132.71666},{"type":1,"time":8320,"positionX":-4.38435,"holdTime":0.0,"speed":1.0,"floorPosition":132.98334},{"type":1,"time":8320,"positionX":2.094362,"holdTime":0.0,"speed":1.0,"floorPosition":132.98334},{"type":1,"time":8352,"positionX":-2.036823,"holdTime":0.0,"speed":1.0,"floorPosition":133.51668},{"type":1,"time":8368,"positionX":3.647871,"holdTime":0.0,"speed":1.0,"floorPosition":133.78334},{"type":1,"time":8400,"positionX":-4.361335,"holdTime":0.0,"speed":1.0,"floorPosition":134.31667},{"type":1,"time":8416,"positionX":5.408516,"holdTime":0.0,"speed":1.0,"floorPosition":134.58333},{"type":1,"time":8432,"positionX":-4.407365,"holdTime":0.0,"speed":1.0,"floorPosition":134.85},{"type":1,"time":8464,"positionX":-4.395857,"holdTime":0.0,"speed":1.0,"floorPosition":135.38333},{"type":1,"time":8480,"positionX":3.947065,"holdTime":0.0,"speed":1.0,"floorPosition":135.65001},{"type":1,"time":8496,"positionX":-4.349827,"holdTime":0.0,"speed":1.0,"floorPosition":135.91667},{"type":1,"time":8512,"positionX":1.737629,"holdTime":0.0,"speed":1.0,"floorPosition":136.18333},{"type":1,"time":8528,"positionX":-1.472958,"holdTime":0.0,"speed":1.0,"floorPosition":136.45},{"type":1,"time":8544,"positionX":4.649022,"holdTime":0.0,"speed":1.0,"floorPosition":136.71666},{"type":1,"time":8960,"positionX":-1.288837,"holdTime":0.0,"speed":1.0,"floorPosition":143.65001},{"type":1,"time":9008,"positionX":-3.659379,"holdTime":0.0,"speed":1.0,"floorPosition":144.45},{"type":1,"time":9088,"positionX":-3.624856,"holdTime":0.0,"speed":1.0,"floorPosition":145.78334},{"type":1,"time":9168,"positionX":-3.624856,"holdTime":0.0,"speed":1.0,"floorPosition":147.11667},{"type":1,"time":9200,"positionX":-3.624856,"holdTime":0.0,"speed":1.0,"floorPosition":147.65001},{"type":1,"time":9232,"positionX":-3.659379,"holdTime":0.0,"speed":1.0,"floorPosition":148.18333},{"type":1,"time":9264,"positionX":-3.670886,"holdTime":0.0,"speed":1.0,"floorPosition":148.71666},{"type":1,"time":9280,"positionX":-3.693901,"holdTime":0.0,"speed":1.0,"floorPosition":148.98334},{"type":1,"time":9328,"positionX":-3.739931,"holdTime":0.0,"speed":1.0,"floorPosition":149.78334},{"type":1,"time":9344,"positionX":-3.739931,"holdTime":0.0,"speed":1.0,"floorPosition":150.05},{"type":1,"time":9424,"positionX":-3.785961,"holdTime":0.0,"speed":1.0,"floorPosition":151.38333},{"type":1,"time":9456,"positionX":-3.785961,"holdTime":0.0,"speed":1.0,"floorPosition":151.91667},{"type":1,"time":9488,"positionX":-3.831991,"holdTime":0.0,"speed":1.0,"floorPosition":152.45},{"type":1,"time":9520,"positionX":-3.820484,"holdTime":0.0,"speed":1.0,"floorPosition":152.98334},{"type":1,"time":9536,"positionX":-3.843498,"holdTime":0.0,"speed":1.0,"floorPosition":153.25},{"type":2,"time":9600,"positionX":-1.507481,"holdTime":0.0,"speed":1.0,"floorPosition":154.31667},{"type":2,"time":9608,"positionX":-2.727273,"holdTime":0.0,"speed":1.0,"floorPosition":154.45},{"type":2,"time":9616,"positionX":-3.452244,"holdTime":0.0,"speed":1.0,"floorPosition":154.58333},{"type":2,"time":9624,"positionX":-3.808975,"holdTime":0.0,"speed":1.0,"floorPosition":154.71666},{"type":2,"time":9632,"positionX":-3.878021,"holdTime":0.0,"speed":1.0,"floorPosition":154.85},{"type":2,"time":9640,"positionX":-3.624856,"holdTime":0.0,"speed":1.0,"floorPosition":154.98334},{"type":2,"time":9648,"positionX":-2.865362,"holdTime":0.0,"speed":1.0,"floorPosition":155.11667},{"type":2,"time":9656,"positionX":-2.140391,"holdTime":0.0,"speed":1.0,"floorPosition":155.25},{"type":2,"time":9664,"positionX":-1.035673,"holdTime":0.0,"speed":1.0,"floorPosition":155.38333},{"type":2,"time":9680,"positionX":-1.012658,"holdTime":0.0,"speed":1.0,"floorPosition":155.65001},{"type":2,"time":9696,"positionX":-3.728424,"holdTime":0.0,"speed":1.0,"floorPosition":155.91667},{"type":2,"time":9712,"positionX":-3.785961,"holdTime":0.0,"speed":1.0,"floorPosition":156.18333},{"type":2,"time":9728,"positionX":-2.266973,"holdTime":0.0,"speed":1.0,"floorPosition":156.45},{"type":2,"time":9736,"positionX":-1.357882,"holdTime":0.0,"speed":1.0,"floorPosition":156.58333},{"type":2,"time":9744,"positionX":-0.1956272,"holdTime":0.0,"speed":1.0,"floorPosition":156.71666},{"type":2,"time":9752,"positionX":1.035672,"holdTime":0.0,"speed":1.0,"floorPosition":156.85},{"type":2,"time":9760,"positionX":-1.726122,"holdTime":0.0,"speed":1.0,"floorPosition":156.98334},{"type":2,"time":9768,"positionX":-0.7479868,"holdTime":0.0,"speed":1.0,"floorPosition":157.11667},{"type":2,"time":9776,"positionX":0.6329117,"holdTime":0.0,"speed":1.0,"floorPosition":157.25},{"type":2,"time":9784,"positionX":1.530495,"holdTime":0.0,"speed":1.0,"floorPosition":157.38333},{"type":2,"time":9792,"positionX":-1.047181,"holdTime":0.0,"speed":1.0,"floorPosition":157.51668},{"type":2,"time":9808,"positionX":0.8216337,"holdTime":0.0,"speed":1.0,"floorPosition":157.78334},{"type":2,"time":9824,"positionX":2.911392,"holdTime":0.0,"speed":1.0,"floorPosition":158.05},{"type":2,"time":9840,"positionX":0.897583,"holdTime":0.0,"speed":1.0,"floorPosition":158.31667},{"type":2,"time":9856,"positionX":2.128885,"holdTime":0.0,"speed":1.0,"floorPosition":158.58333},{"type":2,"time":9864,"positionX":0.897583,"holdTime":0.0,"speed":1.0,"floorPosition":158.71666},{"type":2,"time":9872,"positionX":-0.1956272,"holdTime":0.0,"speed":1.0,"floorPosition":158.85},{"type":2,"time":9880,"positionX":-0.7364788,"holdTime":0.0,"speed":1.0,"floorPosition":158.98334},{"type":2,"time":9888,"positionX":-0.874568,"holdTime":0.0,"speed":1.0,"floorPosition":159.11667},{"type":2,"time":9896,"positionX":-0.874568,"holdTime":0.0,"speed":1.0,"floorPosition":159.25},{"type":2,"time":9904,"positionX":-0.6904488,"holdTime":0.0,"speed":1.0,"floorPosition":159.38333},{"type":2,"time":9912,"positionX":-0.2301493,"holdTime":0.0,"speed":1.0,"floorPosition":159.51668},{"type":2,"time":9920,"positionX":-1.760644,"holdTime":0.0,"speed":1.0,"floorPosition":159.65001},{"type":2,"time":9936,"positionX":1.760645,"holdTime":0.0,"speed":1.0,"floorPosition":159.91667},{"type":2,"time":9952,"positionX":1.749136,"holdTime":0.0,"speed":1.0,"floorPosition":160.18333},{"type":2,"time":9968,"positionX":-0.09206009,"holdTime":0.0,"speed":1.0,"floorPosition":160.45},{"type":2,"time":9984,"positionX":-0.7019558,"holdTime":0.0,"speed":1.0,"floorPosition":160.71666},{"type":2,"time":9992,"positionX":0.7019567,"holdTime":0.0,"speed":1.0,"floorPosition":160.85},{"type":2,"time":10000,"positionX":2.174914,"holdTime":0.0,"speed":1.0,"floorPosition":160.98334},{"type":2,"time":10008,"positionX":3.762946,"holdTime":0.0,"speed":1.0,"floorPosition":161.11667},{"type":2,"time":10016,"positionX":0.1726131,"holdTime":0.0,"speed":1.0,"floorPosition":161.25},{"type":2,"time":10024,"positionX":1.36939,"holdTime":0.0,"speed":1.0,"floorPosition":161.38333},{"type":2,"time":10032,"positionX":2.761796,"holdTime":0.0,"speed":1.0,"floorPosition":161.51668},{"type":2,"time":10040,"positionX":4.188724,"holdTime":0.0,"speed":1.0,"floorPosition":161.65001},{"type":2,"time":10048,"positionX":3.003452,"holdTime":0.0,"speed":1.0,"floorPosition":161.78334},{"type":2,"time":10064,"positionX":4.936709,"holdTime":0.0,"speed":1.0,"floorPosition":162.05},{"type":2,"time":10080,"positionX":4.948216,"holdTime":0.0,"speed":1.0,"floorPosition":162.31667},{"type":2,"time":10096,"positionX":2.922901,"holdTime":0.0,"speed":1.0,"floorPosition":162.58333},{"type":2,"time":10112,"positionX":2.980437,"holdTime":0.0,"speed":1.0,"floorPosition":162.85},{"type":2,"time":10120,"positionX":2.255466,"holdTime":0.0,"speed":1.0,"floorPosition":162.98334},{"type":2,"time":10128,"positionX":2.945914,"holdTime":0.0,"speed":1.0,"floorPosition":163.11667},{"type":2,"time":10136,"positionX":3.820484,"holdTime":0.0,"speed":1.0,"floorPosition":163.25},{"type":2,"time":10144,"positionX":2.945914,"holdTime":0.0,"speed":1.0,"floorPosition":163.38333},{"type":2,"time":10152,"positionX":2.243958,"holdTime":0.0,"speed":1.0,"floorPosition":163.51668},{"type":2,"time":10160,"positionX":2.911392,"holdTime":0.0,"speed":1.0,"floorPosition":163.65001},{"type":2,"time":10168,"positionX":3.670887,"holdTime":0.0,"speed":1.0,"floorPosition":163.78334},{"type":2,"time":10176,"positionX":2.888378,"holdTime":0.0,"speed":1.0,"floorPosition":163.91667},{"type":2,"time":10192,"positionX":0.874568,"holdTime":0.0,"speed":1.0,"floorPosition":164.18333},{"type":2,"time":10208,"positionX":4.821634,"holdTime":0.0,"speed":1.0,"floorPosition":164.45},{"type":2,"time":10224,"positionX":2.853855,"holdTime":0.0,"speed":1.0,"floorPosition":164.71666},{"type":2,"time":10240,"positionX":-0.863061,"holdTime":0.0,"speed":1.0,"floorPosition":164.98334},{"type":2,"time":10248,"positionX":0.2646723,"holdTime":0.0,"speed":1.0,"floorPosition":165.11667},{"type":2,"time":10256,"positionX":1.714615,"holdTime":0.0,"speed":1.0,"floorPosition":165.25},{"type":2,"time":10264,"positionX":2.64672,"holdTime":0.0,"speed":1.0,"floorPosition":165.38333},{"type":2,"time":10272,"positionX":3.947065,"holdTime":0.0,"speed":1.0,"floorPosition":165.51668},{"type":2,"time":10280,"positionX":2.669735,"holdTime":0.0,"speed":1.0,"floorPosition":165.65001},{"type":2,"time":10288,"positionX":1.657077,"holdTime":0.0,"speed":1.0,"floorPosition":165.78334},{"type":2,"time":10296,"positionX":0.2301493,"holdTime":0.0,"speed":1.0,"floorPosition":165.91667},{"type":2,"time":10304,"positionX":-0.897583,"holdTime":0.0,"speed":1.0,"floorPosition":166.05},{"type":2,"time":10320,"positionX":1.196777,"holdTime":0.0,"speed":1.0,"floorPosition":166.31667},{"type":2,"time":10336,"positionX":3.475258,"holdTime":0.0,"speed":1.0,"floorPosition":166.58333},{"type":2,"time":10352,"positionX":1.242808,"holdTime":0.0,"speed":1.0,"floorPosition":166.85},{"type":2,"time":10368,"positionX":-4.602992,"holdTime":0.0,"speed":1.0,"floorPosition":167.11667},{"type":2,"time":10376,"positionX":-3.218258,"holdTime":0.0,"speed":1.0,"floorPosition":167.25},{"type":2,"time":10384,"positionX":-2.313004,"holdTime":0.0,"speed":1.0,"floorPosition":167.38333},{"type":2,"time":10392,"positionX":-1.00115,"holdTime":0.0,"speed":1.0,"floorPosition":167.51668},{"type":2,"time":10400,"positionX":1.622555,"holdTime":0.0,"speed":1.0,"floorPosition":167.65001},{"type":2,"time":10408,"positionX":2.543153,"holdTime":0.0,"speed":1.0,"floorPosition":167.78334},{"type":2,"time":10416,"positionX":3.716917,"holdTime":0.0,"speed":1.0,"floorPosition":167.91667},{"type":2,"time":10424,"positionX":5.132337,"holdTime":0.0,"speed":1.0,"floorPosition":168.05},{"type":2,"time":10432,"positionX":-3.314154,"holdTime":0.0,"speed":1.0,"floorPosition":168.18333},{"type":2,"time":10448,"positionX":-0.01150703,"holdTime":0.0,"speed":1.0,"floorPosition":168.45},{"type":2,"time":10464,"positionX":3.417721,"holdTime":0.0,"speed":1.0,"floorPosition":168.71666},{"type":2,"time":10480,"positionX":-0.02301502,"holdTime":0.0,"speed":1.0,"floorPosition":168.98334},{"type":2,"time":10496,"positionX":-1.622555,"holdTime":0.0,"speed":1.0,"floorPosition":169.25},{"type":2,"time":10504,"positionX":-2.761795,"holdTime":0.0,"speed":1.0,"floorPosition":169.38333},{"type":2,"time":10512,"positionX":-1.645569,"holdTime":0.0,"speed":1.0,"floorPosition":169.51668},{"type":2,"time":10520,"positionX":-0.1726122,"holdTime":0.0,"speed":1.0,"floorPosition":169.65001},{"type":2,"time":10528,"positionX":4.729574,"holdTime":0.0,"speed":1.0,"floorPosition":169.78334},{"type":2,"time":10536,"positionX":3.440737,"holdTime":0.0,"speed":1.0,"floorPosition":169.91667},{"type":2,"time":10544,"positionX":4.602993,"holdTime":0.0,"speed":1.0,"floorPosition":170.05},{"type":2,"time":10552,"positionX":6.283083,"holdTime":0.0,"speed":1.0,"floorPosition":170.18333},{"type":2,"time":10560,"positionX":-0.05753708,"holdTime":0.0,"speed":1.0,"floorPosition":170.31667},{"type":2,"time":10576,"positionX":2.853855,"holdTime":0.0,"speed":1.0,"floorPosition":170.58333},{"type":2,"time":10592,"positionX":5.93786,"holdTime":0.0,"speed":1.0,"floorPosition":170.84999},{"type":2,"time":10608,"positionX":1.507481,"holdTime":0.0,"speed":1.0,"floorPosition":171.11668},{"type":1,"time":10624,"positionX":1.530495,"holdTime":0.0,"speed":1.0,"floorPosition":171.38335},{"type":1,"time":10656,"positionX":6.823936,"holdTime":0.0,"speed":1.0,"floorPosition":171.91667},{"type":1,"time":10704,"positionX":1.484466,"holdTime":0.0,"speed":1.0,"floorPosition":172.71667},{"type":1,"time":10720,"positionX":6.789412,"holdTime":0.0,"speed":1.0,"floorPosition":172.98334},{"type":1,"time":10736,"positionX":1.46145,"holdTime":0.0,"speed":1.0,"floorPosition":173.25},{"type":1,"time":10752,"positionX":1.438436,"holdTime":0.0,"speed":1.0,"floorPosition":173.51666},{"type":1,"time":10784,"positionX":6.731876,"holdTime":0.0,"speed":1.0,"floorPosition":174.05},{"type":2,"time":10816,"positionX":-0.02301502,"holdTime":0.0,"speed":1.0,"floorPosition":174.58333},{"type":2,"time":10840,"positionX":-0.03452206,"holdTime":0.0,"speed":1.0,"floorPosition":174.98334},{"type":2,"time":10864,"positionX":-0.01150703,"holdTime":0.0,"speed":1.0,"floorPosition":175.38335},{"type":2,"time":10880,"positionX":-0.02301502,"holdTime":0.0,"speed":1.0,"floorPosition":175.65001},{"type":1,"time":10912,"positionX":3.843498,"holdTime":0.0,"speed":1.0,"floorPosition":176.18333},{"type":1,"time":10960,"positionX":-2.301497,"holdTime":0.0,"speed":1.0,"floorPosition":176.98334},{"type":1,"time":10976,"positionX":3.831991,"holdTime":0.0,"speed":1.0,"floorPosition":177.25},{"type":1,"time":10992,"positionX":-2.359034,"holdTime":0.0,"speed":1.0,"floorPosition":177.51666},{"type":1,"time":11008,"positionX":-2.347526,"holdTime":0.0,"speed":1.0,"floorPosition":177.78334},{"type":1,"time":11024,"positionX":-2.347526,"holdTime":0.0,"speed":1.0,"floorPosition":178.05},{"type":1,"time":11040,"positionX":3.797468,"holdTime":0.0,"speed":1.0,"floorPosition":178.31667},{"type":1,"time":11056,"positionX":-2.301497,"holdTime":0.0,"speed":1.0,"floorPosition":178.58333},{"type":1,"time":11072,"positionX":-2.266973,"holdTime":0.0,"speed":1.0,"floorPosition":178.84999},{"type":1,"time":11088,"positionX":3.797468,"holdTime":0.0,"speed":1.0,"floorPosition":179.11668},{"type":1,"time":11120,"positionX":-4.510932,"holdTime":0.0,"speed":1.0,"floorPosition":179.65001},{"type":1,"time":11136,"positionX":-4.499425,"holdTime":0.0,"speed":1.0,"floorPosition":179.91667},{"type":1,"time":11168,"positionX":4.499425,"holdTime":0.0,"speed":1.0,"floorPosition":180.45001},{"type":1,"time":11200,"positionX":-4.499425,"holdTime":0.0,"speed":1.0,"floorPosition":180.98334},{"type":2,"time":11216,"positionX":-4.464903,"holdTime":0.0,"speed":1.0,"floorPosition":181.25},{"type":1,"time":11232,"positionX":4.556962,"holdTime":0.0,"speed":1.0,"floorPosition":181.51666},{"type":2,"time":11232,"positionX":-4.464903,"holdTime":0.0,"speed":1.0,"floorPosition":181.51666},{"type":2,"time":11248,"positionX":-4.499425,"holdTime":0.0,"speed":1.0,"floorPosition":181.78334},{"type":2,"time":11264,"positionX":-4.464903,"holdTime":0.0,"speed":1.0,"floorPosition":182.05},{"type":2,"time":11280,"positionX":-4.510932,"holdTime":0.0,"speed":1.0,"floorPosition":182.31667},{"type":2,"time":11296,"positionX":-4.52244,"holdTime":0.0,"speed":1.0,"floorPosition":182.58333},{"type":1,"time":11296,"positionX":4.453394,"holdTime":0.0,"speed":1.0,"floorPosition":182.58333},{"type":2,"time":11312,"positionX":-4.47641,"holdTime":0.0,"speed":1.0,"floorPosition":182.84999},{"type":2,"time":11328,"positionX":-4.47641,"holdTime":0.0,"speed":1.0,"floorPosition":183.11668},{"type":1,"time":11344,"positionX":4.43038,"holdTime":0.0,"speed":1.0,"floorPosition":183.38335},{"type":2,"time":11344,"positionX":-4.47641,"holdTime":0.0,"speed":1.0,"floorPosition":183.38335},{"type":2,"time":11360,"positionX":-4.453395,"holdTime":0.0,"speed":1.0,"floorPosition":183.65001},{"type":2,"time":11376,"positionX":-4.43038,"holdTime":0.0,"speed":1.0,"floorPosition":183.91667},{"type":1,"time":11392,"positionX":4.361335,"holdTime":0.0,"speed":1.0,"floorPosition":184.18333},{"type":2,"time":11408,"positionX":4.326813,"holdTime":0.0,"speed":1.0,"floorPosition":184.45001},{"type":2,"time":11424,"positionX":4.315305,"holdTime":0.0,"speed":1.0,"floorPosition":184.71667},{"type":1,"time":11424,"positionX":-4.38435,"holdTime":0.0,"speed":1.0,"floorPosition":184.71667},{"type":2,"time":11440,"positionX":4.326813,"holdTime":0.0,"speed":1.0,"floorPosition":184.98334},{"type":2,"time":11456,"positionX":4.338321,"holdTime":0.0,"speed":1.0,"floorPosition":185.25},{"type":2,"time":11472,"positionX":4.29229,"holdTime":0.0,"speed":1.0,"floorPosition":185.51666},{"type":1,"time":11488,"positionX":-4.407365,"holdTime":0.0,"speed":1.0,"floorPosition":185.78334},{"type":2,"time":11488,"positionX":4.29229,"holdTime":0.0,"speed":1.0,"floorPosition":185.78334},{"type":2,"time":11504,"positionX":4.269275,"holdTime":0.0,"speed":1.0,"floorPosition":186.05},{"type":3,"time":11520,"positionX":-0.01150703,"holdTime":32.0,"speed":1.6,"floorPosition":186.31667},{"type":2,"time":11552,"positionX":-0.01150703,"holdTime":0.0,"speed":1.0,"floorPosition":186.84999},{"type":2,"time":11556,"positionX":-0.01150703,"holdTime":0.0,"speed":1.0,"floorPosition":186.91667},{"type":2,"time":11560,"positionX":-0.01150703,"holdTime":0.0,"speed":1.0,"floorPosition":186.98334},{"type":2,"time":11564,"positionX":-0.01150703,"holdTime":0.0,"speed":1.0,"floorPosition":187.05},{"type":2,"time":11568,"positionX":-0.01150703,"holdTime":0.0,"speed":1.0,"floorPosition":187.11668},{"type":2,"time":11572,"positionX":-0.01150703,"holdTime":0.0,"speed":1.0,"floorPosition":187.18333},{"type":1,"time":11584,"positionX":-4.441887,"holdTime":0.0,"speed":1.0,"floorPosition":187.38335},{"type":1,"time":11600,"positionX":-0.04603004,"holdTime":0.0,"speed":1.0,"floorPosition":187.65001},{"type":1,"time":11616,"positionX":4.188724,"holdTime":0.0,"speed":1.0,"floorPosition":187.91667},{"type":4,"time":11632,"positionX":-0.04603004,"holdTime":0.0,"speed":1.0,"floorPosition":188.18333}],"notesBelow":[{"type":2,"time":7456,"positionX":-4.20023,"holdTime":0.0,"speed":1.0,"floorPosition":119.600006},{"type":2,"time":7488,"positionX":-0.03452301,"holdTime":0.0,"speed":1.0,"floorPosition":119.93334},{"type":2,"time":7504,"positionX":1.956272,"holdTime":0.0,"speed":1.0,"floorPosition":120.100006},{"type":2,"time":7520,"positionX":3.866514,"holdTime":0.0,"speed":1.0,"floorPosition":120.26667},{"type":2,"time":7536,"positionX":1.979286,"holdTime":0.0,"speed":1.0,"floorPosition":120.43334}],"speedEvents":[{"startTime":0.0,"endTime":4416.0,"value":1.5},{"startTime":4416.0,"endTime":5312.0,"value":1.7},{"startTime":5312.0,"endTime":7296.0,"value":1.6},{"startTime":7296.0,"endTime":7552.0,"value":1.0},{"startTime":7552.0,"endTime":7696.0,"value":1.4},{"startTime":7696.0,"endTime":7808.0,"value":1.5},{"startTime":7808.0,"endTime":8294400.0,"value":1.6}],"judgeLineMoveEvents":[{"startTime":0.0,"endTime":64.0,"start":440260.0,"end":440156.0},{"startTime":64.0,"endTime":96.0,"start":440156.0,"end":440130.0},{"startTime":96.0,"endTime":128.0,"start":440130.0,"end":440130.0},{"startTime":128.0,"endTime":512.0,"start":440130.0,"end":440260.0},{"startTime":512.0,"endTime":640.0,"start":440260.0,"end":440260.0},{"startTime":640.0,"endTime":1664.0,"start":440260.0,"end":440130.0},{"startTime":1664.0,"endTime":2432.0,"start":440130.0,"end":440130.0},{"startTime":2432.0,"endTime":2688.0,"start":440130.0,"end":440260.0},{"startTime":2688.0,"endTime":3232.0,"start":440260.0,"end":440130.0},{"startTime":3232.0,"endTime":3264.0,"start":440130.0,"end":440156.0},{"startTime":3264.0,"endTime":3344.0,"start":440156.0,"end":440156.0},{"startTime":3344.0,"endTime":3456.0,"start":440156.0,"end":440104.0},{"startTime":3456.0,"endTime":4480.0,"start":440104.0,"end":440104.0},{"startTime":4480.0,"endTime":5248.0,"start":440104.0,"end":440156.0},{"startTime":5248.0,"endTime":5312.0,"start":440156.0,"end":440156.0},{"startTime":5312.0,"endTime":5328.0,"start":440104.0,"end":440104.0},{"startTime":5328.0,"endTime":5344.0,"start":440156.0,"end":440156.0},{"startTime":5344.0,"endTime":5360.0,"start":440104.0,"end":440104.0},{"startTime":5360.0,"endTime":5376.0,"start":440156.0,"end":440156.0},{"startTime":5376.0,"endTime":5392.0,"start":440104.0,"end":440104.0},{"startTime":5392.0,"endTime":5408.0,"start":440156.0,"end":440156.0},{"startTime":5408.0,"endTime":5424.0,"start":440104.0,"end":440104.0},{"startTime":5424.0,"endTime":5440.0,"start":440156.0,"end":440156.0},{"startTime":5440.0,"endTime":5504.0,"start":440208.0,"end":440208.0},{"startTime":5504.0,"endTime":6528.0,"start":440208.0,"end":440104.0},{"startTime":6528.0,"endTime":7296.0,"start":440104.0,"end":440104.0},{"startTime":7296.0,"endTime":7424.0,"start":440104.0,"end":440260.0},{"startTime":7424.0,"endTime":7552.0,"start":440260.0,"end":440260.0},{"startTime":7552.0,"endTime":8576.0,"start":440260.0,"end":440104.0},{"startTime":8576.0,"endTime":8592.0,"start":440104.0,"end":440000.0},{"startTime":8592.0,"endTime":8608.0,"start":440260.0,"end":440260.0},{"startTime":8608.0,"endTime":8616.0,"start":352260.0,"end":528260.0},{"startTime":8616.0,"endTime":8624.0,"start":528260.0,"end":352260.0},{"startTime":8624.0,"endTime":8632.0,"start":352260.0,"end":528260.0},{"startTime":8632.0,"endTime":8640.0,"start":528260.0,"end":440260.0},{"startTime":8640.0,"endTime":8704.0,"start":440260.0,"end":440260.0},{"startTime":8704.0,"endTime":8720.0,"start":440260.0,"end":440130.0},{"startTime":8720.0,"endTime":8736.0,"start":440130.0,"end":440260.0},{"startTime":8736.0,"endTime":8864.0,"start":440260.0,"end":440260.0},{"startTime":8864.0,"endTime":9600.0,"start":352052.0,"end":352052.0},{"startTime":9600.0,"endTime":9856.0,"start":352052.0,"end":440052.0},{"startTime":9856.0,"endTime":10112.0,"start":440052.0,"end":528052.0},{"startTime":10112.0,"endTime":10368.0,"start":528052.0,"end":440052.0},{"startTime":10368.0,"endTime":10624.0,"start":440052.0,"end":176052.0},{"startTime":10624.0,"endTime":11136.0,"start":176052.0,"end":440130.0},{"startTime":11136.0,"endTime":11632.0,"start":440130.0,"end":440130.0},{"startTime":11632.0,"endTime":11633.0,"start":440130.0,"end":440144.0},{"startTime":11633.0,"endTime":11634.0,"start":440144.0,"end":440157.0},{"startTime":11634.0,"endTime":11635.0,"start":440157.0,"end":440170.0},{"startTime":11635.0,"endTime":11636.0,"start":440170.0,"end":440181.0},{"startTime":11636.0,"endTime":11637.0,"start":440181.0,"end":440193.0},{"startTime":11637.0,"endTime":11638.0,"start":440193.0,"end":440204.0},{"startTime":11638.0,"endTime":11639.0,"start":440204.0,"end":440214.0},{"startTime":11639.0,"endTime":11640.0,"start":440214.0,"end":440224.0},{"startTime":11640.0,"endTime":11641.0,"start":440224.0,"end":440233.0},{"startTime":11641.0,"endTime":11642.0,"start":440233.0,"end":440242.0},{"startTime":11642.0,"endTime":11643.0,"start":440242.0,"end":440251.0},{"startTime":11643.0,"endTime":11644.0,"start":440251.0,"end":440259.0},{"startTime":11644.0,"endTime":11645.0,"start":440259.0,"end":440268.0},{"startTime":11645.0,"endTime":11646.0,"start":440268.0,"end":440275.0},{"startTime":11646.0,"endTime":11647.0,"start":440275.0,"end":440283.0},{"startTime":11647.0,"endTime":11649.0,"start":440283.0,"end":440297.0},{"startTime":11649.0,"endTime":11650.0,"start":440297.0,"end":440304.0},{"startTime":11650.0,"endTime":11651.0,"start":440304.0,"end":440311.0},{"startTime":11651.0,"endTime":11652.0,"start":440311.0,"end":440317.0},{"startTime":11652.0,"endTime":11653.0,"start":440317.0,"end":440324.0},{"startTime":11653.0,"endTime":11654.0,"start":440324.0,"end":440330.0},{"startTime":11654.0,"endTime":11655.0,"start":440330.0,"end":440336.0},{"startTime":11655.0,"endTime":11656.0,"start":440336.0,"end":440342.0},{"startTime":11656.0,"endTime":11657.0,"start":440342.0,"end":440347.0},{"startTime":11657.0,"endTime":11658.0,"start":440347.0,"end":440353.0},{"startTime":11658.0,"endTime":11660.0,"start":440353.0,"end":440363.0},{"startTime":11660.0,"endTime":11661.0,"start":440363.0,"end":440368.0},{"startTime":11661.0,"endTime":11663.0,"start":440368.0,"end":440378.0},{"startTime":11663.0,"endTime":11664.0,"start":440378.0,"end":440383.0},{"startTime":11664.0,"endTime":11665.0,"start":440383.0,"end":440387.0},{"startTime":11665.0,"endTime":11666.0,"start":440387.0,"end":440392.0},{"startTime":11666.0,"endTime":11667.0,"start":440392.0,"end":440396.0},{"startTime":11667.0,"endTime":11668.0,"start":440396.0,"end":440400.0},{"startTime":11668.0,"endTime":11669.0,"start":440400.0,"end":440405.0},{"startTime":11669.0,"endTime":11670.0,"start":440405.0,"end":440409.0},{"startTime":11670.0,"endTime":11671.0,"start":440409.0,"end":440413.0},{"startTime":11671.0,"endTime":11672.0,"start":440413.0,"end":440417.0},{"startTime":11672.0,"endTime":11673.0,"start":440417.0,"end":440420.0},{"startTime":11673.0,"endTime":11674.0,"start":440420.0,"end":440424.0},{"startTime":11674.0,"endTime":11675.0,"start":440424.0,"end":440428.0},{"startTime":11675.0,"endTime":11676.0,"start":440428.0,"end":440431.0},{"startTime":11676.0,"endTime":11677.0,"start":440431.0,"end":440435.0},{"startTime":11677.0,"endTime":11679.0,"start":440435.0,"end":440441.0},{"startTime":11679.0,"endTime":11680.0,"start":440441.0,"end":440445.0},{"startTime":11680.0,"endTime":11681.0,"start":440445.0,"end":440448.0},{"startTime":11681.0,"endTime":11682.0,"start":440448.0,"end":440451.0},{"startTime":11682.0,"endTime":11684.0,"start":440451.0,"end":440457.0},{"startTime":11684.0,"endTime":11685.0,"start":440457.0,"end":440460.0},{"startTime":11685.0,"endTime":11687.0,"start":440460.0,"end":440466.0},{"startTime":11687.0,"endTime":11688.0,"start":440466.0,"end":440468.0},{"startTime":11688.0,"endTime":11690.0,"start":440468.0,"end":440474.0},{"startTime":11690.0,"endTime":11691.0,"start":440474.0,"end":440476.0},{"startTime":11691.0,"endTime":11692.0,"start":440476.0,"end":440479.0},{"startTime":11692.0,"endTime":11693.0,"start":440479.0,"end":440481.0},{"startTime":11693.0,"endTime":11694.0,"start":440481.0,"end":440484.0},{"startTime":11694.0,"endTime":11696.0,"start":440484.0,"end":440488.0},{"startTime":11696.0,"endTime":11697.0,"start":440488.0,"end":440491.0},{"startTime":11697.0,"endTime":11698.0,"start":440491.0,"end":440493.0},{"startTime":11698.0,"endTime":11701.0,"start":440493.0,"end":440499.0},{"startTime":11701.0,"endTime":11702.0,"start":440499.0,"end":440501.0},{"startTime":11702.0,"endTime":11705.0,"start":440501.0,"end":440507.0},{"startTime":11705.0,"endTime":11706.0,"start":440507.0,"end":440509.0},{"startTime":11706.0,"endTime":11708.0,"start":440509.0,"end":440513.0},{"startTime":11708.0,"endTime":11709.0,"start":440513.0,"end":440514.0},{"startTime":11709.0,"endTime":11710.0,"start":440514.0,"end":440516.0},{"startTime":11710.0,"endTime":11712.0,"start":440516.0,"end":440520.0},{"startTime":11712.0,"endTime":11776.0,"start":440000.0,"end":440260.0},{"startTime":11776.0,"endTime":8294400.0,"start":440260.0,"end":440260.0}],"judgeLineRotateEvents":[{"startTime":0.0,"endTime":640.0,"start":0.0,"end":0.0},{"startTime":640.0,"endTime":1152.0,"start":0.0,"end":45.0},{"startTime":1152.0,"endTime":1664.0,"start":45.0,"end":0.0},{"startTime":1664.0,"endTime":2880.0,"start":0.0,"end":0.0},{"startTime":2880.0,"endTime":2896.0,"start":0.0,"end":3.0},{"startTime":2896.0,"endTime":2912.0,"start":3.0,"end":0.0},{"startTime":2912.0,"endTime":2928.0,"start":0.0,"end":3.0},{"startTime":2928.0,"endTime":2944.0,"start":3.0,"end":0.0},{"startTime":2944.0,"endTime":3232.0,"start":0.0,"end":0.0},{"startTime":3232.0,"endTime":3264.0,"start":0.0,"end":5.0},{"startTime":3264.0,"endTime":3344.0,"start":5.0,"end":5.0},{"startTime":3344.0,"endTime":3456.0,"start":5.0,"end":-5.0},{"startTime":3456.0,"endTime":3472.0,"start":-5.0,"end":0.0},{"startTime":3472.0,"endTime":3520.0,"start":0.0,"end":0.0},{"startTime":3520.0,"endTime":3536.0,"start":0.0,"end":5.0},{"startTime":3536.0,"endTime":3552.0,"start":5.0,"end":0.0},{"startTime":3552.0,"endTime":3648.0,"start":0.0,"end":0.0},{"startTime":3648.0,"endTime":3664.0,"start":0.0,"end":5.0},{"startTime":3664.0,"endTime":3680.0,"start":5.0,"end":0.0},{"startTime":3680.0,"endTime":3776.0,"start":0.0,"end":0.0},{"startTime":3776.0,"endTime":3792.0,"start":0.0,"end":5.0},{"startTime":3792.0,"endTime":3808.0,"start":5.0,"end":0.0},{"startTime":3808.0,"endTime":3904.0,"start":0.0,"end":0.0},{"startTime":3904.0,"endTime":3920.0,"start":0.0,"end":5.0},{"startTime":3920.0,"endTime":3936.0,"start":5.0,"end":0.0},{"startTime":3936.0,"endTime":4032.0,"start":0.0,"end":0.0},{"startTime":4032.0,"endTime":4048.0,"start":0.0,"end":5.0},{"startTime":4048.0,"endTime":4064.0,"start":5.0,"end":0.0},{"startTime":4064.0,"endTime":4160.0,"start":0.0,"end":0.0},{"startTime":4160.0,"endTime":4176.0,"start":0.0,"end":5.0},{"startTime":4176.0,"endTime":4192.0,"start":5.0,"end":0.0},{"startTime":4192.0,"endTime":4288.0,"start":0.0,"end":0.0},{"startTime":4288.0,"endTime":4304.0,"start":0.0,"end":-5.0},{"startTime":4304.0,"endTime":4320.0,"start":-5.0,"end":0.0},{"startTime":4320.0,"endTime":4416.0,"start":0.0,"end":0.0},{"startTime":4416.0,"endTime":4480.0,"start":0.0,"end":-5.0},{"startTime":4480.0,"endTime":4992.0,"start":-5.0,"end":5.0},{"startTime":4992.0,"endTime":5248.0,"start":5.0,"end":0.0},{"startTime":5248.0,"endTime":5344.0,"start":0.0,"end":0.0},{"startTime":5344.0,"endTime":5360.0,"start":5.0,"end":5.0},{"startTime":5360.0,"endTime":5376.0,"start":-5.0,"end":-5.0},{"startTime":5376.0,"endTime":5392.0,"start":10.0,"end":10.0},{"startTime":5392.0,"endTime":5408.0,"start":-5.0,"end":-5.0},{"startTime":5408.0,"endTime":5504.0,"start":0.0,"end":0.0},{"startTime":5504.0,"endTime":6528.0,"start":0.0,"end":10.0},{"startTime":6528.0,"endTime":6816.0,"start":10.0,"end":0.0},{"startTime":6816.0,"endTime":8064.0,"start":0.0,"end":0.0},{"startTime":8064.0,"endTime":8576.0,"start":0.0,"end":-10.0},{"startTime":8576.0,"endTime":8592.0,"start":-10.0,"end":0.0},{"startTime":8592.0,"endTime":8608.0,"start":0.0,"end":0.0},{"startTime":8608.0,"endTime":8640.0,"start":90.0,"end":90.0},{"startTime":8640.0,"endTime":8656.0,"start":90.0,"end":30.0},{"startTime":8656.0,"endTime":8672.0,"start":30.0,"end":45.0},{"startTime":8672.0,"endTime":8688.0,"start":45.0,"end":-15.0},{"startTime":8688.0,"endTime":8704.0,"start":-15.0,"end":0.0},{"startTime":8704.0,"endTime":8736.0,"start":0.0,"end":0.0},{"startTime":8736.0,"endTime":8744.0,"start":0.0,"end":10.0},{"startTime":8744.0,"endTime":8752.0,"start":10.0,"end":0.0},{"startTime":8752.0,"endTime":8760.0,"start":0.0,"end":10.0},{"startTime":8760.0,"endTime":8768.0,"start":10.0,"end":0.0},{"startTime":8768.0,"endTime":8864.0,"start":0.0,"end":0.0},{"startTime":8864.0,"endTime":9600.0,"start":-30.0,"end":-30.0},{"startTime":9600.0,"endTime":10112.0,"start":-30.0,"end":30.0},{"startTime":10112.0,"endTime":10368.0,"start":30.0,"end":0.0},{"startTime":10368.0,"endTime":8294400.0,"start":0.0,"end":0.0}],"judgeLineDisappearEvents":[{"startTime":0.0,"endTime":512.0,"start":1.0,"end":1.0},{"startTime":512.0,"endTime":528.0,"start":0.0,"end":1.0},{"startTime":528.0,"endTime":560.0,"start":0.0,"end":1.0},{"startTime":560.0,"endTime":592.0,"start":0.0,"end":1.0},{"startTime":592.0,"endTime":624.0,"start":0.0,"end":1.0},{"startTime":624.0,"endTime":640.0,"start":0.0,"end":1.0},{"startTime":640.0,"endTime":2432.0,"start":1.0,"end":1.0},{"startTime":2432.0,"endTime":2528.0,"start":0.0,"end":1.0},{"startTime":2528.0,"endTime":2624.0,"start":0.0,"end":1.0},{"startTime":2624.0,"endTime":4416.0,"start":1.0,"end":1.0},{"startTime":4416.0,"endTime":4480.0,"start":1.0,"end":0.0},{"startTime":4480.0,"endTime":6720.0,"start":1.0,"end":1.0},{"startTime":6720.0,"endTime":6744.0,"start":0.0,"end":1.0},{"startTime":6744.0,"endTime":6768.0,"start":0.0,"end":1.0},{"startTime":6768.0,"endTime":6792.0,"start":0.0,"end":1.0},{"startTime":6792.0,"endTime":6816.0,"start":1.0,"end":1.0},{"startTime":6816.0,"endTime":6864.0,"start":0.0,"end":1.0},{"startTime":6864.0,"endTime":7296.0,"start":1.0,"end":1.0},{"startTime":7296.0,"endTime":7424.0,"start":0.0,"end":1.0},{"startTime":7424.0,"endTime":8576.0,"start":1.0,"end":1.0},{"startTime":8576.0,"endTime":8592.0,"start":1.0,"end":0.0},{"startTime":8592.0,"endTime":8608.0,"start":0.0,"end":0.0},{"startTime":8608.0,"endTime":8816.0,"start":1.0,"end":1.0},{"startTime":8816.0,"endTime":8864.0,"start":1.0,"end":0.0},{"startTime":8864.0,"endTime":10816.0,"start":1.0,"end":1.0},{"startTime":10816.0,"endTime":10840.0,"start":0.0,"end":1.0},{"startTime":10840.0,"endTime":10864.0,"start":0.0,"end":1.0},{"startTime":10864.0,"endTime":10880.0,"start":0.0,"end":1.0},{"startTime":10880.0,"endTime":10912.0,"start":0.0,"end":1.0},{"startTime":10912.0,"endTime":11632.0,"start":1.0,"end":1.0},{"startTime":11632.0,"endTime":11712.0,"start":1.0,"end":0.0},{"startTime":11712.0,"endTime":11776.0,"start":0.0,"end":1.0},{"startTime":11776.0,"endTime":8294400.0,"start":1.0,"end":1.0}]},{"bpm":180.0,"notesAbove":[{"type":1,"time":9056,"positionX":2.174915,"holdTime":0.0,"speed":1.0,"floorPosition":95.13333},{"type":1,"time":9120,"positionX":4.085155,"holdTime":0.0,"speed":1.0,"floorPosition":96.200005},{"type":1,"time":9184,"positionX":4.062141,"holdTime":0.0,"speed":1.0,"floorPosition":97.26666},{"type":1,"time":9248,"positionX":3.981586,"holdTime":0.0,"speed":1.0,"floorPosition":98.333336},{"type":1,"time":9296,"positionX":3.958572,"holdTime":0.0,"speed":1.0,"floorPosition":99.13333},{"type":1,"time":9376,"positionX":3.866512,"holdTime":0.0,"speed":1.0,"floorPosition":100.46667},{"type":1,"time":9440,"positionX":3.808975,"holdTime":0.0,"speed":1.0,"floorPosition":101.53333},{"type":1,"time":9504,"positionX":3.739929,"holdTime":0.0,"speed":1.0,"floorPosition":102.6},{"type":1,"time":9552,"positionX":3.751438,"holdTime":0.0,"speed":1.0,"floorPosition":103.4}],"notesBelow":[],"speedEvents":[{"startTime":0.0,"endTime":8928.0,"value":1.0},{"startTime":8928.0,"endTime":8294400.0,"value":1.6}],"judgeLineMoveEvents":[{"startTime":0.0,"endTime":6816.0,"start":440260.0,"end":440260.0},{"startTime":6816.0,"endTime":6817.0,"start":440104.0,"end":440123.0},{"startTime":6817.0,"endTime":6818.0,"start":440123.0,"end":440140.0},{"startTime":6818.0,"endTime":6819.0,"start":440140.0,"end":440155.0},{"startTime":6819.0,"endTime":6820.0,"start":440155.0,"end":440169.0},{"startTime":6820.0,"endTime":6821.0,"start":440169.0,"end":440181.0},{"startTime":6821.0,"endTime":6822.0,"start":440181.0,"end":440192.0},{"startTime":6822.0,"endTime":6823.0,"start":440192.0,"end":440202.0},{"startTime":6823.0,"endTime":6824.0,"start":440202.0,"end":440212.0},{"startTime":6824.0,"endTime":6825.0,"start":440212.0,"end":440221.0},{"startTime":6825.0,"endTime":6827.0,"start":440221.0,"end":440237.0},{"startTime":6827.0,"endTime":6830.0,"start":440237.0,"end":440258.0},{"startTime":6830.0,"endTime":6831.0,"start":440258.0,"end":440264.0},{"startTime":6831.0,"endTime":6834.0,"start":440264.0,"end":440282.0},{"startTime":6834.0,"endTime":6835.0,"start":440282.0,"end":440287.0},{"startTime":6835.0,"endTime":6837.0,"start":440287.0,"end":440297.0},{"startTime":6837.0,"endTime":6838.0,"start":440297.0,"end":440301.0},{"startTime":6838.0,"endTime":6839.0,"start":440301.0,"end":440306.0},{"startTime":6839.0,"endTime":6840.0,"start":440306.0,"end":440310.0},{"startTime":6840.0,"endTime":6841.0,"start":440310.0,"end":440314.0},{"startTime":6841.0,"endTime":6842.0,"start":440314.0,"end":440318.0},{"startTime":6842.0,"endTime":6843.0,"start":440318.0,"end":440322.0},{"startTime":6843.0,"endTime":6844.0,"start":440322.0,"end":440326.0},{"startTime":6844.0,"endTime":6845.0,"start":440326.0,"end":440329.0},{"startTime":6845.0,"endTime":6846.0,"start":440329.0,"end":440333.0},{"startTime":6846.0,"endTime":6847.0,"start":440333.0,"end":440336.0},{"startTime":6847.0,"endTime":6848.0,"start":440336.0,"end":440339.0},{"startTime":6848.0,"endTime":6850.0,"start":440339.0,"end":440345.0},{"startTime":6850.0,"endTime":6851.0,"start":440345.0,"end":440348.0},{"startTime":6851.0,"endTime":6852.0,"start":440348.0,"end":440351.0},{"startTime":6852.0,"endTime":6853.0,"start":440351.0,"end":440354.0},{"startTime":6853.0,"endTime":6854.0,"start":440354.0,"end":440356.0},{"startTime":6854.0,"endTime":6855.0,"start":440356.0,"end":440359.0},{"startTime":6855.0,"endTime":6856.0,"start":440359.0,"end":440361.0},{"startTime":6856.0,"endTime":6857.0,"start":440361.0,"end":440363.0},{"startTime":6857.0,"endTime":6858.0,"start":440363.0,"end":440366.0},{"startTime":6858.0,"endTime":6859.0,"start":440366.0,"end":440368.0},{"startTime":6859.0,"endTime":6860.0,"start":440368.0,"end":440370.0},{"startTime":6860.0,"endTime":6863.0,"start":440370.0,"end":440376.0},{"startTime":6863.0,"endTime":6864.0,"start":440376.0,"end":440378.0},{"startTime":6864.0,"endTime":6865.0,"start":440378.0,"end":440379.0},{"startTime":6865.0,"endTime":6867.0,"start":440379.0,"end":440383.0},{"startTime":6867.0,"endTime":6868.0,"start":440383.0,"end":440384.0},{"startTime":6868.0,"endTime":6869.0,"start":440384.0,"end":440386.0},{"startTime":6869.0,"endTime":6870.0,"start":440386.0,"end":440387.0},{"startTime":6870.0,"endTime":6871.0,"start":440387.0,"end":440389.0},{"startTime":6871.0,"endTime":6872.0,"start":440389.0,"end":440390.0},{"startTime":6872.0,"endTime":6873.0,"start":440390.0,"end":440392.0},{"startTime":6873.0,"endTime":6875.0,"start":440392.0,"end":440394.0},{"startTime":6875.0,"endTime":6876.0,"start":440394.0,"end":440395.0},{"startTime":6876.0,"endTime":6879.0,"start":440395.0,"end":440398.0},{"startTime":6879.0,"endTime":6880.0,"start":440398.0,"end":440400.0},{"startTime":6880.0,"endTime":7296.0,"start":440260.0,"end":440260.0},{"startTime":7296.0,"endTime":7424.0,"start":440104.0,"end":440260.0},{"startTime":7424.0,"endTime":8768.0,"start":440260.0,"end":440260.0},{"startTime":8768.0,"endTime":8769.0,"start":440260.0,"end":440219.0},{"startTime":8769.0,"endTime":8770.0,"start":440219.0,"end":440189.0},{"startTime":8770.0,"endTime":8771.0,"start":440189.0,"end":440165.0},{"startTime":8771.0,"endTime":8772.0,"start":440165.0,"end":440146.0},{"startTime":8772.0,"endTime":8773.0,"start":440146.0,"end":440129.0},{"startTime":8773.0,"endTime":8774.0,"start":440129.0,"end":440114.0},{"startTime":8774.0,"endTime":8775.0,"start":440114.0,"end":440101.0},{"startTime":8775.0,"endTime":8776.0,"start":440101.0,"end":440089.0},{"startTime":8776.0,"endTime":8777.0,"start":440089.0,"end":440079.0},{"startTime":8777.0,"endTime":8778.0,"start":440079.0,"end":440070.0},{"startTime":8778.0,"endTime":8779.0,"start":440070.0,"end":440061.0},{"startTime":8779.0,"endTime":8780.0,"start":440061.0,"end":440053.0},{"startTime":8780.0,"endTime":8781.0,"start":440053.0,"end":440046.0},{"startTime":8781.0,"endTime":8783.0,"start":440046.0,"end":440034.0},{"startTime":8783.0,"endTime":8784.0,"start":440034.0,"end":440029.0},{"startTime":8784.0,"endTime":8785.0,"start":440029.0,"end":440024.0},{"startTime":8785.0,"endTime":8786.0,"start":440024.0,"end":440020.0},{"startTime":8786.0,"endTime":8787.0,"start":440020.0,"end":440016.0},{"startTime":8787.0,"endTime":8788.0,"start":440016.0,"end":440012.0},{"startTime":8788.0,"endTime":8789.0,"start":440012.0,"end":440009.0},{"startTime":8789.0,"endTime":8790.0,"start":440009.0,"end":440006.0},{"startTime":8790.0,"endTime":8792.0,"start":440006.0,"end":440000.0},{"startTime":8792.0,"endTime":8793.0,"start":440260.0,"end":440301.0},{"startTime":8793.0,"endTime":8794.0,"start":440301.0,"end":440331.0},{"startTime":8794.0,"endTime":8795.0,"start":440331.0,"end":440355.0},{"startTime":8795.0,"endTime":8796.0,"start":440355.0,"end":440374.0},{"startTime":8796.0,"endTime":8797.0,"start":440374.0,"end":440391.0},{"startTime":8797.0,"endTime":8798.0,"start":440391.0,"end":440406.0},{"startTime":8798.0,"endTime":8799.0,"start":440406.0,"end":440419.0},{"startTime":8799.0,"endTime":8800.0,"start":440419.0,"end":440431.0},{"startTime":8800.0,"endTime":8801.0,"start":440431.0,"end":440441.0},{"startTime":8801.0,"endTime":8803.0,"start":440441.0,"end":440459.0},{"startTime":8803.0,"endTime":8804.0,"start":440459.0,"end":440467.0},{"startTime":8804.0,"endTime":8805.0,"start":440467.0,"end":440474.0},{"startTime":8805.0,"endTime":8807.0,"start":440474.0,"end":440486.0},{"startTime":8807.0,"endTime":8808.0,"start":440486.0,"end":440491.0},{"startTime":8808.0,"endTime":8809.0,"start":440491.0,"end":440496.0},{"startTime":8809.0,"endTime":8810.0,"start":440496.0,"end":440500.0},{"startTime":8810.0,"endTime":8811.0,"start":440500.0,"end":440504.0},{"startTime":8811.0,"endTime":8812.0,"start":440504.0,"end":440508.0},{"startTime":8812.0,"endTime":8814.0,"start":440508.0,"end":440514.0},{"startTime":8814.0,"endTime":8815.0,"start":440514.0,"end":440517.0},{"startTime":8815.0,"endTime":8816.0,"start":440517.0,"end":440520.0},{"startTime":8816.0,"endTime":8817.0,"start":440260.0,"end":440238.0},{"startTime":8817.0,"endTime":8818.0,"start":440238.0,"end":440219.0},{"startTime":8818.0,"endTime":8819.0,"start":440219.0,"end":440203.0},{"startTime":8819.0,"endTime":8820.0,"start":440203.0,"end":440189.0},{"startTime":8820.0,"endTime":8822.0,"start":440189.0,"end":440165.0},{"startTime":8822.0,"endTime":8823.0,"start":440165.0,"end":440155.0},{"startTime":8823.0,"endTime":8825.0,"start":440155.0,"end":440137.0},{"startTime":8825.0,"endTime":8827.0,"start":440137.0,"end":440121.0},{"startTime":8827.0,"endTime":8828.0,"start":440121.0,"end":440114.0},{"startTime":8828.0,"endTime":8829.0,"start":440114.0,"end":440107.0},{"startTime":8829.0,"endTime":8832.0,"start":440107.0,"end":440089.0},{"startTime":8832.0,"endTime":8833.0,"start":440089.0,"end":440084.0},{"startTime":8833.0,"endTime":8834.0,"start":440084.0,"end":440079.0},{"startTime":8834.0,"endTime":8835.0,"start":440079.0,"end":440074.0},{"startTime":8835.0,"endTime":8836.0,"start":440074.0,"end":440070.0},{"startTime":8836.0,"endTime":8837.0,"start":440070.0,"end":440065.0},{"startTime":8837.0,"endTime":8840.0,"start":440065.0,"end":440053.0},{"startTime":8840.0,"endTime":8841.0,"start":440053.0,"end":440050.0},{"startTime":8841.0,"endTime":8842.0,"start":440050.0,"end":440046.0},{"startTime":8842.0,"endTime":8846.0,"start":440046.0,"end":440034.0},{"startTime":8846.0,"endTime":8847.0,"start":440034.0,"end":440032.0},{"startTime":8847.0,"endTime":8849.0,"start":440032.0,"end":440026.0},{"startTime":8849.0,"endTime":8853.0,"start":440026.0,"end":440018.0},{"startTime":8853.0,"endTime":8854.0,"start":440018.0,"end":440016.0},{"startTime":8854.0,"endTime":8857.0,"start":440016.0,"end":440010.0},{"startTime":8857.0,"endTime":8858.0,"start":440010.0,"end":440009.0},{"startTime":8858.0,"endTime":8859.0,"start":440009.0,"end":440007.0},{"startTime":8859.0,"endTime":8860.0,"start":440007.0,"end":440006.0},{"startTime":8860.0,"endTime":8861.0,"start":440006.0,"end":440004.0},{"startTime":8861.0,"endTime":8862.0,"start":440004.0,"end":440003.0},{"startTime":8862.0,"endTime":8863.0,"start":440003.0,"end":440002.0},{"startTime":8863.0,"endTime":8864.0,"start":440002.0,"end":440000.0},{"startTime":8864.0,"endTime":9600.0,"start":528052.0,"end":528052.0},{"startTime":9600.0,"endTime":8294400.0,"start":440260.0,"end":440260.0}],"judgeLineRotateEvents":[{"startTime":0.0,"endTime":7296.0,"start":0.0,"end":0.0},{"startTime":7296.0,"endTime":7424.0,"start":0.0,"end":90.0},{"startTime":7424.0,"endTime":8864.0,"start":0.0,"end":0.0},{"startTime":8864.0,"endTime":9600.0,"start":30.0,"end":30.0},{"startTime":9600.0,"endTime":11168.0,"start":0.0,"end":0.0},{"startTime":11168.0,"endTime":11680.0,"start":90.0,"end":90.0},{"startTime":11680.0,"endTime":8294400.0,"start":0.0,"end":0.0}],"judgeLineDisappearEvents":[{"startTime":0.0,"endTime":6816.0,"start":0.0,"end":0.0},{"startTime":6816.0,"endTime":6880.0,"start":1.0,"end":0.0},{"startTime":6880.0,"endTime":7296.0,"start":0.0,"end":0.0},{"startTime":7296.0,"endTime":7360.0,"start":0.0,"end":1.0},{"startTime":7360.0,"endTime":7424.0,"start":1.0,"end":0.0},{"startTime":7424.0,"endTime":8768.0,"start":0.0,"end":0.0},{"startTime":8768.0,"endTime":8792.0,"start":1.0,"end":0.0},{"startTime":8792.0,"endTime":8816.0,"start":1.0,"end":0.0},{"startTime":8816.0,"endTime":8864.0,"start":1.0,"end":0.0},{"startTime":8864.0,"endTime":9552.0,"start":1.0,"end":1.0},{"startTime":9552.0,"endTime":9600.0,"start":1.0,"end":0.0},{"startTime":9600.0,"endTime":11168.0,"start":0.0,"end":0.0},{"startTime":11168.0,"endTime":11232.0,"start":1.0,"end":0.0},{"startTime":11232.0,"endTime":11296.0,"start":1.0,"end":0.0},{"startTime":11296.0,"endTime":11344.0,"start":1.0,"end":0.0},{"startTime":11344.0,"endTime":11424.0,"start":1.0,"end":0.0},{"startTime":11424.0,"endTime":11488.0,"start":1.0,"end":0.0},{"startTime":11488.0,"endTime":11552.0,"start":1.0,"end":0.0},{"startTime":11552.0,"endTime":21552.0,"start":0.0,"end":0.0},{"startTime":21552.0,"endTime":8294400.0,"start":1.0,"end":1.0}]}]}