{"formatVersion":1,"offset":0.0,"judgeLineList":[{"bpm":210.0,"notesAbove":[{"type":1,"time":128,"positionX":-0.4582205,"holdTime":0.0,"speed":1.0,"floorPosition":1.6},{"type":1,"time":256,"positionX":-1.033243,"holdTime":0.0,"speed":1.0,"floorPosition":3.2},{"type":1,"time":384,"positionX":-2.237196,"holdTime":0.0,"speed":1.0,"floorPosition":4.7999997},{"type":1,"time":448,"positionX":1.554358,"holdTime":0.0,"speed":1.0,"floorPosition":5.6},{"type":1,"time":480,"positionX":-5.525606,"holdTime":0.0,"speed":1.0,"floorPosition":6.0},{"type":1,"time":512,"positionX":1.662174,"holdTime":0.0,"speed":1.0,"floorPosition":6.4},{"type":1,"time":576,"positionX":-3.638814,"holdTime":0.0,"speed":1.0,"floorPosition":7.2},{"type":4,"time":624,"positionX":1.895779,"holdTime":0.0,"speed":1.0,"floorPosition":7.7999997},{"type":1,"time":704,"positionX":-2.79425,"holdTime":0.0,"speed":1.0,"floorPosition":8.8},{"type":1,"time":736,"positionX":2.201257,"holdTime":0.0,"speed":1.0,"floorPosition":9.2},{"type":3,"time":768,"positionX":-3.728662,"holdTime":32.0,"speed":1.4,"floorPosition":9.599999},{"type":3,"time":832,"positionX":2.578617,"holdTime":32.0,"speed":1.4,"floorPosition":10.4},{"type":1,"time":896,"positionX":-3.78257,"holdTime":0.0,"speed":1.0,"floorPosition":11.2},{"type":1,"time":960,"positionX":1.823898,"holdTime":0.0,"speed":1.0,"floorPosition":12.0},{"type":1,"time":992,"positionX":-5.022461,"holdTime":0.0,"speed":1.0,"floorPosition":12.4},{"type":1,"time":1024,"positionX":2.075471,"holdTime":0.0,"speed":1.0,"floorPosition":12.8},{"type":1,"time":1088,"positionX":-4.123989,"holdTime":0.0,"speed":1.0,"floorPosition":13.599999},{"type":4,"time":1120,"positionX":2.165318,"holdTime":0.0,"speed":1.0,"floorPosition":14.0},{"type":1,"time":1184,"positionX":-2.740341,"holdTime":0.0,"speed":1.0,"floorPosition":14.8},{"type":1,"time":1216,"positionX":2.991914,"holdTime":0.0,"speed":1.0,"floorPosition":15.2},{"type":3,"time":1248,"positionX":-3.602876,"holdTime":128.0,"speed":1.4,"floorPosition":15.599999},{"type":1,"time":1376,"positionX":2.345014,"holdTime":0.0,"speed":1.0,"floorPosition":17.2},{"type":1,"time":1424,"positionX":-3.333333,"holdTime":0.0,"speed":1.0,"floorPosition":17.8},{"type":1,"time":1504,"positionX":1.967655,"holdTime":0.0,"speed":1.0,"floorPosition":18.8},{"type":1,"time":1552,"positionX":-3.818508,"holdTime":0.0,"speed":1.0,"floorPosition":19.4},{"type":1,"time":1632,"positionX":1.572327,"holdTime":0.0,"speed":1.0,"floorPosition":20.4},{"type":1,"time":1680,"positionX":-3.45912,"holdTime":0.0,"speed":1.0,"floorPosition":21.0},{"type":1,"time":1712,"positionX":2.884097,"holdTime":0.0,"speed":1.0,"floorPosition":21.4},{"type":1,"time":1744,"positionX":-4.339622,"holdTime":0.0,"speed":1.0,"floorPosition":21.8},{"type":1,"time":1824,"positionX":0.5840073,"holdTime":0.0,"speed":1.0,"floorPosition":22.8},{"type":1,"time":1888,"positionX":-3.962265,"holdTime":0.0,"speed":1.0,"floorPosition":23.6},{"type":1,"time":1888,"positionX":3.207548,"holdTime":0.0,"speed":1.0,"floorPosition":23.6},{"type":1,"time":1952,"positionX":2.686433,"holdTime":0.0,"speed":1.0,"floorPosition":24.4},{"type":1,"time":1952,"positionX":-3.40521,"holdTime":0.0,"speed":1.0,"floorPosition":24.4},{"type":1,"time":2000,"positionX":-0.2605572,"holdTime":0.0,"speed":1.0,"floorPosition":25.0},{"type":1,"time":2080,"positionX":-4.016172,"holdTime":0.0,"speed":1.0,"floorPosition":26.0},{"type":1,"time":2104,"positionX":2.740341,"holdTime":0.0,"speed":1.0,"floorPosition":26.3},{"type":1,"time":2128,"positionX":-3.117701,"holdTime":0.0,"speed":1.0,"floorPosition":26.6},{"type":1,"time":2144,"positionX":2.470799,"holdTime":0.0,"speed":1.0,"floorPosition":26.8},{"type":1,"time":2240,"positionX":-3.836478,"holdTime":0.0,"speed":1.0,"floorPosition":28.0},{"type":1,"time":2320,"positionX":2.740341,"holdTime":0.0,"speed":1.0,"floorPosition":29.0},{"type":1,"time":2352,"positionX":-4.609165,"holdTime":0.0,"speed":1.0,"floorPosition":29.4},{"type":1,"time":2368,"positionX":2.345014,"holdTime":0.0,"speed":1.0,"floorPosition":29.6},{"type":1,"time":2496,"positionX":-3.117701,"holdTime":0.0,"speed":1.0,"floorPosition":31.199999},{"type":1,"time":2608,"positionX":2.309074,"holdTime":0.0,"speed":1.0,"floorPosition":32.6},{"type":3,"time":2720,"positionX":-2.758311,"holdTime":32.0,"speed":1.4,"floorPosition":34.0},{"type":3,"time":2752,"positionX":3.333334,"holdTime":64.0,"speed":1.4,"floorPosition":34.4},{"type":3,"time":2816,"positionX":-4.123989,"holdTime":64.0,"speed":1.4,"floorPosition":35.2},{"type":1,"time":2880,"positionX":2.578617,"holdTime":0.0,"speed":1.0,"floorPosition":36.0},{"type":1,"time":3008,"positionX":-4.357592,"holdTime":0.0,"speed":1.0,"floorPosition":37.6},{"type":1,"time":3136,"positionX":1.859838,"holdTime":0.0,"speed":1.0,"floorPosition":39.2},{"type":1,"time":3184,"positionX":-3.962265,"holdTime":0.0,"speed":1.0,"floorPosition":39.8},{"type":1,"time":3248,"positionX":2.398922,"holdTime":0.0,"speed":1.0,"floorPosition":40.6},{"type":1,"time":3360,"positionX":-4.968554,"holdTime":0.0,"speed":1.0,"floorPosition":42.0},{"type":1,"time":3408,"positionX":-4.699012,"holdTime":0.0,"speed":1.0,"floorPosition":42.6},{"type":1,"time":3456,"positionX":2.902067,"holdTime":0.0,"speed":1.0,"floorPosition":43.2},{"type":1,"time":3504,"positionX":2.848158,"holdTime":0.0,"speed":1.0,"floorPosition":43.8},{"type":1,"time":3584,"positionX":-3.495058,"holdTime":0.0,"speed":1.0,"floorPosition":44.8},{"type":1,"time":3632,"positionX":2.991914,"holdTime":0.0,"speed":1.0,"floorPosition":45.399998},{"type":1,"time":3680,"positionX":-3.441151,"holdTime":0.0,"speed":1.0,"floorPosition":46.0},{"type":1,"time":3728,"positionX":2.920035,"holdTime":0.0,"speed":1.0,"floorPosition":46.6},{"type":1,"time":3808,"positionX":-1.859838,"holdTime":0.0,"speed":1.0,"floorPosition":47.6},{"type":1,"time":3856,"positionX":-1.877808,"holdTime":0.0,"speed":1.0,"floorPosition":48.2},{"type":1,"time":3904,"positionX":3.674754,"holdTime":0.0,"speed":1.0,"floorPosition":48.8},{"type":1,"time":3952,"positionX":3.297395,"holdTime":0.0,"speed":1.0,"floorPosition":49.399998},{"type":1,"time":4032,"positionX":-0.6019773,"holdTime":0.0,"speed":1.0,"floorPosition":50.399998},{"type":2,"time":4320,"positionX":-0.9433956,"holdTime":0.0,"speed":1.0,"floorPosition":54.0},{"type":2,"time":4352,"positionX":-2.12938,"holdTime":0.0,"speed":1.0,"floorPosition":54.399998},{"type":2,"time":4384,"positionX":0.9973049,"holdTime":0.0,"speed":1.0,"floorPosition":54.8},{"type":1,"time":4416,"positionX":1.536388,"holdTime":0.0,"speed":1.0,"floorPosition":55.2},{"type":1,"time":4464,"positionX":-4.141958,"holdTime":0.0,"speed":1.0,"floorPosition":55.8},{"type":1,"time":4512,"positionX":-3.387241,"holdTime":0.0,"speed":1.0,"floorPosition":56.399998},{"type":2,"time":4576,"positionX":2.093441,"holdTime":0.0,"speed":1.0,"floorPosition":57.2},{"type":2,"time":4608,"positionX":1.448937,"holdTime":0.0,"speed":1.0,"floorPosition":57.6},{"type":2,"time":4640,"positionX":0.224618,"holdTime":0.0,"speed":1.0,"floorPosition":58.0},{"type":2,"time":4672,"positionX":-1.14106,"holdTime":0.0,"speed":1.0,"floorPosition":58.399998},{"type":1,"time":4720,"positionX":-3.315363,"holdTime":0.0,"speed":1.0,"floorPosition":59.0},{"type":3,"time":4784,"positionX":2.614555,"holdTime":112.0,"speed":1.4,"floorPosition":59.8},{"type":1,"time":4928,"positionX":-3.566936,"holdTime":0.0,"speed":1.0,"floorPosition":61.6},{"type":1,"time":4976,"positionX":3.315364,"holdTime":0.0,"speed":1.0,"floorPosition":62.2},{"type":1,"time":5024,"positionX":-3.387241,"holdTime":0.0,"speed":1.0,"floorPosition":62.8},{"type":1,"time":5072,"positionX":3.189578,"holdTime":0.0,"speed":1.0,"floorPosition":63.399998},{"type":2,"time":5120,"positionX":-0.7816715,"holdTime":0.0,"speed":1.0,"floorPosition":64.0},{"type":2,"time":5144,"positionX":-1.033243,"holdTime":0.0,"speed":1.0,"floorPosition":64.3},{"type":2,"time":5168,"positionX":-1.123091,"holdTime":0.0,"speed":1.0,"floorPosition":64.6},{"type":2,"time":5216,"positionX":2.794249,"holdTime":0.0,"speed":1.0,"floorPosition":65.2},{"type":2,"time":5248,"positionX":1.033243,"holdTime":0.0,"speed":1.0,"floorPosition":65.6},{"type":2,"time":5280,"positionX":-0.8881733,"holdTime":0.0,"speed":1.0,"floorPosition":66.0},{"type":2,"time":5312,"positionX":-2.291105,"holdTime":0.0,"speed":1.0,"floorPosition":66.4},{"type":1,"time":5360,"positionX":1.302786,"holdTime":0.0,"speed":1.0,"floorPosition":67.0},{"type":1,"time":5392,"positionX":1.051214,"holdTime":0.0,"speed":1.0,"floorPosition":67.4},{"type":1,"time":5424,"positionX":0.9793358,"holdTime":0.0,"speed":1.0,"floorPosition":67.8},{"type":1,"time":5472,"positionX":-2.45283,"holdTime":0.0,"speed":1.0,"floorPosition":68.4},{"type":1,"time":5520,"positionX":1.841869,"holdTime":0.0,"speed":1.0,"floorPosition":69.0},{"type":1,"time":5568,"positionX":-2.542677,"holdTime":0.0,"speed":1.0,"floorPosition":69.6},{"type":1,"time":5616,"positionX":-1.734053,"holdTime":0.0,"speed":1.0,"floorPosition":70.2},{"type":2,"time":5648,"positionX":1.734052,"holdTime":0.0,"speed":1.0,"floorPosition":70.6},{"type":2,"time":5680,"positionX":2.273136,"holdTime":0.0,"speed":1.0,"floorPosition":71.0},{"type":1,"time":5728,"positionX":-3.261456,"holdTime":0.0,"speed":1.0,"floorPosition":71.6},{"type":1,"time":5760,"positionX":2.057502,"holdTime":0.0,"speed":1.0,"floorPosition":72.0},{"type":3,"time":5808,"positionX":-2.291105,"holdTime":64.0,"speed":1.4,"floorPosition":72.6},{"type":1,"time":5952,"positionX":-2.524709,"holdTime":0.0,"speed":1.0,"floorPosition":74.4},{"type":1,"time":6016,"positionX":2.039533,"holdTime":0.0,"speed":1.0,"floorPosition":75.2},{"type":1,"time":6080,"positionX":-3.063791,"holdTime":0.0,"speed":1.0,"floorPosition":76.0},{"type":1,"time":6208,"positionX":1.877808,"holdTime":0.0,"speed":1.0,"floorPosition":77.6},{"type":1,"time":6272,"positionX":-3.692722,"holdTime":0.0,"speed":1.0,"floorPosition":78.4},{"type":1,"time":6336,"positionX":3.09973,"holdTime":0.0,"speed":1.0,"floorPosition":79.2},{"type":1,"time":6464,"positionX":-2.866127,"holdTime":0.0,"speed":1.0,"floorPosition":80.799995},{"type":1,"time":6528,"positionX":1.78796,"holdTime":0.0,"speed":1.0,"floorPosition":81.6},{"type":1,"time":6592,"positionX":-3.153639,"holdTime":0.0,"speed":1.0,"floorPosition":82.4},{"type":1,"time":6704,"positionX":2.794249,"holdTime":0.0,"speed":1.0,"floorPosition":83.799995},{"type":1,"time":6704,"positionX":-3.638814,"holdTime":0.0,"speed":1.0,"floorPosition":83.799995},{"type":1,"time":6848,"positionX":-4.609165,"holdTime":0.0,"speed":1.0,"floorPosition":85.6},{"type":1,"time":6848,"positionX":3.728661,"holdTime":0.0,"speed":1.0,"floorPosition":85.6},{"type":1,"time":6960,"positionX":-3.477089,"holdTime":0.0,"speed":1.0,"floorPosition":87.0},{"type":1,"time":6960,"positionX":2.973944,"holdTime":0.0,"speed":1.0,"floorPosition":87.0},{"type":1,"time":7104,"positionX":-4.231806,"holdTime":0.0,"speed":1.0,"floorPosition":88.799995},{"type":1,"time":7168,"positionX":2.866127,"holdTime":0.0,"speed":1.0,"floorPosition":89.6},{"type":1,"time":7232,"positionX":-3.513028,"holdTime":0.0,"speed":1.0,"floorPosition":90.4},{"type":1,"time":7232,"positionX":3.09973,"holdTime":0.0,"speed":1.0,"floorPosition":90.4},{"type":1,"time":7360,"positionX":-2.830189,"holdTime":0.0,"speed":1.0,"floorPosition":92.0},{"type":1,"time":7360,"positionX":4.177898,"holdTime":0.0,"speed":1.0,"floorPosition":92.0},{"type":1,"time":7456,"positionX":4.016173,"holdTime":0.0,"speed":1.0,"floorPosition":93.2},{"type":1,"time":7456,"positionX":-2.758311,"holdTime":0.0,"speed":1.0,"floorPosition":93.2},{"type":3,"time":7584,"positionX":-0.02695465,"holdTime":160.0,"speed":1.4,"floorPosition":94.799995},{"type":1,"time":7968,"positionX":-1.464511,"holdTime":0.0,"speed":1.0,"floorPosition":99.6},{"type":1,"time":8224,"positionX":2.111411,"holdTime":0.0,"speed":1.0,"floorPosition":102.799995},{"type":1,"time":8480,"positionX":-0.7277632,"holdTime":0.0,"speed":1.0,"floorPosition":106.0},{"type":1,"time":8672,"positionX":1.177,"holdTime":0.0,"speed":1.0,"floorPosition":108.4},{"type":3,"time":8896,"positionX":-2.740341,"holdTime":352.0,"speed":1.4,"floorPosition":111.2},{"type":3,"time":9280,"positionX":3.674754,"holdTime":352.0,"speed":1.4,"floorPosition":116.0},{"type":3,"time":9664,"positionX":-2.021563,"holdTime":32.0,"speed":1.4,"floorPosition":120.799995},{"type":3,"time":9728,"positionX":-3.620844,"holdTime":32.0,"speed":1.4,"floorPosition":121.6},{"type":3,"time":9792,"positionX":2.973944,"holdTime":32.0,"speed":1.4,"floorPosition":122.4},{"type":3,"time":9856,"positionX":-3.638814,"holdTime":32.0,"speed":1.4,"floorPosition":123.2},{"type":1,"time":9920,"positionX":2.183289,"holdTime":0.0,"speed":1.0,"floorPosition":124.0},{"type":1,"time":9984,"positionX":-1.913747,"holdTime":0.0,"speed":1.0,"floorPosition":124.799995},{"type":1,"time":10048,"positionX":2.273136,"holdTime":0.0,"speed":1.0,"floorPosition":125.6},{"type":1,"time":10112,"positionX":-4.537287,"holdTime":0.0,"speed":1.0,"floorPosition":126.4},{"type":1,"time":10176,"positionX":2.77628,"holdTime":0.0,"speed":1.0,"floorPosition":127.2},{"type":1,"time":10224,"positionX":-2.81222,"holdTime":0.0,"speed":1.0,"floorPosition":127.799995},{"type":1,"time":10272,"positionX":2.740341,"holdTime":0.0,"speed":1.0,"floorPosition":128.4},{"type":2,"time":10368,"positionX":-1.14106,"holdTime":0.0,"speed":1.0,"floorPosition":129.6},{"type":2,"time":10392,"positionX":0.5121288,"holdTime":0.0,"speed":1.0,"floorPosition":129.9},{"type":2,"time":10416,"positionX":1.608266,"holdTime":0.0,"speed":1.0,"floorPosition":130.2},{"type":2,"time":10432,"positionX":2.77628,"holdTime":0.0,"speed":1.0,"floorPosition":130.4},{"type":1,"time":10480,"positionX":-3.08176,"holdTime":0.0,"speed":1.0,"floorPosition":131.0},{"type":1,"time":10688,"positionX":1.662174,"holdTime":0.0,"speed":1.0,"floorPosition":133.6},{"type":1,"time":10736,"positionX":-1.464511,"holdTime":0.0,"speed":1.0,"floorPosition":134.2},{"type":1,"time":10784,"positionX":1.608266,"holdTime":0.0,"speed":1.0,"floorPosition":134.8},{"type":1,"time":10832,"positionX":-3.45912,"holdTime":0.0,"speed":1.0,"floorPosition":135.4},{"type":2,"time":10880,"positionX":1.734052,"holdTime":0.0,"speed":1.0,"floorPosition":136.0},{"type":2,"time":10904,"positionX":1.284817,"holdTime":0.0,"speed":1.0,"floorPosition":136.3},{"type":2,"time":10928,"positionX":0.9613657,"holdTime":0.0,"speed":1.0,"floorPosition":136.6},{"type":1,"time":10976,"positionX":-3.333333,"holdTime":0.0,"speed":1.0,"floorPosition":137.2},{"type":1,"time":11008,"positionX":2.45283,"holdTime":0.0,"speed":1.0,"floorPosition":137.6},{"type":1,"time":11040,"positionX":-3.998203,"holdTime":0.0,"speed":1.0,"floorPosition":138.0},{"type":1,"time":11072,"positionX":2.111411,"holdTime":0.0,"speed":1.0,"floorPosition":138.4},{"type":2,"time":11120,"positionX":-1.356693,"holdTime":0.0,"speed":1.0,"floorPosition":139.0},{"type":2,"time":11152,"positionX":-2.201258,"holdTime":0.0,"speed":1.0,"floorPosition":139.4},{"type":2,"time":11184,"positionX":-2.973944,"holdTime":0.0,"speed":1.0,"floorPosition":139.8},{"type":1,"time":11232,"positionX":3.495059,"holdTime":0.0,"speed":1.0,"floorPosition":140.4},{"type":1,"time":11264,"positionX":-4.10602,"holdTime":0.0,"speed":1.0,"floorPosition":140.8},{"type":1,"time":11296,"positionX":2.794249,"holdTime":0.0,"speed":1.0,"floorPosition":141.2},{"type":3,"time":11328,"positionX":-3.548966,"holdTime":32.0,"speed":1.4,"floorPosition":141.6},{"type":3,"time":11376,"positionX":3.405211,"holdTime":32.0,"speed":1.4,"floorPosition":142.2},{"type":3,"time":11424,"positionX":-2.79425,"holdTime":32.0,"speed":1.4,"floorPosition":142.8},{"type":1,"time":11488,"positionX":2.524709,"holdTime":0.0,"speed":1.0,"floorPosition":143.6},{"type":1,"time":11520,"positionX":-3.153639,"holdTime":0.0,"speed":1.0,"floorPosition":144.0},{"type":1,"time":11552,"positionX":2.902067,"holdTime":0.0,"speed":1.0,"floorPosition":144.4},{"type":3,"time":11584,"positionX":-3.513028,"holdTime":32.0,"speed":1.4,"floorPosition":144.8},{"type":3,"time":11632,"positionX":3.692722,"holdTime":208.0,"speed":1.4,"floorPosition":145.4},{"type":1,"time":11840,"positionX":-4.016172,"holdTime":0.0,"speed":1.0,"floorPosition":148.0},{"type":1,"time":11888,"positionX":3.189578,"holdTime":0.0,"speed":1.0,"floorPosition":148.59999},{"type":1,"time":11936,"positionX":-3.926325,"holdTime":0.0,"speed":1.0,"floorPosition":149.2},{"type":1,"time":11984,"positionX":3.081761,"holdTime":0.0,"speed":1.0,"floorPosition":149.8},{"type":2,"time":12032,"positionX":-3.45912,"holdTime":0.0,"speed":1.0,"floorPosition":150.4},{"type":2,"time":12048,"positionX":-1.608266,"holdTime":0.0,"speed":1.0,"floorPosition":150.59999},{"type":2,"time":12080,"positionX":-1.338724,"holdTime":0.0,"speed":1.0,"floorPosition":151.0},{"type":1,"time":12128,"positionX":1.518419,"holdTime":0.0,"speed":1.0,"floorPosition":151.59999},{"type":2,"time":12160,"positionX":-2.147349,"holdTime":0.0,"speed":1.0,"floorPosition":152.0},{"type":2,"time":12176,"positionX":-0.386344,"holdTime":0.0,"speed":1.0,"floorPosition":152.2},{"type":1,"time":12208,"positionX":2.77628,"holdTime":0.0,"speed":1.0,"floorPosition":152.59999},{"type":1,"time":12240,"positionX":-2.902067,"holdTime":0.0,"speed":1.0,"floorPosition":153.0},{"type":1,"time":12272,"positionX":2.614555,"holdTime":0.0,"speed":1.0,"floorPosition":153.4},{"type":1,"time":12304,"positionX":-2.740341,"holdTime":0.0,"speed":1.0,"floorPosition":153.8},{"type":1,"time":12352,"positionX":2.632525,"holdTime":0.0,"speed":1.0,"floorPosition":154.4},{"type":1,"time":12416,"positionX":-2.758311,"holdTime":0.0,"speed":1.0,"floorPosition":155.2},{"type":1,"time":12480,"positionX":2.542677,"holdTime":0.0,"speed":1.0,"floorPosition":156.0},{"type":1,"time":12544,"positionX":-3.746632,"holdTime":0.0,"speed":1.0,"floorPosition":156.8},{"type":3,"time":12592,"positionX":2.398922,"holdTime":240.0,"speed":1.4,"floorPosition":157.4},{"type":1,"time":12864,"positionX":-3.800539,"holdTime":0.0,"speed":1.0,"floorPosition":160.8},{"type":1,"time":12896,"positionX":1.680144,"holdTime":0.0,"speed":1.0,"floorPosition":161.2},{"type":3,"time":12928,"positionX":-3.584906,"holdTime":32.0,"speed":1.4,"floorPosition":161.59999},{"type":1,"time":12960,"positionX":3.854447,"holdTime":0.0,"speed":1.0,"floorPosition":162.0},{"type":1,"time":12992,"positionX":-1.769991,"holdTime":0.0,"speed":1.0,"floorPosition":162.4},{"type":1,"time":13024,"positionX":3.584906,"holdTime":0.0,"speed":1.0,"floorPosition":162.8},{"type":1,"time":13056,"positionX":-3.764601,"holdTime":0.0,"speed":1.0,"floorPosition":163.2},{"type":1,"time":13088,"positionX":3.009883,"holdTime":0.0,"speed":1.0,"floorPosition":163.59999},{"type":3,"time":13120,"positionX":-2.79425,"holdTime":32.0,"speed":1.4,"floorPosition":164.0},{"type":3,"time":13152,"positionX":2.991914,"holdTime":32.0,"speed":1.4,"floorPosition":164.4},{"type":3,"time":13184,"positionX":-3.387241,"holdTime":32.0,"speed":1.4,"floorPosition":164.8},{"type":4,"time":13216,"positionX":4.842768,"holdTime":0.0,"speed":1.0,"floorPosition":165.2}],"notesBelow":[],"speedEvents":[{"startTime":0.0,"endTime":9676800.0,"value":1.4}],"judgeLineMoveEvents":[{"startTime":0.0,"endTime":128.0,"start":440260.0,"end":440260.0},{"startTime":128.0,"endTime":192.0,"start":440260.0,"end":440156.0},{"startTime":192.0,"endTime":224.0,"start":440156.0,"end":440156.0},{"startTime":224.0,"endTime":384.0,"start":440156.0,"end":440104.0},{"startTime":384.0,"endTime":1248.0,"start":440104.0,"end":440104.0},{"startTime":1248.0,"endTime":1376.0,"start":440104.0,"end":440156.0},{"startTime":1376.0,"endTime":1632.0,"start":440156.0,"end":440156.0},{"startTime":1632.0,"endTime":1888.0,"start":440156.0,"end":352156.0},{"startTime":1888.0,"endTime":2144.0,"start":352156.0,"end":528104.0},{"startTime":2144.0,"endTime":2176.0,"start":528104.0,"end":528130.0},{"startTime":2176.0,"endTime":2208.0,"start":528130.0,"end":528130.0},{"startTime":2208.0,"endTime":2240.0,"start":528130.0,"end":528104.0},{"startTime":2240.0,"endTime":2368.0,"start":528104.0,"end":528104.0},{"startTime":2368.0,"endTime":3360.0,"start":528104.0,"end":528052.0},{"startTime":3360.0,"endTime":3552.0,"start":528052.0,"end":440104.0},{"startTime":3552.0,"endTime":3584.0,"start":440104.0,"end":440104.0},{"startTime":3584.0,"endTime":3776.0,"start":440104.0,"end":528156.0},{"startTime":3776.0,"endTime":3808.0,"start":528156.0,"end":528156.0},{"startTime":3808.0,"endTime":4032.0,"start":528156.0,"end":352104.0},{"startTime":4032.0,"endTime":4096.0,"start":352104.0,"end":528156.0},{"startTime":4096.0,"endTime":4160.0,"start":528156.0,"end":614208.0},{"startTime":4160.0,"endTime":4224.0,"start":614208.0,"end":704260.0},{"startTime":4224.0,"endTime":4288.0,"start":704260.0,"end":614312.0},{"startTime":4288.0,"endTime":4352.0,"start":614312.0,"end":528362.0},{"startTime":4352.0,"endTime":4416.0,"start":528362.0,"end":440416.0},{"startTime":4416.0,"endTime":5952.0,"start":440416.0,"end":440416.0},{"startTime":5952.0,"endTime":5984.0,"start":440416.0,"end":440363.0},{"startTime":5984.0,"endTime":6016.0,"start":440363.0,"end":440363.0},{"startTime":6016.0,"endTime":6048.0,"start":440363.0,"end":440312.0},{"startTime":6048.0,"endTime":6080.0,"start":440312.0,"end":440312.0},{"startTime":6080.0,"endTime":6112.0,"start":440312.0,"end":440416.0},{"startTime":6112.0,"endTime":6208.0,"start":440416.0,"end":440416.0},{"startTime":6208.0,"endTime":6240.0,"start":440416.0,"end":440363.0},{"startTime":6240.0,"endTime":6272.0,"start":440363.0,"end":440363.0},{"startTime":6272.0,"endTime":6304.0,"start":440363.0,"end":440312.0},{"startTime":6304.0,"endTime":6336.0,"start":440312.0,"end":440312.0},{"startTime":6336.0,"endTime":6368.0,"start":440312.0,"end":440416.0},{"startTime":6368.0,"endTime":6464.0,"start":440416.0,"end":440416.0},{"startTime":6464.0,"endTime":6496.0,"start":440416.0,"end":440467.0},{"startTime":6496.0,"endTime":6528.0,"start":440467.0,"end":440467.0},{"startTime":6528.0,"endTime":6560.0,"start":440467.0,"end":440416.0},{"startTime":6560.0,"endTime":6592.0,"start":440416.0,"end":440416.0},{"startTime":6592.0,"endTime":6624.0,"start":440416.0,"end":440363.0},{"startTime":6624.0,"endTime":7584.0,"start":440363.0,"end":440363.0},{"startTime":7584.0,"endTime":7712.0,"start":440363.0,"end":440260.0},{"startTime":7712.0,"endTime":9984.0,"start":440260.0,"end":440260.0},{"startTime":9984.0,"endTime":10112.0,"start":440260.0,"end":440052.0},{"startTime":10112.0,"endTime":12864.0,"start":440052.0,"end":440052.0},{"startTime":12864.0,"endTime":12928.0,"start":440052.0,"end":528156.0},{"startTime":12928.0,"endTime":12960.0,"start":528156.0,"end":528156.0},{"startTime":12960.0,"endTime":13120.0,"start":528156.0,"end":352208.0},{"startTime":13120.0,"endTime":13216.0,"start":352208.0,"end":264260.0},{"startTime":13216.0,"endTime":13344.0,"start":264260.0,"end":260.0},{"startTime":13344.0,"endTime":9676800.0,"start":440260.0,"end":440260.0}],"judgeLineRotateEvents":[{"startTime":0.0,"endTime":128.0,"start":0.0,"end":0.0},{"startTime":128.0,"endTime":192.0,"start":0.0,"end":10.0},{"startTime":192.0,"endTime":224.0,"start":10.0,"end":10.0},{"startTime":224.0,"endTime":384.0,"start":10.0,"end":0.0},{"startTime":384.0,"endTime":1376.0,"start":0.0,"end":0.0},{"startTime":1376.0,"endTime":1632.0,"start":0.0,"end":10.0},{"startTime":1632.0,"endTime":1888.0,"start":10.0,"end":18.0},{"startTime":1888.0,"endTime":2144.0,"start":18.0,"end":7.0},{"startTime":2144.0,"endTime":2368.0,"start":7.0,"end":0.0},{"startTime":2368.0,"endTime":3360.0,"start":0.0,"end":0.0},{"startTime":3360.0,"endTime":3552.0,"start":0.0,"end":-14.0},{"startTime":3552.0,"endTime":3584.0,"start":-13.0,"end":-14.0},{"startTime":3584.0,"endTime":3776.0,"start":-13.0,"end":6.0},{"startTime":3776.0,"endTime":3808.0,"start":6.0,"end":6.0},{"startTime":3808.0,"endTime":4032.0,"start":6.0,"end":15.0},{"startTime":4032.0,"endTime":4352.0,"start":15.0,"end":180.0},{"startTime":4352.0,"endTime":7584.0,"start":180.0,"end":180.0},{"startTime":7584.0,"endTime":7712.0,"start":180.0,"end":0.0},{"startTime":7712.0,"endTime":12848.0,"start":0.0,"end":0.0},{"startTime":12848.0,"endTime":12928.0,"start":0.0,"end":-10.0},{"startTime":12928.0,"endTime":12960.0,"start":-9.0,"end":-10.0},{"startTime":12960.0,"endTime":13120.0,"start":-9.0,"end":-17.0},{"startTime":13120.0,"endTime":13216.0,"start":-16.0,"end":-30.0},{"startTime":13216.0,"endTime":13344.0,"start":-29.0,"end":-90.0},{"startTime":13344.0,"endTime":9676800.0,"start":0.0,"end":0.0}],"judgeLineDisappearEvents":[{"startTime":0.0,"endTime":13344.0,"start":1.0,"end":1.0},{"startTime":13344.0,"endTime":33344.0,"start":0.0,"end":0.0},{"startTime":33344.0,"endTime":9676800.0,"start":1.0,"end":1.0}]}]}