{"formatVersion":3,"offset":0.0,"judgeLineList":[{"bpm":170.0,"notesAbove":[{"type":1,"time":128,"positionX":-2.200282,"holdTime":0.0,"speed":1.0,"floorPosition":1.1294118},{"type":1,"time":224,"positionX":1.734838,"holdTime":0.0,"speed":1.0,"floorPosition":1.9764706},{"type":1,"time":256,"positionX":3.695345,"holdTime":0.0,"speed":1.0,"floorPosition":2.2588236},{"type":1,"time":320,"positionX":-2.468266,"holdTime":0.0,"speed":1.0,"floorPosition":2.8235295},{"type":1,"time":384,"positionX":3.483781,"holdTime":0.0,"speed":1.0,"floorPosition":3.3882353},{"type":1,"time":448,"positionX":-3.991537,"holdTime":0.0,"speed":1.0,"floorPosition":3.9529412},{"type":1,"time":512,"positionX":0.7475319,"holdTime":0.0,"speed":1.0,"floorPosition":4.5176473},{"type":1,"time":640,"positionX":-2.002821,"holdTime":0.0,"speed":1.0,"floorPosition":5.647059},{"type":1,"time":736,"positionX":3.737659,"holdTime":0.0,"speed":1.0,"floorPosition":6.4941177},{"type":2,"time":752,"positionX":2.538787,"holdTime":0.0,"speed":1.0,"floorPosition":6.6352944},{"type":2,"time":768,"positionX":1.382229,"holdTime":0.0,"speed":1.0,"floorPosition":6.7764707},{"type":1,"time":864,"positionX":-3.892807,"holdTime":0.0,"speed":1.0,"floorPosition":7.6235294},{"type":2,"time":880,"positionX":-2.609309,"holdTime":0.0,"speed":1.0,"floorPosition":7.764706},{"type":2,"time":896,"positionX":-1.410438,"holdTime":0.0,"speed":1.0,"floorPosition":7.9058824},{"type":1,"time":992,"positionX":2.284908,"holdTime":0.0,"speed":1.0,"floorPosition":8.752941},{"type":2,"time":1008,"positionX":3.399154,"holdTime":0.0,"speed":1.0,"floorPosition":8.894117},{"type":2,"time":1024,"positionX":2.284908,"holdTime":0.0,"speed":1.0,"floorPosition":9.035295},{"type":1,"time":1152,"positionX":-3.15938,"holdTime":0.0,"speed":1.0,"floorPosition":10.164706},{"type":1,"time":1184,"positionX":2.228491,"holdTime":0.0,"speed":1.0,"floorPosition":10.447059},{"type":1,"time":1248,"positionX":-1.114245,"holdTime":0.0,"speed":1.0,"floorPosition":11.011765},{"type":1,"time":1280,"positionX":3.794076,"holdTime":0.0,"speed":1.0,"floorPosition":11.294118},{"type":1,"time":1344,"positionX":-3.511989,"holdTime":0.0,"speed":1.0,"floorPosition":11.858824},{"type":1,"time":1408,"positionX":3.25811,"holdTime":0.0,"speed":1.0,"floorPosition":12.42353},{"type":1,"time":1440,"positionX":-2.327222,"holdTime":0.0,"speed":1.0,"floorPosition":12.705882},{"type":1,"time":1472,"positionX":3.215797,"holdTime":0.0,"speed":1.0,"floorPosition":12.988235},{"type":1,"time":1504,"positionX":5.543018,"holdTime":0.0,"speed":1.0,"floorPosition":13.270589},{"type":1,"time":1536,"positionX":0.0,"holdTime":0.0,"speed":1.0,"floorPosition":13.552941},{"type":1,"time":1632,"positionX":0.02820873,"holdTime":0.0,"speed":1.0,"floorPosition":14.400001},{"type":1,"time":1664,"positionX":2.708039,"holdTime":0.0,"speed":1.0,"floorPosition":14.682353},{"type":1,"time":1696,"positionX":-1.396333,"holdTime":0.0,"speed":1.0,"floorPosition":14.964706},{"type":1,"time":1728,"positionX":2.722144,"holdTime":0.0,"speed":1.0,"floorPosition":15.247059},{"type":1,"time":1760,"positionX":-3.977432,"holdTime":0.0,"speed":1.0,"floorPosition":15.529412},{"type":1,"time":1792,"positionX":-0.04231358,"holdTime":0.0,"speed":1.0,"floorPosition":15.811765},{"type":1,"time":1856,"positionX":-4.795486,"holdTime":0.0,"speed":1.0,"floorPosition":16.37647},{"type":1,"time":1920,"positionX":4.330043,"holdTime":0.0,"speed":1.0,"floorPosition":16.941177},{"type":1,"time":1984,"positionX":0.4936543,"holdTime":0.0,"speed":1.0,"floorPosition":17.505882},{"type":1,"time":2048,"positionX":-2.990128,"holdTime":0.0,"speed":1.0,"floorPosition":18.07059},{"type":1,"time":2304,"positionX":-2.524683,"holdTime":0.0,"speed":1.0,"floorPosition":21.458824},{"type":1,"time":2336,"positionX":-2.566996,"holdTime":0.0,"speed":1.0,"floorPosition":21.882355},{"type":1,"time":2368,"positionX":4.062059,"holdTime":0.0,"speed":1.0,"floorPosition":22.305883},{"type":2,"time":2384,"positionX":2.976023,"holdTime":0.0,"speed":1.0,"floorPosition":22.517649},{"type":2,"time":2400,"positionX":1.861777,"holdTime":0.0,"speed":1.0,"floorPosition":22.729412},{"type":2,"time":2416,"positionX":0.7616348,"holdTime":0.0,"speed":1.0,"floorPosition":22.941177},{"type":2,"time":2432,"positionX":-0.3949223,"holdTime":0.0,"speed":1.0,"floorPosition":23.152943},{"type":1,"time":2464,"positionX":-3.455572,"holdTime":0.0,"speed":1.0,"floorPosition":23.576471},{"type":1,"time":2512,"positionX":2.947813,"holdTime":0.0,"speed":1.0,"floorPosition":24.211765},{"type":1,"time":2544,"positionX":-1.833569,"holdTime":0.0,"speed":1.0,"floorPosition":24.635296},{"type":1,"time":2576,"positionX":4.118477,"holdTime":0.0,"speed":1.0,"floorPosition":25.058825},{"type":1,"time":2608,"positionX":-3.794076,"holdTime":0.0,"speed":1.0,"floorPosition":25.482353},{"type":1,"time":2640,"positionX":1.128349,"holdTime":0.0,"speed":1.0,"floorPosition":25.905884},{"type":1,"time":2672,"positionX":-2.341326,"holdTime":0.0,"speed":1.0,"floorPosition":26.329412},{"type":2,"time":2680,"positionX":-1.227081,"holdTime":0.0,"speed":1.0,"floorPosition":26.435295},{"type":2,"time":2688,"positionX":-2.313117,"holdTime":0.0,"speed":1.0,"floorPosition":26.541178},{"type":3,"time":2768,"positionX":2.073343,"holdTime":48.0,"speed":1.2,"floorPosition":27.6},{"type":1,"time":2816,"positionX":-2.566996,"holdTime":0.0,"speed":1.0,"floorPosition":28.235296},{"type":1,"time":2848,"positionX":3.497884,"holdTime":0.0,"speed":1.0,"floorPosition":28.658825},{"type":1,"time":2880,"positionX":-3.83639,"holdTime":0.0,"speed":1.0,"floorPosition":29.082354},{"type":1,"time":2912,"positionX":2.143865,"holdTime":0.0,"speed":1.0,"floorPosition":29.505884},{"type":1,"time":2944,"positionX":-2.623413,"holdTime":0.0,"speed":1.0,"floorPosition":29.929413},{"type":1,"time":2976,"positionX":3.328632,"holdTime":0.0,"speed":1.0,"floorPosition":30.352943},{"type":1,"time":3008,"positionX":-3.83639,"holdTime":0.0,"speed":1.0,"floorPosition":30.776472},{"type":2,"time":3024,"positionX":-2.679831,"holdTime":0.0,"speed":1.0,"floorPosition":30.988237},{"type":2,"time":3040,"positionX":-1.565585,"holdTime":0.0,"speed":1.0,"floorPosition":31.2},{"type":1,"time":3072,"positionX":0.6770096,"holdTime":0.0,"speed":1.0,"floorPosition":31.623531},{"type":1,"time":3104,"positionX":3.751763,"holdTime":0.0,"speed":1.0,"floorPosition":32.047062},{"type":1,"time":3136,"positionX":-2.651622,"holdTime":0.0,"speed":1.0,"floorPosition":32.47059},{"type":2,"time":3152,"positionX":-1.45275,"holdTime":0.0,"speed":1.0,"floorPosition":32.682354},{"type":2,"time":3168,"positionX":-0.3526096,"holdTime":0.0,"speed":1.0,"floorPosition":32.89412},{"type":2,"time":3184,"positionX":-1.368124,"holdTime":0.0,"speed":1.0,"floorPosition":33.105885},{"type":2,"time":3200,"positionX":-2.665727,"holdTime":0.0,"speed":1.0,"floorPosition":33.31765},{"type":1,"time":3232,"positionX":3.328632,"holdTime":0.0,"speed":1.0,"floorPosition":33.741177},{"type":1,"time":3264,"positionX":-4.062059,"holdTime":0.0,"speed":1.0,"floorPosition":34.164707},{"type":1,"time":3296,"positionX":-0.02820873,"holdTime":0.0,"speed":1.0,"floorPosition":34.588238},{"type":1,"time":3328,"positionX":4.682652,"holdTime":0.0,"speed":1.0,"floorPosition":35.011765},{"type":1,"time":3360,"positionX":3.356841,"holdTime":0.0,"speed":1.0,"floorPosition":35.435295},{"type":1,"time":3392,"positionX":2.129761,"holdTime":0.0,"speed":1.0,"floorPosition":35.858826},{"type":1,"time":3424,"positionX":0.8039484,"holdTime":0.0,"speed":1.0,"floorPosition":36.282356},{"type":1,"time":3456,"positionX":-4.851904,"holdTime":0.0,"speed":1.0,"floorPosition":36.705883},{"type":1,"time":3488,"positionX":-3.667137,"holdTime":0.0,"speed":1.0,"floorPosition":37.129414},{"type":1,"time":3520,"positionX":-2.482369,"holdTime":0.0,"speed":1.0,"floorPosition":37.552944},{"type":1,"time":3552,"positionX":-1.297603,"holdTime":0.0,"speed":1.0,"floorPosition":37.97647},{"type":1,"time":3584,"positionX":3.850493,"holdTime":0.0,"speed":1.0,"floorPosition":38.4},{"type":2,"time":3600,"positionX":2.708039,"holdTime":0.0,"speed":1.0,"floorPosition":38.611767},{"type":2,"time":3616,"positionX":1.537376,"holdTime":0.0,"speed":1.0,"floorPosition":38.823532},{"type":2,"time":3632,"positionX":0.3526106,"holdTime":0.0,"speed":1.0,"floorPosition":39.035297},{"type":1,"time":3648,"positionX":-3.991537,"holdTime":0.0,"speed":1.0,"floorPosition":39.24706},{"type":1,"time":3680,"positionX":-1.086037,"holdTime":0.0,"speed":1.0,"floorPosition":39.67059},{"type":1,"time":3712,"positionX":3.455571,"holdTime":0.0,"speed":1.0,"floorPosition":40.09412},{"type":1,"time":3760,"positionX":-4.019747,"holdTime":0.0,"speed":1.0,"floorPosition":40.729412},{"type":1,"time":3808,"positionX":0.733428,"holdTime":0.0,"speed":1.0,"floorPosition":41.364708},{"type":1,"time":3840,"positionX":-2.820874,"holdTime":0.0,"speed":1.0,"floorPosition":41.78824},{"type":1,"time":3888,"positionX":2.961918,"holdTime":0.0,"speed":1.0,"floorPosition":42.42353},{"type":1,"time":3920,"positionX":-1.960507,"holdTime":0.0,"speed":1.0,"floorPosition":42.84706},{"type":2,"time":3936,"positionX":-3.145275,"holdTime":0.0,"speed":1.0,"floorPosition":43.058826},{"type":2,"time":3952,"positionX":-2.059238,"holdTime":0.0,"speed":1.0,"floorPosition":43.27059},{"type":2,"time":3968,"positionX":-0.8180532,"holdTime":0.0,"speed":1.0,"floorPosition":43.482353},{"type":2,"time":3984,"positionX":0.3385048,"holdTime":0.0,"speed":1.0,"floorPosition":43.69412},{"type":1,"time":4064,"positionX":0.5500708,"holdTime":0.0,"speed":1.0,"floorPosition":44.752945},{"type":1,"time":4080,"positionX":-3.046544,"holdTime":0.0,"speed":1.0,"floorPosition":44.964706},{"type":1,"time":4112,"positionX":2.411848,"holdTime":0.0,"speed":1.0,"floorPosition":45.388237},{"type":1,"time":4192,"positionX":-1.410438,"holdTime":0.0,"speed":1.0,"floorPosition":46.44706},{"type":1,"time":4208,"positionX":1.847673,"holdTime":0.0,"speed":1.0,"floorPosition":46.658825},{"type":1,"time":4240,"positionX":-2.990128,"holdTime":0.0,"speed":1.0,"floorPosition":47.082355},{"type":2,"time":4288,"positionX":4.188999,"holdTime":0.0,"speed":1.0,"floorPosition":47.717648},{"type":2,"time":4312,"positionX":4.188999,"holdTime":0.0,"speed":1.0,"floorPosition":48.035297},{"type":2,"time":4320,"positionX":4.174894,"holdTime":0.0,"speed":1.0,"floorPosition":48.14118},{"type":2,"time":4336,"positionX":4.174894,"holdTime":0.0,"speed":1.0,"floorPosition":48.352943},{"type":2,"time":4352,"positionX":4.146686,"holdTime":0.0,"speed":1.0,"floorPosition":48.56471},{"type":1,"time":4448,"positionX":-2.990128,"holdTime":0.0,"speed":1.0,"floorPosition":49.835297},{"type":1,"time":4480,"positionX":2.524682,"holdTime":0.0,"speed":1.0,"floorPosition":50.258827},{"type":1,"time":4512,"positionX":-4.217207,"holdTime":0.0,"speed":1.0,"floorPosition":50.682354},{"type":1,"time":4528,"positionX":-4.245417,"holdTime":0.0,"speed":1.0,"floorPosition":50.89412},{"type":1,"time":4576,"positionX":2.651622,"holdTime":0.0,"speed":1.0,"floorPosition":51.529415},{"type":1,"time":4608,"positionX":-1.241184,"holdTime":0.0,"speed":1.0,"floorPosition":51.95294},{"type":1,"time":4656,"positionX":3.737659,"holdTime":0.0,"speed":1.0,"floorPosition":52.588238},{"type":1,"time":4672,"positionX":3.681241,"holdTime":0.0,"speed":1.0,"floorPosition":52.800003},{"type":1,"time":4720,"positionX":-2.778561,"holdTime":0.0,"speed":1.0,"floorPosition":53.435295},{"type":1,"time":4736,"positionX":-2.750353,"holdTime":0.0,"speed":1.0,"floorPosition":53.64706},{"type":3,"time":4768,"positionX":3.356841,"holdTime":96.0,"speed":1.2,"floorPosition":54.07059},{"type":1,"time":4864,"positionX":-2.045135,"holdTime":0.0,"speed":1.0,"floorPosition":55.34118},{"type":1,"time":4928,"positionX":2.609309,"holdTime":0.0,"speed":1.0,"floorPosition":56.188236},{"type":1,"time":4976,"positionX":-3.35684,"holdTime":0.0,"speed":1.0,"floorPosition":56.823532},{"type":1,"time":4992,"positionX":-0.08462715,"holdTime":0.0,"speed":1.0,"floorPosition":57.035297},{"type":1,"time":5056,"positionX":3.370944,"holdTime":0.0,"speed":1.0,"floorPosition":57.882355},{"type":1,"time":5080,"positionX":-2.143865,"holdTime":0.0,"speed":1.0,"floorPosition":58.2},{"type":1,"time":5104,"positionX":1.269393,"holdTime":0.0,"speed":1.0,"floorPosition":58.51765},{"type":1,"time":5120,"positionX":-3.892807,"holdTime":0.0,"speed":1.0,"floorPosition":58.729416},{"type":1,"time":5184,"positionX":2.990127,"holdTime":0.0,"speed":1.0,"floorPosition":59.576473},{"type":1,"time":5248,"positionX":-2.679831,"holdTime":0.0,"speed":1.0,"floorPosition":60.42353},{"type":1,"time":5272,"positionX":-2.693935,"holdTime":0.0,"speed":1.0,"floorPosition":60.74118},{"type":3,"time":5312,"positionX":-4.851904,"holdTime":64.0,"speed":1.2,"floorPosition":61.27059},{"type":1,"time":5376,"positionX":-0.2256699,"holdTime":0.0,"speed":1.0,"floorPosition":62.11765},{"type":1,"time":5440,"positionX":3.638928,"holdTime":0.0,"speed":1.0,"floorPosition":62.96471},{"type":1,"time":5472,"positionX":-3.61072,"holdTime":0.0,"speed":1.0,"floorPosition":63.388237},{"type":1,"time":5504,"positionX":1.805361,"holdTime":0.0,"speed":1.0,"floorPosition":63.811768},{"type":1,"time":5552,"positionX":4.076164,"holdTime":0.0,"speed":1.0,"floorPosition":64.44706},{"type":1,"time":5568,"positionX":4.033851,"holdTime":0.0,"speed":1.0,"floorPosition":64.65883},{"type":1,"time":5632,"positionX":-1.692525,"holdTime":0.0,"speed":1.0,"floorPosition":65.50588},{"type":1,"time":5664,"positionX":3.483781,"holdTime":0.0,"speed":1.0,"floorPosition":65.92941},{"type":1,"time":5696,"positionX":-3.794076,"holdTime":0.0,"speed":1.0,"floorPosition":66.35294},{"type":1,"time":5728,"positionX":-3.779972,"holdTime":0.0,"speed":1.0,"floorPosition":66.776474},{"type":1,"time":5760,"positionX":0.6346979,"holdTime":0.0,"speed":1.0,"floorPosition":67.200005},{"type":1,"time":5808,"positionX":3.300424,"holdTime":0.0,"speed":1.0,"floorPosition":67.8353},{"type":1,"time":5856,"positionX":-2.990128,"holdTime":0.0,"speed":1.0,"floorPosition":68.47059},{"type":1,"time":5888,"positionX":3.455571,"holdTime":0.0,"speed":1.0,"floorPosition":68.89412},{"type":1,"time":5936,"positionX":-4.330042,"holdTime":0.0,"speed":1.0,"floorPosition":69.52941},{"type":1,"time":5984,"positionX":0.1833572,"holdTime":0.0,"speed":1.0,"floorPosition":70.16471},{"type":1,"time":6016,"positionX":3.511989,"holdTime":0.0,"speed":1.0,"floorPosition":70.58824},{"type":1,"time":6064,"positionX":-2.80677,"holdTime":0.0,"speed":1.0,"floorPosition":71.22353},{"type":1,"time":6112,"positionX":1.805361,"holdTime":0.0,"speed":1.0,"floorPosition":71.858826},{"type":1,"time":6144,"positionX":-3.93512,"holdTime":0.0,"speed":1.0,"floorPosition":72.28236},{"type":3,"time":6176,"positionX":2.863188,"holdTime":16.0,"speed":1.2,"floorPosition":72.70589},{"type":3,"time":6208,"positionX":-2.919605,"holdTime":16.0,"speed":1.2,"floorPosition":73.12942},{"type":3,"time":6240,"positionX":2.820874,"holdTime":16.0,"speed":1.2,"floorPosition":73.55295},{"type":1,"time":6272,"positionX":-2.93371,"holdTime":0.0,"speed":1.0,"floorPosition":73.97647},{"type":2,"time":6288,"positionX":-1.819464,"holdTime":0.0,"speed":1.0,"floorPosition":74.18824},{"type":2,"time":6304,"positionX":-0.6064882,"holdTime":0.0,"speed":1.0,"floorPosition":74.4},{"type":2,"time":6320,"positionX":0.4936543,"holdTime":0.0,"speed":1.0,"floorPosition":74.61177},{"type":2,"time":6336,"positionX":-0.6488018,"holdTime":0.0,"speed":1.0,"floorPosition":74.82353},{"type":2,"time":6352,"positionX":-1.932299,"holdTime":0.0,"speed":1.0,"floorPosition":75.03529},{"type":2,"time":6368,"positionX":-3.046544,"holdTime":0.0,"speed":1.0,"floorPosition":75.24706},{"type":2,"time":6376,"positionX":-1.875881,"holdTime":0.0,"speed":1.0,"floorPosition":75.35294},{"type":2,"time":6384,"positionX":-0.8039494,"holdTime":0.0,"speed":1.0,"floorPosition":75.458824},{"type":2,"time":6392,"positionX":0.2538776,"holdTime":0.0,"speed":1.0,"floorPosition":75.56471},{"type":3,"time":6400,"positionX":4.386459,"holdTime":96.0,"speed":1.2,"floorPosition":75.67059},{"type":1,"time":6528,"positionX":-1.410438,"holdTime":0.0,"speed":1.0,"floorPosition":77.36471},{"type":2,"time":6560,"positionX":-4.132582,"holdTime":0.0,"speed":1.0,"floorPosition":77.78824},{"type":2,"time":6576,"positionX":-3.441466,"holdTime":0.0,"speed":1.0,"floorPosition":78.0},{"type":2,"time":6592,"positionX":-2.736248,"holdTime":0.0,"speed":1.0,"floorPosition":78.21177},{"type":2,"time":6608,"positionX":-2.070209,"holdTime":0.0,"speed":1.0,"floorPosition":78.42353},{"type":2,"time":6624,"positionX":-1.466855,"holdTime":0.0,"speed":1.0,"floorPosition":78.6353},{"type":2,"time":6640,"positionX":-0.9167843,"holdTime":0.0,"speed":1.0,"floorPosition":78.84706},{"type":1,"time":6656,"positionX":3.342737,"holdTime":0.0,"speed":1.0,"floorPosition":79.05883},{"type":2,"time":6688,"positionX":-0.3102961,"holdTime":0.0,"speed":1.0,"floorPosition":79.48235},{"type":2,"time":6704,"positionX":-1.212976,"holdTime":0.0,"speed":1.0,"floorPosition":79.69412},{"type":2,"time":6720,"positionX":-2.101551,"holdTime":0.0,"speed":1.0,"floorPosition":79.90588},{"type":2,"time":6736,"positionX":-2.792665,"holdTime":0.0,"speed":1.0,"floorPosition":80.11765},{"type":2,"time":6752,"positionX":-3.286319,"holdTime":0.0,"speed":1.0,"floorPosition":80.329414},{"type":2,"time":6768,"positionX":-4.005642,"holdTime":0.0,"speed":1.0,"floorPosition":80.54118},{"type":1,"time":6800,"positionX":2.016925,"holdTime":0.0,"speed":1.0,"floorPosition":80.96471},{"type":1,"time":6832,"positionX":-1.875881,"holdTime":0.0,"speed":1.0,"floorPosition":81.38824},{"type":1,"time":6864,"positionX":3.356841,"holdTime":0.0,"speed":1.0,"floorPosition":81.81177},{"type":1,"time":6896,"positionX":-0.8321581,"holdTime":0.0,"speed":1.0,"floorPosition":82.2353},{"type":2,"time":6904,"positionX":0.3385048,"holdTime":0.0,"speed":1.0,"floorPosition":82.34118},{"type":2,"time":6912,"positionX":1.424541,"holdTime":0.0,"speed":1.0,"floorPosition":82.44706},{"type":3,"time":6976,"positionX":3.526093,"holdTime":64.0,"speed":1.2,"floorPosition":83.29412},{"type":1,"time":7040,"positionX":-1.198872,"holdTime":0.0,"speed":1.0,"floorPosition":84.14118},{"type":1,"time":7104,"positionX":-2.792665,"holdTime":0.0,"speed":1.0,"floorPosition":84.988235},{"type":1,"time":7168,"positionX":2.2567,"holdTime":0.0,"speed":1.0,"floorPosition":85.8353},{"type":1,"time":7232,"positionX":-0.7898445,"holdTime":0.0,"speed":1.0,"floorPosition":86.68236},{"type":1,"time":7296,"positionX":3.427362,"holdTime":0.0,"speed":1.0,"floorPosition":87.52942},{"type":1,"time":7360,"positionX":-3.540197,"holdTime":0.0,"speed":1.0,"floorPosition":88.37647},{"type":1,"time":7424,"positionX":1.241186,"holdTime":0.0,"speed":1.0,"floorPosition":89.22353},{"type":1,"time":7488,"positionX":-2.129761,"holdTime":0.0,"speed":1.0,"floorPosition":90.070595},{"type":1,"time":7520,"positionX":3.25811,"holdTime":0.0,"speed":1.0,"floorPosition":90.49412},{"type":1,"time":7552,"positionX":-3.455572,"holdTime":0.0,"speed":1.0,"floorPosition":90.91765},{"type":1,"time":7648,"positionX":3.244005,"holdTime":0.0,"speed":1.0,"floorPosition":92.18824},{"type":1,"time":7680,"positionX":-2.750353,"holdTime":0.0,"speed":1.0,"floorPosition":92.61177},{"type":1,"time":7712,"positionX":4.626234,"holdTime":0.0,"speed":1.0,"floorPosition":93.0353},{"type":1,"time":7728,"positionX":4.626234,"holdTime":0.0,"speed":1.0,"floorPosition":93.24706},{"type":1,"time":7776,"positionX":-0.4513397,"holdTime":0.0,"speed":1.0,"floorPosition":93.882355},{"type":1,"time":7808,"positionX":-3.48378,"holdTime":0.0,"speed":1.0,"floorPosition":94.305885},{"type":1,"time":7856,"positionX":2.327222,"holdTime":0.0,"speed":1.0,"floorPosition":94.94118},{"type":1,"time":7872,"positionX":3.526093,"holdTime":0.0,"speed":1.0,"floorPosition":95.15295},{"type":1,"time":7920,"positionX":-2.792665,"holdTime":0.0,"speed":1.0,"floorPosition":95.78824},{"type":1,"time":7936,"positionX":-2.80677,"holdTime":0.0,"speed":1.0,"floorPosition":96.00001},{"type":3,"time":7968,"positionX":3.413258,"holdTime":96.0,"speed":1.2,"floorPosition":96.42353},{"type":1,"time":8064,"positionX":-1.283498,"holdTime":0.0,"speed":1.0,"floorPosition":97.69412},{"type":1,"time":8128,"positionX":-3.695345,"holdTime":0.0,"speed":1.0,"floorPosition":98.54118},{"type":1,"time":8176,"positionX":3.145275,"holdTime":0.0,"speed":1.0,"floorPosition":99.176476},{"type":1,"time":8192,"positionX":3.13117,"holdTime":0.0,"speed":1.0,"floorPosition":99.38824},{"type":1,"time":8256,"positionX":-1.748942,"holdTime":0.0,"speed":1.0,"floorPosition":100.2353},{"type":1,"time":8280,"positionX":2.299012,"holdTime":0.0,"speed":1.0,"floorPosition":100.55295},{"type":1,"time":8304,"positionX":-3.215797,"holdTime":0.0,"speed":1.0,"floorPosition":100.87059},{"type":1,"time":8320,"positionX":0.8321581,"holdTime":0.0,"speed":1.0,"floorPosition":101.08236},{"type":1,"time":8448,"positionX":-2.538787,"holdTime":0.0,"speed":1.0,"floorPosition":102.776474},{"type":1,"time":8448,"positionX":3.300424,"holdTime":0.0,"speed":1.0,"floorPosition":102.776474},{"type":3,"time":8576,"positionX":-3.15938,"holdTime":112.0,"speed":1.2,"floorPosition":104.4706},{"type":3,"time":8576,"positionX":3.088857,"holdTime":112.0,"speed":1.2,"floorPosition":104.4706},{"type":1,"time":8704,"positionX":-0.04231358,"holdTime":0.0,"speed":1.0,"floorPosition":106.16471},{"type":1,"time":8960,"positionX":1.833568,"holdTime":0.0,"speed":1.0,"floorPosition":108.42354},{"type":1,"time":8992,"positionX":-2.045135,"holdTime":0.0,"speed":1.0,"floorPosition":108.70589},{"type":1,"time":9056,"positionX":1.325809,"holdTime":0.0,"speed":1.0,"floorPosition":109.27059},{"type":1,"time":9088,"positionX":-3.187588,"holdTime":0.0,"speed":1.0,"floorPosition":109.55295},{"type":1,"time":9152,"positionX":3.244005,"holdTime":0.0,"speed":1.0,"floorPosition":110.11765},{"type":1,"time":9216,"positionX":-2.129761,"holdTime":0.0,"speed":1.0,"floorPosition":110.68236},{"type":1,"time":9248,"positionX":2.186178,"holdTime":0.0,"speed":1.0,"floorPosition":110.964714},{"type":1,"time":9280,"positionX":-4.118477,"holdTime":0.0,"speed":1.0,"floorPosition":111.24706},{"type":1,"time":9312,"positionX":0.4654446,"holdTime":0.0,"speed":1.0,"floorPosition":111.52942},{"type":1,"time":9344,"positionX":-5.613541,"holdTime":0.0,"speed":1.0,"floorPosition":111.81177},{"type":1,"time":9440,"positionX":3.088857,"holdTime":0.0,"speed":1.0,"floorPosition":112.65883},{"type":1,"time":9472,"positionX":-1.636106,"holdTime":0.0,"speed":1.0,"floorPosition":112.941185},{"type":1,"time":9504,"positionX":1.763047,"holdTime":0.0,"speed":1.0,"floorPosition":113.22353},{"type":1,"time":9536,"positionX":-2.566996,"holdTime":0.0,"speed":1.0,"floorPosition":113.50589},{"type":1,"time":9568,"positionX":0.5782785,"holdTime":0.0,"speed":1.0,"floorPosition":113.78824},{"type":1,"time":9600,"positionX":-3.991537,"holdTime":0.0,"speed":1.0,"floorPosition":114.070595},{"type":1,"time":9664,"positionX":0.01410484,"holdTime":0.0,"speed":1.0,"floorPosition":114.6353},{"type":1,"time":9728,"positionX":3.61072,"holdTime":0.0,"speed":1.0,"floorPosition":115.200005},{"type":2,"time":9760,"positionX":2.299012,"holdTime":0.0,"speed":1.0,"floorPosition":115.48236},{"type":2,"time":9792,"positionX":1.071932,"holdTime":0.0,"speed":1.0,"floorPosition":115.76471},{"type":1,"time":9856,"positionX":-3.737659,"holdTime":0.0,"speed":1.0,"floorPosition":116.329414},{"type":2,"time":9888,"positionX":-2.510578,"holdTime":0.0,"speed":1.0,"floorPosition":116.61177},{"type":2,"time":9920,"positionX":-1.269394,"holdTime":0.0,"speed":1.0,"floorPosition":116.89412},{"type":1,"time":9984,"positionX":-1.339915,"holdTime":0.0,"speed":1.0,"floorPosition":117.45883},{"type":1,"time":10016,"positionX":1.763047,"holdTime":0.0,"speed":1.0,"floorPosition":117.74118},{"type":1,"time":10048,"positionX":-0.2538786,"holdTime":0.0,"speed":1.0,"floorPosition":118.02354},{"type":1,"time":10080,"positionX":3.201694,"holdTime":0.0,"speed":1.0,"floorPosition":118.305885},{"type":1,"time":10112,"positionX":1.424541,"holdTime":0.0,"speed":1.0,"floorPosition":118.58824},{"type":1,"time":10176,"positionX":-2.736248,"holdTime":0.0,"speed":1.0,"floorPosition":119.15295},{"type":1,"time":10240,"positionX":3.15938,"holdTime":0.0,"speed":1.0,"floorPosition":119.71765},{"type":1,"time":10304,"positionX":-4.442877,"holdTime":0.0,"speed":1.0,"floorPosition":120.28236},{"type":1,"time":10368,"positionX":0.2397738,"holdTime":0.0,"speed":1.0,"floorPosition":120.84706},{"type":1,"time":10432,"positionX":-1.311707,"holdTime":0.0,"speed":1.0,"floorPosition":121.41177},{"type":1,"time":10464,"positionX":1.241186,"holdTime":0.0,"speed":1.0,"floorPosition":121.69412},{"type":1,"time":10496,"positionX":-3.088858,"holdTime":0.0,"speed":1.0,"floorPosition":121.97648},{"type":2,"time":10528,"positionX":-1.734838,"holdTime":0.0,"speed":1.0,"floorPosition":122.25883},{"type":2,"time":10544,"positionX":-0.6488018,"holdTime":0.0,"speed":1.0,"floorPosition":122.40001},{"type":2,"time":10560,"positionX":0.310297,"holdTime":0.0,"speed":1.0,"floorPosition":122.54118},{"type":2,"time":10576,"positionX":-0.6911144,"holdTime":0.0,"speed":1.0,"floorPosition":122.68236},{"type":2,"time":10592,"positionX":-1.734838,"holdTime":0.0,"speed":1.0,"floorPosition":122.82353},{"type":1,"time":10624,"positionX":3.906912,"holdTime":0.0,"speed":1.0,"floorPosition":123.10589},{"type":2,"time":10640,"positionX":2.764456,"holdTime":0.0,"speed":1.0,"floorPosition":123.24706},{"type":2,"time":10656,"positionX":1.65021,"holdTime":0.0,"speed":1.0,"floorPosition":123.38824},{"type":2,"time":10672,"positionX":0.4654446,"holdTime":0.0,"speed":1.0,"floorPosition":123.52942},{"type":2,"time":10688,"positionX":1.593794,"holdTime":0.0,"speed":1.0,"floorPosition":123.67059},{"type":2,"time":10704,"positionX":2.736249,"holdTime":0.0,"speed":1.0,"floorPosition":123.81177},{"type":2,"time":10720,"positionX":3.822285,"holdTime":0.0,"speed":1.0,"floorPosition":123.95295},{"type":1,"time":10752,"positionX":-1.932299,"holdTime":0.0,"speed":1.0,"floorPosition":124.2353},{"type":1,"time":10880,"positionX":-4.541607,"holdTime":0.0,"speed":1.0,"floorPosition":125.36471},{"type":1,"time":10912,"positionX":-3.300423,"holdTime":0.0,"speed":1.0,"floorPosition":125.78824},{"type":1,"time":10944,"positionX":-2.073343,"holdTime":0.0,"speed":1.0,"floorPosition":126.21177},{"type":1,"time":10976,"positionX":-0.944993,"holdTime":0.0,"speed":1.0,"floorPosition":126.6353},{"type":3,"time":11008,"positionX":3.737659,"holdTime":64.0,"speed":1.2,"floorPosition":127.05882},{"type":3,"time":11072,"positionX":-1.847672,"holdTime":64.0,"speed":1.2,"floorPosition":127.90588},{"type":1,"time":11136,"positionX":4.372356,"holdTime":0.0,"speed":1.0,"floorPosition":128.75294},{"type":1,"time":11168,"positionX":3.244005,"holdTime":0.0,"speed":1.0,"floorPosition":129.17647},{"type":1,"time":11200,"positionX":1.904091,"holdTime":0.0,"speed":1.0,"floorPosition":129.6},{"type":1,"time":11232,"positionX":0.6629047,"holdTime":0.0,"speed":1.0,"floorPosition":130.02353},{"type":3,"time":11264,"positionX":-2.552891,"holdTime":96.0,"speed":1.2,"floorPosition":130.44707},{"type":3,"time":11360,"positionX":2.637517,"holdTime":32.0,"speed":1.2,"floorPosition":131.71765},{"type":1,"time":11392,"positionX":-3.667137,"holdTime":0.0,"speed":1.0,"floorPosition":132.14117},{"type":1,"time":11424,"positionX":1.212976,"holdTime":0.0,"speed":1.0,"floorPosition":132.56471},{"type":1,"time":11456,"positionX":-2.059238,"holdTime":0.0,"speed":1.0,"floorPosition":132.98824},{"type":1,"time":11488,"positionX":3.074753,"holdTime":0.0,"speed":1.0,"floorPosition":133.41177},{"type":3,"time":11520,"positionX":-0.846262,"holdTime":64.0,"speed":1.2,"floorPosition":133.8353},{"type":3,"time":11584,"positionX":3.864598,"holdTime":64.0,"speed":1.2,"floorPosition":134.68236},{"type":3,"time":11648,"positionX":-3.695345,"holdTime":256.0,"speed":1.2,"floorPosition":135.52942},{"type":1,"time":11904,"positionX":0.02820873,"holdTime":0.0,"speed":1.0,"floorPosition":138.91765},{"type":1,"time":11936,"positionX":1.354019,"holdTime":0.0,"speed":1.0,"floorPosition":139.34119},{"type":1,"time":11968,"positionX":2.679831,"holdTime":0.0,"speed":1.0,"floorPosition":139.76471},{"type":1,"time":12000,"positionX":1.410437,"holdTime":0.0,"speed":1.0,"floorPosition":140.18823},{"type":3,"time":12032,"positionX":-1.819464,"holdTime":64.0,"speed":1.2,"floorPosition":140.61177},{"type":3,"time":12096,"positionX":2.693935,"holdTime":64.0,"speed":1.2,"floorPosition":141.45883},{"type":3,"time":12160,"positionX":-3.638927,"holdTime":64.0,"speed":1.2,"floorPosition":142.30588},{"type":3,"time":12224,"positionX":4.569817,"holdTime":64.0,"speed":1.2,"floorPosition":143.15294},{"type":3,"time":12288,"positionX":-0.7475319,"holdTime":64.0,"speed":1.2,"floorPosition":144.0},{"type":1,"time":12352,"positionX":3.244005,"holdTime":0.0,"speed":1.0,"floorPosition":144.84706},{"type":1,"time":12384,"positionX":-3.229901,"holdTime":0.0,"speed":1.0,"floorPosition":145.27058},{"type":1,"time":12416,"positionX":2.327222,"holdTime":0.0,"speed":1.0,"floorPosition":145.69412},{"type":1,"time":12448,"positionX":0.02820873,"holdTime":0.0,"speed":1.0,"floorPosition":146.11765},{"type":1,"time":12480,"positionX":2.383638,"holdTime":0.0,"speed":1.0,"floorPosition":146.54118},{"type":1,"time":12512,"positionX":4.880113,"holdTime":0.0,"speed":1.0,"floorPosition":146.9647},{"type":1,"time":12544,"positionX":-1.932299,"holdTime":0.0,"speed":1.0,"floorPosition":147.38824},{"type":1,"time":12576,"positionX":1.438646,"holdTime":0.0,"speed":1.0,"floorPosition":147.81177},{"type":1,"time":12608,"positionX":-1.960507,"holdTime":0.0,"speed":1.0,"floorPosition":148.23529},{"type":1,"time":12640,"positionX":-4.922426,"holdTime":0.0,"speed":1.0,"floorPosition":148.65883},{"type":3,"time":12672,"positionX":2.411848,"holdTime":256.0,"speed":1.2,"floorPosition":149.08235},{"type":1,"time":12928,"positionX":-5.416079,"holdTime":0.0,"speed":1.0,"floorPosition":152.4706},{"type":1,"time":12960,"positionX":-3.469676,"holdTime":0.0,"speed":1.0,"floorPosition":152.89412},{"type":1,"time":12992,"positionX":-1.80536,"holdTime":0.0,"speed":1.0,"floorPosition":153.31766},{"type":1,"time":13024,"positionX":0.1692524,"holdTime":0.0,"speed":1.0,"floorPosition":153.74118},{"type":3,"time":13056,"positionX":3.723555,"holdTime":64.0,"speed":1.2,"floorPosition":154.1647},{"type":3,"time":13120,"positionX":-2.299013,"holdTime":64.0,"speed":1.2,"floorPosition":155.01176},{"type":1,"time":13184,"positionX":1.410437,"holdTime":0.0,"speed":1.0,"floorPosition":155.85883},{"type":1,"time":13216,"positionX":3.469676,"holdTime":0.0,"speed":1.0,"floorPosition":156.28235},{"type":1,"time":13248,"positionX":-2.059238,"holdTime":0.0,"speed":1.0,"floorPosition":156.70589},{"type":1,"time":13280,"positionX":0.7193222,"holdTime":0.0,"speed":1.0,"floorPosition":157.12941},{"type":3,"time":13312,"positionX":3.695345,"holdTime":96.0,"speed":1.2,"floorPosition":157.55295},{"type":3,"time":13408,"positionX":-2.200282,"holdTime":32.0,"speed":1.2,"floorPosition":158.82353},{"type":1,"time":13440,"positionX":3.2299,"holdTime":0.0,"speed":1.0,"floorPosition":159.24706},{"type":1,"time":13472,"positionX":-3.38505,"holdTime":0.0,"speed":1.0,"floorPosition":159.6706},{"type":1,"time":13504,"positionX":0.02820873,"holdTime":0.0,"speed":1.0,"floorPosition":160.09412},{"type":1,"time":13536,"positionX":3.497884,"holdTime":0.0,"speed":1.0,"floorPosition":160.51765},{"type":3,"time":13568,"positionX":-1.819464,"holdTime":64.0,"speed":1.2,"floorPosition":160.94118},{"type":3,"time":13632,"positionX":2.242595,"holdTime":64.0,"speed":1.2,"floorPosition":161.78824},{"type":3,"time":13696,"positionX":-3.949224,"holdTime":256.0,"speed":1.2,"floorPosition":162.6353},{"type":1,"time":13952,"positionX":0.1269388,"holdTime":0.0,"speed":1.0,"floorPosition":166.02353},{"type":1,"time":13984,"positionX":2.016925,"holdTime":0.0,"speed":1.0,"floorPosition":166.44707},{"type":1,"time":14016,"positionX":4.753174,"holdTime":0.0,"speed":1.0,"floorPosition":166.87059},{"type":1,"time":14048,"positionX":2.270804,"holdTime":0.0,"speed":1.0,"floorPosition":167.29413},{"type":3,"time":14080,"positionX":-3.102962,"holdTime":64.0,"speed":1.2,"floorPosition":167.71765},{"type":3,"time":14144,"positionX":2.595205,"holdTime":64.0,"speed":1.2,"floorPosition":168.56471},{"type":3,"time":14208,"positionX":-1.791256,"holdTime":64.0,"speed":1.2,"floorPosition":169.41177},{"type":3,"time":14272,"positionX":4.541608,"holdTime":64.0,"speed":1.2,"floorPosition":170.25883},{"type":3,"time":14336,"positionX":-0.3667145,"holdTime":64.0,"speed":1.2,"floorPosition":171.10588},{"type":1,"time":14400,"positionX":3.13117,"holdTime":0.0,"speed":1.0,"floorPosition":171.95294},{"type":1,"time":14432,"positionX":-3.497885,"holdTime":0.0,"speed":1.0,"floorPosition":172.37648},{"type":1,"time":14464,"positionX":4.188999,"holdTime":0.0,"speed":1.0,"floorPosition":172.8},{"type":1,"time":14496,"positionX":-2.228491,"holdTime":0.0,"speed":1.0,"floorPosition":173.22353},{"type":1,"time":14528,"positionX":0.9590988,"holdTime":0.0,"speed":1.0,"floorPosition":173.64706},{"type":1,"time":14560,"positionX":-2.299013,"holdTime":0.0,"speed":1.0,"floorPosition":174.07059},{"type":1,"time":14592,"positionX":3.060648,"holdTime":0.0,"speed":1.0,"floorPosition":174.49413},{"type":1,"time":14624,"positionX":-3.991537,"holdTime":0.0,"speed":1.0,"floorPosition":174.91765},{"type":1,"time":14656,"positionX":-0.5641747,"holdTime":0.0,"speed":1.0,"floorPosition":175.34119},{"type":1,"time":14688,"positionX":3.413258,"holdTime":0.0,"speed":1.0,"floorPosition":175.76471},{"type":3,"time":14720,"positionX":-3.314528,"holdTime":192.0,"speed":1.2,"floorPosition":176.18823},{"type":1,"time":14912,"positionX":2.383638,"holdTime":0.0,"speed":1.0,"floorPosition":178.72942},{"type":1,"time":14944,"positionX":-1.368124,"holdTime":0.0,"speed":1.0,"floorPosition":179.15294},{"type":1,"time":14976,"positionX":3.681241,"holdTime":0.0,"speed":1.0,"floorPosition":179.57648},{"type":1,"time":15008,"positionX":-4.583921,"holdTime":0.0,"speed":1.0,"floorPosition":180.0},{"type":1,"time":15040,"positionX":-1.086037,"holdTime":0.0,"speed":1.0,"floorPosition":180.42354},{"type":1,"time":15072,"positionX":2.891397,"holdTime":0.0,"speed":1.0,"floorPosition":180.84706},{"type":1,"time":15104,"positionX":-2.778561,"holdTime":0.0,"speed":1.0,"floorPosition":181.2706},{"type":1,"time":15136,"positionX":0.8180542,"holdTime":0.0,"speed":1.0,"floorPosition":181.69412},{"type":1,"time":15168,"positionX":5.035261,"holdTime":0.0,"speed":1.0,"floorPosition":182.11765},{"type":1,"time":15200,"positionX":-1.071932,"holdTime":0.0,"speed":1.0,"floorPosition":182.54118},{"type":1,"time":15232,"positionX":2.693935,"holdTime":0.0,"speed":1.0,"floorPosition":182.9647},{"type":3,"time":15248,"positionX":-3.314528,"holdTime":176.0,"speed":1.2,"floorPosition":183.17647},{"type":2,"time":15424,"positionX":0.5923843,"holdTime":0.0,"speed":1.0,"floorPosition":185.50589},{"type":2,"time":15432,"positionX":1.142454,"holdTime":0.0,"speed":1.0,"floorPosition":185.61177},{"type":2,"time":15440,"positionX":1.904091,"holdTime":0.0,"speed":1.0,"floorPosition":185.71765},{"type":2,"time":15448,"positionX":2.538787,"holdTime":0.0,"speed":1.0,"floorPosition":185.82353},{"type":2,"time":15456,"positionX":3.196564,"holdTime":0.0,"speed":1.0,"floorPosition":185.92941},{"type":2,"time":15464,"positionX":3.723555,"holdTime":0.0,"speed":1.0,"floorPosition":186.0353},{"type":2,"time":15472,"positionX":4.242852,"holdTime":0.0,"speed":1.0,"floorPosition":186.14117},{"type":2,"time":15480,"positionX":4.696756,"holdTime":0.0,"speed":1.0,"floorPosition":186.24707},{"type":1,"time":15488,"positionX":0.0,"holdTime":0.0,"speed":1.0,"floorPosition":186.35295},{"type":4,"time":15888,"positionX":0.0,"holdTime":0.0,"speed":1.0,"floorPosition":191.64706}],"notesBelow":[],"speedEvents":[{"startTime":0.0,"endTime":2048.0,"value":0.8},{"startTime":2048.0,"endTime":8704.0,"value":1.2},{"startTime":8704.0,"endTime":10880.0,"value":0.8},{"startTime":10880.0,"endTime":1000000000.0,"value":1.2}],"judgeLineMoveEvents":[{"startTime":-999999.0,"endTime":2048.0,"start":0.5,"end":0.5,"start2":0.5,"end2":0.5},{"startTime":2048.0,"endTime":2056.0,"start":0.5,"end":0.5,"start2":0.5,"end2":0.47275427},{"startTime":2056.0,"endTime":2064.0,"start":0.5,"end":0.5,"start2":0.47275427,"end2":0.44720817},{"startTime":2064.0,"endTime":2072.0,"start":0.5,"end":0.5,"start2":0.44720817,"end2":0.42330706},{"startTime":2072.0,"endTime":2080.0,"start":0.5,"end":0.5,"start2":0.42330706,"end2":0.40099624},{"startTime":2080.0,"endTime":2088.0,"start":0.5,"end":0.5,"start2":0.40099624,"end2":0.38022107},{"startTime":2088.0,"endTime":2096.0,"start":0.5,"end":0.5,"start2":0.38022107,"end2":0.36092684},{"startTime":2096.0,"endTime":2104.0,"start":0.5,"end":0.5,"start2":0.36092684,"end2":0.34305882},{"startTime":2104.0,"endTime":2112.0,"start":0.5,"end":0.5,"start2":0.34305882,"end2":0.3265625},{"startTime":2112.0,"endTime":2120.0,"start":0.5,"end":0.5,"start2":0.3265625,"end2":0.31139928},{"startTime":2120.0,"endTime":2128.0,"start":0.5,"end":0.5,"start2":0.31139928,"end2":0.2974969},{"startTime":2128.0,"endTime":2136.0,"start":0.5,"end":0.5,"start2":0.2974969,"end2":0.2848008},{"startTime":2136.0,"endTime":2144.0,"start":0.5,"end":0.5,"start2":0.2848008,"end2":0.27325624},{"startTime":2144.0,"endTime":2152.0,"start":0.5,"end":0.5,"start2":0.27325624,"end2":0.26280856},{"startTime":2152.0,"endTime":2160.0,"start":0.5,"end":0.5,"start2":0.26280856,"end2":0.2534031},{"startTime":2160.0,"endTime":2168.0,"start":0.5,"end":0.5,"start2":0.2534031,"end2":0.2449851},{"startTime":2168.0,"endTime":2176.0,"start":0.5,"end":0.5,"start2":0.2449851,"end2":0.2375},{"startTime":2176.0,"endTime":2184.0,"start":0.5,"end":0.5,"start2":0.2375,"end2":0.23090364},{"startTime":2184.0,"endTime":2192.0,"start":0.5,"end":0.5,"start2":0.23090364,"end2":0.22512943},{"startTime":2192.0,"endTime":2200.0,"start":0.5,"end":0.5,"start2":0.22512943,"end2":0.22012268},{"startTime":2200.0,"endTime":2208.0,"start":0.5,"end":0.5,"start2":0.22012268,"end2":0.21582876},{"startTime":2208.0,"endTime":2216.0,"start":0.5,"end":0.5,"start2":0.21582876,"end2":0.21219295},{"startTime":2216.0,"endTime":2224.0,"start":0.5,"end":0.5,"start2":0.21219295,"end2":0.20916057},{"startTime":2224.0,"endTime":2232.0,"start":0.5,"end":0.5,"start2":0.20916057,"end2":0.20667699},{"startTime":2232.0,"endTime":2240.0,"start":0.5,"end":0.5,"start2":0.20667699,"end2":0.2046875},{"startTime":2240.0,"endTime":2248.0,"start":0.5,"end":0.5,"start2":0.2046875,"end2":0.20314239},{"startTime":2248.0,"endTime":2256.0,"start":0.5,"end":0.5,"start2":0.20314239,"end2":0.2019807},{"startTime":2256.0,"endTime":2264.0,"start":0.5,"end":0.5,"start2":0.2019807,"end2":0.20114769},{"startTime":2264.0,"endTime":2272.0,"start":0.5,"end":0.5,"start2":0.20114769,"end2":0.20058876},{"startTime":2272.0,"endTime":2280.0,"start":0.5,"end":0.5,"start2":0.20058876,"end2":0.2002492},{"startTime":2280.0,"endTime":2288.0,"start":0.5,"end":0.5,"start2":0.2002492,"end2":0.20007433},{"startTime":2288.0,"endTime":2296.0,"start":0.5,"end":0.5,"start2":0.20007433,"end2":0.2000095},{"startTime":2296.0,"endTime":2304.0,"start":0.5,"end":0.5,"start2":0.2000095,"end2":0.2},{"startTime":2304.0,"endTime":4288.0,"start":0.5,"end":0.5,"start2":0.2,"end2":0.2},{"startTime":4288.0,"endTime":4289.0,"start":0.5,"end":0.5,"start2":0.2,"end2":0.2000005},{"startTime":4289.0,"endTime":4290.0,"start":0.5,"end":0.5,"start2":0.2000005,"end2":0.20000316},{"startTime":4290.0,"endTime":4291.0,"start":0.5,"end":0.5,"start2":0.20000316,"end2":0.2000106},{"startTime":4291.0,"endTime":4292.0,"start":0.5,"end":0.5,"start2":0.2000106,"end2":0.20002478},{"startTime":4292.0,"endTime":4293.0,"start":0.5,"end":0.5,"start2":0.20002478,"end2":0.20004803},{"startTime":4293.0,"endTime":4294.0,"start":0.5,"end":0.5,"start2":0.20004803,"end2":0.20008306},{"startTime":4294.0,"endTime":4295.0,"start":0.5,"end":0.5,"start2":0.20008306,"end2":0.20013103},{"startTime":4295.0,"endTime":4296.0,"start":0.5,"end":0.5,"start2":0.20013103,"end2":0.20019625},{"startTime":4296.0,"endTime":4297.0,"start":0.5,"end":0.5,"start2":0.20019625,"end2":0.20027834},{"startTime":4297.0,"endTime":4298.0,"start":0.5,"end":0.5,"start2":0.20027834,"end2":0.20038256},{"startTime":4298.0,"endTime":4299.0,"start":0.5,"end":0.5,"start2":0.20038256,"end2":0.20050853},{"startTime":4299.0,"endTime":4300.0,"start":0.5,"end":0.5,"start2":0.20050853,"end2":0.20066023},{"startTime":4300.0,"endTime":4301.0,"start":0.5,"end":0.5,"start2":0.20066023,"end2":0.20083942},{"startTime":4301.0,"endTime":4302.0,"start":0.5,"end":0.5,"start2":0.20083942,"end2":0.20104747},{"startTime":4302.0,"endTime":4303.0,"start":0.5,"end":0.5,"start2":0.20104747,"end2":0.20128919},{"startTime":4303.0,"endTime":4304.0,"start":0.5,"end":0.5,"start2":0.20128919,"end2":0.20156251},{"startTime":4304.0,"endTime":4305.0,"start":0.5,"end":0.5,"start2":0.20156251,"end2":0.20187612},{"startTime":4305.0,"endTime":4306.0,"start":0.5,"end":0.5,"start2":0.20187612,"end2":0.20222567},{"startTime":4306.0,"endTime":4307.0,"start":0.5,"end":0.5,"start2":0.20222567,"end2":0.2026184},{"startTime":4307.0,"endTime":4308.0,"start":0.5,"end":0.5,"start2":0.2026184,"end2":0.20305353},{"startTime":4308.0,"endTime":4309.0,"start":0.5,"end":0.5,"start2":0.20305353,"end2":0.20353429},{"startTime":4309.0,"endTime":4310.0,"start":0.5,"end":0.5,"start2":0.20353429,"end2":0.20406431},{"startTime":4310.0,"endTime":4311.0,"start":0.5,"end":0.5,"start2":0.20406431,"end2":0.20464197},{"startTime":4311.0,"endTime":4312.0,"start":0.5,"end":0.5,"start2":0.20464197,"end2":0.20527625},{"startTime":4312.0,"endTime":4313.0,"start":0.5,"end":0.5,"start2":0.20527625,"end2":0.20596115},{"startTime":4313.0,"endTime":4314.0,"start":0.5,"end":0.5,"start2":0.20596115,"end2":0.20670757},{"startTime":4314.0,"endTime":4315.0,"start":0.5,"end":0.5,"start2":0.20670757,"end2":0.20751041},{"startTime":4315.0,"endTime":4316.0,"start":0.5,"end":0.5,"start2":0.20751041,"end2":0.20837648},{"startTime":4316.0,"endTime":4317.0,"start":0.5,"end":0.5,"start2":0.20837648,"end2":0.2093066},{"startTime":4317.0,"endTime":4318.0,"start":0.5,"end":0.5,"start2":0.2093066,"end2":0.21030122},{"startTime":4318.0,"endTime":4319.0,"start":0.5,"end":0.5,"start2":0.21030122,"end2":0.21136795},{"startTime":4319.0,"endTime":4320.0,"start":0.5,"end":0.5,"start2":0.21136795,"end2":0.2125},{"startTime":4320.0,"endTime":4321.0,"start":0.5,"end":0.5,"start2":0.2125,"end2":0.21371268},{"startTime":4321.0,"endTime":4322.0,"start":0.5,"end":0.5,"start2":0.21371268,"end2":0.21499504},{"startTime":4322.0,"endTime":4323.0,"start":0.5,"end":0.5,"start2":0.21499504,"end2":0.21635903},{"startTime":4323.0,"endTime":4324.0,"start":0.5,"end":0.5,"start2":0.21635903,"end2":0.21780103},{"startTime":4324.0,"endTime":4325.0,"start":0.5,"end":0.5,"start2":0.21780103,"end2":0.21932523},{"startTime":4325.0,"endTime":4326.0,"start":0.5,"end":0.5,"start2":0.21932523,"end2":0.2209362},{"startTime":4326.0,"endTime":4327.0,"start":0.5,"end":0.5,"start2":0.2209362,"end2":0.22262947},{"startTime":4327.0,"endTime":4328.0,"start":0.5,"end":0.5,"start2":0.22262947,"end2":0.22441876},{"startTime":4328.0,"endTime":4329.0,"start":0.5,"end":0.5,"start2":0.22441876,"end2":0.22629242},{"startTime":4329.0,"endTime":4330.0,"start":0.5,"end":0.5,"start2":0.22629242,"end2":0.22826694},{"startTime":4330.0,"endTime":4331.0,"start":0.5,"end":0.5,"start2":0.22826694,"end2":0.2303326},{"startTime":4331.0,"endTime":4332.0,"start":0.5,"end":0.5,"start2":0.2303326,"end2":0.23249897},{"startTime":4332.0,"endTime":4333.0,"start":0.5,"end":0.5,"start2":0.23249897,"end2":0.23476598},{"startTime":4333.0,"endTime":4334.0,"start":0.5,"end":0.5,"start2":0.23476598,"end2":0.2371331},{"startTime":4334.0,"endTime":4335.0,"start":0.5,"end":0.5,"start2":0.2371331,"end2":0.23961076},{"startTime":4335.0,"endTime":4336.0,"start":0.5,"end":0.5,"start2":0.23961076,"end2":0.2421875},{"startTime":4336.0,"endTime":4337.0,"start":0.5,"end":0.5,"start2":0.2421875,"end2":0.24488519},{"startTime":4337.0,"endTime":4338.0,"start":0.5,"end":0.5,"start2":0.24488519,"end2":0.2476863},{"startTime":4338.0,"endTime":4339.0,"start":0.5,"end":0.5,"start2":0.2476863,"end2":0.2506075},{"startTime":4339.0,"endTime":4340.0,"start":0.5,"end":0.5,"start2":0.2506075,"end2":0.2536423},{"startTime":4340.0,"endTime":4341.0,"start":0.5,"end":0.5,"start2":0.2536423,"end2":0.25679585},{"startTime":4341.0,"endTime":4342.0,"start":0.5,"end":0.5,"start2":0.25679585,"end2":0.2600737},{"startTime":4342.0,"endTime":4343.0,"start":0.5,"end":0.5,"start2":0.2600737,"end2":0.26346853},{"startTime":4343.0,"endTime":4344.0,"start":0.5,"end":0.5,"start2":0.26346853,"end2":0.26699877},{"startTime":4344.0,"endTime":4345.0,"start":0.5,"end":0.5,"start2":0.26699877,"end2":0.2706471},{"startTime":4345.0,"endTime":4346.0,"start":0.5,"end":0.5,"start2":0.2706471,"end2":0.2744357},{"startTime":4346.0,"endTime":4347.0,"start":0.5,"end":0.5,"start2":0.2744357,"end2":0.2783501},{"startTime":4347.0,"endTime":4348.0,"start":0.5,"end":0.5,"start2":0.2783501,"end2":0.28240272},{"startTime":4348.0,"endTime":4349.0,"start":0.5,"end":0.5,"start2":0.28240272,"end2":0.28659254},{"startTime":4349.0,"endTime":4350.0,"start":0.5,"end":0.5,"start2":0.28659254,"end2":0.2909181},{"startTime":4350.0,"endTime":4351.0,"start":0.5,"end":0.5,"start2":0.2909181,"end2":0.29539263},{"startTime":4351.0,"endTime":4352.0,"start":0.5,"end":0.5,"start2":0.29539263,"end2":0.3},{"startTime":4352.0,"endTime":6400.0,"start":0.5,"end":0.5,"start2":0.3,"end2":0.3},{"startTime":6400.0,"endTime":6528.0,"start":0.5,"end":0.5,"start2":0.3,"end2":0.2},{"startTime":6528.0,"endTime":8576.0,"start":0.5,"end":0.5,"start2":0.2,"end2":0.2},{"startTime":8576.0,"endTime":8580.0,"start":0.5,"end":0.5,"start2":0.2,"end2":0.2005925},{"startTime":8580.0,"endTime":8584.0,"start":0.5,"end":0.5,"start2":0.2005925,"end2":0.202355},{"startTime":8584.0,"endTime":8588.0,"start":0.5,"end":0.5,"start2":0.202355,"end2":0.2052875},{"startTime":8588.0,"endTime":8592.0,"start":0.5,"end":0.5,"start2":0.2052875,"end2":0.20939},{"startTime":8592.0,"endTime":8596.0,"start":0.5,"end":0.5,"start2":0.20939,"end2":0.2146625},{"startTime":8596.0,"endTime":8600.0,"start":0.5,"end":0.5,"start2":0.2146625,"end2":0.22110501},{"startTime":8600.0,"endTime":8604.0,"start":0.5,"end":0.5,"start2":0.22110501,"end2":0.2287175},{"startTime":8604.0,"endTime":8608.0,"start":0.5,"end":0.5,"start2":0.2287175,"end2":0.2375},{"startTime":8608.0,"endTime":8612.0,"start":0.5,"end":0.5,"start2":0.2375,"end2":0.2474675},{"startTime":8612.0,"endTime":8616.0,"start":0.5,"end":0.5,"start2":0.2474675,"end2":0.258605},{"startTime":8616.0,"endTime":8620.0,"start":0.5,"end":0.5,"start2":0.258605,"end2":0.2709125},{"startTime":8620.0,"endTime":8624.0,"start":0.5,"end":0.5,"start2":0.2709125,"end2":0.28439},{"startTime":8624.0,"endTime":8628.0,"start":0.5,"end":0.5,"start2":0.28439,"end2":0.29903752},{"startTime":8628.0,"endTime":8632.0,"start":0.5,"end":0.5,"start2":0.29903752,"end2":0.314855},{"startTime":8632.0,"endTime":8636.0,"start":0.5,"end":0.5,"start2":0.314855,"end2":0.3318425},{"startTime":8636.0,"endTime":8640.0,"start":0.5,"end":0.5,"start2":0.3318425,"end2":0.35},{"startTime":8640.0,"endTime":8644.0,"start":0.5,"end":0.5,"start2":0.35,"end2":0.3681575},{"startTime":8644.0,"endTime":8648.0,"start":0.5,"end":0.5,"start2":0.3681575,"end2":0.385145},{"startTime":8648.0,"endTime":8652.0,"start":0.5,"end":0.5,"start2":0.385145,"end2":0.4009625},{"startTime":8652.0,"endTime":8656.0,"start":0.5,"end":0.5,"start2":0.4009625,"end2":0.41561},{"startTime":8656.0,"endTime":8660.0,"start":0.5,"end":0.5,"start2":0.41561,"end2":0.42908752},{"startTime":8660.0,"endTime":8664.0,"start":0.5,"end":0.5,"start2":0.42908752,"end2":0.441395},{"startTime":8664.0,"endTime":8668.0,"start":0.5,"end":0.5,"start2":0.441395,"end2":0.45253247},{"startTime":8668.0,"endTime":8672.0,"start":0.5,"end":0.5,"start2":0.45253247,"end2":0.4625},{"startTime":8672.0,"endTime":8676.0,"start":0.5,"end":0.5,"start2":0.4625,"end2":0.4712825},{"startTime":8676.0,"endTime":8680.0,"start":0.5,"end":0.5,"start2":0.4712825,"end2":0.478895},{"startTime":8680.0,"endTime":8684.0,"start":0.5,"end":0.5,"start2":0.478895,"end2":0.4853375},{"startTime":8684.0,"endTime":8688.0,"start":0.5,"end":0.5,"start2":0.4853375,"end2":0.49061},{"startTime":8688.0,"endTime":8692.0,"start":0.5,"end":0.5,"start2":0.49061,"end2":0.4947125},{"startTime":8692.0,"endTime":8696.0,"start":0.5,"end":0.5,"start2":0.4947125,"end2":0.497645},{"startTime":8696.0,"endTime":8700.0,"start":0.5,"end":0.5,"start2":0.497645,"end2":0.4994075},{"startTime":8700.0,"endTime":8704.0,"start":0.5,"end":0.5,"start2":0.4994075,"end2":0.5},{"startTime":8704.0,"endTime":10752.0,"start":0.5,"end":0.5,"start2":0.5,"end2":0.5},{"startTime":10752.0,"endTime":10756.0,"start":0.5,"end":0.5,"start2":0.5,"end2":0.47275427},{"startTime":10756.0,"endTime":10760.0,"start":0.5,"end":0.5,"start2":0.47275427,"end2":0.44720817},{"startTime":10760.0,"endTime":10764.0,"start":0.5,"end":0.5,"start2":0.44720817,"end2":0.42330706},{"startTime":10764.0,"endTime":10768.0,"start":0.5,"end":0.5,"start2":0.42330706,"end2":0.40099624},{"startTime":10768.0,"endTime":10772.0,"start":0.5,"end":0.5,"start2":0.40099624,"end2":0.38022107},{"startTime":10772.0,"endTime":10776.0,"start":0.5,"end":0.5,"start2":0.38022107,"end2":0.36092684},{"startTime":10776.0,"endTime":10780.0,"start":0.5,"end":0.5,"start2":0.36092684,"end2":0.34305882},{"startTime":10780.0,"endTime":10784.0,"start":0.5,"end":0.5,"start2":0.34305882,"end2":0.3265625},{"startTime":10784.0,"endTime":10788.0,"start":0.5,"end":0.5,"start2":0.3265625,"end2":0.31139928},{"startTime":10788.0,"endTime":10792.0,"start":0.5,"end":0.5,"start2":0.31139928,"end2":0.2974969},{"startTime":10792.0,"endTime":10796.0,"start":0.5,"end":0.5,"start2":0.2974969,"end2":0.2848008},{"startTime":10796.0,"endTime":10800.0,"start":0.5,"end":0.5,"start2":0.2848008,"end2":0.27325624},{"startTime":10800.0,"endTime":10804.0,"start":0.5,"end":0.5,"start2":0.27325624,"end2":0.26280856},{"startTime":10804.0,"endTime":10808.0,"start":0.5,"end":0.5,"start2":0.26280856,"end2":0.2534031},{"startTime":10808.0,"endTime":10812.0,"start":0.5,"end":0.5,"start2":0.2534031,"end2":0.2449851},{"startTime":10812.0,"endTime":10816.0,"start":0.5,"end":0.5,"start2":0.2449851,"end2":0.2375},{"startTime":10816.0,"endTime":10820.0,"start":0.5,"end":0.5,"start2":0.2375,"end2":0.23090364},{"startTime":10820.0,"endTime":10824.0,"start":0.5,"end":0.5,"start2":0.23090364,"end2":0.22512943},{"startTime":10824.0,"endTime":10828.0,"start":0.5,"end":0.5,"start2":0.22512943,"end2":0.22012268},{"startTime":10828.0,"endTime":10832.0,"start":0.5,"end":0.5,"start2":0.22012268,"end2":0.21582876},{"startTime":10832.0,"endTime":10836.0,"start":0.5,"end":0.5,"start2":0.21582876,"end2":0.21219295},{"startTime":10836.0,"endTime":10840.0,"start":0.5,"end":0.5,"start2":0.21219295,"end2":0.20916057},{"startTime":10840.0,"endTime":10844.0,"start":0.5,"end":0.5,"start2":0.20916057,"end2":0.20667699},{"startTime":10844.0,"endTime":10848.0,"start":0.5,"end":0.5,"start2":0.20667699,"end2":0.2046875},{"startTime":10848.0,"endTime":10852.0,"start":0.5,"end":0.5,"start2":0.2046875,"end2":0.20314239},{"startTime":10852.0,"endTime":10856.0,"start":0.5,"end":0.5,"start2":0.20314239,"end2":0.2019807},{"startTime":10856.0,"endTime":10860.0,"start":0.5,"end":0.5,"start2":0.2019807,"end2":0.20114769},{"startTime":10860.0,"endTime":10864.0,"start":0.5,"end":0.5,"start2":0.20114769,"end2":0.20058876},{"startTime":10864.0,"endTime":10868.0,"start":0.5,"end":0.5,"start2":0.20058876,"end2":0.2002492},{"startTime":10868.0,"endTime":10872.0,"start":0.5,"end":0.5,"start2":0.2002492,"end2":0.20007433},{"startTime":10872.0,"endTime":10876.0,"start":0.5,"end":0.5,"start2":0.20007433,"end2":0.2000095},{"startTime":10876.0,"endTime":10880.0,"start":0.5,"end":0.5,"start2":0.2000095,"end2":0.2},{"startTime":10880.0,"endTime":15248.0,"start":0.5,"end":0.5,"start2":0.2,"end2":0.2},{"startTime":15248.0,"endTime":15252.0,"start":0.5,"end":0.5,"start2":0.2,"end2":0.20018001},{"startTime":15252.0,"endTime":15256.0,"start":0.5,"end":0.5,"start2":0.20018001,"end2":0.20068},{"startTime":15256.0,"endTime":15260.0,"start":0.5,"end":0.5,"start2":0.20068,"end2":0.2015},{"startTime":15260.0,"endTime":15264.0,"start":0.5,"end":0.5,"start2":0.2015,"end2":0.20268},{"startTime":15264.0,"endTime":15268.0,"start":0.5,"end":0.5,"start2":0.20268,"end2":0.20418},{"startTime":15268.0,"endTime":15272.0,"start":0.5,"end":0.5,"start2":0.20418,"end2":0.206},{"startTime":15272.0,"endTime":15276.0,"start":0.5,"end":0.5,"start2":0.206,"end2":0.20818001},{"startTime":15276.0,"endTime":15280.0,"start":0.5,"end":0.5,"start2":0.20818001,"end2":0.21068001},{"startTime":15280.0,"endTime":15284.0,"start":0.5,"end":0.5,"start2":0.21068001,"end2":0.21350001},{"startTime":15284.0,"endTime":15288.0,"start":0.5,"end":0.5,"start2":0.21350001,"end2":0.21668},{"startTime":15288.0,"endTime":15292.0,"start":0.5,"end":0.5,"start2":0.21668,"end2":0.22018},{"startTime":15292.0,"endTime":15296.0,"start":0.5,"end":0.5,"start2":0.22018,"end2":0.224},{"startTime":15296.0,"endTime":15300.0,"start":0.5,"end":0.5,"start2":0.224,"end2":0.22818},{"startTime":15300.0,"endTime":15304.0,"start":0.5,"end":0.5,"start2":0.22818,"end2":0.23268001},{"startTime":15304.0,"endTime":15308.0,"start":0.5,"end":0.5,"start2":0.23268001,"end2":0.2375},{"startTime":15308.0,"endTime":15312.0,"start":0.5,"end":0.5,"start2":0.2375,"end2":0.24268001},{"startTime":15312.0,"endTime":15316.0,"start":0.5,"end":0.5,"start2":0.24268001,"end2":0.24818},{"startTime":15316.0,"endTime":15320.0,"start":0.5,"end":0.5,"start2":0.24818,"end2":0.254},{"startTime":15320.0,"endTime":15324.0,"start":0.5,"end":0.5,"start2":0.254,"end2":0.26018},{"startTime":15324.0,"endTime":15328.0,"start":0.5,"end":0.5,"start2":0.26018,"end2":0.26668003},{"startTime":15328.0,"endTime":15332.0,"start":0.5,"end":0.5,"start2":0.26668003,"end2":0.2735},{"startTime":15332.0,"endTime":15336.0,"start":0.5,"end":0.5,"start2":0.2735,"end2":0.28068},{"startTime":15336.0,"endTime":15340.0,"start":0.5,"end":0.5,"start2":0.28068,"end2":0.28818},{"startTime":15340.0,"endTime":15344.0,"start":0.5,"end":0.5,"start2":0.28818,"end2":0.296},{"startTime":15344.0,"endTime":15348.0,"start":0.5,"end":0.5,"start2":0.296,"end2":0.30418},{"startTime":15348.0,"endTime":15352.0,"start":0.5,"end":0.5,"start2":0.30418,"end2":0.31268},{"startTime":15352.0,"endTime":15356.0,"start":0.5,"end":0.5,"start2":0.31268,"end2":0.3215},{"startTime":15356.0,"endTime":15360.0,"start":0.5,"end":0.5,"start2":0.3215,"end2":0.33068},{"startTime":15360.0,"endTime":15364.0,"start":0.5,"end":0.5,"start2":0.33068,"end2":0.34018},{"startTime":15364.0,"endTime":15372.0,"start":0.5,"end":0.5,"start2":0.34018,"end2":0.35981998},{"startTime":15372.0,"endTime":15376.0,"start":0.5,"end":0.5,"start2":0.35981998,"end2":0.36932},{"startTime":15376.0,"endTime":15380.0,"start":0.5,"end":0.5,"start2":0.36932,"end2":0.3785},{"startTime":15380.0,"endTime":15384.0,"start":0.5,"end":0.5,"start2":0.3785,"end2":0.38732},{"startTime":15384.0,"endTime":15388.0,"start":0.5,"end":0.5,"start2":0.38732,"end2":0.39582},{"startTime":15388.0,"endTime":15392.0,"start":0.5,"end":0.5,"start2":0.39582,"end2":0.404},{"startTime":15392.0,"endTime":15396.0,"start":0.5,"end":0.5,"start2":0.404,"end2":0.41182002},{"startTime":15396.0,"endTime":15400.0,"start":0.5,"end":0.5,"start2":0.41182002,"end2":0.41932},{"startTime":15400.0,"endTime":15404.0,"start":0.5,"end":0.5,"start2":0.41932,"end2":0.4265},{"startTime":15404.0,"endTime":15408.0,"start":0.5,"end":0.5,"start2":0.4265,"end2":0.43332002},{"startTime":15408.0,"endTime":15412.0,"start":0.5,"end":0.5,"start2":0.43332002,"end2":0.43982002},{"startTime":15412.0,"endTime":15416.0,"start":0.5,"end":0.5,"start2":0.43982002,"end2":0.446},{"startTime":15416.0,"endTime":15420.0,"start":0.5,"end":0.5,"start2":0.446,"end2":0.45182},{"startTime":15420.0,"endTime":15424.0,"start":0.5,"end":0.5,"start2":0.45182,"end2":0.45732},{"startTime":15424.0,"endTime":15428.0,"start":0.5,"end":0.5,"start2":0.45732,"end2":0.4625},{"startTime":15428.0,"endTime":15432.0,"start":0.5,"end":0.5,"start2":0.4625,"end2":0.46732},{"startTime":15432.0,"endTime":15436.0,"start":0.5,"end":0.5,"start2":0.46732,"end2":0.47182003},{"startTime":15436.0,"endTime":15440.0,"start":0.5,"end":0.5,"start2":0.47182003,"end2":0.47599998},{"startTime":15440.0,"endTime":15444.0,"start":0.5,"end":0.5,"start2":0.47599998,"end2":0.47981998},{"startTime":15444.0,"endTime":15448.0,"start":0.5,"end":0.5,"start2":0.47981998,"end2":0.48332},{"startTime":15448.0,"endTime":15452.0,"start":0.5,"end":0.5,"start2":0.48332,"end2":0.4865},{"startTime":15452.0,"endTime":15456.0,"start":0.5,"end":0.5,"start2":0.4865,"end2":0.48932},{"startTime":15456.0,"endTime":15460.0,"start":0.5,"end":0.5,"start2":0.48932,"end2":0.49182},{"startTime":15460.0,"endTime":15464.0,"start":0.5,"end":0.5,"start2":0.49182,"end2":0.49400002},{"startTime":15464.0,"endTime":15468.0,"start":0.5,"end":0.5,"start2":0.49400002,"end2":0.49582002},{"startTime":15468.0,"endTime":15472.0,"start":0.5,"end":0.5,"start2":0.49582002,"end2":0.49732},{"startTime":15472.0,"endTime":15476.0,"start":0.5,"end":0.5,"start2":0.49732,"end2":0.4985},{"startTime":15476.0,"endTime":15480.0,"start":0.5,"end":0.5,"start2":0.4985,"end2":0.49932},{"startTime":15480.0,"endTime":15484.0,"start":0.5,"end":0.5,"start2":0.49932,"end2":0.49982},{"startTime":15484.0,"endTime":15488.0,"start":0.5,"end":0.5,"start2":0.49982,"end2":0.5},{"startTime":15488.0,"endTime":1000000000.0,"start":0.5,"end":0.5,"start2":0.5,"end2":0.5}],"judgeLineRotateEvents":[{"startTime":-999999.0,"endTime":6400.0,"start":0.0,"end":0.0},{"startTime":6400.0,"endTime":6401.0,"start":0.0,"end":-0.23036835},{"startTime":6401.0,"endTime":6402.0,"start":-0.23036835,"end":-0.45409542},{"startTime":6402.0,"endTime":6403.0,"start":-0.45409542,"end":-0.6703737},{"startTime":6403.0,"endTime":6404.0,"start":-0.6703737,"end":-0.8798638},{"startTime":6404.0,"endTime":6405.0,"start":-0.8798638,"end":-1.0824953},{"startTime":6405.0,"endTime":6406.0,"start":-1.0824953,"end":-1.2782155},{"startTime":6406.0,"endTime":6407.0,"start":-1.2782155,"end":-1.4676454},{"startTime":6407.0,"endTime":6408.0,"start":-1.4676454,"end":-1.6500626},{"startTime":6408.0,"endTime":6409.0,"start":-1.6500626,"end":-1.8265734},{"startTime":6409.0,"endTime":6410.0,"start":-1.8265734,"end":-1.9963157},{"startTime":6410.0,"endTime":6411.0,"start":-1.9963157,"end":-2.160208},{"startTime":6411.0,"endTime":6412.0,"start":-2.160208,"end":-2.317886},{"startTime":6412.0,"endTime":6413.0,"start":-2.317886,"end":-2.4696264},{"startTime":6413.0,"endTime":6414.0,"start":-2.4696264,"end":-2.615686},{"startTime":6414.0,"endTime":6415.0,"start":-2.615686,"end":-2.7557411},{"startTime":6415.0,"endTime":6416.0,"start":-2.7557411,"end":-2.890625},{"startTime":6416.0,"endTime":6417.0,"start":-2.890625,"end":-3.019462},{"startTime":6417.0,"endTime":6418.0,"start":-3.019462,"end":-3.1433454},{"startTime":6418.0,"endTime":6419.0,"start":-3.1433454,"end":-3.2617016},{"startTime":6419.0,"endTime":6420.0,"start":-3.2617016,"end":-3.3750513},{"startTime":6420.0,"endTime":6421.0,"start":-3.3750513,"end":-3.4833703},{"startTime":6421.0,"endTime":6422.0,"start":-3.4833703,"end":-3.5866532},{"startTime":6422.0,"endTime":6423.0,"start":-3.5866532,"end":-3.68538},{"startTime":6423.0,"endTime":6424.0,"start":-3.68538,"end":-3.7790627},{"startTime":6424.0,"endTime":6425.0,"start":-3.7790627,"end":-3.8685262},{"startTime":6425.0,"endTime":6426.0,"start":-3.8685262,"end":-3.9531903},{"startTime":6426.0,"endTime":6427.0,"start":-3.9531903,"end":-4.033739},{"startTime":6427.0,"endTime":6428.0,"start":-4.033739,"end":-4.1099486},{"startTime":6428.0,"endTime":6429.0,"start":-4.1099486,"end":-4.1820483},{"startTime":6429.0,"endTime":6430.0,"start":-4.1820483,"end":-4.2502484},{"startTime":6430.0,"endTime":6431.0,"start":-4.2502484,"end":-4.314366},{"startTime":6431.0,"endTime":6432.0,"start":-4.314366,"end":-4.375},{"startTime":6432.0,"endTime":6433.0,"start":-4.375,"end":-4.4316025},{"startTime":6433.0,"endTime":6434.0,"start":-4.4316025,"end":-4.484939},{"startTime":6434.0,"endTime":6435.0,"start":-4.484939,"end":-4.5346704},{"startTime":6435.0,"endTime":6436.0,"start":-4.5346704,"end":-4.5811763},{"startTime":6436.0,"endTime":6437.0,"start":-4.5811763,"end":-4.62448},{"startTime":6437.0,"endTime":6438.0,"start":-4.62448,"end":-4.664622},{"startTime":6438.0,"endTime":6439.0,"start":-4.664622,"end":-4.7019424},{"startTime":6439.0,"endTime":6440.0,"start":-4.7019424,"end":-4.7361875},{"startTime":6440.0,"endTime":6441.0,"start":-4.7361875,"end":-4.7679014},{"startTime":6441.0,"endTime":6442.0,"start":-4.7679014,"end":-4.7967844},{"startTime":6442.0,"endTime":6443.0,"start":-4.7967844,"end":-4.823286},{"startTime":6443.0,"endTime":6444.0,"start":-4.823286,"end":-4.847324},{"startTime":6444.0,"endTime":6445.0,"start":-4.847324,"end":-4.8690796},{"startTime":6445.0,"endTime":6446.0,"start":-4.8690796,"end":-4.8887167},{"startTime":6446.0,"endTime":6447.0,"start":-4.8887167,"end":-4.906194},{"startTime":6447.0,"endTime":6448.0,"start":-4.906194,"end":-4.921875},{"startTime":6448.0,"endTime":6449.0,"start":-4.921875,"end":-4.9355407},{"startTime":6449.0,"endTime":6450.0,"start":-4.9355407,"end":-4.947627},{"startTime":6450.0,"endTime":6451.0,"start":-4.947627,"end":-4.9580297},{"startTime":6451.0,"endTime":6452.0,"start":-4.9580297,"end":-4.9669886},{"startTime":6452.0,"endTime":6453.0,"start":-4.9669886,"end":-4.9745736},{"startTime":6453.0,"endTime":6454.0,"start":-4.9745736,"end":-4.980872},{"startTime":6454.0,"endTime":6455.0,"start":-4.980872,"end":-4.9860826},{"startTime":6455.0,"endTime":6456.0,"start":-4.9860826,"end":-4.990187},{"startTime":6456.0,"endTime":6457.0,"start":-4.990187,"end":-4.9934487},{"startTime":6457.0,"endTime":6458.0,"start":-4.9934487,"end":-4.9958467},{"startTime":6458.0,"endTime":6459.0,"start":-4.9958467,"end":-4.9975986},{"startTime":6459.0,"endTime":6460.0,"start":-4.9975986,"end":-4.998761},{"startTime":6460.0,"endTime":6461.0,"start":-4.998761,"end":-4.99947},{"startTime":6461.0,"endTime":6462.0,"start":-4.99947,"end":-4.9998417},{"startTime":6462.0,"endTime":6463.0,"start":-4.9998417,"end":-4.999975},{"startTime":6463.0,"endTime":6464.0,"start":-4.999975,"end":-5.0},{"startTime":6464.0,"endTime":6465.0,"start":-5.0,"end":-4.9998417},{"startTime":6465.0,"endTime":6466.0,"start":-4.9998417,"end":-4.998761},{"startTime":6466.0,"endTime":6467.0,"start":-4.998761,"end":-4.9958467},{"startTime":6467.0,"endTime":6468.0,"start":-4.9958467,"end":-4.9901876},{"startTime":6468.0,"endTime":6469.0,"start":-4.9901876,"end":-4.9808717},{"startTime":6469.0,"endTime":6470.0,"start":-4.9808717,"end":-4.9669886},{"startTime":6470.0,"endTime":6471.0,"start":-4.9669886,"end":-4.947627},{"startTime":6471.0,"endTime":6472.0,"start":-4.947627,"end":-4.921875},{"startTime":6472.0,"endTime":6473.0,"start":-4.921875,"end":-4.8887167},{"startTime":6473.0,"endTime":6474.0,"start":-4.8887167,"end":-4.847324},{"startTime":6474.0,"endTime":6475.0,"start":-4.847324,"end":-4.7967844},{"startTime":6475.0,"endTime":6476.0,"start":-4.7967844,"end":-4.7361875},{"startTime":6476.0,"endTime":6477.0,"start":-4.7361875,"end":-4.664622},{"startTime":6477.0,"endTime":6478.0,"start":-4.664622,"end":-4.5811763},{"startTime":6478.0,"endTime":6479.0,"start":-4.5811763,"end":-4.4849396},{"startTime":6479.0,"endTime":6480.0,"start":-4.4849396,"end":-4.375},{"startTime":6480.0,"endTime":6481.0,"start":-4.375,"end":-4.2502484},{"startTime":6481.0,"endTime":6482.0,"start":-4.2502484,"end":-4.1099486},{"startTime":6482.0,"endTime":6483.0,"start":-4.1099486,"end":-3.9531906},{"startTime":6483.0,"endTime":6484.0,"start":-3.9531906,"end":-3.7790625},{"startTime":6484.0,"endTime":6485.0,"start":-3.7790625,"end":-3.586653},{"startTime":6485.0,"endTime":6486.0,"start":-3.586653,"end":-3.3750513},{"startTime":6486.0,"endTime":6487.0,"start":-3.3750513,"end":-3.1433454},{"startTime":6487.0,"endTime":6488.0,"start":-3.1433454,"end":-2.890625},{"startTime":6488.0,"endTime":6489.0,"start":-2.890625,"end":-2.6156857},{"startTime":6489.0,"endTime":6490.0,"start":-2.6156857,"end":-2.317886},{"startTime":6490.0,"endTime":6491.0,"start":-2.317886,"end":-1.9963157},{"startTime":6491.0,"endTime":6492.0,"start":-1.9963157,"end":-1.6500626},{"startTime":6492.0,"endTime":6493.0,"start":-1.6500626,"end":-1.2782156},{"startTime":6493.0,"endTime":6494.0,"start":-1.2782156,"end":-0.8798638},{"startTime":6494.0,"endTime":6495.0,"start":-0.8798638,"end":-0.4540953},{"startTime":6495.0,"endTime":6496.0,"start":-0.4540953,"end":0.0},{"startTime":6496.0,"endTime":1000000000.0,"start":0.0,"end":0.0}],"judgeLineDisappearEvents":[{"startTime":-999999.0,"endTime":15888.0,"start":1.0,"end":1.0},{"startTime":15888.0,"endTime":15896.0,"start":0.0,"end":0.0},{"startTime":15896.0,"endTime":1000000000.0,"start":1.0,"end":1.0}]}]}