{"formatVersion":1,"offset":0.0,"judgeLineList":[{"bpm":179.0,"notesAbove":[{"type":1,"time":256,"positionX":-3.486767,"holdTime":0.0,"speed":1.0,"floorPosition":3.2178771},{"type":2,"time":272,"positionX":-3.463751,"holdTime":0.0,"speed":1.0,"floorPosition":3.4189947},{"type":2,"time":288,"positionX":-3.463751,"holdTime":0.0,"speed":1.0,"floorPosition":3.6201117},{"type":2,"time":304,"positionX":-3.475259,"holdTime":0.0,"speed":1.0,"floorPosition":3.8212292},{"type":1,"time":320,"positionX":1.208285,"holdTime":0.0,"speed":1.0,"floorPosition":4.0223465},{"type":2,"time":336,"positionX":1.196777,"holdTime":0.0,"speed":1.0,"floorPosition":4.223464},{"type":2,"time":352,"positionX":1.208285,"holdTime":0.0,"speed":1.0,"floorPosition":4.424581},{"type":2,"time":368,"positionX":1.173763,"holdTime":0.0,"speed":1.0,"floorPosition":4.6256986},{"type":1,"time":384,"positionX":-2.347526,"holdTime":0.0,"speed":1.0,"floorPosition":4.8268156},{"type":2,"time":400,"positionX":-2.324511,"holdTime":0.0,"speed":1.0,"floorPosition":5.027933},{"type":2,"time":416,"positionX":-2.336019,"holdTime":0.0,"speed":1.0,"floorPosition":5.2290506},{"type":3,"time":432,"positionX":3.026467,"holdTime":80.0,"speed":1.2,"floorPosition":5.4301677},{"type":1,"time":512,"positionX":-0.932106,"holdTime":0.0,"speed":1.0,"floorPosition":6.4357543},{"type":2,"time":528,"positionX":-0.9436131,"holdTime":0.0,"speed":1.0,"floorPosition":6.636872},{"type":2,"time":544,"positionX":-0.932106,"holdTime":0.0,"speed":1.0,"floorPosition":6.8379893},{"type":2,"time":560,"positionX":-0.955121,"holdTime":0.0,"speed":1.0,"floorPosition":7.0391064},{"type":1,"time":576,"positionX":2.635212,"holdTime":0.0,"speed":1.0,"floorPosition":7.2402234},{"type":2,"time":592,"positionX":2.635212,"holdTime":0.0,"speed":1.0,"floorPosition":7.441341},{"type":2,"time":608,"positionX":2.612199,"holdTime":0.0,"speed":1.0,"floorPosition":7.6424584},{"type":2,"time":624,"positionX":2.612199,"holdTime":0.0,"speed":1.0,"floorPosition":7.843576},{"type":1,"time":640,"positionX":-3.325662,"holdTime":0.0,"speed":1.0,"floorPosition":8.044693},{"type":2,"time":656,"positionX":-3.314154,"holdTime":0.0,"speed":1.0,"floorPosition":8.2458105},{"type":2,"time":672,"positionX":-3.314154,"holdTime":0.0,"speed":1.0,"floorPosition":8.446928},{"type":3,"time":688,"positionX":3.981588,"holdTime":80.0,"speed":1.2,"floorPosition":8.648046},{"type":1,"time":768,"positionX":-3.739931,"holdTime":0.0,"speed":1.0,"floorPosition":9.653631},{"type":2,"time":784,"positionX":-3.153049,"holdTime":0.0,"speed":1.0,"floorPosition":9.854749},{"type":2,"time":800,"positionX":-2.393556,"holdTime":0.0,"speed":1.0,"floorPosition":10.055866},{"type":2,"time":816,"positionX":-1.634062,"holdTime":0.0,"speed":1.0,"floorPosition":10.256984},{"type":1,"time":832,"positionX":1.611047,"holdTime":0.0,"speed":1.0,"floorPosition":10.458101},{"type":2,"time":848,"positionX":2.370541,"holdTime":0.0,"speed":1.0,"floorPosition":10.659218},{"type":2,"time":864,"positionX":3.141541,"holdTime":0.0,"speed":1.0,"floorPosition":10.860335},{"type":2,"time":880,"positionX":3.878021,"holdTime":0.0,"speed":1.0,"floorPosition":11.061453},{"type":1,"time":896,"positionX":-1.415421,"holdTime":0.0,"speed":1.0,"floorPosition":11.26257},{"type":2,"time":912,"positionX":-2.048331,"holdTime":0.0,"speed":1.0,"floorPosition":11.463687},{"type":2,"time":928,"positionX":-2.761795,"holdTime":0.0,"speed":1.0,"floorPosition":11.664805},{"type":3,"time":944,"positionX":2.531645,"holdTime":80.0,"speed":1.2,"floorPosition":11.865922},{"type":1,"time":1024,"positionX":-2.87687,"holdTime":0.0,"speed":1.0,"floorPosition":12.871509},{"type":2,"time":1040,"positionX":-1.553509,"holdTime":0.0,"speed":1.0,"floorPosition":13.072626},{"type":2,"time":1056,"positionX":-2.865362,"holdTime":0.0,"speed":1.0,"floorPosition":13.273744},{"type":2,"time":1072,"positionX":-1.588032,"holdTime":0.0,"speed":1.0,"floorPosition":13.47486},{"type":1,"time":1088,"positionX":3.912543,"holdTime":0.0,"speed":1.0,"floorPosition":13.675979},{"type":2,"time":1104,"positionX":2.980437,"holdTime":0.0,"speed":1.0,"floorPosition":13.877095},{"type":2,"time":1120,"positionX":2.013808,"holdTime":0.0,"speed":1.0,"floorPosition":14.078213},{"type":2,"time":1136,"positionX":1.334868,"holdTime":0.0,"speed":1.0,"floorPosition":14.27933},{"type":1,"time":1152,"positionX":-3.820484,"holdTime":0.0,"speed":1.0,"floorPosition":14.480447},{"type":2,"time":1168,"positionX":-2.991944,"holdTime":0.0,"speed":1.0,"floorPosition":14.681565},{"type":2,"time":1184,"positionX":-2.025316,"holdTime":0.0,"speed":1.0,"floorPosition":14.882682},{"type":3,"time":1200,"positionX":3.314154,"holdTime":80.0,"speed":1.2,"floorPosition":15.083798},{"type":1,"time":1280,"positionX":-1.495973,"holdTime":0.0,"speed":1.0,"floorPosition":16.089386},{"type":1,"time":1328,"positionX":3.417721,"holdTime":0.0,"speed":1.0,"floorPosition":16.692738},{"type":1,"time":1376,"positionX":-3.739931,"holdTime":0.0,"speed":1.0,"floorPosition":17.296091},{"type":1,"time":1408,"positionX":-3.751439,"holdTime":0.0,"speed":1.0,"floorPosition":17.698324},{"type":1,"time":1456,"positionX":-3.762946,"holdTime":0.0,"speed":1.0,"floorPosition":18.301676},{"type":2,"time":1472,"positionX":1.035672,"holdTime":0.0,"speed":1.0,"floorPosition":18.502794},{"type":2,"time":1480,"positionX":1.012659,"holdTime":0.0,"speed":1.0,"floorPosition":18.603354},{"type":2,"time":1488,"positionX":2.600691,"holdTime":0.0,"speed":1.0,"floorPosition":18.70391},{"type":2,"time":1496,"positionX":2.600691,"holdTime":0.0,"speed":1.0,"floorPosition":18.80447},{"type":2,"time":1504,"positionX":0.9896431,"holdTime":0.0,"speed":1.0,"floorPosition":18.90503},{"type":2,"time":1512,"positionX":1.00115,"holdTime":0.0,"speed":1.0,"floorPosition":19.005587},{"type":2,"time":1520,"positionX":2.600691,"holdTime":0.0,"speed":1.0,"floorPosition":19.106146},{"type":2,"time":1528,"positionX":2.612199,"holdTime":0.0,"speed":1.0,"floorPosition":19.206705},{"type":1,"time":1536,"positionX":-1.921749,"holdTime":0.0,"speed":1.0,"floorPosition":19.307262},{"type":1,"time":1584,"positionX":3.24511,"holdTime":0.0,"speed":1.0,"floorPosition":19.910616},{"type":1,"time":1632,"positionX":-3.993095,"holdTime":0.0,"speed":1.0,"floorPosition":20.513968},{"type":1,"time":1664,"positionX":-4.004602,"holdTime":0.0,"speed":1.0,"floorPosition":20.916203},{"type":1,"time":1712,"positionX":3.176064,"holdTime":0.0,"speed":1.0,"floorPosition":21.519554},{"type":2,"time":1728,"positionX":-1.668585,"holdTime":0.0,"speed":1.0,"floorPosition":21.72067},{"type":2,"time":1736,"positionX":-1.680092,"holdTime":0.0,"speed":1.0,"floorPosition":21.821232},{"type":2,"time":1744,"positionX":-3.24511,"holdTime":0.0,"speed":1.0,"floorPosition":21.92179},{"type":2,"time":1752,"positionX":-3.233602,"holdTime":0.0,"speed":1.0,"floorPosition":22.022348},{"type":2,"time":1760,"positionX":-1.714614,"holdTime":0.0,"speed":1.0,"floorPosition":22.122906},{"type":2,"time":1768,"positionX":-1.726122,"holdTime":0.0,"speed":1.0,"floorPosition":22.223465},{"type":2,"time":1776,"positionX":-3.268125,"holdTime":0.0,"speed":1.0,"floorPosition":22.324024},{"type":2,"time":1784,"positionX":-3.233602,"holdTime":0.0,"speed":1.0,"floorPosition":22.424582},{"type":1,"time":1792,"positionX":1.530495,"holdTime":0.0,"speed":1.0,"floorPosition":22.52514},{"type":1,"time":1840,"positionX":-3.52129,"holdTime":0.0,"speed":1.0,"floorPosition":23.128492},{"type":1,"time":1888,"positionX":2.658228,"holdTime":0.0,"speed":1.0,"floorPosition":23.731844},{"type":1,"time":1920,"positionX":2.612199,"holdTime":0.0,"speed":1.0,"floorPosition":24.134079},{"type":1,"time":1968,"positionX":0.6214037,"holdTime":0.0,"speed":1.0,"floorPosition":24.73743},{"type":2,"time":1984,"positionX":-2.945915,"holdTime":0.0,"speed":1.0,"floorPosition":24.938547},{"type":2,"time":1992,"positionX":-2.485616,"holdTime":0.0,"speed":1.0,"floorPosition":25.039108},{"type":2,"time":2000,"positionX":-1.944763,"holdTime":0.0,"speed":1.0,"floorPosition":25.139666},{"type":2,"time":2008,"positionX":-1.438436,"holdTime":0.0,"speed":1.0,"floorPosition":25.240225},{"type":2,"time":2016,"positionX":-1.438436,"holdTime":0.0,"speed":1.0,"floorPosition":25.340784},{"type":2,"time":2024,"positionX":-1.944763,"holdTime":0.0,"speed":1.0,"floorPosition":25.441341},{"type":2,"time":2032,"positionX":-2.508631,"holdTime":0.0,"speed":1.0,"floorPosition":25.5419},{"type":2,"time":2040,"positionX":-2.957422,"holdTime":0.0,"speed":1.0,"floorPosition":25.642458},{"type":1,"time":2048,"positionX":2.186421,"holdTime":0.0,"speed":1.0,"floorPosition":25.743017},{"type":1,"time":2096,"positionX":2.128885,"holdTime":0.0,"speed":1.0,"floorPosition":26.34637},{"type":1,"time":2144,"positionX":-3.912543,"holdTime":0.0,"speed":1.0,"floorPosition":26.94972},{"type":1,"time":2176,"positionX":-3.958572,"holdTime":0.0,"speed":1.0,"floorPosition":27.351957},{"type":1,"time":2224,"positionX":0.02301407,"holdTime":0.0,"speed":1.0,"floorPosition":27.955307},{"type":2,"time":2240,"positionX":-3.958572,"holdTime":0.0,"speed":1.0,"floorPosition":28.156425},{"type":2,"time":2248,"positionX":-3.693901,"holdTime":0.0,"speed":1.0,"floorPosition":28.256985},{"type":2,"time":2256,"positionX":-3.268125,"holdTime":0.0,"speed":1.0,"floorPosition":28.357544},{"type":2,"time":2264,"positionX":-2.957422,"holdTime":0.0,"speed":1.0,"floorPosition":28.458101},{"type":2,"time":2272,"positionX":-2.646721,"holdTime":0.0,"speed":1.0,"floorPosition":28.55866},{"type":2,"time":2280,"positionX":-2.313004,"holdTime":0.0,"speed":1.0,"floorPosition":28.659218},{"type":2,"time":2288,"positionX":-1.910242,"holdTime":0.0,"speed":1.0,"floorPosition":28.759777},{"type":2,"time":2296,"positionX":-1.530496,"holdTime":0.0,"speed":1.0,"floorPosition":28.860336},{"type":1,"time":2304,"positionX":2.439586,"holdTime":0.0,"speed":1.0,"floorPosition":28.960894},{"type":1,"time":2352,"positionX":-2.945915,"holdTime":0.0,"speed":1.0,"floorPosition":29.564247},{"type":1,"time":2400,"positionX":2.439586,"holdTime":0.0,"speed":1.0,"floorPosition":30.167597},{"type":1,"time":2432,"positionX":2.428079,"holdTime":0.0,"speed":1.0,"floorPosition":30.569834},{"type":1,"time":2480,"positionX":2.405063,"holdTime":0.0,"speed":1.0,"floorPosition":31.173183},{"type":2,"time":2496,"positionX":-1.910242,"holdTime":0.0,"speed":1.0,"floorPosition":31.374304},{"type":2,"time":2504,"positionX":-2.255466,"holdTime":0.0,"speed":1.0,"floorPosition":31.474861},{"type":2,"time":2512,"positionX":-2.669735,"holdTime":0.0,"speed":1.0,"floorPosition":31.57542},{"type":2,"time":2520,"positionX":-3.130035,"holdTime":0.0,"speed":1.0,"floorPosition":31.675978},{"type":2,"time":2528,"positionX":-3.130035,"holdTime":0.0,"speed":1.0,"floorPosition":31.776537},{"type":2,"time":2536,"positionX":-2.669735,"holdTime":0.0,"speed":1.0,"floorPosition":31.877096},{"type":2,"time":2544,"positionX":-2.278481,"holdTime":0.0,"speed":1.0,"floorPosition":31.977654},{"type":2,"time":2552,"positionX":-1.921749,"holdTime":0.0,"speed":1.0,"floorPosition":32.078213},{"type":1,"time":2560,"positionX":1.576525,"holdTime":0.0,"speed":1.0,"floorPosition":32.178772},{"type":1,"time":2608,"positionX":1.553509,"holdTime":0.0,"speed":1.0,"floorPosition":32.782124},{"type":1,"time":2656,"positionX":1.530495,"holdTime":0.0,"speed":1.0,"floorPosition":33.385475},{"type":1,"time":2688,"positionX":-3.716916,"holdTime":0.0,"speed":1.0,"floorPosition":33.787712},{"type":1,"time":2736,"positionX":-3.670886,"holdTime":0.0,"speed":1.0,"floorPosition":34.391064},{"type":2,"time":2752,"positionX":1.59954,"holdTime":0.0,"speed":1.0,"floorPosition":34.592182},{"type":2,"time":2760,"positionX":1.898735,"holdTime":0.0,"speed":1.0,"floorPosition":34.69274},{"type":2,"time":2768,"positionX":2.209435,"holdTime":0.0,"speed":1.0,"floorPosition":34.793297},{"type":2,"time":2776,"positionX":2.566168,"holdTime":0.0,"speed":1.0,"floorPosition":34.893856},{"type":2,"time":2784,"positionX":2.922901,"holdTime":0.0,"speed":1.0,"floorPosition":34.994415},{"type":2,"time":2792,"positionX":3.256617,"holdTime":0.0,"speed":1.0,"floorPosition":35.094975},{"type":2,"time":2800,"positionX":3.555812,"holdTime":0.0,"speed":1.0,"floorPosition":35.195534},{"type":2,"time":2808,"positionX":3.935557,"holdTime":0.0,"speed":1.0,"floorPosition":35.29609},{"type":1,"time":2816,"positionX":-2.197928,"holdTime":0.0,"speed":1.0,"floorPosition":35.39665},{"type":1,"time":2864,"positionX":-2.209436,"holdTime":0.0,"speed":1.0,"floorPosition":36.0},{"type":1,"time":2912,"positionX":-2.232451,"holdTime":0.0,"speed":1.0,"floorPosition":36.60335},{"type":1,"time":2944,"positionX":-2.232451,"holdTime":0.0,"speed":1.0,"floorPosition":37.00559},{"type":1,"time":2992,"positionX":-2.243958,"holdTime":0.0,"speed":1.0,"floorPosition":37.60894},{"type":2,"time":3008,"positionX":2.336018,"holdTime":0.0,"speed":1.0,"floorPosition":37.81006},{"type":2,"time":3016,"positionX":2.715765,"holdTime":0.0,"speed":1.0,"floorPosition":37.910618},{"type":2,"time":3024,"positionX":3.01496,"holdTime":0.0,"speed":1.0,"floorPosition":38.011173},{"type":2,"time":3032,"positionX":2.669735,"holdTime":0.0,"speed":1.0,"floorPosition":38.111732},{"type":2,"time":3040,"positionX":2.336018,"holdTime":0.0,"speed":1.0,"floorPosition":38.21229},{"type":2,"time":3048,"positionX":2.036824,"holdTime":0.0,"speed":1.0,"floorPosition":38.31285},{"type":2,"time":3056,"positionX":1.691599,"holdTime":0.0,"speed":1.0,"floorPosition":38.41341},{"type":2,"time":3064,"positionX":1.449943,"holdTime":0.0,"speed":1.0,"floorPosition":38.513966},{"type":1,"time":3072,"positionX":-3.176064,"holdTime":0.0,"speed":1.0,"floorPosition":38.614525},{"type":1,"time":3120,"positionX":-3.176064,"holdTime":0.0,"speed":1.0,"floorPosition":39.21788},{"type":1,"time":3168,"positionX":3.164557,"holdTime":0.0,"speed":1.0,"floorPosition":39.82123},{"type":1,"time":3200,"positionX":-3.153049,"holdTime":0.0,"speed":1.0,"floorPosition":40.223465},{"type":1,"time":3248,"positionX":3.141541,"holdTime":0.0,"speed":1.0,"floorPosition":40.826817},{"type":2,"time":3264,"positionX":0.0,"holdTime":0.0,"speed":1.0,"floorPosition":41.027935},{"type":2,"time":3272,"positionX":0.0,"holdTime":0.0,"speed":1.0,"floorPosition":41.128494},{"type":2,"time":3280,"positionX":0.0,"holdTime":0.0,"speed":1.0,"floorPosition":41.229053},{"type":2,"time":3288,"positionX":0.0,"holdTime":0.0,"speed":1.0,"floorPosition":41.32961},{"type":2,"time":3296,"positionX":-0.01150703,"holdTime":0.0,"speed":1.0,"floorPosition":41.43017},{"type":2,"time":3304,"positionX":-0.02301502,"holdTime":0.0,"speed":1.0,"floorPosition":41.530727},{"type":2,"time":3312,"positionX":-0.02301502,"holdTime":0.0,"speed":1.0,"floorPosition":41.631287},{"type":2,"time":3320,"positionX":-0.03452206,"holdTime":0.0,"speed":1.0,"floorPosition":41.731846},{"type":1,"time":5675,"positionX":2.865362,"holdTime":0.0,"speed":1.0,"floorPosition":66.50699},{"type":1,"time":5739,"positionX":2.796317,"holdTime":0.0,"speed":1.0,"floorPosition":67.311455},{"type":1,"time":5803,"positionX":2.750288,"holdTime":0.0,"speed":1.0,"floorPosition":68.11593},{"type":1,"time":5888,"positionX":2.704258,"holdTime":0.0,"speed":1.0,"floorPosition":69.184364},{"type":1,"time":5904,"positionX":2.704258,"holdTime":0.0,"speed":1.0,"floorPosition":69.385475},{"type":2,"time":5912,"positionX":2.669735,"holdTime":0.0,"speed":1.0,"floorPosition":69.48604},{"type":1,"time":5952,"positionX":2.669735,"holdTime":0.0,"speed":1.0,"floorPosition":69.98883},{"type":1,"time":5968,"positionX":2.64672,"holdTime":0.0,"speed":1.0,"floorPosition":70.18995},{"type":2,"time":5976,"positionX":2.64672,"holdTime":0.0,"speed":1.0,"floorPosition":70.290504},{"type":1,"time":6016,"positionX":2.623705,"holdTime":0.0,"speed":1.0,"floorPosition":70.7933},{"type":1,"time":6032,"positionX":2.635212,"holdTime":0.0,"speed":1.0,"floorPosition":70.994415},{"type":2,"time":6040,"positionX":2.635212,"holdTime":0.0,"speed":1.0,"floorPosition":71.09497},{"type":1,"time":6080,"positionX":2.589183,"holdTime":0.0,"speed":1.0,"floorPosition":71.59777},{"type":1,"time":6096,"positionX":2.566168,"holdTime":0.0,"speed":1.0,"floorPosition":71.79888},{"type":2,"time":6104,"positionX":2.554661,"holdTime":0.0,"speed":1.0,"floorPosition":71.899445},{"type":1,"time":6144,"positionX":2.531645,"holdTime":0.0,"speed":1.0,"floorPosition":72.40224},{"type":1,"time":6160,"positionX":2.543153,"holdTime":0.0,"speed":1.0,"floorPosition":72.603355},{"type":2,"time":6168,"positionX":2.554661,"holdTime":0.0,"speed":1.0,"floorPosition":72.70391},{"type":1,"time":6208,"positionX":2.531645,"holdTime":0.0,"speed":1.0,"floorPosition":73.2067},{"type":1,"time":6224,"positionX":2.497122,"holdTime":0.0,"speed":1.0,"floorPosition":73.40782},{"type":2,"time":6232,"positionX":2.497122,"holdTime":0.0,"speed":1.0,"floorPosition":73.508385},{"type":1,"time":6464,"positionX":3.003452,"holdTime":0.0,"speed":1.0,"floorPosition":76.42458},{"type":3,"time":6592,"positionX":2.96893,"holdTime":64.0,"speed":1.2,"floorPosition":78.03352},{"type":1,"time":6976,"positionX":4.349828,"holdTime":0.0,"speed":1.0,"floorPosition":82.86034},{"type":1,"time":7120,"positionX":3.636364,"holdTime":0.0,"speed":1.0,"floorPosition":84.670395},{"type":1,"time":7136,"positionX":3.624856,"holdTime":0.0,"speed":1.0,"floorPosition":84.87151},{"type":1,"time":7152,"positionX":3.601841,"holdTime":0.0,"speed":1.0,"floorPosition":85.072624},{"type":1,"time":7168,"positionX":3.601841,"holdTime":0.0,"speed":1.0,"floorPosition":85.27374},{"type":3,"time":7392,"positionX":3.222095,"holdTime":32.0,"speed":1.2,"floorPosition":88.08939},{"type":3,"time":7936,"positionX":3.176064,"holdTime":176.0,"speed":1.2,"floorPosition":94.927376},{"type":1,"time":7936,"positionX":-1.783659,"holdTime":0.0,"speed":1.0,"floorPosition":94.927376},{"type":1,"time":7984,"positionX":-1.772152,"holdTime":0.0,"speed":1.0,"floorPosition":95.53072},{"type":1,"time":8032,"positionX":-1.760644,"holdTime":0.0,"speed":1.0,"floorPosition":96.13409},{"type":1,"time":8064,"positionX":-1.737629,"holdTime":0.0,"speed":1.0,"floorPosition":96.536316},{"type":1,"time":8112,"positionX":-4.050632,"holdTime":0.0,"speed":1.0,"floorPosition":97.13967},{"type":3,"time":8128,"positionX":3.130034,"holdTime":64.0,"speed":1.2,"floorPosition":97.34078},{"type":3,"time":8192,"positionX":-4.039125,"holdTime":176.0,"speed":1.2,"floorPosition":98.145256},{"type":1,"time":8240,"positionX":0.0,"holdTime":0.0,"speed":1.0,"floorPosition":98.748604},{"type":1,"time":8288,"positionX":-0.01150703,"holdTime":0.0,"speed":1.0,"floorPosition":99.35195},{"type":1,"time":8320,"positionX":-0.01150703,"holdTime":0.0,"speed":1.0,"floorPosition":99.75419},{"type":1,"time":8368,"positionX":1.956272,"holdTime":0.0,"speed":1.0,"floorPosition":100.35754},{"type":3,"time":8384,"positionX":-4.039125,"holdTime":64.0,"speed":1.2,"floorPosition":100.55866},{"type":3,"time":8448,"positionX":1.956272,"holdTime":176.0,"speed":1.2,"floorPosition":101.36314},{"type":1,"time":8496,"positionX":-2.669735,"holdTime":0.0,"speed":1.0,"floorPosition":101.966484},{"type":1,"time":8544,"positionX":-2.646721,"holdTime":0.0,"speed":1.0,"floorPosition":102.56983},{"type":1,"time":8576,"positionX":-2.646721,"holdTime":0.0,"speed":1.0,"floorPosition":102.97207},{"type":1,"time":8624,"positionX":-2.635213,"holdTime":0.0,"speed":1.0,"floorPosition":103.57542},{"type":3,"time":8640,"positionX":4.257767,"holdTime":64.0,"speed":1.2,"floorPosition":103.776535},{"type":3,"time":8704,"positionX":-4.085155,"holdTime":176.0,"speed":1.2,"floorPosition":104.58101},{"type":1,"time":8752,"positionX":3.659378,"holdTime":0.0,"speed":1.0,"floorPosition":105.184364},{"type":1,"time":8800,"positionX":1.772152,"holdTime":0.0,"speed":1.0,"floorPosition":105.78771},{"type":1,"time":8832,"positionX":0.0,"holdTime":0.0,"speed":1.0,"floorPosition":106.18995},{"type":1,"time":8880,"positionX":1.760645,"holdTime":0.0,"speed":1.0,"floorPosition":106.7933},{"type":3,"time":8896,"positionX":-1.749137,"holdTime":64.0,"speed":1.2,"floorPosition":106.994415},{"type":3,"time":8960,"positionX":2.416572,"holdTime":176.0,"speed":1.2,"floorPosition":107.79888},{"type":1,"time":9008,"positionX":-4.47641,"holdTime":0.0,"speed":1.0,"floorPosition":108.402245},{"type":1,"time":9056,"positionX":-3.24511,"holdTime":0.0,"speed":1.0,"floorPosition":109.00559},{"type":1,"time":9088,"positionX":-1.852704,"holdTime":0.0,"speed":1.0,"floorPosition":109.40783},{"type":1,"time":9136,"positionX":-1.829689,"holdTime":0.0,"speed":1.0,"floorPosition":110.01118},{"type":2,"time":9152,"positionX":-1.783659,"holdTime":0.0,"speed":1.0,"floorPosition":110.212296},{"type":2,"time":9160,"positionX":-0.863061,"holdTime":0.0,"speed":1.0,"floorPosition":110.31285},{"type":2,"time":9168,"positionX":0.06904507,"holdTime":0.0,"speed":1.0,"floorPosition":110.413414},{"type":2,"time":9176,"positionX":1.024166,"holdTime":0.0,"speed":1.0,"floorPosition":110.51397},{"type":2,"time":9184,"positionX":1.921749,"holdTime":0.0,"speed":1.0,"floorPosition":110.614525},{"type":2,"time":9192,"positionX":2.336018,"holdTime":0.0,"speed":1.0,"floorPosition":110.71509},{"type":2,"time":9200,"positionX":2.324511,"holdTime":0.0,"speed":1.0,"floorPosition":110.81564},{"type":2,"time":9208,"positionX":1.898735,"holdTime":0.0,"speed":1.0,"floorPosition":110.91621},{"type":3,"time":9216,"positionX":-3.935557,"holdTime":176.0,"speed":1.2,"floorPosition":111.01676},{"type":1,"time":9264,"positionX":0.01150703,"holdTime":0.0,"speed":1.0,"floorPosition":111.62011},{"type":1,"time":9312,"positionX":4.154201,"holdTime":0.0,"speed":1.0,"floorPosition":112.22347},{"type":1,"time":9344,"positionX":1.944765,"holdTime":0.0,"speed":1.0,"floorPosition":112.6257},{"type":1,"time":9392,"positionX":0.01150703,"holdTime":0.0,"speed":1.0,"floorPosition":113.22906},{"type":2,"time":9408,"positionX":0.0,"holdTime":0.0,"speed":1.0,"floorPosition":113.430176}],"notesBelow":[{"type":1,"time":3328,"positionX":-4.211739,"holdTime":0.0,"speed":1.0,"floorPosition":41.832405},{"type":1,"time":3360,"positionX":-2.128883,"holdTime":0.0,"speed":1.0,"floorPosition":42.1676},{"type":1,"time":3392,"positionX":-0.02301598,"holdTime":0.0,"speed":1.0,"floorPosition":42.502796},{"type":1,"time":3424,"positionX":2.105869,"holdTime":0.0,"speed":1.0,"floorPosition":42.83799},{"type":1,"time":3456,"positionX":4.223244,"holdTime":0.0,"speed":1.0,"floorPosition":43.173187},{"type":1,"time":3488,"positionX":2.048332,"holdTime":0.0,"speed":1.0,"floorPosition":43.50838},{"type":2,"time":3504,"positionX":-3.912544,"holdTime":0.0,"speed":1.0,"floorPosition":43.67598},{"type":2,"time":3520,"positionX":-2.589184,"holdTime":0.0,"speed":1.0,"floorPosition":43.84358},{"type":2,"time":3536,"positionX":-1.254314,"holdTime":0.0,"speed":1.0,"floorPosition":44.011173},{"type":2,"time":3552,"positionX":-2.612198,"holdTime":0.0,"speed":1.0,"floorPosition":44.178772},{"type":2,"time":3568,"positionX":-3.912544,"holdTime":0.0,"speed":1.0,"floorPosition":44.34637},{"type":1,"time":3584,"positionX":3.417721,"holdTime":0.0,"speed":1.0,"floorPosition":44.513966},{"type":2,"time":3600,"positionX":3.417721,"holdTime":0.0,"speed":1.0,"floorPosition":44.681564},{"type":2,"time":3608,"positionX":2.911392,"holdTime":0.0,"speed":1.0,"floorPosition":44.765366},{"type":2,"time":3616,"positionX":2.370541,"holdTime":0.0,"speed":1.0,"floorPosition":44.849163},{"type":2,"time":3624,"positionX":1.852705,"holdTime":0.0,"speed":1.0,"floorPosition":44.93296},{"type":2,"time":3632,"positionX":1.162256,"holdTime":0.0,"speed":1.0,"floorPosition":45.01676},{"type":2,"time":3648,"positionX":-4.303799,"holdTime":0.0,"speed":1.0,"floorPosition":45.184357},{"type":2,"time":3656,"positionX":-3.682396,"holdTime":0.0,"speed":1.0,"floorPosition":45.268158},{"type":2,"time":3664,"positionX":-3.164558,"holdTime":0.0,"speed":1.0,"floorPosition":45.351955},{"type":2,"time":3672,"positionX":-2.589184,"holdTime":0.0,"speed":1.0,"floorPosition":45.435757},{"type":2,"time":3680,"positionX":-1.841198,"holdTime":0.0,"speed":1.0,"floorPosition":45.519554},{"type":1,"time":3680,"positionX":2.796318,"holdTime":0.0,"speed":1.0,"floorPosition":45.519554},{"type":3,"time":3696,"positionX":2.784809,"holdTime":16.0,"speed":1.0,"floorPosition":45.687153},{"type":1,"time":3712,"positionX":-3.153049,"holdTime":0.0,"speed":1.0,"floorPosition":45.854748},{"type":1,"time":3728,"positionX":2.773302,"holdTime":0.0,"speed":1.0,"floorPosition":46.022346},{"type":1,"time":3744,"positionX":-3.130035,"holdTime":0.0,"speed":1.0,"floorPosition":46.189945},{"type":1,"time":3760,"positionX":2.738781,"holdTime":0.0,"speed":1.0,"floorPosition":46.357544},{"type":1,"time":3776,"positionX":-3.141541,"holdTime":0.0,"speed":1.0,"floorPosition":46.52514},{"type":2,"time":3792,"positionX":-3.141541,"holdTime":0.0,"speed":1.0,"floorPosition":46.692738},{"type":1,"time":3808,"positionX":2.692751,"holdTime":0.0,"speed":1.0,"floorPosition":46.860336},{"type":2,"time":3824,"positionX":2.704258,"holdTime":0.0,"speed":1.0,"floorPosition":47.027935},{"type":1,"time":3840,"positionX":-3.52129,"holdTime":0.0,"speed":1.0,"floorPosition":47.19553},{"type":1,"time":3872,"positionX":-3.509781,"holdTime":0.0,"speed":1.0,"floorPosition":47.530727},{"type":1,"time":3904,"positionX":-0.02301598,"holdTime":0.0,"speed":1.0,"floorPosition":47.86592},{"type":1,"time":3936,"positionX":0.0,"holdTime":0.0,"speed":1.0,"floorPosition":48.20112},{"type":1,"time":3968,"positionX":3.452244,"holdTime":0.0,"speed":1.0,"floorPosition":48.536312},{"type":2,"time":3984,"positionX":3.417721,"holdTime":0.0,"speed":1.0,"floorPosition":48.70391},{"type":2,"time":4016,"positionX":0.01150703,"holdTime":0.0,"speed":1.0,"floorPosition":49.03911},{"type":2,"time":4032,"positionX":0.01150703,"holdTime":0.0,"speed":1.0,"floorPosition":49.206703},{"type":2,"time":4064,"positionX":-0.01150703,"holdTime":0.0,"speed":1.0,"floorPosition":49.5419},{"type":2,"time":4080,"positionX":0.0,"holdTime":0.0,"speed":1.0,"floorPosition":49.7095},{"type":2,"time":4112,"positionX":0.0,"holdTime":0.0,"speed":1.0,"floorPosition":50.044693},{"type":2,"time":4128,"positionX":-0.01150703,"holdTime":0.0,"speed":1.0,"floorPosition":50.21229},{"type":2,"time":4160,"positionX":0.0,"holdTime":0.0,"speed":1.0,"floorPosition":50.547485},{"type":2,"time":4176,"positionX":0.0,"holdTime":0.0,"speed":1.0,"floorPosition":50.715084},{"type":2,"time":4208,"positionX":0.0,"holdTime":0.0,"speed":1.0,"floorPosition":51.05028},{"type":2,"time":4224,"positionX":-0.02301598,"holdTime":0.0,"speed":1.0,"floorPosition":51.217876},{"type":2,"time":4256,"positionX":-0.01150703,"holdTime":0.0,"speed":1.0,"floorPosition":51.553074},{"type":2,"time":4272,"positionX":-0.01150703,"holdTime":0.0,"speed":1.0,"floorPosition":51.720673},{"type":2,"time":4304,"positionX":-0.02301598,"holdTime":0.0,"speed":1.0,"floorPosition":52.055866},{"type":2,"time":4320,"positionX":0.0,"holdTime":0.0,"speed":1.0,"floorPosition":52.223465},{"type":1,"time":4352,"positionX":3.555811,"holdTime":0.0,"speed":1.0,"floorPosition":52.55866},{"type":1,"time":4384,"positionX":-3.61335,"holdTime":0.0,"speed":1.0,"floorPosition":52.893856},{"type":1,"time":4416,"positionX":1.657078,"holdTime":0.0,"speed":1.0,"floorPosition":53.22905},{"type":1,"time":4448,"positionX":-3.636364,"holdTime":0.0,"speed":1.0,"floorPosition":53.564247},{"type":1,"time":4480,"positionX":-0.01150703,"holdTime":0.0,"speed":1.0,"floorPosition":53.89944},{"type":1,"time":4512,"positionX":-3.682396,"holdTime":0.0,"speed":1.0,"floorPosition":54.23464},{"type":2,"time":4528,"positionX":3.878021,"holdTime":0.0,"speed":1.0,"floorPosition":54.402237},{"type":2,"time":4544,"positionX":1.933256,"holdTime":0.0,"speed":1.0,"floorPosition":54.56983},{"type":2,"time":4560,"positionX":2.911392,"holdTime":0.0,"speed":1.0,"floorPosition":54.73743},{"type":2,"time":4576,"positionX":0.9896431,"holdTime":0.0,"speed":1.0,"floorPosition":54.90503},{"type":2,"time":4592,"positionX":1.864212,"holdTime":0.0,"speed":1.0,"floorPosition":55.072628},{"type":1,"time":4608,"positionX":-3.762947,"holdTime":0.0,"speed":1.0,"floorPosition":55.240223},{"type":2,"time":4624,"positionX":-3.774452,"holdTime":0.0,"speed":1.0,"floorPosition":55.40782},{"type":2,"time":4632,"positionX":-3.256615,"holdTime":0.0,"speed":1.0,"floorPosition":55.491623},{"type":2,"time":4640,"positionX":-2.56617,"holdTime":0.0,"speed":1.0,"floorPosition":55.57542},{"type":2,"time":4648,"positionX":-1.967779,"holdTime":0.0,"speed":1.0,"floorPosition":55.659218},{"type":2,"time":4656,"positionX":-1.196777,"holdTime":0.0,"speed":1.0,"floorPosition":55.74302},{"type":2,"time":4672,"positionX":2.278482,"holdTime":0.0,"speed":1.0,"floorPosition":55.910614},{"type":2,"time":4680,"positionX":2.738781,"holdTime":0.0,"speed":1.0,"floorPosition":55.994415},{"type":2,"time":4688,"positionX":3.279631,"holdTime":0.0,"speed":1.0,"floorPosition":56.078213},{"type":2,"time":4696,"positionX":2.715765,"holdTime":0.0,"speed":1.0,"floorPosition":56.162014},{"type":2,"time":4704,"positionX":2.220943,"holdTime":0.0,"speed":1.0,"floorPosition":56.24581},{"type":1,"time":4704,"positionX":-2.911392,"holdTime":0.0,"speed":1.0,"floorPosition":56.24581},{"type":1,"time":4736,"positionX":3.417721,"holdTime":0.0,"speed":1.0,"floorPosition":56.581005},{"type":1,"time":4768,"positionX":-2.957424,"holdTime":0.0,"speed":1.0,"floorPosition":56.916203},{"type":1,"time":4800,"positionX":3.394707,"holdTime":0.0,"speed":1.0,"floorPosition":57.251396},{"type":2,"time":4816,"positionX":3.371693,"holdTime":0.0,"speed":1.0,"floorPosition":57.418995},{"type":1,"time":4832,"positionX":-3.003452,"holdTime":0.0,"speed":1.0,"floorPosition":57.586594},{"type":2,"time":4848,"positionX":-2.980438,"holdTime":0.0,"speed":1.0,"floorPosition":57.754192},{"type":1,"time":4864,"positionX":3.371693,"holdTime":0.0,"speed":1.0,"floorPosition":57.921787},{"type":1,"time":4896,"positionX":0.81703,"holdTime":0.0,"speed":1.0,"floorPosition":58.256985},{"type":1,"time":4928,"positionX":-1.657078,"holdTime":0.0,"speed":1.0,"floorPosition":58.59218},{"type":1,"time":4960,"positionX":-4.119678,"holdTime":0.0,"speed":1.0,"floorPosition":58.927376},{"type":1,"time":4992,"positionX":-1.622555,"holdTime":0.0,"speed":1.0,"floorPosition":59.26257},{"type":2,"time":5008,"positionX":-1.622555,"holdTime":0.0,"speed":1.0,"floorPosition":59.43017},{"type":2,"time":5040,"positionX":0.01150703,"holdTime":0.0,"speed":1.0,"floorPosition":59.765366},{"type":2,"time":5056,"positionX":1.13924,"holdTime":0.0,"speed":1.0,"floorPosition":59.93296},{"type":2,"time":5088,"positionX":0.0,"holdTime":0.0,"speed":1.0,"floorPosition":60.268158},{"type":2,"time":5104,"positionX":-1.150747,"holdTime":0.0,"speed":1.0,"floorPosition":60.435757},{"type":2,"time":5136,"positionX":-0.03452301,"holdTime":0.0,"speed":1.0,"floorPosition":60.77095},{"type":2,"time":5152,"positionX":1.127733,"holdTime":0.0,"speed":1.0,"floorPosition":60.93855},{"type":2,"time":5184,"positionX":-0.03452301,"holdTime":0.0,"speed":1.0,"floorPosition":61.273743},{"type":2,"time":5200,"positionX":-1.150747,"holdTime":0.0,"speed":1.0,"floorPosition":61.44134},{"type":2,"time":5232,"positionX":-0.03452301,"holdTime":0.0,"speed":1.0,"floorPosition":61.77654},{"type":2,"time":5248,"positionX":1.150749,"holdTime":0.0,"speed":1.0,"floorPosition":61.944134},{"type":2,"time":5280,"positionX":-0.02301598,"holdTime":0.0,"speed":1.0,"floorPosition":62.27933},{"type":2,"time":5296,"positionX":-1.150747,"holdTime":0.0,"speed":1.0,"floorPosition":62.44693},{"type":1,"time":6528,"positionX":-3.199081,"holdTime":0.0,"speed":1.0,"floorPosition":77.22905},{"type":1,"time":6880,"positionX":-3.164558,"holdTime":0.0,"speed":1.0,"floorPosition":81.65363},{"type":1,"time":6912,"positionX":-3.164558,"holdTime":0.0,"speed":1.0,"floorPosition":82.05587},{"type":1,"time":7232,"positionX":-4.326813,"holdTime":0.0,"speed":1.0,"floorPosition":86.07822},{"type":1,"time":7360,"positionX":-4.326813,"holdTime":0.0,"speed":1.0,"floorPosition":87.68716}],"speedEvents":[{"startTime":-9546.0,"endTime":0.0,"value":1.0},{"startTime":0.0,"endTime":3328.0,"value":1.2},{"startTime":3328.0,"endTime":5632.0,"value":1.0},{"startTime":5632.0,"endTime":6400.0,"value":1.2},{"startTime":6400.0,"endTime":8248320.0,"value":1.2}],"judgeLineMoveEvents":[{"startTime":-9546.0,"endTime":1280.0,"start":440260.0,"end":440260.0},{"startTime":1280.0,"endTime":1536.0,"start":440260.0,"end":440130.0},{"startTime":1536.0,"endTime":2048.0,"start":440130.0,"end":440130.0},{"startTime":2048.0,"endTime":2304.0,"start":440130.0,"end":440260.0},{"startTime":2304.0,"endTime":3328.0,"start":440260.0,"end":440260.0},{"startTime":3328.0,"endTime":3840.0,"start":440260.0,"end":440416.0},{"startTime":3840.0,"endTime":4352.0,"start":440416.0,"end":440416.0},{"startTime":4352.0,"endTime":4864.0,"start":440416.0,"end":440312.0},{"startTime":4864.0,"endTime":5312.0,"start":440312.0,"end":440312.0},{"startTime":5312.0,"endTime":5344.0,"start":440312.0,"end":440104.0},{"startTime":5344.0,"endTime":6368.0,"start":440104.0,"end":440104.0},{"startTime":6368.0,"endTime":7424.0,"start":440260.0,"end":440260.0},{"startTime":7424.0,"endTime":7680.0,"start":440260.0,"end":440130.0},{"startTime":7680.0,"endTime":12608.0,"start":440130.0,"end":440130.0},{"startTime":12608.0,"endTime":8248320.0,"start":440260.0,"end":440260.0}],"judgeLineRotateEvents":[{"startTime":-9546.0,"endTime":256.0,"start":0.0,"end":0.0},{"startTime":256.0,"endTime":512.0,"start":0.0,"end":15.0},{"startTime":512.0,"endTime":1024.0,"start":15.0,"end":-15.0},{"startTime":1024.0,"endTime":1280.0,"start":-14.0,"end":0.0},{"startTime":1280.0,"endTime":1984.0,"start":0.0,"end":0.0},{"startTime":1984.0,"endTime":1992.0,"start":0.0,"end":5.0},{"startTime":1992.0,"endTime":2000.0,"start":5.0,"end":0.0},{"startTime":2000.0,"endTime":2008.0,"start":0.0,"end":5.0},{"startTime":2008.0,"endTime":2016.0,"start":5.0,"end":0.0},{"startTime":2016.0,"endTime":2024.0,"start":0.0,"end":5.0},{"startTime":2024.0,"endTime":2032.0,"start":5.0,"end":0.0},{"startTime":2032.0,"endTime":2040.0,"start":0.0,"end":5.0},{"startTime":2040.0,"endTime":2048.0,"start":5.0,"end":0.0},{"startTime":2048.0,"endTime":2240.0,"start":0.0,"end":0.0},{"startTime":2240.0,"endTime":2248.0,"start":0.0,"end":-5.0},{"startTime":2248.0,"endTime":2256.0,"start":-4.0,"end":0.0},{"startTime":2256.0,"endTime":2264.0,"start":0.0,"end":-5.0},{"startTime":2264.0,"endTime":2272.0,"start":-4.0,"end":0.0},{"startTime":2272.0,"endTime":2280.0,"start":0.0,"end":-5.0},{"startTime":2280.0,"endTime":2288.0,"start":-4.0,"end":0.0},{"startTime":2288.0,"endTime":2296.0,"start":0.0,"end":-5.0},{"startTime":2296.0,"endTime":2304.0,"start":-4.0,"end":0.0},{"startTime":2304.0,"endTime":2816.0,"start":0.0,"end":30.0},{"startTime":2816.0,"endTime":3328.0,"start":30.0,"end":0.0},{"startTime":3328.0,"endTime":3504.0,"start":0.0,"end":0.0},{"startTime":3504.0,"endTime":3520.0,"start":0.0,"end":3.0},{"startTime":3520.0,"endTime":3536.0,"start":3.0,"end":0.0},{"startTime":3536.0,"endTime":3552.0,"start":0.0,"end":3.0},{"startTime":3552.0,"endTime":3568.0,"start":3.0,"end":0.0},{"startTime":3568.0,"endTime":3584.0,"start":0.0,"end":3.0},{"startTime":3584.0,"endTime":3600.0,"start":3.0,"end":0.0},{"startTime":3600.0,"endTime":3968.0,"start":0.0,"end":0.0},{"startTime":3968.0,"endTime":3984.0,"start":0.0,"end":-5.0},{"startTime":3984.0,"endTime":4000.0,"start":-4.0,"end":0.0},{"startTime":4000.0,"endTime":4016.0,"start":0.0,"end":0.0},{"startTime":4016.0,"endTime":4032.0,"start":0.0,"end":10.0},{"startTime":4032.0,"endTime":4048.0,"start":10.0,"end":0.0},{"startTime":4048.0,"endTime":4064.0,"start":0.0,"end":0.0},{"startTime":4064.0,"endTime":4080.0,"start":0.0,"end":-10.0},{"startTime":4080.0,"endTime":4096.0,"start":-9.0,"end":0.0},{"startTime":4096.0,"endTime":4112.0,"start":0.0,"end":0.0},{"startTime":4112.0,"endTime":4128.0,"start":0.0,"end":10.0},{"startTime":4128.0,"endTime":4144.0,"start":10.0,"end":0.0},{"startTime":4144.0,"endTime":4160.0,"start":0.0,"end":0.0},{"startTime":4160.0,"endTime":4176.0,"start":0.0,"end":-10.0},{"startTime":4176.0,"endTime":4192.0,"start":-9.0,"end":0.0},{"startTime":4192.0,"endTime":4208.0,"start":0.0,"end":0.0},{"startTime":4208.0,"endTime":4224.0,"start":0.0,"end":10.0},{"startTime":4224.0,"endTime":4240.0,"start":10.0,"end":0.0},{"startTime":4240.0,"endTime":4256.0,"start":0.0,"end":0.0},{"startTime":4256.0,"endTime":4272.0,"start":0.0,"end":-10.0},{"startTime":4272.0,"endTime":4288.0,"start":-9.0,"end":0.0},{"startTime":4288.0,"endTime":4304.0,"start":0.0,"end":0.0},{"startTime":4304.0,"endTime":4320.0,"start":0.0,"end":10.0},{"startTime":4320.0,"endTime":4336.0,"start":10.0,"end":0.0},{"startTime":4336.0,"endTime":4992.0,"start":0.0,"end":0.0},{"startTime":4992.0,"endTime":5008.0,"start":0.0,"end":-5.0},{"startTime":5008.0,"endTime":5024.0,"start":-4.0,"end":0.0},{"startTime":5024.0,"endTime":5040.0,"start":0.0,"end":0.0},{"startTime":5040.0,"endTime":5056.0,"start":0.0,"end":15.0},{"startTime":5056.0,"endTime":5072.0,"start":15.0,"end":0.0},{"startTime":5072.0,"endTime":5088.0,"start":0.0,"end":0.0},{"startTime":5088.0,"endTime":5104.0,"start":0.0,"end":-15.0},{"startTime":5104.0,"endTime":5120.0,"start":-14.0,"end":0.0},{"startTime":5120.0,"endTime":5136.0,"start":0.0,"end":0.0},{"startTime":5136.0,"endTime":5152.0,"start":0.0,"end":15.0},{"startTime":5152.0,"endTime":5168.0,"start":15.0,"end":0.0},{"startTime":5168.0,"endTime":5184.0,"start":0.0,"end":0.0},{"startTime":5184.0,"endTime":5200.0,"start":0.0,"end":-15.0},{"startTime":5200.0,"endTime":5216.0,"start":-14.0,"end":0.0},{"startTime":5216.0,"endTime":5232.0,"start":0.0,"end":0.0},{"startTime":5232.0,"endTime":5248.0,"start":0.0,"end":20.0},{"startTime":5248.0,"endTime":5264.0,"start":20.0,"end":0.0},{"startTime":5264.0,"endTime":5280.0,"start":0.0,"end":0.0},{"startTime":5280.0,"endTime":5296.0,"start":0.0,"end":-25.0},{"startTime":5296.0,"endTime":5312.0,"start":-24.0,"end":0.0},{"startTime":5312.0,"endTime":5344.0,"start":0.0,"end":-345.0},{"startTime":5344.0,"endTime":6368.0,"start":-349.0,"end":-350.0},{"startTime":6368.0,"endTime":7424.0,"start":-349.0,"end":-350.0},{"startTime":7424.0,"endTime":7904.0,"start":0.0,"end":360.0},{"startTime":7904.0,"endTime":8248320.0,"start":0.0,"end":0.0}],"judgeLineDisappearEvents":[{"startTime":-9546.0,"endTime":4.0,"start":1.0,"end":1.0},{"startTime":4.0,"endTime":8.0,"start":0.0,"end":0.0},{"startTime":8.0,"endTime":12.0,"start":1.0,"end":1.0},{"startTime":12.0,"endTime":16.0,"start":0.0,"end":0.0},{"startTime":16.0,"endTime":20.0,"start":1.0,"end":1.0},{"startTime":20.0,"endTime":24.0,"start":0.0,"end":0.0},{"startTime":24.0,"endTime":28.0,"start":1.0,"end":1.0},{"startTime":28.0,"endTime":32.0,"start":0.0,"end":0.0},{"startTime":32.0,"endTime":36.0,"start":1.0,"end":1.0},{"startTime":36.0,"endTime":40.0,"start":0.0,"end":0.0},{"startTime":40.0,"endTime":44.0,"start":1.0,"end":1.0},{"startTime":44.0,"endTime":48.0,"start":0.0,"end":0.0},{"startTime":48.0,"endTime":52.0,"start":1.0,"end":1.0},{"startTime":52.0,"endTime":56.0,"start":0.0,"end":0.0},{"startTime":56.0,"endTime":60.0,"start":1.0,"end":1.0},{"startTime":60.0,"endTime":64.0,"start":0.0,"end":0.0},{"startTime":64.0,"endTime":72.0,"start":1.0,"end":1.0},{"startTime":72.0,"endTime":80.0,"start":0.0,"end":0.0},{"startTime":80.0,"endTime":88.0,"start":1.0,"end":1.0},{"startTime":88.0,"endTime":96.0,"start":0.0,"end":0.0},{"startTime":96.0,"endTime":104.0,"start":1.0,"end":1.0},{"startTime":104.0,"endTime":112.0,"start":0.0,"end":0.0},{"startTime":112.0,"endTime":120.0,"start":1.0,"end":1.0},{"startTime":120.0,"endTime":128.0,"start":0.0,"end":0.0},{"startTime":128.0,"endTime":144.0,"start":1.0,"end":1.0},{"startTime":144.0,"endTime":160.0,"start":0.0,"end":0.0},{"startTime":160.0,"endTime":440.0,"start":1.0,"end":1.0},{"startTime":440.0,"endTime":448.0,"start":0.0,"end":0.0},{"startTime":448.0,"endTime":456.0,"start":1.0,"end":1.0},{"startTime":456.0,"endTime":464.0,"start":0.0,"end":0.0},{"startTime":464.0,"endTime":472.0,"start":1.0,"end":1.0},{"startTime":472.0,"endTime":480.0,"start":0.0,"end":0.0},{"startTime":480.0,"endTime":488.0,"start":1.0,"end":1.0},{"startTime":488.0,"endTime":496.0,"start":0.0,"end":0.0},{"startTime":496.0,"endTime":504.0,"start":1.0,"end":1.0},{"startTime":504.0,"endTime":512.0,"start":0.0,"end":0.0},{"startTime":512.0,"endTime":696.0,"start":1.0,"end":1.0},{"startTime":696.0,"endTime":704.0,"start":0.0,"end":0.0},{"startTime":704.0,"endTime":712.0,"start":1.0,"end":1.0},{"startTime":712.0,"endTime":720.0,"start":0.0,"end":0.0},{"startTime":720.0,"endTime":728.0,"start":1.0,"end":1.0},{"startTime":728.0,"endTime":736.0,"start":0.0,"end":0.0},{"startTime":736.0,"endTime":744.0,"start":1.0,"end":1.0},{"startTime":744.0,"endTime":752.0,"start":0.0,"end":0.0},{"startTime":752.0,"endTime":760.0,"start":1.0,"end":1.0},{"startTime":760.0,"endTime":768.0,"start":0.0,"end":0.0},{"startTime":768.0,"endTime":944.0,"start":1.0,"end":1.0},{"startTime":944.0,"endTime":952.0,"start":0.0,"end":0.0},{"startTime":952.0,"endTime":960.0,"start":1.0,"end":1.0},{"startTime":960.0,"endTime":968.0,"start":0.0,"end":0.0},{"startTime":968.0,"endTime":976.0,"start":1.0,"end":1.0},{"startTime":976.0,"endTime":984.0,"start":0.0,"end":0.0},{"startTime":984.0,"endTime":992.0,"start":1.0,"end":1.0},{"startTime":992.0,"endTime":1000.0,"start":0.0,"end":0.0},{"startTime":1000.0,"endTime":1008.0,"start":1.0,"end":1.0},{"startTime":1008.0,"endTime":1016.0,"start":0.0,"end":0.0},{"startTime":1016.0,"endTime":1200.0,"start":1.0,"end":1.0},{"startTime":1200.0,"endTime":1208.0,"start":0.0,"end":0.0},{"startTime":1208.0,"endTime":1216.0,"start":1.0,"end":1.0},{"startTime":1216.0,"endTime":1224.0,"start":0.0,"end":0.0},{"startTime":1224.0,"endTime":1232.0,"start":1.0,"end":1.0},{"startTime":1232.0,"endTime":1240.0,"start":0.0,"end":0.0},{"startTime":1240.0,"endTime":1248.0,"start":1.0,"end":1.0},{"startTime":1248.0,"endTime":1256.0,"start":0.0,"end":0.0},{"startTime":1256.0,"endTime":1264.0,"start":1.0,"end":1.0},{"startTime":1264.0,"endTime":1272.0,"start":0.0,"end":0.0},{"startTime":1272.0,"endTime":1476.0,"start":1.0,"end":1.0},{"startTime":1476.0,"endTime":1480.0,"start":0.0,"end":0.0},{"startTime":1480.0,"endTime":1484.0,"start":1.0,"end":1.0},{"startTime":1484.0,"endTime":1488.0,"start":0.0,"end":0.0},{"startTime":1488.0,"endTime":1492.0,"start":1.0,"end":1.0},{"startTime":1492.0,"endTime":1496.0,"start":0.0,"end":0.0},{"startTime":1496.0,"endTime":1500.0,"start":1.0,"end":1.0},{"startTime":1500.0,"endTime":1504.0,"start":0.0,"end":0.0},{"startTime":1504.0,"endTime":1508.0,"start":1.0,"end":1.0},{"startTime":1508.0,"endTime":1512.0,"start":0.0,"end":0.0},{"startTime":1512.0,"endTime":1516.0,"start":1.0,"end":1.0},{"startTime":1516.0,"endTime":1520.0,"start":0.0,"end":0.0},{"startTime":1520.0,"endTime":1524.0,"start":1.0,"end":1.0},{"startTime":1524.0,"endTime":1528.0,"start":0.0,"end":0.0},{"startTime":1528.0,"endTime":1532.0,"start":1.0,"end":1.0},{"startTime":1532.0,"endTime":1536.0,"start":0.0,"end":0.0},{"startTime":1536.0,"endTime":1732.0,"start":1.0,"end":1.0},{"startTime":1732.0,"endTime":1736.0,"start":0.0,"end":0.0},{"startTime":1736.0,"endTime":1740.0,"start":1.0,"end":1.0},{"startTime":1740.0,"endTime":1744.0,"start":0.0,"end":0.0},{"startTime":1744.0,"endTime":1748.0,"start":1.0,"end":1.0},{"startTime":1748.0,"endTime":1752.0,"start":0.0,"end":0.0},{"startTime":1752.0,"endTime":1756.0,"start":1.0,"end":1.0},{"startTime":1756.0,"endTime":1760.0,"start":0.0,"end":0.0},{"startTime":1760.0,"endTime":1764.0,"start":1.0,"end":1.0},{"startTime":1764.0,"endTime":1768.0,"start":0.0,"end":0.0},{"startTime":1768.0,"endTime":1772.0,"start":1.0,"end":1.0},{"startTime":1772.0,"endTime":1776.0,"start":0.0,"end":0.0},{"startTime":1776.0,"endTime":1780.0,"start":1.0,"end":1.0},{"startTime":1780.0,"endTime":1784.0,"start":0.0,"end":0.0},{"startTime":1784.0,"endTime":1788.0,"start":1.0,"end":1.0},{"startTime":1788.0,"endTime":1792.0,"start":0.0,"end":0.0},{"startTime":1792.0,"endTime":5419.0,"start":1.0,"end":1.0},{"startTime":5419.0,"endTime":5440.0,"start":0.0,"end":0.0},{"startTime":5440.0,"endTime":5483.0,"start":1.0,"end":1.0},{"startTime":5483.0,"endTime":5504.0,"start":0.0,"end":0.0},{"startTime":5504.0,"endTime":5547.0,"start":1.0,"end":1.0},{"startTime":5547.0,"endTime":5568.0,"start":0.0,"end":0.0},{"startTime":5568.0,"endTime":5832.0,"start":1.0,"end":1.0},{"startTime":5832.0,"endTime":5840.0,"start":0.0,"end":0.0},{"startTime":5840.0,"endTime":5848.0,"start":1.0,"end":1.0},{"startTime":5848.0,"endTime":5856.0,"start":0.0,"end":0.0},{"startTime":5856.0,"endTime":5864.0,"start":1.0,"end":1.0},{"startTime":5864.0,"endTime":5872.0,"start":0.0,"end":0.0},{"startTime":5872.0,"endTime":5880.0,"start":1.0,"end":1.0},{"startTime":5880.0,"endTime":5888.0,"start":0.0,"end":0.0},{"startTime":5888.0,"endTime":6272.0,"start":1.0,"end":1.0},{"startTime":6272.0,"endTime":6280.0,"start":0.0,"end":0.0},{"startTime":6280.0,"endTime":6288.0,"start":1.0,"end":1.0},{"startTime":6288.0,"endTime":6296.0,"start":0.0,"end":0.0},{"startTime":6296.0,"endTime":6304.0,"start":1.0,"end":1.0},{"startTime":6304.0,"endTime":6312.0,"start":0.0,"end":0.0},{"startTime":6312.0,"endTime":6320.0,"start":1.0,"end":1.0},{"startTime":6320.0,"endTime":6328.0,"start":0.0,"end":0.0},{"startTime":6328.0,"endTime":6336.0,"start":1.0,"end":1.0},{"startTime":6336.0,"endTime":6344.0,"start":0.0,"end":0.0},{"startTime":6344.0,"endTime":6352.0,"start":1.0,"end":1.0},{"startTime":6352.0,"endTime":6360.0,"start":0.0,"end":0.0},{"startTime":6360.0,"endTime":6856.0,"start":1.0,"end":1.0},{"startTime":6856.0,"endTime":6864.0,"start":0.0,"end":0.0},{"startTime":6864.0,"endTime":6872.0,"start":1.0,"end":1.0},{"startTime":6872.0,"endTime":6880.0,"start":0.0,"end":0.0},{"startTime":6880.0,"endTime":6888.0,"start":1.0,"end":1.0},{"startTime":6888.0,"endTime":6896.0,"start":0.0,"end":0.0},{"startTime":6896.0,"endTime":6904.0,"start":1.0,"end":1.0},{"startTime":6904.0,"endTime":6912.0,"start":0.0,"end":0.0},{"startTime":6912.0,"endTime":7112.0,"start":1.0,"end":1.0},{"startTime":7112.0,"endTime":7120.0,"start":0.0,"end":0.0},{"startTime":7120.0,"endTime":7128.0,"start":1.0,"end":1.0},{"startTime":7128.0,"endTime":7136.0,"start":0.0,"end":0.0},{"startTime":7136.0,"endTime":7144.0,"start":1.0,"end":1.0},{"startTime":7144.0,"endTime":7152.0,"start":0.0,"end":0.0},{"startTime":7152.0,"endTime":7160.0,"start":1.0,"end":1.0},{"startTime":7160.0,"endTime":7168.0,"start":0.0,"end":0.0},{"startTime":7168.0,"endTime":7392.0,"start":1.0,"end":1.0},{"startTime":7392.0,"endTime":7396.0,"start":0.0,"end":0.0},{"startTime":7396.0,"endTime":7400.0,"start":1.0,"end":1.0},{"startTime":7400.0,"endTime":7404.0,"start":0.0,"end":0.0},{"startTime":7404.0,"endTime":7408.0,"start":1.0,"end":1.0},{"startTime":7408.0,"endTime":7412.0,"start":0.0,"end":0.0},{"startTime":7412.0,"endTime":7416.0,"start":1.0,"end":1.0},{"startTime":7416.0,"endTime":7420.0,"start":0.0,"end":0.0},{"startTime":7420.0,"endTime":8132.0,"start":1.0,"end":1.0},{"startTime":8132.0,"endTime":8136.0,"start":0.0,"end":0.0},{"startTime":8136.0,"endTime":8140.0,"start":1.0,"end":1.0},{"startTime":8140.0,"endTime":8144.0,"start":0.0,"end":0.0},{"startTime":8144.0,"endTime":8148.0,"start":1.0,"end":1.0},{"startTime":8148.0,"endTime":8152.0,"start":0.0,"end":0.0},{"startTime":8152.0,"endTime":8156.0,"start":1.0,"end":1.0},{"startTime":8156.0,"endTime":8160.0,"start":0.0,"end":0.0},{"startTime":8160.0,"endTime":8164.0,"start":1.0,"end":1.0},{"startTime":8164.0,"endTime":8168.0,"start":0.0,"end":0.0},{"startTime":8168.0,"endTime":8172.0,"start":1.0,"end":1.0},{"startTime":8172.0,"endTime":8176.0,"start":0.0,"end":0.0},{"startTime":8176.0,"endTime":8180.0,"start":1.0,"end":1.0},{"startTime":8180.0,"endTime":8184.0,"start":0.0,"end":0.0},{"startTime":8184.0,"endTime":8188.0,"start":1.0,"end":1.0},{"startTime":8188.0,"endTime":8192.0,"start":0.0,"end":0.0},{"startTime":8192.0,"endTime":8384.0,"start":1.0,"end":1.0},{"startTime":8384.0,"endTime":8388.0,"start":0.0,"end":0.0},{"startTime":8388.0,"endTime":8392.0,"start":1.0,"end":1.0},{"startTime":8392.0,"endTime":8396.0,"start":0.0,"end":0.0},{"startTime":8396.0,"endTime":8400.0,"start":1.0,"end":1.0},{"startTime":8400.0,"endTime":8404.0,"start":0.0,"end":0.0},{"startTime":8404.0,"endTime":8408.0,"start":1.0,"end":1.0},{"startTime":8408.0,"endTime":8412.0,"start":0.0,"end":0.0},{"startTime":8412.0,"endTime":8416.0,"start":1.0,"end":1.0},{"startTime":8416.0,"endTime":8420.0,"start":0.0,"end":0.0},{"startTime":8420.0,"endTime":8424.0,"start":1.0,"end":1.0},{"startTime":8424.0,"endTime":8428.0,"start":0.0,"end":0.0},{"startTime":8428.0,"endTime":8432.0,"start":1.0,"end":1.0},{"startTime":8432.0,"endTime":8436.0,"start":0.0,"end":0.0},{"startTime":8436.0,"endTime":8440.0,"start":1.0,"end":1.0},{"startTime":8440.0,"endTime":8444.0,"start":0.0,"end":0.0},{"startTime":8444.0,"endTime":8644.0,"start":1.0,"end":1.0},{"startTime":8644.0,"endTime":8648.0,"start":0.0,"end":0.0},{"startTime":8648.0,"endTime":8652.0,"start":1.0,"end":1.0},{"startTime":8652.0,"endTime":8656.0,"start":0.0,"end":0.0},{"startTime":8656.0,"endTime":8660.0,"start":1.0,"end":1.0},{"startTime":8660.0,"endTime":8664.0,"start":0.0,"end":0.0},{"startTime":8664.0,"endTime":8668.0,"start":1.0,"end":1.0},{"startTime":8668.0,"endTime":8672.0,"start":0.0,"end":0.0},{"startTime":8672.0,"endTime":8676.0,"start":1.0,"end":1.0},{"startTime":8676.0,"endTime":8680.0,"start":0.0,"end":0.0},{"startTime":8680.0,"endTime":8684.0,"start":1.0,"end":1.0},{"startTime":8684.0,"endTime":8688.0,"start":0.0,"end":0.0},{"startTime":8688.0,"endTime":8692.0,"start":1.0,"end":1.0},{"startTime":8692.0,"endTime":8696.0,"start":0.0,"end":0.0},{"startTime":8696.0,"endTime":8700.0,"start":1.0,"end":1.0},{"startTime":8700.0,"endTime":8704.0,"start":0.0,"end":0.0},{"startTime":8704.0,"endTime":8900.0,"start":1.0,"end":1.0},{"startTime":8900.0,"endTime":8904.0,"start":0.0,"end":0.0},{"startTime":8904.0,"endTime":8908.0,"start":1.0,"end":1.0},{"startTime":8908.0,"endTime":8912.0,"start":0.0,"end":0.0},{"startTime":8912.0,"endTime":8916.0,"start":1.0,"end":1.0},{"startTime":8916.0,"endTime":8920.0,"start":0.0,"end":0.0},{"startTime":8920.0,"endTime":8924.0,"start":1.0,"end":1.0},{"startTime":8924.0,"endTime":8928.0,"start":0.0,"end":0.0},{"startTime":8928.0,"endTime":8932.0,"start":1.0,"end":1.0},{"startTime":8932.0,"endTime":8936.0,"start":0.0,"end":0.0},{"startTime":8936.0,"endTime":8940.0,"start":1.0,"end":1.0},{"startTime":8940.0,"endTime":8944.0,"start":0.0,"end":0.0},{"startTime":8944.0,"endTime":8948.0,"start":1.0,"end":1.0},{"startTime":8948.0,"endTime":8952.0,"start":0.0,"end":0.0},{"startTime":8952.0,"endTime":8956.0,"start":1.0,"end":1.0},{"startTime":8956.0,"endTime":8960.0,"start":0.0,"end":0.0},{"startTime":8960.0,"endTime":8248320.0,"start":1.0,"end":1.0}]},{"bpm":179.0,"notesAbove":[{"type":1,"time":5632,"positionX":-2.220943,"holdTime":0.0,"speed":1.0,"floorPosition":58.994415},{"type":1,"time":5648,"positionX":-2.220943,"holdTime":0.0,"speed":1.0,"floorPosition":59.195534},{"type":2,"time":5656,"positionX":-2.220943,"holdTime":0.0,"speed":1.0,"floorPosition":59.29609},{"type":1,"time":5696,"positionX":-2.232452,"holdTime":0.0,"speed":1.0,"floorPosition":59.79888},{"type":1,"time":5712,"positionX":-2.255466,"holdTime":0.0,"speed":1.0,"floorPosition":60.0},{"type":2,"time":5720,"positionX":-2.266972,"holdTime":0.0,"speed":1.0,"floorPosition":60.10056},{"type":1,"time":5760,"positionX":-2.301495,"holdTime":0.0,"speed":1.0,"floorPosition":60.60335},{"type":1,"time":5776,"positionX":-2.301495,"holdTime":0.0,"speed":1.0,"floorPosition":60.804466},{"type":2,"time":5784,"positionX":-2.289989,"holdTime":0.0,"speed":1.0,"floorPosition":60.905025},{"type":3,"time":5824,"positionX":-2.301495,"holdTime":64.0,"speed":1.2,"floorPosition":61.40782},{"type":1,"time":5931,"positionX":-2.830841,"holdTime":0.0,"speed":1.0,"floorPosition":62.752792},{"type":1,"time":5995,"positionX":-2.876869,"holdTime":0.0,"speed":1.0,"floorPosition":63.557262},{"type":1,"time":6059,"positionX":-2.853855,"holdTime":0.0,"speed":1.0,"floorPosition":64.36173},{"type":1,"time":6123,"positionX":-2.853855,"holdTime":0.0,"speed":1.0,"floorPosition":65.16621},{"type":1,"time":6187,"positionX":-2.865364,"holdTime":0.0,"speed":1.0,"floorPosition":65.97067},{"type":1,"time":6251,"positionX":-2.865364,"holdTime":0.0,"speed":1.0,"floorPosition":66.77514},{"type":1,"time":6608,"positionX":-3.647873,"holdTime":0.0,"speed":1.0,"floorPosition":71.26257},{"type":1,"time":6624,"positionX":-3.624855,"holdTime":0.0,"speed":1.0,"floorPosition":71.463684},{"type":1,"time":6640,"positionX":-3.624855,"holdTime":0.0,"speed":1.0,"floorPosition":71.6648},{"type":1,"time":6656,"positionX":-3.624855,"holdTime":0.0,"speed":1.0,"floorPosition":71.86592},{"type":1,"time":6784,"positionX":-3.739929,"holdTime":0.0,"speed":1.0,"floorPosition":73.47486},{"type":1,"time":7040,"positionX":-3.291138,"holdTime":0.0,"speed":1.0,"floorPosition":76.69274},{"type":3,"time":7104,"positionX":-3.222095,"holdTime":64.0,"speed":1.2,"floorPosition":77.49721}],"notesBelow":[{"type":1,"time":6720,"positionX":3.256615,"holdTime":0.0,"speed":1.0,"floorPosition":72.670395},{"type":3,"time":6848,"positionX":3.11853,"holdTime":64.0,"speed":1.2,"floorPosition":74.279335},{"type":1,"time":7296,"positionX":3.601837,"holdTime":0.0,"speed":1.0,"floorPosition":79.910614}],"speedEvents":[{"startTime":-9546.0,"endTime":5632.0,"value":1.0},{"startTime":5632.0,"endTime":8248320.0,"value":1.2}],"judgeLineMoveEvents":[{"startTime":-9546.0,"endTime":0.0,"start":440260.0,"end":440260.0},{"startTime":0.0,"endTime":32.0,"start":440000.0,"end":440520.0},{"startTime":32.0,"endTime":64.0,"start":440520.0,"end":440000.0},{"startTime":64.0,"endTime":256.0,"start":440000.0,"end":440260.0},{"startTime":256.0,"endTime":5440.0,"start":440260.0,"end":440260.0},{"startTime":5440.0,"endTime":6368.0,"start":440104.0,"end":440104.0},{"startTime":6368.0,"endTime":7424.0,"start":440260.0,"end":440260.0},{"startTime":7424.0,"endTime":7904.0,"start":440260.0,"end":440065.0},{"startTime":7904.0,"endTime":9408.0,"start":440065.0,"end":440065.0},{"startTime":9408.0,"endTime":12608.0,"start":440390.0,"end":440390.0},{"startTime":12608.0,"endTime":30000.0,"start":440260.0,"end":440260.0},{"startTime":30000.0,"endTime":30001.0,"start":0.0,"end":0.0},{"startTime":30001.0,"endTime":8248320.0,"start":440260.0,"end":440260.0}],"judgeLineRotateEvents":[{"startTime":-9546.0,"endTime":5440.0,"start":0.0,"end":0.0},{"startTime":5440.0,"endTime":6368.0,"start":-9.0,"end":-10.0},{"startTime":6368.0,"endTime":7392.0,"start":-9.0,"end":-10.0},{"startTime":7392.0,"endTime":7424.0,"start":90.0,"end":90.0},{"startTime":7424.0,"endTime":7904.0,"start":0.0,"end":-360.0},{"startTime":7904.0,"endTime":9408.0,"start":0.0,"end":0.0},{"startTime":9408.0,"endTime":12608.0,"start":60.0,"end":60.0},{"startTime":12608.0,"endTime":8248320.0,"start":0.0,"end":0.0}],"judgeLineDisappearEvents":[{"startTime":-9546.0,"endTime":256.0,"start":1.0,"end":1.0},{"startTime":256.0,"endTime":5440.0,"start":0.0,"end":0.0},{"startTime":5440.0,"endTime":5483.0,"start":1.0,"end":1.0},{"startTime":5483.0,"endTime":5504.0,"start":0.0,"end":0.0},{"startTime":5504.0,"endTime":5547.0,"start":1.0,"end":1.0},{"startTime":5547.0,"endTime":5568.0,"start":0.0,"end":0.0},{"startTime":5568.0,"endTime":5824.0,"start":1.0,"end":1.0},{"startTime":5824.0,"endTime":5832.0,"start":0.0,"end":0.0},{"startTime":5832.0,"endTime":5840.0,"start":1.0,"end":1.0},{"startTime":5840.0,"endTime":5848.0,"start":0.0,"end":0.0},{"startTime":5848.0,"endTime":5856.0,"start":1.0,"end":1.0},{"startTime":5856.0,"endTime":5864.0,"start":0.0,"end":0.0},{"startTime":5864.0,"endTime":5872.0,"start":1.0,"end":1.0},{"startTime":5872.0,"endTime":5880.0,"start":0.0,"end":0.0},{"startTime":5880.0,"endTime":6280.0,"start":1.0,"end":1.0},{"startTime":6280.0,"endTime":6288.0,"start":0.0,"end":0.0},{"startTime":6288.0,"endTime":6296.0,"start":1.0,"end":1.0},{"startTime":6296.0,"endTime":6304.0,"start":0.0,"end":0.0},{"startTime":6304.0,"endTime":6312.0,"start":1.0,"end":1.0},{"startTime":6312.0,"endTime":6320.0,"start":0.0,"end":0.0},{"startTime":6320.0,"endTime":6328.0,"start":1.0,"end":1.0},{"startTime":6328.0,"endTime":6336.0,"start":0.0,"end":0.0},{"startTime":6336.0,"endTime":6344.0,"start":1.0,"end":1.0},{"startTime":6344.0,"endTime":6352.0,"start":0.0,"end":0.0},{"startTime":6352.0,"endTime":6360.0,"start":1.0,"end":1.0},{"startTime":6360.0,"endTime":6368.0,"start":0.0,"end":0.0},{"startTime":6368.0,"endTime":6592.0,"start":1.0,"end":1.0},{"startTime":6592.0,"endTime":6600.0,"start":0.0,"end":0.0},{"startTime":6600.0,"endTime":6608.0,"start":1.0,"end":1.0},{"startTime":6608.0,"endTime":6616.0,"start":0.0,"end":0.0},{"startTime":6616.0,"endTime":6624.0,"start":1.0,"end":1.0},{"startTime":6624.0,"endTime":6632.0,"start":0.0,"end":0.0},{"startTime":6632.0,"endTime":6640.0,"start":1.0,"end":1.0},{"startTime":6640.0,"endTime":6648.0,"start":0.0,"end":0.0},{"startTime":6648.0,"endTime":7392.0,"start":1.0,"end":1.0},{"startTime":7392.0,"endTime":7396.0,"start":0.0,"end":0.0},{"startTime":7396.0,"endTime":7400.0,"start":1.0,"end":1.0},{"startTime":7400.0,"endTime":7404.0,"start":0.0,"end":0.0},{"startTime":7404.0,"endTime":7408.0,"start":1.0,"end":1.0},{"startTime":7408.0,"endTime":7412.0,"start":0.0,"end":0.0},{"startTime":7412.0,"endTime":7416.0,"start":1.0,"end":1.0},{"startTime":7416.0,"endTime":7420.0,"start":0.0,"end":0.0},{"startTime":7420.0,"endTime":9156.0,"start":1.0,"end":1.0},{"startTime":9156.0,"endTime":9160.0,"start":0.0,"end":0.0},{"startTime":9160.0,"endTime":9164.0,"start":1.0,"end":1.0},{"startTime":9164.0,"endTime":9168.0,"start":0.0,"end":0.0},{"startTime":9168.0,"endTime":9172.0,"start":1.0,"end":1.0},{"startTime":9172.0,"endTime":9176.0,"start":0.0,"end":0.0},{"startTime":9176.0,"endTime":9180.0,"start":1.0,"end":1.0},{"startTime":9180.0,"endTime":9184.0,"start":0.0,"end":0.0},{"startTime":9184.0,"endTime":9188.0,"start":1.0,"end":1.0},{"startTime":9188.0,"endTime":9192.0,"start":0.0,"end":0.0},{"startTime":9192.0,"endTime":9196.0,"start":1.0,"end":1.0},{"startTime":9196.0,"endTime":9200.0,"start":0.0,"end":0.0},{"startTime":9200.0,"endTime":9204.0,"start":1.0,"end":1.0},{"startTime":9204.0,"endTime":9208.0,"start":0.0,"end":0.0},{"startTime":9208.0,"endTime":9212.0,"start":1.0,"end":1.0},{"startTime":9212.0,"endTime":9216.0,"start":0.0,"end":0.0},{"startTime":9216.0,"endTime":9408.0,"start":1.0,"end":1.0},{"startTime":9408.0,"endTime":9536.0,"start":1.0,"end":0.0},{"startTime":9536.0,"endTime":12736.0,"start":0.0,"end":0.0},{"startTime":12736.0,"endTime":30000.0,"start":1.0,"end":1.0},{"startTime":30000.0,"endTime":30001.0,"start":0.0,"end":0.0},{"startTime":30001.0,"endTime":8248320.0,"start":1.0,"end":1.0}]},{"bpm":179.0,"notesAbove":[],"notesBelow":[],"speedEvents":[{"startTime":-9546.0,"endTime":8248320.0,"value":1.0}],"judgeLineMoveEvents":[{"startTime":-9546.0,"endTime":9408.0,"start":440260.0,"end":440260.0},{"startTime":9408.0,"endTime":12608.0,"start":440390.0,"end":440390.0},{"startTime":12608.0,"endTime":30000.0,"start":440260.0,"end":440260.0},{"startTime":30000.0,"endTime":30001.0,"start":0.0,"end":0.0},{"startTime":30001.0,"endTime":8248320.0,"start":440260.0,"end":440260.0}],"judgeLineRotateEvents":[{"startTime":-9546.0,"endTime":9408.0,"start":0.0,"end":0.0},{"startTime":9408.0,"endTime":12608.0,"start":-59.0,"end":-60.0},{"startTime":12608.0,"endTime":8248320.0,"start":0.0,"end":0.0}],"judgeLineDisappearEvents":[{"startTime":-9546.0,"endTime":0.0,"start":1.0,"end":1.0},{"startTime":0.0,"endTime":9408.0,"start":0.0,"end":0.0},{"startTime":9408.0,"endTime":9536.0,"start":1.0,"end":0.0},{"startTime":9536.0,"endTime":12736.0,"start":0.0,"end":0.0},{"startTime":12736.0,"endTime":30000.0,"start":1.0,"end":1.0},{"startTime":30000.0,"endTime":30001.0,"start":0.0,"end":0.0},{"startTime":30001.0,"endTime":8248320.0,"start":1.0,"end":1.0}]}]}