{"formatVersion":1,"offset":0.0,"judgeLineList":[{"bpm":154.0,"notesAbove":[{"type":1,"time":128,"positionX":-3.0,"holdTime":0.0,"speed":1.0,"floorPosition":2.3376622},{"type":1,"time":160,"positionX":-3.0,"holdTime":0.0,"speed":1.0,"floorPosition":2.922078},{"type":4,"time":192,"positionX":3.0,"holdTime":0.0,"speed":1.0,"floorPosition":3.5064936},{"type":1,"time":240,"positionX":-3.0,"holdTime":0.0,"speed":1.0,"floorPosition":4.3831167},{"type":1,"time":272,"positionX":-3.0,"holdTime":0.0,"speed":1.0,"floorPosition":4.9675326},{"type":1,"time":288,"positionX":-3.0,"holdTime":0.0,"speed":1.0,"floorPosition":5.2597404},{"type":4,"time":320,"positionX":3.0,"holdTime":0.0,"speed":1.0,"floorPosition":5.844156},{"type":1,"time":384,"positionX":3.0,"holdTime":0.0,"speed":1.0,"floorPosition":7.012987},{"type":1,"time":416,"positionX":3.0,"holdTime":0.0,"speed":1.0,"floorPosition":7.5974026},{"type":4,"time":448,"positionX":-3.0,"holdTime":0.0,"speed":1.0,"floorPosition":8.181818},{"type":1,"time":496,"positionX":3.0,"holdTime":0.0,"speed":1.0,"floorPosition":9.058441},{"type":1,"time":528,"positionX":3.0,"holdTime":0.0,"speed":1.0,"floorPosition":9.642858},{"type":1,"time":544,"positionX":3.0,"holdTime":0.0,"speed":1.0,"floorPosition":9.935065},{"type":4,"time":576,"positionX":-3.0,"holdTime":0.0,"speed":1.0,"floorPosition":10.519481},{"type":1,"time":640,"positionX":-3.0,"holdTime":0.0,"speed":1.0,"floorPosition":11.688312},{"type":1,"time":672,"positionX":-3.0,"holdTime":0.0,"speed":1.0,"floorPosition":12.272727},{"type":4,"time":704,"positionX":3.0,"holdTime":0.0,"speed":1.0,"floorPosition":12.857142},{"type":1,"time":752,"positionX":-3.0,"holdTime":0.0,"speed":1.0,"floorPosition":13.733767},{"type":1,"time":784,"positionX":-3.0,"holdTime":0.0,"speed":1.0,"floorPosition":14.318182},{"type":1,"time":800,"positionX":-3.0,"holdTime":0.0,"speed":1.0,"floorPosition":14.61039},{"type":4,"time":832,"positionX":3.0,"holdTime":0.0,"speed":1.0,"floorPosition":15.194805},{"type":1,"time":896,"positionX":3.0,"holdTime":0.0,"speed":1.0,"floorPosition":16.363636},{"type":1,"time":928,"positionX":3.0,"holdTime":0.0,"speed":1.0,"floorPosition":16.948051},{"type":4,"time":960,"positionX":-3.0,"holdTime":0.0,"speed":1.0,"floorPosition":17.532467},{"type":1,"time":1008,"positionX":3.0,"holdTime":0.0,"speed":1.0,"floorPosition":18.40909},{"type":1,"time":1040,"positionX":3.0,"holdTime":0.0,"speed":1.0,"floorPosition":18.993507},{"type":1,"time":1056,"positionX":3.0,"holdTime":0.0,"speed":1.0,"floorPosition":19.285715},{"type":4,"time":1088,"positionX":-3.0,"holdTime":0.0,"speed":1.0,"floorPosition":19.87013},{"type":1,"time":1152,"positionX":3.0,"holdTime":0.0,"speed":1.0,"floorPosition":21.038961},{"type":1,"time":1168,"positionX":3.0,"holdTime":0.0,"speed":1.0,"floorPosition":21.33117},{"type":1,"time":1200,"positionX":-1.0,"holdTime":0.0,"speed":1.0,"floorPosition":21.915585},{"type":1,"time":1216,"positionX":-1.0,"holdTime":0.0,"speed":1.0,"floorPosition":22.207792},{"type":1,"time":1248,"positionX":5.0,"holdTime":0.0,"speed":1.0,"floorPosition":22.792208},{"type":1,"time":1264,"positionX":5.0,"holdTime":0.0,"speed":1.0,"floorPosition":23.084415},{"type":1,"time":1296,"positionX":-4.0,"holdTime":0.0,"speed":1.0,"floorPosition":23.66883},{"type":1,"time":1312,"positionX":-4.0,"holdTime":0.0,"speed":1.0,"floorPosition":23.961039},{"type":1,"time":1344,"positionX":1.0,"holdTime":0.0,"speed":1.0,"floorPosition":24.545454},{"type":1,"time":1360,"positionX":1.0,"holdTime":0.0,"speed":1.0,"floorPosition":24.837662},{"type":1,"time":1408,"positionX":-3.0,"holdTime":0.0,"speed":1.0,"floorPosition":25.714285},{"type":1,"time":1424,"positionX":-3.0,"holdTime":0.0,"speed":1.0,"floorPosition":26.006493},{"type":1,"time":1456,"positionX":4.0,"holdTime":0.0,"speed":1.0,"floorPosition":26.59091},{"type":1,"time":1472,"positionX":4.0,"holdTime":0.0,"speed":1.0,"floorPosition":26.883118},{"type":1,"time":1504,"positionX":-1.0,"holdTime":0.0,"speed":1.0,"floorPosition":27.467533},{"type":1,"time":1520,"positionX":-1.0,"holdTime":0.0,"speed":1.0,"floorPosition":27.75974},{"type":1,"time":1552,"positionX":2.0,"holdTime":0.0,"speed":1.0,"floorPosition":28.344156},{"type":1,"time":1568,"positionX":2.0,"holdTime":0.0,"speed":1.0,"floorPosition":28.636364},{"type":1,"time":1600,"positionX":-4.0,"holdTime":0.0,"speed":1.0,"floorPosition":29.22078},{"type":1,"time":1632,"positionX":-4.0,"holdTime":0.0,"speed":1.0,"floorPosition":29.805195},{"type":1,"time":1664,"positionX":5.0,"holdTime":0.0,"speed":1.0,"floorPosition":30.38961},{"type":1,"time":1680,"positionX":5.0,"holdTime":0.0,"speed":1.0,"floorPosition":30.681818},{"type":1,"time":1712,"positionX":-2.0,"holdTime":0.0,"speed":1.0,"floorPosition":31.266233},{"type":1,"time":1728,"positionX":-2.0,"holdTime":0.0,"speed":1.0,"floorPosition":31.558441},{"type":1,"time":1760,"positionX":2.0,"holdTime":0.0,"speed":1.0,"floorPosition":32.142857},{"type":1,"time":1776,"positionX":2.0,"holdTime":0.0,"speed":1.0,"floorPosition":32.435066},{"type":1,"time":1808,"positionX":-3.0,"holdTime":0.0,"speed":1.0,"floorPosition":33.01948},{"type":1,"time":1824,"positionX":0.0,"holdTime":0.0,"speed":1.0,"floorPosition":33.311687},{"type":1,"time":1840,"positionX":3.0,"holdTime":0.0,"speed":1.0,"floorPosition":33.603897},{"type":1,"time":1856,"positionX":-5.0,"holdTime":0.0,"speed":1.0,"floorPosition":33.896103},{"type":1,"time":1888,"positionX":0.0,"holdTime":0.0,"speed":1.0,"floorPosition":34.48052},{"type":1,"time":1920,"positionX":-3.0,"holdTime":0.0,"speed":1.0,"floorPosition":35.064934},{"type":1,"time":1952,"positionX":2.0,"holdTime":0.0,"speed":1.0,"floorPosition":35.64935},{"type":2,"time":1960,"positionX":3.0,"holdTime":0.0,"speed":1.0,"floorPosition":35.795456},{"type":2,"time":1968,"positionX":4.0,"holdTime":0.0,"speed":1.0,"floorPosition":35.94156},{"type":1,"time":2008,"positionX":-3.0,"holdTime":0.0,"speed":1.0,"floorPosition":36.672077},{"type":1,"time":2032,"positionX":3.0,"holdTime":0.0,"speed":1.0,"floorPosition":37.11039},{"type":1,"time":2080,"positionX":-2.0,"holdTime":0.0,"speed":1.0,"floorPosition":37.987015},{"type":1,"time":2112,"positionX":4.0,"holdTime":0.0,"speed":1.0,"floorPosition":38.57143},{"type":2,"time":2120,"positionX":3.0,"holdTime":0.0,"speed":1.0,"floorPosition":38.717533},{"type":2,"time":2128,"positionX":2.0,"holdTime":0.0,"speed":1.0,"floorPosition":38.863636},{"type":1,"time":2176,"positionX":-5.0,"holdTime":0.0,"speed":1.0,"floorPosition":39.74026},{"type":1,"time":2192,"positionX":-5.0,"holdTime":0.0,"speed":1.0,"floorPosition":40.032467},{"type":1,"time":2224,"positionX":2.0,"holdTime":0.0,"speed":1.0,"floorPosition":40.616882},{"type":1,"time":2240,"positionX":2.0,"holdTime":0.0,"speed":1.0,"floorPosition":40.909092},{"type":1,"time":2272,"positionX":-2.0,"holdTime":0.0,"speed":1.0,"floorPosition":41.493507},{"type":1,"time":2288,"positionX":-2.0,"holdTime":0.0,"speed":1.0,"floorPosition":41.785713},{"type":1,"time":2320,"positionX":4.0,"holdTime":0.0,"speed":1.0,"floorPosition":42.37013},{"type":1,"time":2336,"positionX":4.0,"holdTime":0.0,"speed":1.0,"floorPosition":42.66234},{"type":1,"time":2368,"positionX":-4.0,"holdTime":0.0,"speed":1.0,"floorPosition":43.246754},{"type":1,"time":2384,"positionX":-4.0,"holdTime":0.0,"speed":1.0,"floorPosition":43.53896},{"type":1,"time":2432,"positionX":1.0,"holdTime":0.0,"speed":1.0,"floorPosition":44.415585},{"type":1,"time":2448,"positionX":1.0,"holdTime":0.0,"speed":1.0,"floorPosition":44.70779},{"type":1,"time":2480,"positionX":-3.0,"holdTime":0.0,"speed":1.0,"floorPosition":45.29221},{"type":1,"time":2496,"positionX":-3.0,"holdTime":0.0,"speed":1.0,"floorPosition":45.584415},{"type":1,"time":2528,"positionX":3.0,"holdTime":0.0,"speed":1.0,"floorPosition":46.16883},{"type":1,"time":2544,"positionX":3.0,"holdTime":0.0,"speed":1.0,"floorPosition":46.46104},{"type":1,"time":2576,"positionX":-1.0,"holdTime":0.0,"speed":1.0,"floorPosition":47.045456},{"type":1,"time":2592,"positionX":2.0,"holdTime":0.0,"speed":1.0,"floorPosition":47.33766},{"type":1,"time":2624,"positionX":-4.0,"holdTime":0.0,"speed":1.0,"floorPosition":47.922077},{"type":1,"time":2640,"positionX":3.0,"holdTime":0.0,"speed":1.0,"floorPosition":48.214287},{"type":1,"time":2656,"positionX":-1.0,"holdTime":0.0,"speed":1.0,"floorPosition":48.506493},{"type":1,"time":2688,"positionX":4.0,"holdTime":0.0,"speed":1.0,"floorPosition":49.090908},{"type":1,"time":2704,"positionX":4.0,"holdTime":0.0,"speed":1.0,"floorPosition":49.383118},{"type":1,"time":2736,"positionX":-3.0,"holdTime":0.0,"speed":1.0,"floorPosition":49.967533},{"type":1,"time":2752,"positionX":-3.0,"holdTime":0.0,"speed":1.0,"floorPosition":50.25974},{"type":1,"time":2784,"positionX":2.0,"holdTime":0.0,"speed":1.0,"floorPosition":50.844154},{"type":1,"time":2800,"positionX":2.0,"holdTime":0.0,"speed":1.0,"floorPosition":51.136364},{"type":1,"time":2832,"positionX":-4.0,"holdTime":0.0,"speed":1.0,"floorPosition":51.72078},{"type":1,"time":2848,"positionX":-1.0,"holdTime":0.0,"speed":1.0,"floorPosition":52.012985},{"type":1,"time":2864,"positionX":2.0,"holdTime":0.0,"speed":1.0,"floorPosition":52.305195},{"type":1,"time":2880,"positionX":-2.0,"holdTime":0.0,"speed":1.0,"floorPosition":52.597404},{"type":1,"time":2912,"positionX":4.0,"holdTime":0.0,"speed":1.0,"floorPosition":53.18182},{"type":1,"time":2944,"positionX":0.0,"holdTime":0.0,"speed":1.0,"floorPosition":53.766235},{"type":1,"time":2976,"positionX":4.0,"holdTime":0.0,"speed":1.0,"floorPosition":54.35065},{"type":2,"time":2984,"positionX":3.0,"holdTime":0.0,"speed":1.0,"floorPosition":54.496754},{"type":2,"time":2992,"positionX":2.0,"holdTime":0.0,"speed":1.0,"floorPosition":54.642857},{"type":1,"time":3024,"positionX":-4.0,"holdTime":0.0,"speed":1.0,"floorPosition":55.227272},{"type":1,"time":3056,"positionX":4.0,"holdTime":0.0,"speed":1.0,"floorPosition":55.811687},{"type":1,"time":3104,"positionX":0.0,"holdTime":0.0,"speed":1.0,"floorPosition":56.688313},{"type":3,"time":3136,"positionX":-4.0,"holdTime":64.0,"speed":1.5,"floorPosition":57.272728},{"type":3,"time":3136,"positionX":4.0,"holdTime":64.0,"speed":1.5,"floorPosition":57.272728},{"type":1,"time":3232,"positionX":0.0,"holdTime":0.0,"speed":1.0,"floorPosition":59.025974},{"type":1,"time":3248,"positionX":0.0,"holdTime":0.0,"speed":1.0,"floorPosition":59.31818},{"type":1,"time":3280,"positionX":-2.0,"holdTime":0.0,"speed":1.0,"floorPosition":59.902596},{"type":1,"time":3296,"positionX":-2.0,"holdTime":0.0,"speed":1.0,"floorPosition":60.194805},{"type":1,"time":3328,"positionX":2.0,"holdTime":0.0,"speed":1.0,"floorPosition":60.77922},{"type":1,"time":3344,"positionX":2.0,"holdTime":0.0,"speed":1.0,"floorPosition":61.07143},{"type":1,"time":3376,"positionX":3.0,"holdTime":0.0,"speed":1.0,"floorPosition":61.655846},{"type":2,"time":3384,"positionX":3.0,"holdTime":0.0,"speed":1.0,"floorPosition":61.80195},{"type":2,"time":3408,"positionX":3.0,"holdTime":0.0,"speed":1.0,"floorPosition":62.24026},{"type":1,"time":3440,"positionX":-3.0,"holdTime":0.0,"speed":1.0,"floorPosition":62.824677},{"type":1,"time":3456,"positionX":-3.0,"holdTime":0.0,"speed":1.0,"floorPosition":63.116882},{"type":1,"time":3472,"positionX":4.0,"holdTime":0.0,"speed":1.0,"floorPosition":63.409092},{"type":2,"time":3488,"positionX":3.0,"holdTime":0.0,"speed":1.0,"floorPosition":63.701298},{"type":2,"time":3504,"positionX":2.0,"holdTime":0.0,"speed":1.0,"floorPosition":63.993507},{"type":2,"time":3520,"positionX":3.0,"holdTime":0.0,"speed":1.0,"floorPosition":64.28571},{"type":1,"time":3536,"positionX":0.0,"holdTime":0.0,"speed":1.0,"floorPosition":64.57792},{"type":2,"time":3544,"positionX":-1.0,"holdTime":0.0,"speed":1.0,"floorPosition":64.72403},{"type":1,"time":3568,"positionX":-4.0,"holdTime":0.0,"speed":1.0,"floorPosition":65.16234},{"type":2,"time":3584,"positionX":-2.0,"holdTime":0.0,"speed":1.0,"floorPosition":65.454544},{"type":2,"time":3600,"positionX":0.0,"holdTime":0.0,"speed":1.0,"floorPosition":65.74675},{"type":1,"time":3616,"positionX":4.0,"holdTime":0.0,"speed":1.0,"floorPosition":66.03896},{"type":2,"time":3632,"positionX":2.0,"holdTime":0.0,"speed":1.0,"floorPosition":66.33117},{"type":2,"time":3648,"positionX":0.0,"holdTime":0.0,"speed":1.0,"floorPosition":66.623375},{"type":1,"time":3664,"positionX":-4.0,"holdTime":0.0,"speed":1.0,"floorPosition":66.91558},{"type":1,"time":3680,"positionX":4.0,"holdTime":0.0,"speed":1.0,"floorPosition":67.207794},{"type":1,"time":3696,"positionX":-4.0,"holdTime":0.0,"speed":1.0,"floorPosition":67.5},{"type":2,"time":3704,"positionX":-3.0,"holdTime":0.0,"speed":1.0,"floorPosition":67.6461},{"type":2,"time":3712,"positionX":-2.0,"holdTime":0.0,"speed":1.0,"floorPosition":67.792206},{"type":1,"time":3744,"positionX":4.0,"holdTime":0.0,"speed":1.0,"floorPosition":68.376625},{"type":2,"time":3760,"positionX":2.0,"holdTime":0.0,"speed":1.0,"floorPosition":68.66883},{"type":2,"time":3776,"positionX":0.0,"holdTime":0.0,"speed":1.0,"floorPosition":68.96104},{"type":1,"time":3792,"positionX":-4.0,"holdTime":0.0,"speed":1.0,"floorPosition":69.25325},{"type":2,"time":3808,"positionX":-2.0,"holdTime":0.0,"speed":1.0,"floorPosition":69.545456},{"type":2,"time":3824,"positionX":0.0,"holdTime":0.0,"speed":1.0,"floorPosition":69.83766},{"type":1,"time":3840,"positionX":4.0,"holdTime":0.0,"speed":1.0,"floorPosition":70.12987},{"type":1,"time":3856,"positionX":-4.0,"holdTime":0.0,"speed":1.0,"floorPosition":70.42208},{"type":2,"time":3864,"positionX":-4.0,"holdTime":0.0,"speed":1.0,"floorPosition":70.568184},{"type":1,"time":3888,"positionX":4.0,"holdTime":0.0,"speed":1.0,"floorPosition":71.00649},{"type":1,"time":3904,"positionX":0.0,"holdTime":0.0,"speed":1.0,"floorPosition":71.2987},{"type":1,"time":3920,"positionX":4.0,"holdTime":0.0,"speed":1.0,"floorPosition":71.59091},{"type":4,"time":3936,"positionX":0.0,"holdTime":0.0,"speed":1.0,"floorPosition":71.88312},{"type":1,"time":3968,"positionX":4.0,"holdTime":0.0,"speed":1.0,"floorPosition":72.46753},{"type":1,"time":3984,"positionX":-4.0,"holdTime":0.0,"speed":1.0,"floorPosition":72.75974},{"type":1,"time":4000,"positionX":4.0,"holdTime":0.0,"speed":1.0,"floorPosition":73.05195},{"type":1,"time":4016,"positionX":4.0,"holdTime":0.0,"speed":1.0,"floorPosition":73.344154},{"type":1,"time":4032,"positionX":-4.0,"holdTime":0.0,"speed":1.0,"floorPosition":73.63636},{"type":2,"time":4040,"positionX":-3.0,"holdTime":0.0,"speed":1.0,"floorPosition":73.78247},{"type":2,"time":4048,"positionX":-2.0,"holdTime":0.0,"speed":1.0,"floorPosition":73.92857},{"type":1,"time":4080,"positionX":3.0,"holdTime":0.0,"speed":1.0,"floorPosition":74.512985},{"type":3,"time":4112,"positionX":-2.0,"holdTime":48.0,"speed":1.5,"floorPosition":75.097404},{"type":1,"time":4160,"positionX":3.0,"holdTime":0.0,"speed":1.0,"floorPosition":75.97403},{"type":2,"time":4176,"positionX":4.0,"holdTime":0.0,"speed":1.0,"floorPosition":76.266235},{"type":1,"time":4192,"positionX":-4.0,"holdTime":0.0,"speed":1.0,"floorPosition":76.55844},{"type":2,"time":4200,"positionX":-3.0,"holdTime":0.0,"speed":1.0,"floorPosition":76.704544},{"type":2,"time":4208,"positionX":-2.0,"holdTime":0.0,"speed":1.0,"floorPosition":76.85065},{"type":2,"time":4224,"positionX":0.0,"holdTime":0.0,"speed":1.0,"floorPosition":77.14286},{"type":2,"time":4240,"positionX":-2.0,"holdTime":0.0,"speed":1.0,"floorPosition":77.43507},{"type":1,"time":4256,"positionX":4.0,"holdTime":0.0,"speed":1.0,"floorPosition":77.72727},{"type":1,"time":4272,"positionX":-3.0,"holdTime":0.0,"speed":1.0,"floorPosition":78.01948},{"type":1,"time":4288,"positionX":2.0,"holdTime":0.0,"speed":1.0,"floorPosition":78.31169},{"type":1,"time":4304,"positionX":-3.0,"holdTime":0.0,"speed":1.0,"floorPosition":78.6039},{"type":2,"time":4312,"positionX":-4.0,"holdTime":0.0,"speed":1.0,"floorPosition":78.75},{"type":1,"time":4336,"positionX":3.0,"holdTime":0.0,"speed":1.0,"floorPosition":79.18831},{"type":2,"time":4344,"positionX":4.0,"holdTime":0.0,"speed":1.0,"floorPosition":79.33442},{"type":2,"time":4352,"positionX":5.0,"holdTime":0.0,"speed":1.0,"floorPosition":79.48052},{"type":2,"time":4368,"positionX":-3.0,"holdTime":0.0,"speed":1.0,"floorPosition":79.77273},{"type":1,"time":4400,"positionX":1.0,"holdTime":0.0,"speed":1.0,"floorPosition":80.35714},{"type":2,"time":4408,"positionX":2.0,"holdTime":0.0,"speed":1.0,"floorPosition":80.50325},{"type":2,"time":4432,"positionX":4.0,"holdTime":0.0,"speed":1.0,"floorPosition":80.94156},{"type":1,"time":4464,"positionX":-4.0,"holdTime":0.0,"speed":1.0,"floorPosition":81.52597},{"type":1,"time":4480,"positionX":2.0,"holdTime":0.0,"speed":1.0,"floorPosition":81.818184},{"type":1,"time":4496,"positionX":-4.0,"holdTime":0.0,"speed":1.0,"floorPosition":82.11039},{"type":1,"time":4512,"positionX":4.0,"holdTime":0.0,"speed":1.0,"floorPosition":82.402596},{"type":1,"time":4528,"positionX":-1.0,"holdTime":0.0,"speed":1.0,"floorPosition":82.69481},{"type":1,"time":4544,"positionX":4.0,"holdTime":0.0,"speed":1.0,"floorPosition":82.987015},{"type":1,"time":4560,"positionX":-1.0,"holdTime":0.0,"speed":1.0,"floorPosition":83.27922},{"type":2,"time":4568,"positionX":-2.0,"holdTime":0.0,"speed":1.0,"floorPosition":83.42532},{"type":1,"time":4592,"positionX":1.0,"holdTime":0.0,"speed":1.0,"floorPosition":83.86364},{"type":2,"time":4600,"positionX":2.0,"holdTime":0.0,"speed":1.0,"floorPosition":84.00974},{"type":2,"time":4608,"positionX":3.0,"holdTime":0.0,"speed":1.0,"floorPosition":84.155846},{"type":2,"time":4624,"positionX":-3.0,"holdTime":0.0,"speed":1.0,"floorPosition":84.44805},{"type":1,"time":4640,"positionX":4.0,"holdTime":0.0,"speed":1.0,"floorPosition":84.74026},{"type":2,"time":4656,"positionX":2.0,"holdTime":0.0,"speed":1.0,"floorPosition":85.03247},{"type":2,"time":4672,"positionX":0.0,"holdTime":0.0,"speed":1.0,"floorPosition":85.32468},{"type":2,"time":4688,"positionX":2.0,"holdTime":0.0,"speed":1.0,"floorPosition":85.61688},{"type":1,"time":4704,"positionX":-5.0,"holdTime":0.0,"speed":1.0,"floorPosition":85.90909},{"type":2,"time":4720,"positionX":-3.0,"holdTime":0.0,"speed":1.0,"floorPosition":86.2013},{"type":2,"time":4728,"positionX":-2.0,"holdTime":0.0,"speed":1.0,"floorPosition":86.347404},{"type":2,"time":4736,"positionX":-1.0,"holdTime":0.0,"speed":1.0,"floorPosition":86.49351},{"type":2,"time":4752,"positionX":-3.0,"holdTime":0.0,"speed":1.0,"floorPosition":86.78571},{"type":1,"time":4768,"positionX":4.0,"holdTime":0.0,"speed":1.0,"floorPosition":87.07792},{"type":1,"time":4784,"positionX":0.0,"holdTime":0.0,"speed":1.0,"floorPosition":87.37013},{"type":1,"time":4800,"positionX":4.0,"holdTime":0.0,"speed":1.0,"floorPosition":87.66234},{"type":1,"time":4816,"positionX":0.0,"holdTime":0.0,"speed":1.0,"floorPosition":87.954544},{"type":2,"time":4824,"positionX":0.0,"holdTime":0.0,"speed":1.0,"floorPosition":88.10065},{"type":1,"time":4848,"positionX":4.0,"holdTime":0.0,"speed":1.0,"floorPosition":88.53896},{"type":1,"time":4864,"positionX":0.0,"holdTime":0.0,"speed":1.0,"floorPosition":88.83117},{"type":1,"time":4880,"positionX":4.0,"holdTime":0.0,"speed":1.0,"floorPosition":89.123375},{"type":2,"time":4888,"positionX":4.0,"holdTime":0.0,"speed":1.0,"floorPosition":89.26948},{"type":1,"time":4912,"positionX":0.0,"holdTime":0.0,"speed":1.0,"floorPosition":89.707794},{"type":1,"time":4928,"positionX":4.0,"holdTime":0.0,"speed":1.0,"floorPosition":90.0},{"type":1,"time":4944,"positionX":0.0,"holdTime":0.0,"speed":1.0,"floorPosition":90.292206},{"type":2,"time":4952,"positionX":0.0,"holdTime":0.0,"speed":1.0,"floorPosition":90.43831},{"type":1,"time":4976,"positionX":4.0,"holdTime":0.0,"speed":1.0,"floorPosition":90.876625},{"type":1,"time":4992,"positionX":2.0,"holdTime":0.0,"speed":1.0,"floorPosition":91.16883},{"type":1,"time":5008,"positionX":0.0,"holdTime":0.0,"speed":1.0,"floorPosition":91.46104},{"type":1,"time":5024,"positionX":4.0,"holdTime":0.0,"speed":1.0,"floorPosition":91.75325},{"type":2,"time":5040,"positionX":-4.0,"holdTime":0.0,"speed":1.0,"floorPosition":92.045456},{"type":1,"time":5056,"positionX":4.0,"holdTime":0.0,"speed":1.0,"floorPosition":92.33766},{"type":2,"time":5064,"positionX":3.0,"holdTime":0.0,"speed":1.0,"floorPosition":92.483765},{"type":2,"time":5072,"positionX":2.0,"holdTime":0.0,"speed":1.0,"floorPosition":92.62987},{"type":1,"time":5104,"positionX":-4.0,"holdTime":0.0,"speed":1.0,"floorPosition":93.21429},{"type":3,"time":5136,"positionX":4.0,"holdTime":48.0,"speed":1.5,"floorPosition":93.7987},{"type":1,"time":5184,"positionX":-1.0,"holdTime":0.0,"speed":1.0,"floorPosition":94.67532},{"type":1,"time":5216,"positionX":-4.0,"holdTime":0.0,"speed":1.0,"floorPosition":95.25974},{"type":2,"time":5224,"positionX":-3.0,"holdTime":0.0,"speed":1.0,"floorPosition":95.405846},{"type":2,"time":5232,"positionX":-2.0,"holdTime":0.0,"speed":1.0,"floorPosition":95.55195},{"type":1,"time":5248,"positionX":3.0,"holdTime":0.0,"speed":1.0,"floorPosition":95.844154},{"type":1,"time":5280,"positionX":-4.0,"holdTime":0.0,"speed":1.0,"floorPosition":96.42857},{"type":1,"time":5312,"positionX":-4.0,"holdTime":0.0,"speed":1.0,"floorPosition":97.012985},{"type":4,"time":5344,"positionX":4.0,"holdTime":0.0,"speed":1.0,"floorPosition":97.597404},{"type":1,"time":5392,"positionX":-4.0,"holdTime":0.0,"speed":1.0,"floorPosition":98.47403},{"type":1,"time":5424,"positionX":-4.0,"holdTime":0.0,"speed":1.0,"floorPosition":99.05844},{"type":1,"time":5440,"positionX":-4.0,"holdTime":0.0,"speed":1.0,"floorPosition":99.35065},{"type":4,"time":5472,"positionX":4.0,"holdTime":0.0,"speed":1.0,"floorPosition":99.93507},{"type":1,"time":5536,"positionX":4.0,"holdTime":0.0,"speed":1.0,"floorPosition":101.1039},{"type":1,"time":5568,"positionX":4.0,"holdTime":0.0,"speed":1.0,"floorPosition":101.68831},{"type":4,"time":5600,"positionX":-4.0,"holdTime":0.0,"speed":1.0,"floorPosition":102.27273},{"type":1,"time":5648,"positionX":4.0,"holdTime":0.0,"speed":1.0,"floorPosition":103.14935},{"type":1,"time":5680,"positionX":4.0,"holdTime":0.0,"speed":1.0,"floorPosition":103.733765},{"type":1,"time":5696,"positionX":4.0,"holdTime":0.0,"speed":1.0,"floorPosition":104.02597},{"type":4,"time":5728,"positionX":-4.0,"holdTime":0.0,"speed":1.0,"floorPosition":104.61039},{"type":1,"time":5792,"positionX":-4.0,"holdTime":0.0,"speed":1.0,"floorPosition":105.77922},{"type":1,"time":5824,"positionX":-4.0,"holdTime":0.0,"speed":1.0,"floorPosition":106.36364},{"type":4,"time":5856,"positionX":4.0,"holdTime":0.0,"speed":1.0,"floorPosition":106.94805},{"type":1,"time":5904,"positionX":-4.0,"holdTime":0.0,"speed":1.0,"floorPosition":107.82468},{"type":1,"time":5920,"positionX":-4.0,"holdTime":0.0,"speed":1.0,"floorPosition":108.11688},{"type":1,"time":5952,"positionX":-4.0,"holdTime":0.0,"speed":1.0,"floorPosition":108.7013},{"type":4,"time":5984,"positionX":4.0,"holdTime":0.0,"speed":1.0,"floorPosition":109.28571},{"type":1,"time":6048,"positionX":4.0,"holdTime":0.0,"speed":1.0,"floorPosition":110.454544},{"type":1,"time":6064,"positionX":4.0,"holdTime":0.0,"speed":1.0,"floorPosition":110.74675},{"type":1,"time":6080,"positionX":4.0,"holdTime":0.0,"speed":1.0,"floorPosition":111.03896},{"type":4,"time":6112,"positionX":-4.0,"holdTime":0.0,"speed":1.0,"floorPosition":111.623375},{"type":1,"time":6160,"positionX":4.0,"holdTime":0.0,"speed":1.0,"floorPosition":112.5},{"type":1,"time":6192,"positionX":4.0,"holdTime":0.0,"speed":1.0,"floorPosition":113.08442},{"type":1,"time":6208,"positionX":4.0,"holdTime":0.0,"speed":1.0,"floorPosition":113.376625},{"type":1,"time":6224,"positionX":4.0,"holdTime":0.0,"speed":1.0,"floorPosition":113.66883},{"type":4,"time":6240,"positionX":-4.0,"holdTime":0.0,"speed":1.0,"floorPosition":113.96104},{"type":3,"time":6304,"positionX":-4.0,"holdTime":64.0,"speed":1.5,"floorPosition":115.12987},{"type":1,"time":6368,"positionX":4.0,"holdTime":0.0,"speed":1.0,"floorPosition":116.2987},{"type":3,"time":6400,"positionX":-3.0,"holdTime":96.0,"speed":1.5,"floorPosition":116.88312},{"type":1,"time":6496,"positionX":4.0,"holdTime":0.0,"speed":1.0,"floorPosition":118.63636},{"type":3,"time":6512,"positionX":-2.0,"holdTime":32.0,"speed":1.5,"floorPosition":118.92857},{"type":3,"time":6560,"positionX":4.0,"holdTime":64.0,"speed":1.5,"floorPosition":119.80519},{"type":1,"time":6624,"positionX":-4.0,"holdTime":0.0,"speed":1.0,"floorPosition":120.97403},{"type":3,"time":6656,"positionX":3.0,"holdTime":96.0,"speed":1.5,"floorPosition":121.55844},{"type":1,"time":6752,"positionX":-4.0,"holdTime":0.0,"speed":1.0,"floorPosition":123.31169},{"type":3,"time":6768,"positionX":2.0,"holdTime":32.0,"speed":1.5,"floorPosition":123.6039},{"type":3,"time":6816,"positionX":-4.0,"holdTime":64.0,"speed":1.5,"floorPosition":124.48052},{"type":1,"time":6880,"positionX":4.0,"holdTime":0.0,"speed":1.0,"floorPosition":125.64935},{"type":3,"time":6912,"positionX":-3.0,"holdTime":96.0,"speed":1.5,"floorPosition":126.233765},{"type":1,"time":7008,"positionX":4.0,"holdTime":0.0,"speed":1.0,"floorPosition":127.987015},{"type":3,"time":7024,"positionX":-2.0,"holdTime":32.0,"speed":1.5,"floorPosition":128.27922},{"type":3,"time":7072,"positionX":4.0,"holdTime":64.0,"speed":1.5,"floorPosition":129.15584},{"type":1,"time":7136,"positionX":-4.0,"holdTime":0.0,"speed":1.0,"floorPosition":130.32468},{"type":3,"time":7168,"positionX":3.0,"holdTime":96.0,"speed":1.5,"floorPosition":130.90909},{"type":1,"time":7264,"positionX":-4.0,"holdTime":0.0,"speed":1.0,"floorPosition":132.66234},{"type":1,"time":7288,"positionX":-4.0,"holdTime":0.0,"speed":1.0,"floorPosition":133.10065},{"type":1,"time":7312,"positionX":-4.0,"holdTime":0.0,"speed":1.0,"floorPosition":133.53896},{"type":3,"time":7328,"positionX":0.0,"holdTime":64.0,"speed":1.5,"floorPosition":133.83116},{"type":1,"time":7392,"positionX":-5.0,"holdTime":0.0,"speed":1.0,"floorPosition":135.0},{"type":3,"time":7424,"positionX":2.0,"holdTime":96.0,"speed":1.5,"floorPosition":135.58441},{"type":1,"time":7520,"positionX":-5.0,"holdTime":0.0,"speed":1.0,"floorPosition":137.33766},{"type":3,"time":7536,"positionX":4.0,"holdTime":32.0,"speed":1.5,"floorPosition":137.62987},{"type":3,"time":7584,"positionX":0.0,"holdTime":64.0,"speed":1.5,"floorPosition":138.5065},{"type":1,"time":7648,"positionX":5.0,"holdTime":0.0,"speed":1.0,"floorPosition":139.67532},{"type":3,"time":7680,"positionX":-2.0,"holdTime":96.0,"speed":1.5,"floorPosition":140.25974},{"type":1,"time":7776,"positionX":5.0,"holdTime":0.0,"speed":1.0,"floorPosition":142.01299},{"type":3,"time":7792,"positionX":-4.0,"holdTime":32.0,"speed":1.5,"floorPosition":142.30519},{"type":3,"time":7840,"positionX":0.0,"holdTime":64.0,"speed":1.5,"floorPosition":143.18182},{"type":1,"time":7904,"positionX":-5.0,"holdTime":0.0,"speed":1.0,"floorPosition":144.35065},{"type":3,"time":7936,"positionX":2.0,"holdTime":96.0,"speed":1.5,"floorPosition":144.93506},{"type":1,"time":8032,"positionX":-5.0,"holdTime":0.0,"speed":1.0,"floorPosition":146.68831},{"type":3,"time":8048,"positionX":4.0,"holdTime":32.0,"speed":1.5,"floorPosition":146.98051},{"type":3,"time":8096,"positionX":0.0,"holdTime":64.0,"speed":1.5,"floorPosition":147.85715},{"type":1,"time":8160,"positionX":5.0,"holdTime":0.0,"speed":1.0,"floorPosition":149.02597},{"type":3,"time":8192,"positionX":-2.0,"holdTime":96.0,"speed":1.5,"floorPosition":149.61038},{"type":1,"time":8288,"positionX":5.0,"holdTime":0.0,"speed":1.0,"floorPosition":151.36363},{"type":1,"time":8312,"positionX":5.0,"holdTime":0.0,"speed":1.0,"floorPosition":151.80194},{"type":1,"time":8336,"positionX":5.0,"holdTime":0.0,"speed":1.0,"floorPosition":152.24026},{"type":1,"time":8384,"positionX":-2.0,"holdTime":0.0,"speed":1.0,"floorPosition":153.11688},{"type":1,"time":8400,"positionX":-2.0,"holdTime":0.0,"speed":1.0,"floorPosition":153.40909},{"type":1,"time":8416,"positionX":2.0,"holdTime":0.0,"speed":1.0,"floorPosition":153.7013},{"type":1,"time":8432,"positionX":2.0,"holdTime":0.0,"speed":1.0,"floorPosition":153.9935},{"type":4,"time":8448,"positionX":-4.0,"holdTime":0.0,"speed":1.0,"floorPosition":154.28572},{"type":4,"time":8464,"positionX":-4.0,"holdTime":0.0,"speed":1.0,"floorPosition":154.57793},{"type":1,"time":8480,"positionX":2.0,"holdTime":0.0,"speed":1.0,"floorPosition":154.87013},{"type":1,"time":8496,"positionX":2.0,"holdTime":0.0,"speed":1.0,"floorPosition":155.16234},{"type":1,"time":8512,"positionX":-2.0,"holdTime":0.0,"speed":1.0,"floorPosition":155.45454},{"type":1,"time":8536,"positionX":-2.0,"holdTime":0.0,"speed":1.0,"floorPosition":155.89285},{"type":1,"time":8560,"positionX":-2.0,"holdTime":0.0,"speed":1.0,"floorPosition":156.33116},{"type":1,"time":8576,"positionX":3.0,"holdTime":0.0,"speed":1.0,"floorPosition":156.62338},{"type":1,"time":8592,"positionX":3.0,"holdTime":0.0,"speed":1.0,"floorPosition":156.91559},{"type":1,"time":8608,"positionX":-3.0,"holdTime":0.0,"speed":1.0,"floorPosition":157.2078},{"type":1,"time":8624,"positionX":-3.0,"holdTime":0.0,"speed":1.0,"floorPosition":157.5},{"type":1,"time":8640,"positionX":1.0,"holdTime":0.0,"speed":1.0,"floorPosition":157.7922},{"type":1,"time":8672,"positionX":-2.0,"holdTime":0.0,"speed":1.0,"floorPosition":158.37662},{"type":1,"time":8688,"positionX":-2.0,"holdTime":0.0,"speed":1.0,"floorPosition":158.66884},{"type":1,"time":8704,"positionX":1.0,"holdTime":0.0,"speed":1.0,"floorPosition":158.96104},{"type":1,"time":8720,"positionX":1.0,"holdTime":0.0,"speed":1.0,"floorPosition":159.25325},{"type":1,"time":8752,"positionX":1.0,"holdTime":0.0,"speed":1.0,"floorPosition":159.83766},{"type":1,"time":8768,"positionX":-2.0,"holdTime":0.0,"speed":1.0,"floorPosition":160.12987},{"type":1,"time":8792,"positionX":-2.0,"holdTime":0.0,"speed":1.0,"floorPosition":160.56818},{"type":1,"time":8808,"positionX":-2.0,"holdTime":0.0,"speed":1.0,"floorPosition":160.86038},{"type":1,"time":8832,"positionX":-2.0,"holdTime":0.0,"speed":1.0,"floorPosition":161.2987},{"type":1,"time":8864,"positionX":2.0,"holdTime":0.0,"speed":1.0,"floorPosition":161.88312},{"type":3,"time":8896,"positionX":-3.0,"holdTime":16.0,"speed":1.5,"floorPosition":162.46753},{"type":3,"time":8928,"positionX":-3.0,"holdTime":16.0,"speed":1.5,"floorPosition":163.05194},{"type":1,"time":8960,"positionX":0.0,"holdTime":0.0,"speed":1.0,"floorPosition":163.63637},{"type":3,"time":8992,"positionX":3.0,"holdTime":16.0,"speed":1.5,"floorPosition":164.22078},{"type":3,"time":9024,"positionX":3.0,"holdTime":16.0,"speed":1.5,"floorPosition":164.80519},{"type":3,"time":9056,"positionX":3.0,"holdTime":16.0,"speed":1.5,"floorPosition":165.38962},{"type":1,"time":9088,"positionX":0.0,"holdTime":0.0,"speed":1.0,"floorPosition":165.97403},{"type":1,"time":9120,"positionX":-2.0,"holdTime":0.0,"speed":1.0,"floorPosition":166.55844},{"type":3,"time":9152,"positionX":2.0,"holdTime":16.0,"speed":1.5,"floorPosition":167.14285},{"type":3,"time":9184,"positionX":2.0,"holdTime":16.0,"speed":1.5,"floorPosition":167.72728},{"type":1,"time":9216,"positionX":-2.0,"holdTime":0.0,"speed":1.0,"floorPosition":168.31169},{"type":3,"time":9248,"positionX":-2.0,"holdTime":16.0,"speed":1.5,"floorPosition":168.8961},{"type":3,"time":9280,"positionX":-2.0,"holdTime":16.0,"speed":1.5,"floorPosition":169.48051},{"type":3,"time":9312,"positionX":-2.0,"holdTime":16.0,"speed":1.5,"floorPosition":170.06494},{"type":1,"time":9344,"positionX":2.0,"holdTime":0.0,"speed":1.0,"floorPosition":170.64935},{"type":3,"time":9376,"positionX":2.0,"holdTime":16.0,"speed":1.5,"floorPosition":171.23376},{"type":3,"time":9408,"positionX":-4.0,"holdTime":16.0,"speed":1.5,"floorPosition":171.81818},{"type":3,"time":9440,"positionX":-4.0,"holdTime":16.0,"speed":1.5,"floorPosition":172.4026},{"type":1,"time":9472,"positionX":0.0,"holdTime":0.0,"speed":1.0,"floorPosition":172.98701},{"type":3,"time":9504,"positionX":4.0,"holdTime":16.0,"speed":1.5,"floorPosition":173.57143},{"type":3,"time":9536,"positionX":4.0,"holdTime":16.0,"speed":1.5,"floorPosition":174.15584},{"type":3,"time":9568,"positionX":4.0,"holdTime":16.0,"speed":1.5,"floorPosition":174.74026},{"type":1,"time":9600,"positionX":0.0,"holdTime":0.0,"speed":1.0,"floorPosition":175.32468},{"type":1,"time":9632,"positionX":-1.0,"holdTime":0.0,"speed":1.0,"floorPosition":175.90909},{"type":3,"time":9664,"positionX":-2.0,"holdTime":16.0,"speed":1.5,"floorPosition":176.4935},{"type":3,"time":9696,"positionX":-2.0,"holdTime":16.0,"speed":1.5,"floorPosition":177.07793},{"type":1,"time":9728,"positionX":2.0,"holdTime":0.0,"speed":1.0,"floorPosition":177.66234},{"type":1,"time":9760,"positionX":0.0,"holdTime":0.0,"speed":1.0,"floorPosition":178.24675},{"type":1,"time":9792,"positionX":-2.0,"holdTime":0.0,"speed":1.0,"floorPosition":178.83116},{"type":1,"time":9808,"positionX":-2.0,"holdTime":0.0,"speed":1.0,"floorPosition":179.12338},{"type":1,"time":9824,"positionX":2.0,"holdTime":0.0,"speed":1.0,"floorPosition":179.41559},{"type":1,"time":9840,"positionX":2.0,"holdTime":0.0,"speed":1.0,"floorPosition":179.7078},{"type":4,"time":9856,"positionX":-2.0,"holdTime":0.0,"speed":1.0,"floorPosition":180.0},{"type":1,"time":11456,"positionX":-4.0,"holdTime":0.0,"speed":1.0,"floorPosition":202.98701},{"type":2,"time":11472,"positionX":-3.0,"holdTime":0.0,"speed":1.0,"floorPosition":203.18182},{"type":1,"time":11504,"positionX":3.0,"holdTime":0.0,"speed":1.0,"floorPosition":203.57143},{"type":2,"time":11520,"positionX":2.0,"holdTime":0.0,"speed":1.0,"floorPosition":203.76624},{"type":1,"time":11552,"positionX":-4.0,"holdTime":0.0,"speed":1.0,"floorPosition":204.15585},{"type":2,"time":11568,"positionX":-3.0,"holdTime":0.0,"speed":1.0,"floorPosition":204.35065},{"type":1,"time":11600,"positionX":2.0,"holdTime":0.0,"speed":1.0,"floorPosition":204.74026},{"type":2,"time":11616,"positionX":1.0,"holdTime":0.0,"speed":1.0,"floorPosition":204.93507},{"type":2,"time":11632,"positionX":0.0,"holdTime":0.0,"speed":1.0,"floorPosition":205.12987},{"type":2,"time":11648,"positionX":-1.0,"holdTime":0.0,"speed":1.0,"floorPosition":205.32468},{"type":2,"time":11664,"positionX":0.0,"holdTime":0.0,"speed":1.0,"floorPosition":205.51949},{"type":2,"time":11680,"positionX":1.0,"holdTime":0.0,"speed":1.0,"floorPosition":205.7143},{"type":2,"time":11696,"positionX":2.0,"holdTime":0.0,"speed":1.0,"floorPosition":205.9091},{"type":1,"time":11712,"positionX":-4.0,"holdTime":0.0,"speed":1.0,"floorPosition":206.1039},{"type":2,"time":11728,"positionX":-3.0,"holdTime":0.0,"speed":1.0,"floorPosition":206.2987},{"type":2,"time":11744,"positionX":-2.0,"holdTime":0.0,"speed":1.0,"floorPosition":206.49352},{"type":2,"time":11760,"positionX":-1.0,"holdTime":0.0,"speed":1.0,"floorPosition":206.68832},{"type":2,"time":11776,"positionX":-2.0,"holdTime":0.0,"speed":1.0,"floorPosition":206.88312},{"type":2,"time":11792,"positionX":-3.0,"holdTime":0.0,"speed":1.0,"floorPosition":207.07793},{"type":2,"time":11808,"positionX":-4.0,"holdTime":0.0,"speed":1.0,"floorPosition":207.27274},{"type":2,"time":11824,"positionX":-3.0,"holdTime":0.0,"speed":1.0,"floorPosition":207.46754},{"type":1,"time":11856,"positionX":-1.0,"holdTime":0.0,"speed":1.0,"floorPosition":207.85715},{"type":2,"time":11872,"positionX":0.0,"holdTime":0.0,"speed":1.0,"floorPosition":208.05196},{"type":2,"time":11888,"positionX":1.0,"holdTime":0.0,"speed":1.0,"floorPosition":208.24677},{"type":2,"time":11904,"positionX":2.0,"holdTime":0.0,"speed":1.0,"floorPosition":208.44156},{"type":2,"time":11920,"positionX":1.0,"holdTime":0.0,"speed":1.0,"floorPosition":208.63637},{"type":2,"time":11936,"positionX":0.0,"holdTime":0.0,"speed":1.0,"floorPosition":208.83118},{"type":2,"time":11952,"positionX":-1.0,"holdTime":0.0,"speed":1.0,"floorPosition":209.02599},{"type":1,"time":11968,"positionX":-3.0,"holdTime":0.0,"speed":1.0,"floorPosition":209.22078},{"type":2,"time":11984,"positionX":-3.0,"holdTime":0.0,"speed":1.0,"floorPosition":209.41559},{"type":1,"time":12016,"positionX":2.0,"holdTime":0.0,"speed":1.0,"floorPosition":209.8052},{"type":2,"time":12032,"positionX":2.0,"holdTime":0.0,"speed":1.0,"floorPosition":210.0},{"type":1,"time":12064,"positionX":-2.0,"holdTime":0.0,"speed":1.0,"floorPosition":210.38962},{"type":2,"time":12080,"positionX":-2.0,"holdTime":0.0,"speed":1.0,"floorPosition":210.58443},{"type":1,"time":12112,"positionX":2.0,"holdTime":0.0,"speed":1.0,"floorPosition":210.97403},{"type":2,"time":12128,"positionX":1.0,"holdTime":0.0,"speed":1.0,"floorPosition":211.16884},{"type":2,"time":12144,"positionX":0.0,"holdTime":0.0,"speed":1.0,"floorPosition":211.36365},{"type":2,"time":12176,"positionX":-1.0,"holdTime":0.0,"speed":1.0,"floorPosition":211.75325},{"type":2,"time":12192,"positionX":0.0,"holdTime":0.0,"speed":1.0,"floorPosition":211.94806},{"type":2,"time":12208,"positionX":1.0,"holdTime":0.0,"speed":1.0,"floorPosition":212.14287},{"type":2,"time":12224,"positionX":3.0,"holdTime":0.0,"speed":1.0,"floorPosition":212.33766},{"type":2,"time":12228,"positionX":2.3333333,"holdTime":0.0,"speed":1.0,"floorPosition":212.38637},{"type":2,"time":12240,"positionX":1.0,"holdTime":0.0,"speed":1.0,"floorPosition":212.53247},{"type":2,"time":12272,"positionX":-1.0,"holdTime":0.0,"speed":1.0,"floorPosition":212.92209},{"type":2,"time":12304,"positionX":-3.0,"holdTime":0.0,"speed":1.0,"floorPosition":213.31169},{"type":2,"time":12336,"positionX":-1.0,"holdTime":0.0,"speed":1.0,"floorPosition":213.70131},{"type":2,"time":12368,"positionX":2.0,"holdTime":0.0,"speed":1.0,"floorPosition":214.09091},{"type":2,"time":12384,"positionX":2.0,"holdTime":0.0,"speed":1.0,"floorPosition":214.28572},{"type":2,"time":12416,"positionX":-2.0,"holdTime":0.0,"speed":1.0,"floorPosition":214.67532},{"type":2,"time":12424,"positionX":-2.0,"holdTime":0.0,"speed":1.0,"floorPosition":214.77274},{"type":2,"time":12432,"positionX":-2.0,"holdTime":0.0,"speed":1.0,"floorPosition":214.87013},{"type":2,"time":12448,"positionX":-2.0,"holdTime":0.0,"speed":1.0,"floorPosition":215.06494}],"notesBelow":[{"type":3,"time":9920,"positionX":-3.0,"holdTime":64.0,"speed":1.5,"floorPosition":181.16884},{"type":1,"time":9984,"positionX":4.0,"holdTime":0.0,"speed":1.0,"floorPosition":182.33766},{"type":3,"time":10016,"positionX":-2.0,"holdTime":96.0,"speed":1.5,"floorPosition":182.92207},{"type":1,"time":10112,"positionX":4.0,"holdTime":0.0,"speed":1.0,"floorPosition":184.67532},{"type":3,"time":10176,"positionX":3.0,"holdTime":64.0,"speed":1.5,"floorPosition":185.84416},{"type":1,"time":10240,"positionX":-4.0,"holdTime":0.0,"speed":1.0,"floorPosition":187.01299},{"type":3,"time":10272,"positionX":2.0,"holdTime":64.0,"speed":1.5,"floorPosition":187.5974},{"type":3,"time":10368,"positionX":0.0,"holdTime":64.0,"speed":1.5,"floorPosition":189.35065},{"type":4,"time":10432,"positionX":0.0,"holdTime":0.0,"speed":1.0,"floorPosition":190.51949},{"type":1,"time":10496,"positionX":-4.0,"holdTime":0.0,"speed":1.0,"floorPosition":191.2987},{"type":1,"time":10624,"positionX":-4.0,"holdTime":0.0,"speed":1.0,"floorPosition":192.85715},{"type":1,"time":10752,"positionX":4.0,"holdTime":0.0,"speed":1.0,"floorPosition":194.41559},{"type":1,"time":10880,"positionX":4.0,"holdTime":0.0,"speed":1.0,"floorPosition":195.97403},{"type":1,"time":11008,"positionX":-4.0,"holdTime":0.0,"speed":1.0,"floorPosition":197.53247},{"type":1,"time":11136,"positionX":-4.0,"holdTime":0.0,"speed":1.0,"floorPosition":199.09091},{"type":1,"time":11264,"positionX":4.0,"holdTime":0.0,"speed":1.0,"floorPosition":200.64935},{"type":1,"time":11392,"positionX":4.0,"holdTime":0.0,"speed":1.0,"floorPosition":202.2078}],"speedEvents":[{"startTime":0.0,"endTime":10432.0,"value":1.5},{"startTime":10432.0,"endTime":1000000000.0,"value":1.0}],"judgeLineMoveEvents":[{"startTime":-999999.0,"endTime":128.0,"start":440260.0,"end":440260.0},{"startTime":128.0,"endTime":160.0,"start":440260.0,"end":440258.0},{"startTime":160.0,"endTime":176.0,"start":440258.0,"end":440256.0},{"startTime":176.0,"endTime":192.0,"start":440256.0,"end":440253.0},{"startTime":192.0,"endTime":224.0,"start":440253.0,"end":440245.0},{"startTime":224.0,"endTime":240.0,"start":440245.0,"end":440240.0},{"startTime":240.0,"endTime":256.0,"start":440240.0,"end":440233.0},{"startTime":256.0,"endTime":272.0,"start":440233.0,"end":440227.0},{"startTime":272.0,"endTime":288.0,"start":440227.0,"end":440219.0},{"startTime":288.0,"endTime":304.0,"start":440219.0,"end":440210.0},{"startTime":304.0,"endTime":320.0,"start":440210.0,"end":440201.0},{"startTime":320.0,"endTime":336.0,"start":440201.0,"end":440191.0},{"startTime":336.0,"endTime":352.0,"start":440191.0,"end":440180.0},{"startTime":352.0,"endTime":384.0,"start":440180.0,"end":440156.0},{"startTime":384.0,"endTime":400.0,"start":440156.0,"end":440143.0},{"startTime":400.0,"endTime":416.0,"start":440143.0,"end":440131.0},{"startTime":416.0,"endTime":432.0,"start":440131.0,"end":440120.0},{"startTime":432.0,"endTime":448.0,"start":440120.0,"end":440110.0},{"startTime":448.0,"endTime":464.0,"start":440110.0,"end":440101.0},{"startTime":464.0,"endTime":480.0,"start":440101.0,"end":440092.0},{"startTime":480.0,"endTime":496.0,"start":440092.0,"end":440084.0},{"startTime":496.0,"endTime":512.0,"start":440084.0,"end":440077.0},{"startTime":512.0,"endTime":528.0,"start":440077.0,"end":440071.0},{"startTime":528.0,"endTime":544.0,"start":440071.0,"end":440066.0},{"startTime":544.0,"endTime":560.0,"start":440066.0,"end":440062.0},{"startTime":560.0,"endTime":576.0,"start":440062.0,"end":440058.0},{"startTime":576.0,"endTime":592.0,"start":440058.0,"end":440055.0},{"startTime":592.0,"endTime":608.0,"start":440055.0,"end":440053.0},{"startTime":608.0,"endTime":640.0,"start":440053.0,"end":440051.0},{"startTime":640.0,"endTime":656.0,"start":440051.0,"end":440052.0},{"startTime":656.0,"endTime":672.0,"start":440052.0,"end":440052.0},{"startTime":672.0,"endTime":688.0,"start":440052.0,"end":440053.0},{"startTime":688.0,"endTime":752.0,"start":440053.0,"end":440061.0},{"startTime":752.0,"endTime":768.0,"start":440061.0,"end":440064.0},{"startTime":768.0,"endTime":784.0,"start":440064.0,"end":440068.0},{"startTime":784.0,"endTime":816.0,"start":440068.0,"end":440076.0},{"startTime":816.0,"endTime":832.0,"start":440076.0,"end":440081.0},{"startTime":832.0,"endTime":848.0,"start":440081.0,"end":440086.0},{"startTime":848.0,"endTime":864.0,"start":440086.0,"end":440091.0},{"startTime":864.0,"endTime":896.0,"start":440091.0,"end":440103.0},{"startTime":896.0,"endTime":912.0,"start":440103.0,"end":440110.0},{"startTime":912.0,"endTime":928.0,"start":440110.0,"end":440116.0},{"startTime":928.0,"endTime":944.0,"start":440116.0,"end":440121.0},{"startTime":944.0,"endTime":976.0,"start":440121.0,"end":440131.0},{"startTime":976.0,"endTime":1008.0,"start":440131.0,"end":440139.0},{"startTime":1008.0,"endTime":1024.0,"start":440139.0,"end":440142.0},{"startTime":1024.0,"endTime":1040.0,"start":440142.0,"end":440146.0},{"startTime":1040.0,"endTime":1056.0,"start":440146.0,"end":440148.0},{"startTime":1056.0,"endTime":1072.0,"start":440148.0,"end":440150.0},{"startTime":1072.0,"endTime":1088.0,"start":440150.0,"end":440152.0},{"startTime":1088.0,"endTime":1104.0,"start":440152.0,"end":440154.0},{"startTime":1104.0,"endTime":1120.0,"start":440154.0,"end":440155.0},{"startTime":1120.0,"endTime":1216.0,"start":440155.0,"end":440155.0},{"startTime":1216.0,"endTime":1248.0,"start":440155.0,"end":440153.0},{"startTime":1248.0,"endTime":1264.0,"start":440153.0,"end":440151.0},{"startTime":1264.0,"endTime":1280.0,"start":440151.0,"end":440149.0},{"startTime":1280.0,"endTime":1312.0,"start":440149.0,"end":440143.0},{"startTime":1312.0,"endTime":1328.0,"start":440143.0,"end":440139.0},{"startTime":1328.0,"endTime":1344.0,"start":440139.0,"end":440134.0},{"startTime":1344.0,"endTime":1360.0,"start":440134.0,"end":440128.0},{"startTime":1360.0,"endTime":1376.0,"start":440128.0,"end":440121.0},{"startTime":1376.0,"endTime":1392.0,"start":440121.0,"end":440113.0},{"startTime":1392.0,"endTime":1408.0,"start":440113.0,"end":440103.0},{"startTime":1408.0,"endTime":1424.0,"start":440103.0,"end":440094.0},{"startTime":1424.0,"endTime":1440.0,"start":440094.0,"end":440086.0},{"startTime":1440.0,"endTime":1456.0,"start":440086.0,"end":440079.0},{"startTime":1456.0,"endTime":1472.0,"start":440079.0,"end":440073.0},{"startTime":1472.0,"endTime":1488.0,"start":440073.0,"end":440068.0},{"startTime":1488.0,"endTime":1504.0,"start":440068.0,"end":440064.0},{"startTime":1504.0,"endTime":1536.0,"start":440064.0,"end":440058.0},{"startTime":1536.0,"endTime":1568.0,"start":440058.0,"end":440054.0},{"startTime":1568.0,"endTime":1600.0,"start":440054.0,"end":440052.0},{"startTime":1600.0,"endTime":1648.0,"start":440052.0,"end":440052.0},{"startTime":1648.0,"endTime":1664.0,"start":440052.0,"end":440051.0},{"startTime":1664.0,"endTime":1680.0,"start":440051.0,"end":440052.0},{"startTime":1680.0,"endTime":1728.0,"start":440052.0,"end":440052.0},{"startTime":1728.0,"endTime":1760.0,"start":440052.0,"end":440054.0},{"startTime":1760.0,"endTime":1792.0,"start":440054.0,"end":440058.0},{"startTime":1792.0,"endTime":1824.0,"start":440058.0,"end":440064.0},{"startTime":1824.0,"endTime":1840.0,"start":440064.0,"end":440068.0},{"startTime":1840.0,"endTime":1856.0,"start":440068.0,"end":440073.0},{"startTime":1856.0,"endTime":1872.0,"start":440073.0,"end":440079.0},{"startTime":1872.0,"endTime":1888.0,"start":440079.0,"end":440086.0},{"startTime":1888.0,"endTime":1904.0,"start":440086.0,"end":440094.0},{"startTime":1904.0,"endTime":1920.0,"start":440094.0,"end":440103.0},{"startTime":1920.0,"endTime":1936.0,"start":440103.0,"end":440113.0},{"startTime":1936.0,"endTime":1952.0,"start":440113.0,"end":440121.0},{"startTime":1952.0,"endTime":1968.0,"start":440121.0,"end":440128.0},{"startTime":1968.0,"endTime":1984.0,"start":440128.0,"end":440134.0},{"startTime":1984.0,"endTime":2000.0,"start":440134.0,"end":440139.0},{"startTime":2000.0,"endTime":2016.0,"start":440139.0,"end":440143.0},{"startTime":2016.0,"endTime":2048.0,"start":440143.0,"end":440149.0},{"startTime":2048.0,"endTime":2064.0,"start":440149.0,"end":440151.0},{"startTime":2064.0,"endTime":2080.0,"start":440151.0,"end":440153.0},{"startTime":2080.0,"endTime":2112.0,"start":440153.0,"end":440155.0},{"startTime":2112.0,"endTime":2232.0,"start":440155.0,"end":440155.0},{"startTime":2232.0,"endTime":2240.0,"start":440155.0,"end":441155.0},{"startTime":2240.0,"endTime":2248.0,"start":441155.0,"end":442154.0},{"startTime":2248.0,"endTime":2256.0,"start":442154.0,"end":444153.0},{"startTime":2256.0,"endTime":2264.0,"start":444153.0,"end":446151.0},{"startTime":2264.0,"endTime":2272.0,"start":446151.0,"end":450149.0},{"startTime":2272.0,"endTime":2280.0,"start":450149.0,"end":455146.0},{"startTime":2280.0,"endTime":2288.0,"start":455146.0,"end":462142.0},{"startTime":2288.0,"endTime":2296.0,"start":462142.0,"end":471137.0},{"startTime":2296.0,"endTime":2304.0,"start":471137.0,"end":483129.0},{"startTime":2304.0,"endTime":2312.0,"start":483129.0,"end":496122.0},{"startTime":2312.0,"endTime":2320.0,"start":496122.0,"end":505117.0},{"startTime":2320.0,"endTime":2328.0,"start":505117.0,"end":512113.0},{"startTime":2328.0,"endTime":2336.0,"start":512113.0,"end":517110.0},{"startTime":2336.0,"endTime":2344.0,"start":517110.0,"end":521108.0},{"startTime":2344.0,"endTime":2352.0,"start":521108.0,"end":523106.0},{"startTime":2352.0,"endTime":2360.0,"start":523106.0,"end":525105.0},{"startTime":2360.0,"endTime":2368.0,"start":525105.0,"end":526104.0},{"startTime":2368.0,"endTime":2376.0,"start":526104.0,"end":527104.0},{"startTime":2376.0,"endTime":2424.0,"start":527104.0,"end":527104.0},{"startTime":2424.0,"endTime":2432.0,"start":527104.0,"end":527103.0},{"startTime":2432.0,"endTime":2440.0,"start":527103.0,"end":527104.0},{"startTime":2440.0,"endTime":2488.0,"start":527104.0,"end":527104.0},{"startTime":2488.0,"endTime":2496.0,"start":527104.0,"end":526104.0},{"startTime":2496.0,"endTime":2504.0,"start":526104.0,"end":525105.0},{"startTime":2504.0,"endTime":2512.0,"start":525105.0,"end":523106.0},{"startTime":2512.0,"endTime":2520.0,"start":523106.0,"end":521108.0},{"startTime":2520.0,"endTime":2528.0,"start":521108.0,"end":517110.0},{"startTime":2528.0,"endTime":2536.0,"start":517110.0,"end":512113.0},{"startTime":2536.0,"endTime":2544.0,"start":512113.0,"end":505117.0},{"startTime":2544.0,"endTime":2552.0,"start":505117.0,"end":496122.0},{"startTime":2552.0,"endTime":2560.0,"start":496122.0,"end":483129.0},{"startTime":2560.0,"endTime":2568.0,"start":483129.0,"end":471137.0},{"startTime":2568.0,"endTime":2576.0,"start":471137.0,"end":462142.0},{"startTime":2576.0,"endTime":2584.0,"start":462142.0,"end":455146.0},{"startTime":2584.0,"endTime":2592.0,"start":455146.0,"end":450149.0},{"startTime":2592.0,"endTime":2600.0,"start":450149.0,"end":446151.0},{"startTime":2600.0,"endTime":2608.0,"start":446151.0,"end":444153.0},{"startTime":2608.0,"endTime":2616.0,"start":444153.0,"end":442154.0},{"startTime":2616.0,"endTime":2624.0,"start":442154.0,"end":441155.0},{"startTime":2624.0,"endTime":2632.0,"start":441155.0,"end":440155.0},{"startTime":2632.0,"endTime":2688.0,"start":440155.0,"end":440155.0},{"startTime":2688.0,"endTime":2696.0,"start":440155.0,"end":439155.0},{"startTime":2696.0,"endTime":2744.0,"start":439155.0,"end":439155.0},{"startTime":2744.0,"endTime":2752.0,"start":439155.0,"end":438155.0},{"startTime":2752.0,"endTime":2760.0,"start":438155.0,"end":437154.0},{"startTime":2760.0,"endTime":2768.0,"start":437154.0,"end":435153.0},{"startTime":2768.0,"endTime":2776.0,"start":435153.0,"end":433151.0},{"startTime":2776.0,"endTime":2784.0,"start":433151.0,"end":429149.0},{"startTime":2784.0,"endTime":2792.0,"start":429149.0,"end":424146.0},{"startTime":2792.0,"endTime":2800.0,"start":424146.0,"end":417142.0},{"startTime":2800.0,"endTime":2808.0,"start":417142.0,"end":408137.0},{"startTime":2808.0,"endTime":2816.0,"start":408137.0,"end":395129.0},{"startTime":2816.0,"endTime":2824.0,"start":395129.0,"end":383122.0},{"startTime":2824.0,"endTime":2832.0,"start":383122.0,"end":374117.0},{"startTime":2832.0,"endTime":2840.0,"start":374117.0,"end":367113.0},{"startTime":2840.0,"endTime":2848.0,"start":367113.0,"end":362110.0},{"startTime":2848.0,"endTime":2856.0,"start":362110.0,"end":358108.0},{"startTime":2856.0,"endTime":2864.0,"start":358108.0,"end":356106.0},{"startTime":2864.0,"endTime":2872.0,"start":356106.0,"end":354105.0},{"startTime":2872.0,"endTime":2880.0,"start":354105.0,"end":353104.0},{"startTime":2880.0,"endTime":2888.0,"start":353104.0,"end":352104.0},{"startTime":2888.0,"endTime":2936.0,"start":352104.0,"end":352104.0},{"startTime":2936.0,"endTime":2944.0,"start":352104.0,"end":351103.0},{"startTime":2944.0,"endTime":2952.0,"start":351103.0,"end":352104.0},{"startTime":2952.0,"endTime":3000.0,"start":352104.0,"end":352104.0},{"startTime":3000.0,"endTime":3008.0,"start":352104.0,"end":353104.0},{"startTime":3008.0,"endTime":3016.0,"start":353104.0,"end":354105.0},{"startTime":3016.0,"endTime":3024.0,"start":354105.0,"end":356106.0},{"startTime":3024.0,"endTime":3032.0,"start":356106.0,"end":358108.0},{"startTime":3032.0,"endTime":3040.0,"start":358108.0,"end":362110.0},{"startTime":3040.0,"endTime":3048.0,"start":362110.0,"end":367113.0},{"startTime":3048.0,"endTime":3056.0,"start":367113.0,"end":374117.0},{"startTime":3056.0,"endTime":3064.0,"start":374117.0,"end":383122.0},{"startTime":3064.0,"endTime":3072.0,"start":383122.0,"end":395129.0},{"startTime":3072.0,"endTime":3080.0,"start":395129.0,"end":408137.0},{"startTime":3080.0,"endTime":3088.0,"start":408137.0,"end":417142.0},{"startTime":3088.0,"endTime":3096.0,"start":417142.0,"end":424146.0},{"startTime":3096.0,"endTime":3104.0,"start":424146.0,"end":429149.0},{"startTime":3104.0,"endTime":3112.0,"start":429149.0,"end":433151.0},{"startTime":3112.0,"endTime":3120.0,"start":433151.0,"end":435153.0},{"startTime":3120.0,"endTime":3128.0,"start":435153.0,"end":437154.0},{"startTime":3128.0,"endTime":3136.0,"start":437154.0,"end":438155.0},{"startTime":3136.0,"endTime":3144.0,"start":438155.0,"end":439155.0},{"startTime":3144.0,"endTime":3192.0,"start":439155.0,"end":439155.0},{"startTime":3192.0,"endTime":3200.0,"start":439155.0,"end":440155.0},{"startTime":3200.0,"endTime":3208.0,"start":440155.0,"end":440155.0},{"startTime":3208.0,"endTime":3210.0,"start":440155.0,"end":440153.0},{"startTime":3210.0,"endTime":3211.0,"start":440153.0,"end":440151.0},{"startTime":3211.0,"endTime":3212.0,"start":440151.0,"end":440149.0},{"startTime":3212.0,"endTime":3213.0,"start":440149.0,"end":440146.0},{"startTime":3213.0,"endTime":3214.0,"start":440146.0,"end":440142.0},{"startTime":3214.0,"endTime":3215.0,"start":440142.0,"end":440137.0},{"startTime":3215.0,"endTime":3216.0,"start":440137.0,"end":440129.0},{"startTime":3216.0,"endTime":3217.0,"start":440129.0,"end":440122.0},{"startTime":3217.0,"endTime":3218.0,"start":440122.0,"end":440117.0},{"startTime":3218.0,"endTime":3219.0,"start":440117.0,"end":440113.0},{"startTime":3219.0,"endTime":3220.0,"start":440113.0,"end":440110.0},{"startTime":3220.0,"endTime":3222.0,"start":440110.0,"end":440106.0},{"startTime":3222.0,"endTime":3223.0,"start":440106.0,"end":440105.0},{"startTime":3223.0,"endTime":3224.0,"start":440105.0,"end":440104.0},{"startTime":3224.0,"endTime":3231.0,"start":440104.0,"end":440104.0},{"startTime":3231.0,"endTime":3232.0,"start":440104.0,"end":440103.0},{"startTime":3232.0,"endTime":3488.0,"start":440103.0,"end":440051.0},{"startTime":3488.0,"endTime":3744.0,"start":440051.0,"end":440103.0},{"startTime":3744.0,"endTime":4000.0,"start":440103.0,"end":440051.0},{"startTime":4000.0,"endTime":4256.0,"start":440051.0,"end":440103.0},{"startTime":4256.0,"endTime":4512.0,"start":440103.0,"end":440051.0},{"startTime":4512.0,"endTime":4768.0,"start":440051.0,"end":440103.0},{"startTime":4768.0,"endTime":5024.0,"start":440103.0,"end":440051.0},{"startTime":5024.0,"endTime":5280.0,"start":440051.0,"end":440103.0},{"startTime":5280.0,"endTime":6304.0,"start":440103.0,"end":440104.0},{"startTime":6304.0,"endTime":6560.0,"start":440104.0,"end":440051.0},{"startTime":6560.0,"endTime":6816.0,"start":440051.0,"end":440103.0},{"startTime":6816.0,"endTime":7072.0,"start":440103.0,"end":440051.0},{"startTime":7072.0,"endTime":7328.0,"start":440051.0,"end":440103.0},{"startTime":7328.0,"endTime":7584.0,"start":440103.0,"end":440051.0},{"startTime":7584.0,"endTime":7840.0,"start":440051.0,"end":440103.0},{"startTime":7840.0,"endTime":8096.0,"start":440103.0,"end":440051.0},{"startTime":8096.0,"endTime":8352.0,"start":440051.0,"end":440103.0},{"startTime":8352.0,"endTime":8360.0,"start":440103.0,"end":440103.0},{"startTime":8360.0,"endTime":8361.0,"start":440103.0,"end":440102.0},{"startTime":8361.0,"endTime":8362.0,"start":440102.0,"end":440101.0},{"startTime":8362.0,"endTime":8364.0,"start":440101.0,"end":440097.0},{"startTime":8364.0,"endTime":8365.0,"start":440097.0,"end":440094.0},{"startTime":8365.0,"endTime":8366.0,"start":440094.0,"end":440090.0},{"startTime":8366.0,"endTime":8367.0,"start":440090.0,"end":440085.0},{"startTime":8367.0,"endTime":8368.0,"start":440085.0,"end":440077.0},{"startTime":8368.0,"endTime":8369.0,"start":440077.0,"end":440070.0},{"startTime":8369.0,"endTime":8370.0,"start":440070.0,"end":440065.0},{"startTime":8370.0,"endTime":8371.0,"start":440065.0,"end":440061.0},{"startTime":8371.0,"endTime":8372.0,"start":440061.0,"end":440058.0},{"startTime":8372.0,"endTime":8374.0,"start":440058.0,"end":440054.0},{"startTime":8374.0,"endTime":8376.0,"start":440054.0,"end":440052.0},{"startTime":8376.0,"endTime":8383.0,"start":440052.0,"end":440052.0},{"startTime":8383.0,"endTime":8384.0,"start":440052.0,"end":440051.0},{"startTime":8384.0,"endTime":8640.0,"start":440051.0,"end":351051.0},{"startTime":8640.0,"endTime":8896.0,"start":351051.0,"end":440051.0},{"startTime":8896.0,"endTime":9152.0,"start":440051.0,"end":527051.0},{"startTime":9152.0,"endTime":9408.0,"start":527051.0,"end":440051.0},{"startTime":9408.0,"endTime":9416.0,"start":440051.0,"end":439052.0},{"startTime":9416.0,"endTime":9464.0,"start":439052.0,"end":439052.0},{"startTime":9464.0,"endTime":9472.0,"start":439052.0,"end":438052.0},{"startTime":9472.0,"endTime":9480.0,"start":438052.0,"end":437053.0},{"startTime":9480.0,"endTime":9488.0,"start":437053.0,"end":435054.0},{"startTime":9488.0,"endTime":9496.0,"start":435054.0,"end":433056.0},{"startTime":9496.0,"endTime":9504.0,"start":433056.0,"end":429058.0},{"startTime":9504.0,"endTime":9512.0,"start":429058.0,"end":424061.0},{"startTime":9512.0,"endTime":9520.0,"start":424061.0,"end":417065.0},{"startTime":9520.0,"endTime":9528.0,"start":417065.0,"end":408070.0},{"startTime":9528.0,"endTime":9536.0,"start":408070.0,"end":395077.0},{"startTime":9536.0,"endTime":9544.0,"start":395077.0,"end":383085.0},{"startTime":9544.0,"endTime":9552.0,"start":383085.0,"end":374090.0},{"startTime":9552.0,"endTime":9560.0,"start":374090.0,"end":367094.0},{"startTime":9560.0,"endTime":9568.0,"start":367094.0,"end":362097.0},{"startTime":9568.0,"endTime":9576.0,"start":362097.0,"end":358099.0},{"startTime":9576.0,"endTime":9584.0,"start":358099.0,"end":356101.0},{"startTime":9584.0,"endTime":9592.0,"start":356101.0,"end":354102.0},{"startTime":9592.0,"endTime":9600.0,"start":354102.0,"end":353103.0},{"startTime":9600.0,"endTime":9608.0,"start":353103.0,"end":352103.0},{"startTime":9608.0,"endTime":9656.0,"start":352103.0,"end":352103.0},{"startTime":9656.0,"endTime":9664.0,"start":352103.0,"end":351103.0},{"startTime":9664.0,"endTime":9668.0,"start":351103.0,"end":351103.0},{"startTime":9668.0,"endTime":9672.0,"start":351103.0,"end":352103.0},{"startTime":9672.0,"endTime":9708.0,"start":352103.0,"end":352103.0},{"startTime":9708.0,"endTime":9712.0,"start":352103.0,"end":353103.0},{"startTime":9712.0,"endTime":9716.0,"start":353103.0,"end":354102.0},{"startTime":9716.0,"endTime":9720.0,"start":354102.0,"end":354102.0},{"startTime":9720.0,"endTime":9724.0,"start":354102.0,"end":356101.0},{"startTime":9724.0,"endTime":9728.0,"start":356101.0,"end":357100.0},{"startTime":9728.0,"endTime":9732.0,"start":357100.0,"end":359099.0},{"startTime":9732.0,"endTime":9740.0,"start":359099.0,"end":365095.0},{"startTime":9740.0,"endTime":9744.0,"start":365095.0,"end":369093.0},{"startTime":9744.0,"endTime":9748.0,"start":369093.0,"end":374090.0},{"startTime":9748.0,"endTime":9752.0,"start":374090.0,"end":380087.0},{"startTime":9752.0,"endTime":9756.0,"start":380087.0,"end":387082.0},{"startTime":9756.0,"endTime":9760.0,"start":387082.0,"end":395077.0},{"startTime":9760.0,"endTime":9764.0,"start":395077.0,"end":404073.0},{"startTime":9764.0,"endTime":9768.0,"start":404073.0,"end":411068.0},{"startTime":9768.0,"endTime":9772.0,"start":411068.0,"end":417065.0},{"startTime":9772.0,"endTime":9776.0,"start":417065.0,"end":422062.0},{"startTime":9776.0,"endTime":9780.0,"start":422062.0,"end":426060.0},{"startTime":9780.0,"endTime":9784.0,"start":426060.0,"end":429058.0},{"startTime":9784.0,"endTime":9788.0,"start":429058.0,"end":432056.0},{"startTime":9788.0,"endTime":9792.0,"start":432056.0,"end":434055.0},{"startTime":9792.0,"endTime":9796.0,"start":434055.0,"end":435054.0},{"startTime":9796.0,"endTime":9800.0,"start":435054.0,"end":437053.0},{"startTime":9800.0,"endTime":9804.0,"start":437053.0,"end":437053.0},{"startTime":9804.0,"endTime":9808.0,"start":437053.0,"end":438052.0},{"startTime":9808.0,"endTime":9812.0,"start":438052.0,"end":439052.0},{"startTime":9812.0,"endTime":9848.0,"start":439052.0,"end":439052.0},{"startTime":9848.0,"endTime":9852.0,"start":439052.0,"end":440052.0},{"startTime":9852.0,"endTime":9856.0,"start":440052.0,"end":440051.0},{"startTime":9856.0,"endTime":9857.0,"start":440051.0,"end":440083.0},{"startTime":9857.0,"endTime":9858.0,"start":440083.0,"end":440113.0},{"startTime":9858.0,"endTime":9859.0,"start":440113.0,"end":440140.0},{"startTime":9859.0,"endTime":9860.0,"start":440140.0,"end":440166.0},{"startTime":9860.0,"endTime":9861.0,"start":440166.0,"end":440190.0},{"startTime":9861.0,"endTime":9862.0,"start":440190.0,"end":440213.0},{"startTime":9862.0,"endTime":9863.0,"start":440213.0,"end":440234.0},{"startTime":9863.0,"endTime":9864.0,"start":440234.0,"end":440254.0},{"startTime":9864.0,"endTime":9865.0,"start":440254.0,"end":440272.0},{"startTime":9865.0,"endTime":9866.0,"start":440272.0,"end":440290.0},{"startTime":9866.0,"endTime":9867.0,"start":440290.0,"end":440305.0},{"startTime":9867.0,"endTime":9868.0,"start":440305.0,"end":440320.0},{"startTime":9868.0,"endTime":9869.0,"start":440320.0,"end":440334.0},{"startTime":9869.0,"endTime":9870.0,"start":440334.0,"end":440346.0},{"startTime":9870.0,"endTime":9871.0,"start":440346.0,"end":440358.0},{"startTime":9871.0,"endTime":9872.0,"start":440358.0,"end":440369.0},{"startTime":9872.0,"endTime":9873.0,"start":440369.0,"end":440379.0},{"startTime":9873.0,"endTime":9874.0,"start":440379.0,"end":440388.0},{"startTime":9874.0,"endTime":9876.0,"start":440388.0,"end":440404.0},{"startTime":9876.0,"endTime":9877.0,"start":440404.0,"end":440411.0},{"startTime":9877.0,"endTime":9878.0,"start":440411.0,"end":440417.0},{"startTime":9878.0,"endTime":9879.0,"start":440417.0,"end":440423.0},{"startTime":9879.0,"endTime":9880.0,"start":440423.0,"end":440428.0},{"startTime":9880.0,"endTime":9881.0,"start":440428.0,"end":440433.0},{"startTime":9881.0,"endTime":9882.0,"start":440433.0,"end":440437.0},{"startTime":9882.0,"endTime":9883.0,"start":440437.0,"end":440441.0},{"startTime":9883.0,"endTime":9884.0,"start":440441.0,"end":440444.0},{"startTime":9884.0,"endTime":9886.0,"start":440444.0,"end":440450.0},{"startTime":9886.0,"endTime":9887.0,"start":440450.0,"end":440452.0},{"startTime":9887.0,"endTime":9888.0,"start":440452.0,"end":440455.0},{"startTime":9888.0,"endTime":9889.0,"start":440455.0,"end":440456.0},{"startTime":9889.0,"endTime":9890.0,"start":440456.0,"end":440458.0},{"startTime":9890.0,"endTime":9891.0,"start":440458.0,"end":440460.0},{"startTime":9891.0,"endTime":9895.0,"start":440460.0,"end":440464.0},{"startTime":9895.0,"endTime":9896.0,"start":440464.0,"end":440464.0},{"startTime":9896.0,"endTime":9897.0,"start":440464.0,"end":440465.0},{"startTime":9897.0,"endTime":9898.0,"start":440465.0,"end":440465.0},{"startTime":9898.0,"endTime":9899.0,"start":440465.0,"end":440466.0},{"startTime":9899.0,"endTime":9900.0,"start":440466.0,"end":440466.0},{"startTime":9900.0,"endTime":9901.0,"start":440466.0,"end":440467.0},{"startTime":9901.0,"endTime":9920.0,"start":440467.0,"end":440467.0},{"startTime":9920.0,"endTime":10176.0,"start":440467.0,"end":440415.0},{"startTime":10176.0,"endTime":10368.0,"start":440415.0,"end":440467.0},{"startTime":10368.0,"endTime":10369.0,"start":440467.0,"end":440452.0},{"startTime":10369.0,"endTime":10370.0,"start":440452.0,"end":440437.0},{"startTime":10370.0,"endTime":10371.0,"start":440437.0,"end":440423.0},{"startTime":10371.0,"endTime":10372.0,"start":440423.0,"end":440410.0},{"startTime":10372.0,"endTime":10373.0,"start":440410.0,"end":440398.0},{"startTime":10373.0,"endTime":10374.0,"start":440398.0,"end":440387.0},{"startTime":10374.0,"endTime":10375.0,"start":440387.0,"end":440376.0},{"startTime":10375.0,"endTime":10376.0,"start":440376.0,"end":440366.0},{"startTime":10376.0,"endTime":10378.0,"start":440366.0,"end":440348.0},{"startTime":10378.0,"endTime":10379.0,"start":440348.0,"end":440341.0},{"startTime":10379.0,"endTime":10380.0,"start":440341.0,"end":440333.0},{"startTime":10380.0,"endTime":10381.0,"start":440333.0,"end":440326.0},{"startTime":10381.0,"endTime":10382.0,"start":440326.0,"end":440320.0},{"startTime":10382.0,"endTime":10383.0,"start":440320.0,"end":440314.0},{"startTime":10383.0,"endTime":10385.0,"start":440314.0,"end":440304.0},{"startTime":10385.0,"endTime":10386.0,"start":440304.0,"end":440299.0},{"startTime":10386.0,"endTime":10387.0,"start":440299.0,"end":440295.0},{"startTime":10387.0,"endTime":10388.0,"start":440295.0,"end":440291.0},{"startTime":10388.0,"endTime":10389.0,"start":440291.0,"end":440288.0},{"startTime":10389.0,"endTime":10391.0,"start":440288.0,"end":440282.0},{"startTime":10391.0,"endTime":10392.0,"start":440282.0,"end":440279.0},{"startTime":10392.0,"endTime":10395.0,"start":440279.0,"end":440273.0},{"startTime":10395.0,"endTime":10396.0,"start":440273.0,"end":440271.0},{"startTime":10396.0,"endTime":10397.0,"start":440271.0,"end":440270.0},{"startTime":10397.0,"endTime":10398.0,"start":440270.0,"end":440268.0},{"startTime":10398.0,"endTime":10401.0,"start":440268.0,"end":440265.0},{"startTime":10401.0,"endTime":10402.0,"start":440265.0,"end":440264.0},{"startTime":10402.0,"endTime":10403.0,"start":440264.0,"end":440263.0},{"startTime":10403.0,"endTime":10404.0,"start":440263.0,"end":440263.0},{"startTime":10404.0,"endTime":10405.0,"start":440263.0,"end":440262.0},{"startTime":10405.0,"endTime":10406.0,"start":440262.0,"end":440262.0},{"startTime":10406.0,"endTime":10407.0,"start":440262.0,"end":440261.0},{"startTime":10407.0,"endTime":10410.0,"start":440261.0,"end":440261.0},{"startTime":10410.0,"endTime":10411.0,"start":440261.0,"end":440260.0},{"startTime":10411.0,"endTime":12512.0,"start":440260.0,"end":440260.0},{"startTime":12512.0,"endTime":12513.0,"start":440260.0,"end":440240.0},{"startTime":12513.0,"endTime":12514.0,"start":440240.0,"end":440221.0},{"startTime":12514.0,"endTime":12515.0,"start":440221.0,"end":440204.0},{"startTime":12515.0,"endTime":12516.0,"start":440204.0,"end":440188.0},{"startTime":12516.0,"endTime":12517.0,"start":440188.0,"end":440173.0},{"startTime":12517.0,"endTime":12518.0,"start":440173.0,"end":440158.0},{"startTime":12518.0,"endTime":12519.0,"start":440158.0,"end":440145.0},{"startTime":12519.0,"endTime":12521.0,"start":440145.0,"end":440121.0},{"startTime":12521.0,"endTime":12523.0,"start":440121.0,"end":440101.0},{"startTime":12523.0,"endTime":12524.0,"start":440101.0,"end":440092.0},{"startTime":12524.0,"endTime":12525.0,"start":440092.0,"end":440083.0},{"startTime":12525.0,"endTime":12526.0,"start":440083.0,"end":440075.0},{"startTime":12526.0,"endTime":12527.0,"start":440075.0,"end":440068.0},{"startTime":12527.0,"endTime":12528.0,"start":440068.0,"end":440061.0},{"startTime":12528.0,"endTime":12530.0,"start":440061.0,"end":440049.0},{"startTime":12530.0,"endTime":12532.0,"start":440049.0,"end":440039.0},{"startTime":12532.0,"endTime":12533.0,"start":440039.0,"end":440035.0},{"startTime":12533.0,"endTime":12534.0,"start":440035.0,"end":440031.0},{"startTime":12534.0,"endTime":12535.0,"start":440031.0,"end":440028.0},{"startTime":12535.0,"endTime":12536.0,"start":440028.0,"end":440024.0},{"startTime":12536.0,"endTime":12537.0,"start":440024.0,"end":440021.0},{"startTime":12537.0,"endTime":12538.0,"start":440021.0,"end":440019.0},{"startTime":12538.0,"endTime":12539.0,"start":440019.0,"end":440016.0},{"startTime":12539.0,"endTime":12541.0,"start":440016.0,"end":440012.0},{"startTime":12541.0,"endTime":12542.0,"start":440012.0,"end":440011.0},{"startTime":12542.0,"endTime":12543.0,"start":440011.0,"end":440009.0},{"startTime":12543.0,"endTime":12544.0,"start":440009.0,"end":440008.0},{"startTime":12544.0,"endTime":12545.0,"start":440008.0,"end":440006.0},{"startTime":12545.0,"endTime":12546.0,"start":440006.0,"end":440005.0},{"startTime":12546.0,"endTime":12547.0,"start":440005.0,"end":440004.0},{"startTime":12547.0,"endTime":12548.0,"start":440004.0,"end":440004.0},{"startTime":12548.0,"endTime":12549.0,"start":440004.0,"end":440003.0},{"startTime":12549.0,"endTime":12550.0,"start":440003.0,"end":440002.0},{"startTime":12550.0,"endTime":12551.0,"start":440002.0,"end":440002.0},{"startTime":12551.0,"endTime":12552.0,"start":440002.0,"end":440001.0},{"startTime":12552.0,"endTime":12554.0,"start":440001.0,"end":440001.0},{"startTime":12554.0,"endTime":12555.0,"start":440001.0,"end":440000.0},{"startTime":12555.0,"endTime":1000000000.0,"start":440000.0,"end":440000.0}],"judgeLineRotateEvents":[{"startTime":-999999.0,"endTime":2176.0,"start":0.0,"end":0.0},{"startTime":2176.0,"endTime":2184.0,"start":0.0,"end":0.000008719999},{"startTime":2184.0,"endTime":2192.0,"start":0.000008719999,"end":0.00025686398},{"startTime":2192.0,"endTime":2200.0,"start":0.00025686398,"end":0.0019047842},{"startTime":2200.0,"endTime":2208.0,"start":0.0019047842,"end":0.007937599},{"startTime":2208.0,"endTime":2216.0,"start":0.007937599,"end":0.024067216},{"startTime":2216.0,"endTime":2224.0,"start":0.024067216,"end":0.059634335},{"startTime":2224.0,"endTime":2232.0,"start":0.059634335,"end":0.12851048},{"startTime":2232.0,"endTime":2240.0,"start":0.12851048,"end":0.25},{"startTime":2240.0,"endTime":2248.0,"start":0.25,"end":0.4511479},{"startTime":2248.0,"endTime":2256.0,"start":0.4511479,"end":0.764428},{"startTime":2256.0,"endTime":2264.0,"start":0.764428,"end":1.2311769},{"startTime":2264.0,"endTime":2272.0,"start":1.2311769,"end":1.9018128},{"startTime":2272.0,"endTime":2280.0,"start":1.9018128,"end":2.836739},{"startTime":2280.0,"endTime":2288.0,"start":2.836739,"end":4.1072454},{"startTime":2288.0,"endTime":2296.0,"start":4.1072454,"end":5.7964096},{"startTime":2296.0,"endTime":2312.0,"start":5.7964096,"end":10.20359},{"startTime":2312.0,"endTime":2320.0,"start":10.20359,"end":11.892755},{"startTime":2320.0,"endTime":2328.0,"start":11.892755,"end":13.163261},{"startTime":2328.0,"endTime":2336.0,"start":13.163261,"end":14.0981865},{"startTime":2336.0,"endTime":2344.0,"start":14.0981865,"end":14.768824},{"startTime":2344.0,"endTime":2352.0,"start":14.768824,"end":15.235572},{"startTime":2352.0,"endTime":2360.0,"start":15.235572,"end":15.548851},{"startTime":2360.0,"endTime":2368.0,"start":15.548851,"end":15.75},{"startTime":2368.0,"endTime":2376.0,"start":15.75,"end":15.87149},{"startTime":2376.0,"endTime":2384.0,"start":15.87149,"end":15.940365},{"startTime":2384.0,"endTime":2392.0,"start":15.940365,"end":15.975933},{"startTime":2392.0,"endTime":2400.0,"start":15.975933,"end":15.992062},{"startTime":2400.0,"endTime":2408.0,"start":15.992062,"end":15.9980955},{"startTime":2408.0,"endTime":2416.0,"start":15.9980955,"end":15.999743},{"startTime":2416.0,"endTime":2424.0,"start":15.999743,"end":15.999991},{"startTime":2424.0,"endTime":2432.0,"start":15.999991,"end":16.0},{"startTime":2432.0,"endTime":2440.0,"start":16.0,"end":15.999991},{"startTime":2440.0,"endTime":2448.0,"start":15.999991,"end":15.999743},{"startTime":2448.0,"endTime":2456.0,"start":15.999743,"end":15.9980955},{"startTime":2456.0,"endTime":2464.0,"start":15.9980955,"end":15.992063},{"startTime":2464.0,"endTime":2472.0,"start":15.992063,"end":15.975933},{"startTime":2472.0,"endTime":2480.0,"start":15.975933,"end":15.940366},{"startTime":2480.0,"endTime":2488.0,"start":15.940366,"end":15.87149},{"startTime":2488.0,"endTime":2496.0,"start":15.87149,"end":15.75},{"startTime":2496.0,"endTime":2504.0,"start":15.75,"end":15.548852},{"startTime":2504.0,"endTime":2512.0,"start":15.548852,"end":15.235572},{"startTime":2512.0,"endTime":2520.0,"start":15.235572,"end":14.768824},{"startTime":2520.0,"endTime":2528.0,"start":14.768824,"end":14.098187},{"startTime":2528.0,"endTime":2536.0,"start":14.098187,"end":13.163261},{"startTime":2536.0,"endTime":2544.0,"start":13.163261,"end":11.892755},{"startTime":2544.0,"endTime":2552.0,"start":11.892755,"end":10.20359},{"startTime":2552.0,"endTime":2568.0,"start":10.20359,"end":5.7964096},{"startTime":2568.0,"endTime":2576.0,"start":5.7964096,"end":4.1072454},{"startTime":2576.0,"endTime":2584.0,"start":4.1072454,"end":2.8367386},{"startTime":2584.0,"endTime":2592.0,"start":2.8367386,"end":1.9018135},{"startTime":2592.0,"endTime":2600.0,"start":1.9018135,"end":1.2311764},{"startTime":2600.0,"endTime":2608.0,"start":1.2311764,"end":0.76442814},{"startTime":2608.0,"endTime":2616.0,"start":0.76442814,"end":0.451149},{"startTime":2616.0,"endTime":2624.0,"start":0.451149,"end":0.25},{"startTime":2624.0,"endTime":2632.0,"start":0.25,"end":0.12851048},{"startTime":2632.0,"endTime":2640.0,"start":0.12851048,"end":0.059635162},{"startTime":2640.0,"endTime":2648.0,"start":0.059635162,"end":0.024066925},{"startTime":2648.0,"endTime":2656.0,"start":0.024066925,"end":0.007938385},{"startTime":2656.0,"endTime":2664.0,"start":0.007938385,"end":0.0019044876},{"startTime":2664.0,"endTime":2672.0,"start":0.0019044876,"end":0.0002565384},{"startTime":2672.0,"endTime":2680.0,"start":0.0002565384,"end":0.000008583069},{"startTime":2680.0,"endTime":2688.0,"start":0.000008583069,"end":0.0},{"startTime":2688.0,"endTime":2696.0,"start":0.0,"end":-0.000008719999},{"startTime":2696.0,"endTime":2704.0,"start":-0.000008719999,"end":-0.00025686398},{"startTime":2704.0,"endTime":2712.0,"start":-0.00025686398,"end":-0.0019047842},{"startTime":2712.0,"endTime":2720.0,"start":-0.0019047842,"end":-0.007937599},{"startTime":2720.0,"endTime":2728.0,"start":-0.007937599,"end":-0.024067216},{"startTime":2728.0,"endTime":2736.0,"start":-0.024067216,"end":-0.059634335},{"startTime":2736.0,"endTime":2744.0,"start":-0.059634335,"end":-0.12851048},{"startTime":2744.0,"endTime":2752.0,"start":-0.12851048,"end":-0.25},{"startTime":2752.0,"endTime":2760.0,"start":-0.25,"end":-0.4511479},{"startTime":2760.0,"endTime":2768.0,"start":-0.4511479,"end":-0.764428},{"startTime":2768.0,"endTime":2776.0,"start":-0.764428,"end":-1.2311769},{"startTime":2776.0,"endTime":2784.0,"start":-1.2311769,"end":-1.9018128},{"startTime":2784.0,"endTime":2792.0,"start":-1.9018128,"end":-2.836739},{"startTime":2792.0,"endTime":2800.0,"start":-2.836739,"end":-4.1072454},{"startTime":2800.0,"endTime":2808.0,"start":-4.1072454,"end":-5.7964096},{"startTime":2808.0,"endTime":2824.0,"start":-5.7964096,"end":-10.20359},{"startTime":2824.0,"endTime":2832.0,"start":-10.20359,"end":-11.892755},{"startTime":2832.0,"endTime":2840.0,"start":-11.892755,"end":-13.163261},{"startTime":2840.0,"endTime":2848.0,"start":-13.163261,"end":-14.0981865},{"startTime":2848.0,"endTime":2856.0,"start":-14.0981865,"end":-14.768824},{"startTime":2856.0,"endTime":2864.0,"start":-14.768824,"end":-15.235572},{"startTime":2864.0,"endTime":2872.0,"start":-15.235572,"end":-15.548851},{"startTime":2872.0,"endTime":2880.0,"start":-15.548851,"end":-15.75},{"startTime":2880.0,"endTime":2888.0,"start":-15.75,"end":-15.87149},{"startTime":2888.0,"endTime":2896.0,"start":-15.87149,"end":-15.940365},{"startTime":2896.0,"endTime":2904.0,"start":-15.940365,"end":-15.975933},{"startTime":2904.0,"endTime":2912.0,"start":-15.975933,"end":-15.992062},{"startTime":2912.0,"endTime":2920.0,"start":-15.992062,"end":-15.9980955},{"startTime":2920.0,"endTime":2928.0,"start":-15.9980955,"end":-15.999743},{"startTime":2928.0,"endTime":2936.0,"start":-15.999743,"end":-15.999991},{"startTime":2936.0,"endTime":2944.0,"start":-15.999991,"end":-16.0},{"startTime":2944.0,"endTime":2952.0,"start":-16.0,"end":-15.999991},{"startTime":2952.0,"endTime":2960.0,"start":-15.999991,"end":-15.999743},{"startTime":2960.0,"endTime":2968.0,"start":-15.999743,"end":-15.9980955},{"startTime":2968.0,"endTime":2976.0,"start":-15.9980955,"end":-15.992063},{"startTime":2976.0,"endTime":2984.0,"start":-15.992063,"end":-15.975933},{"startTime":2984.0,"endTime":2992.0,"start":-15.975933,"end":-15.940366},{"startTime":2992.0,"endTime":3000.0,"start":-15.940366,"end":-15.87149},{"startTime":3000.0,"endTime":3008.0,"start":-15.87149,"end":-15.75},{"startTime":3008.0,"endTime":3016.0,"start":-15.75,"end":-15.548852},{"startTime":3016.0,"endTime":3024.0,"start":-15.548852,"end":-15.235572},{"startTime":3024.0,"endTime":3032.0,"start":-15.235572,"end":-14.768824},{"startTime":3032.0,"endTime":3040.0,"start":-14.768824,"end":-14.098187},{"startTime":3040.0,"endTime":3048.0,"start":-14.098187,"end":-13.163261},{"startTime":3048.0,"endTime":3056.0,"start":-13.163261,"end":-11.892755},{"startTime":3056.0,"endTime":3064.0,"start":-11.892755,"end":-10.20359},{"startTime":3064.0,"endTime":3080.0,"start":-10.20359,"end":-5.7964096},{"startTime":3080.0,"endTime":3088.0,"start":-5.7964096,"end":-4.1072454},{"startTime":3088.0,"endTime":3096.0,"start":-4.1072454,"end":-2.8367386},{"startTime":3096.0,"endTime":3104.0,"start":-2.8367386,"end":-1.9018135},{"startTime":3104.0,"endTime":3112.0,"start":-1.9018135,"end":-1.2311764},{"startTime":3112.0,"endTime":3120.0,"start":-1.2311764,"end":-0.76442814},{"startTime":3120.0,"endTime":3128.0,"start":-0.76442814,"end":-0.451149},{"startTime":3128.0,"endTime":3136.0,"start":-0.451149,"end":-0.25},{"startTime":3136.0,"endTime":3144.0,"start":-0.25,"end":-0.12851048},{"startTime":3144.0,"endTime":3152.0,"start":-0.12851048,"end":-0.059635162},{"startTime":3152.0,"endTime":3160.0,"start":-0.059635162,"end":-0.024066925},{"startTime":3160.0,"endTime":3168.0,"start":-0.024066925,"end":-0.007938385},{"startTime":3168.0,"endTime":3176.0,"start":-0.007938385,"end":-0.0019044876},{"startTime":3176.0,"endTime":3184.0,"start":-0.0019044876,"end":-0.0002565384},{"startTime":3184.0,"endTime":3192.0,"start":-0.0002565384,"end":-0.000008583069},{"startTime":3192.0,"endTime":3200.0,"start":-0.000008583069,"end":0.0},{"startTime":3200.0,"endTime":5280.0,"start":0.0,"end":0.0},{"startTime":5280.0,"endTime":5536.0,"start":0.0,"end":12.0},{"startTime":5536.0,"endTime":6048.0,"start":12.0,"end":-12.0},{"startTime":6048.0,"endTime":6304.0,"start":-12.0,"end":0.0},{"startTime":6304.0,"endTime":7328.0,"start":0.0,"end":0.0},{"startTime":7328.0,"endTime":7584.0,"start":0.0,"end":6.0},{"startTime":7584.0,"endTime":8096.0,"start":6.0,"end":-6.0},{"startTime":8096.0,"endTime":8352.0,"start":-6.0,"end":0.0},{"startTime":8352.0,"endTime":9408.0,"start":0.0,"end":0.0},{"startTime":9408.0,"endTime":9416.0,"start":0.0,"end":-0.0000027249996},{"startTime":9416.0,"endTime":9424.0,"start":-0.0000027249996,"end":-0.000080269994},{"startTime":9424.0,"endTime":9432.0,"start":-0.000080269994,"end":-0.00059524504},{"startTime":9432.0,"endTime":9440.0,"start":-0.00059524504,"end":-0.0024804997},{"startTime":9440.0,"endTime":9448.0,"start":-0.0024804997,"end":-0.007521005},{"startTime":9448.0,"endTime":9456.0,"start":-0.007521005,"end":-0.01863573},{"startTime":9456.0,"endTime":9464.0,"start":-0.01863573,"end":-0.040159523},{"startTime":9464.0,"endTime":9472.0,"start":-0.040159523,"end":-0.078125},{"startTime":9472.0,"endTime":9480.0,"start":-0.078125,"end":-0.14098373},{"startTime":9480.0,"endTime":9488.0,"start":-0.14098373,"end":-0.23888376},{"startTime":9488.0,"endTime":9496.0,"start":-0.23888376,"end":-0.38474277},{"startTime":9496.0,"endTime":9504.0,"start":-0.38474277,"end":-0.5943165},{"startTime":9504.0,"endTime":9512.0,"start":-0.5943165,"end":-0.8864809},{"startTime":9512.0,"endTime":9520.0,"start":-0.8864809,"end":-1.2835143},{"startTime":9520.0,"endTime":9528.0,"start":-1.2835143,"end":-1.811378},{"startTime":9528.0,"endTime":9544.0,"start":-1.811378,"end":-3.188622},{"startTime":9544.0,"endTime":9552.0,"start":-3.188622,"end":-3.7164857},{"startTime":9552.0,"endTime":9560.0,"start":-3.7164857,"end":-4.113519},{"startTime":9560.0,"endTime":9568.0,"start":-4.113519,"end":-4.4056835},{"startTime":9568.0,"endTime":9576.0,"start":-4.4056835,"end":-4.6152573},{"startTime":9576.0,"endTime":9584.0,"start":-4.6152573,"end":-4.761116},{"startTime":9584.0,"endTime":9592.0,"start":-4.761116,"end":-4.859016},{"startTime":9592.0,"endTime":9600.0,"start":-4.859016,"end":-4.921875},{"startTime":9600.0,"endTime":9608.0,"start":-4.921875,"end":-4.9598403},{"startTime":9608.0,"endTime":9616.0,"start":-4.9598403,"end":-4.9813643},{"startTime":9616.0,"endTime":9624.0,"start":-4.9813643,"end":-4.9924793},{"startTime":9624.0,"endTime":9632.0,"start":-4.9924793,"end":-4.9975195},{"startTime":9632.0,"endTime":9640.0,"start":-4.9975195,"end":-4.999405},{"startTime":9640.0,"endTime":9648.0,"start":-4.999405,"end":-4.99992},{"startTime":9648.0,"endTime":9656.0,"start":-4.99992,"end":-4.999997},{"startTime":9656.0,"endTime":9664.0,"start":-4.999997,"end":-5.0},{"startTime":9664.0,"endTime":9668.0,"start":-5.0,"end":-4.9999995},{"startTime":9668.0,"endTime":9672.0,"start":-4.9999995,"end":-4.999989},{"startTime":9672.0,"endTime":9676.0,"start":-4.999989,"end":-4.99992},{"startTime":9676.0,"endTime":9680.0,"start":-4.99992,"end":-4.9996676},{"startTime":9680.0,"endTime":9684.0,"start":-4.9996676,"end":-4.9989967},{"startTime":9684.0,"endTime":9688.0,"start":-4.9989967,"end":-4.9975195},{"startTime":9688.0,"endTime":9692.0,"start":-4.9975195,"end":-4.9946637},{"startTime":9692.0,"endTime":9696.0,"start":-4.9946637,"end":-4.989631},{"startTime":9696.0,"endTime":9700.0,"start":-4.989631,"end":-4.9813643},{"startTime":9700.0,"endTime":9704.0,"start":-4.9813643,"end":-4.968506},{"startTime":9704.0,"endTime":9708.0,"start":-4.968506,"end":-4.949364},{"startTime":9708.0,"endTime":9712.0,"start":-4.949364,"end":-4.921875},{"startTime":9712.0,"endTime":9716.0,"start":-4.921875,"end":-4.8833013},{"startTime":9716.0,"endTime":9720.0,"start":-4.8833013,"end":-4.830859},{"startTime":9720.0,"endTime":9724.0,"start":-4.830859,"end":-4.761116},{"startTime":9724.0,"endTime":9728.0,"start":-4.761116,"end":-4.6701164},{"startTime":9728.0,"endTime":9732.0,"start":-4.6701164,"end":-4.5533442},{"startTime":9732.0,"endTime":9736.0,"start":-4.5533442,"end":-4.4056835},{"startTime":9736.0,"endTime":9740.0,"start":-4.4056835,"end":-4.221386},{"startTime":9740.0,"endTime":9744.0,"start":-4.221386,"end":-3.9940307},{"startTime":9744.0,"endTime":9748.0,"start":-3.9940307,"end":-3.7164857},{"startTime":9748.0,"endTime":9752.0,"start":-3.7164857,"end":-3.3808753},{"startTime":9752.0,"endTime":9756.0,"start":-3.3808753,"end":-2.9785416},{"startTime":9756.0,"endTime":9760.0,"start":-2.9785416,"end":-2.5},{"startTime":9760.0,"endTime":9764.0,"start":-2.5,"end":-2.021459},{"startTime":9764.0,"endTime":9768.0,"start":-2.021459,"end":-1.6191238},{"startTime":9768.0,"endTime":9772.0,"start":-1.6191238,"end":-1.2835143},{"startTime":9772.0,"endTime":9776.0,"start":-1.2835143,"end":-1.00597},{"startTime":9776.0,"endTime":9780.0,"start":-1.00597,"end":-0.7786137},{"startTime":9780.0,"endTime":9784.0,"start":-0.7786137,"end":-0.5943167},{"startTime":9784.0,"endTime":9788.0,"start":-0.5943167,"end":-0.44665635},{"startTime":9788.0,"endTime":9792.0,"start":-0.44665635,"end":-0.3298831},{"startTime":9792.0,"endTime":9796.0,"start":-0.3298831,"end":-0.2388838},{"startTime":9796.0,"endTime":9800.0,"start":-0.2388838,"end":-0.1691413},{"startTime":9800.0,"endTime":9804.0,"start":-0.1691413,"end":-0.11669904},{"startTime":9804.0,"endTime":9808.0,"start":-0.11669904,"end":-0.078125},{"startTime":9808.0,"endTime":9812.0,"start":-0.078125,"end":-0.050635636},{"startTime":9812.0,"endTime":9816.0,"start":-0.050635636,"end":-0.0314942},{"startTime":9816.0,"endTime":9820.0,"start":-0.0314942,"end":-0.018635988},{"startTime":9820.0,"endTime":9824.0,"start":-0.018635988,"end":-0.010368824},{"startTime":9824.0,"endTime":9828.0,"start":-0.010368824,"end":-0.005336404},{"startTime":9828.0,"endTime":9832.0,"start":-0.005336404,"end":-0.0024807453},{"startTime":9832.0,"endTime":9836.0,"start":-0.0024807453,"end":-0.0010034442},{"startTime":9836.0,"endTime":9840.0,"start":-0.0010034442,"end":-0.0003322959},{"startTime":9840.0,"endTime":9844.0,"start":-0.0003322959,"end":-0.00008016825},{"startTime":9844.0,"endTime":9848.0,"start":-0.00008016825,"end":-0.000011026859},{"startTime":9848.0,"endTime":9852.0,"start":-0.000011026859,"end":-2.9802322e-7},{"startTime":9852.0,"endTime":9856.0,"start":-2.9802322e-7,"end":0.0},{"startTime":9856.0,"endTime":11456.0,"start":0.0,"end":0.0},{"startTime":11456.0,"endTime":11712.0,"start":0.0,"end":29.0},{"startTime":11712.0,"endTime":12224.0,"start":29.0,"end":151.0},{"startTime":12224.0,"endTime":12480.0,"start":151.0,"end":180.0},{"startTime":12480.0,"endTime":1000000000.0,"start":180.0,"end":180.0}],"judgeLineDisappearEvents":[{"startTime":-999999.0,"endTime":12512.0,"start":1.0,"end":1.0},{"startTime":12512.0,"endTime":12576.0,"start":1.0,"end":0.0},{"startTime":12576.0,"endTime":1000000000.0,"start":0.0,"end":0.0}]}]}