{"formatVersion":3,"offset":0.75,"judgeLineList":[{"bpm":180.0,"notesAbove":[{"type":1,"time":128,"positionX":-6.0,"holdTime":0.0,"speed":1.0,"floorPosition":2.1333334},{"type":1,"time":128,"positionX":6.0,"holdTime":0.0,"speed":1.0,"floorPosition":2.1333334},{"type":1,"time":256,"positionX":-4.0,"holdTime":0.0,"speed":1.0,"floorPosition":4.266667},{"type":1,"time":384,"positionX":4.0,"holdTime":0.0,"speed":1.0,"floorPosition":6.4},{"type":1,"time":512,"positionX":0.0,"holdTime":0.0,"speed":1.0,"floorPosition":8.533334},{"type":1,"time":640,"positionX":4.0,"holdTime":0.0,"speed":1.0,"floorPosition":10.666667},{"type":1,"time":640,"positionX":-4.0,"holdTime":0.0,"speed":1.0,"floorPosition":10.666667},{"type":1,"time":768,"positionX":-4.021013,"holdTime":0.0,"speed":1.0,"floorPosition":12.8},{"type":1,"time":768,"positionX":4.059216,"holdTime":0.0,"speed":1.0,"floorPosition":12.8},{"type":1,"time":896,"positionX":6.0,"holdTime":0.0,"speed":1.0,"floorPosition":14.933333},{"type":1,"time":896,"positionX":-6.0,"holdTime":0.0,"speed":1.0,"floorPosition":14.933333},{"type":1,"time":960,"positionX":3.0,"holdTime":0.0,"speed":1.0,"floorPosition":16.0},{"type":1,"time":960,"positionX":-3.0,"holdTime":0.0,"speed":1.0,"floorPosition":16.0},{"type":1,"time":1024,"positionX":0.01410484,"holdTime":0.0,"speed":1.0,"floorPosition":17.066668},{"type":1,"time":1056,"positionX":-0.01410484,"holdTime":0.0,"speed":1.0,"floorPosition":17.6},{"type":1,"time":1088,"positionX":0.01410484,"holdTime":0.0,"speed":1.0,"floorPosition":18.133333},{"type":1,"time":1120,"positionX":0.0,"holdTime":0.0,"speed":1.0,"floorPosition":18.666666},{"type":1,"time":1152,"positionX":-3.0,"holdTime":0.0,"speed":1.0,"floorPosition":19.2},{"type":1,"time":1152,"positionX":3.0,"holdTime":0.0,"speed":1.0,"floorPosition":19.2},{"type":1,"time":1280,"positionX":-3.0,"holdTime":0.0,"speed":1.0,"floorPosition":21.333334},{"type":1,"time":1280,"positionX":3.0,"holdTime":0.0,"speed":1.0,"floorPosition":21.333334},{"type":1,"time":1408,"positionX":-4.0,"holdTime":0.0,"speed":1.0,"floorPosition":23.466667},{"type":1,"time":1408,"positionX":4.0,"holdTime":0.0,"speed":1.0,"floorPosition":23.466667},{"type":1,"time":1536,"positionX":-4.0,"holdTime":0.0,"speed":1.0,"floorPosition":25.6},{"type":1,"time":1536,"positionX":4.0,"holdTime":0.0,"speed":1.0,"floorPosition":25.6},{"type":1,"time":1664,"positionX":5.0,"holdTime":0.0,"speed":1.0,"floorPosition":27.733334},{"type":1,"time":1664,"positionX":-5.0,"holdTime":0.0,"speed":1.0,"floorPosition":27.733334},{"type":1,"time":1728,"positionX":5.0,"holdTime":0.0,"speed":1.0,"floorPosition":28.800001},{"type":1,"time":1728,"positionX":-5.0,"holdTime":0.0,"speed":1.0,"floorPosition":28.800001},{"type":1,"time":1792,"positionX":-6.0,"holdTime":0.0,"speed":1.0,"floorPosition":29.866667},{"type":1,"time":1792,"positionX":3.0,"holdTime":0.0,"speed":1.0,"floorPosition":29.866667},{"type":1,"time":1856,"positionX":-6.0,"holdTime":0.0,"speed":1.0,"floorPosition":30.933334},{"type":1,"time":1856,"positionX":3.0,"holdTime":0.0,"speed":1.0,"floorPosition":30.933334},{"type":1,"time":1920,"positionX":0.0,"holdTime":0.0,"speed":1.0,"floorPosition":32.0},{"type":1,"time":1952,"positionX":0.0,"holdTime":0.0,"speed":1.0,"floorPosition":32.533333},{"type":1,"time":1984,"positionX":0.0,"holdTime":0.0,"speed":1.0,"floorPosition":33.066666},{"type":1,"time":2016,"positionX":0.0,"holdTime":0.0,"speed":1.0,"floorPosition":33.600002},{"type":2,"time":2048,"positionX":0.0,"holdTime":0.0,"speed":1.0,"floorPosition":34.133335},{"type":3,"time":2176,"positionX":-4.0,"holdTime":480.0,"speed":1.5,"floorPosition":36.266666},{"type":1,"time":2176,"positionX":4.0,"holdTime":0.0,"speed":1.0,"floorPosition":36.266666},{"type":1,"time":2240,"positionX":4.0,"holdTime":0.0,"speed":1.0,"floorPosition":37.266666},{"type":1,"time":2304,"positionX":4.0,"holdTime":0.0,"speed":1.0,"floorPosition":38.266666},{"type":1,"time":2368,"positionX":4.0,"holdTime":0.0,"speed":1.0,"floorPosition":39.266666},{"type":1,"time":2432,"positionX":4.0,"holdTime":0.0,"speed":1.0,"floorPosition":40.266666},{"type":1,"time":2496,"positionX":4.0,"holdTime":0.0,"speed":1.0,"floorPosition":41.2},{"type":1,"time":2560,"positionX":4.0,"holdTime":0.0,"speed":1.0,"floorPosition":42.13333},{"type":1,"time":2624,"positionX":4.0,"holdTime":0.0,"speed":1.0,"floorPosition":42.999996},{"type":3,"time":2688,"positionX":4.0,"holdTime":320.0,"speed":1.2,"floorPosition":43.866665},{"type":1,"time":2688,"positionX":-4.0,"holdTime":0.0,"speed":1.0,"floorPosition":43.866665},{"type":1,"time":2752,"positionX":-4.0,"holdTime":0.0,"speed":1.0,"floorPosition":44.666664},{"type":1,"time":2816,"positionX":-4.0,"holdTime":0.0,"speed":1.0,"floorPosition":45.466663},{"type":1,"time":2880,"positionX":-4.0,"holdTime":0.0,"speed":1.0,"floorPosition":46.266666},{"type":1,"time":2944,"positionX":-4.0,"holdTime":0.0,"speed":1.0,"floorPosition":47.066666},{"type":1,"time":3008,"positionX":-4.045662,"holdTime":0.0,"speed":1.0,"floorPosition":47.866665},{"type":3,"time":3072,"positionX":-4.0,"holdTime":96.0,"speed":1.2,"floorPosition":48.666664},{"type":3,"time":3072,"positionX":4.0,"holdTime":96.0,"speed":1.2,"floorPosition":48.666664},{"type":1,"time":4256,"positionX":-2.664757,"holdTime":0.0,"speed":1.0,"floorPosition":64.0},{"type":1,"time":4320,"positionX":-2.60745,"holdTime":0.0,"speed":1.0,"floorPosition":65.066666},{"type":1,"time":4384,"positionX":-2.626553,"holdTime":0.0,"speed":1.0,"floorPosition":66.13333},{"type":1,"time":4448,"positionX":-2.779369,"holdTime":0.0,"speed":1.0,"floorPosition":67.2},{"type":1,"time":4512,"positionX":-2.817574,"holdTime":0.0,"speed":1.0,"floorPosition":68.26666},{"type":1,"time":4576,"positionX":-2.913084,"holdTime":0.0,"speed":1.0,"floorPosition":69.33333},{"type":1,"time":4640,"positionX":-2.913084,"holdTime":0.0,"speed":1.0,"floorPosition":70.4},{"type":4,"time":4704,"positionX":-2.893982,"holdTime":0.0,"speed":1.0,"floorPosition":71.46667},{"type":1,"time":4768,"positionX":-2.913084,"holdTime":0.0,"speed":1.0,"floorPosition":72.53333},{"type":1,"time":4832,"positionX":-2.932187,"holdTime":0.0,"speed":1.0,"floorPosition":73.6},{"type":1,"time":4896,"positionX":-2.932187,"holdTime":0.0,"speed":1.0,"floorPosition":74.666664},{"type":1,"time":4960,"positionX":-2.932187,"holdTime":0.0,"speed":1.0,"floorPosition":75.73333},{"type":1,"time":5024,"positionX":-2.932187,"holdTime":0.0,"speed":1.0,"floorPosition":76.799995},{"type":4,"time":5088,"positionX":-2.877293,"holdTime":0.0,"speed":1.0,"floorPosition":77.86667},{"type":3,"time":6400,"positionX":3.0,"holdTime":192.0,"speed":1.6,"floorPosition":99.73333},{"type":1,"time":6400,"positionX":-5.0,"holdTime":0.0,"speed":1.0,"floorPosition":99.73333},{"type":1,"time":6464,"positionX":-5.0,"holdTime":0.0,"speed":1.0,"floorPosition":100.799995},{"type":1,"time":6528,"positionX":-5.0,"holdTime":0.0,"speed":1.0,"floorPosition":101.86667},{"type":1,"time":6592,"positionX":-5.0,"holdTime":0.0,"speed":1.0,"floorPosition":102.933334},{"type":1,"time":6656,"positionX":5.0,"holdTime":0.0,"speed":1.0,"floorPosition":104.0},{"type":3,"time":6656,"positionX":-3.0,"holdTime":192.0,"speed":1.6,"floorPosition":104.0},{"type":1,"time":6720,"positionX":5.0,"holdTime":0.0,"speed":1.0,"floorPosition":105.066666},{"type":1,"time":6784,"positionX":5.0,"holdTime":0.0,"speed":1.0,"floorPosition":106.13333},{"type":1,"time":6848,"positionX":5.0,"holdTime":0.0,"speed":1.0,"floorPosition":107.2},{"type":1,"time":7440,"positionX":-6.0,"holdTime":0.0,"speed":1.0,"floorPosition":117.066666},{"type":2,"time":7472,"positionX":-5.943583,"holdTime":0.0,"speed":1.0,"floorPosition":117.6},{"type":1,"time":7504,"positionX":-3.0,"holdTime":0.0,"speed":1.0,"floorPosition":118.13333},{"type":2,"time":7536,"positionX":-3.0,"holdTime":0.0,"speed":1.0,"floorPosition":118.666664},{"type":1,"time":7568,"positionX":0.0,"holdTime":0.0,"speed":1.0,"floorPosition":119.2},{"type":2,"time":7600,"positionX":0.0,"holdTime":0.0,"speed":1.0,"floorPosition":119.73333},{"type":1,"time":7632,"positionX":3.0,"holdTime":0.0,"speed":1.0,"floorPosition":120.26666},{"type":2,"time":7664,"positionX":3.0,"holdTime":0.0,"speed":1.0,"floorPosition":120.799995},{"type":1,"time":7696,"positionX":6.0,"holdTime":0.0,"speed":1.0,"floorPosition":121.333336},{"type":2,"time":7728,"positionX":6.0,"holdTime":0.0,"speed":1.0,"floorPosition":121.86667},{"type":1,"time":7760,"positionX":3.0,"holdTime":0.0,"speed":1.0,"floorPosition":122.4},{"type":2,"time":7792,"positionX":3.0,"holdTime":0.0,"speed":1.0,"floorPosition":122.933334},{"type":1,"time":7824,"positionX":0.0,"holdTime":0.0,"speed":1.0,"floorPosition":123.46667},{"type":2,"time":7856,"positionX":0.0,"holdTime":0.0,"speed":1.0,"floorPosition":124.0},{"type":3,"time":7888,"positionX":-3.0,"holdTime":48.0,"speed":1.6,"floorPosition":124.53333},{"type":1,"time":8992,"positionX":0.0,"holdTime":0.0,"speed":1.0,"floorPosition":142.93333},{"type":1,"time":9056,"positionX":0.0,"holdTime":0.0,"speed":1.0,"floorPosition":144.0},{"type":1,"time":9120,"positionX":0.0,"holdTime":0.0,"speed":1.0,"floorPosition":145.06667},{"type":1,"time":9184,"positionX":0.0,"holdTime":0.0,"speed":1.0,"floorPosition":146.13333},{"type":1,"time":9248,"positionX":0.0,"holdTime":0.0,"speed":1.0,"floorPosition":147.2},{"type":1,"time":9312,"positionX":0.0,"holdTime":0.0,"speed":1.0,"floorPosition":148.26666},{"type":1,"time":9344,"positionX":-4.047955,"holdTime":0.0,"speed":1.0,"floorPosition":148.8},{"type":3,"time":9472,"positionX":5.0,"holdTime":480.0,"speed":1.6,"floorPosition":150.93333},{"type":1,"time":9504,"positionX":-3.0,"holdTime":0.0,"speed":1.0,"floorPosition":151.46666},{"type":1,"time":9568,"positionX":-3.0,"holdTime":0.0,"speed":1.0,"floorPosition":152.53334},{"type":1,"time":9632,"positionX":-2.0,"holdTime":0.0,"speed":1.0,"floorPosition":153.6},{"type":1,"time":9696,"positionX":-2.0,"holdTime":0.0,"speed":1.0,"floorPosition":154.66667},{"type":1,"time":9760,"positionX":-1.0,"holdTime":0.0,"speed":1.0,"floorPosition":155.73334},{"type":1,"time":9824,"positionX":-1.0,"holdTime":0.0,"speed":1.0,"floorPosition":156.8},{"type":1,"time":9888,"positionX":-2.0,"holdTime":0.0,"speed":1.0,"floorPosition":157.86667},{"type":1,"time":9952,"positionX":-2.0,"holdTime":0.0,"speed":1.0,"floorPosition":158.93333},{"type":3,"time":9984,"positionX":-5.0,"holdTime":384.0,"speed":1.6,"floorPosition":159.46666},{"type":1,"time":10016,"positionX":3.0,"holdTime":0.0,"speed":1.0,"floorPosition":160.0},{"type":1,"time":10080,"positionX":3.0,"holdTime":0.0,"speed":1.0,"floorPosition":161.06667},{"type":1,"time":10144,"positionX":2.0,"holdTime":0.0,"speed":1.0,"floorPosition":162.13333},{"type":1,"time":10208,"positionX":2.0,"holdTime":0.0,"speed":1.0,"floorPosition":163.2},{"type":1,"time":10272,"positionX":0.0,"holdTime":0.0,"speed":1.0,"floorPosition":164.26666},{"type":1,"time":10336,"positionX":0.0,"holdTime":0.0,"speed":1.0,"floorPosition":165.33333}],"notesBelow":[{"type":1,"time":3200,"positionX":-0.07052231,"holdTime":0.0,"speed":1.0,"floorPosition":50.266666},{"type":1,"time":3232,"positionX":-5.0,"holdTime":0.0,"speed":1.5,"floorPosition":50.666664},{"type":1,"time":3296,"positionX":-4.943584,"holdTime":0.0,"speed":1.5,"floorPosition":51.466663},{"type":1,"time":3360,"positionX":-4.8166428,"holdTime":0.0,"speed":1.5,"floorPosition":52.266666},{"type":1,"time":3424,"positionX":-4.760227,"holdTime":0.0,"speed":1.5,"floorPosition":53.066666},{"type":1,"time":3488,"positionX":0.0,"holdTime":0.0,"speed":1.5,"floorPosition":53.866665},{"type":1,"time":3552,"positionX":-0.05641747,"holdTime":0.0,"speed":1.5,"floorPosition":54.666664},{"type":1,"time":3616,"positionX":-0.08462715,"holdTime":0.0,"speed":1.5,"floorPosition":55.466667},{"type":1,"time":3680,"positionX":-0.1128349,"holdTime":0.0,"speed":1.5,"floorPosition":56.266666},{"type":1,"time":3744,"positionX":4.0,"holdTime":0.0,"speed":1.5,"floorPosition":57.066666},{"type":1,"time":3808,"positionX":3.788433,"holdTime":0.0,"speed":1.5,"floorPosition":57.866665},{"type":1,"time":3872,"positionX":3.7602262,"holdTime":0.0,"speed":1.5,"floorPosition":58.666664},{"type":1,"time":3936,"positionX":3.788433,"holdTime":0.0,"speed":1.5,"floorPosition":59.466667},{"type":1,"time":4000,"positionX":0.0,"holdTime":0.0,"speed":1.5,"floorPosition":60.266666},{"type":1,"time":4064,"positionX":0.028210163,"holdTime":0.0,"speed":1.5,"floorPosition":61.066666},{"type":3,"time":4096,"positionX":3.0,"holdTime":96.0,"speed":1.2,"floorPosition":61.466667},{"type":3,"time":4096,"positionX":-3.0,"holdTime":96.0,"speed":1.2,"floorPosition":61.466667},{"type":4,"time":5248,"positionX":-0.05641747,"holdTime":0.0,"speed":1.0,"floorPosition":80.53333},{"type":1,"time":5280,"positionX":3.486153,"holdTime":0.0,"speed":1.0,"floorPosition":81.066666},{"type":1,"time":5344,"positionX":3.409742,"holdTime":0.0,"speed":1.0,"floorPosition":82.13333},{"type":1,"time":5408,"positionX":3.447947,"holdTime":0.0,"speed":1.0,"floorPosition":83.2},{"type":1,"time":5472,"positionX":3.409742,"holdTime":0.0,"speed":1.0,"floorPosition":84.26666},{"type":1,"time":5536,"positionX":3.409742,"holdTime":0.0,"speed":1.0,"floorPosition":85.33333},{"type":1,"time":5600,"positionX":3.409742,"holdTime":0.0,"speed":1.0,"floorPosition":86.4},{"type":1,"time":5664,"positionX":3.409742,"holdTime":0.0,"speed":1.0,"floorPosition":87.46667},{"type":4,"time":5728,"positionX":3.409742,"holdTime":0.0,"speed":1.0,"floorPosition":88.53333},{"type":1,"time":5792,"positionX":3.39064,"holdTime":0.0,"speed":1.0,"floorPosition":89.6},{"type":1,"time":5856,"positionX":3.39064,"holdTime":0.0,"speed":1.0,"floorPosition":90.666664},{"type":1,"time":5920,"positionX":3.39064,"holdTime":0.0,"speed":1.0,"floorPosition":91.73333},{"type":1,"time":5984,"positionX":3.39064,"holdTime":0.0,"speed":1.0,"floorPosition":92.799995},{"type":1,"time":6048,"positionX":3.39064,"holdTime":0.0,"speed":1.0,"floorPosition":93.86667},{"type":1,"time":6112,"positionX":3.39064,"holdTime":0.0,"speed":1.0,"floorPosition":94.933334},{"type":4,"time":6296,"positionX":0.0,"holdTime":0.0,"speed":1.5,"floorPosition":98.0},{"type":1,"time":6912,"positionX":-5.0,"holdTime":0.0,"speed":1.0,"floorPosition":108.26666},{"type":3,"time":6912,"positionX":3.0,"holdTime":192.0,"speed":1.6,"floorPosition":108.26666},{"type":1,"time":6976,"positionX":-5.0,"holdTime":0.0,"speed":1.0,"floorPosition":109.333336},{"type":1,"time":7040,"positionX":-5.0,"holdTime":0.0,"speed":1.0,"floorPosition":110.4},{"type":1,"time":7104,"positionX":-5.0,"holdTime":0.0,"speed":1.0,"floorPosition":111.46667},{"type":3,"time":7168,"positionX":-4.047955,"holdTime":128.0,"speed":1.6,"floorPosition":112.53333},{"type":1,"time":7168,"positionX":5.0,"holdTime":0.0,"speed":1.0,"floorPosition":112.53333},{"type":1,"time":7232,"positionX":5.0,"holdTime":0.0,"speed":1.0,"floorPosition":113.6},{"type":1,"time":7296,"positionX":5.0,"holdTime":0.0,"speed":1.0,"floorPosition":114.666664},{"type":3,"time":7360,"positionX":0.0,"holdTime":64.0,"speed":1.6,"floorPosition":115.73333},{"type":1,"time":7952,"positionX":6.0,"holdTime":0.0,"speed":1.0,"floorPosition":125.6},{"type":2,"time":7984,"positionX":6.0,"holdTime":0.0,"speed":1.0,"floorPosition":126.13333},{"type":1,"time":8016,"positionX":3.0,"holdTime":0.0,"speed":1.0,"floorPosition":126.666664},{"type":2,"time":8048,"positionX":3.0564203,"holdTime":0.0,"speed":1.0,"floorPosition":127.2},{"type":1,"time":8080,"positionX":0.01410484,"holdTime":0.0,"speed":1.0,"floorPosition":127.73333},{"type":2,"time":8112,"positionX":0.0,"holdTime":0.0,"speed":1.0,"floorPosition":128.26666},{"type":1,"time":8144,"positionX":-3.0,"holdTime":0.0,"speed":1.0,"floorPosition":128.8},{"type":2,"time":8176,"positionX":-3.0,"holdTime":0.0,"speed":1.0,"floorPosition":129.33333},{"type":1,"time":8208,"positionX":-6.0,"holdTime":0.0,"speed":1.0,"floorPosition":129.86667},{"type":2,"time":8240,"positionX":-6.0,"holdTime":0.0,"speed":1.0,"floorPosition":130.4},{"type":1,"time":8272,"positionX":-3.0,"holdTime":0.0,"speed":1.0,"floorPosition":130.93333},{"type":2,"time":8304,"positionX":-3.0,"holdTime":0.0,"speed":1.0,"floorPosition":131.46666},{"type":1,"time":8336,"positionX":0.02820778,"holdTime":0.0,"speed":1.0,"floorPosition":132.0},{"type":2,"time":8368,"positionX":0.02820778,"holdTime":0.0,"speed":1.0,"floorPosition":132.53333},{"type":3,"time":8400,"positionX":3.0,"holdTime":48.0,"speed":1.6,"floorPosition":133.06667},{"type":1,"time":8480,"positionX":-0.02820778,"holdTime":0.0,"speed":1.0,"floorPosition":134.4},{"type":1,"time":8544,"positionX":0.0,"holdTime":0.0,"speed":1.0,"floorPosition":135.46666},{"type":1,"time":8608,"positionX":0.0,"holdTime":0.0,"speed":1.0,"floorPosition":136.53333},{"type":1,"time":8672,"positionX":0.0,"holdTime":0.0,"speed":1.0,"floorPosition":137.6},{"type":1,"time":8736,"positionX":0.0,"holdTime":0.0,"speed":1.0,"floorPosition":138.66667},{"type":1,"time":8800,"positionX":0.0,"holdTime":0.0,"speed":1.0,"floorPosition":139.73334},{"type":1,"time":8864,"positionX":0.0,"holdTime":0.0,"speed":1.0,"floorPosition":140.8},{"type":1,"time":8928,"positionX":0.0,"holdTime":0.0,"speed":1.0,"floorPosition":141.86667},{"type":4,"time":10496,"positionX":0.0,"holdTime":0.0,"speed":1.0,"floorPosition":168.0},{"type":4,"time":10560,"positionX":0.0,"holdTime":0.0,"speed":1.0,"floorPosition":169.06667},{"type":1,"time":10624,"positionX":0.007047653,"holdTime":0.0,"speed":1.0,"floorPosition":170.13333},{"type":1,"time":10656,"positionX":-0.007047653,"holdTime":0.0,"speed":1.0,"floorPosition":170.66667},{"type":3,"time":10688,"positionX":3.319241,"holdTime":64.0,"speed":1.6,"floorPosition":171.2},{"type":3,"time":10688,"positionX":-3.234673,"holdTime":64.0,"speed":1.6,"floorPosition":171.2}],"speedEvents":[{"startTime":0.0,"endTime":2176.0,"value":1.6},{"startTime":2176.0,"endTime":2432.0,"value":1.5},{"startTime":2432.0,"endTime":2560.0,"value":1.4},{"startTime":2560.0,"endTime":2688.0,"value":1.3},{"startTime":2688.0,"endTime":4128.0,"value":1.2},{"startTime":4128.0,"endTime":1000000000.0,"value":1.6}],"judgeLineMoveEvents":[{"startTime":-999999.0,"endTime":0.0,"start":0.5,"end":0.5,"start2":0.5,"end2":0.5},{"startTime":0.0,"endTime":1.0,"start":0.5,"end":0.5,"start2":0.5,"end2":0.49072587},{"startTime":1.0,"endTime":2.0,"start":0.5,"end":0.5,"start2":0.49072587,"end2":0.48164463},{"startTime":2.0,"endTime":3.0,"start":0.5,"end":0.5,"start2":0.48164463,"end2":0.47275427},{"startTime":3.0,"endTime":4.0,"start":0.5,"end":0.5,"start2":0.47275427,"end2":0.46405274},{"startTime":4.0,"endTime":5.0,"start":0.5,"end":0.5,"start2":0.46405274,"end2":0.45553806},{"startTime":5.0,"endTime":6.0,"start":0.5,"end":0.5,"start2":0.45553806,"end2":0.44720817},{"startTime":6.0,"endTime":7.0,"start":0.5,"end":0.5,"start2":0.44720817,"end2":0.43906108},{"startTime":7.0,"endTime":8.0,"start":0.5,"end":0.5,"start2":0.43906108,"end2":0.4310947},{"startTime":8.0,"endTime":9.0,"start":0.5,"end":0.5,"start2":0.4310947,"end2":0.42330706},{"startTime":9.0,"endTime":10.0,"start":0.5,"end":0.5,"start2":0.42330706,"end2":0.4156961},{"startTime":10.0,"endTime":11.0,"start":0.5,"end":0.5,"start2":0.4156961,"end2":0.40825987},{"startTime":11.0,"endTime":12.0,"start":0.5,"end":0.5,"start2":0.40825987,"end2":0.40099624},{"startTime":12.0,"endTime":13.0,"start":0.5,"end":0.5,"start2":0.40099624,"end2":0.39390326},{"startTime":13.0,"endTime":14.0,"start":0.5,"end":0.5,"start2":0.39390326,"end2":0.3869789},{"startTime":14.0,"endTime":15.0,"start":0.5,"end":0.5,"start2":0.3869789,"end2":0.38022107},{"startTime":15.0,"endTime":16.0,"start":0.5,"end":0.5,"start2":0.38022107,"end2":0.37362778},{"startTime":16.0,"endTime":17.0,"start":0.5,"end":0.5,"start2":0.37362778,"end2":0.36719707},{"startTime":17.0,"endTime":18.0,"start":0.5,"end":0.5,"start2":0.36719707,"end2":0.36092684},{"startTime":18.0,"endTime":19.0,"start":0.5,"end":0.5,"start2":0.36092684,"end2":0.35481507},{"startTime":19.0,"endTime":20.0,"start":0.5,"end":0.5,"start2":0.35481507,"end2":0.34885976},{"startTime":20.0,"endTime":21.0,"start":0.5,"end":0.5,"start2":0.34885976,"end2":0.34305882},{"startTime":21.0,"endTime":22.0,"start":0.5,"end":0.5,"start2":0.34305882,"end2":0.33741036},{"startTime":22.0,"endTime":23.0,"start":0.5,"end":0.5,"start2":0.33741036,"end2":0.33191228},{"startTime":23.0,"endTime":24.0,"start":0.5,"end":0.5,"start2":0.33191228,"end2":0.3265625},{"startTime":24.0,"endTime":25.0,"start":0.5,"end":0.5,"start2":0.3265625,"end2":0.32136464},{"startTime":25.0,"endTime":26.0,"start":0.5,"end":0.5,"start2":0.32136464,"end2":0.31631085},{"startTime":26.0,"endTime":27.0,"start":0.5,"end":0.5,"start2":0.31631085,"end2":0.31139928},{"startTime":27.0,"endTime":28.0,"start":0.5,"end":0.5,"start2":0.31139928,"end2":0.30662775},{"startTime":28.0,"endTime":29.0,"start":0.5,"end":0.5,"start2":0.30662775,"end2":0.3019943},{"startTime":29.0,"endTime":30.0,"start":0.5,"end":0.5,"start2":0.3019943,"end2":0.2974969},{"startTime":30.0,"endTime":31.0,"start":0.5,"end":0.5,"start2":0.2974969,"end2":0.2931336},{"startTime":31.0,"endTime":32.0,"start":0.5,"end":0.5,"start2":0.2931336,"end2":0.2889022},{"startTime":32.0,"endTime":33.0,"start":0.5,"end":0.5,"start2":0.2889022,"end2":0.2848008},{"startTime":33.0,"endTime":34.0,"start":0.5,"end":0.5,"start2":0.2848008,"end2":0.28082737},{"startTime":34.0,"endTime":35.0,"start":0.5,"end":0.5,"start2":0.28082737,"end2":0.27697983},{"startTime":35.0,"endTime":36.0,"start":0.5,"end":0.5,"start2":0.27697983,"end2":0.27325624},{"startTime":36.0,"endTime":37.0,"start":0.5,"end":0.5,"start2":0.27325624,"end2":0.2696545},{"startTime":37.0,"endTime":38.0,"start":0.5,"end":0.5,"start2":0.2696545,"end2":0.26617262},{"startTime":38.0,"endTime":39.0,"start":0.5,"end":0.5,"start2":0.26617262,"end2":0.26280856},{"startTime":39.0,"endTime":40.0,"start":0.5,"end":0.5,"start2":0.26280856,"end2":0.25956032},{"startTime":40.0,"endTime":41.0,"start":0.5,"end":0.5,"start2":0.25956032,"end2":0.2564258},{"startTime":41.0,"endTime":42.0,"start":0.5,"end":0.5,"start2":0.2564258,"end2":0.2534031},{"startTime":42.0,"endTime":43.0,"start":0.5,"end":0.5,"start2":0.2534031,"end2":0.25049007},{"startTime":43.0,"endTime":44.0,"start":0.5,"end":0.5,"start2":0.25049007,"end2":0.24768476},{"startTime":44.0,"endTime":45.0,"start":0.5,"end":0.5,"start2":0.24768476,"end2":0.2449851},{"startTime":45.0,"endTime":46.0,"start":0.5,"end":0.5,"start2":0.2449851,"end2":0.24238911},{"startTime":46.0,"endTime":47.0,"start":0.5,"end":0.5,"start2":0.24238911,"end2":0.23989475},{"startTime":47.0,"endTime":48.0,"start":0.5,"end":0.5,"start2":0.23989475,"end2":0.2375},{"startTime":48.0,"endTime":49.0,"start":0.5,"end":0.5,"start2":0.2375,"end2":0.2352065},{"startTime":49.0,"endTime":50.0,"start":0.5,"end":0.5,"start2":0.2352065,"end2":0.23300837},{"startTime":50.0,"endTime":51.0,"start":0.5,"end":0.5,"start2":0.23300837,"end2":0.23090364},{"startTime":51.0,"endTime":52.0,"start":0.5,"end":0.5,"start2":0.23090364,"end2":0.22889026},{"startTime":52.0,"endTime":53.0,"start":0.5,"end":0.5,"start2":0.22889026,"end2":0.2269662},{"startTime":53.0,"endTime":54.0,"start":0.5,"end":0.5,"start2":0.2269662,"end2":0.22512943},{"startTime":54.0,"endTime":55.0,"start":0.5,"end":0.5,"start2":0.22512943,"end2":0.22337794},{"startTime":55.0,"endTime":56.0,"start":0.5,"end":0.5,"start2":0.22337794,"end2":0.2217097},{"startTime":56.0,"endTime":57.0,"start":0.5,"end":0.5,"start2":0.2217097,"end2":0.22012268},{"startTime":57.0,"endTime":58.0,"start":0.5,"end":0.5,"start2":0.22012268,"end2":0.21861488},{"startTime":58.0,"endTime":59.0,"start":0.5,"end":0.5,"start2":0.21861488,"end2":0.21718423},{"startTime":59.0,"endTime":60.0,"start":0.5,"end":0.5,"start2":0.21718423,"end2":0.21582876},{"startTime":60.0,"endTime":61.0,"start":0.5,"end":0.5,"start2":0.21582876,"end2":0.2145464},{"startTime":61.0,"endTime":62.0,"start":0.5,"end":0.5,"start2":0.2145464,"end2":0.21333514},{"startTime":62.0,"endTime":63.0,"start":0.5,"end":0.5,"start2":0.21333514,"end2":0.21219295},{"startTime":63.0,"endTime":64.0,"start":0.5,"end":0.5,"start2":0.21219295,"end2":0.21111779},{"startTime":64.0,"endTime":65.0,"start":0.5,"end":0.5,"start2":0.21111779,"end2":0.2101077},{"startTime":65.0,"endTime":66.0,"start":0.5,"end":0.5,"start2":0.2101077,"end2":0.20916057},{"startTime":66.0,"endTime":67.0,"start":0.5,"end":0.5,"start2":0.20916057,"end2":0.20827444},{"startTime":67.0,"endTime":68.0,"start":0.5,"end":0.5,"start2":0.20827444,"end2":0.20744726},{"startTime":68.0,"endTime":69.0,"start":0.5,"end":0.5,"start2":0.20744726,"end2":0.20667699},{"startTime":69.0,"endTime":70.0,"start":0.5,"end":0.5,"start2":0.20667699,"end2":0.20596163},{"startTime":70.0,"endTime":71.0,"start":0.5,"end":0.5,"start2":0.20596163,"end2":0.20529914},{"startTime":71.0,"endTime":72.0,"start":0.5,"end":0.5,"start2":0.20529914,"end2":0.2046875},{"startTime":72.0,"endTime":73.0,"start":0.5,"end":0.5,"start2":0.2046875,"end2":0.20412649},{"startTime":73.0,"endTime":74.0,"start":0.5,"end":0.5,"start2":0.20412649,"end2":0.20361212},{"startTime":74.0,"endTime":75.0,"start":0.5,"end":0.5,"start2":0.20361212,"end2":0.20314239},{"startTime":75.0,"endTime":76.0,"start":0.5,"end":0.5,"start2":0.20314239,"end2":0.20271526},{"startTime":76.0,"endTime":77.0,"start":0.5,"end":0.5,"start2":0.20271526,"end2":0.2023287},{"startTime":77.0,"endTime":78.0,"start":0.5,"end":0.5,"start2":0.2023287,"end2":0.2019807},{"startTime":78.0,"endTime":79.0,"start":0.5,"end":0.5,"start2":0.2019807,"end2":0.2016692},{"startTime":79.0,"endTime":80.0,"start":0.5,"end":0.5,"start2":0.2016692,"end2":0.20139219},{"startTime":80.0,"endTime":81.0,"start":0.5,"end":0.5,"start2":0.20139219,"end2":0.20114769},{"startTime":81.0,"endTime":82.0,"start":0.5,"end":0.5,"start2":0.20114769,"end2":0.20093362},{"startTime":82.0,"endTime":83.0,"start":0.5,"end":0.5,"start2":0.20093362,"end2":0.200748},{"startTime":83.0,"endTime":84.0,"start":0.5,"end":0.5,"start2":0.200748,"end2":0.20058876},{"startTime":84.0,"endTime":85.0,"start":0.5,"end":0.5,"start2":0.20058876,"end2":0.20045389},{"startTime":85.0,"endTime":86.0,"start":0.5,"end":0.5,"start2":0.20045389,"end2":0.20034137},{"startTime":86.0,"endTime":87.0,"start":0.5,"end":0.5,"start2":0.20034137,"end2":0.2002492},{"startTime":87.0,"endTime":88.0,"start":0.5,"end":0.5,"start2":0.2002492,"end2":0.20017532},{"startTime":88.0,"endTime":89.0,"start":0.5,"end":0.5,"start2":0.20017532,"end2":0.20011769},{"startTime":89.0,"endTime":90.0,"start":0.5,"end":0.5,"start2":0.20011769,"end2":0.20007433},{"startTime":90.0,"endTime":91.0,"start":0.5,"end":0.5,"start2":0.20007433,"end2":0.20004319},{"startTime":91.0,"endTime":92.0,"start":0.5,"end":0.5,"start2":0.20004319,"end2":0.20002227},{"startTime":92.0,"endTime":93.0,"start":0.5,"end":0.5,"start2":0.20002227,"end2":0.2000095},{"startTime":93.0,"endTime":94.0,"start":0.5,"end":0.5,"start2":0.2000095,"end2":0.20000288},{"startTime":94.0,"endTime":95.0,"start":0.5,"end":0.5,"start2":0.20000288,"end2":0.20000039},{"startTime":95.0,"endTime":96.0,"start":0.5,"end":0.5,"start2":0.20000039,"end2":0.2},{"startTime":96.0,"endTime":1024.0,"start":0.5,"end":0.5,"start2":0.2,"end2":0.19999999},{"startTime":1024.0,"endTime":1025.0,"start":0.5,"end":0.5,"start2":0.19999999,"end2":0.20879863},{"startTime":1025.0,"endTime":1026.0,"start":0.5,"end":0.5,"start2":0.20879863,"end2":0.21650061},{"startTime":1026.0,"endTime":1027.0,"start":0.5,"end":0.5,"start2":0.21650061,"end2":0.22317885},{"startTime":1027.0,"endTime":1028.0,"start":0.5,"end":0.5,"start2":0.22317885,"end2":0.22890624},{"startTime":1028.0,"endTime":1029.0,"start":0.5,"end":0.5,"start2":0.22890624,"end2":0.2337505},{"startTime":1029.0,"endTime":1030.0,"start":0.5,"end":0.5,"start2":0.2337505,"end2":0.23779063},{"startTime":1030.0,"endTime":1031.0,"start":0.5,"end":0.5,"start2":0.23779063,"end2":0.24109948},{"startTime":1031.0,"endTime":1032.0,"start":0.5,"end":0.5,"start2":0.24109948,"end2":0.24375},{"startTime":1032.0,"endTime":1033.0,"start":0.5,"end":0.5,"start2":0.24375,"end2":0.24581176},{"startTime":1033.0,"endTime":1034.0,"start":0.5,"end":0.5,"start2":0.24581176,"end2":0.24736187},{"startTime":1034.0,"endTime":1035.0,"start":0.5,"end":0.5,"start2":0.24736187,"end2":0.24847324},{"startTime":1035.0,"endTime":1036.0,"start":0.5,"end":0.5,"start2":0.24847324,"end2":0.24921875},{"startTime":1036.0,"endTime":1037.0,"start":0.5,"end":0.5,"start2":0.24921875,"end2":0.24966988},{"startTime":1037.0,"endTime":1038.0,"start":0.5,"end":0.5,"start2":0.24966988,"end2":0.24990188},{"startTime":1038.0,"endTime":1039.0,"start":0.5,"end":0.5,"start2":0.24990188,"end2":0.24998762},{"startTime":1039.0,"endTime":1040.0,"start":0.5,"end":0.5,"start2":0.24998762,"end2":0.25},{"startTime":1040.0,"endTime":1056.0,"start":0.5,"end":0.5,"start2":0.25,"end2":0.25},{"startTime":1056.0,"endTime":1057.0,"start":0.5,"end":0.5,"start2":0.25,"end2":0.24120136},{"startTime":1057.0,"endTime":1058.0,"start":0.5,"end":0.5,"start2":0.24120136,"end2":0.23349938},{"startTime":1058.0,"endTime":1059.0,"start":0.5,"end":0.5,"start2":0.23349938,"end2":0.22682114},{"startTime":1059.0,"endTime":1060.0,"start":0.5,"end":0.5,"start2":0.22682114,"end2":0.22109374},{"startTime":1060.0,"endTime":1061.0,"start":0.5,"end":0.5,"start2":0.22109374,"end2":0.21624948},{"startTime":1061.0,"endTime":1062.0,"start":0.5,"end":0.5,"start2":0.21624948,"end2":0.21220936},{"startTime":1062.0,"endTime":1063.0,"start":0.5,"end":0.5,"start2":0.21220936,"end2":0.20890051},{"startTime":1063.0,"endTime":1064.0,"start":0.5,"end":0.5,"start2":0.20890051,"end2":0.20624998},{"startTime":1064.0,"endTime":1065.0,"start":0.5,"end":0.5,"start2":0.20624998,"end2":0.20418823},{"startTime":1065.0,"endTime":1066.0,"start":0.5,"end":0.5,"start2":0.20418823,"end2":0.20263812},{"startTime":1066.0,"endTime":1067.0,"start":0.5,"end":0.5,"start2":0.20263812,"end2":0.20152675},{"startTime":1067.0,"endTime":1068.0,"start":0.5,"end":0.5,"start2":0.20152675,"end2":0.20078124},{"startTime":1068.0,"endTime":1069.0,"start":0.5,"end":0.5,"start2":0.20078124,"end2":0.20033011},{"startTime":1069.0,"endTime":1070.0,"start":0.5,"end":0.5,"start2":0.20033011,"end2":0.20009811},{"startTime":1070.0,"endTime":1071.0,"start":0.5,"end":0.5,"start2":0.20009811,"end2":0.20001237},{"startTime":1071.0,"endTime":1072.0,"start":0.5,"end":0.5,"start2":0.20001237,"end2":0.19999999},{"startTime":1072.0,"endTime":1088.0,"start":0.5,"end":0.5,"start2":0.19999999,"end2":0.19999999},{"startTime":1088.0,"endTime":1089.0,"start":0.5,"end":0.5,"start2":0.19999999,"end2":0.19120134},{"startTime":1089.0,"endTime":1090.0,"start":0.5,"end":0.5,"start2":0.19120134,"end2":0.18349937},{"startTime":1090.0,"endTime":1091.0,"start":0.5,"end":0.5,"start2":0.18349937,"end2":0.17682113},{"startTime":1091.0,"endTime":1092.0,"start":0.5,"end":0.5,"start2":0.17682113,"end2":0.17109375},{"startTime":1092.0,"endTime":1093.0,"start":0.5,"end":0.5,"start2":0.17109375,"end2":0.16624948},{"startTime":1093.0,"endTime":1094.0,"start":0.5,"end":0.5,"start2":0.16624948,"end2":0.16220936},{"startTime":1094.0,"endTime":1095.0,"start":0.5,"end":0.5,"start2":0.16220936,"end2":0.1589005},{"startTime":1095.0,"endTime":1096.0,"start":0.5,"end":0.5,"start2":0.1589005,"end2":0.15624999},{"startTime":1096.0,"endTime":1097.0,"start":0.5,"end":0.5,"start2":0.15624999,"end2":0.15418823},{"startTime":1097.0,"endTime":1098.0,"start":0.5,"end":0.5,"start2":0.15418823,"end2":0.15263812},{"startTime":1098.0,"endTime":1099.0,"start":0.5,"end":0.5,"start2":0.15263812,"end2":0.15152675},{"startTime":1099.0,"endTime":1100.0,"start":0.5,"end":0.5,"start2":0.15152675,"end2":0.15078124},{"startTime":1100.0,"endTime":1101.0,"start":0.5,"end":0.5,"start2":0.15078124,"end2":0.15033011},{"startTime":1101.0,"endTime":1102.0,"start":0.5,"end":0.5,"start2":0.15033011,"end2":0.15009812},{"startTime":1102.0,"endTime":1103.0,"start":0.5,"end":0.5,"start2":0.15009812,"end2":0.15001237},{"startTime":1103.0,"endTime":1104.0,"start":0.5,"end":0.5,"start2":0.15001237,"end2":0.14999999},{"startTime":1104.0,"endTime":1120.0,"start":0.5,"end":0.5,"start2":0.14999999,"end2":0.14999999},{"startTime":1120.0,"endTime":1121.0,"start":0.5,"end":0.5,"start2":0.14999999,"end2":0.15879864},{"startTime":1121.0,"endTime":1122.0,"start":0.5,"end":0.5,"start2":0.15879864,"end2":0.16650061},{"startTime":1122.0,"endTime":1123.0,"start":0.5,"end":0.5,"start2":0.16650061,"end2":0.17317885},{"startTime":1123.0,"endTime":1124.0,"start":0.5,"end":0.5,"start2":0.17317885,"end2":0.17890623},{"startTime":1124.0,"endTime":1125.0,"start":0.5,"end":0.5,"start2":0.17890623,"end2":0.1837505},{"startTime":1125.0,"endTime":1126.0,"start":0.5,"end":0.5,"start2":0.1837505,"end2":0.18779062},{"startTime":1126.0,"endTime":1127.0,"start":0.5,"end":0.5,"start2":0.18779062,"end2":0.19109948},{"startTime":1127.0,"endTime":1128.0,"start":0.5,"end":0.5,"start2":0.19109948,"end2":0.19375},{"startTime":1128.0,"endTime":1129.0,"start":0.5,"end":0.5,"start2":0.19375,"end2":0.19581175},{"startTime":1129.0,"endTime":1130.0,"start":0.5,"end":0.5,"start2":0.19581175,"end2":0.19736186},{"startTime":1130.0,"endTime":1131.0,"start":0.5,"end":0.5,"start2":0.19736186,"end2":0.19847323},{"startTime":1131.0,"endTime":1132.0,"start":0.5,"end":0.5,"start2":0.19847323,"end2":0.19921874},{"startTime":1132.0,"endTime":1133.0,"start":0.5,"end":0.5,"start2":0.19921874,"end2":0.19966987},{"startTime":1133.0,"endTime":1134.0,"start":0.5,"end":0.5,"start2":0.19966987,"end2":0.19990186},{"startTime":1134.0,"endTime":1135.0,"start":0.5,"end":0.5,"start2":0.19990186,"end2":0.1999876},{"startTime":1135.0,"endTime":1136.0,"start":0.5,"end":0.5,"start2":0.1999876,"end2":0.19999999},{"startTime":1136.0,"endTime":1280.0,"start":0.5,"end":0.5,"start2":0.19999999,"end2":0.19999999},{"startTime":1280.0,"endTime":1281.0,"start":0.5,"end":0.5,"start2":0.19999999,"end2":0.18349937},{"startTime":1281.0,"endTime":1282.0,"start":0.5,"end":0.5,"start2":0.18349937,"end2":0.17109375},{"startTime":1282.0,"endTime":1283.0,"start":0.5,"end":0.5,"start2":0.17109375,"end2":0.16220936},{"startTime":1283.0,"endTime":1284.0,"start":0.5,"end":0.5,"start2":0.16220936,"end2":0.15624999},{"startTime":1284.0,"endTime":1285.0,"start":0.5,"end":0.5,"start2":0.15624999,"end2":0.15263812},{"startTime":1285.0,"endTime":1286.0,"start":0.5,"end":0.5,"start2":0.15263812,"end2":0.15078124},{"startTime":1286.0,"endTime":1287.0,"start":0.5,"end":0.5,"start2":0.15078124,"end2":0.15009812},{"startTime":1287.0,"endTime":1288.0,"start":0.5,"end":0.5,"start2":0.15009812,"end2":0.14999999},{"startTime":1288.0,"endTime":1289.0,"start":0.5,"end":0.5,"start2":0.14999999,"end2":0.1559912},{"startTime":1289.0,"endTime":1290.0,"start":0.5,"end":0.5,"start2":0.1559912,"end2":0.16148421},{"startTime":1290.0,"endTime":1291.0,"start":0.5,"end":0.5,"start2":0.16148421,"end2":0.16650061},{"startTime":1291.0,"endTime":1292.0,"start":0.5,"end":0.5,"start2":0.16650061,"end2":0.17106202},{"startTime":1292.0,"endTime":1293.0,"start":0.5,"end":0.5,"start2":0.17106202,"end2":0.17519003},{"startTime":1293.0,"endTime":1294.0,"start":0.5,"end":0.5,"start2":0.17519003,"end2":0.17890623},{"startTime":1294.0,"endTime":1295.0,"start":0.5,"end":0.5,"start2":0.17890623,"end2":0.1822287},{"startTime":1295.0,"endTime":1296.0,"start":0.5,"end":0.5,"start2":0.1822287,"end2":0.18518296},{"startTime":1296.0,"endTime":1297.0,"start":0.5,"end":0.5,"start2":0.18518296,"end2":0.18779062},{"startTime":1297.0,"endTime":1298.0,"start":0.5,"end":0.5,"start2":0.18779062,"end2":0.19007327},{"startTime":1298.0,"endTime":1299.0,"start":0.5,"end":0.5,"start2":0.19007327,"end2":0.19205253},{"startTime":1299.0,"endTime":1300.0,"start":0.5,"end":0.5,"start2":0.19205253,"end2":0.19375},{"startTime":1300.0,"endTime":1301.0,"start":0.5,"end":0.5,"start2":0.19375,"end2":0.19518495},{"startTime":1301.0,"endTime":1302.0,"start":0.5,"end":0.5,"start2":0.19518495,"end2":0.1963817},{"startTime":1302.0,"endTime":1303.0,"start":0.5,"end":0.5,"start2":0.1963817,"end2":0.19736186},{"startTime":1303.0,"endTime":1304.0,"start":0.5,"end":0.5,"start2":0.19736186,"end2":0.19814703},{"startTime":1304.0,"endTime":1305.0,"start":0.5,"end":0.5,"start2":0.19814703,"end2":0.19875878},{"startTime":1305.0,"endTime":1306.0,"start":0.5,"end":0.5,"start2":0.19875878,"end2":0.19921874},{"startTime":1306.0,"endTime":1307.0,"start":0.5,"end":0.5,"start2":0.19921874,"end2":0.19954744},{"startTime":1307.0,"endTime":1308.0,"start":0.5,"end":0.5,"start2":0.19954744,"end2":0.19976796},{"startTime":1308.0,"endTime":1309.0,"start":0.5,"end":0.5,"start2":0.19976796,"end2":0.19990186},{"startTime":1309.0,"endTime":1310.0,"start":0.5,"end":0.5,"start2":0.19990186,"end2":0.19997077},{"startTime":1310.0,"endTime":1311.0,"start":0.5,"end":0.5,"start2":0.19997077,"end2":0.19999628},{"startTime":1311.0,"endTime":1312.0,"start":0.5,"end":0.5,"start2":0.19999628,"end2":0.19999999},{"startTime":1312.0,"endTime":1408.0,"start":0.5,"end":0.5,"start2":0.19999999,"end2":0.19999999},{"startTime":1408.0,"endTime":1416.0,"start":0.5,"end":0.5,"start2":0.19999999,"end2":0.14999999},{"startTime":1416.0,"endTime":1417.0,"start":0.5,"end":0.5,"start2":0.14999999,"end2":0.1559912},{"startTime":1417.0,"endTime":1418.0,"start":0.5,"end":0.5,"start2":0.1559912,"end2":0.16148421},{"startTime":1418.0,"endTime":1419.0,"start":0.5,"end":0.5,"start2":0.16148421,"end2":0.16650061},{"startTime":1419.0,"endTime":1420.0,"start":0.5,"end":0.5,"start2":0.16650061,"end2":0.17106202},{"startTime":1420.0,"endTime":1421.0,"start":0.5,"end":0.5,"start2":0.17106202,"end2":0.17519003},{"startTime":1421.0,"endTime":1422.0,"start":0.5,"end":0.5,"start2":0.17519003,"end2":0.17890623},{"startTime":1422.0,"endTime":1423.0,"start":0.5,"end":0.5,"start2":0.17890623,"end2":0.1822287},{"startTime":1423.0,"endTime":1424.0,"start":0.5,"end":0.5,"start2":0.1822287,"end2":0.18518296},{"startTime":1424.0,"endTime":1425.0,"start":0.5,"end":0.5,"start2":0.18518296,"end2":0.18779062},{"startTime":1425.0,"endTime":1426.0,"start":0.5,"end":0.5,"start2":0.18779062,"end2":0.19007327},{"startTime":1426.0,"endTime":1427.0,"start":0.5,"end":0.5,"start2":0.19007327,"end2":0.19205253},{"startTime":1427.0,"endTime":1428.0,"start":0.5,"end":0.5,"start2":0.19205253,"end2":0.19375},{"startTime":1428.0,"endTime":1429.0,"start":0.5,"end":0.5,"start2":0.19375,"end2":0.19518495},{"startTime":1429.0,"endTime":1430.0,"start":0.5,"end":0.5,"start2":0.19518495,"end2":0.1963817},{"startTime":1430.0,"endTime":1431.0,"start":0.5,"end":0.5,"start2":0.1963817,"end2":0.19736186},{"startTime":1431.0,"endTime":1432.0,"start":0.5,"end":0.5,"start2":0.19736186,"end2":0.19814703},{"startTime":1432.0,"endTime":1433.0,"start":0.5,"end":0.5,"start2":0.19814703,"end2":0.19875878},{"startTime":1433.0,"endTime":1434.0,"start":0.5,"end":0.5,"start2":0.19875878,"end2":0.19921874},{"startTime":1434.0,"endTime":1435.0,"start":0.5,"end":0.5,"start2":0.19921874,"end2":0.19954744},{"startTime":1435.0,"endTime":1436.0,"start":0.5,"end":0.5,"start2":0.19954744,"end2":0.19976796},{"startTime":1436.0,"endTime":1437.0,"start":0.5,"end":0.5,"start2":0.19976796,"end2":0.19990186},{"startTime":1437.0,"endTime":1438.0,"start":0.5,"end":0.5,"start2":0.19990186,"end2":0.19997077},{"startTime":1438.0,"endTime":1439.0,"start":0.5,"end":0.5,"start2":0.19997077,"end2":0.19999628},{"startTime":1439.0,"endTime":1440.0,"start":0.5,"end":0.5,"start2":0.19999628,"end2":0.19999999},{"startTime":1440.0,"endTime":1536.0,"start":0.5,"end":0.5,"start2":0.19999999,"end2":0.19999999},{"startTime":1536.0,"endTime":1537.0,"start":0.5,"end":0.5,"start2":0.19999999,"end2":0.18349937},{"startTime":1537.0,"endTime":1538.0,"start":0.5,"end":0.5,"start2":0.18349937,"end2":0.17109375},{"startTime":1538.0,"endTime":1539.0,"start":0.5,"end":0.5,"start2":0.17109375,"end2":0.16220936},{"startTime":1539.0,"endTime":1540.0,"start":0.5,"end":0.5,"start2":0.16220936,"end2":0.15624999},{"startTime":1540.0,"endTime":1541.0,"start":0.5,"end":0.5,"start2":0.15624999,"end2":0.15263812},{"startTime":1541.0,"endTime":1542.0,"start":0.5,"end":0.5,"start2":0.15263812,"end2":0.15078124},{"startTime":1542.0,"endTime":1543.0,"start":0.5,"end":0.5,"start2":0.15078124,"end2":0.15009812},{"startTime":1543.0,"endTime":1544.0,"start":0.5,"end":0.5,"start2":0.15009812,"end2":0.14999999},{"startTime":1544.0,"endTime":1545.0,"start":0.5,"end":0.5,"start2":0.14999999,"end2":0.1559912},{"startTime":1545.0,"endTime":1546.0,"start":0.5,"end":0.5,"start2":0.1559912,"end2":0.16148421},{"startTime":1546.0,"endTime":1547.0,"start":0.5,"end":0.5,"start2":0.16148421,"end2":0.16650061},{"startTime":1547.0,"endTime":1548.0,"start":0.5,"end":0.5,"start2":0.16650061,"end2":0.17106202},{"startTime":1548.0,"endTime":1549.0,"start":0.5,"end":0.5,"start2":0.17106202,"end2":0.17519003},{"startTime":1549.0,"endTime":1550.0,"start":0.5,"end":0.5,"start2":0.17519003,"end2":0.17890623},{"startTime":1550.0,"endTime":1551.0,"start":0.5,"end":0.5,"start2":0.17890623,"end2":0.1822287},{"startTime":1551.0,"endTime":1552.0,"start":0.5,"end":0.5,"start2":0.1822287,"end2":0.18518296},{"startTime":1552.0,"endTime":1553.0,"start":0.5,"end":0.5,"start2":0.18518296,"end2":0.18779062},{"startTime":1553.0,"endTime":1554.0,"start":0.5,"end":0.5,"start2":0.18779062,"end2":0.19007327},{"startTime":1554.0,"endTime":1555.0,"start":0.5,"end":0.5,"start2":0.19007327,"end2":0.19205253},{"startTime":1555.0,"endTime":1556.0,"start":0.5,"end":0.5,"start2":0.19205253,"end2":0.19375},{"startTime":1556.0,"endTime":1557.0,"start":0.5,"end":0.5,"start2":0.19375,"end2":0.19518495},{"startTime":1557.0,"endTime":1558.0,"start":0.5,"end":0.5,"start2":0.19518495,"end2":0.1963817},{"startTime":1558.0,"endTime":1559.0,"start":0.5,"end":0.5,"start2":0.1963817,"end2":0.19736186},{"startTime":1559.0,"endTime":1560.0,"start":0.5,"end":0.5,"start2":0.19736186,"end2":0.19814703},{"startTime":1560.0,"endTime":1561.0,"start":0.5,"end":0.5,"start2":0.19814703,"end2":0.19875878},{"startTime":1561.0,"endTime":1562.0,"start":0.5,"end":0.5,"start2":0.19875878,"end2":0.19921874},{"startTime":1562.0,"endTime":1563.0,"start":0.5,"end":0.5,"start2":0.19921874,"end2":0.19954744},{"startTime":1563.0,"endTime":1564.0,"start":0.5,"end":0.5,"start2":0.19954744,"end2":0.19976796},{"startTime":1564.0,"endTime":1565.0,"start":0.5,"end":0.5,"start2":0.19976796,"end2":0.19990186},{"startTime":1565.0,"endTime":1566.0,"start":0.5,"end":0.5,"start2":0.19990186,"end2":0.19997077},{"startTime":1566.0,"endTime":1567.0,"start":0.5,"end":0.5,"start2":0.19997077,"end2":0.19999628},{"startTime":1567.0,"endTime":1568.0,"start":0.5,"end":0.5,"start2":0.19999628,"end2":0.19999999},{"startTime":1568.0,"endTime":1964.0,"start":0.5,"end":0.5,"start2":0.19999999,"end2":0.19999999},{"startTime":1964.0,"endTime":1968.0,"start":0.5,"end":0.5,"start2":0.19999999,"end2":0.2},{"startTime":1968.0,"endTime":2176.0,"start":0.5,"end":0.5,"start2":0.2,"end2":0.2},{"startTime":2176.0,"endTime":2656.0,"start":0.5,"end":0.5,"start2":0.2,"end2":0.5},{"startTime":2656.0,"endTime":2688.0,"start":0.5,"end":0.5,"start2":0.5,"end2":0.5},{"startTime":2688.0,"endTime":3072.0,"start":0.5,"end":0.5,"start2":0.5,"end2":0.2},{"startTime":3072.0,"endTime":3073.0,"start":0.5,"end":0.5,"start2":0.2,"end2":0.21854827},{"startTime":3073.0,"endTime":3074.0,"start":0.5,"end":0.5,"start2":0.21854827,"end2":0.23671073},{"startTime":3074.0,"endTime":3075.0,"start":0.5,"end":0.5,"start2":0.23671073,"end2":0.25449145},{"startTime":3075.0,"endTime":3076.0,"start":0.5,"end":0.5,"start2":0.25449145,"end2":0.27189454},{"startTime":3076.0,"endTime":3077.0,"start":0.5,"end":0.5,"start2":0.27189454,"end2":0.2889239},{"startTime":3077.0,"endTime":3078.0,"start":0.5,"end":0.5,"start2":0.2889239,"end2":0.30558366},{"startTime":3078.0,"endTime":3079.0,"start":0.5,"end":0.5,"start2":0.30558366,"end2":0.32187787},{"startTime":3079.0,"endTime":3080.0,"start":0.5,"end":0.5,"start2":0.32187787,"end2":0.33781058},{"startTime":3080.0,"endTime":3081.0,"start":0.5,"end":0.5,"start2":0.33781058,"end2":0.35338584},{"startTime":3081.0,"endTime":3082.0,"start":0.5,"end":0.5,"start2":0.35338584,"end2":0.36860776},{"startTime":3082.0,"endTime":3083.0,"start":0.5,"end":0.5,"start2":0.36860776,"end2":0.38348028},{"startTime":3083.0,"endTime":3084.0,"start":0.5,"end":0.5,"start2":0.38348028,"end2":0.39800748},{"startTime":3084.0,"endTime":3085.0,"start":0.5,"end":0.5,"start2":0.39800748,"end2":0.41219345},{"startTime":3085.0,"endTime":3086.0,"start":0.5,"end":0.5,"start2":0.41219345,"end2":0.4260422},{"startTime":3086.0,"endTime":3087.0,"start":0.5,"end":0.5,"start2":0.4260422,"end2":0.43955788},{"startTime":3087.0,"endTime":3088.0,"start":0.5,"end":0.5,"start2":0.43955788,"end2":0.45274442},{"startTime":3088.0,"endTime":3089.0,"start":0.5,"end":0.5,"start2":0.45274442,"end2":0.46560585},{"startTime":3089.0,"endTime":3090.0,"start":0.5,"end":0.5,"start2":0.46560585,"end2":0.4781463},{"startTime":3090.0,"endTime":3091.0,"start":0.5,"end":0.5,"start2":0.4781463,"end2":0.49036986},{"startTime":3091.0,"endTime":3092.0,"start":0.5,"end":0.5,"start2":0.49036986,"end2":0.5022805},{"startTime":3092.0,"endTime":3093.0,"start":0.5,"end":0.5,"start2":0.5022805,"end2":0.5138823},{"startTime":3093.0,"endTime":3094.0,"start":0.5,"end":0.5,"start2":0.5138823,"end2":0.52517927},{"startTime":3094.0,"endTime":3095.0,"start":0.5,"end":0.5,"start2":0.52517927,"end2":0.53617543},{"startTime":3095.0,"endTime":3096.0,"start":0.5,"end":0.5,"start2":0.53617543,"end2":0.546875},{"startTime":3096.0,"endTime":3097.0,"start":0.5,"end":0.5,"start2":0.546875,"end2":0.5572707},{"startTime":3097.0,"endTime":3098.0,"start":0.5,"end":0.5,"start2":0.5572707,"end2":0.5673782},{"startTime":3098.0,"endTime":3099.0,"start":0.5,"end":0.5,"start2":0.5673782,"end2":0.5772014},{"startTime":3099.0,"endTime":3100.0,"start":0.5,"end":0.5,"start2":0.5772014,"end2":0.5867445},{"startTime":3100.0,"endTime":3101.0,"start":0.5,"end":0.5,"start2":0.5867445,"end2":0.59601134},{"startTime":3101.0,"endTime":3102.0,"start":0.5,"end":0.5,"start2":0.59601134,"end2":0.6050061},{"startTime":3102.0,"endTime":3103.0,"start":0.5,"end":0.5,"start2":0.6050061,"end2":0.6137328},{"startTime":3103.0,"endTime":3104.0,"start":0.5,"end":0.5,"start2":0.6137328,"end2":0.6221956},{"startTime":3104.0,"endTime":3105.0,"start":0.5,"end":0.5,"start2":0.6221956,"end2":0.63039833},{"startTime":3105.0,"endTime":3106.0,"start":0.5,"end":0.5,"start2":0.63039833,"end2":0.63834524},{"startTime":3106.0,"endTime":3107.0,"start":0.5,"end":0.5,"start2":0.63834524,"end2":0.64604026},{"startTime":3107.0,"endTime":3108.0,"start":0.5,"end":0.5,"start2":0.64604026,"end2":0.6534875},{"startTime":3108.0,"endTime":3109.0,"start":0.5,"end":0.5,"start2":0.6534875,"end2":0.6606909},{"startTime":3109.0,"endTime":3110.0,"start":0.5,"end":0.5,"start2":0.6606909,"end2":0.66765475},{"startTime":3110.0,"endTime":3111.0,"start":0.5,"end":0.5,"start2":0.66765475,"end2":0.6743828},{"startTime":3111.0,"endTime":3112.0,"start":0.5,"end":0.5,"start2":0.6743828,"end2":0.68087935},{"startTime":3112.0,"endTime":3113.0,"start":0.5,"end":0.5,"start2":0.68087935,"end2":0.68714833},{"startTime":3113.0,"endTime":3114.0,"start":0.5,"end":0.5,"start2":0.68714833,"end2":0.6931938},{"startTime":3114.0,"endTime":3115.0,"start":0.5,"end":0.5,"start2":0.6931938,"end2":0.6990198},{"startTime":3115.0,"endTime":3116.0,"start":0.5,"end":0.5,"start2":0.6990198,"end2":0.70463043},{"startTime":3116.0,"endTime":3117.0,"start":0.5,"end":0.5,"start2":0.70463043,"end2":0.7100298},{"startTime":3117.0,"endTime":3118.0,"start":0.5,"end":0.5,"start2":0.7100298,"end2":0.71522176},{"startTime":3118.0,"endTime":3119.0,"start":0.5,"end":0.5,"start2":0.71522176,"end2":0.7202105},{"startTime":3119.0,"endTime":3120.0,"start":0.5,"end":0.5,"start2":0.7202105,"end2":0.72499996},{"startTime":3120.0,"endTime":3121.0,"start":0.5,"end":0.5,"start2":0.72499996,"end2":0.72958696},{"startTime":3121.0,"endTime":3122.0,"start":0.5,"end":0.5,"start2":0.72958696,"end2":0.7339832},{"startTime":3122.0,"endTime":3123.0,"start":0.5,"end":0.5,"start2":0.7339832,"end2":0.7381927},{"startTime":3123.0,"endTime":3124.0,"start":0.5,"end":0.5,"start2":0.7381927,"end2":0.74221945},{"startTime":3124.0,"endTime":3125.0,"start":0.5,"end":0.5,"start2":0.74221945,"end2":0.7460676},{"startTime":3125.0,"endTime":3126.0,"start":0.5,"end":0.5,"start2":0.7460676,"end2":0.74974114},{"startTime":3126.0,"endTime":3127.0,"start":0.5,"end":0.5,"start2":0.74974114,"end2":0.7532441},{"startTime":3127.0,"endTime":3128.0,"start":0.5,"end":0.5,"start2":0.7532441,"end2":0.7565806},{"startTime":3128.0,"endTime":3129.0,"start":0.5,"end":0.5,"start2":0.7565806,"end2":0.7597546},{"startTime":3129.0,"endTime":3130.0,"start":0.5,"end":0.5,"start2":0.7597546,"end2":0.76277024},{"startTime":3130.0,"endTime":3131.0,"start":0.5,"end":0.5,"start2":0.76277024,"end2":0.7656315},{"startTime":3131.0,"endTime":3132.0,"start":0.5,"end":0.5,"start2":0.7656315,"end2":0.76834244},{"startTime":3132.0,"endTime":3133.0,"start":0.5,"end":0.5,"start2":0.76834244,"end2":0.77090716},{"startTime":3133.0,"endTime":3134.0,"start":0.5,"end":0.5,"start2":0.77090716,"end2":0.7733297},{"startTime":3134.0,"endTime":3135.0,"start":0.5,"end":0.5,"start2":0.7733297,"end2":0.7756141},{"startTime":3135.0,"endTime":3136.0,"start":0.5,"end":0.5,"start2":0.7756141,"end2":0.7777644},{"startTime":3136.0,"endTime":3137.0,"start":0.5,"end":0.5,"start2":0.7777644,"end2":0.77978456},{"startTime":3137.0,"endTime":3138.0,"start":0.5,"end":0.5,"start2":0.77978456,"end2":0.7816788},{"startTime":3138.0,"endTime":3139.0,"start":0.5,"end":0.5,"start2":0.7816788,"end2":0.7834511},{"startTime":3139.0,"endTime":3140.0,"start":0.5,"end":0.5,"start2":0.7834511,"end2":0.7851054},{"startTime":3140.0,"endTime":3141.0,"start":0.5,"end":0.5,"start2":0.7851054,"end2":0.786646},{"startTime":3141.0,"endTime":3142.0,"start":0.5,"end":0.5,"start2":0.786646,"end2":0.7880767},{"startTime":3142.0,"endTime":3143.0,"start":0.5,"end":0.5,"start2":0.7880767,"end2":0.7894017},{"startTime":3143.0,"endTime":3144.0,"start":0.5,"end":0.5,"start2":0.7894017,"end2":0.790625},{"startTime":3144.0,"endTime":3145.0,"start":0.5,"end":0.5,"start2":0.790625,"end2":0.791747},{"startTime":3145.0,"endTime":3146.0,"start":0.5,"end":0.5,"start2":0.791747,"end2":0.79277575},{"startTime":3146.0,"endTime":3147.0,"start":0.5,"end":0.5,"start2":0.79277575,"end2":0.7937152},{"startTime":3147.0,"endTime":3148.0,"start":0.5,"end":0.5,"start2":0.7937152,"end2":0.79456943},{"startTime":3148.0,"endTime":3149.0,"start":0.5,"end":0.5,"start2":0.79456943,"end2":0.79534256},{"startTime":3149.0,"endTime":3150.0,"start":0.5,"end":0.5,"start2":0.79534256,"end2":0.79603857},{"startTime":3150.0,"endTime":3151.0,"start":0.5,"end":0.5,"start2":0.79603857,"end2":0.79666156},{"startTime":3151.0,"endTime":3152.0,"start":0.5,"end":0.5,"start2":0.79666156,"end2":0.7972156},{"startTime":3152.0,"endTime":3153.0,"start":0.5,"end":0.5,"start2":0.7972156,"end2":0.7977046},{"startTime":3153.0,"endTime":3154.0,"start":0.5,"end":0.5,"start2":0.7977046,"end2":0.7981327},{"startTime":3154.0,"endTime":3155.0,"start":0.5,"end":0.5,"start2":0.7981327,"end2":0.79850394},{"startTime":3155.0,"endTime":3156.0,"start":0.5,"end":0.5,"start2":0.79850394,"end2":0.7988224},{"startTime":3156.0,"endTime":3157.0,"start":0.5,"end":0.5,"start2":0.7988224,"end2":0.7990922},{"startTime":3157.0,"endTime":3158.0,"start":0.5,"end":0.5,"start2":0.7990922,"end2":0.7993172},{"startTime":3158.0,"endTime":3159.0,"start":0.5,"end":0.5,"start2":0.7993172,"end2":0.79950154},{"startTime":3159.0,"endTime":3160.0,"start":0.5,"end":0.5,"start2":0.79950154,"end2":0.79964936},{"startTime":3160.0,"endTime":3161.0,"start":0.5,"end":0.5,"start2":0.79964936,"end2":0.7997646},{"startTime":3161.0,"endTime":3162.0,"start":0.5,"end":0.5,"start2":0.7997646,"end2":0.7998513},{"startTime":3162.0,"endTime":3163.0,"start":0.5,"end":0.5,"start2":0.7998513,"end2":0.7999136},{"startTime":3163.0,"endTime":3164.0,"start":0.5,"end":0.5,"start2":0.7999136,"end2":0.7999554},{"startTime":3164.0,"endTime":3165.0,"start":0.5,"end":0.5,"start2":0.7999554,"end2":0.79998094},{"startTime":3165.0,"endTime":3166.0,"start":0.5,"end":0.5,"start2":0.79998094,"end2":0.7999942},{"startTime":3166.0,"endTime":3167.0,"start":0.5,"end":0.5,"start2":0.7999942,"end2":0.7999992},{"startTime":3167.0,"endTime":3168.0,"start":0.5,"end":0.5,"start2":0.7999992,"end2":0.79999995},{"startTime":3168.0,"endTime":4096.0,"start":0.5,"end":0.5,"start2":0.79999995,"end2":0.79999995},{"startTime":4096.0,"endTime":4100.0,"start":0.5,"end":0.5,"start2":0.79999995,"end2":0.7455085},{"startTime":4100.0,"endTime":4104.0,"start":0.5,"end":0.5,"start2":0.7455085,"end2":0.6944163},{"startTime":4104.0,"endTime":4108.0,"start":0.5,"end":0.5,"start2":0.6944163,"end2":0.64661413},{"startTime":4108.0,"endTime":4112.0,"start":0.5,"end":0.5,"start2":0.64661413,"end2":0.6019925},{"startTime":4112.0,"endTime":4116.0,"start":0.5,"end":0.5,"start2":0.6019925,"end2":0.5604421},{"startTime":4116.0,"endTime":4120.0,"start":0.5,"end":0.5,"start2":0.5604421,"end2":0.5218536},{"startTime":4120.0,"endTime":4124.0,"start":0.5,"end":0.5,"start2":0.5218536,"end2":0.48611766},{"startTime":4124.0,"endTime":4128.0,"start":0.5,"end":0.5,"start2":0.48611766,"end2":0.45312497},{"startTime":4128.0,"endTime":4132.0,"start":0.5,"end":0.5,"start2":0.45312497,"end2":0.42279854},{"startTime":4132.0,"endTime":4136.0,"start":0.5,"end":0.5,"start2":0.42279854,"end2":0.39499384},{"startTime":4136.0,"endTime":4140.0,"start":0.5,"end":0.5,"start2":0.39499384,"end2":0.3696016},{"startTime":4140.0,"endTime":4144.0,"start":0.5,"end":0.5,"start2":0.3696016,"end2":0.34651247},{"startTime":4144.0,"endTime":4148.0,"start":0.5,"end":0.5,"start2":0.34651247,"end2":0.32561713},{"startTime":4148.0,"endTime":4152.0,"start":0.5,"end":0.5,"start2":0.32561713,"end2":0.30680618},{"startTime":4152.0,"endTime":4156.0,"start":0.5,"end":0.5,"start2":0.30680618,"end2":0.2899702},{"startTime":4156.0,"endTime":4160.0,"start":0.5,"end":0.5,"start2":0.2899702,"end2":0.275},{"startTime":4160.0,"endTime":4164.0,"start":0.5,"end":0.5,"start2":0.275,"end2":0.2618073},{"startTime":4164.0,"endTime":4168.0,"start":0.5,"end":0.5,"start2":0.2618073,"end2":0.25025883},{"startTime":4168.0,"endTime":4172.0,"start":0.5,"end":0.5,"start2":0.25025883,"end2":0.24024537},{"startTime":4172.0,"endTime":4176.0,"start":0.5,"end":0.5,"start2":0.24024537,"end2":0.2316575},{"startTime":4176.0,"endTime":4180.0,"start":0.5,"end":0.5,"start2":0.2316575,"end2":0.22438589},{"startTime":4180.0,"endTime":4184.0,"start":0.5,"end":0.5,"start2":0.22438589,"end2":0.21832113},{"startTime":4184.0,"endTime":4188.0,"start":0.5,"end":0.5,"start2":0.21832113,"end2":0.21335398},{"startTime":4188.0,"endTime":4192.0,"start":0.5,"end":0.5,"start2":0.21335398,"end2":0.20937501},{"startTime":4192.0,"endTime":4196.0,"start":0.5,"end":0.5,"start2":0.20937501,"end2":0.20628478},{"startTime":4196.0,"endTime":4200.0,"start":0.5,"end":0.5,"start2":0.20628478,"end2":0.20396137},{"startTime":4200.0,"endTime":4204.0,"start":0.5,"end":0.5,"start2":0.20396137,"end2":0.20229536},{"startTime":4204.0,"endTime":4208.0,"start":0.5,"end":0.5,"start2":0.20229536,"end2":0.20117752},{"startTime":4208.0,"endTime":4212.0,"start":0.5,"end":0.5,"start2":0.20117752,"end2":0.20049839},{"startTime":4212.0,"endTime":4216.0,"start":0.5,"end":0.5,"start2":0.20049839,"end2":0.20014867},{"startTime":4216.0,"endTime":4220.0,"start":0.5,"end":0.5,"start2":0.20014867,"end2":0.20001899},{"startTime":4220.0,"endTime":4224.0,"start":0.5,"end":0.5,"start2":0.20001899,"end2":0.2},{"startTime":4224.0,"endTime":4736.0,"start":0.5,"end":1.0,"start2":0.2,"end2":0.2},{"startTime":4736.0,"endTime":5120.0,"start":1.0,"end":0.5,"start2":0.2,"end2":0.19999999},{"startTime":5120.0,"endTime":5124.0,"start":0.5,"end":0.5,"start2":0.19999999,"end2":0.25449145},{"startTime":5124.0,"endTime":5128.0,"start":0.5,"end":0.5,"start2":0.25449145,"end2":0.30558366},{"startTime":5128.0,"endTime":5132.0,"start":0.5,"end":0.5,"start2":0.30558366,"end2":0.35338587},{"startTime":5132.0,"endTime":5136.0,"start":0.5,"end":0.5,"start2":0.35338587,"end2":0.39800748},{"startTime":5136.0,"endTime":5140.0,"start":0.5,"end":0.5,"start2":0.39800748,"end2":0.43955788},{"startTime":5140.0,"endTime":5144.0,"start":0.5,"end":0.5,"start2":0.43955788,"end2":0.4781463},{"startTime":5144.0,"endTime":5148.0,"start":0.5,"end":0.5,"start2":0.4781463,"end2":0.51388234},{"startTime":5148.0,"endTime":5152.0,"start":0.5,"end":0.5,"start2":0.51388234,"end2":0.546875},{"startTime":5152.0,"endTime":5156.0,"start":0.5,"end":0.5,"start2":0.546875,"end2":0.5772014},{"startTime":5156.0,"endTime":5160.0,"start":0.5,"end":0.5,"start2":0.5772014,"end2":0.60500616},{"startTime":5160.0,"endTime":5164.0,"start":0.5,"end":0.5,"start2":0.60500616,"end2":0.6303984},{"startTime":5164.0,"endTime":5168.0,"start":0.5,"end":0.5,"start2":0.6303984,"end2":0.6534875},{"startTime":5168.0,"endTime":5172.0,"start":0.5,"end":0.5,"start2":0.6534875,"end2":0.67438287},{"startTime":5172.0,"endTime":5176.0,"start":0.5,"end":0.5,"start2":0.67438287,"end2":0.69319385},{"startTime":5176.0,"endTime":5180.0,"start":0.5,"end":0.5,"start2":0.69319385,"end2":0.71002984},{"startTime":5180.0,"endTime":5184.0,"start":0.5,"end":0.5,"start2":0.71002984,"end2":0.725},{"startTime":5184.0,"endTime":5188.0,"start":0.5,"end":0.5,"start2":0.725,"end2":0.73819274},{"startTime":5188.0,"endTime":5192.0,"start":0.5,"end":0.5,"start2":0.73819274,"end2":0.7497412},{"startTime":5192.0,"endTime":5196.0,"start":0.5,"end":0.5,"start2":0.7497412,"end2":0.75975466},{"startTime":5196.0,"endTime":5200.0,"start":0.5,"end":0.5,"start2":0.75975466,"end2":0.7683425},{"startTime":5200.0,"endTime":5204.0,"start":0.5,"end":0.5,"start2":0.7683425,"end2":0.77561414},{"startTime":5204.0,"endTime":5208.0,"start":0.5,"end":0.5,"start2":0.77561414,"end2":0.78167886},{"startTime":5208.0,"endTime":5212.0,"start":0.5,"end":0.5,"start2":0.78167886,"end2":0.78664607},{"startTime":5212.0,"endTime":5216.0,"start":0.5,"end":0.5,"start2":0.78664607,"end2":0.79062504},{"startTime":5216.0,"endTime":5220.0,"start":0.5,"end":0.5,"start2":0.79062504,"end2":0.79371524},{"startTime":5220.0,"endTime":5224.0,"start":0.5,"end":0.5,"start2":0.79371524,"end2":0.7960386},{"startTime":5224.0,"endTime":5228.0,"start":0.5,"end":0.5,"start2":0.7960386,"end2":0.79770464},{"startTime":5228.0,"endTime":5232.0,"start":0.5,"end":0.5,"start2":0.79770464,"end2":0.79882246},{"startTime":5232.0,"endTime":5236.0,"start":0.5,"end":0.5,"start2":0.79882246,"end2":0.7995016},{"startTime":5236.0,"endTime":5240.0,"start":0.5,"end":0.5,"start2":0.7995016,"end2":0.79985136},{"startTime":5240.0,"endTime":5244.0,"start":0.5,"end":0.5,"start2":0.79985136,"end2":0.799981},{"startTime":5244.0,"endTime":5248.0,"start":0.5,"end":0.5,"start2":0.799981,"end2":0.8},{"startTime":5248.0,"endTime":5760.0,"start":0.5,"end":0.0,"start2":0.8,"end2":0.8},{"startTime":5760.0,"endTime":6208.0,"start":0.0,"end":0.5,"start2":0.8,"end2":0.8},{"startTime":6208.0,"endTime":6304.0,"start":0.5,"end":0.5,"start2":0.8,"end2":0.8},{"startTime":6304.0,"endTime":6400.0,"start":0.5,"end":0.5,"start2":0.19999999,"end2":0.2},{"startTime":6400.0,"endTime":6848.0,"start":0.5,"end":0.5,"start2":0.2,"end2":0.19999999},{"startTime":6848.0,"endTime":6849.0,"start":0.5,"end":0.5,"start2":0.19999999,"end2":0.21854825},{"startTime":6849.0,"endTime":6850.0,"start":0.5,"end":0.5,"start2":0.21854825,"end2":0.23671071},{"startTime":6850.0,"endTime":6851.0,"start":0.5,"end":0.5,"start2":0.23671071,"end2":0.25449145},{"startTime":6851.0,"endTime":6852.0,"start":0.5,"end":0.5,"start2":0.25449145,"end2":0.2718945},{"startTime":6852.0,"endTime":6853.0,"start":0.5,"end":0.5,"start2":0.2718945,"end2":0.28892386},{"startTime":6853.0,"endTime":6854.0,"start":0.5,"end":0.5,"start2":0.28892386,"end2":0.30558363},{"startTime":6854.0,"endTime":6855.0,"start":0.5,"end":0.5,"start2":0.30558363,"end2":0.32187784},{"startTime":6855.0,"endTime":6856.0,"start":0.5,"end":0.5,"start2":0.32187784,"end2":0.33781058},{"startTime":6856.0,"endTime":6857.0,"start":0.5,"end":0.5,"start2":0.33781058,"end2":0.35338584},{"startTime":6857.0,"endTime":6858.0,"start":0.5,"end":0.5,"start2":0.35338584,"end2":0.36860776},{"startTime":6858.0,"endTime":6859.0,"start":0.5,"end":0.5,"start2":0.36860776,"end2":0.38348025},{"startTime":6859.0,"endTime":6860.0,"start":0.5,"end":0.5,"start2":0.38348025,"end2":0.39800748},{"startTime":6860.0,"endTime":6861.0,"start":0.5,"end":0.5,"start2":0.39800748,"end2":0.41219345},{"startTime":6861.0,"endTime":6862.0,"start":0.5,"end":0.5,"start2":0.41219345,"end2":0.4260422},{"startTime":6862.0,"endTime":6863.0,"start":0.5,"end":0.5,"start2":0.4260422,"end2":0.43955785},{"startTime":6863.0,"endTime":6864.0,"start":0.5,"end":0.5,"start2":0.43955785,"end2":0.45274442},{"startTime":6864.0,"endTime":6865.0,"start":0.5,"end":0.5,"start2":0.45274442,"end2":0.46560585},{"startTime":6865.0,"endTime":6866.0,"start":0.5,"end":0.5,"start2":0.46560585,"end2":0.47814628},{"startTime":6866.0,"endTime":6867.0,"start":0.5,"end":0.5,"start2":0.47814628,"end2":0.49036983},{"startTime":6867.0,"endTime":6868.0,"start":0.5,"end":0.5,"start2":0.49036983,"end2":0.5022805},{"startTime":6868.0,"endTime":6869.0,"start":0.5,"end":0.5,"start2":0.5022805,"end2":0.5138823},{"startTime":6869.0,"endTime":6870.0,"start":0.5,"end":0.5,"start2":0.5138823,"end2":0.52517927},{"startTime":6870.0,"endTime":6871.0,"start":0.5,"end":0.5,"start2":0.52517927,"end2":0.53617543},{"startTime":6871.0,"endTime":6872.0,"start":0.5,"end":0.5,"start2":0.53617543,"end2":0.54687494},{"startTime":6872.0,"endTime":6873.0,"start":0.5,"end":0.5,"start2":0.54687494,"end2":0.5572707},{"startTime":6873.0,"endTime":6874.0,"start":0.5,"end":0.5,"start2":0.5572707,"end2":0.5673782},{"startTime":6874.0,"endTime":6875.0,"start":0.5,"end":0.5,"start2":0.5673782,"end2":0.5772014},{"startTime":6875.0,"endTime":6876.0,"start":0.5,"end":0.5,"start2":0.5772014,"end2":0.5867445},{"startTime":6876.0,"endTime":6877.0,"start":0.5,"end":0.5,"start2":0.5867445,"end2":0.59601134},{"startTime":6877.0,"endTime":6878.0,"start":0.5,"end":0.5,"start2":0.59601134,"end2":0.6050061},{"startTime":6878.0,"endTime":6879.0,"start":0.5,"end":0.5,"start2":0.6050061,"end2":0.6137328},{"startTime":6879.0,"endTime":6880.0,"start":0.5,"end":0.5,"start2":0.6137328,"end2":0.6221956},{"startTime":6880.0,"endTime":6881.0,"start":0.5,"end":0.5,"start2":0.6221956,"end2":0.63039833},{"startTime":6881.0,"endTime":6882.0,"start":0.5,"end":0.5,"start2":0.63039833,"end2":0.63834524},{"startTime":6882.0,"endTime":6883.0,"start":0.5,"end":0.5,"start2":0.63834524,"end2":0.64604026},{"startTime":6883.0,"endTime":6884.0,"start":0.5,"end":0.5,"start2":0.64604026,"end2":0.6534875},{"startTime":6884.0,"endTime":6885.0,"start":0.5,"end":0.5,"start2":0.6534875,"end2":0.6606909},{"startTime":6885.0,"endTime":6886.0,"start":0.5,"end":0.5,"start2":0.6606909,"end2":0.66765475},{"startTime":6886.0,"endTime":6887.0,"start":0.5,"end":0.5,"start2":0.66765475,"end2":0.6743828},{"startTime":6887.0,"endTime":6888.0,"start":0.5,"end":0.5,"start2":0.6743828,"end2":0.68087935},{"startTime":6888.0,"endTime":6889.0,"start":0.5,"end":0.5,"start2":0.68087935,"end2":0.68714833},{"startTime":6889.0,"endTime":6890.0,"start":0.5,"end":0.5,"start2":0.68714833,"end2":0.6931938},{"startTime":6890.0,"endTime":6891.0,"start":0.5,"end":0.5,"start2":0.6931938,"end2":0.6990198},{"startTime":6891.0,"endTime":6892.0,"start":0.5,"end":0.5,"start2":0.6990198,"end2":0.70463043},{"startTime":6892.0,"endTime":6893.0,"start":0.5,"end":0.5,"start2":0.70463043,"end2":0.7100298},{"startTime":6893.0,"endTime":6894.0,"start":0.5,"end":0.5,"start2":0.7100298,"end2":0.7152217},{"startTime":6894.0,"endTime":6895.0,"start":0.5,"end":0.5,"start2":0.7152217,"end2":0.72021043},{"startTime":6895.0,"endTime":6896.0,"start":0.5,"end":0.5,"start2":0.72021043,"end2":0.72499996},{"startTime":6896.0,"endTime":6897.0,"start":0.5,"end":0.5,"start2":0.72499996,"end2":0.72958696},{"startTime":6897.0,"endTime":6898.0,"start":0.5,"end":0.5,"start2":0.72958696,"end2":0.7339832},{"startTime":6898.0,"endTime":6899.0,"start":0.5,"end":0.5,"start2":0.7339832,"end2":0.7381927},{"startTime":6899.0,"endTime":6900.0,"start":0.5,"end":0.5,"start2":0.7381927,"end2":0.74221945},{"startTime":6900.0,"endTime":6901.0,"start":0.5,"end":0.5,"start2":0.74221945,"end2":0.7460676},{"startTime":6901.0,"endTime":6902.0,"start":0.5,"end":0.5,"start2":0.7460676,"end2":0.74974114},{"startTime":6902.0,"endTime":6903.0,"start":0.5,"end":0.5,"start2":0.74974114,"end2":0.7532441},{"startTime":6903.0,"endTime":6904.0,"start":0.5,"end":0.5,"start2":0.7532441,"end2":0.7565806},{"startTime":6904.0,"endTime":6905.0,"start":0.5,"end":0.5,"start2":0.7565806,"end2":0.7597546},{"startTime":6905.0,"endTime":6906.0,"start":0.5,"end":0.5,"start2":0.7597546,"end2":0.76277024},{"startTime":6906.0,"endTime":6907.0,"start":0.5,"end":0.5,"start2":0.76277024,"end2":0.7656315},{"startTime":6907.0,"endTime":6908.0,"start":0.5,"end":0.5,"start2":0.7656315,"end2":0.76834244},{"startTime":6908.0,"endTime":6909.0,"start":0.5,"end":0.5,"start2":0.76834244,"end2":0.77090716},{"startTime":6909.0,"endTime":6910.0,"start":0.5,"end":0.5,"start2":0.77090716,"end2":0.7733297},{"startTime":6910.0,"endTime":6911.0,"start":0.5,"end":0.5,"start2":0.7733297,"end2":0.7756141},{"startTime":6911.0,"endTime":6912.0,"start":0.5,"end":0.5,"start2":0.7756141,"end2":0.7777644},{"startTime":6912.0,"endTime":6913.0,"start":0.5,"end":0.5,"start2":0.7777644,"end2":0.77978456},{"startTime":6913.0,"endTime":6914.0,"start":0.5,"end":0.5,"start2":0.77978456,"end2":0.7816788},{"startTime":6914.0,"endTime":6915.0,"start":0.5,"end":0.5,"start2":0.7816788,"end2":0.7834511},{"startTime":6915.0,"endTime":6916.0,"start":0.5,"end":0.5,"start2":0.7834511,"end2":0.7851054},{"startTime":6916.0,"endTime":6917.0,"start":0.5,"end":0.5,"start2":0.7851054,"end2":0.786646},{"startTime":6917.0,"endTime":6918.0,"start":0.5,"end":0.5,"start2":0.786646,"end2":0.7880767},{"startTime":6918.0,"endTime":6919.0,"start":0.5,"end":0.5,"start2":0.7880767,"end2":0.7894017},{"startTime":6919.0,"endTime":6920.0,"start":0.5,"end":0.5,"start2":0.7894017,"end2":0.790625},{"startTime":6920.0,"endTime":6921.0,"start":0.5,"end":0.5,"start2":0.790625,"end2":0.791747},{"startTime":6921.0,"endTime":6922.0,"start":0.5,"end":0.5,"start2":0.791747,"end2":0.79277575},{"startTime":6922.0,"endTime":6923.0,"start":0.5,"end":0.5,"start2":0.79277575,"end2":0.7937152},{"startTime":6923.0,"endTime":6924.0,"start":0.5,"end":0.5,"start2":0.7937152,"end2":0.79456943},{"startTime":6924.0,"endTime":6925.0,"start":0.5,"end":0.5,"start2":0.79456943,"end2":0.79534256},{"startTime":6925.0,"endTime":6926.0,"start":0.5,"end":0.5,"start2":0.79534256,"end2":0.79603857},{"startTime":6926.0,"endTime":6927.0,"start":0.5,"end":0.5,"start2":0.79603857,"end2":0.79666156},{"startTime":6927.0,"endTime":6928.0,"start":0.5,"end":0.5,"start2":0.79666156,"end2":0.7972156},{"startTime":6928.0,"endTime":6929.0,"start":0.5,"end":0.5,"start2":0.7972156,"end2":0.7977046},{"startTime":6929.0,"endTime":6930.0,"start":0.5,"end":0.5,"start2":0.7977046,"end2":0.7981327},{"startTime":6930.0,"endTime":6931.0,"start":0.5,"end":0.5,"start2":0.7981327,"end2":0.79850394},{"startTime":6931.0,"endTime":6932.0,"start":0.5,"end":0.5,"start2":0.79850394,"end2":0.7988224},{"startTime":6932.0,"endTime":6933.0,"start":0.5,"end":0.5,"start2":0.7988224,"end2":0.7990922},{"startTime":6933.0,"endTime":6934.0,"start":0.5,"end":0.5,"start2":0.7990922,"end2":0.7993172},{"startTime":6934.0,"endTime":6935.0,"start":0.5,"end":0.5,"start2":0.7993172,"end2":0.79950154},{"startTime":6935.0,"endTime":6936.0,"start":0.5,"end":0.5,"start2":0.79950154,"end2":0.79964936},{"startTime":6936.0,"endTime":6937.0,"start":0.5,"end":0.5,"start2":0.79964936,"end2":0.7997646},{"startTime":6937.0,"endTime":6938.0,"start":0.5,"end":0.5,"start2":0.7997646,"end2":0.7998513},{"startTime":6938.0,"endTime":6939.0,"start":0.5,"end":0.5,"start2":0.7998513,"end2":0.7999136},{"startTime":6939.0,"endTime":6940.0,"start":0.5,"end":0.5,"start2":0.7999136,"end2":0.7999554},{"startTime":6940.0,"endTime":6941.0,"start":0.5,"end":0.5,"start2":0.7999554,"end2":0.79998094},{"startTime":6941.0,"endTime":6942.0,"start":0.5,"end":0.5,"start2":0.79998094,"end2":0.7999942},{"startTime":6942.0,"endTime":6943.0,"start":0.5,"end":0.5,"start2":0.7999942,"end2":0.7999992},{"startTime":6943.0,"endTime":6944.0,"start":0.5,"end":0.5,"start2":0.7999992,"end2":0.79999995},{"startTime":6944.0,"endTime":7360.0,"start":0.5,"end":0.5,"start2":0.79999995,"end2":0.79999995},{"startTime":7360.0,"endTime":7361.0,"start":0.5,"end":0.5,"start2":0.79999995,"end2":0.77235574},{"startTime":7361.0,"endTime":7362.0,"start":0.5,"end":0.5,"start2":0.77235574,"end2":0.7455085},{"startTime":7362.0,"endTime":7363.0,"start":0.5,"end":0.5,"start2":0.7455085,"end2":0.71955514},{"startTime":7363.0,"endTime":7364.0,"start":0.5,"end":0.5,"start2":0.71955514,"end2":0.6944163},{"startTime":7364.0,"endTime":7365.0,"start":0.5,"end":0.5,"start2":0.6944163,"end2":0.6701005},{"startTime":7365.0,"endTime":7366.0,"start":0.5,"end":0.5,"start2":0.6701005,"end2":0.6466141},{"startTime":7366.0,"endTime":7367.0,"start":0.5,"end":0.5,"start2":0.6466141,"end2":0.62388253},{"startTime":7367.0,"endTime":7368.0,"start":0.5,"end":0.5,"start2":0.62388253,"end2":0.6019925},{"startTime":7368.0,"endTime":7369.0,"start":0.5,"end":0.5,"start2":0.6019925,"end2":0.58081114},{"startTime":7369.0,"endTime":7370.0,"start":0.5,"end":0.5,"start2":0.58081114,"end2":0.5604421},{"startTime":7370.0,"endTime":7371.0,"start":0.5,"end":0.5,"start2":0.5604421,"end2":0.540775},{"startTime":7371.0,"endTime":7372.0,"start":0.5,"end":0.5,"start2":0.540775,"end2":0.5218536},{"startTime":7372.0,"endTime":7373.0,"start":0.5,"end":0.5,"start2":0.5218536,"end2":0.50364476},{"startTime":7373.0,"endTime":7374.0,"start":0.5,"end":0.5,"start2":0.50364476,"end2":0.48611763},{"startTime":7374.0,"endTime":7375.0,"start":0.5,"end":0.5,"start2":0.48611763,"end2":0.46931103},{"startTime":7375.0,"endTime":7376.0,"start":0.5,"end":0.5,"start2":0.46931103,"end2":0.45312497},{"startTime":7376.0,"endTime":7377.0,"start":0.5,"end":0.5,"start2":0.45312497,"end2":0.4376645},{"startTime":7377.0,"endTime":7378.0,"start":0.5,"end":0.5,"start2":0.4376645,"end2":0.4227985},{"startTime":7378.0,"endTime":7379.0,"start":0.5,"end":0.5,"start2":0.4227985,"end2":0.4085958},{"startTime":7379.0,"endTime":7380.0,"start":0.5,"end":0.5,"start2":0.4085958,"end2":0.3949938},{"startTime":7380.0,"endTime":7381.0,"start":0.5,"end":0.5,"start2":0.3949938,"end2":0.38199556},{"startTime":7381.0,"endTime":7382.0,"start":0.5,"end":0.5,"start2":0.38199556,"end2":0.3696016},{"startTime":7382.0,"endTime":7383.0,"start":0.5,"end":0.5,"start2":0.3696016,"end2":0.35775438},{"startTime":7383.0,"endTime":7384.0,"start":0.5,"end":0.5,"start2":0.35775438,"end2":0.34651247},{"startTime":7384.0,"endTime":7385.0,"start":0.5,"end":0.5,"start2":0.34651247,"end2":0.33577684},{"startTime":7385.0,"endTime":7386.0,"start":0.5,"end":0.5,"start2":0.33577684,"end2":0.32561713},{"startTime":7386.0,"endTime":7387.0,"start":0.5,"end":0.5,"start2":0.32561713,"end2":0.31595132},{"startTime":7387.0,"endTime":7388.0,"start":0.5,"end":0.5,"start2":0.31595132,"end2":0.30680615},{"startTime":7388.0,"endTime":7389.0,"start":0.5,"end":0.5,"start2":0.30680615,"end2":0.2981542},{"startTime":7389.0,"endTime":7390.0,"start":0.5,"end":0.5,"start2":0.2981542,"end2":0.2899702},{"startTime":7390.0,"endTime":7391.0,"start":0.5,"end":0.5,"start2":0.2899702,"end2":0.28227606},{"startTime":7391.0,"endTime":7392.0,"start":0.5,"end":0.5,"start2":0.28227606,"end2":0.27499998},{"startTime":7392.0,"endTime":7393.0,"start":0.5,"end":0.5,"start2":0.27499998,"end2":0.26820767},{"startTime":7393.0,"endTime":7394.0,"start":0.5,"end":0.5,"start2":0.26820767,"end2":0.26180726},{"startTime":7394.0,"endTime":7395.0,"start":0.5,"end":0.5,"start2":0.26180726,"end2":0.25583953},{"startTime":7395.0,"endTime":7396.0,"start":0.5,"end":0.5,"start2":0.25583953,"end2":0.25025883},{"startTime":7396.0,"endTime":7397.0,"start":0.5,"end":0.5,"start2":0.25025883,"end2":0.24506243},{"startTime":7397.0,"endTime":7398.0,"start":0.5,"end":0.5,"start2":0.24506243,"end2":0.24024536},{"startTime":7398.0,"endTime":7399.0,"start":0.5,"end":0.5,"start2":0.24024536,"end2":0.23576692},{"startTime":7399.0,"endTime":7400.0,"start":0.5,"end":0.5,"start2":0.23576692,"end2":0.23165749},{"startTime":7400.0,"endTime":7401.0,"start":0.5,"end":0.5,"start2":0.23165749,"end2":0.2278518},{"startTime":7401.0,"endTime":7402.0,"start":0.5,"end":0.5,"start2":0.2278518,"end2":0.22438589},{"startTime":7402.0,"endTime":7403.0,"start":0.5,"end":0.5,"start2":0.22438589,"end2":0.22120568},{"startTime":7403.0,"endTime":7404.0,"start":0.5,"end":0.5,"start2":0.22120568,"end2":0.21832111},{"startTime":7404.0,"endTime":7405.0,"start":0.5,"end":0.5,"start2":0.21832111,"end2":0.21571043},{"startTime":7405.0,"endTime":7406.0,"start":0.5,"end":0.5,"start2":0.21571043,"end2":0.21335396},{"startTime":7406.0,"endTime":7407.0,"start":0.5,"end":0.5,"start2":0.21335396,"end2":0.21125668},{"startTime":7407.0,"endTime":7408.0,"start":0.5,"end":0.5,"start2":0.21125668,"end2":0.209375},{"startTime":7408.0,"endTime":7409.0,"start":0.5,"end":0.5,"start2":0.209375,"end2":0.20773512},{"startTime":7409.0,"endTime":7410.0,"start":0.5,"end":0.5,"start2":0.20773512,"end2":0.20628476},{"startTime":7410.0,"endTime":7411.0,"start":0.5,"end":0.5,"start2":0.20628476,"end2":0.20503643},{"startTime":7411.0,"endTime":7412.0,"start":0.5,"end":0.5,"start2":0.20503643,"end2":0.20396136},{"startTime":7412.0,"endTime":7413.0,"start":0.5,"end":0.5,"start2":0.20396136,"end2":0.20305116},{"startTime":7413.0,"endTime":7414.0,"start":0.5,"end":0.5,"start2":0.20305116,"end2":0.20229535},{"startTime":7414.0,"endTime":7415.0,"start":0.5,"end":0.5,"start2":0.20229535,"end2":0.20167008},{"startTime":7415.0,"endTime":7416.0,"start":0.5,"end":0.5,"start2":0.20167008,"end2":0.20117751},{"startTime":7416.0,"endTime":7417.0,"start":0.5,"end":0.5,"start2":0.20117751,"end2":0.20078616},{"startTime":7417.0,"endTime":7418.0,"start":0.5,"end":0.5,"start2":0.20078616,"end2":0.20049837},{"startTime":7418.0,"endTime":7419.0,"start":0.5,"end":0.5,"start2":0.20049837,"end2":0.20028816},{"startTime":7419.0,"endTime":7420.0,"start":0.5,"end":0.5,"start2":0.20028816,"end2":0.20014866},{"startTime":7420.0,"endTime":7421.0,"start":0.5,"end":0.5,"start2":0.20014866,"end2":0.20006354},{"startTime":7421.0,"endTime":7422.0,"start":0.5,"end":0.5,"start2":0.20006354,"end2":0.20001897},{"startTime":7422.0,"endTime":7423.0,"start":0.5,"end":0.5,"start2":0.20001897,"end2":0.20000295},{"startTime":7423.0,"endTime":7424.0,"start":0.5,"end":0.5,"start2":0.20000295,"end2":0.19999999},{"startTime":7424.0,"endTime":7888.0,"start":0.5,"end":0.5,"start2":0.19999999,"end2":0.19999999},{"startTime":7888.0,"endTime":7889.0,"start":0.5,"end":0.5,"start2":0.19999999,"end2":0.22764419},{"startTime":7889.0,"endTime":7890.0,"start":0.5,"end":0.5,"start2":0.22764419,"end2":0.25449145},{"startTime":7890.0,"endTime":7891.0,"start":0.5,"end":0.5,"start2":0.25449145,"end2":0.28044483},{"startTime":7891.0,"endTime":7892.0,"start":0.5,"end":0.5,"start2":0.28044483,"end2":0.30558363},{"startTime":7892.0,"endTime":7893.0,"start":0.5,"end":0.5,"start2":0.30558363,"end2":0.32989943},{"startTime":7893.0,"endTime":7894.0,"start":0.5,"end":0.5,"start2":0.32989943,"end2":0.35338584},{"startTime":7894.0,"endTime":7895.0,"start":0.5,"end":0.5,"start2":0.35338584,"end2":0.37611744},{"startTime":7895.0,"endTime":7896.0,"start":0.5,"end":0.5,"start2":0.37611744,"end2":0.39800748},{"startTime":7896.0,"endTime":7897.0,"start":0.5,"end":0.5,"start2":0.39800748,"end2":0.41918877},{"startTime":7897.0,"endTime":7898.0,"start":0.5,"end":0.5,"start2":0.41918877,"end2":0.43955785},{"startTime":7898.0,"endTime":7899.0,"start":0.5,"end":0.5,"start2":0.43955785,"end2":0.45922494},{"startTime":7899.0,"endTime":7900.0,"start":0.5,"end":0.5,"start2":0.45922494,"end2":0.47814628},{"startTime":7900.0,"endTime":7901.0,"start":0.5,"end":0.5,"start2":0.47814628,"end2":0.49635515},{"startTime":7901.0,"endTime":7902.0,"start":0.5,"end":0.5,"start2":0.49635515,"end2":0.5138823},{"startTime":7902.0,"endTime":7903.0,"start":0.5,"end":0.5,"start2":0.5138823,"end2":0.5306889},{"startTime":7903.0,"endTime":7904.0,"start":0.5,"end":0.5,"start2":0.5306889,"end2":0.54687494},{"startTime":7904.0,"endTime":7905.0,"start":0.5,"end":0.5,"start2":0.54687494,"end2":0.56233543},{"startTime":7905.0,"endTime":7906.0,"start":0.5,"end":0.5,"start2":0.56233543,"end2":0.5772014},{"startTime":7906.0,"endTime":7907.0,"start":0.5,"end":0.5,"start2":0.5772014,"end2":0.59140414},{"startTime":7907.0,"endTime":7908.0,"start":0.5,"end":0.5,"start2":0.59140414,"end2":0.6050061},{"startTime":7908.0,"endTime":7909.0,"start":0.5,"end":0.5,"start2":0.6050061,"end2":0.6180044},{"startTime":7909.0,"endTime":7910.0,"start":0.5,"end":0.5,"start2":0.6180044,"end2":0.63039833},{"startTime":7910.0,"endTime":7911.0,"start":0.5,"end":0.5,"start2":0.63039833,"end2":0.64224553},{"startTime":7911.0,"endTime":7912.0,"start":0.5,"end":0.5,"start2":0.64224553,"end2":0.6534875},{"startTime":7912.0,"endTime":7913.0,"start":0.5,"end":0.5,"start2":0.6534875,"end2":0.66422313},{"startTime":7913.0,"endTime":7914.0,"start":0.5,"end":0.5,"start2":0.66422313,"end2":0.6743828},{"startTime":7914.0,"endTime":7915.0,"start":0.5,"end":0.5,"start2":0.6743828,"end2":0.68404865},{"startTime":7915.0,"endTime":7916.0,"start":0.5,"end":0.5,"start2":0.68404865,"end2":0.6931938},{"startTime":7916.0,"endTime":7917.0,"start":0.5,"end":0.5,"start2":0.6931938,"end2":0.7018457},{"startTime":7917.0,"endTime":7918.0,"start":0.5,"end":0.5,"start2":0.7018457,"end2":0.7100298},{"startTime":7918.0,"endTime":7919.0,"start":0.5,"end":0.5,"start2":0.7100298,"end2":0.71772385},{"startTime":7919.0,"endTime":7920.0,"start":0.5,"end":0.5,"start2":0.71772385,"end2":0.72499996},{"startTime":7920.0,"endTime":7921.0,"start":0.5,"end":0.5,"start2":0.72499996,"end2":0.7317923},{"startTime":7921.0,"endTime":7922.0,"start":0.5,"end":0.5,"start2":0.7317923,"end2":0.7381927},{"startTime":7922.0,"endTime":7923.0,"start":0.5,"end":0.5,"start2":0.7381927,"end2":0.7441604},{"startTime":7923.0,"endTime":7924.0,"start":0.5,"end":0.5,"start2":0.7441604,"end2":0.74974114},{"startTime":7924.0,"endTime":7925.0,"start":0.5,"end":0.5,"start2":0.74974114,"end2":0.7549375},{"startTime":7925.0,"endTime":7926.0,"start":0.5,"end":0.5,"start2":0.7549375,"end2":0.7597546},{"startTime":7926.0,"endTime":7927.0,"start":0.5,"end":0.5,"start2":0.7597546,"end2":0.764233},{"startTime":7927.0,"endTime":7928.0,"start":0.5,"end":0.5,"start2":0.764233,"end2":0.76834244},{"startTime":7928.0,"endTime":7929.0,"start":0.5,"end":0.5,"start2":0.76834244,"end2":0.77214813},{"startTime":7929.0,"endTime":7930.0,"start":0.5,"end":0.5,"start2":0.77214813,"end2":0.7756141},{"startTime":7930.0,"endTime":7931.0,"start":0.5,"end":0.5,"start2":0.7756141,"end2":0.7787943},{"startTime":7931.0,"endTime":7932.0,"start":0.5,"end":0.5,"start2":0.7787943,"end2":0.7816788},{"startTime":7932.0,"endTime":7933.0,"start":0.5,"end":0.5,"start2":0.7816788,"end2":0.7842895},{"startTime":7933.0,"endTime":7934.0,"start":0.5,"end":0.5,"start2":0.7842895,"end2":0.786646},{"startTime":7934.0,"endTime":7935.0,"start":0.5,"end":0.5,"start2":0.786646,"end2":0.78874326},{"startTime":7935.0,"endTime":7936.0,"start":0.5,"end":0.5,"start2":0.78874326,"end2":0.790625},{"startTime":7936.0,"endTime":7937.0,"start":0.5,"end":0.5,"start2":0.790625,"end2":0.7922648},{"startTime":7937.0,"endTime":7938.0,"start":0.5,"end":0.5,"start2":0.7922648,"end2":0.7937152},{"startTime":7938.0,"endTime":7939.0,"start":0.5,"end":0.5,"start2":0.7937152,"end2":0.79496354},{"startTime":7939.0,"endTime":7940.0,"start":0.5,"end":0.5,"start2":0.79496354,"end2":0.79603857},{"startTime":7940.0,"endTime":7941.0,"start":0.5,"end":0.5,"start2":0.79603857,"end2":0.7969488},{"startTime":7941.0,"endTime":7942.0,"start":0.5,"end":0.5,"start2":0.7969488,"end2":0.7977046},{"startTime":7942.0,"endTime":7943.0,"start":0.5,"end":0.5,"start2":0.7977046,"end2":0.7983299},{"startTime":7943.0,"endTime":7944.0,"start":0.5,"end":0.5,"start2":0.7983299,"end2":0.7988224},{"startTime":7944.0,"endTime":7945.0,"start":0.5,"end":0.5,"start2":0.7988224,"end2":0.79921377},{"startTime":7945.0,"endTime":7946.0,"start":0.5,"end":0.5,"start2":0.79921377,"end2":0.79950154},{"startTime":7946.0,"endTime":7947.0,"start":0.5,"end":0.5,"start2":0.79950154,"end2":0.79971176},{"startTime":7947.0,"endTime":7948.0,"start":0.5,"end":0.5,"start2":0.79971176,"end2":0.7998513},{"startTime":7948.0,"endTime":7949.0,"start":0.5,"end":0.5,"start2":0.7998513,"end2":0.7999364},{"startTime":7949.0,"endTime":7950.0,"start":0.5,"end":0.5,"start2":0.7999364,"end2":0.79998094},{"startTime":7950.0,"endTime":7951.0,"start":0.5,"end":0.5,"start2":0.79998094,"end2":0.799997},{"startTime":7951.0,"endTime":7952.0,"start":0.5,"end":0.5,"start2":0.799997,"end2":0.79999995},{"startTime":7952.0,"endTime":8928.0,"start":0.5,"end":0.5,"start2":0.79999995,"end2":0.79999995},{"startTime":8928.0,"endTime":8929.0,"start":0.5,"end":0.5,"start2":0.79999995,"end2":0.77235574},{"startTime":8929.0,"endTime":8930.0,"start":0.5,"end":0.5,"start2":0.77235574,"end2":0.7455085},{"startTime":8930.0,"endTime":8931.0,"start":0.5,"end":0.5,"start2":0.7455085,"end2":0.71955514},{"startTime":8931.0,"endTime":8932.0,"start":0.5,"end":0.5,"start2":0.71955514,"end2":0.6944163},{"startTime":8932.0,"endTime":8933.0,"start":0.5,"end":0.5,"start2":0.6944163,"end2":0.6701005},{"startTime":8933.0,"endTime":8934.0,"start":0.5,"end":0.5,"start2":0.6701005,"end2":0.6466141},{"startTime":8934.0,"endTime":8935.0,"start":0.5,"end":0.5,"start2":0.6466141,"end2":0.62388253},{"startTime":8935.0,"endTime":8936.0,"start":0.5,"end":0.5,"start2":0.62388253,"end2":0.6019925},{"startTime":8936.0,"endTime":8937.0,"start":0.5,"end":0.5,"start2":0.6019925,"end2":0.58081114},{"startTime":8937.0,"endTime":8938.0,"start":0.5,"end":0.5,"start2":0.58081114,"end2":0.5604421},{"startTime":8938.0,"endTime":8939.0,"start":0.5,"end":0.5,"start2":0.5604421,"end2":0.540775},{"startTime":8939.0,"endTime":8940.0,"start":0.5,"end":0.5,"start2":0.540775,"end2":0.5218536},{"startTime":8940.0,"endTime":8941.0,"start":0.5,"end":0.5,"start2":0.5218536,"end2":0.50364476},{"startTime":8941.0,"endTime":8942.0,"start":0.5,"end":0.5,"start2":0.50364476,"end2":0.48611763},{"startTime":8942.0,"endTime":8943.0,"start":0.5,"end":0.5,"start2":0.48611763,"end2":0.46931103},{"startTime":8943.0,"endTime":8944.0,"start":0.5,"end":0.5,"start2":0.46931103,"end2":0.45312497},{"startTime":8944.0,"endTime":8945.0,"start":0.5,"end":0.5,"start2":0.45312497,"end2":0.4376645},{"startTime":8945.0,"endTime":8946.0,"start":0.5,"end":0.5,"start2":0.4376645,"end2":0.4227985},{"startTime":8946.0,"endTime":8947.0,"start":0.5,"end":0.5,"start2":0.4227985,"end2":0.4085958},{"startTime":8947.0,"endTime":8948.0,"start":0.5,"end":0.5,"start2":0.4085958,"end2":0.3949938},{"startTime":8948.0,"endTime":8949.0,"start":0.5,"end":0.5,"start2":0.3949938,"end2":0.38199556},{"startTime":8949.0,"endTime":8950.0,"start":0.5,"end":0.5,"start2":0.38199556,"end2":0.3696016},{"startTime":8950.0,"endTime":8951.0,"start":0.5,"end":0.5,"start2":0.3696016,"end2":0.35775438},{"startTime":8951.0,"endTime":8952.0,"start":0.5,"end":0.5,"start2":0.35775438,"end2":0.34651247},{"startTime":8952.0,"endTime":8953.0,"start":0.5,"end":0.5,"start2":0.34651247,"end2":0.33577684},{"startTime":8953.0,"endTime":8954.0,"start":0.5,"end":0.5,"start2":0.33577684,"end2":0.32561713},{"startTime":8954.0,"endTime":8955.0,"start":0.5,"end":0.5,"start2":0.32561713,"end2":0.31595132},{"startTime":8955.0,"endTime":8956.0,"start":0.5,"end":0.5,"start2":0.31595132,"end2":0.30680615},{"startTime":8956.0,"endTime":8957.0,"start":0.5,"end":0.5,"start2":0.30680615,"end2":0.2981542},{"startTime":8957.0,"endTime":8958.0,"start":0.5,"end":0.5,"start2":0.2981542,"end2":0.2899702},{"startTime":8958.0,"endTime":8959.0,"start":0.5,"end":0.5,"start2":0.2899702,"end2":0.28227606},{"startTime":8959.0,"endTime":8960.0,"start":0.5,"end":0.5,"start2":0.28227606,"end2":0.27499998},{"startTime":8960.0,"endTime":8961.0,"start":0.5,"end":0.5,"start2":0.27499998,"end2":0.26820767},{"startTime":8961.0,"endTime":8962.0,"start":0.5,"end":0.5,"start2":0.26820767,"end2":0.26180726},{"startTime":8962.0,"endTime":8963.0,"start":0.5,"end":0.5,"start2":0.26180726,"end2":0.25583953},{"startTime":8963.0,"endTime":8964.0,"start":0.5,"end":0.5,"start2":0.25583953,"end2":0.25025883},{"startTime":8964.0,"endTime":8965.0,"start":0.5,"end":0.5,"start2":0.25025883,"end2":0.24506243},{"startTime":8965.0,"endTime":8966.0,"start":0.5,"end":0.5,"start2":0.24506243,"end2":0.24024536},{"startTime":8966.0,"endTime":8967.0,"start":0.5,"end":0.5,"start2":0.24024536,"end2":0.23576692},{"startTime":8967.0,"endTime":8968.0,"start":0.5,"end":0.5,"start2":0.23576692,"end2":0.23165749},{"startTime":8968.0,"endTime":8969.0,"start":0.5,"end":0.5,"start2":0.23165749,"end2":0.2278518},{"startTime":8969.0,"endTime":8970.0,"start":0.5,"end":0.5,"start2":0.2278518,"end2":0.22438589},{"startTime":8970.0,"endTime":8971.0,"start":0.5,"end":0.5,"start2":0.22438589,"end2":0.22120568},{"startTime":8971.0,"endTime":8972.0,"start":0.5,"end":0.5,"start2":0.22120568,"end2":0.21832111},{"startTime":8972.0,"endTime":8973.0,"start":0.5,"end":0.5,"start2":0.21832111,"end2":0.21571043},{"startTime":8973.0,"endTime":8974.0,"start":0.5,"end":0.5,"start2":0.21571043,"end2":0.21335396},{"startTime":8974.0,"endTime":8975.0,"start":0.5,"end":0.5,"start2":0.21335396,"end2":0.21125668},{"startTime":8975.0,"endTime":8976.0,"start":0.5,"end":0.5,"start2":0.21125668,"end2":0.209375},{"startTime":8976.0,"endTime":8977.0,"start":0.5,"end":0.5,"start2":0.209375,"end2":0.20773512},{"startTime":8977.0,"endTime":8978.0,"start":0.5,"end":0.5,"start2":0.20773512,"end2":0.20628476},{"startTime":8978.0,"endTime":8979.0,"start":0.5,"end":0.5,"start2":0.20628476,"end2":0.20503643},{"startTime":8979.0,"endTime":8980.0,"start":0.5,"end":0.5,"start2":0.20503643,"end2":0.20396136},{"startTime":8980.0,"endTime":8981.0,"start":0.5,"end":0.5,"start2":0.20396136,"end2":0.20305116},{"startTime":8981.0,"endTime":8982.0,"start":0.5,"end":0.5,"start2":0.20305116,"end2":0.20229535},{"startTime":8982.0,"endTime":8983.0,"start":0.5,"end":0.5,"start2":0.20229535,"end2":0.20167008},{"startTime":8983.0,"endTime":8984.0,"start":0.5,"end":0.5,"start2":0.20167008,"end2":0.20117751},{"startTime":8984.0,"endTime":8985.0,"start":0.5,"end":0.5,"start2":0.20117751,"end2":0.20078616},{"startTime":8985.0,"endTime":8986.0,"start":0.5,"end":0.5,"start2":0.20078616,"end2":0.20049837},{"startTime":8986.0,"endTime":8987.0,"start":0.5,"end":0.5,"start2":0.20049837,"end2":0.20028816},{"startTime":8987.0,"endTime":8988.0,"start":0.5,"end":0.5,"start2":0.20028816,"end2":0.20014866},{"startTime":8988.0,"endTime":8989.0,"start":0.5,"end":0.5,"start2":0.20014866,"end2":0.20006354},{"startTime":8989.0,"endTime":8990.0,"start":0.5,"end":0.5,"start2":0.20006354,"end2":0.20001897},{"startTime":8990.0,"endTime":8991.0,"start":0.5,"end":0.5,"start2":0.20001897,"end2":0.20000295},{"startTime":8991.0,"endTime":8992.0,"start":0.5,"end":0.5,"start2":0.20000295,"end2":0.19999999},{"startTime":8992.0,"endTime":1000000000.0,"start":0.5,"end":0.5,"start2":0.19999999,"end2":0.19999999}],"judgeLineRotateEvents":[{"startTime":-999999.0,"endTime":7360.0,"start":0.0,"end":0.0},{"startTime":7360.0,"endTime":7376.0,"start":0.0,"end":15.0},{"startTime":7376.0,"endTime":7392.0,"start":15.0,"end":-15.0},{"startTime":7392.0,"endTime":7408.0,"start":-15.0,"end":15.0},{"startTime":7408.0,"endTime":7424.0,"start":15.0,"end":0.0},{"startTime":7424.0,"endTime":9344.0,"start":0.0,"end":0.0},{"startTime":9344.0,"endTime":9348.0,"start":0.0,"end":42.91215},{"startTime":9348.0,"endTime":9352.0,"start":42.91215,"end":81.87309},{"startTime":9352.0,"endTime":9356.0,"start":81.87309,"end":117.13283},{"startTime":9356.0,"endTime":9360.0,"start":117.13283,"end":148.93327},{"startTime":9360.0,"endTime":9364.0,"start":148.93327,"end":177.5081},{"startTime":9364.0,"endTime":9368.0,"start":177.5081,"end":203.08287},{"startTime":9368.0,"endTime":9372.0,"start":203.08287,"end":225.87505},{"startTime":9372.0,"endTime":9376.0,"start":225.87505,"end":246.09375},{"startTime":9376.0,"endTime":9380.0,"start":246.09375,"end":263.91208},{"startTime":9380.0,"endTime":9384.0,"start":263.91208,"end":279.55554},{"startTime":9384.0,"endTime":9388.0,"start":279.55554,"end":293.2085},{"startTime":9388.0,"endTime":9392.0,"start":293.2085,"end":305.04727},{"startTime":9392.0,"endTime":9396.0,"start":305.04727,"end":315.23993},{"startTime":9396.0,"endTime":9400.0,"start":315.23993,"end":323.94644},{"startTime":9400.0,"endTime":9404.0,"start":323.94644,"end":331.3186},{"startTime":9404.0,"endTime":9408.0,"start":331.3186,"end":337.5},{"startTime":9408.0,"endTime":9412.0,"start":337.5,"end":342.61414},{"startTime":9412.0,"endTime":9416.0,"start":342.61414,"end":346.80322},{"startTime":9416.0,"endTime":9420.0,"start":346.80322,"end":350.18604},{"startTime":9420.0,"endTime":9424.0,"start":350.18604,"end":352.87326},{"startTime":9424.0,"endTime":9428.0,"start":352.87326,"end":354.9674},{"startTime":9428.0,"endTime":9432.0,"start":354.9674,"end":356.56277},{"startTime":9432.0,"endTime":9436.0,"start":356.56277,"end":357.74557},{"startTime":9436.0,"endTime":9440.0,"start":357.74557,"end":358.59375},{"startTime":9440.0,"endTime":9444.0,"start":358.59375,"end":359.17456},{"startTime":9444.0,"endTime":9448.0,"start":359.17456,"end":359.55365},{"startTime":9448.0,"endTime":9452.0,"start":359.55365,"end":359.7842},{"startTime":9452.0,"endTime":9456.0,"start":359.7842,"end":359.91125},{"startTime":9456.0,"endTime":9460.0,"start":359.91125,"end":359.97174},{"startTime":9460.0,"endTime":9464.0,"start":359.97174,"end":359.99432},{"startTime":9464.0,"endTime":9468.0,"start":359.99432,"end":359.9996},{"startTime":9468.0,"endTime":9472.0,"start":359.9996,"end":360.0},{"startTime":9472.0,"endTime":10368.0,"start":360.0,"end":360.0},{"startTime":10368.0,"endTime":10496.0,"start":0.0,"end":180.0},{"startTime":10496.0,"endTime":10912.0,"start":180.0,"end":180.0},{"startTime":10912.0,"endTime":1000000000.0,"start":0.0,"end":0.0}],"judgeLineDisappearEvents":[{"startTime":-999999.0,"endTime":6304.0,"start":1.0,"end":1.0},{"startTime":6304.0,"endTime":6308.0,"start":0.0,"end":0.0},{"startTime":6308.0,"endTime":6312.0,"start":1.0,"end":1.0},{"startTime":6312.0,"endTime":6316.0,"start":0.0,"end":0.0},{"startTime":6316.0,"endTime":6320.0,"start":1.0,"end":1.0},{"startTime":6320.0,"endTime":6324.0,"start":0.0,"end":0.0},{"startTime":6324.0,"endTime":6328.0,"start":1.0,"end":1.0},{"startTime":6328.0,"endTime":6332.0,"start":0.0,"end":0.0},{"startTime":6332.0,"endTime":6336.0,"start":1.0,"end":1.0},{"startTime":6336.0,"endTime":6340.0,"start":0.0,"end":0.0},{"startTime":6340.0,"endTime":6344.0,"start":1.0,"end":1.0},{"startTime":6344.0,"endTime":6348.0,"start":0.0,"end":0.0},{"startTime":6348.0,"endTime":6352.0,"start":1.0,"end":1.0},{"startTime":6352.0,"endTime":6356.0,"start":0.0,"end":0.0},{"startTime":6356.0,"endTime":6360.0,"start":1.0,"end":1.0},{"startTime":6360.0,"endTime":6364.0,"start":0.0,"end":0.0},{"startTime":6364.0,"endTime":6368.0,"start":1.0,"end":1.0},{"startTime":6368.0,"endTime":6372.0,"start":0.0,"end":0.0},{"startTime":6372.0,"endTime":6376.0,"start":1.0,"end":1.0},{"startTime":6376.0,"endTime":6380.0,"start":0.0,"end":0.0},{"startTime":6380.0,"endTime":6384.0,"start":1.0,"end":1.0},{"startTime":6384.0,"endTime":6388.0,"start":0.0,"end":0.0},{"startTime":6388.0,"endTime":1000000000.0,"start":1.0,"end":1.0}]}]}