{"formatVersion":3,"offset":0.0,"judgeLineList":[{"bpm":104.0,"notesAbove":[{"type":4,"time":64,"positionX":-3.0,"holdTime":0.0,"speed":1.0,"floorPosition":1.8461539},{"type":1,"time":96,"positionX":4.0,"holdTime":0.0,"speed":1.0,"floorPosition":2.7692308},{"type":1,"time":128,"positionX":1.0,"holdTime":0.0,"speed":1.0,"floorPosition":3.6923077},{"type":1,"time":192,"positionX":-3.0,"holdTime":0.0,"speed":1.0,"floorPosition":5.5384617},{"type":1,"time":224,"positionX":0.0,"holdTime":0.0,"speed":1.0,"floorPosition":6.461539},{"type":1,"time":256,"positionX":-4.0,"holdTime":0.0,"speed":1.0,"floorPosition":7.3846154},{"type":1,"time":320,"positionX":1.0,"holdTime":0.0,"speed":1.0,"floorPosition":9.230769},{"type":1,"time":352,"positionX":3.0,"holdTime":0.0,"speed":1.0,"floorPosition":10.153847},{"type":1,"time":384,"positionX":1.0,"holdTime":0.0,"speed":1.0,"floorPosition":11.076923},{"type":1,"time":448,"positionX":-4.0,"holdTime":0.0,"speed":1.0,"floorPosition":12.923078},{"type":1,"time":480,"positionX":-2.0,"holdTime":0.0,"speed":1.0,"floorPosition":13.846154},{"type":1,"time":512,"positionX":0.0,"holdTime":0.0,"speed":1.0,"floorPosition":14.769231},{"type":4,"time":544,"positionX":4.0,"holdTime":0.0,"speed":1.0,"floorPosition":15.692307},{"type":1,"time":576,"positionX":-4.0,"holdTime":0.0,"speed":1.0,"floorPosition":16.615385},{"type":1,"time":576,"positionX":2.0,"holdTime":0.0,"speed":1.0,"floorPosition":16.615385},{"type":1,"time":608,"positionX":-1.0,"holdTime":0.0,"speed":1.0,"floorPosition":17.538462},{"type":1,"time":640,"positionX":-4.0,"holdTime":0.0,"speed":1.0,"floorPosition":18.461538},{"type":1,"time":640,"positionX":2.0,"holdTime":0.0,"speed":1.0,"floorPosition":18.461538},{"type":1,"time":672,"positionX":-1.0,"holdTime":0.0,"speed":1.0,"floorPosition":19.384615},{"type":1,"time":704,"positionX":5.0,"holdTime":0.0,"speed":1.0,"floorPosition":20.307693},{"type":1,"time":704,"positionX":-4.0,"holdTime":0.0,"speed":1.0,"floorPosition":20.307693},{"type":1,"time":736,"positionX":1.0,"holdTime":0.0,"speed":1.0,"floorPosition":21.23077},{"type":1,"time":768,"positionX":5.0,"holdTime":0.0,"speed":1.0,"floorPosition":22.153847},{"type":1,"time":768,"positionX":-4.0,"holdTime":0.0,"speed":1.0,"floorPosition":22.153847},{"type":1,"time":800,"positionX":3.0,"holdTime":0.0,"speed":1.0,"floorPosition":23.076923},{"type":1,"time":832,"positionX":2.0,"holdTime":0.0,"speed":1.0,"floorPosition":24.0},{"type":1,"time":832,"positionX":-5.0,"holdTime":0.0,"speed":1.0,"floorPosition":24.0},{"type":1,"time":864,"positionX":0.0,"holdTime":0.0,"speed":1.0,"floorPosition":24.923077},{"type":1,"time":896,"positionX":-2.0,"holdTime":0.0,"speed":1.0,"floorPosition":25.846155},{"type":1,"time":896,"positionX":4.0,"holdTime":0.0,"speed":1.0,"floorPosition":25.846155},{"type":1,"time":928,"positionX":1.030406,"holdTime":0.0,"speed":1.0,"floorPosition":26.769232},{"type":1,"time":960,"positionX":-5.0,"holdTime":0.0,"speed":1.0,"floorPosition":27.692308},{"type":1,"time":960,"positionX":0.0,"holdTime":0.0,"speed":1.0,"floorPosition":27.692308},{"type":1,"time":992,"positionX":-2.0,"holdTime":0.0,"speed":1.0,"floorPosition":28.615385},{"type":1,"time":1024,"positionX":-4.0,"holdTime":0.0,"speed":1.0,"floorPosition":29.538462},{"type":1,"time":1024,"positionX":4.0,"holdTime":0.0,"speed":1.0,"floorPosition":29.538462},{"type":1,"time":1056,"positionX":1.0,"holdTime":0.0,"speed":1.0,"floorPosition":30.461538},{"type":1,"time":1088,"positionX":3.31081,"holdTime":0.0,"speed":1.0,"floorPosition":31.384615},{"type":2,"time":1088,"positionX":-3.8181818,"holdTime":0.0,"speed":1.0,"floorPosition":31.384615},{"type":2,"time":1104,"positionX":-5.090909,"holdTime":0.0,"speed":1.0,"floorPosition":31.846155},{"type":2,"time":1120,"positionX":-4.4545455,"holdTime":0.0,"speed":1.0,"floorPosition":32.307693},{"type":2,"time":1128,"positionX":-3.8181818,"holdTime":0.0,"speed":1.0,"floorPosition":32.538464},{"type":2,"time":1136,"positionX":-3.181818,"holdTime":0.0,"speed":1.0,"floorPosition":32.76923},{"type":2,"time":1144,"positionX":-2.5454545,"holdTime":0.0,"speed":1.0,"floorPosition":33.0},{"type":2,"time":1152,"positionX":-1.9090909,"holdTime":0.0,"speed":1.0,"floorPosition":33.23077},{"type":2,"time":1152,"positionX":3.766892,"holdTime":0.0,"speed":1.0,"floorPosition":33.23077},{"type":2,"time":1168,"positionX":-3.181818,"holdTime":0.0,"speed":1.0,"floorPosition":33.692307},{"type":2,"time":1176,"positionX":-3.8181818,"holdTime":0.0,"speed":1.0,"floorPosition":33.923077},{"type":2,"time":1192,"positionX":-4.4545455,"holdTime":0.0,"speed":1.0,"floorPosition":34.384617},{"type":2,"time":1216,"positionX":3.8181818,"holdTime":0.0,"speed":1.0,"floorPosition":35.076923},{"type":2,"time":1216,"positionX":-2.5454545,"holdTime":0.0,"speed":1.0,"floorPosition":35.076923},{"type":2,"time":1232,"positionX":4.4545455,"holdTime":0.0,"speed":1.0,"floorPosition":35.538464},{"type":2,"time":1248,"positionX":5.090909,"holdTime":0.0,"speed":1.0,"floorPosition":36.0},{"type":2,"time":1256,"positionX":4.4545455,"holdTime":0.0,"speed":1.0,"floorPosition":36.23077},{"type":2,"time":1264,"positionX":3.8181818,"holdTime":0.0,"speed":1.0,"floorPosition":36.46154},{"type":2,"time":1272,"positionX":3.181818,"holdTime":0.0,"speed":1.0,"floorPosition":36.692307},{"type":2,"time":1280,"positionX":2.5454545,"holdTime":0.0,"speed":1.0,"floorPosition":36.923077},{"type":2,"time":1280,"positionX":-3.8181818,"holdTime":0.0,"speed":1.0,"floorPosition":36.923077},{"type":2,"time":1296,"positionX":1.9090909,"holdTime":0.0,"speed":1.0,"floorPosition":37.384617},{"type":2,"time":1304,"positionX":2.5454545,"holdTime":0.0,"speed":1.0,"floorPosition":37.615387},{"type":2,"time":1320,"positionX":1.9090909,"holdTime":0.0,"speed":1.0,"floorPosition":38.076923},{"type":1,"time":1344,"positionX":0.0,"holdTime":0.0,"speed":1.0,"floorPosition":38.76923},{"type":1,"time":1376,"positionX":0.0,"holdTime":0.0,"speed":1.0,"floorPosition":39.692307},{"type":1,"time":1408,"positionX":0.0,"holdTime":0.0,"speed":1.0,"floorPosition":40.615387},{"type":1,"time":1440,"positionX":0.0,"holdTime":0.0,"speed":1.0,"floorPosition":41.538464},{"type":1,"time":1472,"positionX":0.0,"holdTime":0.0,"speed":1.0,"floorPosition":42.46154},{"type":1,"time":1504,"positionX":-0.03378296,"holdTime":0.0,"speed":1.0,"floorPosition":43.384617},{"type":1,"time":1536,"positionX":0.0,"holdTime":0.0,"speed":1.0,"floorPosition":44.307693},{"type":3,"time":1568,"positionX":-0.01689148,"holdTime":16.0,"speed":1.6,"floorPosition":45.23077},{"type":2,"time":1600,"positionX":-0.05067635,"holdTime":0.0,"speed":1.0,"floorPosition":46.153847},{"type":1,"time":1632,"positionX":1.655406,"holdTime":0.0,"speed":1.0,"floorPosition":47.076923},{"type":1,"time":1648,"positionX":3.108108,"holdTime":0.0,"speed":1.0,"floorPosition":47.538464},{"type":1,"time":1664,"positionX":1.52027,"holdTime":0.0,"speed":1.0,"floorPosition":48.0},{"type":1,"time":1680,"positionX":-0.2364864,"holdTime":0.0,"speed":1.0,"floorPosition":48.46154},{"type":1,"time":1696,"positionX":1.368244,"holdTime":0.0,"speed":1.0,"floorPosition":48.923077},{"type":1,"time":1712,"positionX":2.93919,"holdTime":0.0,"speed":1.0,"floorPosition":49.384617},{"type":1,"time":1728,"positionX":-4.070946,"holdTime":0.0,"speed":1.0,"floorPosition":49.846153},{"type":1,"time":1760,"positionX":-2.195946,"holdTime":0.0,"speed":1.0,"floorPosition":50.76923},{"type":1,"time":1776,"positionX":-3.986486,"holdTime":0.0,"speed":1.0,"floorPosition":51.23077},{"type":1,"time":1792,"positionX":-5.506757,"holdTime":0.0,"speed":1.0,"floorPosition":51.69231},{"type":1,"time":1808,"positionX":-4.273649,"holdTime":0.0,"speed":1.0,"floorPosition":52.153847},{"type":1,"time":1824,"positionX":-3.074324,"holdTime":0.0,"speed":1.0,"floorPosition":52.615387},{"type":1,"time":1840,"positionX":-1.891891,"holdTime":0.0,"speed":1.0,"floorPosition":53.076923},{"type":1,"time":1856,"positionX":2.5,"holdTime":0.0,"speed":1.0,"floorPosition":53.538464},{"type":1,"time":1888,"positionX":-4.611486,"holdTime":0.0,"speed":1.0,"floorPosition":54.46154},{"type":1,"time":1904,"positionX":-3.39527,"holdTime":0.0,"speed":1.0,"floorPosition":54.923077},{"type":1,"time":1920,"positionX":1.114864,"holdTime":0.0,"speed":1.0,"floorPosition":55.384617},{"type":1,"time":1936,"positionX":0.06756783,"holdTime":0.0,"speed":1.0,"floorPosition":55.846153},{"type":1,"time":1952,"positionX":1.199324,"holdTime":0.0,"speed":1.0,"floorPosition":56.307693},{"type":1,"time":1968,"positionX":2.567567,"holdTime":0.0,"speed":1.0,"floorPosition":56.76923},{"type":1,"time":1984,"positionX":-3.800676,"holdTime":0.0,"speed":1.0,"floorPosition":57.23077},{"type":1,"time":2016,"positionX":2.668919,"holdTime":0.0,"speed":1.0,"floorPosition":58.153847},{"type":1,"time":2032,"positionX":4.307433,"holdTime":0.0,"speed":1.0,"floorPosition":58.615387},{"type":1,"time":2048,"positionX":2.618244,"holdTime":0.0,"speed":1.0,"floorPosition":59.076923},{"type":1,"time":2064,"positionX":0.8108101,"holdTime":0.0,"speed":1.0,"floorPosition":59.538464},{"type":1,"time":2080,"positionX":-0.7432442,"holdTime":0.0,"speed":1.0,"floorPosition":60.0},{"type":1,"time":2096,"positionX":-2.432432,"holdTime":0.0,"speed":1.0,"floorPosition":60.46154},{"type":2,"time":2112,"positionX":-5.540541,"holdTime":0.0,"speed":1.0,"floorPosition":60.923077},{"type":2,"time":2160,"positionX":-3.986486,"holdTime":0.0,"speed":1.0,"floorPosition":62.307693},{"type":2,"time":2160,"positionX":1.68919,"holdTime":0.0,"speed":1.0,"floorPosition":62.307693},{"type":2,"time":2176,"positionX":-3.75,"holdTime":0.0,"speed":1.0,"floorPosition":62.76923},{"type":2,"time":2176,"positionX":0.5067558,"holdTime":0.0,"speed":1.0,"floorPosition":62.76923},{"type":2,"time":2224,"positionX":-4.56081,"holdTime":0.0,"speed":1.0,"floorPosition":64.15385},{"type":2,"time":2224,"positionX":0.405406,"holdTime":0.0,"speed":1.0,"floorPosition":64.15385},{"type":2,"time":2240,"positionX":-3.783783,"holdTime":0.0,"speed":1.0,"floorPosition":64.61539},{"type":2,"time":2240,"positionX":2.466216,"holdTime":0.0,"speed":1.0,"floorPosition":64.61539},{"type":2,"time":2288,"positionX":-4.10473,"holdTime":0.0,"speed":1.0,"floorPosition":66.0},{"type":2,"time":2288,"positionX":2.989864,"holdTime":0.0,"speed":1.0,"floorPosition":66.0},{"type":2,"time":2304,"positionX":4.949324,"holdTime":0.0,"speed":1.0,"floorPosition":66.46154},{"type":2,"time":2304,"positionX":-2.162162,"holdTime":0.0,"speed":1.0,"floorPosition":66.46154},{"type":2,"time":2352,"positionX":-3.614864,"holdTime":0.0,"speed":1.0,"floorPosition":67.84615},{"type":2,"time":2352,"positionX":2.753379,"holdTime":0.0,"speed":1.0,"floorPosition":67.84615},{"type":2,"time":2368,"positionX":-4.307432,"holdTime":0.0,"speed":1.0,"floorPosition":68.30769},{"type":2,"time":2368,"positionX":0.6081085,"holdTime":0.0,"speed":1.0,"floorPosition":68.30769},{"type":2,"time":2416,"positionX":-5.168919,"holdTime":0.0,"speed":1.0,"floorPosition":69.69231},{"type":2,"time":2416,"positionX":1.131756,"holdTime":0.0,"speed":1.0,"floorPosition":69.69231},{"type":2,"time":2432,"positionX":-5.929054,"holdTime":0.0,"speed":1.0,"floorPosition":70.15385},{"type":2,"time":2432,"positionX":4.797297,"holdTime":0.0,"speed":1.0,"floorPosition":70.15385},{"type":2,"time":2480,"positionX":2.972972,"holdTime":0.0,"speed":1.0,"floorPosition":71.53846},{"type":2,"time":2480,"positionX":-2.246622,"holdTime":0.0,"speed":1.0,"floorPosition":71.53846},{"type":2,"time":2496,"positionX":4.81419,"holdTime":0.0,"speed":1.0,"floorPosition":72.0},{"type":2,"time":2496,"positionX":-3.429054,"holdTime":0.0,"speed":1.0,"floorPosition":72.0},{"type":2,"time":2544,"positionX":4.087838,"holdTime":0.0,"speed":1.0,"floorPosition":73.38461},{"type":2,"time":2544,"positionX":-2.989864,"holdTime":0.0,"speed":1.0,"floorPosition":73.38461},{"type":2,"time":2560,"positionX":-5.016891,"holdTime":0.0,"speed":1.0,"floorPosition":73.84615},{"type":2,"time":2560,"positionX":2.364864,"holdTime":0.0,"speed":1.0,"floorPosition":73.84615},{"type":2,"time":2608,"positionX":1.486487,"holdTime":0.0,"speed":1.0,"floorPosition":75.230774},{"type":1,"time":2624,"positionX":-4.915541,"holdTime":0.0,"speed":1.0,"floorPosition":75.69231},{"type":4,"time":2656,"positionX":-2.567568,"holdTime":0.0,"speed":1.0,"floorPosition":76.61539},{"type":1,"time":2688,"positionX":2.364864,"holdTime":0.0,"speed":1.0,"floorPosition":77.53846},{"type":4,"time":2720,"positionX":-2.449324,"holdTime":0.0,"speed":1.0,"floorPosition":78.46154},{"type":1,"time":2752,"positionX":-5.050676,"holdTime":0.0,"speed":1.0,"floorPosition":79.38461},{"type":4,"time":2784,"positionX":2.381756,"holdTime":0.0,"speed":1.0,"floorPosition":80.30769},{"type":1,"time":2816,"positionX":-4.915541,"holdTime":0.0,"speed":1.0,"floorPosition":81.230774},{"type":4,"time":2848,"positionX":2.41554,"holdTime":0.0,"speed":1.0,"floorPosition":82.15385},{"type":1,"time":2880,"positionX":-3.513514,"holdTime":0.0,"speed":1.0,"floorPosition":83.07693},{"type":1,"time":2880,"positionX":4.881756,"holdTime":0.0,"speed":1.0,"floorPosition":83.07693},{"type":4,"time":2912,"positionX":-0.9966221,"holdTime":0.0,"speed":1.0,"floorPosition":84.0},{"type":1,"time":2944,"positionX":-4.070946,"holdTime":0.0,"speed":1.0,"floorPosition":84.92308},{"type":1,"time":2944,"positionX":4.29054,"holdTime":0.0,"speed":1.0,"floorPosition":84.92308},{"type":4,"time":2976,"positionX":1.486487,"holdTime":0.0,"speed":1.0,"floorPosition":85.84615},{"type":1,"time":3008,"positionX":-5.675676,"holdTime":0.0,"speed":1.0,"floorPosition":86.76923},{"type":1,"time":3008,"positionX":0.1351347,"holdTime":0.0,"speed":1.0,"floorPosition":86.76923},{"type":4,"time":3040,"positionX":-2.635136,"holdTime":0.0,"speed":1.0,"floorPosition":87.69231},{"type":1,"time":3072,"positionX":-1.452703,"holdTime":0.0,"speed":1.0,"floorPosition":88.61539},{"type":1,"time":3072,"positionX":4.594594,"holdTime":0.0,"speed":1.0,"floorPosition":88.61539},{"type":4,"time":3104,"positionX":1.959459,"holdTime":0.0,"speed":1.0,"floorPosition":89.53846},{"type":2,"time":3136,"positionX":-4.493244,"holdTime":0.0,"speed":1.0,"floorPosition":90.46154},{"type":2,"time":3152,"positionX":-4.459459,"holdTime":0.0,"speed":1.0,"floorPosition":90.92308},{"type":4,"time":3168,"positionX":2.398648,"holdTime":0.0,"speed":1.0,"floorPosition":91.38461},{"type":2,"time":3168,"positionX":-4.459459,"holdTime":0.0,"speed":1.0,"floorPosition":91.38461},{"type":2,"time":3184,"positionX":-4.459459,"holdTime":0.0,"speed":1.0,"floorPosition":91.84615},{"type":2,"time":3200,"positionX":-4.459459,"holdTime":0.0,"speed":1.0,"floorPosition":92.30769},{"type":2,"time":3216,"positionX":-4.459459,"holdTime":0.0,"speed":1.0,"floorPosition":92.76923},{"type":4,"time":3232,"positionX":2.702703,"holdTime":0.0,"speed":1.0,"floorPosition":93.230774},{"type":2,"time":3232,"positionX":-4.459459,"holdTime":0.0,"speed":1.0,"floorPosition":93.230774},{"type":2,"time":3248,"positionX":-4.459459,"holdTime":0.0,"speed":1.0,"floorPosition":93.69231},{"type":2,"time":3264,"positionX":-4.459459,"holdTime":0.0,"speed":1.0,"floorPosition":94.15385},{"type":2,"time":3280,"positionX":-4.459459,"holdTime":0.0,"speed":1.0,"floorPosition":94.61539},{"type":4,"time":3296,"positionX":2.449324,"holdTime":0.0,"speed":1.0,"floorPosition":95.07693},{"type":2,"time":3296,"positionX":-4.459459,"holdTime":0.0,"speed":1.0,"floorPosition":95.07693},{"type":2,"time":3312,"positionX":-4.459459,"holdTime":0.0,"speed":1.0,"floorPosition":95.53846},{"type":2,"time":3328,"positionX":-4.459459,"holdTime":0.0,"speed":1.0,"floorPosition":96.0},{"type":2,"time":3344,"positionX":-4.459459,"holdTime":0.0,"speed":1.0,"floorPosition":96.46154},{"type":4,"time":3360,"positionX":2.550676,"holdTime":0.0,"speed":1.0,"floorPosition":96.92308},{"type":2,"time":3360,"positionX":-4.459459,"holdTime":0.0,"speed":1.0,"floorPosition":96.92308},{"type":2,"time":3376,"positionX":-4.459459,"holdTime":0.0,"speed":1.0,"floorPosition":97.38461},{"type":2,"time":3392,"positionX":-4.459459,"holdTime":0.0,"speed":1.0,"floorPosition":97.84615},{"type":2,"time":3408,"positionX":-4.459459,"holdTime":0.0,"speed":1.0,"floorPosition":98.30769},{"type":2,"time":3424,"positionX":-4.459459,"holdTime":0.0,"speed":1.0,"floorPosition":98.76923},{"type":4,"time":3424,"positionX":2.618244,"holdTime":0.0,"speed":1.0,"floorPosition":98.76923},{"type":2,"time":3440,"positionX":-4.459459,"holdTime":0.0,"speed":1.0,"floorPosition":99.230774},{"type":2,"time":3456,"positionX":-4.459459,"holdTime":0.0,"speed":1.0,"floorPosition":99.69231},{"type":2,"time":3472,"positionX":-4.459459,"holdTime":0.0,"speed":1.0,"floorPosition":100.15385},{"type":4,"time":3488,"positionX":2.567567,"holdTime":0.0,"speed":1.0,"floorPosition":100.61539},{"type":2,"time":3488,"positionX":-4.459459,"holdTime":0.0,"speed":1.0,"floorPosition":100.61539},{"type":2,"time":3504,"positionX":-4.459459,"holdTime":0.0,"speed":1.0,"floorPosition":101.07693},{"type":2,"time":3520,"positionX":-4.459459,"holdTime":0.0,"speed":1.0,"floorPosition":101.53846},{"type":2,"time":3536,"positionX":-4.459459,"holdTime":0.0,"speed":1.0,"floorPosition":102.0},{"type":2,"time":3552,"positionX":-4.459459,"holdTime":0.0,"speed":1.0,"floorPosition":102.46154},{"type":4,"time":3552,"positionX":2.635136,"holdTime":0.0,"speed":1.0,"floorPosition":102.46154},{"type":2,"time":3568,"positionX":-4.459459,"holdTime":0.0,"speed":1.0,"floorPosition":102.92308},{"type":2,"time":3584,"positionX":-4.459459,"holdTime":0.0,"speed":1.0,"floorPosition":103.38462},{"type":2,"time":3600,"positionX":-4.459459,"holdTime":0.0,"speed":1.0,"floorPosition":103.84615},{"type":4,"time":3616,"positionX":2.432433,"holdTime":0.0,"speed":1.0,"floorPosition":104.30769},{"type":2,"time":3616,"positionX":-4.459459,"holdTime":0.0,"speed":1.0,"floorPosition":104.30769},{"type":2,"time":3632,"positionX":-4.459459,"holdTime":0.0,"speed":1.0,"floorPosition":104.76923},{"type":2,"time":3648,"positionX":-4.459459,"holdTime":0.0,"speed":1.0,"floorPosition":105.230774},{"type":1,"time":3648,"positionX":4.10473,"holdTime":0.0,"speed":1.0,"floorPosition":105.230774},{"type":1,"time":3776,"positionX":-2.1,"holdTime":0.0,"speed":1.0,"floorPosition":108.92308},{"type":2,"time":3792,"positionX":-1.4,"holdTime":0.0,"speed":1.0,"floorPosition":109.38462},{"type":2,"time":3808,"positionX":-2.1,"holdTime":0.0,"speed":1.0,"floorPosition":109.84615},{"type":2,"time":3824,"positionX":-1.283783,"holdTime":0.0,"speed":1.0,"floorPosition":110.30769},{"type":2,"time":3840,"positionX":-2.1,"holdTime":0.0,"speed":1.0,"floorPosition":110.76923},{"type":2,"time":3856,"positionX":-1.4,"holdTime":0.0,"speed":1.0,"floorPosition":111.230774},{"type":2,"time":3872,"positionX":-0.7,"holdTime":0.0,"speed":1.0,"floorPosition":111.69231},{"type":2,"time":3888,"positionX":0.0,"holdTime":0.0,"speed":1.0,"floorPosition":112.15385},{"type":2,"time":3904,"positionX":0.7,"holdTime":0.0,"speed":1.0,"floorPosition":112.61539},{"type":1,"time":3968,"positionX":4.222972,"holdTime":0.0,"speed":1.0,"floorPosition":114.46154},{"type":1,"time":4032,"positionX":-3.5,"holdTime":0.0,"speed":1.0,"floorPosition":116.30769},{"type":1,"time":4096,"positionX":1.4,"holdTime":0.0,"speed":1.0,"floorPosition":118.15385},{"type":1,"time":4160,"positionX":-4.2,"holdTime":0.0,"speed":1.0,"floorPosition":120.0},{"type":1,"time":4224,"positionX":0.7,"holdTime":0.0,"speed":1.0,"floorPosition":121.84615},{"type":3,"time":4288,"positionX":-3.5,"holdTime":16.0,"speed":1.6,"floorPosition":123.69231},{"type":3,"time":4320,"positionX":2.1,"holdTime":16.0,"speed":1.6,"floorPosition":124.61539},{"type":3,"time":4352,"positionX":-2.1,"holdTime":16.0,"speed":1.6,"floorPosition":125.53846},{"type":1,"time":4416,"positionX":3.361487,"holdTime":0.0,"speed":1.0,"floorPosition":127.38462},{"type":1,"time":4448,"positionX":-2.1,"holdTime":0.0,"speed":1.0,"floorPosition":128.3077},{"type":1,"time":4480,"positionX":-5.27027,"holdTime":0.0,"speed":1.0,"floorPosition":129.23077},{"type":1,"time":4512,"positionX":3.277028,"holdTime":0.0,"speed":1.0,"floorPosition":130.15385},{"type":1,"time":4544,"positionX":-5.35473,"holdTime":0.0,"speed":1.0,"floorPosition":131.07692},{"type":1,"time":4576,"positionX":3.108108,"holdTime":0.0,"speed":1.0,"floorPosition":132.0},{"type":1,"time":4608,"positionX":-4.628378,"holdTime":0.0,"speed":1.0,"floorPosition":132.92308},{"type":1,"time":4640,"positionX":3.293919,"holdTime":0.0,"speed":1.0,"floorPosition":133.84616},{"type":1,"time":4672,"positionX":0.06756783,"holdTime":0.0,"speed":1.0,"floorPosition":134.76923},{"type":1,"time":4704,"positionX":-3.834459,"holdTime":0.0,"speed":1.0,"floorPosition":135.6923},{"type":1,"time":4736,"positionX":0.06756783,"holdTime":0.0,"speed":1.0,"floorPosition":136.61539},{"type":1,"time":4768,"positionX":3.800676,"holdTime":0.0,"speed":1.0,"floorPosition":137.53847},{"type":1,"time":4800,"positionX":-0.03378296,"holdTime":0.0,"speed":1.0,"floorPosition":138.46155},{"type":1,"time":4832,"positionX":4.307433,"holdTime":0.0,"speed":1.0,"floorPosition":139.38461},{"type":3,"time":4864,"positionX":-4.2,"holdTime":64.0,"speed":1.6,"floorPosition":140.3077},{"type":2,"time":4896,"positionX":1.4,"holdTime":0.0,"speed":1.0,"floorPosition":141.23077},{"type":2,"time":4928,"positionX":3.5,"holdTime":0.0,"speed":1.0,"floorPosition":142.15385},{"type":2,"time":4944,"positionX":3.5,"holdTime":0.0,"speed":1.0,"floorPosition":142.61539},{"type":2,"time":4960,"positionX":3.5,"holdTime":0.0,"speed":1.0,"floorPosition":143.07692},{"type":2,"time":4976,"positionX":3.5,"holdTime":0.0,"speed":1.0,"floorPosition":143.53847},{"type":2,"time":4992,"positionX":2.8,"holdTime":0.0,"speed":1.0,"floorPosition":144.0},{"type":2,"time":5008,"positionX":4.9,"holdTime":0.0,"speed":1.0,"floorPosition":144.46155},{"type":2,"time":5024,"positionX":2.8,"holdTime":0.0,"speed":1.0,"floorPosition":144.92308},{"type":2,"time":5040,"positionX":4.9,"holdTime":0.0,"speed":1.0,"floorPosition":145.38461},{"type":2,"time":5056,"positionX":2.8,"holdTime":0.0,"speed":1.0,"floorPosition":145.84616},{"type":2,"time":5072,"positionX":4.2,"holdTime":0.0,"speed":1.0,"floorPosition":146.3077},{"type":2,"time":5088,"positionX":2.8,"holdTime":0.0,"speed":1.0,"floorPosition":146.76923},{"type":2,"time":5104,"positionX":4.2,"holdTime":0.0,"speed":1.0,"floorPosition":147.23077},{"type":2,"time":5120,"positionX":5.6,"holdTime":0.0,"speed":1.0,"floorPosition":147.6923},{"type":2,"time":5136,"positionX":3.445946,"holdTime":0.0,"speed":1.0,"floorPosition":148.15385},{"type":2,"time":5152,"positionX":4.493244,"holdTime":0.0,"speed":1.0,"floorPosition":148.61539},{"type":2,"time":5168,"positionX":3.496621,"holdTime":0.0,"speed":1.0,"floorPosition":149.07692},{"type":2,"time":5184,"positionX":-4.662162,"holdTime":0.0,"speed":1.0,"floorPosition":149.53847},{"type":2,"time":5200,"positionX":-4.577703,"holdTime":0.0,"speed":1.0,"floorPosition":150.0},{"type":2,"time":5216,"positionX":-4.527027,"holdTime":0.0,"speed":1.0,"floorPosition":150.46155},{"type":2,"time":5232,"positionX":-4.172297,"holdTime":0.0,"speed":1.0,"floorPosition":150.92308},{"type":2,"time":5248,"positionX":-3.665541,"holdTime":0.0,"speed":1.0,"floorPosition":151.38461},{"type":2,"time":5264,"positionX":-4.391891,"holdTime":0.0,"speed":1.0,"floorPosition":151.84616},{"type":2,"time":5280,"positionX":-3.31081,"holdTime":0.0,"speed":1.0,"floorPosition":152.3077},{"type":2,"time":5296,"positionX":-4.155405,"holdTime":0.0,"speed":1.0,"floorPosition":152.76923},{"type":2,"time":5312,"positionX":-2.871622,"holdTime":0.0,"speed":1.0,"floorPosition":153.23077},{"type":2,"time":5328,"positionX":-4.577703,"holdTime":0.0,"speed":1.0,"floorPosition":153.6923},{"type":2,"time":5344,"positionX":-3.445946,"holdTime":0.0,"speed":1.0,"floorPosition":154.15385},{"type":2,"time":5360,"positionX":-4.206081,"holdTime":0.0,"speed":1.0,"floorPosition":154.61539},{"type":2,"time":5376,"positionX":-3.226351,"holdTime":0.0,"speed":1.0,"floorPosition":155.07692},{"type":2,"time":5392,"positionX":-4.459459,"holdTime":0.0,"speed":1.0,"floorPosition":155.53847},{"type":2,"time":5408,"positionX":-3.817568,"holdTime":0.0,"speed":1.0,"floorPosition":156.0},{"type":2,"time":5424,"positionX":-4.172297,"holdTime":0.0,"speed":1.0,"floorPosition":156.46155},{"type":1,"time":5440,"positionX":0.0,"holdTime":0.0,"speed":1.0,"floorPosition":156.92308},{"type":1,"time":5504,"positionX":-0.05067635,"holdTime":0.0,"speed":1.0,"floorPosition":158.76923},{"type":1,"time":5568,"positionX":0.0,"holdTime":0.0,"speed":1.0,"floorPosition":160.61539},{"type":1,"time":5632,"positionX":0.01689148,"holdTime":0.0,"speed":1.0,"floorPosition":162.46155},{"type":2,"time":5664,"positionX":-0.03378296,"holdTime":0.0,"speed":1.0,"floorPosition":163.38461},{"type":2,"time":5696,"positionX":0.0,"holdTime":0.0,"speed":1.0,"floorPosition":164.3077},{"type":2,"time":5728,"positionX":0.01689148,"holdTime":0.0,"speed":1.0,"floorPosition":165.23077},{"type":2,"time":5760,"positionX":0.06756783,"holdTime":0.0,"speed":1.0,"floorPosition":166.15385},{"type":2,"time":5792,"positionX":0.06756783,"holdTime":0.0,"speed":1.0,"floorPosition":167.07692},{"type":2,"time":5824,"positionX":0.05067635,"holdTime":0.0,"speed":1.0,"floorPosition":168.0},{"type":2,"time":5840,"positionX":0.05067635,"holdTime":0.0,"speed":1.0,"floorPosition":168.46155},{"type":2,"time":5856,"positionX":0.05067635,"holdTime":0.0,"speed":1.0,"floorPosition":168.92308},{"type":2,"time":5872,"positionX":0.05067635,"holdTime":0.0,"speed":1.0,"floorPosition":169.38461},{"type":2,"time":5880,"positionX":0.05067635,"holdTime":0.0,"speed":1.0,"floorPosition":169.61539},{"type":2,"time":5888,"positionX":0.05067635,"holdTime":0.0,"speed":1.0,"floorPosition":169.84616},{"type":2,"time":5896,"positionX":0.03378391,"holdTime":0.0,"speed":1.0,"floorPosition":170.07692},{"type":2,"time":5904,"positionX":0.05067635,"holdTime":0.0,"speed":1.0,"floorPosition":170.3077},{"type":2,"time":5912,"positionX":0.0,"holdTime":0.0,"speed":1.0,"floorPosition":170.53847},{"type":2,"time":5920,"positionX":-0.03378296,"holdTime":0.0,"speed":1.0,"floorPosition":170.76923},{"type":2,"time":5924,"positionX":-0.03378296,"holdTime":0.0,"speed":1.0,"floorPosition":170.88461},{"type":2,"time":5928,"positionX":-0.01689148,"holdTime":0.0,"speed":1.0,"floorPosition":171.0},{"type":2,"time":5932,"positionX":-0.01689148,"holdTime":0.0,"speed":1.0,"floorPosition":171.11539},{"type":2,"time":5936,"positionX":0.0,"holdTime":0.0,"speed":1.0,"floorPosition":171.23077},{"type":2,"time":5940,"positionX":-0.01689148,"holdTime":0.0,"speed":1.0,"floorPosition":171.34616},{"type":2,"time":5944,"positionX":-0.01689148,"holdTime":0.0,"speed":1.0,"floorPosition":171.46155},{"type":2,"time":5948,"positionX":-0.01689148,"holdTime":0.0,"speed":1.0,"floorPosition":171.57692},{"type":1,"time":5984,"positionX":0.03378391,"holdTime":0.0,"speed":1.0,"floorPosition":172.61539},{"type":1,"time":6000,"positionX":1.858109,"holdTime":0.0,"speed":1.0,"floorPosition":173.07692},{"type":1,"time":6048,"positionX":-1.081081,"holdTime":0.0,"speed":1.0,"floorPosition":174.46155},{"type":1,"time":6064,"positionX":-2.31419,"holdTime":0.0,"speed":1.0,"floorPosition":174.92308},{"type":1,"time":6112,"positionX":3.192567,"holdTime":0.0,"speed":1.0,"floorPosition":176.3077},{"type":1,"time":6128,"positionX":4.577703,"holdTime":0.0,"speed":1.0,"floorPosition":176.76923},{"type":1,"time":6176,"positionX":-2.922297,"holdTime":0.0,"speed":1.0,"floorPosition":178.15385},{"type":1,"time":6192,"positionX":-4.138514,"holdTime":0.0,"speed":1.0,"floorPosition":178.61539},{"type":1,"time":6208,"positionX":-2.111486,"holdTime":0.0,"speed":1.0,"floorPosition":179.07692},{"type":1,"time":6256,"positionX":3.125,"holdTime":0.0,"speed":1.0,"floorPosition":180.46155},{"type":1,"time":6272,"positionX":0.8952703,"holdTime":0.0,"speed":1.0,"floorPosition":180.92308},{"type":1,"time":6320,"positionX":-4.408783,"holdTime":0.0,"speed":1.0,"floorPosition":182.3077},{"type":1,"time":6336,"positionX":-1.351351,"holdTime":0.0,"speed":1.0,"floorPosition":182.76923},{"type":1,"time":6384,"positionX":-1.891891,"holdTime":0.0,"speed":1.0,"floorPosition":184.15385},{"type":1,"time":6400,"positionX":-4.054054,"holdTime":0.0,"speed":1.0,"floorPosition":184.61539},{"type":1,"time":6432,"positionX":1.351352,"holdTime":0.0,"speed":1.0,"floorPosition":185.53847},{"type":1,"time":6448,"positionX":3.31081,"holdTime":0.0,"speed":1.0,"floorPosition":186.0},{"type":3,"time":6464,"positionX":0.0,"holdTime":16.0,"speed":1.6,"floorPosition":186.46155},{"type":1,"time":6496,"positionX":-3.648649,"holdTime":0.0,"speed":1.0,"floorPosition":187.38461},{"type":3,"time":6528,"positionX":-0.01689148,"holdTime":16.0,"speed":1.6,"floorPosition":188.3077},{"type":1,"time":6560,"positionX":3.868244,"holdTime":0.0,"speed":1.0,"floorPosition":189.23077},{"type":3,"time":6592,"positionX":-0.01689148,"holdTime":16.0,"speed":1.6,"floorPosition":190.15385},{"type":1,"time":6624,"positionX":-3.040541,"holdTime":0.0,"speed":1.0,"floorPosition":191.07692},{"type":3,"time":6656,"positionX":0.0,"holdTime":16.0,"speed":1.6,"floorPosition":192.0},{"type":1,"time":6688,"positionX":-0.1351347,"holdTime":0.0,"speed":1.0,"floorPosition":192.92308},{"type":1,"time":6704,"positionX":0.8952703,"holdTime":0.0,"speed":1.0,"floorPosition":193.38461},{"type":1,"time":6720,"positionX":-1.537162,"holdTime":0.0,"speed":1.0,"floorPosition":193.84616},{"type":1,"time":6752,"positionX":-4.087838,"holdTime":0.0,"speed":1.0,"floorPosition":194.76923},{"type":1,"time":6784,"positionX":1.756756,"holdTime":0.0,"speed":1.0,"floorPosition":195.6923},{"type":1,"time":6816,"positionX":-1.908783,"holdTime":0.0,"speed":1.0,"floorPosition":196.61539},{"type":1,"time":6848,"positionX":3.530406,"holdTime":0.0,"speed":1.0,"floorPosition":197.53847},{"type":1,"time":6880,"positionX":-4.054054,"holdTime":0.0,"speed":1.0,"floorPosition":198.46155},{"type":1,"time":6912,"positionX":0.0,"holdTime":0.0,"speed":1.0,"floorPosition":199.38461},{"type":3,"time":6944,"positionX":-3.631756,"holdTime":16.0,"speed":1.6,"floorPosition":200.3077},{"type":1,"time":6976,"positionX":2.162162,"holdTime":0.0,"speed":1.0,"floorPosition":201.23077},{"type":1,"time":6992,"positionX":3.125,"holdTime":0.0,"speed":1.0,"floorPosition":201.6923},{"type":1,"time":7008,"positionX":1.925676,"holdTime":0.0,"speed":1.0,"floorPosition":202.15385},{"type":1,"time":7024,"positionX":3.175676,"holdTime":0.0,"speed":1.0,"floorPosition":202.61539},{"type":1,"time":7040,"positionX":-2.8,"holdTime":0.0,"speed":1.0,"floorPosition":203.07692},{"type":1,"time":7064,"positionX":-4.2,"holdTime":0.0,"speed":1.0,"floorPosition":203.76924},{"type":1,"time":7088,"positionX":-2.8,"holdTime":0.0,"speed":1.0,"floorPosition":204.46155},{"type":1,"time":7104,"positionX":3.5,"holdTime":0.0,"speed":1.0,"floorPosition":204.92308},{"type":1,"time":7120,"positionX":4.2,"holdTime":0.0,"speed":1.0,"floorPosition":205.38461},{"type":1,"time":7136,"positionX":4.9,"holdTime":0.0,"speed":1.0,"floorPosition":205.84616},{"type":1,"time":7152,"positionX":5.6,"holdTime":0.0,"speed":1.0,"floorPosition":206.3077},{"type":1,"time":7168,"positionX":-4.0,"holdTime":0.0,"speed":1.0,"floorPosition":206.76924},{"type":2,"time":7192,"positionX":-4.0,"holdTime":0.0,"speed":1.0,"floorPosition":207.46155},{"type":2,"time":7472,"positionX":1.0,"holdTime":0.0,"speed":1.0,"floorPosition":215.53847},{"type":1,"time":7488,"positionX":4.577703,"holdTime":0.0,"speed":1.0,"floorPosition":216.0},{"type":1,"time":7504,"positionX":3.192567,"holdTime":0.0,"speed":1.0,"floorPosition":216.46155},{"type":1,"time":7520,"positionX":1.62162,"holdTime":0.0,"speed":1.0,"floorPosition":216.92308},{"type":1,"time":7536,"positionX":0.03378391,"holdTime":0.0,"speed":1.0,"floorPosition":217.38461},{"type":1,"time":7552,"positionX":-1.554054,"holdTime":0.0,"speed":1.0,"floorPosition":217.84616},{"type":1,"time":7576,"positionX":-4.02027,"holdTime":0.0,"speed":1.0,"floorPosition":218.53847},{"type":1,"time":7600,"positionX":-2.77027,"holdTime":0.0,"speed":1.0,"floorPosition":219.23077},{"type":1,"time":7616,"positionX":-4.425676,"holdTime":0.0,"speed":1.0,"floorPosition":219.6923},{"type":1,"time":7632,"positionX":-3.006756,"holdTime":0.0,"speed":1.0,"floorPosition":220.15385},{"type":1,"time":7648,"positionX":-1.807432,"holdTime":0.0,"speed":1.0,"floorPosition":220.61539},{"type":1,"time":7664,"positionX":-0.4560814,"holdTime":0.0,"speed":1.0,"floorPosition":221.07692},{"type":1,"time":7680,"positionX":1.047297,"holdTime":0.0,"speed":1.0,"floorPosition":221.53847},{"type":1,"time":7704,"positionX":4.003379,"holdTime":0.0,"speed":1.0,"floorPosition":222.23077},{"type":1,"time":7728,"positionX":2.212838,"holdTime":0.0,"speed":1.0,"floorPosition":222.92308},{"type":1,"time":7744,"positionX":-4.476351,"holdTime":0.0,"speed":1.0,"floorPosition":223.38461},{"type":1,"time":7760,"positionX":2.736487,"holdTime":0.0,"speed":1.0,"floorPosition":223.84616},{"type":1,"time":7776,"positionX":-4.391891,"holdTime":0.0,"speed":1.0,"floorPosition":224.3077},{"type":1,"time":7792,"positionX":2.736487,"holdTime":0.0,"speed":1.0,"floorPosition":224.76924},{"type":1,"time":7808,"positionX":-4.408783,"holdTime":0.0,"speed":1.0,"floorPosition":225.23077},{"type":1,"time":7832,"positionX":-1.790541,"holdTime":0.0,"speed":1.0,"floorPosition":225.92308},{"type":1,"time":7856,"positionX":-0.2364864,"holdTime":0.0,"speed":1.0,"floorPosition":226.61539},{"type":1,"time":7872,"positionX":2.246621,"holdTime":0.0,"speed":1.0,"floorPosition":227.07692},{"type":1,"time":7888,"positionX":-4.206081,"holdTime":0.0,"speed":1.0,"floorPosition":227.53847},{"type":1,"time":7904,"positionX":2.432433,"holdTime":0.0,"speed":1.0,"floorPosition":228.0},{"type":1,"time":7920,"positionX":-4.10473,"holdTime":0.0,"speed":1.0,"floorPosition":228.46155},{"type":1,"time":7936,"positionX":2.22973,"holdTime":0.0,"speed":1.0,"floorPosition":228.92308},{"type":1,"time":7960,"positionX":-0.5067558,"holdTime":0.0,"speed":1.0,"floorPosition":229.61539},{"type":1,"time":7984,"positionX":-2.77027,"holdTime":0.0,"speed":1.0,"floorPosition":230.3077},{"type":2,"time":8000,"positionX":2.1,"holdTime":0.0,"speed":1.0,"floorPosition":230.76924},{"type":2,"time":8008,"positionX":3.4999995,"holdTime":0.0,"speed":1.0,"floorPosition":231.0},{"type":2,"time":8016,"positionX":3.4999995,"holdTime":0.0,"speed":1.0,"floorPosition":231.23077},{"type":2,"time":8024,"positionX":1.3999999,"holdTime":0.0,"speed":1.0,"floorPosition":231.46155},{"type":2,"time":8032,"positionX":2.7999997,"holdTime":0.0,"speed":1.0,"floorPosition":231.6923},{"type":2,"time":8048,"positionX":3.4999995,"holdTime":0.0,"speed":1.0,"floorPosition":232.15385},{"type":2,"time":8064,"positionX":4.2,"holdTime":0.0,"speed":1.0,"floorPosition":232.61539},{"type":2,"time":8128,"positionX":-3.5,"holdTime":0.0,"speed":1.0,"floorPosition":234.46155},{"type":2,"time":8136,"positionX":-4.9,"holdTime":0.0,"speed":1.0,"floorPosition":234.6923},{"type":2,"time":8144,"positionX":-4.9,"holdTime":0.0,"speed":1.0,"floorPosition":234.92308},{"type":2,"time":8152,"positionX":-3.5,"holdTime":0.0,"speed":1.0,"floorPosition":235.15385},{"type":2,"time":8160,"positionX":-2.1,"holdTime":0.0,"speed":1.0,"floorPosition":235.38461},{"type":2,"time":8176,"positionX":-2.8,"holdTime":0.0,"speed":1.0,"floorPosition":235.84616},{"type":2,"time":8192,"positionX":-4.9,"holdTime":0.0,"speed":1.0,"floorPosition":236.3077},{"type":2,"time":8256,"positionX":2.8,"holdTime":0.0,"speed":1.0,"floorPosition":238.15385},{"type":2,"time":8264,"positionX":0.7,"holdTime":0.0,"speed":1.0,"floorPosition":238.38461},{"type":2,"time":8272,"positionX":2.787162,"holdTime":0.0,"speed":1.0,"floorPosition":238.61539},{"type":2,"time":8280,"positionX":3.5,"holdTime":0.0,"speed":1.0,"floorPosition":238.84616},{"type":2,"time":8288,"positionX":4.2,"holdTime":0.0,"speed":1.0,"floorPosition":239.07692},{"type":2,"time":8304,"positionX":0.7,"holdTime":0.0,"speed":1.0,"floorPosition":239.53847},{"type":2,"time":8320,"positionX":2.8,"holdTime":0.0,"speed":1.0,"floorPosition":240.0},{"type":2,"time":8384,"positionX":-2.8,"holdTime":0.0,"speed":1.0,"floorPosition":241.84616},{"type":2,"time":8392,"positionX":-3.5,"holdTime":0.0,"speed":1.0,"floorPosition":242.07692},{"type":2,"time":8400,"positionX":-4.2,"holdTime":0.0,"speed":1.0,"floorPosition":242.3077},{"type":2,"time":8408,"positionX":-4.9,"holdTime":0.0,"speed":1.0,"floorPosition":242.53847},{"type":2,"time":8416,"positionX":-2.804054,"holdTime":0.0,"speed":1.0,"floorPosition":242.76924},{"type":2,"time":8432,"positionX":-4.2,"holdTime":0.0,"speed":1.0,"floorPosition":243.23077},{"type":2,"time":8448,"positionX":-1.4,"holdTime":0.0,"speed":1.0,"floorPosition":243.6923},{"type":2,"time":8480,"positionX":-2.1,"holdTime":0.0,"speed":1.0,"floorPosition":244.61539},{"type":2,"time":8496,"positionX":-3.5,"holdTime":0.0,"speed":1.0,"floorPosition":245.07692},{"type":3,"time":8512,"positionX":1.807433,"holdTime":96.0,"speed":1.6,"floorPosition":245.53847}],"notesBelow":[{"type":2,"time":7216,"positionX":-4.0,"holdTime":0.0,"speed":1.0,"floorPosition":208.15385},{"type":2,"time":7232,"positionX":1.4,"holdTime":0.0,"speed":1.0,"floorPosition":208.61539},{"type":2,"time":7248,"positionX":2.1,"holdTime":0.0,"speed":1.0,"floorPosition":209.07692},{"type":2,"time":7264,"positionX":1.4,"holdTime":0.0,"speed":1.0,"floorPosition":209.53847},{"type":2,"time":7280,"positionX":2.1,"holdTime":0.0,"speed":1.0,"floorPosition":210.0},{"type":2,"time":7296,"positionX":-2.905403,"holdTime":0.0,"speed":1.0,"floorPosition":210.46155},{"type":2,"time":7320,"positionX":-3.37838,"holdTime":0.0,"speed":1.0,"floorPosition":211.15385},{"type":2,"time":7344,"positionX":-4.408783,"holdTime":0.0,"speed":1.0,"floorPosition":211.84616},{"type":2,"time":7360,"positionX":-2.145271,"holdTime":0.0,"speed":1.0,"floorPosition":212.3077},{"type":2,"time":7376,"positionX":-3.614864,"holdTime":0.0,"speed":1.0,"floorPosition":212.76924},{"type":2,"time":7392,"positionX":-2.113596,"holdTime":0.0,"speed":1.0,"floorPosition":213.23077},{"type":2,"time":7408,"positionX":-4.087837,"holdTime":0.0,"speed":1.0,"floorPosition":213.6923},{"type":2,"time":7424,"positionX":-1.993244,"holdTime":0.0,"speed":1.0,"floorPosition":214.15385},{"type":2,"time":7448,"positionX":-0.2533779,"holdTime":0.0,"speed":1.0,"floorPosition":214.84616}],"speedEvents":[{"startTime":0.0,"endTime":1000000000.0,"value":1.6}],"judgeLineMoveEvents":[{"startTime":-999999.0,"endTime":0.0,"start":0.5,"end":0.5,"start2":0.5,"end2":0.5},{"startTime":0.0,"endTime":1.0,"start":0.5,"end":0.5,"start2":0.5,"end2":0.4861779},{"startTime":1.0,"endTime":2.0,"start":0.5,"end":0.5,"start2":0.4861779,"end2":0.47275427},{"startTime":2.0,"endTime":3.0,"start":0.5,"end":0.5,"start2":0.47275427,"end2":0.45977756},{"startTime":3.0,"endTime":4.0,"start":0.5,"end":0.5,"start2":0.45977756,"end2":0.44720817},{"startTime":4.0,"endTime":5.0,"start":0.5,"end":0.5,"start2":0.44720817,"end2":0.43505028},{"startTime":5.0,"endTime":6.0,"start":0.5,"end":0.5,"start2":0.43505028,"end2":0.42330706},{"startTime":6.0,"endTime":7.0,"start":0.5,"end":0.5,"start2":0.42330706,"end2":0.41194126},{"startTime":7.0,"endTime":8.0,"start":0.5,"end":0.5,"start2":0.41194126,"end2":0.40099624},{"startTime":8.0,"endTime":9.0,"start":0.5,"end":0.5,"start2":0.40099624,"end2":0.3904056},{"startTime":9.0,"endTime":10.0,"start":0.5,"end":0.5,"start2":0.3904056,"end2":0.38022104},{"startTime":10.0,"endTime":11.0,"start":0.5,"end":0.5,"start2":0.38022104,"end2":0.37038752},{"startTime":11.0,"endTime":12.0,"start":0.5,"end":0.5,"start2":0.37038752,"end2":0.36092684},{"startTime":12.0,"endTime":13.0,"start":0.5,"end":0.5,"start2":0.36092684,"end2":0.3518224},{"startTime":13.0,"endTime":14.0,"start":0.5,"end":0.5,"start2":0.3518224,"end2":0.34305882},{"startTime":14.0,"endTime":15.0,"start":0.5,"end":0.5,"start2":0.34305882,"end2":0.33465552},{"startTime":15.0,"endTime":16.0,"start":0.5,"end":0.5,"start2":0.33465552,"end2":0.3265625},{"startTime":16.0,"endTime":17.0,"start":0.5,"end":0.5,"start2":0.3265625,"end2":0.31883225},{"startTime":17.0,"endTime":18.0,"start":0.5,"end":0.5,"start2":0.31883225,"end2":0.31139928},{"startTime":18.0,"endTime":19.0,"start":0.5,"end":0.5,"start2":0.31139928,"end2":0.3042979},{"startTime":19.0,"endTime":20.0,"start":0.5,"end":0.5,"start2":0.3042979,"end2":0.2974969},{"startTime":20.0,"endTime":21.0,"start":0.5,"end":0.5,"start2":0.2974969,"end2":0.29099777},{"startTime":21.0,"endTime":22.0,"start":0.5,"end":0.5,"start2":0.29099777,"end2":0.2848008},{"startTime":22.0,"endTime":23.0,"start":0.5,"end":0.5,"start2":0.2848008,"end2":0.2788772},{"startTime":23.0,"endTime":24.0,"start":0.5,"end":0.5,"start2":0.2788772,"end2":0.27325624},{"startTime":24.0,"endTime":25.0,"start":0.5,"end":0.5,"start2":0.27325624,"end2":0.26788843},{"startTime":25.0,"endTime":26.0,"start":0.5,"end":0.5,"start2":0.26788843,"end2":0.26280856},{"startTime":26.0,"endTime":27.0,"start":0.5,"end":0.5,"start2":0.26280856,"end2":0.25797564},{"startTime":27.0,"endTime":28.0,"start":0.5,"end":0.5,"start2":0.25797564,"end2":0.25340307},{"startTime":28.0,"endTime":29.0,"start":0.5,"end":0.5,"start2":0.25340307,"end2":0.2490771},{"startTime":29.0,"endTime":30.0,"start":0.5,"end":0.5,"start2":0.2490771,"end2":0.24498509},{"startTime":30.0,"endTime":31.0,"start":0.5,"end":0.5,"start2":0.24498509,"end2":0.24113803},{"startTime":31.0,"endTime":32.0,"start":0.5,"end":0.5,"start2":0.24113803,"end2":0.23749998},{"startTime":32.0,"endTime":33.0,"start":0.5,"end":0.5,"start2":0.23749998,"end2":0.23410383},{"startTime":33.0,"endTime":34.0,"start":0.5,"end":0.5,"start2":0.23410383,"end2":0.23090363},{"startTime":34.0,"endTime":35.0,"start":0.5,"end":0.5,"start2":0.23090363,"end2":0.22791976},{"startTime":35.0,"endTime":36.0,"start":0.5,"end":0.5,"start2":0.22791976,"end2":0.22512941},{"startTime":36.0,"endTime":37.0,"start":0.5,"end":0.5,"start2":0.22512941,"end2":0.2225312},{"startTime":37.0,"endTime":38.0,"start":0.5,"end":0.5,"start2":0.2225312,"end2":0.22012267},{"startTime":38.0,"endTime":39.0,"start":0.5,"end":0.5,"start2":0.22012267,"end2":0.21788345},{"startTime":39.0,"endTime":40.0,"start":0.5,"end":0.5,"start2":0.21788345,"end2":0.21582875},{"startTime":40.0,"endTime":41.0,"start":0.5,"end":0.5,"start2":0.21582875,"end2":0.2139259},{"startTime":41.0,"endTime":42.0,"start":0.5,"end":0.5,"start2":0.2139259,"end2":0.21219294},{"startTime":42.0,"endTime":43.0,"start":0.5,"end":0.5,"start2":0.21219294,"end2":0.21060283},{"startTime":43.0,"endTime":44.0,"start":0.5,"end":0.5,"start2":0.21060283,"end2":0.20916055},{"startTime":44.0,"endTime":45.0,"start":0.5,"end":0.5,"start2":0.20916055,"end2":0.20785521},{"startTime":45.0,"endTime":46.0,"start":0.5,"end":0.5,"start2":0.20785521,"end2":0.20667697},{"startTime":46.0,"endTime":47.0,"start":0.5,"end":0.5,"start2":0.20667697,"end2":0.20562834},{"startTime":47.0,"endTime":48.0,"start":0.5,"end":0.5,"start2":0.20562834,"end2":0.20468749},{"startTime":48.0,"endTime":49.0,"start":0.5,"end":0.5,"start2":0.20468749,"end2":0.20386755},{"startTime":49.0,"endTime":50.0,"start":0.5,"end":0.5,"start2":0.20386755,"end2":0.20314237},{"startTime":50.0,"endTime":51.0,"start":0.5,"end":0.5,"start2":0.20314237,"end2":0.20251821},{"startTime":51.0,"endTime":52.0,"start":0.5,"end":0.5,"start2":0.20251821,"end2":0.20198068},{"startTime":52.0,"endTime":53.0,"start":0.5,"end":0.5,"start2":0.20198068,"end2":0.20152557},{"startTime":53.0,"endTime":54.0,"start":0.5,"end":0.5,"start2":0.20152557,"end2":0.20114768},{"startTime":54.0,"endTime":55.0,"start":0.5,"end":0.5,"start2":0.20114768,"end2":0.20083503},{"startTime":55.0,"endTime":56.0,"start":0.5,"end":0.5,"start2":0.20083503,"end2":0.20058875},{"startTime":56.0,"endTime":57.0,"start":0.5,"end":0.5,"start2":0.20058875,"end2":0.20039308},{"startTime":57.0,"endTime":58.0,"start":0.5,"end":0.5,"start2":0.20039308,"end2":0.20024918},{"startTime":58.0,"endTime":59.0,"start":0.5,"end":0.5,"start2":0.20024918,"end2":0.20014408},{"startTime":59.0,"endTime":60.0,"start":0.5,"end":0.5,"start2":0.20014408,"end2":0.20007432},{"startTime":60.0,"endTime":61.0,"start":0.5,"end":0.5,"start2":0.20007432,"end2":0.20003176},{"startTime":61.0,"endTime":62.0,"start":0.5,"end":0.5,"start2":0.20003176,"end2":0.20000948},{"startTime":62.0,"endTime":63.0,"start":0.5,"end":0.5,"start2":0.20000948,"end2":0.20000148},{"startTime":63.0,"endTime":64.0,"start":0.5,"end":0.5,"start2":0.20000148,"end2":0.19999999},{"startTime":64.0,"endTime":1600.0,"start":0.5,"end":0.5,"start2":0.19999999,"end2":0.19999999},{"startTime":1600.0,"endTime":3616.0,"start":0.5,"end":0.5,"start2":0.19999999,"end2":0.2},{"startTime":3616.0,"endTime":3648.0,"start":0.5,"end":0.5,"start2":0.2,"end2":0.2},{"startTime":3648.0,"endTime":3652.0,"start":0.5,"end":0.5,"start2":0.19999999,"end2":0.5},{"startTime":3652.0,"endTime":3712.0,"start":0.5,"end":0.5,"start2":0.5,"end2":0.5},{"startTime":3712.0,"endTime":3713.0,"start":0.5,"end":0.5,"start2":0.5,"end2":0.4861779},{"startTime":3713.0,"endTime":3714.0,"start":0.5,"end":0.5,"start2":0.4861779,"end2":0.47275427},{"startTime":3714.0,"endTime":3715.0,"start":0.5,"end":0.5,"start2":0.47275427,"end2":0.45977756},{"startTime":3715.0,"endTime":3716.0,"start":0.5,"end":0.5,"start2":0.45977756,"end2":0.44720817},{"startTime":3716.0,"endTime":3717.0,"start":0.5,"end":0.5,"start2":0.44720817,"end2":0.43505028},{"startTime":3717.0,"endTime":3718.0,"start":0.5,"end":0.5,"start2":0.43505028,"end2":0.42330706},{"startTime":3718.0,"endTime":3719.0,"start":0.5,"end":0.5,"start2":0.42330706,"end2":0.41194126},{"startTime":3719.0,"endTime":3720.0,"start":0.5,"end":0.5,"start2":0.41194126,"end2":0.40099624},{"startTime":3720.0,"endTime":3721.0,"start":0.5,"end":0.5,"start2":0.40099624,"end2":0.3904056},{"startTime":3721.0,"endTime":3722.0,"start":0.5,"end":0.5,"start2":0.3904056,"end2":0.38022104},{"startTime":3722.0,"endTime":3723.0,"start":0.5,"end":0.5,"start2":0.38022104,"end2":0.37038752},{"startTime":3723.0,"endTime":3724.0,"start":0.5,"end":0.5,"start2":0.37038752,"end2":0.36092684},{"startTime":3724.0,"endTime":3725.0,"start":0.5,"end":0.5,"start2":0.36092684,"end2":0.3518224},{"startTime":3725.0,"endTime":3726.0,"start":0.5,"end":0.5,"start2":0.3518224,"end2":0.34305882},{"startTime":3726.0,"endTime":3727.0,"start":0.5,"end":0.5,"start2":0.34305882,"end2":0.33465552},{"startTime":3727.0,"endTime":3728.0,"start":0.5,"end":0.5,"start2":0.33465552,"end2":0.3265625},{"startTime":3728.0,"endTime":3729.0,"start":0.5,"end":0.5,"start2":0.3265625,"end2":0.31883225},{"startTime":3729.0,"endTime":3730.0,"start":0.5,"end":0.5,"start2":0.31883225,"end2":0.31139928},{"startTime":3730.0,"endTime":3731.0,"start":0.5,"end":0.5,"start2":0.31139928,"end2":0.3042979},{"startTime":3731.0,"endTime":3732.0,"start":0.5,"end":0.5,"start2":0.3042979,"end2":0.2974969},{"startTime":3732.0,"endTime":3733.0,"start":0.5,"end":0.5,"start2":0.2974969,"end2":0.29099777},{"startTime":3733.0,"endTime":3734.0,"start":0.5,"end":0.5,"start2":0.29099777,"end2":0.2848008},{"startTime":3734.0,"endTime":3735.0,"start":0.5,"end":0.5,"start2":0.2848008,"end2":0.2788772},{"startTime":3735.0,"endTime":3736.0,"start":0.5,"end":0.5,"start2":0.2788772,"end2":0.27325624},{"startTime":3736.0,"endTime":3737.0,"start":0.5,"end":0.5,"start2":0.27325624,"end2":0.26788843},{"startTime":3737.0,"endTime":3738.0,"start":0.5,"end":0.5,"start2":0.26788843,"end2":0.26280856},{"startTime":3738.0,"endTime":3739.0,"start":0.5,"end":0.5,"start2":0.26280856,"end2":0.25797564},{"startTime":3739.0,"endTime":3740.0,"start":0.5,"end":0.5,"start2":0.25797564,"end2":0.25340307},{"startTime":3740.0,"endTime":3741.0,"start":0.5,"end":0.5,"start2":0.25340307,"end2":0.2490771},{"startTime":3741.0,"endTime":3742.0,"start":0.5,"end":0.5,"start2":0.2490771,"end2":0.24498509},{"startTime":3742.0,"endTime":3743.0,"start":0.5,"end":0.5,"start2":0.24498509,"end2":0.24113803},{"startTime":3743.0,"endTime":3744.0,"start":0.5,"end":0.5,"start2":0.24113803,"end2":0.23749998},{"startTime":3744.0,"endTime":3745.0,"start":0.5,"end":0.5,"start2":0.23749998,"end2":0.23410383},{"startTime":3745.0,"endTime":3746.0,"start":0.5,"end":0.5,"start2":0.23410383,"end2":0.23090363},{"startTime":3746.0,"endTime":3747.0,"start":0.5,"end":0.5,"start2":0.23090363,"end2":0.22791976},{"startTime":3747.0,"endTime":3748.0,"start":0.5,"end":0.5,"start2":0.22791976,"end2":0.22512941},{"startTime":3748.0,"endTime":3749.0,"start":0.5,"end":0.5,"start2":0.22512941,"end2":0.2225312},{"startTime":3749.0,"endTime":3750.0,"start":0.5,"end":0.5,"start2":0.2225312,"end2":0.22012267},{"startTime":3750.0,"endTime":3751.0,"start":0.5,"end":0.5,"start2":0.22012267,"end2":0.21788345},{"startTime":3751.0,"endTime":3752.0,"start":0.5,"end":0.5,"start2":0.21788345,"end2":0.21582875},{"startTime":3752.0,"endTime":3753.0,"start":0.5,"end":0.5,"start2":0.21582875,"end2":0.2139259},{"startTime":3753.0,"endTime":3754.0,"start":0.5,"end":0.5,"start2":0.2139259,"end2":0.21219294},{"startTime":3754.0,"endTime":3755.0,"start":0.5,"end":0.5,"start2":0.21219294,"end2":0.21060283},{"startTime":3755.0,"endTime":3756.0,"start":0.5,"end":0.5,"start2":0.21060283,"end2":0.20916055},{"startTime":3756.0,"endTime":3757.0,"start":0.5,"end":0.5,"start2":0.20916055,"end2":0.20785521},{"startTime":3757.0,"endTime":3758.0,"start":0.5,"end":0.5,"start2":0.20785521,"end2":0.20667697},{"startTime":3758.0,"endTime":3759.0,"start":0.5,"end":0.5,"start2":0.20667697,"end2":0.20562834},{"startTime":3759.0,"endTime":3760.0,"start":0.5,"end":0.5,"start2":0.20562834,"end2":0.20468749},{"startTime":3760.0,"endTime":3761.0,"start":0.5,"end":0.5,"start2":0.20468749,"end2":0.20386755},{"startTime":3761.0,"endTime":3762.0,"start":0.5,"end":0.5,"start2":0.20386755,"end2":0.20314237},{"startTime":3762.0,"endTime":3763.0,"start":0.5,"end":0.5,"start2":0.20314237,"end2":0.20251821},{"startTime":3763.0,"endTime":3764.0,"start":0.5,"end":0.5,"start2":0.20251821,"end2":0.20198068},{"startTime":3764.0,"endTime":3765.0,"start":0.5,"end":0.5,"start2":0.20198068,"end2":0.20152557},{"startTime":3765.0,"endTime":3766.0,"start":0.5,"end":0.5,"start2":0.20152557,"end2":0.20114768},{"startTime":3766.0,"endTime":3767.0,"start":0.5,"end":0.5,"start2":0.20114768,"end2":0.20083503},{"startTime":3767.0,"endTime":3768.0,"start":0.5,"end":0.5,"start2":0.20083503,"end2":0.20058875},{"startTime":3768.0,"endTime":3769.0,"start":0.5,"end":0.5,"start2":0.20058875,"end2":0.20039308},{"startTime":3769.0,"endTime":3770.0,"start":0.5,"end":0.5,"start2":0.20039308,"end2":0.20024918},{"startTime":3770.0,"endTime":3771.0,"start":0.5,"end":0.5,"start2":0.20024918,"end2":0.20014408},{"startTime":3771.0,"endTime":3772.0,"start":0.5,"end":0.5,"start2":0.20014408,"end2":0.20007432},{"startTime":3772.0,"endTime":3773.0,"start":0.5,"end":0.5,"start2":0.20007432,"end2":0.20003176},{"startTime":3773.0,"endTime":3774.0,"start":0.5,"end":0.5,"start2":0.20003176,"end2":0.20000948},{"startTime":3774.0,"endTime":3775.0,"start":0.5,"end":0.5,"start2":0.20000948,"end2":0.20000148},{"startTime":3775.0,"endTime":3776.0,"start":0.5,"end":0.5,"start2":0.20000148,"end2":0.19999999},{"startTime":3776.0,"endTime":4352.0,"start":0.5,"end":0.5,"start2":0.19999999,"end2":0.2},{"startTime":4352.0,"endTime":5440.0,"start":0.5,"end":0.5,"start2":0.2,"end2":0.2},{"startTime":5440.0,"endTime":5820.0,"start":0.5,"end":0.5,"start2":0.19999999,"end2":0.2},{"startTime":5820.0,"endTime":5824.0,"start":0.5,"end":0.5,"start2":0.2,"end2":0.2},{"startTime":5824.0,"endTime":5920.0,"start":0.5,"end":0.5,"start2":0.19999999,"end2":0.29999998},{"startTime":5920.0,"endTime":5921.0,"start":0.5,"end":0.5,"start2":0.29999998,"end2":0.29091808},{"startTime":5921.0,"endTime":5922.0,"start":0.5,"end":0.5,"start2":0.29091808,"end2":0.2824027},{"startTime":5922.0,"endTime":5923.0,"start":0.5,"end":0.5,"start2":0.2824027,"end2":0.27443567},{"startTime":5923.0,"endTime":5924.0,"start":0.5,"end":0.5,"start2":0.27443567,"end2":0.26699874},{"startTime":5924.0,"endTime":5925.0,"start":0.5,"end":0.5,"start2":0.26699874,"end2":0.26007366},{"startTime":5925.0,"endTime":5926.0,"start":0.5,"end":0.5,"start2":0.26007366,"end2":0.25364226},{"startTime":5926.0,"endTime":5927.0,"start":0.5,"end":0.5,"start2":0.25364226,"end2":0.24768627},{"startTime":5927.0,"endTime":5928.0,"start":0.5,"end":0.5,"start2":0.24768627,"end2":0.24218749},{"startTime":5928.0,"endTime":5929.0,"start":0.5,"end":0.5,"start2":0.24218749,"end2":0.23713307},{"startTime":5929.0,"endTime":5930.0,"start":0.5,"end":0.5,"start2":0.23713307,"end2":0.23249896},{"startTime":5930.0,"endTime":5931.0,"start":0.5,"end":0.5,"start2":0.23249896,"end2":0.22826692},{"startTime":5931.0,"endTime":5932.0,"start":0.5,"end":0.5,"start2":0.22826692,"end2":0.22441873},{"startTime":5932.0,"endTime":5933.0,"start":0.5,"end":0.5,"start2":0.22441873,"end2":0.22093618},{"startTime":5933.0,"endTime":5934.0,"start":0.5,"end":0.5,"start2":0.22093618,"end2":0.21780102},{"startTime":5934.0,"endTime":5935.0,"start":0.5,"end":0.5,"start2":0.21780102,"end2":0.21499503},{"startTime":5935.0,"endTime":5936.0,"start":0.5,"end":0.5,"start2":0.21499503,"end2":0.21249999},{"startTime":5936.0,"endTime":5937.0,"start":0.5,"end":0.5,"start2":0.21249999,"end2":0.2103012},{"startTime":5937.0,"endTime":5938.0,"start":0.5,"end":0.5,"start2":0.2103012,"end2":0.20837647},{"startTime":5938.0,"endTime":5939.0,"start":0.5,"end":0.5,"start2":0.20837647,"end2":0.20670755},{"startTime":5939.0,"endTime":5940.0,"start":0.5,"end":0.5,"start2":0.20670755,"end2":0.20527624},{"startTime":5940.0,"endTime":5941.0,"start":0.5,"end":0.5,"start2":0.20527624,"end2":0.20406431},{"startTime":5941.0,"endTime":5942.0,"start":0.5,"end":0.5,"start2":0.20406431,"end2":0.2030535},{"startTime":5942.0,"endTime":5943.0,"start":0.5,"end":0.5,"start2":0.2030535,"end2":0.20222566},{"startTime":5943.0,"endTime":5944.0,"start":0.5,"end":0.5,"start2":0.20222566,"end2":0.2015625},{"startTime":5944.0,"endTime":5945.0,"start":0.5,"end":0.5,"start2":0.2015625,"end2":0.20104745},{"startTime":5945.0,"endTime":5946.0,"start":0.5,"end":0.5,"start2":0.20104745,"end2":0.20066021},{"startTime":5946.0,"endTime":5947.0,"start":0.5,"end":0.5,"start2":0.20066021,"end2":0.20038255},{"startTime":5947.0,"endTime":5948.0,"start":0.5,"end":0.5,"start2":0.20038255,"end2":0.20019624},{"startTime":5948.0,"endTime":5949.0,"start":0.5,"end":0.5,"start2":0.20019624,"end2":0.20008305},{"startTime":5949.0,"endTime":5950.0,"start":0.5,"end":0.5,"start2":0.20008305,"end2":0.20002477},{"startTime":5950.0,"endTime":5951.0,"start":0.5,"end":0.5,"start2":0.20002477,"end2":0.20000315},{"startTime":5951.0,"endTime":5952.0,"start":0.5,"end":0.5,"start2":0.20000315,"end2":0.19999999},{"startTime":5952.0,"endTime":7168.0,"start":0.5,"end":0.5,"start2":0.19999999,"end2":0.2},{"startTime":7168.0,"endTime":7169.0,"start":0.5,"end":0.5,"start2":0.2,"end2":0.2276442},{"startTime":7169.0,"endTime":7170.0,"start":0.5,"end":0.5,"start2":0.2276442,"end2":0.25449145},{"startTime":7170.0,"endTime":7171.0,"start":0.5,"end":0.5,"start2":0.25449145,"end2":0.28044483},{"startTime":7171.0,"endTime":7172.0,"start":0.5,"end":0.5,"start2":0.28044483,"end2":0.30558366},{"startTime":7172.0,"endTime":7173.0,"start":0.5,"end":0.5,"start2":0.30558366,"end2":0.32989943},{"startTime":7173.0,"endTime":7174.0,"start":0.5,"end":0.5,"start2":0.32989943,"end2":0.35338587},{"startTime":7174.0,"endTime":7175.0,"start":0.5,"end":0.5,"start2":0.35338587,"end2":0.37611747},{"startTime":7175.0,"endTime":7176.0,"start":0.5,"end":0.5,"start2":0.37611747,"end2":0.3980075},{"startTime":7176.0,"endTime":7177.0,"start":0.5,"end":0.5,"start2":0.3980075,"end2":0.4191888},{"startTime":7177.0,"endTime":7178.0,"start":0.5,"end":0.5,"start2":0.4191888,"end2":0.43955788},{"startTime":7178.0,"endTime":7179.0,"start":0.5,"end":0.5,"start2":0.43955788,"end2":0.45922497},{"startTime":7179.0,"endTime":7180.0,"start":0.5,"end":0.5,"start2":0.45922497,"end2":0.47814634},{"startTime":7180.0,"endTime":7181.0,"start":0.5,"end":0.5,"start2":0.47814634,"end2":0.49635518},{"startTime":7181.0,"endTime":7182.0,"start":0.5,"end":0.5,"start2":0.49635518,"end2":0.51388234},{"startTime":7182.0,"endTime":7183.0,"start":0.5,"end":0.5,"start2":0.51388234,"end2":0.53068894},{"startTime":7183.0,"endTime":7184.0,"start":0.5,"end":0.5,"start2":0.53068894,"end2":0.546875},{"startTime":7184.0,"endTime":7185.0,"start":0.5,"end":0.5,"start2":0.546875,"end2":0.5623355},{"startTime":7185.0,"endTime":7186.0,"start":0.5,"end":0.5,"start2":0.5623355,"end2":0.5772015},{"startTime":7186.0,"endTime":7187.0,"start":0.5,"end":0.5,"start2":0.5772015,"end2":0.5914042},{"startTime":7187.0,"endTime":7188.0,"start":0.5,"end":0.5,"start2":0.5914042,"end2":0.60500616},{"startTime":7188.0,"endTime":7189.0,"start":0.5,"end":0.5,"start2":0.60500616,"end2":0.61800444},{"startTime":7189.0,"endTime":7190.0,"start":0.5,"end":0.5,"start2":0.61800444,"end2":0.6303984},{"startTime":7190.0,"endTime":7191.0,"start":0.5,"end":0.5,"start2":0.6303984,"end2":0.6422456},{"startTime":7191.0,"endTime":7192.0,"start":0.5,"end":0.5,"start2":0.6422456,"end2":0.6534875},{"startTime":7192.0,"endTime":7193.0,"start":0.5,"end":0.5,"start2":0.6534875,"end2":0.66422313},{"startTime":7193.0,"endTime":7194.0,"start":0.5,"end":0.5,"start2":0.66422313,"end2":0.67438287},{"startTime":7194.0,"endTime":7195.0,"start":0.5,"end":0.5,"start2":0.67438287,"end2":0.6840487},{"startTime":7195.0,"endTime":7196.0,"start":0.5,"end":0.5,"start2":0.6840487,"end2":0.69319385},{"startTime":7196.0,"endTime":7197.0,"start":0.5,"end":0.5,"start2":0.69319385,"end2":0.70184577},{"startTime":7197.0,"endTime":7198.0,"start":0.5,"end":0.5,"start2":0.70184577,"end2":0.71002984},{"startTime":7198.0,"endTime":7199.0,"start":0.5,"end":0.5,"start2":0.71002984,"end2":0.7177239},{"startTime":7199.0,"endTime":7200.0,"start":0.5,"end":0.5,"start2":0.7177239,"end2":0.725},{"startTime":7200.0,"endTime":7201.0,"start":0.5,"end":0.5,"start2":0.725,"end2":0.73179233},{"startTime":7201.0,"endTime":7202.0,"start":0.5,"end":0.5,"start2":0.73179233,"end2":0.73819274},{"startTime":7202.0,"endTime":7203.0,"start":0.5,"end":0.5,"start2":0.73819274,"end2":0.7441605},{"startTime":7203.0,"endTime":7204.0,"start":0.5,"end":0.5,"start2":0.7441605,"end2":0.7497412},{"startTime":7204.0,"endTime":7205.0,"start":0.5,"end":0.5,"start2":0.7497412,"end2":0.7549376},{"startTime":7205.0,"endTime":7206.0,"start":0.5,"end":0.5,"start2":0.7549376,"end2":0.75975466},{"startTime":7206.0,"endTime":7207.0,"start":0.5,"end":0.5,"start2":0.75975466,"end2":0.76423305},{"startTime":7207.0,"endTime":7208.0,"start":0.5,"end":0.5,"start2":0.76423305,"end2":0.7683425},{"startTime":7208.0,"endTime":7209.0,"start":0.5,"end":0.5,"start2":0.7683425,"end2":0.7721482},{"startTime":7209.0,"endTime":7210.0,"start":0.5,"end":0.5,"start2":0.7721482,"end2":0.77561414},{"startTime":7210.0,"endTime":7211.0,"start":0.5,"end":0.5,"start2":0.77561414,"end2":0.77879435},{"startTime":7211.0,"endTime":7212.0,"start":0.5,"end":0.5,"start2":0.77879435,"end2":0.78167886},{"startTime":7212.0,"endTime":7213.0,"start":0.5,"end":0.5,"start2":0.78167886,"end2":0.78428954},{"startTime":7213.0,"endTime":7214.0,"start":0.5,"end":0.5,"start2":0.78428954,"end2":0.78664607},{"startTime":7214.0,"endTime":7215.0,"start":0.5,"end":0.5,"start2":0.78664607,"end2":0.7887433},{"startTime":7215.0,"endTime":7216.0,"start":0.5,"end":0.5,"start2":0.7887433,"end2":0.79062504},{"startTime":7216.0,"endTime":7217.0,"start":0.5,"end":0.5,"start2":0.79062504,"end2":0.7922649},{"startTime":7217.0,"endTime":7218.0,"start":0.5,"end":0.5,"start2":0.7922649,"end2":0.79371524},{"startTime":7218.0,"endTime":7219.0,"start":0.5,"end":0.5,"start2":0.79371524,"end2":0.7949636},{"startTime":7219.0,"endTime":7220.0,"start":0.5,"end":0.5,"start2":0.7949636,"end2":0.7960386},{"startTime":7220.0,"endTime":7221.0,"start":0.5,"end":0.5,"start2":0.7960386,"end2":0.79694885},{"startTime":7221.0,"endTime":7222.0,"start":0.5,"end":0.5,"start2":0.79694885,"end2":0.79770464},{"startTime":7222.0,"endTime":7223.0,"start":0.5,"end":0.5,"start2":0.79770464,"end2":0.79832995},{"startTime":7223.0,"endTime":7224.0,"start":0.5,"end":0.5,"start2":0.79832995,"end2":0.79882246},{"startTime":7224.0,"endTime":7225.0,"start":0.5,"end":0.5,"start2":0.79882246,"end2":0.7992138},{"startTime":7225.0,"endTime":7226.0,"start":0.5,"end":0.5,"start2":0.7992138,"end2":0.7995016},{"startTime":7226.0,"endTime":7227.0,"start":0.5,"end":0.5,"start2":0.7995016,"end2":0.7997118},{"startTime":7227.0,"endTime":7228.0,"start":0.5,"end":0.5,"start2":0.7997118,"end2":0.79985136},{"startTime":7228.0,"endTime":7229.0,"start":0.5,"end":0.5,"start2":0.79985136,"end2":0.7999365},{"startTime":7229.0,"endTime":7230.0,"start":0.5,"end":0.5,"start2":0.7999365,"end2":0.799981},{"startTime":7230.0,"endTime":7231.0,"start":0.5,"end":0.5,"start2":0.799981,"end2":0.79999703},{"startTime":7231.0,"endTime":7232.0,"start":0.5,"end":0.5,"start2":0.79999703,"end2":0.8},{"startTime":7232.0,"endTime":7424.0,"start":0.5,"end":0.5,"start2":0.8,"end2":0.8},{"startTime":7424.0,"endTime":7425.0,"start":0.5,"end":0.5,"start2":0.8,"end2":0.7723558},{"startTime":7425.0,"endTime":7426.0,"start":0.5,"end":0.5,"start2":0.7723558,"end2":0.74550855},{"startTime":7426.0,"endTime":7427.0,"start":0.5,"end":0.5,"start2":0.74550855,"end2":0.7195552},{"startTime":7427.0,"endTime":7428.0,"start":0.5,"end":0.5,"start2":0.7195552,"end2":0.69441634},{"startTime":7428.0,"endTime":7429.0,"start":0.5,"end":0.5,"start2":0.69441634,"end2":0.67010057},{"startTime":7429.0,"endTime":7430.0,"start":0.5,"end":0.5,"start2":0.67010057,"end2":0.64661413},{"startTime":7430.0,"endTime":7431.0,"start":0.5,"end":0.5,"start2":0.64661413,"end2":0.62388253},{"startTime":7431.0,"endTime":7432.0,"start":0.5,"end":0.5,"start2":0.62388253,"end2":0.6019925},{"startTime":7432.0,"endTime":7433.0,"start":0.5,"end":0.5,"start2":0.6019925,"end2":0.5808112},{"startTime":7433.0,"endTime":7434.0,"start":0.5,"end":0.5,"start2":0.5808112,"end2":0.56044215},{"startTime":7434.0,"endTime":7435.0,"start":0.5,"end":0.5,"start2":0.56044215,"end2":0.54077506},{"startTime":7435.0,"endTime":7436.0,"start":0.5,"end":0.5,"start2":0.54077506,"end2":0.5218537},{"startTime":7436.0,"endTime":7437.0,"start":0.5,"end":0.5,"start2":0.5218537,"end2":0.5036448},{"startTime":7437.0,"endTime":7438.0,"start":0.5,"end":0.5,"start2":0.5036448,"end2":0.4861177},{"startTime":7438.0,"endTime":7439.0,"start":0.5,"end":0.5,"start2":0.4861177,"end2":0.46931106},{"startTime":7439.0,"endTime":7440.0,"start":0.5,"end":0.5,"start2":0.46931106,"end2":0.453125},{"startTime":7440.0,"endTime":7441.0,"start":0.5,"end":0.5,"start2":0.453125,"end2":0.43766454},{"startTime":7441.0,"endTime":7442.0,"start":0.5,"end":0.5,"start2":0.43766454,"end2":0.42279854},{"startTime":7442.0,"endTime":7443.0,"start":0.5,"end":0.5,"start2":0.42279854,"end2":0.40859583},{"startTime":7443.0,"endTime":7444.0,"start":0.5,"end":0.5,"start2":0.40859583,"end2":0.39499384},{"startTime":7444.0,"endTime":7445.0,"start":0.5,"end":0.5,"start2":0.39499384,"end2":0.3819956},{"startTime":7445.0,"endTime":7446.0,"start":0.5,"end":0.5,"start2":0.3819956,"end2":0.36960164},{"startTime":7446.0,"endTime":7447.0,"start":0.5,"end":0.5,"start2":0.36960164,"end2":0.3577544},{"startTime":7447.0,"endTime":7448.0,"start":0.5,"end":0.5,"start2":0.3577544,"end2":0.3465125},{"startTime":7448.0,"endTime":7449.0,"start":0.5,"end":0.5,"start2":0.3465125,"end2":0.33577687},{"startTime":7449.0,"endTime":7450.0,"start":0.5,"end":0.5,"start2":0.33577687,"end2":0.32561716},{"startTime":7450.0,"endTime":7451.0,"start":0.5,"end":0.5,"start2":0.32561716,"end2":0.31595132},{"startTime":7451.0,"endTime":7452.0,"start":0.5,"end":0.5,"start2":0.31595132,"end2":0.30680618},{"startTime":7452.0,"endTime":7453.0,"start":0.5,"end":0.5,"start2":0.30680618,"end2":0.29815423},{"startTime":7453.0,"endTime":7454.0,"start":0.5,"end":0.5,"start2":0.29815423,"end2":0.2899702},{"startTime":7454.0,"endTime":7455.0,"start":0.5,"end":0.5,"start2":0.2899702,"end2":0.2822761},{"startTime":7455.0,"endTime":7456.0,"start":0.5,"end":0.5,"start2":0.2822761,"end2":0.275},{"startTime":7456.0,"endTime":7457.0,"start":0.5,"end":0.5,"start2":0.275,"end2":0.2682077},{"startTime":7457.0,"endTime":7458.0,"start":0.5,"end":0.5,"start2":0.2682077,"end2":0.2618073},{"startTime":7458.0,"endTime":7459.0,"start":0.5,"end":0.5,"start2":0.2618073,"end2":0.25583956},{"startTime":7459.0,"endTime":7460.0,"start":0.5,"end":0.5,"start2":0.25583956,"end2":0.25025883},{"startTime":7460.0,"endTime":7461.0,"start":0.5,"end":0.5,"start2":0.25025883,"end2":0.24506244},{"startTime":7461.0,"endTime":7462.0,"start":0.5,"end":0.5,"start2":0.24506244,"end2":0.24024537},{"startTime":7462.0,"endTime":7463.0,"start":0.5,"end":0.5,"start2":0.24024537,"end2":0.23576693},{"startTime":7463.0,"endTime":7464.0,"start":0.5,"end":0.5,"start2":0.23576693,"end2":0.2316575},{"startTime":7464.0,"endTime":7465.0,"start":0.5,"end":0.5,"start2":0.2316575,"end2":0.22785181},{"startTime":7465.0,"endTime":7466.0,"start":0.5,"end":0.5,"start2":0.22785181,"end2":0.2243859},{"startTime":7466.0,"endTime":7467.0,"start":0.5,"end":0.5,"start2":0.2243859,"end2":0.2212057},{"startTime":7467.0,"endTime":7468.0,"start":0.5,"end":0.5,"start2":0.2212057,"end2":0.21832113},{"startTime":7468.0,"endTime":7469.0,"start":0.5,"end":0.5,"start2":0.21832113,"end2":0.21571045},{"startTime":7469.0,"endTime":7470.0,"start":0.5,"end":0.5,"start2":0.21571045,"end2":0.21335398},{"startTime":7470.0,"endTime":7471.0,"start":0.5,"end":0.5,"start2":0.21335398,"end2":0.2112567},{"startTime":7471.0,"endTime":7472.0,"start":0.5,"end":0.5,"start2":0.2112567,"end2":0.20937501},{"startTime":7472.0,"endTime":7473.0,"start":0.5,"end":0.5,"start2":0.20937501,"end2":0.20773514},{"startTime":7473.0,"endTime":7474.0,"start":0.5,"end":0.5,"start2":0.20773514,"end2":0.20628478},{"startTime":7474.0,"endTime":7475.0,"start":0.5,"end":0.5,"start2":0.20628478,"end2":0.20503645},{"startTime":7475.0,"endTime":7476.0,"start":0.5,"end":0.5,"start2":0.20503645,"end2":0.20396137},{"startTime":7476.0,"endTime":7477.0,"start":0.5,"end":0.5,"start2":0.20396137,"end2":0.20305118},{"startTime":7477.0,"endTime":7478.0,"start":0.5,"end":0.5,"start2":0.20305118,"end2":0.20229536},{"startTime":7478.0,"endTime":7479.0,"start":0.5,"end":0.5,"start2":0.20229536,"end2":0.2016701},{"startTime":7479.0,"endTime":7480.0,"start":0.5,"end":0.5,"start2":0.2016701,"end2":0.20117752},{"startTime":7480.0,"endTime":7481.0,"start":0.5,"end":0.5,"start2":0.20117752,"end2":0.20078617},{"startTime":7481.0,"endTime":7482.0,"start":0.5,"end":0.5,"start2":0.20078617,"end2":0.20049839},{"startTime":7482.0,"endTime":7483.0,"start":0.5,"end":0.5,"start2":0.20049839,"end2":0.20028818},{"startTime":7483.0,"endTime":7484.0,"start":0.5,"end":0.5,"start2":0.20028818,"end2":0.20014867},{"startTime":7484.0,"endTime":7485.0,"start":0.5,"end":0.5,"start2":0.20014867,"end2":0.20006356},{"startTime":7485.0,"endTime":7486.0,"start":0.5,"end":0.5,"start2":0.20006356,"end2":0.20001899},{"startTime":7486.0,"endTime":7487.0,"start":0.5,"end":0.5,"start2":0.20001899,"end2":0.20000297},{"startTime":7487.0,"endTime":7488.0,"start":0.5,"end":0.5,"start2":0.20000297,"end2":0.2},{"startTime":7488.0,"endTime":8000.0,"start":0.5,"end":0.5,"start2":0.19999999,"end2":0.2},{"startTime":8000.0,"endTime":8448.0,"start":0.5,"end":0.5,"start2":0.2,"end2":0.2},{"startTime":8448.0,"endTime":8608.0,"start":0.5,"end":0.5,"start2":0.2,"end2":0.5},{"startTime":8608.0,"endTime":1000000000.0,"start":0.5,"end":0.5,"start2":0.5,"end2":0.5}],"judgeLineRotateEvents":[{"startTime":-999999.0,"endTime":4864.0,"start":0.0,"end":0.0},{"startTime":4864.0,"endTime":4896.0,"start":0.0,"end":5.0},{"startTime":4896.0,"endTime":4928.0,"start":5.0,"end":0.0},{"startTime":4928.0,"endTime":5824.0,"start":0.0,"end":0.0},{"startTime":5824.0,"endTime":5872.0,"start":0.0,"end":90.0},{"startTime":5872.0,"endTime":5920.0,"start":90.0,"end":220.0},{"startTime":5920.0,"endTime":5921.0,"start":220.0,"end":232.71468},{"startTime":5921.0,"endTime":5922.0,"start":232.71468,"end":244.63618},{"startTime":5922.0,"endTime":5923.0,"start":244.63618,"end":255.79004},{"startTime":5923.0,"endTime":5924.0,"start":255.79004,"end":266.20175},{"startTime":5924.0,"endTime":5925.0,"start":266.20175,"end":275.89685},{"startTime":5925.0,"endTime":5926.0,"start":275.89685,"end":284.90082},{"startTime":5926.0,"endTime":5927.0,"start":284.90082,"end":293.2392},{"startTime":5927.0,"endTime":5928.0,"start":293.2392,"end":300.9375},{"startTime":5928.0,"endTime":5929.0,"start":300.9375,"end":308.01367},{"startTime":5929.0,"endTime":5930.0,"start":308.01367,"end":314.50143},{"startTime":5930.0,"endTime":5931.0,"start":314.50143,"end":320.4263},{"startTime":5931.0,"endTime":5932.0,"start":320.4263,"end":325.81375},{"startTime":5932.0,"endTime":5933.0,"start":325.81375,"end":330.68933},{"startTime":5933.0,"endTime":5934.0,"start":330.68933,"end":335.07855},{"startTime":5934.0,"endTime":5935.0,"start":335.07855,"end":339.00696},{"startTime":5935.0,"endTime":5936.0,"start":339.00696,"end":342.5},{"startTime":5936.0,"endTime":5937.0,"start":342.5,"end":345.5783},{"startTime":5937.0,"endTime":5938.0,"start":345.5783,"end":348.27295},{"startTime":5938.0,"endTime":5939.0,"start":348.27295,"end":350.6094},{"startTime":5939.0,"endTime":5940.0,"start":350.6094,"end":352.61325},{"startTime":5940.0,"endTime":5941.0,"start":352.61325,"end":354.30997},{"startTime":5941.0,"endTime":5942.0,"start":354.30997,"end":355.72507},{"startTime":5942.0,"endTime":5943.0,"start":355.72507,"end":356.88406},{"startTime":5943.0,"endTime":5944.0,"start":356.88406,"end":357.8125},{"startTime":5944.0,"endTime":5945.0,"start":357.8125,"end":358.53354},{"startTime":5945.0,"endTime":5946.0,"start":358.53354,"end":359.07568},{"startTime":5946.0,"endTime":5947.0,"start":359.07568,"end":359.46442},{"startTime":5947.0,"endTime":5948.0,"start":359.46442,"end":359.72525},{"startTime":5948.0,"endTime":5949.0,"start":359.72525,"end":359.8837},{"startTime":5949.0,"endTime":5950.0,"start":359.8837,"end":359.9653},{"startTime":5950.0,"endTime":5951.0,"start":359.9653,"end":359.99557},{"startTime":5951.0,"endTime":5952.0,"start":359.99557,"end":360.0},{"startTime":5952.0,"endTime":5984.0,"start":360.0,"end":360.0},{"startTime":5984.0,"endTime":6944.0,"start":0.0,"end":0.0},{"startTime":6944.0,"endTime":6945.0,"start":0.0,"end":0.60537505},{"startTime":6945.0,"endTime":6946.0,"start":0.60537505,"end":1.17175},{"startTime":6946.0,"endTime":6947.0,"start":1.17175,"end":1.6991252},{"startTime":6947.0,"endTime":6948.0,"start":1.6991252,"end":2.1875},{"startTime":6948.0,"endTime":6949.0,"start":2.1875,"end":2.6366253},{"startTime":6949.0,"endTime":6950.0,"start":2.6366253,"end":3.0467498},{"startTime":6950.0,"endTime":6951.0,"start":3.0467498,"end":3.4178748},{"startTime":6951.0,"endTime":6952.0,"start":3.4178748,"end":3.75},{"startTime":6952.0,"endTime":6953.0,"start":3.75,"end":4.0428753},{"startTime":6953.0,"endTime":6954.0,"start":4.0428753,"end":4.29675},{"startTime":6954.0,"endTime":6955.0,"start":4.29675,"end":4.5116253},{"startTime":6955.0,"endTime":6956.0,"start":4.5116253,"end":4.6875},{"startTime":6956.0,"endTime":6957.0,"start":4.6875,"end":4.824125},{"startTime":6957.0,"endTime":6958.0,"start":4.824125,"end":4.92175},{"startTime":6958.0,"endTime":6959.0,"start":4.92175,"end":4.9803753},{"startTime":6959.0,"endTime":6960.0,"start":4.9803753,"end":5.0},{"startTime":6960.0,"endTime":6961.0,"start":5.0,"end":4.980375},{"startTime":6961.0,"endTime":6962.0,"start":4.980375,"end":4.92175},{"startTime":6962.0,"endTime":6963.0,"start":4.92175,"end":4.824125},{"startTime":6963.0,"endTime":6964.0,"start":4.824125,"end":4.6875},{"startTime":6964.0,"endTime":6965.0,"start":4.6875,"end":4.511625},{"startTime":6965.0,"endTime":6966.0,"start":4.511625,"end":4.29675},{"startTime":6966.0,"endTime":6967.0,"start":4.29675,"end":4.042875},{"startTime":6967.0,"endTime":6968.0,"start":4.042875,"end":3.75},{"startTime":6968.0,"endTime":6969.0,"start":3.75,"end":3.417875},{"startTime":6969.0,"endTime":6970.0,"start":3.417875,"end":3.04675},{"startTime":6970.0,"endTime":6971.0,"start":3.04675,"end":2.636625},{"startTime":6971.0,"endTime":6972.0,"start":2.636625,"end":2.1875},{"startTime":6972.0,"endTime":6973.0,"start":2.1875,"end":1.6991252},{"startTime":6973.0,"endTime":6974.0,"start":1.6991252,"end":1.1717498},{"startTime":6974.0,"endTime":6975.0,"start":1.1717498,"end":0.6053752},{"startTime":6975.0,"endTime":6976.0,"start":0.6053752,"end":0.0},{"startTime":6976.0,"endTime":1000000000.0,"start":0.0,"end":0.0}],"judgeLineDisappearEvents":[{"startTime":-999999.0,"endTime":3648.0,"start":1.0,"end":1.0},{"startTime":3648.0,"endTime":3652.0,"start":0.0,"end":0.0},{"startTime":3652.0,"endTime":3712.0,"start":0.0,"end":1.0},{"startTime":3712.0,"endTime":4128.0,"start":1.0,"end":1.0},{"startTime":4128.0,"endTime":4130.0,"start":0.0,"end":0.0},{"startTime":4130.0,"endTime":4132.0,"start":1.0,"end":1.0},{"startTime":4132.0,"endTime":4134.0,"start":0.0,"end":0.0},{"startTime":4134.0,"endTime":4136.0,"start":1.0,"end":1.0},{"startTime":4136.0,"endTime":4138.0,"start":0.0,"end":0.0},{"startTime":4138.0,"endTime":4140.0,"start":1.0,"end":1.0},{"startTime":4140.0,"endTime":4142.0,"start":0.0,"end":0.0},{"startTime":4142.0,"endTime":4144.0,"start":1.0,"end":1.0},{"startTime":4144.0,"endTime":4146.0,"start":0.0,"end":0.0},{"startTime":4146.0,"endTime":4148.0,"start":1.0,"end":1.0},{"startTime":4148.0,"endTime":4150.0,"start":0.0,"end":0.0},{"startTime":4150.0,"endTime":4152.0,"start":1.0,"end":1.0},{"startTime":4152.0,"endTime":4154.0,"start":0.0,"end":0.0},{"startTime":4154.0,"endTime":4156.0,"start":1.0,"end":1.0},{"startTime":4156.0,"endTime":4158.0,"start":0.0,"end":0.0},{"startTime":4158.0,"endTime":4384.0,"start":1.0,"end":1.0},{"startTime":4384.0,"endTime":4386.0,"start":0.0,"end":0.0},{"startTime":4386.0,"endTime":4388.0,"start":1.0,"end":1.0},{"startTime":4388.0,"endTime":4390.0,"start":0.0,"end":0.0},{"startTime":4390.0,"endTime":4392.0,"start":1.0,"end":1.0},{"startTime":4392.0,"endTime":4394.0,"start":0.0,"end":0.0},{"startTime":4394.0,"endTime":4396.0,"start":1.0,"end":1.0},{"startTime":4396.0,"endTime":4398.0,"start":0.0,"end":0.0},{"startTime":4398.0,"endTime":4400.0,"start":1.0,"end":1.0},{"startTime":4400.0,"endTime":4402.0,"start":0.0,"end":0.0},{"startTime":4402.0,"endTime":4404.0,"start":1.0,"end":1.0},{"startTime":4404.0,"endTime":4406.0,"start":0.0,"end":0.0},{"startTime":4406.0,"endTime":4408.0,"start":1.0,"end":1.0},{"startTime":4408.0,"endTime":4410.0,"start":0.0,"end":0.0},{"startTime":4410.0,"endTime":4412.0,"start":1.0,"end":1.0},{"startTime":4412.0,"endTime":4414.0,"start":0.0,"end":0.0},{"startTime":4414.0,"endTime":4640.0,"start":1.0,"end":1.0},{"startTime":4640.0,"endTime":4642.0,"start":0.0,"end":0.0},{"startTime":4642.0,"endTime":4644.0,"start":1.0,"end":1.0},{"startTime":4644.0,"endTime":4646.0,"start":0.0,"end":0.0},{"startTime":4646.0,"endTime":4648.0,"start":1.0,"end":1.0},{"startTime":4648.0,"endTime":4650.0,"start":0.0,"end":0.0},{"startTime":4650.0,"endTime":4652.0,"start":1.0,"end":1.0},{"startTime":4652.0,"endTime":4654.0,"start":0.0,"end":0.0},{"startTime":4654.0,"endTime":4656.0,"start":1.0,"end":1.0},{"startTime":4656.0,"endTime":4658.0,"start":0.0,"end":0.0},{"startTime":4658.0,"endTime":4660.0,"start":1.0,"end":1.0},{"startTime":4660.0,"endTime":4662.0,"start":0.0,"end":0.0},{"startTime":4662.0,"endTime":4664.0,"start":1.0,"end":1.0},{"startTime":4664.0,"endTime":4666.0,"start":0.0,"end":0.0},{"startTime":4666.0,"endTime":4668.0,"start":1.0,"end":1.0},{"startTime":4668.0,"endTime":4670.0,"start":0.0,"end":0.0},{"startTime":4670.0,"endTime":4896.0,"start":1.0,"end":1.0},{"startTime":4896.0,"endTime":4898.0,"start":0.0,"end":0.0},{"startTime":4898.0,"endTime":4900.0,"start":1.0,"end":1.0},{"startTime":4900.0,"endTime":4902.0,"start":0.0,"end":0.0},{"startTime":4902.0,"endTime":4904.0,"start":1.0,"end":1.0},{"startTime":4904.0,"endTime":4906.0,"start":0.0,"end":0.0},{"startTime":4906.0,"endTime":4908.0,"start":1.0,"end":1.0},{"startTime":4908.0,"endTime":4910.0,"start":0.0,"end":0.0},{"startTime":4910.0,"endTime":4912.0,"start":1.0,"end":1.0},{"startTime":4912.0,"endTime":4914.0,"start":0.0,"end":0.0},{"startTime":4914.0,"endTime":4916.0,"start":1.0,"end":1.0},{"startTime":4916.0,"endTime":4918.0,"start":0.0,"end":0.0},{"startTime":4918.0,"endTime":4920.0,"start":1.0,"end":1.0},{"startTime":4920.0,"endTime":4922.0,"start":0.0,"end":0.0},{"startTime":4922.0,"endTime":4924.0,"start":1.0,"end":1.0},{"startTime":4924.0,"endTime":4926.0,"start":0.0,"end":0.0},{"startTime":4926.0,"endTime":1000000000.0,"start":1.0,"end":1.0}]}]}