{"formatVersion":3,"offset":0.0,"judgeLineList":[{"bpm":179.0,"notesAbove":[{"type":3,"time":256,"positionX":-3.095512,"holdTime":176.0,"speed":1.2,"floorPosition":3.2178771},{"type":3,"time":432,"positionX":3.026467,"holdTime":80.0,"speed":1.2,"floorPosition":5.4301677},{"type":3,"time":512,"positionX":-2.036823,"holdTime":176.0,"speed":1.2,"floorPosition":6.4357543},{"type":3,"time":688,"positionX":3.981588,"holdTime":80.0,"speed":1.2,"floorPosition":8.648045},{"type":3,"time":768,"positionX":-4.395857,"holdTime":176.0,"speed":1.2,"floorPosition":9.653631},{"type":3,"time":944,"positionX":2.531645,"holdTime":80.0,"speed":1.2,"floorPosition":11.865922},{"type":3,"time":1024,"positionX":-2.497124,"holdTime":176.0,"speed":1.2,"floorPosition":12.871509},{"type":3,"time":1200,"positionX":3.314154,"holdTime":80.0,"speed":1.2,"floorPosition":15.083799},{"type":3,"time":1280,"positionX":-4.188723,"holdTime":176.0,"speed":1.2,"floorPosition":16.089386},{"type":2,"time":1472,"positionX":0.01150703,"holdTime":0.0,"speed":1.0,"floorPosition":18.502794},{"type":2,"time":1480,"positionX":0.1726131,"holdTime":0.0,"speed":1.0,"floorPosition":18.603354},{"type":2,"time":1488,"positionX":0.3682404,"holdTime":0.0,"speed":1.0,"floorPosition":18.70391},{"type":2,"time":1496,"positionX":0.5753727,"holdTime":0.0,"speed":1.0,"floorPosition":18.80447},{"type":2,"time":1504,"positionX":0.7940159,"holdTime":0.0,"speed":1.0,"floorPosition":18.90503},{"type":2,"time":1512,"positionX":1.00115,"holdTime":0.0,"speed":1.0,"floorPosition":19.005587},{"type":2,"time":1520,"positionX":1.208285,"holdTime":0.0,"speed":1.0,"floorPosition":19.106146},{"type":2,"time":1528,"positionX":1.46145,"holdTime":0.0,"speed":1.0,"floorPosition":19.206705},{"type":3,"time":1536,"positionX":-1.657077,"holdTime":176.0,"speed":1.2,"floorPosition":19.307262},{"type":2,"time":1728,"positionX":-1.668585,"holdTime":0.0,"speed":1.0,"floorPosition":21.72067},{"type":2,"time":1736,"positionX":-1.921749,"holdTime":0.0,"speed":1.0,"floorPosition":21.82123},{"type":2,"time":1744,"positionX":-2.140391,"holdTime":0.0,"speed":1.0,"floorPosition":21.92179},{"type":2,"time":1752,"positionX":-2.405064,"holdTime":0.0,"speed":1.0,"floorPosition":22.022346},{"type":2,"time":1760,"positionX":-2.646721,"holdTime":0.0,"speed":1.0,"floorPosition":22.122906},{"type":2,"time":1768,"positionX":-2.865362,"holdTime":0.0,"speed":1.0,"floorPosition":22.223465},{"type":2,"time":1776,"positionX":-3.060989,"holdTime":0.0,"speed":1.0,"floorPosition":22.324022},{"type":2,"time":1784,"positionX":-3.383199,"holdTime":0.0,"speed":1.0,"floorPosition":22.424582},{"type":3,"time":1792,"positionX":1.300345,"holdTime":176.0,"speed":1.2,"floorPosition":22.52514},{"type":2,"time":1984,"positionX":-2.945915,"holdTime":0.0,"speed":1.0,"floorPosition":24.938549},{"type":2,"time":1992,"positionX":-2.485616,"holdTime":0.0,"speed":1.0,"floorPosition":25.039106},{"type":2,"time":2000,"positionX":-1.944763,"holdTime":0.0,"speed":1.0,"floorPosition":25.139666},{"type":2,"time":2008,"positionX":-1.438436,"holdTime":0.0,"speed":1.0,"floorPosition":25.240225},{"type":2,"time":2016,"positionX":-1.438436,"holdTime":0.0,"speed":1.0,"floorPosition":25.340784},{"type":2,"time":2024,"positionX":-1.944763,"holdTime":0.0,"speed":1.0,"floorPosition":25.441341},{"type":2,"time":2032,"positionX":-2.508631,"holdTime":0.0,"speed":1.0,"floorPosition":25.5419},{"type":2,"time":2040,"positionX":-2.957422,"holdTime":0.0,"speed":1.0,"floorPosition":25.64246},{"type":3,"time":2048,"positionX":2.025316,"holdTime":176.0,"speed":1.2,"floorPosition":25.743017},{"type":2,"time":2240,"positionX":-3.958572,"holdTime":0.0,"speed":1.0,"floorPosition":28.156425},{"type":2,"time":2248,"positionX":-3.693901,"holdTime":0.0,"speed":1.0,"floorPosition":28.256985},{"type":2,"time":2256,"positionX":-3.268125,"holdTime":0.0,"speed":1.0,"floorPosition":28.357544},{"type":2,"time":2264,"positionX":-2.957422,"holdTime":0.0,"speed":1.0,"floorPosition":28.458101},{"type":2,"time":2272,"positionX":-2.646721,"holdTime":0.0,"speed":1.0,"floorPosition":28.55866},{"type":2,"time":2280,"positionX":-2.313004,"holdTime":0.0,"speed":1.0,"floorPosition":28.65922},{"type":2,"time":2288,"positionX":-1.910242,"holdTime":0.0,"speed":1.0,"floorPosition":28.759777},{"type":2,"time":2296,"positionX":-1.530496,"holdTime":0.0,"speed":1.0,"floorPosition":28.860336},{"type":1,"time":2304,"positionX":2.439586,"holdTime":0.0,"speed":1.0,"floorPosition":28.960896},{"type":1,"time":2352,"positionX":2.439586,"holdTime":0.0,"speed":1.0,"floorPosition":29.564247},{"type":1,"time":2400,"positionX":2.439586,"holdTime":0.0,"speed":1.0,"floorPosition":30.167599},{"type":1,"time":2432,"positionX":2.428079,"holdTime":0.0,"speed":1.0,"floorPosition":30.569834},{"type":2,"time":2496,"positionX":-1.910242,"holdTime":0.0,"speed":1.0,"floorPosition":31.374304},{"type":2,"time":2504,"positionX":-2.255466,"holdTime":0.0,"speed":1.0,"floorPosition":31.474861},{"type":2,"time":2512,"positionX":-2.669735,"holdTime":0.0,"speed":1.0,"floorPosition":31.57542},{"type":2,"time":2520,"positionX":-3.130035,"holdTime":0.0,"speed":1.0,"floorPosition":31.67598},{"type":2,"time":2528,"positionX":-3.130035,"holdTime":0.0,"speed":1.0,"floorPosition":31.776537},{"type":2,"time":2536,"positionX":-2.669735,"holdTime":0.0,"speed":1.0,"floorPosition":31.877096},{"type":2,"time":2544,"positionX":-2.278481,"holdTime":0.0,"speed":1.0,"floorPosition":31.977655},{"type":2,"time":2552,"positionX":-1.921749,"holdTime":0.0,"speed":1.0,"floorPosition":32.078213},{"type":1,"time":2560,"positionX":1.576525,"holdTime":0.0,"speed":1.0,"floorPosition":32.178772},{"type":1,"time":2608,"positionX":1.553509,"holdTime":0.0,"speed":1.0,"floorPosition":32.782124},{"type":1,"time":2656,"positionX":1.530495,"holdTime":0.0,"speed":1.0,"floorPosition":33.385475},{"type":1,"time":2688,"positionX":1.542002,"holdTime":0.0,"speed":1.0,"floorPosition":33.787712},{"type":2,"time":2752,"positionX":1.59954,"holdTime":0.0,"speed":1.0,"floorPosition":34.59218},{"type":2,"time":2760,"positionX":1.898735,"holdTime":0.0,"speed":1.0,"floorPosition":34.692738},{"type":2,"time":2768,"positionX":2.209435,"holdTime":0.0,"speed":1.0,"floorPosition":34.793297},{"type":2,"time":2776,"positionX":2.566168,"holdTime":0.0,"speed":1.0,"floorPosition":34.893856},{"type":2,"time":2784,"positionX":2.922901,"holdTime":0.0,"speed":1.0,"floorPosition":34.994415},{"type":2,"time":2792,"positionX":3.256617,"holdTime":0.0,"speed":1.0,"floorPosition":35.094975},{"type":2,"time":2800,"positionX":3.555812,"holdTime":0.0,"speed":1.0,"floorPosition":35.195534},{"type":2,"time":2808,"positionX":3.935557,"holdTime":0.0,"speed":1.0,"floorPosition":35.29609},{"type":1,"time":2816,"positionX":-2.197928,"holdTime":0.0,"speed":1.0,"floorPosition":35.39665},{"type":1,"time":2864,"positionX":-2.209436,"holdTime":0.0,"speed":1.0,"floorPosition":36.0},{"type":1,"time":2912,"positionX":-2.232451,"holdTime":0.0,"speed":1.0,"floorPosition":36.60335},{"type":1,"time":2944,"positionX":-2.232451,"holdTime":0.0,"speed":1.0,"floorPosition":37.00559},{"type":2,"time":3008,"positionX":2.336018,"holdTime":0.0,"speed":1.0,"floorPosition":37.81006},{"type":2,"time":3016,"positionX":2.715765,"holdTime":0.0,"speed":1.0,"floorPosition":37.910618},{"type":2,"time":3024,"positionX":3.01496,"holdTime":0.0,"speed":1.0,"floorPosition":38.011173},{"type":2,"time":3032,"positionX":2.669735,"holdTime":0.0,"speed":1.0,"floorPosition":38.111732},{"type":2,"time":3040,"positionX":2.336018,"holdTime":0.0,"speed":1.0,"floorPosition":38.21229},{"type":2,"time":3048,"positionX":2.036824,"holdTime":0.0,"speed":1.0,"floorPosition":38.31285},{"type":2,"time":3056,"positionX":1.691599,"holdTime":0.0,"speed":1.0,"floorPosition":38.41341},{"type":2,"time":3064,"positionX":1.449943,"holdTime":0.0,"speed":1.0,"floorPosition":38.51397},{"type":1,"time":3072,"positionX":-3.176064,"holdTime":0.0,"speed":1.0,"floorPosition":38.614525},{"type":1,"time":3120,"positionX":-3.176064,"holdTime":0.0,"speed":1.0,"floorPosition":39.21788},{"type":1,"time":3168,"positionX":-3.164557,"holdTime":0.0,"speed":1.0,"floorPosition":39.82123},{"type":1,"time":3200,"positionX":-3.153049,"holdTime":0.0,"speed":1.0,"floorPosition":40.223465},{"type":2,"time":3264,"positionX":0.0,"holdTime":0.0,"speed":1.0,"floorPosition":41.027935},{"type":2,"time":3272,"positionX":0.0,"holdTime":0.0,"speed":1.0,"floorPosition":41.128494},{"type":2,"time":3280,"positionX":0.0,"holdTime":0.0,"speed":1.0,"floorPosition":41.229053},{"type":2,"time":3288,"positionX":0.0,"holdTime":0.0,"speed":1.0,"floorPosition":41.329613},{"type":2,"time":3296,"positionX":-0.01150703,"holdTime":0.0,"speed":1.0,"floorPosition":41.43017},{"type":2,"time":3304,"positionX":-0.02301502,"holdTime":0.0,"speed":1.0,"floorPosition":41.530727},{"type":2,"time":3312,"positionX":-0.02301502,"holdTime":0.0,"speed":1.0,"floorPosition":41.631287},{"type":2,"time":3320,"positionX":-0.03452206,"holdTime":0.0,"speed":1.0,"floorPosition":41.731846},{"type":1,"time":5675,"positionX":2.174914,"holdTime":0.0,"speed":1.0,"floorPosition":71.9602},{"type":1,"time":5739,"positionX":2.209435,"holdTime":0.0,"speed":1.0,"floorPosition":72.89875},{"type":1,"time":5803,"positionX":2.209435,"holdTime":0.0,"speed":1.0,"floorPosition":73.837296},{"type":2,"time":5931,"positionX":2.140392,"holdTime":0.0,"speed":1.0,"floorPosition":75.71439},{"type":1,"time":5995,"positionX":2.128885,"holdTime":0.0,"speed":1.0,"floorPosition":76.65294},{"type":1,"time":6059,"positionX":-2.209436,"holdTime":0.0,"speed":1.0,"floorPosition":77.591484},{"type":1,"time":6123,"positionX":-2.255466,"holdTime":0.0,"speed":1.0,"floorPosition":78.53003},{"type":1,"time":6187,"positionX":2.105869,"holdTime":0.0,"speed":1.0,"floorPosition":79.46858},{"type":1,"time":6251,"positionX":2.094362,"holdTime":0.0,"speed":1.0,"floorPosition":80.40713},{"type":1,"time":6464,"positionX":-0.01150703,"holdTime":0.0,"speed":1.0,"floorPosition":83.39665},{"type":1,"time":6528,"positionX":-0.02301502,"holdTime":0.0,"speed":1.0,"floorPosition":84.201126},{"type":3,"time":6592,"positionX":2.554661,"holdTime":64.0,"speed":1.2,"floorPosition":85.00559},{"type":1,"time":6656,"positionX":-2.577676,"holdTime":0.0,"speed":1.0,"floorPosition":85.81007},{"type":1,"time":6720,"positionX":-0.03452206,"holdTime":0.0,"speed":1.0,"floorPosition":86.61453},{"type":1,"time":6784,"positionX":2.462601,"holdTime":0.0,"speed":1.0,"floorPosition":87.419},{"type":3,"time":6848,"positionX":-4.223246,"holdTime":64.0,"speed":1.2,"floorPosition":88.22347},{"type":1,"time":6880,"positionX":3.728424,"holdTime":0.0,"speed":1.0,"floorPosition":88.62571},{"type":1,"time":6912,"positionX":1.150749,"holdTime":0.0,"speed":1.0,"floorPosition":89.02794},{"type":1,"time":6976,"positionX":1.127733,"holdTime":0.0,"speed":1.0,"floorPosition":89.83241},{"type":1,"time":7040,"positionX":1.116226,"holdTime":0.0,"speed":1.0,"floorPosition":90.63688},{"type":3,"time":7104,"positionX":1.162256,"holdTime":64.0,"speed":1.2,"floorPosition":91.441345},{"type":1,"time":7168,"positionX":-3.820484,"holdTime":0.0,"speed":1.0,"floorPosition":92.24582},{"type":1,"time":7232,"positionX":-1.576525,"holdTime":0.0,"speed":1.0,"floorPosition":93.050285},{"type":1,"time":7296,"positionX":0.02301407,"holdTime":0.0,"speed":1.0,"floorPosition":93.85476},{"type":1,"time":7360,"positionX":1.380898,"holdTime":0.0,"speed":1.0,"floorPosition":94.659225},{"type":3,"time":7392,"positionX":3.222095,"holdTime":32.0,"speed":1.2,"floorPosition":95.06146},{"type":3,"time":7936,"positionX":3.176064,"holdTime":176.0,"speed":1.2,"floorPosition":101.89945},{"type":3,"time":8112,"positionX":-3.42923,"holdTime":80.0,"speed":1.2,"floorPosition":104.11174},{"type":3,"time":8192,"positionX":-0.05753708,"holdTime":176.0,"speed":1.2,"floorPosition":105.117325},{"type":3,"time":8368,"positionX":-3.774453,"holdTime":80.0,"speed":1.2,"floorPosition":107.32962},{"type":3,"time":8448,"positionX":1.956272,"holdTime":176.0,"speed":1.2,"floorPosition":108.335205},{"type":3,"time":8624,"positionX":-2.612198,"holdTime":80.0,"speed":1.2,"floorPosition":110.54749},{"type":3,"time":8704,"positionX":3.613348,"holdTime":176.0,"speed":1.2,"floorPosition":111.55308},{"type":3,"time":8880,"positionX":-2.715765,"holdTime":80.0,"speed":1.2,"floorPosition":113.76537},{"type":3,"time":8960,"positionX":2.416572,"holdTime":176.0,"speed":1.2,"floorPosition":114.77096},{"type":2,"time":9136,"positionX":2.416572,"holdTime":0.0,"speed":1.0,"floorPosition":116.983246},{"type":2,"time":9144,"positionX":1.576525,"holdTime":0.0,"speed":1.0,"floorPosition":117.08381},{"type":2,"time":9152,"positionX":2.382049,"holdTime":0.0,"speed":1.0,"floorPosition":117.184364},{"type":2,"time":9160,"positionX":1.588032,"holdTime":0.0,"speed":1.0,"floorPosition":117.28493},{"type":2,"time":9168,"positionX":2.382049,"holdTime":0.0,"speed":1.0,"floorPosition":117.38548},{"type":2,"time":9176,"positionX":1.553509,"holdTime":0.0,"speed":1.0,"floorPosition":117.486046},{"type":2,"time":9184,"positionX":2.393556,"holdTime":0.0,"speed":1.0,"floorPosition":117.5866},{"type":2,"time":9192,"positionX":1.553509,"holdTime":0.0,"speed":1.0,"floorPosition":117.68716},{"type":2,"time":9200,"positionX":2.359033,"holdTime":0.0,"speed":1.0,"floorPosition":117.78772},{"type":2,"time":9208,"positionX":1.565017,"holdTime":0.0,"speed":1.0,"floorPosition":117.888275},{"type":3,"time":9216,"positionX":-3.935557,"holdTime":176.0,"speed":1.2,"floorPosition":117.98884},{"type":2,"time":9408,"positionX":0.0,"holdTime":0.0,"speed":1.0,"floorPosition":120.402245}],"notesBelow":[{"type":1,"time":3328,"positionX":-3.532795,"holdTime":0.0,"speed":1.0,"floorPosition":41.832405},{"type":1,"time":3392,"positionX":-0.02301598,"holdTime":0.0,"speed":1.0,"floorPosition":42.636875},{"type":1,"time":3456,"positionX":3.440737,"holdTime":0.0,"speed":1.0,"floorPosition":43.44134},{"type":2,"time":3520,"positionX":-0.01150703,"holdTime":0.0,"speed":1.0,"floorPosition":44.24581},{"type":2,"time":3536,"positionX":-1.254314,"holdTime":0.0,"speed":1.0,"floorPosition":44.44693},{"type":2,"time":3552,"positionX":-0.02301598,"holdTime":0.0,"speed":1.0,"floorPosition":44.64805},{"type":2,"time":3568,"positionX":-1.2313,"holdTime":0.0,"speed":1.0,"floorPosition":44.849163},{"type":1,"time":3584,"positionX":3.417721,"holdTime":0.0,"speed":1.0,"floorPosition":45.05028},{"type":1,"time":3648,"positionX":-0.4948215,"holdTime":0.0,"speed":1.0,"floorPosition":45.85475},{"type":1,"time":3712,"positionX":-4.142693,"holdTime":0.0,"speed":1.0,"floorPosition":46.65922},{"type":2,"time":3776,"positionX":2.945915,"holdTime":0.0,"speed":1.0,"floorPosition":47.463688},{"type":2,"time":3792,"positionX":2.105869,"holdTime":0.0,"speed":1.0,"floorPosition":47.664806},{"type":2,"time":3808,"positionX":1.288837,"holdTime":0.0,"speed":1.0,"floorPosition":47.865925},{"type":2,"time":3824,"positionX":0.6444187,"holdTime":0.0,"speed":1.0,"floorPosition":48.067043},{"type":1,"time":3840,"positionX":-3.52129,"holdTime":0.0,"speed":1.0,"floorPosition":48.268158},{"type":1,"time":3904,"positionX":0.1841202,"holdTime":0.0,"speed":1.0,"floorPosition":49.072628},{"type":1,"time":3968,"positionX":3.452244,"holdTime":0.0,"speed":1.0,"floorPosition":49.877098},{"type":2,"time":4016,"positionX":0.01150703,"holdTime":0.0,"speed":1.0,"floorPosition":50.48045},{"type":2,"time":4064,"positionX":-0.01150703,"holdTime":0.0,"speed":1.0,"floorPosition":51.0838},{"type":2,"time":4112,"positionX":0.0,"holdTime":0.0,"speed":1.0,"floorPosition":51.687153},{"type":2,"time":4160,"positionX":0.0,"holdTime":0.0,"speed":1.0,"floorPosition":52.290504},{"type":2,"time":4208,"positionX":0.0,"holdTime":0.0,"speed":1.0,"floorPosition":52.893856},{"type":2,"time":4256,"positionX":-0.01150703,"holdTime":0.0,"speed":1.0,"floorPosition":53.497208},{"type":2,"time":4304,"positionX":-0.02301598,"holdTime":0.0,"speed":1.0,"floorPosition":54.100563},{"type":1,"time":4352,"positionX":3.555811,"holdTime":0.0,"speed":1.0,"floorPosition":54.703915},{"type":1,"time":4416,"positionX":2.220943,"holdTime":0.0,"speed":1.0,"floorPosition":55.50838},{"type":1,"time":4480,"positionX":0.920599,"holdTime":0.0,"speed":1.0,"floorPosition":56.31285},{"type":2,"time":4544,"positionX":-3.647873,"holdTime":0.0,"speed":1.0,"floorPosition":57.11732},{"type":2,"time":4560,"positionX":-1.979286,"holdTime":0.0,"speed":1.0,"floorPosition":57.31844},{"type":2,"time":4576,"positionX":-2.842346,"holdTime":0.0,"speed":1.0,"floorPosition":57.519554},{"type":2,"time":4592,"positionX":-1.162256,"holdTime":0.0,"speed":1.0,"floorPosition":57.720673},{"type":1,"time":4608,"positionX":0.920599,"holdTime":0.0,"speed":1.0,"floorPosition":57.92179},{"type":1,"time":4672,"positionX":2.117376,"holdTime":0.0,"speed":1.0,"floorPosition":58.72626},{"type":1,"time":4736,"positionX":3.417721,"holdTime":0.0,"speed":1.0,"floorPosition":59.530727},{"type":1,"time":4768,"positionX":-3.52129,"holdTime":0.0,"speed":1.0,"floorPosition":59.932964},{"type":1,"time":4800,"positionX":3.394707,"holdTime":0.0,"speed":1.0,"floorPosition":60.335197},{"type":1,"time":4832,"positionX":-3.555809,"holdTime":0.0,"speed":1.0,"floorPosition":60.737434},{"type":1,"time":4864,"positionX":0.02301407,"holdTime":0.0,"speed":1.0,"floorPosition":61.139668},{"type":1,"time":4928,"positionX":3.314154,"holdTime":0.0,"speed":1.0,"floorPosition":61.944138},{"type":1,"time":4992,"positionX":0.0,"holdTime":0.0,"speed":1.0,"floorPosition":62.748608},{"type":2,"time":5008,"positionX":0.01150703,"holdTime":0.0,"speed":1.0,"floorPosition":62.949722},{"type":2,"time":5024,"positionX":0.0,"holdTime":0.0,"speed":1.0,"floorPosition":63.15084},{"type":2,"time":5040,"positionX":0.01150703,"holdTime":0.0,"speed":1.0,"floorPosition":63.35196},{"type":2,"time":5056,"positionX":0.01150703,"holdTime":0.0,"speed":1.0,"floorPosition":63.553074},{"type":2,"time":5088,"positionX":0.0,"holdTime":0.0,"speed":1.0,"floorPosition":63.95531},{"type":2,"time":5136,"positionX":-0.03452301,"holdTime":0.0,"speed":1.0,"floorPosition":64.55866},{"type":2,"time":5184,"positionX":-0.03452301,"holdTime":0.0,"speed":1.0,"floorPosition":65.16202},{"type":2,"time":5232,"positionX":-0.03452301,"holdTime":0.0,"speed":1.0,"floorPosition":65.765366},{"type":2,"time":5280,"positionX":-0.02301598,"holdTime":0.0,"speed":1.0,"floorPosition":66.36872}],"speedEvents":[{"startTime":0.0,"endTime":0.0,"value":1.0},{"startTime":0.0,"endTime":3264.0,"value":1.2},{"startTime":3264.0,"endTime":5376.0,"value":1.2},{"startTime":5376.0,"endTime":6400.0,"value":1.4},{"startTime":6400.0,"endTime":1000000000.0,"value":1.2}],"judgeLineMoveEvents":[{"startTime":-999999.0,"endTime":1280.0,"start":0.5,"end":0.5,"start2":0.5,"end2":0.5},{"startTime":1280.0,"endTime":1536.0,"start":0.5,"end":0.5,"start2":0.5,"end2":0.25},{"startTime":1536.0,"endTime":2048.0,"start":0.5,"end":0.5,"start2":0.25,"end2":0.25},{"startTime":2048.0,"endTime":2304.0,"start":0.5,"end":0.5,"start2":0.25,"end2":0.5},{"startTime":2304.0,"endTime":3328.0,"start":0.5,"end":0.5,"start2":0.5,"end2":0.5},{"startTime":3328.0,"endTime":3840.0,"start":0.5,"end":0.5,"start2":0.5,"end2":0.8},{"startTime":3840.0,"endTime":4352.0,"start":0.5,"end":0.5,"start2":0.8,"end2":0.8},{"startTime":4352.0,"endTime":4864.0,"start":0.5,"end":0.5,"start2":0.8,"end2":0.6},{"startTime":4864.0,"endTime":5312.0,"start":0.5,"end":0.5,"start2":0.6,"end2":0.6},{"startTime":5312.0,"endTime":5344.0,"start":0.5,"end":0.5,"start2":0.6,"end2":0.5},{"startTime":5344.0,"endTime":6272.0,"start":0.5,"end":0.5,"start2":0.5,"end2":0.5},{"startTime":6272.0,"endTime":6283.0,"start":0.5,"end":0.3,"start2":0.5,"end2":0.5},{"startTime":6283.0,"endTime":6293.0,"start":0.3,"end":0.6988636,"start2":0.5,"end2":0.5},{"startTime":6293.0,"endTime":6304.0,"start":0.6988636,"end":0.3,"start2":0.5,"end2":0.5},{"startTime":6304.0,"endTime":6315.0,"start":0.3,"end":0.6988636,"start2":0.5,"end2":0.5},{"startTime":6315.0,"endTime":6325.0,"start":0.6988636,"end":0.3,"start2":0.5,"end2":0.5},{"startTime":6325.0,"endTime":6336.0,"start":0.3,"end":0.6988636,"start2":0.5,"end2":0.5},{"startTime":6336.0,"endTime":6347.0,"start":0.6988636,"end":0.4,"start2":0.5,"end2":0.5},{"startTime":6347.0,"endTime":6357.0,"start":0.4,"end":0.6,"start2":0.5,"end2":0.5},{"startTime":6357.0,"endTime":6368.0,"start":0.6,"end":0.5,"start2":0.5,"end2":0.5},{"startTime":6368.0,"endTime":7424.0,"start":0.5,"end":0.5,"start2":0.5,"end2":0.5},{"startTime":7424.0,"endTime":7680.0,"start":0.5,"end":0.5,"start2":0.5,"end2":0.25},{"startTime":7680.0,"endTime":9408.0,"start":0.5,"end":0.5,"start2":0.25,"end2":0.25},{"startTime":9408.0,"endTime":1000000000.0,"start":0.5,"end":0.5,"start2":0.5,"end2":0.5}],"judgeLineRotateEvents":[{"startTime":-999999.0,"endTime":256.0,"start":0.0,"end":0.0},{"startTime":256.0,"endTime":512.0,"start":0.0,"end":10.0},{"startTime":512.0,"endTime":768.0,"start":10.0,"end":10.0},{"startTime":768.0,"endTime":1024.0,"start":10.0,"end":0.0},{"startTime":1024.0,"endTime":2304.0,"start":0.0,"end":0.0},{"startTime":2304.0,"endTime":2816.0,"start":0.0,"end":-10.0},{"startTime":2816.0,"endTime":3328.0,"start":-9.0,"end":0.0},{"startTime":3328.0,"endTime":4016.0,"start":0.0,"end":0.0},{"startTime":4016.0,"endTime":4032.0,"start":0.0,"end":10.0},{"startTime":4032.0,"endTime":4048.0,"start":10.0,"end":0.0},{"startTime":4048.0,"endTime":4064.0,"start":0.0,"end":0.0},{"startTime":4064.0,"endTime":4080.0,"start":0.0,"end":-10.0},{"startTime":4080.0,"endTime":4096.0,"start":-9.0,"end":0.0},{"startTime":4096.0,"endTime":4112.0,"start":0.0,"end":0.0},{"startTime":4112.0,"endTime":4128.0,"start":0.0,"end":10.0},{"startTime":4128.0,"endTime":4144.0,"start":10.0,"end":0.0},{"startTime":4144.0,"endTime":4160.0,"start":0.0,"end":0.0},{"startTime":4160.0,"endTime":4176.0,"start":0.0,"end":-10.0},{"startTime":4176.0,"endTime":4192.0,"start":-9.0,"end":0.0},{"startTime":4192.0,"endTime":4208.0,"start":0.0,"end":0.0},{"startTime":4208.0,"endTime":4224.0,"start":0.0,"end":10.0},{"startTime":4224.0,"endTime":4240.0,"start":10.0,"end":0.0},{"startTime":4240.0,"endTime":4256.0,"start":0.0,"end":0.0},{"startTime":4256.0,"endTime":4272.0,"start":0.0,"end":-10.0},{"startTime":4272.0,"endTime":4288.0,"start":-9.0,"end":0.0},{"startTime":4288.0,"endTime":4304.0,"start":0.0,"end":0.0},{"startTime":4304.0,"endTime":4320.0,"start":0.0,"end":10.0},{"startTime":4320.0,"endTime":4336.0,"start":10.0,"end":0.0},{"startTime":4336.0,"endTime":5040.0,"start":0.0,"end":0.0},{"startTime":5040.0,"endTime":5056.0,"start":0.0,"end":15.0},{"startTime":5056.0,"endTime":5072.0,"start":15.0,"end":0.0},{"startTime":5072.0,"endTime":5088.0,"start":0.0,"end":0.0},{"startTime":5088.0,"endTime":5104.0,"start":0.0,"end":-15.0},{"startTime":5104.0,"endTime":5120.0,"start":-14.0,"end":0.0},{"startTime":5120.0,"endTime":5136.0,"start":0.0,"end":0.0},{"startTime":5136.0,"endTime":5152.0,"start":0.0,"end":15.0},{"startTime":5152.0,"endTime":5168.0,"start":15.0,"end":0.0},{"startTime":5168.0,"endTime":5184.0,"start":0.0,"end":0.0},{"startTime":5184.0,"endTime":5200.0,"start":0.0,"end":-15.0},{"startTime":5200.0,"endTime":5216.0,"start":-14.0,"end":0.0},{"startTime":5216.0,"endTime":5232.0,"start":0.0,"end":0.0},{"startTime":5232.0,"endTime":5248.0,"start":0.0,"end":20.0},{"startTime":5248.0,"endTime":5264.0,"start":20.0,"end":0.0},{"startTime":5264.0,"endTime":5280.0,"start":0.0,"end":0.0},{"startTime":5280.0,"endTime":5296.0,"start":0.0,"end":-25.0},{"startTime":5296.0,"endTime":5312.0,"start":-24.0,"end":0.0},{"startTime":5312.0,"endTime":5344.0,"start":0.0,"end":-90.0},{"startTime":5344.0,"endTime":5824.0,"start":-89.0,"end":-90.0},{"startTime":5824.0,"endTime":5888.0,"start":-89.0,"end":90.0},{"startTime":5888.0,"endTime":6368.0,"start":90.0,"end":90.0},{"startTime":6368.0,"endTime":6400.0,"start":0.0,"end":0.0},{"startTime":6400.0,"endTime":6912.0,"start":0.0,"end":15.0},{"startTime":6912.0,"endTime":7392.0,"start":15.0,"end":0.0},{"startTime":7392.0,"endTime":7424.0,"start":0.0,"end":0.0},{"startTime":7424.0,"endTime":7432.0,"start":0.0,"end":17.678034},{"startTime":7432.0,"endTime":7440.0,"start":17.678034,"end":34.790154},{"startTime":7440.0,"endTime":7448.0,"start":34.790154,"end":51.345013},{"startTime":7448.0,"endTime":7456.0,"start":51.345013,"end":67.28425},{"startTime":7456.0,"endTime":7464.0,"start":67.28425,"end":82.68635},{"startTime":7464.0,"endTime":7472.0,"start":82.68635,"end":97.56003},{"startTime":7472.0,"endTime":7480.0,"start":97.56003,"end":111.85044},{"startTime":7480.0,"endTime":7488.0,"start":111.85044,"end":125.63257},{"startTime":7488.0,"endTime":7496.0,"start":125.63257,"end":138.91498},{"startTime":7496.0,"endTime":7504.0,"start":138.91498,"end":151.64667},{"startTime":7504.0,"endTime":7512.0,"start":151.64667,"end":163.89876},{"startTime":7512.0,"endTime":7520.0,"start":163.89876,"end":175.68},{"startTime":7520.0,"endTime":7528.0,"start":175.68,"end":186.94284},{"startTime":7528.0,"endTime":7536.0,"start":186.94284,"end":197.75497},{"startTime":7536.0,"endTime":7544.0,"start":197.75497,"end":208.125},{"startTime":7544.0,"endTime":7552.0,"start":208.125,"end":218.00905},{"startTime":7552.0,"endTime":7560.0,"start":218.00905,"end":227.47115},{"startTime":7560.0,"endTime":7568.0,"start":227.47115,"end":236.52},{"startTime":7568.0,"endTime":7576.0,"start":236.52,"end":245.11523},{"startTime":7576.0,"endTime":7584.0,"start":245.11523,"end":253.31737},{"startTime":7584.0,"endTime":7592.0,"start":253.31737,"end":261.135},{"startTime":7592.0,"endTime":7600.0,"start":261.135,"end":268.53146},{"startTime":7600.0,"endTime":7608.0,"start":268.53146,"end":275.56354},{"startTime":7608.0,"endTime":7616.0,"start":275.56354,"end":282.24},{"startTime":7616.0,"endTime":7624.0,"start":282.24,"end":288.52762},{"startTime":7624.0,"endTime":7632.0,"start":288.52762,"end":294.47974},{"startTime":7632.0,"endTime":7640.0,"start":294.47974,"end":300.10498},{"startTime":7640.0,"endTime":7648.0,"start":300.10498,"end":305.37384},{"startTime":7648.0,"endTime":7656.0,"start":305.37384,"end":310.33597},{"startTime":7656.0,"endTime":7664.0,"start":310.33597,"end":315.0},{"startTime":7664.0,"endTime":7672.0,"start":315.0,"end":319.34003},{"startTime":7672.0,"endTime":7680.0,"start":319.34003,"end":323.40216},{"startTime":7680.0,"endTime":7688.0,"start":323.40216,"end":327.195},{"startTime":7688.0,"endTime":7696.0,"start":327.195,"end":330.69626},{"startTime":7696.0,"endTime":7704.0,"start":330.69626,"end":333.94836},{"startTime":7704.0,"endTime":7712.0,"start":333.94836,"end":336.96},{"startTime":7712.0,"endTime":7720.0,"start":336.96,"end":339.71243},{"startTime":7720.0,"endTime":7728.0,"start":339.71243,"end":342.24457},{"startTime":7728.0,"endTime":7736.0,"start":342.24457,"end":344.565},{"startTime":7736.0,"endTime":7744.0,"start":344.565,"end":346.65866},{"startTime":7744.0,"endTime":7752.0,"start":346.65866,"end":348.56076},{"startTime":7752.0,"endTime":7760.0,"start":348.56076,"end":350.28},{"startTime":7760.0,"endTime":7768.0,"start":350.28,"end":351.80484},{"startTime":7768.0,"endTime":7776.0,"start":351.80484,"end":353.16696},{"startTime":7776.0,"endTime":7784.0,"start":353.16696,"end":354.375},{"startTime":7784.0,"endTime":7792.0,"start":354.375,"end":355.42105},{"startTime":7792.0,"endTime":7800.0,"start":355.42105,"end":356.33316},{"startTime":7800.0,"endTime":7808.0,"start":356.33316,"end":357.12},{"startTime":7808.0,"endTime":7816.0,"start":357.12,"end":357.77725},{"startTime":7816.0,"endTime":7824.0,"start":357.77725,"end":358.32938},{"startTime":7824.0,"endTime":7832.0,"start":358.32938,"end":358.785},{"startTime":7832.0,"endTime":7840.0,"start":358.785,"end":359.14343},{"startTime":7840.0,"endTime":7848.0,"start":359.14343,"end":359.42557},{"startTime":7848.0,"endTime":7856.0,"start":359.42557,"end":359.64},{"startTime":7856.0,"endTime":7864.0,"start":359.64,"end":359.78964},{"startTime":7864.0,"endTime":7872.0,"start":359.78964,"end":359.89175},{"startTime":7872.0,"endTime":7880.0,"start":359.89175,"end":359.95502},{"startTime":7880.0,"endTime":7888.0,"start":359.95502,"end":359.98584},{"startTime":7888.0,"endTime":7896.0,"start":359.98584,"end":359.99796},{"startTime":7896.0,"endTime":7904.0,"start":359.99796,"end":360.0},{"startTime":7904.0,"endTime":1000000000.0,"start":0.0,"end":0.0}],"judgeLineDisappearEvents":[{"startTime":-999999.0,"endTime":8.0,"start":1.0,"end":1.0},{"startTime":8.0,"endTime":16.0,"start":0.0,"end":0.0},{"startTime":16.0,"endTime":24.0,"start":1.0,"end":1.0},{"startTime":24.0,"endTime":32.0,"start":0.0,"end":0.0},{"startTime":32.0,"endTime":40.0,"start":1.0,"end":1.0},{"startTime":40.0,"endTime":48.0,"start":0.0,"end":0.0},{"startTime":48.0,"endTime":56.0,"start":1.0,"end":1.0},{"startTime":56.0,"endTime":64.0,"start":0.0,"end":0.0},{"startTime":64.0,"endTime":80.0,"start":1.0,"end":1.0},{"startTime":80.0,"endTime":96.0,"start":0.0,"end":0.0},{"startTime":96.0,"endTime":112.0,"start":1.0,"end":1.0},{"startTime":112.0,"endTime":128.0,"start":0.0,"end":0.0},{"startTime":128.0,"endTime":160.0,"start":1.0,"end":1.0},{"startTime":160.0,"endTime":192.0,"start":0.0,"end":0.0},{"startTime":192.0,"endTime":440.0,"start":1.0,"end":1.0},{"startTime":440.0,"endTime":448.0,"start":0.0,"end":0.0},{"startTime":448.0,"endTime":456.0,"start":1.0,"end":1.0},{"startTime":456.0,"endTime":464.0,"start":0.0,"end":0.0},{"startTime":464.0,"endTime":472.0,"start":1.0,"end":1.0},{"startTime":472.0,"endTime":480.0,"start":0.0,"end":0.0},{"startTime":480.0,"endTime":488.0,"start":1.0,"end":1.0},{"startTime":488.0,"endTime":496.0,"start":0.0,"end":0.0},{"startTime":496.0,"endTime":504.0,"start":1.0,"end":1.0},{"startTime":504.0,"endTime":512.0,"start":0.0,"end":0.0},{"startTime":512.0,"endTime":696.0,"start":1.0,"end":1.0},{"startTime":696.0,"endTime":704.0,"start":0.0,"end":0.0},{"startTime":704.0,"endTime":712.0,"start":1.0,"end":1.0},{"startTime":712.0,"endTime":720.0,"start":0.0,"end":0.0},{"startTime":720.0,"endTime":728.0,"start":1.0,"end":1.0},{"startTime":728.0,"endTime":736.0,"start":0.0,"end":0.0},{"startTime":736.0,"endTime":744.0,"start":1.0,"end":1.0},{"startTime":744.0,"endTime":752.0,"start":0.0,"end":0.0},{"startTime":752.0,"endTime":760.0,"start":1.0,"end":1.0},{"startTime":760.0,"endTime":768.0,"start":0.0,"end":0.0},{"startTime":768.0,"endTime":944.0,"start":1.0,"end":1.0},{"startTime":944.0,"endTime":952.0,"start":0.0,"end":0.0},{"startTime":952.0,"endTime":960.0,"start":1.0,"end":1.0},{"startTime":960.0,"endTime":968.0,"start":0.0,"end":0.0},{"startTime":968.0,"endTime":976.0,"start":1.0,"end":1.0},{"startTime":976.0,"endTime":984.0,"start":0.0,"end":0.0},{"startTime":984.0,"endTime":992.0,"start":1.0,"end":1.0},{"startTime":992.0,"endTime":1000.0,"start":0.0,"end":0.0},{"startTime":1000.0,"endTime":1008.0,"start":1.0,"end":1.0},{"startTime":1008.0,"endTime":1016.0,"start":0.0,"end":0.0},{"startTime":1016.0,"endTime":1200.0,"start":1.0,"end":1.0},{"startTime":1200.0,"endTime":1208.0,"start":0.0,"end":0.0},{"startTime":1208.0,"endTime":1216.0,"start":1.0,"end":1.0},{"startTime":1216.0,"endTime":1224.0,"start":0.0,"end":0.0},{"startTime":1224.0,"endTime":1232.0,"start":1.0,"end":1.0},{"startTime":1232.0,"endTime":1240.0,"start":0.0,"end":0.0},{"startTime":1240.0,"endTime":1248.0,"start":1.0,"end":1.0},{"startTime":1248.0,"endTime":1256.0,"start":0.0,"end":0.0},{"startTime":1256.0,"endTime":1264.0,"start":1.0,"end":1.0},{"startTime":1264.0,"endTime":1272.0,"start":0.0,"end":0.0},{"startTime":1272.0,"endTime":5419.0,"start":1.0,"end":1.0},{"startTime":5419.0,"endTime":5440.0,"start":0.0,"end":0.0},{"startTime":5440.0,"endTime":5483.0,"start":1.0,"end":1.0},{"startTime":5483.0,"endTime":5504.0,"start":0.0,"end":0.0},{"startTime":5504.0,"endTime":5547.0,"start":1.0,"end":1.0},{"startTime":5547.0,"endTime":5568.0,"start":0.0,"end":0.0},{"startTime":5568.0,"endTime":6600.0,"start":1.0,"end":1.0},{"startTime":6600.0,"endTime":6608.0,"start":0.0,"end":0.0},{"startTime":6608.0,"endTime":6616.0,"start":1.0,"end":1.0},{"startTime":6616.0,"endTime":6624.0,"start":0.0,"end":0.0},{"startTime":6624.0,"endTime":6632.0,"start":1.0,"end":1.0},{"startTime":6632.0,"endTime":6640.0,"start":0.0,"end":0.0},{"startTime":6640.0,"endTime":6648.0,"start":1.0,"end":1.0},{"startTime":6648.0,"endTime":6656.0,"start":0.0,"end":0.0},{"startTime":6656.0,"endTime":7112.0,"start":1.0,"end":1.0},{"startTime":7112.0,"endTime":7120.0,"start":0.0,"end":0.0},{"startTime":7120.0,"endTime":7128.0,"start":1.0,"end":1.0},{"startTime":7128.0,"endTime":7136.0,"start":0.0,"end":0.0},{"startTime":7136.0,"endTime":7144.0,"start":1.0,"end":1.0},{"startTime":7144.0,"endTime":7152.0,"start":0.0,"end":0.0},{"startTime":7152.0,"endTime":7160.0,"start":1.0,"end":1.0},{"startTime":7160.0,"endTime":7168.0,"start":0.0,"end":0.0},{"startTime":7168.0,"endTime":7392.0,"start":1.0,"end":1.0},{"startTime":7392.0,"endTime":7396.0,"start":0.0,"end":0.0},{"startTime":7396.0,"endTime":7400.0,"start":1.0,"end":1.0},{"startTime":7400.0,"endTime":7404.0,"start":0.0,"end":0.0},{"startTime":7404.0,"endTime":7408.0,"start":1.0,"end":1.0},{"startTime":7408.0,"endTime":7412.0,"start":0.0,"end":0.0},{"startTime":7412.0,"endTime":7416.0,"start":1.0,"end":1.0},{"startTime":7416.0,"endTime":7420.0,"start":0.0,"end":0.0},{"startTime":7420.0,"endTime":8132.0,"start":1.0,"end":1.0},{"startTime":8132.0,"endTime":8136.0,"start":0.0,"end":0.0},{"startTime":8136.0,"endTime":8140.0,"start":1.0,"end":1.0},{"startTime":8140.0,"endTime":8144.0,"start":0.0,"end":0.0},{"startTime":8144.0,"endTime":8148.0,"start":1.0,"end":1.0},{"startTime":8148.0,"endTime":8152.0,"start":0.0,"end":0.0},{"startTime":8152.0,"endTime":8156.0,"start":1.0,"end":1.0},{"startTime":8156.0,"endTime":8160.0,"start":0.0,"end":0.0},{"startTime":8160.0,"endTime":8164.0,"start":1.0,"end":1.0},{"startTime":8164.0,"endTime":8168.0,"start":0.0,"end":0.0},{"startTime":8168.0,"endTime":8172.0,"start":1.0,"end":1.0},{"startTime":8172.0,"endTime":8176.0,"start":0.0,"end":0.0},{"startTime":8176.0,"endTime":8180.0,"start":1.0,"end":1.0},{"startTime":8180.0,"endTime":8184.0,"start":0.0,"end":0.0},{"startTime":8184.0,"endTime":8188.0,"start":1.0,"end":1.0},{"startTime":8188.0,"endTime":8192.0,"start":0.0,"end":0.0},{"startTime":8192.0,"endTime":8384.0,"start":1.0,"end":1.0},{"startTime":8384.0,"endTime":8388.0,"start":0.0,"end":0.0},{"startTime":8388.0,"endTime":8392.0,"start":1.0,"end":1.0},{"startTime":8392.0,"endTime":8396.0,"start":0.0,"end":0.0},{"startTime":8396.0,"endTime":8400.0,"start":1.0,"end":1.0},{"startTime":8400.0,"endTime":8404.0,"start":0.0,"end":0.0},{"startTime":8404.0,"endTime":8408.0,"start":1.0,"end":1.0},{"startTime":8408.0,"endTime":8412.0,"start":0.0,"end":0.0},{"startTime":8412.0,"endTime":8416.0,"start":1.0,"end":1.0},{"startTime":8416.0,"endTime":8420.0,"start":0.0,"end":0.0},{"startTime":8420.0,"endTime":8424.0,"start":1.0,"end":1.0},{"startTime":8424.0,"endTime":8428.0,"start":0.0,"end":0.0},{"startTime":8428.0,"endTime":8432.0,"start":1.0,"end":1.0},{"startTime":8432.0,"endTime":8436.0,"start":0.0,"end":0.0},{"startTime":8436.0,"endTime":8440.0,"start":1.0,"end":1.0},{"startTime":8440.0,"endTime":8444.0,"start":0.0,"end":0.0},{"startTime":8444.0,"endTime":8644.0,"start":1.0,"end":1.0},{"startTime":8644.0,"endTime":8648.0,"start":0.0,"end":0.0},{"startTime":8648.0,"endTime":8652.0,"start":1.0,"end":1.0},{"startTime":8652.0,"endTime":8656.0,"start":0.0,"end":0.0},{"startTime":8656.0,"endTime":8660.0,"start":1.0,"end":1.0},{"startTime":8660.0,"endTime":8664.0,"start":0.0,"end":0.0},{"startTime":8664.0,"endTime":8668.0,"start":1.0,"end":1.0},{"startTime":8668.0,"endTime":8672.0,"start":0.0,"end":0.0},{"startTime":8672.0,"endTime":8676.0,"start":1.0,"end":1.0},{"startTime":8676.0,"endTime":8680.0,"start":0.0,"end":0.0},{"startTime":8680.0,"endTime":8684.0,"start":1.0,"end":1.0},{"startTime":8684.0,"endTime":8688.0,"start":0.0,"end":0.0},{"startTime":8688.0,"endTime":8692.0,"start":1.0,"end":1.0},{"startTime":8692.0,"endTime":8696.0,"start":0.0,"end":0.0},{"startTime":8696.0,"endTime":8700.0,"start":1.0,"end":1.0},{"startTime":8700.0,"endTime":8704.0,"start":0.0,"end":0.0},{"startTime":8704.0,"endTime":8900.0,"start":1.0,"end":1.0},{"startTime":8900.0,"endTime":8904.0,"start":0.0,"end":0.0},{"startTime":8904.0,"endTime":8908.0,"start":1.0,"end":1.0},{"startTime":8908.0,"endTime":8912.0,"start":0.0,"end":0.0},{"startTime":8912.0,"endTime":8916.0,"start":1.0,"end":1.0},{"startTime":8916.0,"endTime":8920.0,"start":0.0,"end":0.0},{"startTime":8920.0,"endTime":8924.0,"start":1.0,"end":1.0},{"startTime":8924.0,"endTime":8928.0,"start":0.0,"end":0.0},{"startTime":8928.0,"endTime":8932.0,"start":1.0,"end":1.0},{"startTime":8932.0,"endTime":8936.0,"start":0.0,"end":0.0},{"startTime":8936.0,"endTime":8940.0,"start":1.0,"end":1.0},{"startTime":8940.0,"endTime":8944.0,"start":0.0,"end":0.0},{"startTime":8944.0,"endTime":8948.0,"start":1.0,"end":1.0},{"startTime":8948.0,"endTime":8952.0,"start":0.0,"end":0.0},{"startTime":8952.0,"endTime":8956.0,"start":1.0,"end":1.0},{"startTime":8956.0,"endTime":8960.0,"start":0.0,"end":0.0},{"startTime":8960.0,"endTime":1000000000.0,"start":1.0,"end":1.0}]},{"bpm":179.0,"notesAbove":[],"notesBelow":[],"speedEvents":[{"startTime":0.0,"endTime":1000000000.0,"value":1.2}],"judgeLineMoveEvents":[{"startTime":-999999.0,"endTime":0.0,"start":0.5,"end":0.5,"start2":-0.02,"end2":-0.02},{"startTime":0.0,"endTime":256.0,"start":0.5,"end":0.5,"start2":-0.02,"end2":0.5},{"startTime":256.0,"endTime":9136.0,"start":0.5,"end":0.5,"start2":0.5,"end2":0.5},{"startTime":9136.0,"endTime":9216.0,"start":0.5,"end":0.5,"start2":0.75,"end2":0.75},{"startTime":9216.0,"endTime":30000.0,"start":0.5,"end":0.5,"start2":0.5,"end2":0.5},{"startTime":30000.0,"endTime":30001.0,"start":0.0,"end":0.0,"start2":0.0,"end2":0.0},{"startTime":30001.0,"endTime":1000000000.0,"start":0.5,"end":0.5,"start2":0.5,"end2":0.5}],"judgeLineRotateEvents":[{"startTime":-999999.0,"endTime":9408.0,"start":0.0,"end":0.0},{"startTime":9408.0,"endTime":12608.0,"start":90.0,"end":90.0},{"startTime":12608.0,"endTime":1000000000.0,"start":0.0,"end":0.0}],"judgeLineDisappearEvents":[{"startTime":-999999.0,"endTime":256.0,"start":1.0,"end":1.0},{"startTime":256.0,"endTime":9136.0,"start":0.0,"end":0.0},{"startTime":9136.0,"endTime":9140.0,"start":1.0,"end":1.0},{"startTime":9140.0,"endTime":9144.0,"start":0.0,"end":0.0},{"startTime":9144.0,"endTime":9148.0,"start":1.0,"end":1.0},{"startTime":9148.0,"endTime":9152.0,"start":0.0,"end":0.0},{"startTime":9152.0,"endTime":9156.0,"start":1.0,"end":1.0},{"startTime":9156.0,"endTime":9160.0,"start":0.0,"end":0.0},{"startTime":9160.0,"endTime":9164.0,"start":1.0,"end":1.0},{"startTime":9164.0,"endTime":9168.0,"start":0.0,"end":0.0},{"startTime":9168.0,"endTime":9172.0,"start":1.0,"end":1.0},{"startTime":9172.0,"endTime":9176.0,"start":0.0,"end":0.0},{"startTime":9176.0,"endTime":9180.0,"start":1.0,"end":1.0},{"startTime":9180.0,"endTime":9184.0,"start":0.0,"end":0.0},{"startTime":9184.0,"endTime":9188.0,"start":1.0,"end":1.0},{"startTime":9188.0,"endTime":9192.0,"start":0.0,"end":0.0},{"startTime":9192.0,"endTime":9196.0,"start":1.0,"end":1.0},{"startTime":9196.0,"endTime":9200.0,"start":0.0,"end":0.0},{"startTime":9200.0,"endTime":9204.0,"start":1.0,"end":1.0},{"startTime":9204.0,"endTime":9208.0,"start":0.0,"end":0.0},{"startTime":9208.0,"endTime":9212.0,"start":1.0,"end":1.0},{"startTime":9212.0,"endTime":9408.0,"start":0.0,"end":0.0},{"startTime":9408.0,"endTime":9536.0,"start":1.0,"end":0.0},{"startTime":9536.0,"endTime":12736.0,"start":0.0,"end":0.0},{"startTime":12736.0,"endTime":30000.0,"start":1.0,"end":1.0},{"startTime":30000.0,"endTime":30001.0,"start":0.0,"end":0.0},{"startTime":30001.0,"endTime":1000000000.0,"start":1.0,"end":1.0}]}]}