{"formatVersion":3,"offset":0.0,"judgeLineList":[{"bpm":145.0,"notesAbove":[{"type":2,"time":128,"positionX":-1.073943,"holdTime":0.0,"speed":0.8,"floorPosition":2.6482759},{"type":2,"time":144,"positionX":-1.528489,"holdTime":0.0,"speed":0.8,"floorPosition":2.9793103},{"type":2,"time":160,"positionX":-2.205105,"holdTime":0.0,"speed":0.8,"floorPosition":3.310345},{"type":1,"time":192,"positionX":1.514084,"holdTime":0.0,"speed":1.0,"floorPosition":3.9724138},{"type":1,"time":224,"positionX":-1.478873,"holdTime":0.0,"speed":1.0,"floorPosition":4.634483},{"type":1,"time":240,"positionX":3.292253,"holdTime":0.0,"speed":1.0,"floorPosition":4.9655175},{"type":1,"time":256,"positionX":-4.87676,"holdTime":0.0,"speed":1.0,"floorPosition":5.2965517},{"type":1,"time":272,"positionX":5.035211,"holdTime":0.0,"speed":1.0,"floorPosition":5.6275864},{"type":1,"time":288,"positionX":-2.482395,"holdTime":0.0,"speed":1.0,"floorPosition":5.9586205},{"type":1,"time":304,"positionX":1.848592,"holdTime":0.0,"speed":1.0,"floorPosition":6.289655},{"type":1,"time":320,"positionX":-4.366198,"holdTime":0.0,"speed":1.0,"floorPosition":6.62069},{"type":1,"time":336,"positionX":4.031691,"holdTime":0.0,"speed":1.0,"floorPosition":6.951724},{"type":1,"time":352,"positionX":-5.052816,"holdTime":0.0,"speed":1.0,"floorPosition":7.2827587},{"type":1,"time":368,"positionX":0.9683094,"holdTime":0.0,"speed":1.0,"floorPosition":7.6137934},{"type":3,"time":384,"positionX":-3.06338,"holdTime":32.0,"speed":1.6,"floorPosition":7.9448276},{"type":1,"time":432,"positionX":-0.5281687,"holdTime":0.0,"speed":1.0,"floorPosition":8.937931},{"type":1,"time":440,"positionX":3.433098,"holdTime":0.0,"speed":1.0,"floorPosition":9.103449},{"type":2,"time":448,"positionX":-2.5,"holdTime":0.0,"speed":1.0,"floorPosition":9.268966},{"type":2,"time":456,"positionX":-2.25,"holdTime":0.0,"speed":1.0,"floorPosition":9.434483},{"type":2,"time":464,"positionX":-1.841046,"holdTime":0.0,"speed":1.0,"floorPosition":9.6},{"type":2,"time":472,"positionX":-1.408451,"holdTime":0.0,"speed":1.0,"floorPosition":9.765517},{"type":2,"time":480,"positionX":-1.202465,"holdTime":0.0,"speed":1.0,"floorPosition":9.931035},{"type":2,"time":488,"positionX":-1.052817,"holdTime":0.0,"speed":1.0,"floorPosition":10.096552},{"type":2,"time":496,"positionX":-0.915493,"holdTime":0.0,"speed":1.0,"floorPosition":10.262069},{"type":2,"time":504,"positionX":-0.7570419,"holdTime":0.0,"speed":1.0,"floorPosition":10.427587},{"type":1,"time":512,"positionX":3.204226,"holdTime":0.0,"speed":1.0,"floorPosition":10.593103},{"type":1,"time":528,"positionX":-4.084507,"holdTime":0.0,"speed":1.0,"floorPosition":10.924138},{"type":1,"time":544,"positionX":2.165493,"holdTime":0.0,"speed":1.0,"floorPosition":11.255173},{"type":1,"time":560,"positionX":-1.619719,"holdTime":0.0,"speed":1.0,"floorPosition":11.586207},{"type":1,"time":576,"positionX":2.165493,"holdTime":0.0,"speed":1.0,"floorPosition":11.917241},{"type":1,"time":592,"positionX":-5.193663,"holdTime":0.0,"speed":1.0,"floorPosition":12.248276},{"type":1,"time":608,"positionX":4.119718,"holdTime":0.0,"speed":1.0,"floorPosition":12.57931},{"type":1,"time":624,"positionX":-3.239437,"holdTime":0.0,"speed":1.0,"floorPosition":12.910345},{"type":3,"time":640,"positionX":1.478873,"holdTime":32.0,"speed":1.6,"floorPosition":13.24138},{"type":1,"time":688,"positionX":-1.795774,"holdTime":0.0,"speed":1.0,"floorPosition":14.234483},{"type":1,"time":696,"positionX":2.253522,"holdTime":0.0,"speed":1.0,"floorPosition":14.400001},{"type":2,"time":704,"positionX":-1.144366,"holdTime":0.0,"speed":1.0,"floorPosition":14.565517},{"type":2,"time":712,"positionX":-1.355634,"holdTime":0.0,"speed":1.0,"floorPosition":14.731034},{"type":2,"time":720,"positionX":-1.461267,"holdTime":0.0,"speed":1.0,"floorPosition":14.896552},{"type":2,"time":728,"positionX":-1.651409,"holdTime":0.0,"speed":1.0,"floorPosition":15.062069},{"type":2,"time":736,"positionX":-1.907277,"holdTime":0.0,"speed":1.0,"floorPosition":15.227587},{"type":2,"time":744,"positionX":-2.263581,"holdTime":0.0,"speed":1.0,"floorPosition":15.393104},{"type":2,"time":752,"positionX":-2.852113,"holdTime":0.0,"speed":1.0,"floorPosition":15.55862},{"type":2,"time":760,"positionX":-3.961267,"holdTime":0.0,"speed":1.0,"floorPosition":15.724138},{"type":1,"time":768,"positionX":2.834507,"holdTime":0.0,"speed":1.0,"floorPosition":15.889655},{"type":1,"time":784,"positionX":-2.059859,"holdTime":0.0,"speed":1.0,"floorPosition":16.22069},{"type":1,"time":800,"positionX":3.855634,"holdTime":0.0,"speed":1.0,"floorPosition":16.551723},{"type":1,"time":816,"positionX":-4.43662,"holdTime":0.0,"speed":1.0,"floorPosition":16.88276},{"type":1,"time":832,"positionX":3.679577,"holdTime":0.0,"speed":1.0,"floorPosition":17.213793},{"type":1,"time":848,"positionX":-2.940141,"holdTime":0.0,"speed":1.0,"floorPosition":17.544828},{"type":1,"time":864,"positionX":1.936619,"holdTime":0.0,"speed":1.0,"floorPosition":17.875862},{"type":1,"time":880,"positionX":-4.242958,"holdTime":0.0,"speed":1.0,"floorPosition":18.206898},{"type":3,"time":896,"positionX":3.433098,"holdTime":16.0,"speed":1.6,"floorPosition":18.537931},{"type":2,"time":912,"positionX":-1.707747,"holdTime":0.0,"speed":1.0,"floorPosition":18.868965},{"type":2,"time":920,"positionX":-0.9507046,"holdTime":0.0,"speed":1.0,"floorPosition":19.034483},{"type":2,"time":928,"positionX":-0.2992954,"holdTime":0.0,"speed":1.0,"floorPosition":19.2},{"type":2,"time":936,"positionX":-0.6161966,"holdTime":0.0,"speed":1.0,"floorPosition":19.365517},{"type":2,"time":944,"positionX":-1.443662,"holdTime":0.0,"speed":1.0,"floorPosition":19.531034},{"type":2,"time":952,"positionX":-2.605634,"holdTime":0.0,"speed":1.0,"floorPosition":19.696552},{"type":3,"time":960,"positionX":2.077465,"holdTime":16.0,"speed":1.6,"floorPosition":19.86207},{"type":2,"time":960,"positionX":-3.327465,"holdTime":0.0,"speed":1.0,"floorPosition":19.86207},{"type":2,"time":976,"positionX":1.883802,"holdTime":0.0,"speed":1.0,"floorPosition":20.193104},{"type":2,"time":984,"positionX":2.288733,"holdTime":0.0,"speed":1.0,"floorPosition":20.358622},{"type":2,"time":992,"positionX":2.940141,"holdTime":0.0,"speed":1.0,"floorPosition":20.524137},{"type":2,"time":1000,"positionX":3.996478,"holdTime":0.0,"speed":1.0,"floorPosition":20.689655},{"type":2,"time":1008,"positionX":4.582746,"holdTime":0.0,"speed":1.0,"floorPosition":20.855173},{"type":2,"time":1016,"positionX":5.246478,"holdTime":0.0,"speed":1.0,"floorPosition":21.02069},{"type":3,"time":1024,"positionX":-0.8450708,"holdTime":88.0,"speed":1.6,"floorPosition":21.186207},{"type":2,"time":1024,"positionX":5.633802,"holdTime":0.0,"speed":1.0,"floorPosition":21.186207},{"type":1,"time":1120,"positionX":2.235916,"holdTime":0.0,"speed":1.0,"floorPosition":23.172415},{"type":1,"time":1152,"positionX":-1.81338,"holdTime":0.0,"speed":1.0,"floorPosition":23.917242},{"type":1,"time":1168,"positionX":2.640844,"holdTime":0.0,"speed":1.0,"floorPosition":24.289656},{"type":1,"time":1184,"positionX":-3.239437,"holdTime":0.0,"speed":1.0,"floorPosition":24.66207},{"type":1,"time":1216,"positionX":2.816902,"holdTime":0.0,"speed":1.0,"floorPosition":25.406897},{"type":1,"time":1248,"positionX":-2.5,"holdTime":0.0,"speed":1.0,"floorPosition":26.151726},{"type":1,"time":1264,"positionX":4.260564,"holdTime":0.0,"speed":1.0,"floorPosition":26.52414},{"type":1,"time":1280,"positionX":-2.112676,"holdTime":0.0,"speed":1.0,"floorPosition":26.896553},{"type":1,"time":1296,"positionX":1.602114,"holdTime":0.0,"speed":1.0,"floorPosition":27.268967},{"type":1,"time":1312,"positionX":-2.799295,"holdTime":0.0,"speed":1.0,"floorPosition":27.64138},{"type":1,"time":1328,"positionX":2.62324,"holdTime":0.0,"speed":1.0,"floorPosition":28.013794},{"type":1,"time":1344,"positionX":-5.686619,"holdTime":0.0,"speed":1.0,"floorPosition":28.386208},{"type":1,"time":1376,"positionX":2.095071,"holdTime":0.0,"speed":1.0,"floorPosition":29.131035},{"type":3,"time":1408,"positionX":-2.112676,"holdTime":32.0,"speed":1.6,"floorPosition":29.875862},{"type":1,"time":1456,"positionX":1.496478,"holdTime":0.0,"speed":1.0,"floorPosition":30.868965},{"type":1,"time":1464,"positionX":-3.397887,"holdTime":0.0,"speed":1.0,"floorPosition":31.034483},{"type":2,"time":1472,"positionX":1.109156,"holdTime":0.0,"speed":1.0,"floorPosition":31.2},{"type":2,"time":1480,"positionX":1.778169,"holdTime":0.0,"speed":1.0,"floorPosition":31.365517},{"type":2,"time":1488,"positionX":2.271127,"holdTime":0.0,"speed":1.0,"floorPosition":31.531034},{"type":2,"time":1496,"positionX":2.144367,"holdTime":0.0,"speed":1.0,"floorPosition":31.696552},{"type":2,"time":1504,"positionX":1.754695,"holdTime":0.0,"speed":1.0,"floorPosition":31.862068},{"type":2,"time":1512,"positionX":1.253913,"holdTime":0.0,"speed":1.0,"floorPosition":32.027588},{"type":2,"time":1520,"positionX":0.334507,"holdTime":0.0,"speed":1.0,"floorPosition":32.193104},{"type":2,"time":1528,"positionX":-0.8538738,"holdTime":0.0,"speed":1.0,"floorPosition":32.35862},{"type":2,"time":1536,"positionX":-2.3333333,"holdTime":0.0,"speed":1.0,"floorPosition":32.52414},{"type":1,"time":1568,"positionX":0.1232386,"holdTime":0.0,"speed":1.0,"floorPosition":33.186207},{"type":1,"time":1600,"positionX":-2.676057,"holdTime":0.0,"speed":1.0,"floorPosition":33.848274},{"type":1,"time":1632,"positionX":2.183098,"holdTime":0.0,"speed":1.0,"floorPosition":34.510345},{"type":3,"time":1664,"positionX":-0.6514082,"holdTime":32.0,"speed":1.5,"floorPosition":35.172413},{"type":1,"time":1712,"positionX":2.799295,"holdTime":0.0,"speed":1.0,"floorPosition":36.103447},{"type":1,"time":1728,"positionX":-1.320422,"holdTime":0.0,"speed":1.0,"floorPosition":36.41379},{"type":1,"time":1744,"positionX":2.447183,"holdTime":0.0,"speed":1.0,"floorPosition":36.724136},{"type":1,"time":1760,"positionX":-2.218309,"holdTime":0.0,"speed":1.0,"floorPosition":37.03448},{"type":1,"time":1776,"positionX":4.049295,"holdTime":0.0,"speed":1.0,"floorPosition":37.344826},{"type":1,"time":1792,"positionX":-3.309859,"holdTime":0.0,"speed":1.0,"floorPosition":37.65517},{"type":1,"time":1808,"positionX":1.848592,"holdTime":0.0,"speed":1.0,"floorPosition":37.965515},{"type":1,"time":1824,"positionX":-0.8450708,"holdTime":0.0,"speed":1.0,"floorPosition":38.27586},{"type":1,"time":1840,"positionX":1.478873,"holdTime":0.0,"speed":1.0,"floorPosition":38.586205},{"type":1,"time":1856,"positionX":-3.010563,"holdTime":0.0,"speed":1.0,"floorPosition":38.89655},{"type":1,"time":1872,"positionX":3.186619,"holdTime":0.0,"speed":1.0,"floorPosition":39.206894},{"type":1,"time":1888,"positionX":-4.59507,"holdTime":0.0,"speed":1.0,"floorPosition":39.51724},{"type":1,"time":1904,"positionX":0.5633812,"holdTime":0.0,"speed":1.0,"floorPosition":39.827587},{"type":1,"time":1920,"positionX":-2.306337,"holdTime":0.0,"speed":1.0,"floorPosition":40.13793},{"type":1,"time":1952,"positionX":2.288733,"holdTime":0.0,"speed":1.0,"floorPosition":40.75862},{"type":1,"time":1968,"positionX":2.235916,"holdTime":0.0,"speed":1.0,"floorPosition":41.068966},{"type":1,"time":1984,"positionX":2.271127,"holdTime":0.0,"speed":1.0,"floorPosition":41.37931},{"type":1,"time":2016,"positionX":-3.0,"holdTime":0.0,"speed":1.0,"floorPosition":42.0},{"type":1,"time":2032,"positionX":-3.0,"holdTime":0.0,"speed":1.0,"floorPosition":42.310345},{"type":3,"time":2048,"positionX":-3.0,"holdTime":32.0,"speed":1.5,"floorPosition":42.62069},{"type":1,"time":2176,"positionX":-3.661972,"holdTime":0.0,"speed":1.0,"floorPosition":45.103447},{"type":1,"time":2192,"positionX":1.760564,"holdTime":0.0,"speed":1.0,"floorPosition":45.41379},{"type":1,"time":2208,"positionX":-0.7042255,"holdTime":0.0,"speed":1.0,"floorPosition":45.724136},{"type":1,"time":2224,"positionX":2.852113,"holdTime":0.0,"speed":1.0,"floorPosition":46.03448},{"type":1,"time":2240,"positionX":-3.838028,"holdTime":0.0,"speed":1.0,"floorPosition":46.344826},{"type":1,"time":2256,"positionX":0.8098593,"holdTime":0.0,"speed":1.0,"floorPosition":46.65517},{"type":1,"time":2272,"positionX":-4.330986,"holdTime":0.0,"speed":1.0,"floorPosition":46.965515},{"type":1,"time":2288,"positionX":2.834507,"holdTime":0.0,"speed":1.0,"floorPosition":47.27586},{"type":1,"time":2304,"positionX":-4.15493,"holdTime":0.0,"speed":1.0,"floorPosition":47.586205},{"type":1,"time":2320,"positionX":3.926055,"holdTime":0.0,"speed":1.0,"floorPosition":47.89655},{"type":1,"time":2336,"positionX":0.7218313,"holdTime":0.0,"speed":1.0,"floorPosition":48.206894},{"type":1,"time":2352,"positionX":-2.341549,"holdTime":0.0,"speed":1.0,"floorPosition":48.51724},{"type":1,"time":2368,"positionX":3.415493,"holdTime":0.0,"speed":1.0,"floorPosition":48.827587},{"type":1,"time":2384,"positionX":-1.760563,"holdTime":0.0,"speed":1.0,"floorPosition":49.13793},{"type":1,"time":2400,"positionX":2.042253,"holdTime":0.0,"speed":1.0,"floorPosition":49.448277},{"type":1,"time":2416,"positionX":-5.052816,"holdTime":0.0,"speed":1.0,"floorPosition":49.75862},{"type":1,"time":2432,"positionX":0.6161976,"holdTime":0.0,"speed":1.0,"floorPosition":50.068966},{"type":1,"time":2448,"positionX":-2.781691,"holdTime":0.0,"speed":1.0,"floorPosition":50.37931},{"type":1,"time":2464,"positionX":2.253522,"holdTime":0.0,"speed":1.0,"floorPosition":50.689655},{"type":1,"time":2480,"positionX":-2.37676,"holdTime":0.0,"speed":1.0,"floorPosition":51.0},{"type":1,"time":2496,"positionX":1.690141,"holdTime":0.0,"speed":1.0,"floorPosition":51.310345},{"type":1,"time":2512,"positionX":-4.15493,"holdTime":0.0,"speed":1.0,"floorPosition":51.62069},{"type":1,"time":2528,"positionX":3.75,"holdTime":0.0,"speed":1.0,"floorPosition":51.931034},{"type":1,"time":2544,"positionX":-3.468309,"holdTime":0.0,"speed":1.0,"floorPosition":52.24138},{"type":1,"time":2560,"positionX":1.267606,"holdTime":0.0,"speed":1.0,"floorPosition":52.551723},{"type":1,"time":2576,"positionX":-1.338028,"holdTime":0.0,"speed":1.0,"floorPosition":52.86207},{"type":1,"time":2592,"positionX":4.929577,"holdTime":0.0,"speed":1.0,"floorPosition":53.172413},{"type":1,"time":2608,"positionX":-3.820422,"holdTime":0.0,"speed":1.0,"floorPosition":53.482758},{"type":1,"time":2624,"positionX":2.200705,"holdTime":0.0,"speed":1.0,"floorPosition":53.793102},{"type":1,"time":2640,"positionX":-4.43662,"holdTime":0.0,"speed":1.0,"floorPosition":54.103447},{"type":1,"time":2656,"positionX":2.200705,"holdTime":0.0,"speed":1.0,"floorPosition":54.41379},{"type":1,"time":2672,"positionX":-3.397887,"holdTime":0.0,"speed":1.0,"floorPosition":54.724136},{"type":1,"time":2688,"positionX":3.961267,"holdTime":0.0,"speed":1.0,"floorPosition":55.03448},{"type":1,"time":2704,"positionX":0.1056337,"holdTime":0.0,"speed":1.0,"floorPosition":55.344826},{"type":1,"time":2720,"positionX":2.165493,"holdTime":0.0,"speed":1.0,"floorPosition":55.65517},{"type":1,"time":2736,"positionX":-2.323943,"holdTime":0.0,"speed":1.0,"floorPosition":55.965515},{"type":1,"time":2752,"positionX":3.028169,"holdTime":0.0,"speed":1.0,"floorPosition":56.27586},{"type":1,"time":2768,"positionX":-2.165493,"holdTime":0.0,"speed":1.0,"floorPosition":56.586205},{"type":1,"time":2784,"positionX":2.447183,"holdTime":0.0,"speed":1.0,"floorPosition":56.89655},{"type":1,"time":2800,"positionX":-3.609155,"holdTime":0.0,"speed":1.0,"floorPosition":57.206894},{"type":1,"time":2816,"positionX":1.742958,"holdTime":0.0,"speed":1.0,"floorPosition":57.51724},{"type":1,"time":2832,"positionX":-2.130281,"holdTime":0.0,"speed":1.0,"floorPosition":57.827587},{"type":1,"time":2848,"positionX":2.570423,"holdTime":0.0,"speed":1.0,"floorPosition":58.13793},{"type":1,"time":2864,"positionX":-4.647887,"holdTime":0.0,"speed":1.0,"floorPosition":58.448277},{"type":1,"time":2880,"positionX":3.450705,"holdTime":0.0,"speed":1.0,"floorPosition":58.75862},{"type":1,"time":2896,"positionX":-2.429578,"holdTime":0.0,"speed":1.0,"floorPosition":59.068966},{"type":1,"time":2912,"positionX":1.848592,"holdTime":0.0,"speed":1.0,"floorPosition":59.37931},{"type":1,"time":2928,"positionX":-4.454226,"holdTime":0.0,"speed":1.0,"floorPosition":59.689655},{"type":1,"time":2944,"positionX":3.87324,"holdTime":0.0,"speed":1.0,"floorPosition":60.0},{"type":1,"time":2960,"positionX":-1.056338,"holdTime":0.0,"speed":1.0,"floorPosition":60.310345},{"type":1,"time":2976,"positionX":1.267606,"holdTime":0.0,"speed":1.0,"floorPosition":60.62069},{"type":1,"time":2992,"positionX":-2.588028,"holdTime":0.0,"speed":1.0,"floorPosition":60.931034},{"type":1,"time":3008,"positionX":3.503522,"holdTime":0.0,"speed":1.0,"floorPosition":61.24138},{"type":1,"time":3024,"positionX":1.390844,"holdTime":0.0,"speed":1.0,"floorPosition":61.551723},{"type":1,"time":3040,"positionX":-2.5,"holdTime":0.0,"speed":1.0,"floorPosition":61.86207},{"type":1,"time":3056,"positionX":-5.387324,"holdTime":0.0,"speed":1.0,"floorPosition":62.172413},{"type":1,"time":3072,"positionX":2.957747,"holdTime":0.0,"speed":1.0,"floorPosition":62.482758},{"type":1,"time":3088,"positionX":-0.8450708,"holdTime":0.0,"speed":1.0,"floorPosition":62.793102},{"type":1,"time":3104,"positionX":2.482394,"holdTime":0.0,"speed":1.0,"floorPosition":63.103447},{"type":1,"time":3120,"positionX":-3.327465,"holdTime":0.0,"speed":1.0,"floorPosition":63.41379},{"type":1,"time":3136,"positionX":3.538733,"holdTime":0.0,"speed":1.0,"floorPosition":63.724136},{"type":1,"time":3152,"positionX":-3.06338,"holdTime":0.0,"speed":1.0,"floorPosition":64.034485},{"type":1,"time":3168,"positionX":0.334507,"holdTime":0.0,"speed":1.0,"floorPosition":64.344826},{"type":1,"time":3184,"positionX":-4.454226,"holdTime":0.0,"speed":1.0,"floorPosition":64.655174},{"type":3,"time":3200,"positionX":-1.549295,"holdTime":80.0,"speed":1.8,"floorPosition":64.965515},{"type":1,"time":3200,"positionX":3.345071,"holdTime":0.0,"speed":1.0,"floorPosition":64.965515},{"type":1,"time":3232,"positionX":5.862676,"holdTime":0.0,"speed":1.0,"floorPosition":65.71034},{"type":1,"time":3264,"positionX":2.887324,"holdTime":0.0,"speed":1.0,"floorPosition":66.45517},{"type":3,"time":3296,"positionX":-4.330986,"holdTime":16.0,"speed":1.8,"floorPosition":67.2},{"type":1,"time":3296,"positionX":5.774648,"holdTime":0.0,"speed":1.0,"floorPosition":67.2},{"type":1,"time":3328,"positionX":3.045774,"holdTime":0.0,"speed":1.0,"floorPosition":67.944824},{"type":3,"time":3328,"positionX":-1.408451,"holdTime":48.0,"speed":1.8,"floorPosition":67.944824},{"type":1,"time":3360,"positionX":5.598592,"holdTime":0.0,"speed":1.0,"floorPosition":68.68965},{"type":3,"time":3392,"positionX":-3.943663,"holdTime":48.0,"speed":1.8,"floorPosition":69.43448},{"type":1,"time":3392,"positionX":2.781691,"holdTime":0.0,"speed":1.0,"floorPosition":69.43448},{"type":1,"time":3424,"positionX":5.545774,"holdTime":0.0,"speed":1.0,"floorPosition":70.179306},{"type":3,"time":3456,"positionX":-5.739437,"holdTime":80.0,"speed":1.8,"floorPosition":70.92413},{"type":1,"time":3456,"positionX":2.975352,"holdTime":0.0,"speed":1.0,"floorPosition":70.92413},{"type":1,"time":3488,"positionX":2.887324,"holdTime":0.0,"speed":1.0,"floorPosition":71.66896},{"type":1,"time":3520,"positionX":5.739436,"holdTime":0.0,"speed":1.0,"floorPosition":72.41379},{"type":1,"time":3552,"positionX":5.686619,"holdTime":0.0,"speed":1.0,"floorPosition":73.158615},{"type":3,"time":3552,"positionX":-4.049295,"holdTime":16.0,"speed":1.8,"floorPosition":73.158615},{"type":1,"time":3584,"positionX":2.799295,"holdTime":0.0,"speed":1.0,"floorPosition":73.90344},{"type":3,"time":3584,"positionX":-1.197184,"holdTime":48.0,"speed":1.8,"floorPosition":73.90344},{"type":1,"time":3616,"positionX":2.605634,"holdTime":0.0,"speed":1.0,"floorPosition":74.64828},{"type":1,"time":3648,"positionX":5.774648,"holdTime":0.0,"speed":1.0,"floorPosition":75.393105},{"type":3,"time":3648,"positionX":-3.538733,"holdTime":48.0,"speed":1.8,"floorPosition":75.393105},{"type":1,"time":3680,"positionX":2.852113,"holdTime":0.0,"speed":1.0,"floorPosition":76.13793},{"type":3,"time":3712,"positionX":2.764084,"holdTime":80.0,"speed":1.8,"floorPosition":76.88276},{"type":1,"time":3712,"positionX":-5.757042,"holdTime":0.0,"speed":1.0,"floorPosition":76.88276},{"type":1,"time":3744,"positionX":-5.633802,"holdTime":0.0,"speed":1.0,"floorPosition":77.62759},{"type":1,"time":3776,"positionX":-5.598592,"holdTime":0.0,"speed":1.0,"floorPosition":78.37241},{"type":3,"time":3808,"positionX":6.161971,"holdTime":16.0,"speed":1.8,"floorPosition":79.11724},{"type":1,"time":3808,"positionX":-5.369719,"holdTime":0.0,"speed":1.0,"floorPosition":79.11724},{"type":2,"time":3824,"positionX":-5.246479,"holdTime":0.0,"speed":1.0,"floorPosition":79.489655},{"type":2,"time":3832,"positionX":-5.228873,"holdTime":0.0,"speed":1.0,"floorPosition":79.67586},{"type":2,"time":3840,"positionX":-5.213223,"holdTime":0.0,"speed":1.0,"floorPosition":79.86207},{"type":3,"time":3840,"positionX":2.922535,"holdTime":48.0,"speed":1.8,"floorPosition":79.86207},{"type":1,"time":3872,"positionX":-5.158451,"holdTime":0.0,"speed":1.0,"floorPosition":80.606895},{"type":1,"time":3904,"positionX":-4.964788,"holdTime":0.0,"speed":1.0,"floorPosition":81.35172},{"type":3,"time":3904,"positionX":6.232394,"holdTime":48.0,"speed":1.8,"floorPosition":81.35172},{"type":1,"time":3936,"positionX":-5.070423,"holdTime":0.0,"speed":1.0,"floorPosition":82.09655},{"type":2,"time":3952,"positionX":-5.035211,"holdTime":0.0,"speed":1.0,"floorPosition":82.46896},{"type":2,"time":3960,"positionX":-5.017606,"holdTime":0.0,"speed":1.0,"floorPosition":82.65517},{"type":3,"time":3968,"positionX":3.75,"holdTime":96.0,"speed":1.8,"floorPosition":82.84138},{"type":2,"time":3968,"positionX":-4.947184,"holdTime":0.0,"speed":1.0,"floorPosition":82.84138},{"type":2,"time":3976,"positionX":-4.859155,"holdTime":0.0,"speed":1.0,"floorPosition":83.02758},{"type":2,"time":3984,"positionX":-4.859155,"holdTime":0.0,"speed":1.0,"floorPosition":83.21379},{"type":2,"time":3992,"positionX":-4.827856,"holdTime":0.0,"speed":1.0,"floorPosition":83.399994},{"type":2,"time":4000,"positionX":-4.788733,"holdTime":0.0,"speed":1.0,"floorPosition":83.586205},{"type":2,"time":4008,"positionX":-4.757042,"holdTime":0.0,"speed":1.0,"floorPosition":83.77241},{"type":2,"time":4016,"positionX":-4.753521,"holdTime":0.0,"speed":1.0,"floorPosition":83.95862},{"type":2,"time":4024,"positionX":-4.72183,"holdTime":0.0,"speed":1.0,"floorPosition":84.14482},{"type":2,"time":4032,"positionX":-3.151408,"holdTime":0.0,"speed":1.0,"floorPosition":84.33103},{"type":2,"time":4036,"positionX":-3.116198,"holdTime":0.0,"speed":1.0,"floorPosition":84.42413},{"type":2,"time":4040,"positionX":-3.080986,"holdTime":0.0,"speed":1.0,"floorPosition":84.51724},{"type":2,"time":4044,"positionX":-3.052817,"holdTime":0.0,"speed":1.0,"floorPosition":84.610344},{"type":2,"time":4048,"positionX":-3.03257,"holdTime":0.0,"speed":1.0,"floorPosition":84.703445},{"type":2,"time":4052,"positionX":-3.008048,"holdTime":0.0,"speed":1.0,"floorPosition":84.79655},{"type":2,"time":4056,"positionX":-2.975352,"holdTime":0.0,"speed":1.0,"floorPosition":84.889656},{"type":2,"time":4060,"positionX":-2.957747,"holdTime":0.0,"speed":1.0,"floorPosition":84.98276},{"type":2,"time":4064,"positionX":-2.940141,"holdTime":0.0,"speed":1.0,"floorPosition":85.07586},{"type":2,"time":4068,"positionX":-2.925469,"holdTime":0.0,"speed":1.0,"floorPosition":85.16896},{"type":2,"time":4072,"positionX":-2.894367,"holdTime":0.0,"speed":1.0,"floorPosition":85.26207},{"type":2,"time":4076,"positionX":-2.887324,"holdTime":0.0,"speed":1.0,"floorPosition":85.35517},{"type":2,"time":4080,"positionX":-2.869719,"holdTime":0.0,"speed":1.0,"floorPosition":85.44827},{"type":2,"time":4084,"positionX":-2.858715,"holdTime":0.0,"speed":1.0,"floorPosition":85.541374},{"type":2,"time":4088,"positionX":-2.852113,"holdTime":0.0,"speed":1.0,"floorPosition":85.63448},{"type":2,"time":4092,"positionX":-2.852113,"holdTime":0.0,"speed":1.0,"floorPosition":85.727585},{"type":2,"time":4096,"positionX":-2.869719,"holdTime":0.0,"speed":1.0,"floorPosition":85.82069},{"type":3,"time":4224,"positionX":2.535211,"holdTime":64.0,"speed":1.8,"floorPosition":88.799995},{"type":3,"time":4224,"positionX":-2.517605,"holdTime":64.0,"speed":1.8,"floorPosition":88.799995},{"type":3,"time":4304,"positionX":-4.577465,"holdTime":16.0,"speed":1.8,"floorPosition":90.66206},{"type":3,"time":4304,"positionX":5.299295,"holdTime":16.0,"speed":1.8,"floorPosition":90.66206},{"type":1,"time":4336,"positionX":3.908451,"holdTime":0.0,"speed":1.0,"floorPosition":91.40689},{"type":1,"time":4336,"positionX":-3.080986,"holdTime":0.0,"speed":1.0,"floorPosition":91.40689},{"type":3,"time":4352,"positionX":-2.552816,"holdTime":16.0,"speed":1.8,"floorPosition":91.779305},{"type":3,"time":4352,"positionX":3.450705,"holdTime":16.0,"speed":1.8,"floorPosition":91.779305},{"type":3,"time":4384,"positionX":4.401408,"holdTime":16.0,"speed":1.8,"floorPosition":92.52413},{"type":3,"time":4384,"positionX":-3.151408,"holdTime":16.0,"speed":1.8,"floorPosition":92.52413},{"type":1,"time":4432,"positionX":1.778169,"holdTime":0.0,"speed":1.0,"floorPosition":93.64137},{"type":1,"time":4448,"positionX":3.503522,"holdTime":0.0,"speed":1.0,"floorPosition":94.013794},{"type":1,"time":4464,"positionX":1.021127,"holdTime":0.0,"speed":1.0,"floorPosition":94.38621},{"type":3,"time":4480,"positionX":-2.887324,"holdTime":64.0,"speed":1.8,"floorPosition":94.75862},{"type":1,"time":4480,"positionX":3.961267,"holdTime":0.0,"speed":1.0,"floorPosition":94.75862},{"type":1,"time":4512,"positionX":3.186619,"holdTime":0.0,"speed":1.0,"floorPosition":95.50345},{"type":1,"time":4560,"positionX":1.971831,"holdTime":0.0,"speed":1.0,"floorPosition":96.62069},{"type":3,"time":4560,"positionX":-3.996479,"holdTime":32.0,"speed":1.8,"floorPosition":96.62069},{"type":3,"time":4608,"positionX":4.278169,"holdTime":16.0,"speed":1.8,"floorPosition":97.73793},{"type":3,"time":4608,"positionX":-1.778169,"holdTime":16.0,"speed":1.8,"floorPosition":97.73793},{"type":3,"time":4640,"positionX":2.605634,"holdTime":16.0,"speed":1.8,"floorPosition":98.48276},{"type":3,"time":4640,"positionX":-4.084507,"holdTime":16.0,"speed":1.8,"floorPosition":98.48276},{"type":3,"time":4688,"positionX":2.746478,"holdTime":32.0,"speed":1.8,"floorPosition":99.6},{"type":3,"time":4688,"positionX":-1.795774,"holdTime":32.0,"speed":1.8,"floorPosition":99.6},{"type":3,"time":4736,"positionX":-3.397887,"holdTime":64.0,"speed":1.6,"floorPosition":100.71724},{"type":3,"time":4736,"positionX":3.943663,"holdTime":64.0,"speed":1.6,"floorPosition":100.71724},{"type":3,"time":4816,"positionX":2.200705,"holdTime":16.0,"speed":1.6,"floorPosition":102.37241},{"type":3,"time":4816,"positionX":-1.654929,"holdTime":16.0,"speed":1.6,"floorPosition":102.37241},{"type":1,"time":4848,"positionX":4.119718,"holdTime":0.0,"speed":1.0,"floorPosition":103.03448},{"type":1,"time":4848,"positionX":-0.8450708,"holdTime":0.0,"speed":1.0,"floorPosition":103.03448},{"type":3,"time":4864,"positionX":2.0,"holdTime":16.0,"speed":1.6,"floorPosition":103.36552},{"type":3,"time":4864,"positionX":-4.0,"holdTime":16.0,"speed":1.6,"floorPosition":103.36552},{"type":3,"time":4896,"positionX":-1.795774,"holdTime":16.0,"speed":1.6,"floorPosition":104.02759},{"type":3,"time":4896,"positionX":4.700705,"holdTime":16.0,"speed":1.6,"floorPosition":104.02759},{"type":1,"time":4944,"positionX":-2.799295,"holdTime":0.0,"speed":1.0,"floorPosition":105.02069},{"type":1,"time":4960,"positionX":2.147887,"holdTime":0.0,"speed":1.0,"floorPosition":105.35172},{"type":3,"time":4992,"positionX":2.922535,"holdTime":64.0,"speed":1.6,"floorPosition":106.013794},{"type":1,"time":4992,"positionX":-2.411972,"holdTime":0.0,"speed":1.0,"floorPosition":106.013794},{"type":1,"time":5024,"positionX":-3.87324,"holdTime":0.0,"speed":1.0,"floorPosition":106.67586},{"type":1,"time":5072,"positionX":-1.461267,"holdTime":0.0,"speed":1.0,"floorPosition":107.66896},{"type":3,"time":5072,"positionX":2.834507,"holdTime":32.0,"speed":1.6,"floorPosition":107.66896},{"type":3,"time":5120,"positionX":-3.098592,"holdTime":16.0,"speed":1.6,"floorPosition":108.66206},{"type":3,"time":5120,"positionX":4.225352,"holdTime":16.0,"speed":1.6,"floorPosition":108.66206},{"type":3,"time":5152,"positionX":-5.105634,"holdTime":16.0,"speed":1.5,"floorPosition":109.324135},{"type":3,"time":5152,"positionX":1.901408,"holdTime":16.0,"speed":1.5,"floorPosition":109.324135},{"type":1,"time":5200,"positionX":-2.007042,"holdTime":0.0,"speed":1.0,"floorPosition":110.25517},{"type":1,"time":5216,"positionX":3.433098,"holdTime":0.0,"speed":1.0,"floorPosition":110.56551},{"type":3,"time":5248,"positionX":1.778169,"holdTime":32.0,"speed":1.5,"floorPosition":111.1862},{"type":2,"time":5280,"positionX":-3.697184,"holdTime":0.0,"speed":1.0,"floorPosition":111.80689},{"type":1,"time":5328,"positionX":4.0,"holdTime":0.0,"speed":1.0,"floorPosition":112.73793},{"type":2,"time":5344,"positionX":-5.246479,"holdTime":0.0,"speed":1.0,"floorPosition":113.04827},{"type":1,"time":5360,"positionX":4.0,"holdTime":0.0,"speed":1.0,"floorPosition":113.35862},{"type":1,"time":5376,"positionX":2.323945,"holdTime":0.0,"speed":1.0,"floorPosition":113.66896},{"type":1,"time":5408,"positionX":4.313381,"holdTime":0.0,"speed":1.0,"floorPosition":114.28965},{"type":2,"time":5408,"positionX":-3.327465,"holdTime":0.0,"speed":1.0,"floorPosition":114.28965},{"type":1,"time":5456,"positionX":1.5555555,"holdTime":0.0,"speed":1.0,"floorPosition":115.22069},{"type":2,"time":5472,"positionX":-4.471831,"holdTime":0.0,"speed":1.0,"floorPosition":115.53103},{"type":1,"time":5472,"positionX":1.5555555,"holdTime":0.0,"speed":1.0,"floorPosition":115.53103},{"type":1,"time":5488,"positionX":2.333333,"holdTime":0.0,"speed":1.0,"floorPosition":115.84138},{"type":1,"time":5504,"positionX":3.1111112,"holdTime":0.0,"speed":1.0,"floorPosition":116.15172},{"type":1,"time":5536,"positionX":4.6666665,"holdTime":0.0,"speed":1.0,"floorPosition":116.77241},{"type":2,"time":5536,"positionX":-2.588028,"holdTime":0.0,"speed":1.0,"floorPosition":116.77241},{"type":1,"time":5552,"positionX":3.111111,"holdTime":0.0,"speed":1.0,"floorPosition":117.082756},{"type":1,"time":5584,"positionX":3.111111,"holdTime":0.0,"speed":1.0,"floorPosition":117.703445},{"type":2,"time":5600,"positionX":-3.468309,"holdTime":0.0,"speed":1.0,"floorPosition":118.01379},{"type":1,"time":5600,"positionX":4.207747,"holdTime":0.0,"speed":1.0,"floorPosition":118.01379},{"type":1,"time":5616,"positionX":3.111111,"holdTime":0.0,"speed":1.0,"floorPosition":118.324135},{"type":1,"time":5632,"positionX":2.147887,"holdTime":0.0,"speed":1.0,"floorPosition":118.63448},{"type":1,"time":5664,"positionX":3.111111,"holdTime":0.0,"speed":1.0,"floorPosition":119.25517},{"type":2,"time":5664,"positionX":-3.679578,"holdTime":0.0,"speed":1.0,"floorPosition":119.25517},{"type":1,"time":5712,"positionX":2.37676,"holdTime":0.0,"speed":1.0,"floorPosition":120.1862},{"type":2,"time":5728,"positionX":-5.0,"holdTime":0.0,"speed":1.0,"floorPosition":120.49655},{"type":1,"time":5728,"positionX":2.3333333,"holdTime":0.0,"speed":1.0,"floorPosition":120.49655},{"type":1,"time":5744,"positionX":3.8888886,"holdTime":0.0,"speed":1.0,"floorPosition":120.80689},{"type":3,"time":5760,"positionX":-1.707747,"holdTime":32.0,"speed":1.6,"floorPosition":121.11724},{"type":2,"time":5792,"positionX":4.595071,"holdTime":0.0,"speed":1.0,"floorPosition":121.77931},{"type":1,"time":5840,"positionX":-3.0,"holdTime":0.0,"speed":1.0,"floorPosition":122.772415},{"type":2,"time":5856,"positionX":4.137324,"holdTime":0.0,"speed":1.0,"floorPosition":123.10345},{"type":1,"time":5872,"positionX":-3.0,"holdTime":0.0,"speed":1.0,"floorPosition":123.43448},{"type":1,"time":5888,"positionX":-2.464788,"holdTime":0.0,"speed":1.0,"floorPosition":123.76552},{"type":1,"time":5920,"positionX":-2.359155,"holdTime":0.0,"speed":1.0,"floorPosition":124.42759},{"type":2,"time":5920,"positionX":4.454226,"holdTime":0.0,"speed":1.0,"floorPosition":124.42759},{"type":1,"time":5968,"positionX":-1.5555555,"holdTime":0.0,"speed":1.0,"floorPosition":125.482765},{"type":2,"time":5984,"positionX":5.0,"holdTime":0.0,"speed":1.0,"floorPosition":125.83449},{"type":1,"time":5984,"positionX":-2.3333333,"holdTime":0.0,"speed":1.0,"floorPosition":125.83449},{"type":1,"time":6000,"positionX":-1.5555555,"holdTime":0.0,"speed":1.0,"floorPosition":126.18621},{"type":1,"time":6016,"positionX":-0.77777773,"holdTime":0.0,"speed":1.0,"floorPosition":126.53793},{"type":1,"time":6048,"positionX":-2.007042,"holdTime":0.0,"speed":1.0,"floorPosition":127.24138},{"type":2,"time":6048,"positionX":5.369718,"holdTime":0.0,"speed":1.0,"floorPosition":127.24138},{"type":1,"time":6064,"positionX":-0.77777773,"holdTime":0.0,"speed":1.0,"floorPosition":127.61379},{"type":1,"time":6096,"positionX":-3.111111,"holdTime":0.0,"speed":1.0,"floorPosition":128.35863},{"type":2,"time":6112,"positionX":4.6666665,"holdTime":0.0,"speed":1.0,"floorPosition":128.73103},{"type":1,"time":6112,"positionX":-1.5555555,"holdTime":0.0,"speed":1.0,"floorPosition":128.73103},{"type":1,"time":6128,"positionX":-3.111111,"holdTime":0.0,"speed":1.0,"floorPosition":129.10345},{"type":1,"time":6144,"positionX":-3.111111,"holdTime":0.0,"speed":1.0,"floorPosition":129.47586},{"type":2,"time":6176,"positionX":5.444444,"holdTime":0.0,"speed":1.0,"floorPosition":130.22069},{"type":1,"time":6176,"positionX":-3.111111,"holdTime":0.0,"speed":1.0,"floorPosition":130.22069},{"type":1,"time":6208,"positionX":-1.5555555,"holdTime":0.0,"speed":1.0,"floorPosition":130.96552},{"type":1,"time":6224,"positionX":-3.111111,"holdTime":0.0,"speed":1.0,"floorPosition":131.33794},{"type":1,"time":6240,"positionX":-3.111111,"holdTime":0.0,"speed":1.0,"floorPosition":131.71034},{"type":2,"time":6240,"positionX":3.8888886,"holdTime":0.0,"speed":1.0,"floorPosition":131.71034},{"type":3,"time":6272,"positionX":-1.654929,"holdTime":224.0,"speed":1.8,"floorPosition":132.45517},{"type":3,"time":6720,"positionX":-3.573943,"holdTime":64.0,"speed":1.8,"floorPosition":142.88275},{"type":3,"time":6784,"positionX":2.37676,"holdTime":64.0,"speed":1.5,"floorPosition":144.3724},{"type":1,"time":6816,"positionX":-2.135306,"holdTime":0.0,"speed":1.0,"floorPosition":144.9931},{"type":2,"time":6848,"positionX":2.130282,"holdTime":0.0,"speed":1.0,"floorPosition":145.61378},{"type":2,"time":6856,"positionX":1.971831,"holdTime":0.0,"speed":1.0,"floorPosition":145.76895},{"type":2,"time":6864,"positionX":1.71831,"holdTime":0.0,"speed":1.0,"floorPosition":145.92413},{"type":2,"time":6872,"positionX":1.654929,"holdTime":0.0,"speed":1.0,"floorPosition":146.0793},{"type":2,"time":6880,"positionX":1.901408,"holdTime":0.0,"speed":1.0,"floorPosition":146.23448},{"type":2,"time":6888,"positionX":2.165493,"holdTime":0.0,"speed":1.0,"floorPosition":146.38965},{"type":2,"time":6896,"positionX":2.183098,"holdTime":0.0,"speed":1.0,"floorPosition":146.54482},{"type":2,"time":6904,"positionX":2.235916,"holdTime":0.0,"speed":1.0,"floorPosition":146.7},{"type":3,"time":6912,"positionX":-2.007042,"holdTime":64.0,"speed":1.5,"floorPosition":146.85516},{"type":1,"time":6944,"positionX":2.825933,"holdTime":0.0,"speed":1.0,"floorPosition":147.47586},{"type":2,"time":6976,"positionX":-1.919014,"holdTime":0.0,"speed":1.0,"floorPosition":148.09654},{"type":2,"time":6992,"positionX":-2.007042,"holdTime":0.0,"speed":1.0,"floorPosition":148.40689},{"type":2,"time":7000,"positionX":-2.024648,"holdTime":0.0,"speed":1.0,"floorPosition":148.56206},{"type":2,"time":7008,"positionX":-1.901408,"holdTime":0.0,"speed":1.0,"floorPosition":148.71724},{"type":2,"time":7024,"positionX":-1.654929,"holdTime":0.0,"speed":1.0,"floorPosition":149.02757},{"type":3,"time":7040,"positionX":3.521127,"holdTime":64.0,"speed":1.5,"floorPosition":149.33792},{"type":1,"time":7072,"positionX":-1.120507,"holdTime":0.0,"speed":1.0,"floorPosition":149.95862},{"type":2,"time":7104,"positionX":3.362676,"holdTime":0.0,"speed":1.0,"floorPosition":150.5793},{"type":2,"time":7120,"positionX":3.450705,"holdTime":0.0,"speed":1.0,"floorPosition":150.88965},{"type":2,"time":7128,"positionX":2.693663,"holdTime":0.0,"speed":1.0,"floorPosition":151.04482},{"type":2,"time":7136,"positionX":2.183098,"holdTime":0.0,"speed":1.0,"floorPosition":151.2},{"type":2,"time":7152,"positionX":2.429577,"holdTime":0.0,"speed":1.0,"floorPosition":151.51033},{"type":3,"time":7168,"positionX":-2.253521,"holdTime":64.0,"speed":1.5,"floorPosition":151.82068},{"type":1,"time":7200,"positionX":2.515856,"holdTime":0.0,"speed":1.0,"floorPosition":152.44138},{"type":2,"time":7232,"positionX":-2.147887,"holdTime":0.0,"speed":1.0,"floorPosition":153.06206},{"type":2,"time":7248,"positionX":-2.165493,"holdTime":0.0,"speed":1.0,"floorPosition":153.43448},{"type":2,"time":7264,"positionX":0.1056337,"holdTime":0.0,"speed":1.0,"floorPosition":153.80688},{"type":2,"time":7280,"positionX":0.4225349,"holdTime":0.0,"speed":1.0,"floorPosition":154.1793},{"type":1,"time":7296,"positionX":-2.869719,"holdTime":0.0,"speed":1.0,"floorPosition":154.55171},{"type":1,"time":7312,"positionX":2.799295,"holdTime":0.0,"speed":1.0,"floorPosition":154.92413},{"type":1,"time":7328,"positionX":-3.098592,"holdTime":0.0,"speed":1.0,"floorPosition":155.29654},{"type":1,"time":7360,"positionX":1.496478,"holdTime":0.0,"speed":1.0,"floorPosition":156.04137},{"type":1,"time":7376,"positionX":-0.7963352,"holdTime":0.0,"speed":1.0,"floorPosition":156.41379},{"type":1,"time":7392,"positionX":-4.225352,"holdTime":0.0,"speed":1.0,"floorPosition":156.7862},{"type":1,"time":7408,"positionX":2.459478,"holdTime":0.0,"speed":1.0,"floorPosition":157.15862},{"type":1,"time":7424,"positionX":0.7922535,"holdTime":0.0,"speed":1.0,"floorPosition":157.53102},{"type":1,"time":7440,"positionX":-1.514084,"holdTime":0.0,"speed":1.0,"floorPosition":157.90344},{"type":1,"time":7456,"positionX":3.186619,"holdTime":0.0,"speed":1.0,"floorPosition":158.27585},{"type":1,"time":7488,"positionX":-1.531691,"holdTime":0.0,"speed":1.0,"floorPosition":159.02068},{"type":1,"time":7504,"positionX":-2.980972,"holdTime":0.0,"speed":1.0,"floorPosition":159.3931},{"type":1,"time":7520,"positionX":3.292253,"holdTime":0.0,"speed":1.0,"floorPosition":159.7655},{"type":1,"time":7536,"positionX":0.7258625,"holdTime":0.0,"speed":1.0,"floorPosition":160.13792},{"type":1,"time":7552,"positionX":-0.6338034,"holdTime":0.0,"speed":1.0,"floorPosition":160.51033},{"type":1,"time":7568,"positionX":-2.588028,"holdTime":0.0,"speed":1.0,"floorPosition":160.88275},{"type":1,"time":7584,"positionX":2.869718,"holdTime":0.0,"speed":1.0,"floorPosition":161.25516},{"type":1,"time":7616,"positionX":-3.06338,"holdTime":0.0,"speed":1.0,"floorPosition":161.99998},{"type":1,"time":7632,"positionX":3.206483,"holdTime":0.0,"speed":1.0,"floorPosition":162.3724},{"type":1,"time":7648,"positionX":0.1760569,"holdTime":0.0,"speed":1.0,"floorPosition":162.74481},{"type":1,"time":7664,"positionX":3.079634,"holdTime":0.0,"speed":1.0,"floorPosition":163.11723},{"type":1,"time":7680,"positionX":-2.341549,"holdTime":0.0,"speed":1.0,"floorPosition":163.48964},{"type":1,"time":7696,"positionX":2.218309,"holdTime":0.0,"speed":1.0,"floorPosition":163.86206},{"type":1,"time":7712,"positionX":-3.978873,"holdTime":0.0,"speed":1.0,"floorPosition":164.23447},{"type":1,"time":7744,"positionX":1.461267,"holdTime":0.0,"speed":1.0,"floorPosition":164.9793},{"type":1,"time":7760,"positionX":3.248767,"holdTime":0.0,"speed":1.0,"floorPosition":165.35172},{"type":1,"time":7776,"positionX":-2.975352,"holdTime":0.0,"speed":1.0,"floorPosition":165.72412},{"type":2,"time":7808,"positionX":-3.221831,"holdTime":0.0,"speed":1.0,"floorPosition":166.46895},{"type":1,"time":7808,"positionX":2.130282,"holdTime":0.0,"speed":1.0,"floorPosition":166.46895},{"type":2,"time":7824,"positionX":-3.169014,"holdTime":0.0,"speed":1.0,"floorPosition":166.84137},{"type":1,"time":7824,"positionX":3.855634,"holdTime":0.0,"speed":1.0,"floorPosition":166.84137},{"type":2,"time":7840,"positionX":-3.133802,"holdTime":0.0,"speed":1.0,"floorPosition":167.21378},{"type":1,"time":7840,"positionX":1.637324,"holdTime":0.0,"speed":1.0,"floorPosition":167.21378},{"type":2,"time":7856,"positionX":-3.133802,"holdTime":0.0,"speed":1.0,"floorPosition":167.5862},{"type":1,"time":7872,"positionX":3.380282,"holdTime":0.0,"speed":1.0,"floorPosition":167.9586},{"type":2,"time":7872,"positionX":-3.204226,"holdTime":0.0,"speed":1.0,"floorPosition":167.9586},{"type":2,"time":7888,"positionX":-3.257042,"holdTime":0.0,"speed":1.0,"floorPosition":168.33102},{"type":1,"time":7904,"positionX":1.486963,"holdTime":0.0,"speed":1.0,"floorPosition":168.70343},{"type":2,"time":7904,"positionX":-3.309859,"holdTime":0.0,"speed":1.0,"floorPosition":168.70343},{"type":2,"time":7920,"positionX":-3.327465,"holdTime":0.0,"speed":1.0,"floorPosition":169.07585},{"type":2,"time":7936,"positionX":3.908451,"holdTime":0.0,"speed":1.0,"floorPosition":169.44826},{"type":2,"time":7952,"positionX":3.943663,"holdTime":0.0,"speed":1.0,"floorPosition":169.82068},{"type":1,"time":7952,"positionX":-4.348592,"holdTime":0.0,"speed":1.0,"floorPosition":169.82068},{"type":1,"time":7968,"positionX":-1.795774,"holdTime":0.0,"speed":1.0,"floorPosition":170.19308},{"type":2,"time":7968,"positionX":3.943663,"holdTime":0.0,"speed":1.0,"floorPosition":170.19308},{"type":2,"time":7984,"positionX":3.943663,"holdTime":0.0,"speed":1.0,"floorPosition":170.5655},{"type":1,"time":8000,"positionX":-4.753521,"holdTime":0.0,"speed":1.0,"floorPosition":170.93791},{"type":2,"time":8000,"positionX":3.943663,"holdTime":0.0,"speed":1.0,"floorPosition":170.93791},{"type":2,"time":8016,"positionX":3.943663,"holdTime":0.0,"speed":1.0,"floorPosition":171.31033},{"type":1,"time":8032,"positionX":-0.9859161,"holdTime":0.0,"speed":1.0,"floorPosition":171.68274},{"type":2,"time":8032,"positionX":3.976802,"holdTime":0.0,"speed":1.0,"floorPosition":171.68274},{"type":2,"time":8048,"positionX":3.978873,"holdTime":0.0,"speed":1.0,"floorPosition":172.05516},{"type":2,"time":8064,"positionX":-2.235916,"holdTime":0.0,"speed":1.0,"floorPosition":172.42758},{"type":2,"time":8072,"positionX":1.901408,"holdTime":0.0,"speed":1.0,"floorPosition":172.61378},{"type":2,"time":8080,"positionX":-1.81338,"holdTime":0.0,"speed":1.0,"floorPosition":172.79999},{"type":2,"time":8088,"positionX":1.654929,"holdTime":0.0,"speed":1.0,"floorPosition":172.98619},{"type":2,"time":8096,"positionX":-1.59507,"holdTime":0.0,"speed":1.0,"floorPosition":173.17241},{"type":2,"time":8104,"positionX":0.8626757,"holdTime":0.0,"speed":1.0,"floorPosition":173.35861},{"type":2,"time":8112,"positionX":-1.302816,"holdTime":0.0,"speed":1.0,"floorPosition":173.54482},{"type":2,"time":8120,"positionX":0.3169022,"holdTime":0.0,"speed":1.0,"floorPosition":173.73102},{"type":2,"time":8128,"positionX":-0.580986,"holdTime":0.0,"speed":1.0,"floorPosition":173.91724},{"type":2,"time":8132,"positionX":-0.5633802,"holdTime":0.0,"speed":1.0,"floorPosition":174.01033},{"type":2,"time":8136,"positionX":-0.5492956,"holdTime":0.0,"speed":1.0,"floorPosition":174.10344},{"type":2,"time":8140,"positionX":-0.5457745,"holdTime":0.0,"speed":1.0,"floorPosition":174.19653},{"type":2,"time":8144,"positionX":-0.5457745,"holdTime":0.0,"speed":1.0,"floorPosition":174.28964},{"type":2,"time":8148,"positionX":-0.5457745,"holdTime":0.0,"speed":1.0,"floorPosition":174.38275},{"type":2,"time":8152,"positionX":-0.5457745,"holdTime":0.0,"speed":1.0,"floorPosition":174.47585},{"type":2,"time":8156,"positionX":-0.5457745,"holdTime":0.0,"speed":1.0,"floorPosition":174.56895},{"type":2,"time":8160,"positionX":-0.5457745,"holdTime":0.0,"speed":1.0,"floorPosition":174.66206},{"type":2,"time":8164,"positionX":-0.531103,"holdTime":0.0,"speed":1.0,"floorPosition":174.75516},{"type":2,"time":8168,"positionX":-0.5281687,"holdTime":0.0,"speed":1.0,"floorPosition":174.84827},{"type":2,"time":8172,"positionX":-0.5281687,"holdTime":0.0,"speed":1.0,"floorPosition":174.94136},{"type":2,"time":8176,"positionX":-0.5281687,"holdTime":0.0,"speed":1.0,"floorPosition":175.03447},{"type":2,"time":8180,"positionX":-0.5281687,"holdTime":0.0,"speed":1.0,"floorPosition":175.12758},{"type":2,"time":8184,"positionX":-0.5281687,"holdTime":0.0,"speed":1.0,"floorPosition":175.22067},{"type":2,"time":8188,"positionX":-0.5281687,"holdTime":0.0,"speed":1.0,"floorPosition":175.31378},{"type":2,"time":8192,"positionX":-0.4753523,"holdTime":0.0,"speed":1.0,"floorPosition":175.40689},{"type":1,"time":8320,"positionX":-1.954226,"holdTime":0.0,"speed":1.2,"floorPosition":178.3862},{"type":1,"time":8336,"positionX":1.760564,"holdTime":0.0,"speed":1.2,"floorPosition":178.7586},{"type":1,"time":8352,"positionX":-3.450705,"holdTime":0.0,"speed":1.2,"floorPosition":179.13103},{"type":1,"time":8384,"positionX":2.191684,"holdTime":0.0,"speed":1.2,"floorPosition":179.87585},{"type":1,"time":8400,"positionX":-0.03523636,"holdTime":0.0,"speed":1.2,"floorPosition":180.24826},{"type":1,"time":8416,"positionX":-2.764084,"holdTime":0.0,"speed":1.2,"floorPosition":180.62068},{"type":1,"time":8432,"positionX":0.007047653,"holdTime":0.0,"speed":1.2,"floorPosition":180.99309},{"type":1,"time":8448,"positionX":2.411971,"holdTime":0.0,"speed":1.2,"floorPosition":181.36551},{"type":1,"time":8464,"positionX":-1.25,"holdTime":0.0,"speed":1.2,"floorPosition":181.73792},{"type":1,"time":8480,"positionX":3.679577,"holdTime":0.0,"speed":1.2,"floorPosition":182.11034},{"type":1,"time":8512,"positionX":-1.056338,"holdTime":0.0,"speed":1.2,"floorPosition":182.85516},{"type":1,"time":8528,"positionX":-3.981677,"holdTime":0.0,"speed":1.2,"floorPosition":183.22757},{"type":1,"time":8544,"positionX":1.214789,"holdTime":0.0,"speed":1.2,"floorPosition":183.59999},{"type":1,"time":8560,"positionX":-3.981677,"holdTime":0.0,"speed":1.2,"floorPosition":183.9724},{"type":1,"time":8576,"positionX":-1.725352,"holdTime":0.0,"speed":1.2,"floorPosition":184.34482},{"type":1,"time":8592,"positionX":4.049295,"holdTime":0.0,"speed":1.2,"floorPosition":184.71722},{"type":1,"time":8608,"positionX":-3.943663,"holdTime":0.0,"speed":1.2,"floorPosition":185.08965},{"type":1,"time":8640,"positionX":1.725351,"holdTime":0.0,"speed":1.2,"floorPosition":185.83447},{"type":1,"time":8656,"positionX":5.109233,"holdTime":0.0,"speed":1.2,"floorPosition":186.20688},{"type":1,"time":8672,"positionX":-2.130281,"holdTime":0.0,"speed":1.2,"floorPosition":186.5793},{"type":1,"time":8688,"positionX":5.081042,"holdTime":0.0,"speed":1.2,"floorPosition":186.9517},{"type":1,"time":8704,"positionX":3.397887,"holdTime":0.0,"speed":1.2,"floorPosition":187.32413},{"type":1,"time":8720,"positionX":-1.989437,"holdTime":0.0,"speed":1.2,"floorPosition":187.69653},{"type":1,"time":8736,"positionX":3.908451,"holdTime":0.0,"speed":1.2,"floorPosition":188.06895},{"type":1,"time":8768,"positionX":-0.8978872,"holdTime":0.0,"speed":1.2,"floorPosition":188.81378},{"type":1,"time":8784,"positionX":3.840733,"holdTime":0.0,"speed":1.2,"floorPosition":189.18619},{"type":1,"time":8800,"positionX":-3.591549,"holdTime":0.0,"speed":1.2,"floorPosition":189.55861},{"type":1,"time":8816,"positionX":3.868922,"holdTime":0.0,"speed":1.2,"floorPosition":189.93102},{"type":1,"time":8832,"positionX":0.08802795,"holdTime":0.0,"speed":1.0,"floorPosition":190.30344},{"type":1,"time":8848,"positionX":2.411971,"holdTime":0.0,"speed":1.0,"floorPosition":190.67584},{"type":1,"time":8864,"positionX":-2.711267,"holdTime":0.0,"speed":1.0,"floorPosition":191.04826},{"type":1,"time":8896,"positionX":1.853418,"holdTime":0.0,"speed":1.0,"floorPosition":191.79309},{"type":1,"time":8912,"positionX":-1.585624,"holdTime":0.0,"speed":1.0,"floorPosition":192.16551},{"type":1,"time":8928,"positionX":4.471831,"holdTime":0.0,"speed":1.0,"floorPosition":192.53792},{"type":1,"time":8944,"positionX":-2.769556,"holdTime":0.0,"speed":1.0,"floorPosition":192.91034},{"type":1,"time":8960,"positionX":-0.5105629,"holdTime":0.0,"speed":1.0,"floorPosition":193.28275},{"type":1,"time":8976,"positionX":2.306337,"holdTime":0.0,"speed":1.0,"floorPosition":193.65517},{"type":1,"time":8992,"positionX":-2.62324,"holdTime":0.0,"speed":1.0,"floorPosition":194.02757},{"type":1,"time":9024,"positionX":-0.4577465,"holdTime":0.0,"speed":1.0,"floorPosition":194.7724},{"type":1,"time":9040,"positionX":3.727977,"holdTime":0.0,"speed":1.0,"floorPosition":195.14482},{"type":1,"time":9056,"positionX":-4.700705,"holdTime":0.0,"speed":1.0,"floorPosition":195.51723},{"type":1,"time":9072,"positionX":3.671599,"holdTime":0.0,"speed":1.0,"floorPosition":195.88965},{"type":1,"time":9088,"positionX":2.147887,"holdTime":0.0,"speed":1.0,"floorPosition":196.26205},{"type":1,"time":9104,"positionX":-1.514084,"holdTime":0.0,"speed":1.0,"floorPosition":196.5931},{"type":1,"time":9120,"positionX":3.609156,"holdTime":0.0,"speed":1.0,"floorPosition":196.92412},{"type":1,"time":9152,"positionX":-1.285212,"holdTime":0.0,"speed":1.0,"floorPosition":197.5862},{"type":1,"time":9168,"positionX":2.248062,"holdTime":0.0,"speed":1.0,"floorPosition":197.91722},{"type":1,"time":9184,"positionX":-4.049295,"holdTime":0.0,"speed":1.0,"floorPosition":198.24826},{"type":1,"time":9200,"positionX":2.191684,"holdTime":0.0,"speed":1.0,"floorPosition":198.5793},{"type":1,"time":9216,"positionX":-0.1198025,"holdTime":0.0,"speed":1.0,"floorPosition":198.91032},{"type":1,"time":9232,"positionX":3.556337,"holdTime":0.0,"speed":1.0,"floorPosition":199.24136},{"type":1,"time":9248,"positionX":-1.320422,"holdTime":0.0,"speed":1.0,"floorPosition":199.5724},{"type":1,"time":9280,"positionX":2.728873,"holdTime":0.0,"speed":1.0,"floorPosition":200.23447},{"type":1,"time":9296,"positionX":-0.04933071,"holdTime":0.0,"speed":1.0,"floorPosition":200.5655},{"type":1,"time":9312,"positionX":-3.221831,"holdTime":0.0,"speed":1.0,"floorPosition":200.89653},{"type":1,"time":9344,"positionX":-2.262156,"holdTime":0.0,"speed":0.8,"floorPosition":201.55861},{"type":1,"time":9360,"positionX":1.954226,"holdTime":0.0,"speed":0.8,"floorPosition":201.88963},{"type":1,"time":9376,"positionX":-2.290345,"holdTime":0.0,"speed":0.8,"floorPosition":202.22067},{"type":1,"time":9408,"positionX":2.487668,"holdTime":0.0,"speed":0.8,"floorPosition":202.88275},{"type":1,"time":9424,"positionX":-3.133802,"holdTime":0.0,"speed":0.8,"floorPosition":203.21378},{"type":1,"time":9440,"positionX":2.429577,"holdTime":0.0,"speed":0.8,"floorPosition":203.54482},{"type":1,"time":9472,"positionX":-0.1620855,"holdTime":0.0,"speed":0.8,"floorPosition":204.20688},{"type":1,"time":9488,"positionX":3.257042,"holdTime":0.0,"speed":0.8,"floorPosition":204.55861},{"type":1,"time":9504,"positionX":-1.795774,"holdTime":0.0,"speed":0.8,"floorPosition":204.91032},{"type":1,"time":9536,"positionX":-2.642706,"holdTime":0.0,"speed":0.8,"floorPosition":205.61377},{"type":1,"time":9552,"positionX":0.9683094,"holdTime":0.0,"speed":0.8,"floorPosition":205.9655},{"type":1,"time":9568,"positionX":-4.15493,"holdTime":0.0,"speed":0.8,"floorPosition":206.31723},{"type":1,"time":9600,"positionX":2.191684,"holdTime":0.0,"speed":0.8,"floorPosition":207.02068},{"type":1,"time":9616,"positionX":-1.25,"holdTime":0.0,"speed":0.8,"floorPosition":207.3931},{"type":1,"time":9632,"positionX":3.080987,"holdTime":0.0,"speed":0.8,"floorPosition":207.7655},{"type":1,"time":9664,"positionX":0.8245239,"holdTime":0.0,"speed":0.8,"floorPosition":208.51033},{"type":1,"time":9680,"positionX":-2.024648,"holdTime":0.0,"speed":0.8,"floorPosition":208.88275},{"type":1,"time":9696,"positionX":2.658451,"holdTime":0.0,"speed":0.8,"floorPosition":209.25516},{"type":1,"time":9728,"positionX":-4.686399,"holdTime":0.0,"speed":0.8,"floorPosition":209.99998},{"type":1,"time":9744,"positionX":1.320423,"holdTime":0.0,"speed":0.8,"floorPosition":210.3724},{"type":1,"time":9760,"positionX":-2.359155,"holdTime":0.0,"speed":0.8,"floorPosition":210.74481},{"type":1,"time":9792,"positionX":4.080338,"holdTime":0.0,"speed":0.8,"floorPosition":211.48964},{"type":1,"time":9792,"positionX":-4.009867,"holdTime":0.0,"speed":0.8,"floorPosition":211.48964},{"type":3,"time":9824,"positionX":0.0,"holdTime":32.0,"speed":1.8,"floorPosition":212.23447}],"notesBelow":[],"speedEvents":[{"startTime":0.0,"endTime":1120.0,"value":1.6},{"startTime":1120.0,"endTime":1408.0,"value":1.8},{"startTime":1408.0,"endTime":1664.0,"value":1.6},{"startTime":1664.0,"endTime":3200.0,"value":1.5},{"startTime":3200.0,"endTime":4736.0,"value":1.8},{"startTime":4736.0,"endTime":5152.0,"value":1.6},{"startTime":5152.0,"endTime":5760.0,"value":1.5},{"startTime":5760.0,"endTime":5920.0,"value":1.6},{"startTime":5920.0,"endTime":6048.0,"value":1.7},{"startTime":6048.0,"endTime":6784.0,"value":1.8},{"startTime":6784.0,"endTime":7232.0,"value":1.5},{"startTime":7232.0,"endTime":9088.0,"value":1.8},{"startTime":9088.0,"endTime":9472.0,"value":1.6},{"startTime":9472.0,"endTime":9600.0,"value":1.7},{"startTime":9600.0,"endTime":1000000000.0,"value":1.8}],"judgeLineMoveEvents":[{"startTime":-999999.0,"endTime":64.0,"start":0.5,"end":0.5,"start2":0.5,"end2":0.5},{"startTime":64.0,"endTime":128.0,"start":0.5,"end":0.5,"start2":0.5,"end2":0.1},{"startTime":128.0,"endTime":1120.0,"start":0.5,"end":0.5,"start2":0.1,"end2":0.1},{"startTime":1120.0,"endTime":1152.0,"start":0.5,"end":0.5,"start2":0.1,"end2":0.2},{"startTime":1152.0,"endTime":1664.0,"start":0.5,"end":0.5,"start2":0.2,"end2":0.4},{"startTime":1664.0,"endTime":2176.0,"start":0.5,"end":0.5,"start2":0.4,"end2":0.4},{"startTime":2176.0,"endTime":2432.0,"start":0.5,"end":0.6,"start2":0.4,"end2":0.3},{"startTime":2432.0,"endTime":2688.0,"start":0.6,"end":0.5,"start2":0.3,"end2":0.2},{"startTime":2688.0,"endTime":2944.0,"start":0.5,"end":0.4,"start2":0.2,"end2":0.3},{"startTime":2944.0,"endTime":3200.0,"start":0.4,"end":0.5,"start2":0.3,"end2":0.2},{"startTime":3200.0,"endTime":3712.0,"start":0.5,"end":0.5,"start2":0.2,"end2":0.2},{"startTime":3712.0,"endTime":4096.0,"start":0.5,"end":0.5,"start2":0.2,"end2":0.1},{"startTime":4096.0,"endTime":4224.0,"start":0.5,"end":0.5,"start2":0.1,"end2":0.1},{"startTime":4224.0,"endTime":4288.0,"start":0.5,"end":0.5,"start2":0.1,"end2":0.2},{"startTime":4288.0,"endTime":4352.0,"start":0.5,"end":0.5,"start2":0.2,"end2":0.2},{"startTime":4352.0,"endTime":4368.0,"start":0.5,"end":0.44886363,"start2":0.2,"end2":0.2},{"startTime":4368.0,"endTime":4384.0,"start":0.44886363,"end":0.44886363,"start2":0.2,"end2":0.2},{"startTime":4384.0,"endTime":4400.0,"start":0.44886363,"end":0.44772726,"start2":0.2,"end2":0.25},{"startTime":4400.0,"endTime":4608.0,"start":0.44772726,"end":0.44772726,"start2":0.25,"end2":0.25},{"startTime":4608.0,"endTime":4624.0,"start":0.44772726,"end":0.4,"start2":0.25,"end2":0.3},{"startTime":4624.0,"endTime":4640.0,"start":0.4,"end":0.4,"start2":0.3,"end2":0.3},{"startTime":4640.0,"endTime":4656.0,"start":0.4,"end":0.4,"start2":0.3,"end2":0.25},{"startTime":4656.0,"endTime":4736.0,"start":0.4,"end":0.4,"start2":0.25,"end2":0.25},{"startTime":4736.0,"endTime":4800.0,"start":0.4,"end":0.34886363,"start2":0.25,"end2":0.3},{"startTime":4800.0,"endTime":4864.0,"start":0.34886363,"end":0.34886363,"start2":0.3,"end2":0.3},{"startTime":4864.0,"endTime":4880.0,"start":0.34886363,"end":0.4,"start2":0.3,"end2":0.3480769},{"startTime":4880.0,"endTime":4896.0,"start":0.4,"end":0.4,"start2":0.3480769,"end2":0.3480769},{"startTime":4896.0,"endTime":4912.0,"start":0.4,"end":0.4,"start2":0.3480769,"end2":0.4},{"startTime":4912.0,"endTime":4992.0,"start":0.4,"end":0.4,"start2":0.4,"end2":0.4},{"startTime":4992.0,"endTime":5024.0,"start":0.4,"end":0.44772726,"start2":0.4,"end2":0.44807693},{"startTime":5024.0,"endTime":5072.0,"start":0.44772726,"end":0.44772726,"start2":0.44807693,"end2":0.44807693},{"startTime":5072.0,"endTime":5104.0,"start":0.44772726,"end":0.5,"start2":0.44807693,"end2":0.44615385},{"startTime":5104.0,"endTime":5120.0,"start":0.5,"end":0.5,"start2":0.44615385,"end2":0.44615385},{"startTime":5120.0,"endTime":5136.0,"start":0.5,"end":0.5,"start2":0.44615385,"end2":0.5},{"startTime":5136.0,"endTime":5248.0,"start":0.5,"end":0.5,"start2":0.5,"end2":0.5},{"startTime":5248.0,"endTime":5504.0,"start":0.5,"end":0.6,"start2":0.5,"end2":0.4},{"startTime":5504.0,"endTime":5760.0,"start":0.6,"end":0.4,"start2":0.4,"end2":0.3},{"startTime":5760.0,"endTime":6016.0,"start":0.4,"end":0.3,"start2":0.3,"end2":0.2},{"startTime":6016.0,"endTime":6272.0,"start":0.3,"end":0.5,"start2":0.2,"end2":0.1},{"startTime":6272.0,"endTime":6400.0,"start":0.5,"end":0.5,"start2":0.1,"end2":0.1},{"startTime":6400.0,"endTime":6528.0,"start":0.5,"end":0.5,"start2":0.1,"end2":0.2},{"startTime":6528.0,"endTime":6656.0,"start":0.5,"end":0.5,"start2":0.2,"end2":0.1},{"startTime":6656.0,"endTime":7104.0,"start":0.5,"end":0.5,"start2":0.1,"end2":0.1},{"startTime":7104.0,"endTime":7120.0,"start":0.5,"end":0.5,"start2":0.15,"end2":0.15},{"startTime":7120.0,"endTime":7128.0,"start":0.5,"end":0.5,"start2":0.1,"end2":0.1},{"startTime":7128.0,"endTime":7136.0,"start":0.5,"end":0.5,"start2":0.15,"end2":0.15},{"startTime":7136.0,"endTime":7152.0,"start":0.5,"end":0.5,"start2":0.1,"end2":0.1},{"startTime":7152.0,"endTime":7168.0,"start":0.5,"end":0.5,"start2":0.15,"end2":0.15},{"startTime":7168.0,"endTime":7808.0,"start":0.5,"end":0.5,"start2":0.15,"end2":0.3},{"startTime":7808.0,"endTime":8064.0,"start":0.5,"end":0.6,"start2":0.3,"end2":0.2},{"startTime":8064.0,"endTime":8192.0,"start":0.6,"end":0.6,"start2":0.2,"end2":0.2},{"startTime":8192.0,"endTime":8320.0,"start":0.6,"end":0.5,"start2":0.2,"end2":0.1},{"startTime":8320.0,"endTime":8832.0,"start":0.5,"end":0.5,"start2":0.1,"end2":0.1},{"startTime":8832.0,"endTime":9344.0,"start":0.5,"end":0.5,"start2":0.1,"end2":0.29999998},{"startTime":9344.0,"endTime":9348.0,"start":0.5,"end":0.4998025,"start2":0.29999998,"end2":0.29990125},{"startTime":9348.0,"endTime":9352.0,"start":0.4998025,"end":0.499215,"start2":0.29990125,"end2":0.2996075},{"startTime":9352.0,"endTime":9356.0,"start":0.499215,"end":0.4982375,"start2":0.2996075,"end2":0.29911873},{"startTime":9356.0,"endTime":9360.0,"start":0.4982375,"end":0.49687,"start2":0.29911873,"end2":0.29843497},{"startTime":9360.0,"endTime":9364.0,"start":0.49687,"end":0.4951125,"start2":0.29843497,"end2":0.29755622},{"startTime":9364.0,"endTime":9368.0,"start":0.4951125,"end":0.492965,"start2":0.29755622,"end2":0.29648247},{"startTime":9368.0,"endTime":9372.0,"start":0.492965,"end":0.4904275,"start2":0.29648247,"end2":0.29521373},{"startTime":9372.0,"endTime":9376.0,"start":0.4904275,"end":0.4875,"start2":0.29521373,"end2":0.29375},{"startTime":9376.0,"endTime":9380.0,"start":0.4875,"end":0.4841775,"start2":0.29375,"end2":0.29208875},{"startTime":9380.0,"endTime":9384.0,"start":0.4841775,"end":0.480465,"start2":0.29208875,"end2":0.29023248},{"startTime":9384.0,"endTime":9388.0,"start":0.480465,"end":0.4763625,"start2":0.29023248,"end2":0.28818125},{"startTime":9388.0,"endTime":9392.0,"start":0.4763625,"end":0.47187,"start2":0.28818125,"end2":0.28593498},{"startTime":9392.0,"endTime":9396.0,"start":0.47187,"end":0.4669875,"start2":0.28593498,"end2":0.28349373},{"startTime":9396.0,"endTime":9400.0,"start":0.4669875,"end":0.46171498,"start2":0.28349373,"end2":0.2808575},{"startTime":9400.0,"endTime":9404.0,"start":0.46171498,"end":0.45605248,"start2":0.2808575,"end2":0.27802625},{"startTime":9404.0,"endTime":9408.0,"start":0.45605248,"end":0.45,"start2":0.27802625,"end2":0.27499998},{"startTime":9408.0,"endTime":9412.0,"start":0.45,"end":0.4439475,"start2":0.27499998,"end2":0.27197373},{"startTime":9412.0,"endTime":9416.0,"start":0.4439475,"end":0.438285,"start2":0.27197373,"end2":0.26914248},{"startTime":9416.0,"endTime":9420.0,"start":0.438285,"end":0.4330125,"start2":0.26914248,"end2":0.26650625},{"startTime":9420.0,"endTime":9424.0,"start":0.4330125,"end":0.42812997,"start2":0.26650625,"end2":0.264065},{"startTime":9424.0,"endTime":9428.0,"start":0.42812997,"end":0.42363748,"start2":0.264065,"end2":0.26181874},{"startTime":9428.0,"endTime":9432.0,"start":0.42363748,"end":0.41953498,"start2":0.26181874,"end2":0.2597675},{"startTime":9432.0,"endTime":9436.0,"start":0.41953498,"end":0.41582248,"start2":0.2597675,"end2":0.25791126},{"startTime":9436.0,"endTime":9440.0,"start":0.41582248,"end":0.41249996,"start2":0.25791126,"end2":0.25625},{"startTime":9440.0,"endTime":9444.0,"start":0.41249996,"end":0.40957248,"start2":0.25625,"end2":0.25478625},{"startTime":9444.0,"endTime":9448.0,"start":0.40957248,"end":0.40703496,"start2":0.25478625,"end2":0.2535175},{"startTime":9448.0,"endTime":9452.0,"start":0.40703496,"end":0.40488747,"start2":0.2535175,"end2":0.25244376},{"startTime":9452.0,"endTime":9456.0,"start":0.40488747,"end":0.40312997,"start2":0.25244376,"end2":0.251565},{"startTime":9456.0,"endTime":9460.0,"start":0.40312997,"end":0.4017625,"start2":0.251565,"end2":0.25088125},{"startTime":9460.0,"endTime":9464.0,"start":0.4017625,"end":0.40078497,"start2":0.25088125,"end2":0.2503925},{"startTime":9464.0,"endTime":9468.0,"start":0.40078497,"end":0.40019748,"start2":0.2503925,"end2":0.25009874},{"startTime":9468.0,"endTime":9472.0,"start":0.40019748,"end":0.39999998,"start2":0.25009874,"end2":0.25},{"startTime":9472.0,"endTime":9476.0,"start":0.39999998,"end":0.40019748,"start2":0.25,"end2":0.24990125},{"startTime":9476.0,"endTime":9480.0,"start":0.40019748,"end":0.40078497,"start2":0.24990125,"end2":0.2496075},{"startTime":9480.0,"endTime":9484.0,"start":0.40078497,"end":0.4017625,"start2":0.2496075,"end2":0.24911875},{"startTime":9484.0,"endTime":9488.0,"start":0.4017625,"end":0.40312997,"start2":0.24911875,"end2":0.248435},{"startTime":9488.0,"endTime":9492.0,"start":0.40312997,"end":0.40488747,"start2":0.248435,"end2":0.24755625},{"startTime":9492.0,"endTime":9496.0,"start":0.40488747,"end":0.40703496,"start2":0.24755625,"end2":0.2464825},{"startTime":9496.0,"endTime":9500.0,"start":0.40703496,"end":0.40957248,"start2":0.2464825,"end2":0.24521375},{"startTime":9500.0,"endTime":9504.0,"start":0.40957248,"end":0.41249996,"start2":0.24521375,"end2":0.24375},{"startTime":9504.0,"endTime":9508.0,"start":0.41249996,"end":0.41582248,"start2":0.24375,"end2":0.24208875},{"startTime":9508.0,"endTime":9512.0,"start":0.41582248,"end":0.41953498,"start2":0.24208875,"end2":0.2402325},{"startTime":9512.0,"endTime":9516.0,"start":0.41953498,"end":0.42363748,"start2":0.2402325,"end2":0.23818125},{"startTime":9516.0,"endTime":9520.0,"start":0.42363748,"end":0.42812997,"start2":0.23818125,"end2":0.235935},{"startTime":9520.0,"endTime":9524.0,"start":0.42812997,"end":0.4330125,"start2":0.235935,"end2":0.23349375},{"startTime":9524.0,"endTime":9528.0,"start":0.4330125,"end":0.438285,"start2":0.23349375,"end2":0.23085749},{"startTime":9528.0,"endTime":9532.0,"start":0.438285,"end":0.4439475,"start2":0.23085749,"end2":0.22802624},{"startTime":9532.0,"endTime":9540.0,"start":0.4439475,"end":0.45605248,"start2":0.22802624,"end2":0.22197375},{"startTime":9540.0,"endTime":9544.0,"start":0.45605248,"end":0.46171498,"start2":0.22197375,"end2":0.2191425},{"startTime":9544.0,"endTime":9548.0,"start":0.46171498,"end":0.4669875,"start2":0.2191425,"end2":0.21650624},{"startTime":9548.0,"endTime":9552.0,"start":0.4669875,"end":0.47187,"start2":0.21650624,"end2":0.21406499},{"startTime":9552.0,"endTime":9556.0,"start":0.47187,"end":0.4763625,"start2":0.21406499,"end2":0.21181874},{"startTime":9556.0,"endTime":9560.0,"start":0.4763625,"end":0.480465,"start2":0.21181874,"end2":0.20976749},{"startTime":9560.0,"endTime":9564.0,"start":0.480465,"end":0.4841775,"start2":0.20976749,"end2":0.20791124},{"startTime":9564.0,"endTime":9568.0,"start":0.4841775,"end":0.4875,"start2":0.20791124,"end2":0.20624998},{"startTime":9568.0,"endTime":9572.0,"start":0.4875,"end":0.4904275,"start2":0.20624998,"end2":0.20478624},{"startTime":9572.0,"endTime":9576.0,"start":0.4904275,"end":0.492965,"start2":0.20478624,"end2":0.20351748},{"startTime":9576.0,"endTime":9580.0,"start":0.492965,"end":0.4951125,"start2":0.20351748,"end2":0.20244373},{"startTime":9580.0,"endTime":9584.0,"start":0.4951125,"end":0.49687,"start2":0.20244373,"end2":0.20156498},{"startTime":9584.0,"endTime":9588.0,"start":0.49687,"end":0.4982375,"start2":0.20156498,"end2":0.20088124},{"startTime":9588.0,"endTime":9592.0,"start":0.4982375,"end":0.499215,"start2":0.20088124,"end2":0.20039248},{"startTime":9592.0,"endTime":9596.0,"start":0.499215,"end":0.4998025,"start2":0.20039248,"end2":0.20009874},{"startTime":9596.0,"endTime":9600.0,"start":0.4998025,"end":0.5,"start2":0.20009874,"end2":0.19999999},{"startTime":9600.0,"endTime":9604.0,"start":0.5,"end":0.50019747,"start2":0.19999999,"end2":0.19990124},{"startTime":9604.0,"endTime":9608.0,"start":0.50019747,"end":0.500785,"start2":0.19990124,"end2":0.19960749},{"startTime":9608.0,"endTime":9612.0,"start":0.500785,"end":0.5017625,"start2":0.19960749,"end2":0.19911873},{"startTime":9612.0,"endTime":9616.0,"start":0.5017625,"end":0.50313,"start2":0.19911873,"end2":0.198435},{"startTime":9616.0,"endTime":9620.0,"start":0.50313,"end":0.5048875,"start2":0.198435,"end2":0.19755624},{"startTime":9620.0,"endTime":9624.0,"start":0.5048875,"end":0.507035,"start2":0.19755624,"end2":0.1964825},{"startTime":9624.0,"endTime":9628.0,"start":0.507035,"end":0.5095725,"start2":0.1964825,"end2":0.19521374},{"startTime":9628.0,"endTime":9632.0,"start":0.5095725,"end":0.5125,"start2":0.19521374,"end2":0.19375},{"startTime":9632.0,"endTime":9636.0,"start":0.5125,"end":0.51582247,"start2":0.19375,"end2":0.19208874},{"startTime":9636.0,"endTime":9640.0,"start":0.51582247,"end":0.519535,"start2":0.19208874,"end2":0.19023249},{"startTime":9640.0,"endTime":9644.0,"start":0.519535,"end":0.5236375,"start2":0.19023249,"end2":0.18818124},{"startTime":9644.0,"endTime":9648.0,"start":0.5236375,"end":0.52813,"start2":0.18818124,"end2":0.18593499},{"startTime":9648.0,"endTime":9652.0,"start":0.52813,"end":0.5330125,"start2":0.18593499,"end2":0.18349373},{"startTime":9652.0,"endTime":9656.0,"start":0.5330125,"end":0.53828496,"start2":0.18349373,"end2":0.1808575},{"startTime":9656.0,"endTime":9660.0,"start":0.53828496,"end":0.54394746,"start2":0.1808575,"end2":0.17802624},{"startTime":9660.0,"endTime":9664.0,"start":0.54394746,"end":0.54999995,"start2":0.17802624,"end2":0.17499998},{"startTime":9664.0,"endTime":9668.0,"start":0.54999995,"end":0.5560525,"start2":0.17499998,"end2":0.17197374},{"startTime":9668.0,"endTime":9672.0,"start":0.5560525,"end":0.561715,"start2":0.17197374,"end2":0.16914248},{"startTime":9672.0,"endTime":9676.0,"start":0.561715,"end":0.56698745,"start2":0.16914248,"end2":0.16650625},{"startTime":9676.0,"endTime":9680.0,"start":0.56698745,"end":0.57186997,"start2":0.16650625,"end2":0.16406499},{"startTime":9680.0,"endTime":9684.0,"start":0.57186997,"end":0.5763625,"start2":0.16406499,"end2":0.16181874},{"startTime":9684.0,"endTime":9688.0,"start":0.5763625,"end":0.58046496,"start2":0.16181874,"end2":0.1597675},{"startTime":9688.0,"endTime":9692.0,"start":0.58046496,"end":0.58417743,"start2":0.1597675,"end2":0.15791124},{"startTime":9692.0,"endTime":9696.0,"start":0.58417743,"end":0.5875,"start2":0.15791124,"end2":0.15624999},{"startTime":9696.0,"endTime":9700.0,"start":0.5875,"end":0.59042746,"start2":0.15624999,"end2":0.15478624},{"startTime":9700.0,"endTime":9704.0,"start":0.59042746,"end":0.59296495,"start2":0.15478624,"end2":0.15351748},{"startTime":9704.0,"endTime":9708.0,"start":0.59296495,"end":0.59511244,"start2":0.15351748,"end2":0.15244374},{"startTime":9708.0,"endTime":9712.0,"start":0.59511244,"end":0.59686995,"start2":0.15244374,"end2":0.15156499},{"startTime":9712.0,"endTime":9716.0,"start":0.59686995,"end":0.59823745,"start2":0.15156499,"end2":0.15088125},{"startTime":9716.0,"endTime":9720.0,"start":0.59823745,"end":0.599215,"start2":0.15088125,"end2":0.15039249},{"startTime":9720.0,"endTime":9724.0,"start":0.599215,"end":0.5998025,"start2":0.15039249,"end2":0.15009874},{"startTime":9724.0,"endTime":9728.0,"start":0.5998025,"end":0.59999996,"start2":0.15009874,"end2":0.14999999},{"startTime":9728.0,"endTime":9729.0,"start":0.59999996,"end":0.5999775,"start2":0.14999999,"end2":0.14998874},{"startTime":9729.0,"endTime":9730.0,"start":0.5999775,"end":0.59991163,"start2":0.14998874,"end2":0.14995582},{"startTime":9730.0,"endTime":9731.0,"start":0.59991163,"end":0.5998025,"start2":0.14995582,"end2":0.14990124},{"startTime":9731.0,"endTime":9732.0,"start":0.5998025,"end":0.59964997,"start2":0.14990124,"end2":0.14982499},{"startTime":9732.0,"endTime":9733.0,"start":0.59964997,"end":0.5994541,"start2":0.14982499,"end2":0.14972708},{"startTime":9733.0,"endTime":9734.0,"start":0.5994541,"end":0.599215,"start2":0.14972708,"end2":0.1496075},{"startTime":9734.0,"endTime":9735.0,"start":0.599215,"end":0.59893245,"start2":0.1496075,"end2":0.14946625},{"startTime":9735.0,"endTime":9736.0,"start":0.59893245,"end":0.59860665,"start2":0.14946625,"end2":0.14930332},{"startTime":9736.0,"endTime":9737.0,"start":0.59860665,"end":0.59823745,"start2":0.14930332,"end2":0.14911874},{"startTime":9737.0,"endTime":9738.0,"start":0.59823745,"end":0.597825,"start2":0.14911874,"end2":0.14891249},{"startTime":9738.0,"endTime":9739.0,"start":0.597825,"end":0.59736913,"start2":0.14891249,"end2":0.14868458},{"startTime":9739.0,"endTime":9740.0,"start":0.59736913,"end":0.59686995,"start2":0.14868458,"end2":0.148435},{"startTime":9740.0,"endTime":9741.0,"start":0.59686995,"end":0.5963275,"start2":0.148435,"end2":0.14816374},{"startTime":9741.0,"endTime":9742.0,"start":0.5963275,"end":0.5957416,"start2":0.14816374,"end2":0.14787082},{"startTime":9742.0,"endTime":9743.0,"start":0.5957416,"end":0.59511244,"start2":0.14787082,"end2":0.14755625},{"startTime":9743.0,"endTime":9744.0,"start":0.59511244,"end":0.59444,"start2":0.14755625,"end2":0.14721999},{"startTime":9744.0,"endTime":9745.0,"start":0.59444,"end":0.59372413,"start2":0.14721999,"end2":0.14686207},{"startTime":9745.0,"endTime":9746.0,"start":0.59372413,"end":0.59296495,"start2":0.14686207,"end2":0.1464825},{"startTime":9746.0,"endTime":9747.0,"start":0.59296495,"end":0.5921625,"start2":0.1464825,"end2":0.14608124},{"startTime":9747.0,"endTime":9748.0,"start":0.5921625,"end":0.59131664,"start2":0.14608124,"end2":0.14565833},{"startTime":9748.0,"endTime":9749.0,"start":0.59131664,"end":0.59042746,"start2":0.14565833,"end2":0.14521374},{"startTime":9749.0,"endTime":9750.0,"start":0.59042746,"end":0.58949494,"start2":0.14521374,"end2":0.1447475},{"startTime":9750.0,"endTime":9751.0,"start":0.58949494,"end":0.58851916,"start2":0.1447475,"end2":0.14425957},{"startTime":9751.0,"endTime":9752.0,"start":0.58851916,"end":0.5875,"start2":0.14425957,"end2":0.14375},{"startTime":9752.0,"endTime":9753.0,"start":0.5875,"end":0.5864358,"start2":0.14375,"end2":0.1432179},{"startTime":9753.0,"endTime":9754.0,"start":0.5864358,"end":0.5853283,"start2":0.1432179,"end2":0.14266416},{"startTime":9754.0,"endTime":9755.0,"start":0.5853283,"end":0.5841775,"start2":0.14266416,"end2":0.14208874},{"startTime":9755.0,"endTime":9756.0,"start":0.5841775,"end":0.5829833,"start2":0.14208874,"end2":0.14149167},{"startTime":9756.0,"endTime":9757.0,"start":0.5829833,"end":0.5817458,"start2":0.14149167,"end2":0.14087291},{"startTime":9757.0,"endTime":9758.0,"start":0.5817458,"end":0.58046496,"start2":0.14087291,"end2":0.14023249},{"startTime":9758.0,"endTime":9759.0,"start":0.58046496,"end":0.5791408,"start2":0.14023249,"end2":0.13957042},{"startTime":9759.0,"endTime":9760.0,"start":0.5791408,"end":0.5777733,"start2":0.13957042,"end2":0.13888666},{"startTime":9760.0,"endTime":9761.0,"start":0.5777733,"end":0.5763625,"start2":0.13888666,"end2":0.13818124},{"startTime":9761.0,"endTime":9762.0,"start":0.5763625,"end":0.5749083,"start2":0.13818124,"end2":0.13745417},{"startTime":9762.0,"endTime":9763.0,"start":0.5749083,"end":0.5734108,"start2":0.13745417,"end2":0.13670541},{"startTime":9763.0,"endTime":9764.0,"start":0.5734108,"end":0.57186997,"start2":0.13670541,"end2":0.135935},{"startTime":9764.0,"endTime":9765.0,"start":0.57186997,"end":0.5702858,"start2":0.135935,"end2":0.13514291},{"startTime":9765.0,"endTime":9766.0,"start":0.5702858,"end":0.5686583,"start2":0.13514291,"end2":0.13432916},{"startTime":9766.0,"endTime":9767.0,"start":0.5686583,"end":0.56698745,"start2":0.13432916,"end2":0.13349374},{"startTime":9767.0,"endTime":9768.0,"start":0.56698745,"end":0.56527334,"start2":0.13349374,"end2":0.13263667},{"startTime":9768.0,"endTime":9769.0,"start":0.56527334,"end":0.5635158,"start2":0.13263667,"end2":0.1317579},{"startTime":9769.0,"endTime":9770.0,"start":0.5635158,"end":0.561715,"start2":0.1317579,"end2":0.1308575},{"startTime":9770.0,"endTime":9771.0,"start":0.561715,"end":0.55987084,"start2":0.1308575,"end2":0.12993541},{"startTime":9771.0,"endTime":9772.0,"start":0.55987084,"end":0.5579833,"start2":0.12993541,"end2":0.12899165},{"startTime":9772.0,"endTime":9773.0,"start":0.5579833,"end":0.5560525,"start2":0.12899165,"end2":0.12802625},{"startTime":9773.0,"endTime":9774.0,"start":0.5560525,"end":0.55407834,"start2":0.12802625,"end2":0.12703916},{"startTime":9774.0,"endTime":9775.0,"start":0.55407834,"end":0.5520608,"start2":0.12703916,"end2":0.1260304},{"startTime":9775.0,"endTime":9776.0,"start":0.5520608,"end":0.54999995,"start2":0.1260304,"end2":0.12499999},{"startTime":9776.0,"endTime":9777.0,"start":0.54999995,"end":0.5479392,"start2":0.12499999,"end2":0.12396958},{"startTime":9777.0,"endTime":9778.0,"start":0.5479392,"end":0.5459216,"start2":0.12396958,"end2":0.12296083},{"startTime":9778.0,"endTime":9779.0,"start":0.5459216,"end":0.54394746,"start2":0.12296083,"end2":0.121973746},{"startTime":9779.0,"endTime":9780.0,"start":0.54394746,"end":0.5420166,"start2":0.121973746,"end2":0.12100833},{"startTime":9780.0,"endTime":9781.0,"start":0.5420166,"end":0.5401291,"start2":0.12100833,"end2":0.12006458},{"startTime":9781.0,"endTime":9782.0,"start":0.5401291,"end":0.53828496,"start2":0.12006458,"end2":0.119142495},{"startTime":9782.0,"endTime":9783.0,"start":0.53828496,"end":0.5364841,"start2":0.119142495,"end2":0.11824208},{"startTime":9783.0,"endTime":9784.0,"start":0.5364841,"end":0.5347267,"start2":0.11824208,"end2":0.117363326},{"startTime":9784.0,"endTime":9785.0,"start":0.5347267,"end":0.5330125,"start2":0.117363326,"end2":0.11650624},{"startTime":9785.0,"endTime":9786.0,"start":0.5330125,"end":0.5313417,"start2":0.11650624,"end2":0.11567082},{"startTime":9786.0,"endTime":9787.0,"start":0.5313417,"end":0.52971417,"start2":0.11567082,"end2":0.11485708},{"startTime":9787.0,"endTime":9788.0,"start":0.52971417,"end":0.52813,"start2":0.11485708,"end2":0.11406499},{"startTime":9788.0,"endTime":9789.0,"start":0.52813,"end":0.52658916,"start2":0.11406499,"end2":0.11329458},{"startTime":9789.0,"endTime":9790.0,"start":0.52658916,"end":0.52509165,"start2":0.11329458,"end2":0.112545826},{"startTime":9790.0,"endTime":9791.0,"start":0.52509165,"end":0.5236375,"start2":0.112545826,"end2":0.111818746},{"startTime":9791.0,"endTime":9792.0,"start":0.5236375,"end":0.52222663,"start2":0.111818746,"end2":0.111113325},{"startTime":9792.0,"endTime":9793.0,"start":0.52222663,"end":0.5208592,"start2":0.111113325,"end2":0.110429585},{"startTime":9793.0,"endTime":9794.0,"start":0.5208592,"end":0.519535,"start2":0.110429585,"end2":0.1097675},{"startTime":9794.0,"endTime":9795.0,"start":0.519535,"end":0.51825416,"start2":0.1097675,"end2":0.109127074},{"startTime":9795.0,"endTime":9796.0,"start":0.51825416,"end":0.51701665,"start2":0.109127074,"end2":0.10850833},{"startTime":9796.0,"endTime":9797.0,"start":0.51701665,"end":0.5158225,"start2":0.10850833,"end2":0.107911244},{"startTime":9797.0,"endTime":9798.0,"start":0.5158225,"end":0.5146717,"start2":0.107911244,"end2":0.10733582},{"startTime":9798.0,"endTime":9799.0,"start":0.5146717,"end":0.51356417,"start2":0.10733582,"end2":0.10678208},{"startTime":9799.0,"endTime":9800.0,"start":0.51356417,"end":0.5125,"start2":0.10678208,"end2":0.106249996},{"startTime":9800.0,"endTime":9801.0,"start":0.5125,"end":0.5114808,"start2":0.106249996,"end2":0.105740406},{"startTime":9801.0,"endTime":9802.0,"start":0.5114808,"end":0.510505,"start2":0.105740406,"end2":0.1052525},{"startTime":9802.0,"endTime":9803.0,"start":0.510505,"end":0.5095725,"start2":0.1052525,"end2":0.10478624},{"startTime":9803.0,"endTime":9804.0,"start":0.5095725,"end":0.5086833,"start2":0.10478624,"end2":0.104341656},{"startTime":9804.0,"endTime":9805.0,"start":0.5086833,"end":0.50783753,"start2":0.104341656,"end2":0.103918746},{"startTime":9805.0,"endTime":9806.0,"start":0.50783753,"end":0.507035,"start2":0.103918746,"end2":0.103517495},{"startTime":9806.0,"endTime":9807.0,"start":0.507035,"end":0.50627583,"start2":0.103517495,"end2":0.10313791},{"startTime":9807.0,"endTime":9808.0,"start":0.50627583,"end":0.50556,"start2":0.10313791,"end2":0.10278},{"startTime":9808.0,"endTime":9809.0,"start":0.50556,"end":0.5048875,"start2":0.10278,"end2":0.10244375},{"startTime":9809.0,"endTime":9810.0,"start":0.5048875,"end":0.50425833,"start2":0.10244375,"end2":0.10212916},{"startTime":9810.0,"endTime":9811.0,"start":0.50425833,"end":0.5036725,"start2":0.10212916,"end2":0.10183625},{"startTime":9811.0,"endTime":9812.0,"start":0.5036725,"end":0.50313,"start2":0.10183625,"end2":0.101564996},{"startTime":9812.0,"endTime":9813.0,"start":0.50313,"end":0.50263083,"start2":0.101564996,"end2":0.10131541},{"startTime":9813.0,"endTime":9814.0,"start":0.50263083,"end":0.502175,"start2":0.10131541,"end2":0.101087496},{"startTime":9814.0,"endTime":9815.0,"start":0.502175,"end":0.5017625,"start2":0.101087496,"end2":0.10088124},{"startTime":9815.0,"endTime":9816.0,"start":0.5017625,"end":0.5013933,"start2":0.10088124,"end2":0.10069666},{"startTime":9816.0,"endTime":9817.0,"start":0.5013933,"end":0.5010675,"start2":0.10069666,"end2":0.10053374},{"startTime":9817.0,"endTime":9818.0,"start":0.5010675,"end":0.500785,"start2":0.10053374,"end2":0.10039249},{"startTime":9818.0,"endTime":9819.0,"start":0.500785,"end":0.5005458,"start2":0.10039249,"end2":0.10027291},{"startTime":9819.0,"endTime":9820.0,"start":0.5005458,"end":0.50035,"start2":0.10027291,"end2":0.10017499},{"startTime":9820.0,"endTime":9821.0,"start":0.50035,"end":0.50019747,"start2":0.10017499,"end2":0.100098744},{"startTime":9821.0,"endTime":9822.0,"start":0.50019747,"end":0.50008833,"start2":0.100098744,"end2":0.10004416},{"startTime":9822.0,"endTime":9823.0,"start":0.50008833,"end":0.5000225,"start2":0.10004416,"end2":0.100011244},{"startTime":9823.0,"endTime":9824.0,"start":0.5000225,"end":0.5,"start2":0.100011244,"end2":0.099999994},{"startTime":9824.0,"endTime":1000000000.0,"start":0.5,"end":0.5,"start2":0.099999994,"end2":0.099999994}],"judgeLineRotateEvents":[{"startTime":-999999.0,"endTime":2176.0,"start":0.0,"end":0.0},{"startTime":2176.0,"endTime":2432.0,"start":0.0,"end":15.0},{"startTime":2432.0,"endTime":2944.0,"start":15.0,"end":-15.0},{"startTime":2944.0,"endTime":3200.0,"start":-15.0,"end":0.0},{"startTime":3200.0,"endTime":4096.0,"start":0.0,"end":0.0},{"startTime":4096.0,"endTime":4160.0,"start":0.0,"end":-20.0},{"startTime":4160.0,"endTime":4224.0,"start":-20.0,"end":0.0},{"startTime":4224.0,"endTime":4480.0,"start":0.0,"end":0.0},{"startTime":4480.0,"endTime":4544.0,"start":0.0,"end":-15.0},{"startTime":4544.0,"endTime":4560.0,"start":-15.0,"end":-15.0},{"startTime":4560.0,"endTime":4592.0,"start":-15.0,"end":-25.0},{"startTime":4592.0,"endTime":4736.0,"start":-25.0,"end":-25.0},{"startTime":4736.0,"endTime":4800.0,"start":-25.0,"end":-20.0},{"startTime":4800.0,"endTime":4864.0,"start":-20.0,"end":-20.0},{"startTime":4864.0,"endTime":4880.0,"start":-20.0,"end":-15.0},{"startTime":4880.0,"endTime":4992.0,"start":-15.0,"end":-15.0},{"startTime":4992.0,"endTime":5024.0,"start":-15.0,"end":-10.0},{"startTime":5024.0,"endTime":5072.0,"start":-10.0,"end":-10.0},{"startTime":5072.0,"endTime":5104.0,"start":-10.0,"end":-5.0},{"startTime":5104.0,"endTime":5152.0,"start":-5.0,"end":-5.0},{"startTime":5152.0,"endTime":5168.0,"start":-5.0,"end":0.0},{"startTime":5168.0,"endTime":5248.0,"start":0.0,"end":0.0},{"startTime":5248.0,"endTime":5504.0,"start":0.0,"end":10.0},{"startTime":5504.0,"endTime":5760.0,"start":10.0,"end":10.0},{"startTime":5760.0,"endTime":6016.0,"start":10.0,"end":-10.0},{"startTime":6016.0,"endTime":6272.0,"start":-10.0,"end":0.0},{"startTime":6272.0,"endTime":6784.0,"start":0.0,"end":0.0},{"startTime":6784.0,"endTime":6848.0,"start":0.0,"end":5.0},{"startTime":6848.0,"endTime":6856.0,"start":-5.0,"end":-5.0},{"startTime":6856.0,"endTime":6864.0,"start":5.0,"end":5.0},{"startTime":6864.0,"endTime":6872.0,"start":-5.0,"end":-5.0},{"startTime":6872.0,"endTime":6880.0,"start":5.0,"end":5.0},{"startTime":6880.0,"endTime":6888.0,"start":-5.0,"end":-5.0},{"startTime":6888.0,"endTime":6896.0,"start":5.0,"end":5.0},{"startTime":6896.0,"endTime":6904.0,"start":-5.0,"end":-5.0},{"startTime":6904.0,"endTime":6912.0,"start":5.0,"end":5.0},{"startTime":6912.0,"endTime":6976.0,"start":10.0,"end":0.0},{"startTime":6976.0,"endTime":6992.0,"start":-10.0,"end":-10.0},{"startTime":6992.0,"endTime":7000.0,"start":10.0,"end":10.0},{"startTime":7000.0,"endTime":7008.0,"start":-10.0,"end":-10.0},{"startTime":7008.0,"endTime":7024.0,"start":10.0,"end":10.0},{"startTime":7024.0,"endTime":7040.0,"start":-10.0,"end":-10.0},{"startTime":7040.0,"endTime":7104.0,"start":-10.0,"end":0.0},{"startTime":7104.0,"endTime":7808.0,"start":0.0,"end":0.0},{"startTime":7808.0,"endTime":8064.0,"start":0.0,"end":15.0},{"startTime":8064.0,"endTime":8192.0,"start":15.0,"end":15.0},{"startTime":8192.0,"endTime":8320.0,"start":15.0,"end":0.0},{"startTime":8320.0,"endTime":1000000000.0,"start":0.0,"end":0.0}],"judgeLineDisappearEvents":[{"startTime":-999999.0,"endTime":1000000000.0,"start":1.0,"end":1.0}]}]}