{"formatVersion":3,"offset":0.0,"judgeLineList":[{"bpm":180.0,"notesAbove":[{"type":1,"time":640,"positionX":-2.914189,"holdTime":0.0,"speed":1.0,"floorPosition":10.0},{"type":1,"time":704,"positionX":2.030586,"holdTime":0.0,"speed":1.0,"floorPosition":11.0},{"type":1,"time":800,"positionX":-3.101105,"holdTime":0.0,"speed":1.0,"floorPosition":12.5},{"type":1,"time":832,"positionX":1.928631,"holdTime":0.0,"speed":1.0,"floorPosition":13.0},{"type":1,"time":896,"positionX":-4.341546,"holdTime":0.0,"speed":1.0,"floorPosition":14.0},{"type":1,"time":960,"positionX":4.018692,"holdTime":0.0,"speed":1.0,"floorPosition":15.0},{"type":1,"time":1056,"positionX":-3.372982,"holdTime":0.0,"speed":1.0,"floorPosition":16.5},{"type":1,"time":1088,"positionX":1.758709,"holdTime":0.0,"speed":1.0,"floorPosition":17.0},{"type":2,"time":1104,"positionX":1.639762,"holdTime":0.0,"speed":1.0,"floorPosition":17.25},{"type":2,"time":1120,"positionX":1.62277,"holdTime":0.0,"speed":1.0,"floorPosition":17.5},{"type":3,"time":1152,"positionX":-2.659304,"holdTime":64.0,"speed":1.6,"floorPosition":18.0},{"type":1,"time":1184,"positionX":2.472387,"holdTime":0.0,"speed":1.0,"floorPosition":18.533333},{"type":1,"time":1248,"positionX":2.795242,"holdTime":0.0,"speed":1.0,"floorPosition":19.6},{"type":1,"time":1312,"positionX":2.625319,"holdTime":0.0,"speed":1.0,"floorPosition":20.666666},{"type":3,"time":1344,"positionX":-2.353441,"holdTime":32.0,"speed":1.6,"floorPosition":21.2},{"type":1,"time":1376,"positionX":2.540356,"holdTime":0.0,"speed":1.0,"floorPosition":21.733334},{"type":3,"time":1408,"positionX":-3.305013,"holdTime":64.0,"speed":1.6,"floorPosition":22.266666},{"type":1,"time":1440,"positionX":2.676295,"holdTime":0.0,"speed":1.0,"floorPosition":22.8},{"type":1,"time":1504,"positionX":1.775702,"holdTime":0.0,"speed":1.0,"floorPosition":23.866667},{"type":1,"time":1568,"positionX":2.625319,"holdTime":0.0,"speed":1.0,"floorPosition":25.0},{"type":3,"time":1600,"positionX":-1.724724,"holdTime":32.0,"speed":1.7,"floorPosition":25.566668},{"type":1,"time":1632,"positionX":3.542905,"holdTime":0.0,"speed":1.0,"floorPosition":26.133333},{"type":3,"time":1664,"positionX":-3.899745,"holdTime":64.0,"speed":1.8,"floorPosition":26.7},{"type":1,"time":1696,"positionX":1.962618,"holdTime":0.0,"speed":1.0,"floorPosition":27.300001},{"type":1,"time":1760,"positionX":3.322005,"holdTime":0.0,"speed":1.0,"floorPosition":28.5},{"type":1,"time":1824,"positionX":1.503822,"holdTime":0.0,"speed":1.0,"floorPosition":29.7},{"type":3,"time":1856,"positionX":-2.353441,"holdTime":32.0,"speed":1.8,"floorPosition":30.300001},{"type":1,"time":1888,"positionX":2.71028,"holdTime":0.0,"speed":1.0,"floorPosition":30.900002},{"type":3,"time":1920,"positionX":-4.018691,"holdTime":64.0,"speed":1.8,"floorPosition":31.5},{"type":1,"time":1952,"positionX":3.695837,"holdTime":0.0,"speed":1.0,"floorPosition":32.100002},{"type":1,"time":2016,"positionX":2.149533,"holdTime":0.0,"speed":1.0,"floorPosition":33.3},{"type":1,"time":2080,"positionX":-1.384877,"holdTime":0.0,"speed":1.0,"floorPosition":34.5},{"type":3,"time":2112,"positionX":2.149533,"holdTime":32.0,"speed":1.8,"floorPosition":35.100002},{"type":1,"time":2144,"positionX":-4.018691,"holdTime":0.0,"speed":1.0,"floorPosition":35.7},{"type":1,"time":2176,"positionX":1.418861,"holdTime":0.0,"speed":1.0,"floorPosition":36.3},{"type":1,"time":2208,"positionX":-2.48938,"holdTime":0.0,"speed":1.0,"floorPosition":36.9},{"type":1,"time":2224,"positionX":1.5548,"holdTime":0.0,"speed":1.0,"floorPosition":37.2},{"type":1,"time":2256,"positionX":-3.305013,"holdTime":0.0,"speed":1.0,"floorPosition":37.8},{"type":1,"time":2272,"positionX":1.435853,"holdTime":0.0,"speed":1.0,"floorPosition":38.100002},{"type":1,"time":2304,"positionX":-2.48938,"holdTime":0.0,"speed":1.0,"floorPosition":38.7},{"type":3,"time":2368,"positionX":-1.62277,"holdTime":64.0,"speed":1.8,"floorPosition":39.9},{"type":1,"time":2464,"positionX":0.8071365,"holdTime":0.0,"speed":1.0,"floorPosition":41.7},{"type":1,"time":2480,"positionX":-3.406967,"holdTime":0.0,"speed":1.0,"floorPosition":42.0},{"type":1,"time":2528,"positionX":-1.503823,"holdTime":0.0,"speed":1.0,"floorPosition":42.9},{"type":3,"time":2560,"positionX":1.316908,"holdTime":32.0,"speed":1.8,"floorPosition":43.5},{"type":3,"time":2624,"positionX":-2.387425,"holdTime":64.0,"speed":1.8,"floorPosition":44.7},{"type":1,"time":2720,"positionX":1.639762,"holdTime":0.0,"speed":1.0,"floorPosition":46.5},{"type":1,"time":2736,"positionX":-2.931181,"holdTime":0.0,"speed":1.0,"floorPosition":46.8},{"type":1,"time":2768,"positionX":2.234495,"holdTime":0.0,"speed":1.0,"floorPosition":47.4},{"type":1,"time":2784,"positionX":-2.812235,"holdTime":0.0,"speed":1.0,"floorPosition":47.7},{"type":1,"time":2816,"positionX":1.537808,"holdTime":0.0,"speed":1.0,"floorPosition":48.3},{"type":3,"time":2880,"positionX":-1.962616,"holdTime":64.0,"speed":1.8,"floorPosition":49.5},{"type":1,"time":2976,"positionX":1.571794,"holdTime":0.0,"speed":1.0,"floorPosition":51.3},{"type":1,"time":2992,"positionX":-2.84622,"holdTime":0.0,"speed":1.0,"floorPosition":51.6},{"type":1,"time":3024,"positionX":1.571794,"holdTime":0.0,"speed":1.0,"floorPosition":52.2},{"type":1,"time":3040,"positionX":-3.440952,"holdTime":0.0,"speed":1.0,"floorPosition":52.5},{"type":2,"time":3088,"positionX":-0.5012741,"holdTime":0.0,"speed":1.0,"floorPosition":53.4},{"type":2,"time":3104,"positionX":-0.2463894,"holdTime":0.0,"speed":1.0,"floorPosition":53.7},{"type":2,"time":3120,"positionX":0.5541393,"holdTime":0.0,"speed":1.0,"floorPosition":54.0},{"type":2,"time":3136,"positionX":1.402931,"holdTime":0.0,"speed":1.0,"floorPosition":54.3},{"type":1,"time":3200,"positionX":-2.744265,"holdTime":0.0,"speed":1.0,"floorPosition":55.5},{"type":1,"time":3232,"positionX":0.4672899,"holdTime":0.0,"speed":1.0,"floorPosition":56.1},{"type":1,"time":3248,"positionX":-2.914189,"holdTime":0.0,"speed":1.0,"floorPosition":56.4},{"type":1,"time":3280,"positionX":1.163977,"holdTime":0.0,"speed":1.0,"floorPosition":57.0},{"type":1,"time":3296,"positionX":-2.659304,"holdTime":0.0,"speed":1.0,"floorPosition":57.3},{"type":1,"time":3328,"positionX":1.079015,"holdTime":0.0,"speed":1.0,"floorPosition":57.9},{"type":3,"time":3392,"positionX":-2.404418,"holdTime":64.0,"speed":1.8,"floorPosition":59.1},{"type":1,"time":3488,"positionX":3.033135,"holdTime":0.0,"speed":1.0,"floorPosition":60.9},{"type":1,"time":3504,"positionX":0.008496284,"holdTime":0.0,"speed":1.0,"floorPosition":61.2},{"type":1,"time":3536,"positionX":-4.953271,"holdTime":0.0,"speed":1.0,"floorPosition":61.8},{"type":1,"time":3552,"positionX":0.07646561,"holdTime":0.0,"speed":1.0,"floorPosition":62.1},{"type":1,"time":3584,"positionX":-2.523365,"holdTime":0.0,"speed":1.0,"floorPosition":62.7},{"type":3,"time":3648,"positionX":-2.353441,"holdTime":64.0,"speed":1.8,"floorPosition":63.9},{"type":1,"time":3744,"positionX":1.350893,"holdTime":0.0,"speed":1.0,"floorPosition":65.7},{"type":1,"time":3760,"positionX":-2.965165,"holdTime":0.0,"speed":1.0,"floorPosition":66.0},{"type":1,"time":3792,"positionX":2.251487,"holdTime":0.0,"speed":1.0,"floorPosition":66.6},{"type":1,"time":3808,"positionX":-2.387425,"holdTime":0.0,"speed":1.0,"floorPosition":66.9},{"type":1,"time":3840,"positionX":1.877655,"holdTime":0.0,"speed":1.0,"floorPosition":67.5},{"type":3,"time":3904,"positionX":-3.831776,"holdTime":64.0,"speed":1.8,"floorPosition":68.7},{"type":1,"time":4000,"positionX":-0.4333048,"holdTime":0.0,"speed":1.0,"floorPosition":70.5},{"type":1,"time":4016,"positionX":-3.814783,"holdTime":0.0,"speed":1.0,"floorPosition":70.8},{"type":1,"time":4048,"positionX":2.591334,"holdTime":0.0,"speed":1.0,"floorPosition":71.4},{"type":1,"time":4064,"positionX":-1.741716,"holdTime":0.0,"speed":1.0,"floorPosition":71.7},{"type":2,"time":4112,"positionX":1.282922,"holdTime":0.0,"speed":1.0,"floorPosition":72.6},{"type":2,"time":4128,"positionX":1.877655,"holdTime":0.0,"speed":1.0,"floorPosition":72.9},{"type":2,"time":4144,"positionX":2.336449,"holdTime":0.0,"speed":1.0,"floorPosition":73.2},{"type":1,"time":4160,"positionX":-3.729822,"holdTime":0.0,"speed":1.0,"floorPosition":73.5},{"type":1,"time":4184,"positionX":1.588785,"holdTime":0.0,"speed":1.0,"floorPosition":73.95},{"type":1,"time":4208,"positionX":-1.605778,"holdTime":0.0,"speed":1.0,"floorPosition":74.4},{"type":2,"time":4224,"positionX":0.5692444,"holdTime":0.0,"speed":1.0,"floorPosition":74.7},{"type":2,"time":4240,"positionX":-0.1784201,"holdTime":0.0,"speed":1.0,"floorPosition":75.0},{"type":2,"time":4256,"positionX":-0.1142268,"holdTime":0.0,"speed":1.0,"floorPosition":75.3},{"type":2,"time":4272,"positionX":-0.1104507,"holdTime":0.0,"speed":1.0,"floorPosition":75.6},{"type":2,"time":4288,"positionX":-0.1104507,"holdTime":0.0,"speed":1.0,"floorPosition":75.9},{"type":2,"time":4304,"positionX":-0.7315202,"holdTime":0.0,"speed":1.0,"floorPosition":76.2},{"type":2,"time":4320,"positionX":-1.062022,"holdTime":0.0,"speed":1.0,"floorPosition":76.5},{"type":2,"time":4336,"positionX":-1.384877,"holdTime":0.0,"speed":1.0,"floorPosition":76.8},{"type":2,"time":4352,"positionX":-1.91164,"holdTime":0.0,"speed":1.0,"floorPosition":77.1},{"type":2,"time":4368,"positionX":-1.91164,"holdTime":0.0,"speed":1.0,"floorPosition":77.4},{"type":2,"time":4384,"positionX":-1.011045,"holdTime":0.0,"speed":1.0,"floorPosition":77.7},{"type":2,"time":4400,"positionX":-0.3483429,"holdTime":0.0,"speed":1.0,"floorPosition":78.0},{"type":2,"time":4416,"positionX":0.2293963,"holdTime":0.0,"speed":1.0,"floorPosition":78.3},{"type":2,"time":4432,"positionX":0.5352594,"holdTime":0.0,"speed":1.0,"floorPosition":78.6},{"type":2,"time":4448,"positionX":0.9840576,"holdTime":0.0,"speed":1.0,"floorPosition":78.9},{"type":2,"time":4464,"positionX":1.231946,"holdTime":0.0,"speed":1.0,"floorPosition":79.2},{"type":2,"time":4480,"positionX":1.180968,"holdTime":0.0,"speed":1.0,"floorPosition":79.5},{"type":2,"time":4496,"positionX":0.8241291,"holdTime":0.0,"speed":1.0,"floorPosition":79.8},{"type":2,"time":4512,"positionX":0.535259,"holdTime":0.0,"speed":1.0,"floorPosition":80.1},{"type":2,"time":4528,"positionX":-0.2333947,"holdTime":0.0,"speed":1.0,"floorPosition":80.4},{"type":2,"time":4544,"positionX":-0.7391672,"holdTime":0.0,"speed":1.0,"floorPosition":80.7},{"type":2,"time":4560,"positionX":-1.04503,"holdTime":0.0,"speed":1.0,"floorPosition":81.0},{"type":2,"time":4576,"positionX":-1.3339,"holdTime":0.0,"speed":1.0,"floorPosition":81.3},{"type":2,"time":4592,"positionX":-2.070568,"holdTime":0.0,"speed":1.0,"floorPosition":81.6},{"type":2,"time":4608,"positionX":-2.20051,"holdTime":0.0,"speed":1.0,"floorPosition":81.9},{"type":2,"time":4624,"positionX":-2.48938,"holdTime":0.0,"speed":1.0,"floorPosition":82.2},{"type":2,"time":4640,"positionX":-2.747842,"holdTime":0.0,"speed":1.0,"floorPosition":82.5},{"type":2,"time":4656,"positionX":-2.427783,"holdTime":0.0,"speed":1.0,"floorPosition":82.8},{"type":2,"time":4672,"positionX":-1.758708,"holdTime":0.0,"speed":1.0,"floorPosition":83.1},{"type":2,"time":4688,"positionX":-1.384877,"holdTime":0.0,"speed":1.0,"floorPosition":83.4},{"type":2,"time":4704,"positionX":-1.384877,"holdTime":0.0,"speed":1.0,"floorPosition":83.7},{"type":2,"time":4720,"positionX":-1.214953,"holdTime":0.0,"speed":1.0,"floorPosition":84.0},{"type":2,"time":4736,"positionX":-1.8919678,"holdTime":0.0,"speed":1.0,"floorPosition":84.3},{"type":2,"time":4752,"positionX":-3.242708,"holdTime":0.0,"speed":1.0,"floorPosition":84.6},{"type":2,"time":4768,"positionX":-3.6048145,"holdTime":0.0,"speed":1.0,"floorPosition":84.9},{"type":2,"time":4784,"positionX":-3.389975,"holdTime":0.0,"speed":1.0,"floorPosition":85.2},{"type":2,"time":4800,"positionX":-2.655726,"holdTime":0.0,"speed":1.0,"floorPosition":85.5},{"type":2,"time":4816,"positionX":-1.5785055,"holdTime":0.0,"speed":1.0,"floorPosition":85.799995},{"type":2,"time":4832,"positionX":0.61572933,"holdTime":0.0,"speed":1.0,"floorPosition":86.1},{"type":2,"time":4848,"positionX":2.0039186,"holdTime":0.0,"speed":1.0,"floorPosition":86.4},{"type":2,"time":4864,"positionX":2.138259,"holdTime":0.0,"speed":1.0,"floorPosition":86.7},{"type":2,"time":4880,"positionX":1.4777498,"holdTime":0.0,"speed":1.0,"floorPosition":87.0},{"type":2,"time":4896,"positionX":0.80604553,"holdTime":0.0,"speed":1.0,"floorPosition":87.299995},{"type":2,"time":4912,"positionX":-0.3806324,"holdTime":0.0,"speed":1.0,"floorPosition":87.6},{"type":2,"time":4928,"positionX":-1.8247967,"holdTime":0.0,"speed":1.0,"floorPosition":87.9},{"type":2,"time":4944,"positionX":-2.8323536,"holdTime":0.0,"speed":1.0,"floorPosition":88.2},{"type":2,"time":4960,"positionX":-3.3473282,"holdTime":0.0,"speed":1.0,"floorPosition":88.5},{"type":2,"time":4976,"positionX":-2.910719,"holdTime":0.0,"speed":1.0,"floorPosition":88.799995},{"type":2,"time":4992,"positionX":-2.0375032,"holdTime":0.0,"speed":1.0,"floorPosition":89.1},{"type":2,"time":5008,"positionX":-1.078071,"holdTime":0.0,"speed":1.0,"floorPosition":89.4},{"type":2,"time":5024,"positionX":0.09345818,"holdTime":0.0,"speed":1.0,"floorPosition":89.7},{"type":2,"time":5040,"positionX":1.528098,"holdTime":0.0,"speed":1.0,"floorPosition":90.0},{"type":2,"time":5056,"positionX":2.251487,"holdTime":0.0,"speed":1.0,"floorPosition":90.299995},{"type":2,"time":5072,"positionX":2.642311,"holdTime":0.0,"speed":1.0,"floorPosition":90.6},{"type":2,"time":5088,"positionX":2.064571,"holdTime":0.0,"speed":1.0,"floorPosition":90.9},{"type":2,"time":5104,"positionX":1.096006,"holdTime":0.0,"speed":1.0,"floorPosition":91.2},{"type":2,"time":5120,"positionX":-0.2360051,"holdTime":0.0,"speed":1.0,"floorPosition":91.5},{"type":2,"time":5136,"positionX":-0.8581138,"holdTime":0.0,"speed":1.0,"floorPosition":91.799995},{"type":2,"time":5152,"positionX":-0.8071365,"holdTime":0.0,"speed":1.0,"floorPosition":92.1},{"type":2,"time":5168,"positionX":-1.469839,"holdTime":0.0,"speed":1.0,"floorPosition":92.4},{"type":2,"time":5184,"positionX":-1.732159,"holdTime":0.0,"speed":1.0,"floorPosition":92.7},{"type":2,"time":5200,"positionX":-1.867035,"holdTime":0.0,"speed":1.0,"floorPosition":93.0},{"type":2,"time":5216,"positionX":-1.758708,"holdTime":0.0,"speed":1.0,"floorPosition":93.299995},{"type":2,"time":5232,"positionX":-1.214953,"holdTime":0.0,"speed":1.0,"floorPosition":93.6},{"type":2,"time":5248,"positionX":-0.8920984,"holdTime":0.0,"speed":1.0,"floorPosition":93.9},{"type":2,"time":5304,"positionX":-0.5692444,"holdTime":0.0,"speed":1.0,"floorPosition":94.95},{"type":2,"time":5312,"positionX":0.1784191,"holdTime":0.0,"speed":1.0,"floorPosition":95.1},{"type":1,"time":5408,"positionX":1.741716,"holdTime":0.0,"speed":1.0,"floorPosition":96.9},{"type":1,"time":5440,"positionX":-2.336449,"holdTime":0.0,"speed":1.0,"floorPosition":97.5},{"type":1,"time":5504,"positionX":1.775702,"holdTime":0.0,"speed":1.0,"floorPosition":98.7},{"type":2,"time":5560,"positionX":-1.775701,"holdTime":0.0,"speed":1.0,"floorPosition":99.75},{"type":2,"time":5568,"positionX":-2.285471,"holdTime":0.0,"speed":1.0,"floorPosition":99.9},{"type":1,"time":5664,"positionX":0.008496284,"holdTime":0.0,"speed":1.0,"floorPosition":101.7},{"type":1,"time":5696,"positionX":2.506371,"holdTime":0.0,"speed":1.0,"floorPosition":102.299995},{"type":2,"time":5712,"positionX":2.030586,"holdTime":0.0,"speed":1.0,"floorPosition":102.6},{"type":2,"time":5728,"positionX":0.705183,"holdTime":0.0,"speed":1.0,"floorPosition":102.9},{"type":1,"time":5760,"positionX":-2.234495,"holdTime":0.0,"speed":1.0,"floorPosition":103.5},{"type":2,"time":5816,"positionX":0.705183,"holdTime":0.0,"speed":1.0,"floorPosition":104.549995},{"type":2,"time":5824,"positionX":1.096006,"holdTime":0.0,"speed":1.0,"floorPosition":104.7},{"type":1,"time":5920,"positionX":-1.163977,"holdTime":0.0,"speed":1.0,"floorPosition":106.5},{"type":1,"time":5952,"positionX":1.809685,"holdTime":0.0,"speed":1.0,"floorPosition":107.1},{"type":1,"time":6016,"positionX":-1.84367,"holdTime":0.0,"speed":1.0,"floorPosition":108.299995},{"type":2,"time":6072,"positionX":-0.04248047,"holdTime":0.0,"speed":1.0,"floorPosition":109.35},{"type":2,"time":6080,"positionX":-0.2973661,"holdTime":0.0,"speed":1.0,"floorPosition":109.5},{"type":1,"time":6176,"positionX":-3.186066,"holdTime":0.0,"speed":1.0,"floorPosition":111.299995},{"type":1,"time":6208,"positionX":3.678844,"holdTime":0.0,"speed":1.0,"floorPosition":111.9},{"type":3,"time":6272,"positionX":0.0,"holdTime":256.0,"speed":1.8,"floorPosition":113.1},{"type":2,"time":6608,"positionX":1.045029,"holdTime":0.0,"speed":1.0,"floorPosition":119.4},{"type":2,"time":6624,"positionX":0.705183,"holdTime":0.0,"speed":1.0,"floorPosition":119.7},{"type":2,"time":6640,"positionX":0.04248142,"holdTime":0.0,"speed":1.0,"floorPosition":120.0},{"type":2,"time":6704,"positionX":-0.382328,"holdTime":0.0,"speed":1.0,"floorPosition":121.2},{"type":2,"time":6736,"positionX":-2.302464,"holdTime":0.0,"speed":1.0,"floorPosition":121.799995},{"type":2,"time":6752,"positionX":-1.741716,"holdTime":0.0,"speed":1.0,"floorPosition":122.1},{"type":2,"time":6768,"positionX":-1.028037,"holdTime":0.0,"speed":1.0,"floorPosition":122.4},{"type":2,"time":6784,"positionX":-0.6032286,"holdTime":0.0,"speed":1.0,"floorPosition":122.7},{"type":2,"time":6800,"positionX":-1.245162,"holdTime":0.0,"speed":1.0,"floorPosition":123.0},{"type":2,"time":6832,"positionX":1.656754,"holdTime":0.0,"speed":1.0,"floorPosition":123.6},{"type":2,"time":6864,"positionX":1.639762,"holdTime":0.0,"speed":1.0,"floorPosition":124.2},{"type":2,"time":6880,"positionX":0.4706873,"holdTime":0.0,"speed":1.0,"floorPosition":124.5},{"type":2,"time":6896,"positionX":0.5012741,"holdTime":0.0,"speed":1.0,"floorPosition":124.799995},{"type":2,"time":6960,"positionX":-1.299915,"holdTime":0.0,"speed":1.0,"floorPosition":126.0},{"type":2,"time":6992,"positionX":-1.333899,"holdTime":0.0,"speed":1.0,"floorPosition":126.6},{"type":2,"time":7008,"positionX":-3.033135,"holdTime":0.0,"speed":1.0,"floorPosition":126.9},{"type":2,"time":7024,"positionX":-3.916738,"holdTime":0.0,"speed":1.0,"floorPosition":127.2},{"type":2,"time":7040,"positionX":2.0,"holdTime":0.0,"speed":1.0,"floorPosition":127.5},{"type":2,"time":7056,"positionX":3.0,"holdTime":0.0,"speed":1.0,"floorPosition":127.799995},{"type":2,"time":7088,"positionX":4.0,"holdTime":0.0,"speed":1.0,"floorPosition":128.4},{"type":2,"time":7120,"positionX":3.0,"holdTime":0.0,"speed":1.0,"floorPosition":129.0},{"type":2,"time":7136,"positionX":1.0,"holdTime":0.0,"speed":1.0,"floorPosition":129.3},{"type":2,"time":7152,"positionX":4.0,"holdTime":0.0,"speed":1.0,"floorPosition":129.59999},{"type":2,"time":7216,"positionX":3.0,"holdTime":0.0,"speed":1.0,"floorPosition":130.8},{"type":2,"time":7248,"positionX":3.0,"holdTime":0.0,"speed":1.0,"floorPosition":131.4},{"type":2,"time":7264,"positionX":2.0,"holdTime":0.0,"speed":1.0,"floorPosition":131.7},{"type":2,"time":7280,"positionX":2.0,"holdTime":0.0,"speed":1.0,"floorPosition":132.0},{"type":2,"time":7296,"positionX":3.0,"holdTime":0.0,"speed":1.0,"floorPosition":132.3},{"type":2,"time":7312,"positionX":3.0,"holdTime":0.0,"speed":1.0,"floorPosition":132.59999},{"type":2,"time":7344,"positionX":3.0,"holdTime":0.0,"speed":1.0,"floorPosition":133.2},{"type":2,"time":7376,"positionX":3.0,"holdTime":0.0,"speed":1.0,"floorPosition":133.8},{"type":2,"time":7392,"positionX":2.0,"holdTime":0.0,"speed":1.0,"floorPosition":134.09999},{"type":2,"time":7408,"positionX":1.0,"holdTime":0.0,"speed":1.0,"floorPosition":134.4},{"type":2,"time":7424,"positionX":0.0,"holdTime":0.0,"speed":1.0,"floorPosition":134.7},{"type":2,"time":7456,"positionX":-2.0,"holdTime":0.0,"speed":1.0,"floorPosition":135.3},{"type":2,"time":7472,"positionX":0.0,"holdTime":0.0,"speed":1.0,"floorPosition":135.59999},{"type":2,"time":7504,"positionX":-0.1274424,"holdTime":0.0,"speed":1.0,"floorPosition":136.2},{"type":2,"time":7520,"positionX":-0.2761259,"holdTime":0.0,"speed":1.0,"floorPosition":136.5},{"type":2,"time":7536,"positionX":-0.7434158,"holdTime":0.0,"speed":1.0,"floorPosition":136.8},{"type":1,"time":7552,"positionX":4.018692,"holdTime":0.0,"speed":1.0,"floorPosition":137.09999},{"type":1,"time":7584,"positionX":3.627868,"holdTime":0.0,"speed":1.0,"floorPosition":137.7},{"type":1,"time":7616,"positionX":2.71028,"holdTime":0.0,"speed":1.0,"floorPosition":138.3},{"type":1,"time":7648,"positionX":1.741716,"holdTime":0.0,"speed":1.0,"floorPosition":138.9},{"type":1,"time":7680,"positionX":-3.118097,"holdTime":0.0,"speed":1.0,"floorPosition":139.5},{"type":1,"time":7712,"positionX":-2.897196,"holdTime":0.0,"speed":1.0,"floorPosition":140.09999},{"type":1,"time":7744,"positionX":-2.149532,"holdTime":0.0,"speed":1.0,"floorPosition":140.7},{"type":1,"time":7776,"positionX":-1.809686,"holdTime":0.0,"speed":1.0,"floorPosition":141.3},{"type":2,"time":7808,"positionX":-0.0254879,"holdTime":0.0,"speed":1.0,"floorPosition":141.9},{"type":2,"time":7824,"positionX":-0.0254879,"holdTime":0.0,"speed":1.0,"floorPosition":142.2},{"type":2,"time":7840,"positionX":-0.009495791,"holdTime":0.0,"speed":1.0,"floorPosition":142.5},{"type":2,"time":7856,"positionX":-0.008496284,"holdTime":0.0,"speed":1.0,"floorPosition":142.8},{"type":2,"time":7872,"positionX":-0.008496284,"holdTime":0.0,"speed":1.0,"floorPosition":143.09999},{"type":2,"time":7888,"positionX":-0.008496284,"holdTime":0.0,"speed":1.0,"floorPosition":143.4},{"type":2,"time":7904,"positionX":-0.008496284,"holdTime":0.0,"speed":1.0,"floorPosition":143.7},{"type":2,"time":7920,"positionX":-0.008496284,"holdTime":0.0,"speed":1.0,"floorPosition":144.0},{"type":2,"time":7936,"positionX":-0.008496284,"holdTime":0.0,"speed":1.0,"floorPosition":144.3},{"type":2,"time":7944,"positionX":0.05947304,"holdTime":0.0,"speed":1.0,"floorPosition":144.45},{"type":2,"time":7952,"positionX":0.008496284,"holdTime":0.0,"speed":1.0,"floorPosition":144.59999},{"type":2,"time":7960,"positionX":0.008496284,"holdTime":0.0,"speed":1.0,"floorPosition":144.75},{"type":2,"time":7968,"positionX":0.008496284,"holdTime":0.0,"speed":1.0,"floorPosition":144.9},{"type":2,"time":7976,"positionX":0.008496284,"holdTime":0.0,"speed":1.0,"floorPosition":145.05},{"type":2,"time":7984,"positionX":0.008496284,"holdTime":0.0,"speed":1.0,"floorPosition":145.2},{"type":2,"time":7992,"positionX":0.008496284,"holdTime":0.0,"speed":1.0,"floorPosition":145.34999},{"type":2,"time":8000,"positionX":0.008496284,"holdTime":0.0,"speed":1.0,"floorPosition":145.5},{"type":2,"time":8008,"positionX":0.008496284,"holdTime":0.0,"speed":1.0,"floorPosition":145.65},{"type":2,"time":8016,"positionX":0.008496284,"holdTime":0.0,"speed":1.0,"floorPosition":145.8},{"type":2,"time":8024,"positionX":0.008496284,"holdTime":0.0,"speed":1.0,"floorPosition":145.95},{"type":2,"time":8032,"positionX":0.008496284,"holdTime":0.0,"speed":1.0,"floorPosition":146.09999},{"type":1,"time":8192,"positionX":-1.894648,"holdTime":0.0,"speed":1.0,"floorPosition":149.09999},{"type":1,"time":8224,"positionX":1.656754,"holdTime":0.0,"speed":1.0,"floorPosition":149.7},{"type":1,"time":8256,"positionX":-2.574341,"holdTime":0.0,"speed":1.0,"floorPosition":150.3},{"type":1,"time":8288,"positionX":1.231946,"holdTime":0.0,"speed":1.0,"floorPosition":150.9},{"type":1,"time":8320,"positionX":-3.355989,"holdTime":0.0,"speed":1.0,"floorPosition":151.5},{"type":1,"time":8352,"positionX":1.248938,"holdTime":0.0,"speed":1.0,"floorPosition":152.09999},{"type":1,"time":8384,"positionX":-2.506372,"holdTime":0.0,"speed":1.0,"floorPosition":152.7},{"type":1,"time":8416,"positionX":1.282922,"holdTime":0.0,"speed":1.0,"floorPosition":153.3},{"type":1,"time":8432,"positionX":-2.251487,"holdTime":0.0,"speed":1.0,"floorPosition":153.59999},{"type":1,"time":8448,"positionX":1.571794,"holdTime":0.0,"speed":1.0,"floorPosition":153.9},{"type":1,"time":8480,"positionX":-1.945624,"holdTime":0.0,"speed":1.0,"floorPosition":154.5},{"type":1,"time":8512,"positionX":1.418861,"holdTime":0.0,"speed":1.0,"floorPosition":155.09999},{"type":1,"time":8544,"positionX":-2.285471,"holdTime":0.0,"speed":1.0,"floorPosition":155.7},{"type":1,"time":8576,"positionX":1.282922,"holdTime":0.0,"speed":1.0,"floorPosition":156.3},{"type":1,"time":8608,"positionX":-2.302464,"holdTime":0.0,"speed":1.0,"floorPosition":156.9},{"type":1,"time":8640,"positionX":2.591334,"holdTime":0.0,"speed":1.0,"floorPosition":157.5},{"type":2,"time":8656,"positionX":1.639762,"holdTime":0.0,"speed":1.0,"floorPosition":157.8},{"type":2,"time":8672,"positionX":1.639762,"holdTime":0.0,"speed":1.0,"floorPosition":158.09999},{"type":2,"time":8688,"positionX":1.496389,"holdTime":0.0,"speed":1.0,"floorPosition":158.4},{"type":1,"time":8704,"positionX":-1.333899,"holdTime":0.0,"speed":1.0,"floorPosition":158.7},{"type":1,"time":8736,"positionX":2.098556,"holdTime":0.0,"speed":1.0,"floorPosition":159.3},{"type":1,"time":8768,"positionX":-1.928633,"holdTime":0.0,"speed":1.0,"floorPosition":159.9},{"type":1,"time":8800,"positionX":2.115548,"holdTime":0.0,"speed":1.0,"floorPosition":160.5},{"type":1,"time":8832,"positionX":-2.370434,"holdTime":0.0,"speed":1.0,"floorPosition":161.09999},{"type":1,"time":8864,"positionX":2.71028,"holdTime":0.0,"speed":1.0,"floorPosition":161.7},{"type":1,"time":8896,"positionX":-2.880203,"holdTime":0.0,"speed":1.0,"floorPosition":162.3},{"type":1,"time":8928,"positionX":3.322005,"holdTime":0.0,"speed":1.0,"floorPosition":162.9},{"type":1,"time":8944,"positionX":-2.693288,"holdTime":0.0,"speed":1.0,"floorPosition":163.2},{"type":1,"time":8960,"positionX":2.84622,"holdTime":0.0,"speed":1.0,"floorPosition":163.5},{"type":1,"time":8992,"positionX":-2.948174,"holdTime":0.0,"speed":1.0,"floorPosition":164.09999},{"type":1,"time":9024,"positionX":2.234495,"holdTime":0.0,"speed":1.0,"floorPosition":164.7},{"type":1,"time":9056,"positionX":-3.338997,"holdTime":0.0,"speed":1.0,"floorPosition":165.3},{"type":1,"time":9088,"positionX":1.180968,"holdTime":0.0,"speed":1.0,"floorPosition":165.9},{"type":1,"time":9120,"positionX":-3.271028,"holdTime":0.0,"speed":1.0,"floorPosition":166.5},{"type":1,"time":9152,"positionX":1.979609,"holdTime":0.0,"speed":1.0,"floorPosition":167.09999},{"type":1,"time":9176,"positionX":-2.931181,"holdTime":0.0,"speed":1.0,"floorPosition":167.55},{"type":1,"time":9200,"positionX":1.741716,"holdTime":0.0,"speed":1.0,"floorPosition":168.0},{"type":1,"time":9216,"positionX":-1.724724,"holdTime":0.0,"speed":1.0,"floorPosition":168.3},{"type":1,"time":9248,"positionX":0.8581142,"holdTime":0.0,"speed":1.0,"floorPosition":168.9},{"type":1,"time":9280,"positionX":-2.982159,"holdTime":0.0,"speed":1.0,"floorPosition":169.5},{"type":1,"time":9312,"positionX":2.914188,"holdTime":0.0,"speed":1.0,"floorPosition":170.09999},{"type":1,"time":9344,"positionX":-4.069669,"holdTime":0.0,"speed":1.0,"floorPosition":170.7},{"type":1,"time":9376,"positionX":-3.916738,"holdTime":0.0,"speed":1.0,"floorPosition":171.3},{"type":1,"time":9408,"positionX":3.525913,"holdTime":0.0,"speed":1.0,"floorPosition":171.9},{"type":1,"time":9440,"positionX":3.457944,"holdTime":0.0,"speed":1.0,"floorPosition":172.5},{"type":1,"time":9456,"positionX":3.355989,"holdTime":0.0,"speed":1.0,"floorPosition":172.8},{"type":1,"time":9472,"positionX":-2.659304,"holdTime":0.0,"speed":1.0,"floorPosition":173.09999},{"type":1,"time":9504,"positionX":-2.914189,"holdTime":0.0,"speed":1.0,"floorPosition":173.7},{"type":1,"time":9536,"positionX":1.605778,"holdTime":0.0,"speed":1.0,"floorPosition":174.3},{"type":1,"time":9568,"positionX":3.033135,"holdTime":0.0,"speed":1.0,"floorPosition":174.9},{"type":1,"time":9600,"positionX":-2.48938,"holdTime":0.0,"speed":1.0,"floorPosition":175.5},{"type":1,"time":9632,"positionX":1.724724,"holdTime":0.0,"speed":1.0,"floorPosition":176.09999},{"type":2,"time":9664,"positionX":-2.081563,"holdTime":0.0,"speed":1.0,"floorPosition":176.7},{"type":2,"time":9680,"positionX":-2.081563,"holdTime":0.0,"speed":1.0,"floorPosition":177.0},{"type":2,"time":9696,"positionX":-2.119796,"holdTime":0.0,"speed":1.0,"floorPosition":177.3},{"type":2,"time":9712,"positionX":-2.184517,"holdTime":0.0,"speed":1.0,"floorPosition":177.59999},{"type":2,"time":9728,"positionX":-2.20051,"holdTime":0.0,"speed":1.0,"floorPosition":177.9},{"type":1,"time":9760,"positionX":2.71028,"holdTime":0.0,"speed":1.0,"floorPosition":178.5},{"type":1,"time":9792,"positionX":-1.367885,"holdTime":0.0,"speed":1.0,"floorPosition":179.09999},{"type":1,"time":9824,"positionX":2.166525,"holdTime":0.0,"speed":1.0,"floorPosition":179.7},{"type":1,"time":9856,"positionX":-2.047579,"holdTime":0.0,"speed":1.0,"floorPosition":180.3},{"type":1,"time":9888,"positionX":3.067121,"holdTime":0.0,"speed":1.0,"floorPosition":180.9},{"type":1,"time":9920,"positionX":-2.608327,"holdTime":0.0,"speed":1.0,"floorPosition":181.5},{"type":1,"time":9952,"positionX":1.656754,"holdTime":0.0,"speed":1.0,"floorPosition":182.09999},{"type":1,"time":9968,"positionX":-2.098557,"holdTime":0.0,"speed":1.0,"floorPosition":182.4},{"type":1,"time":9984,"positionX":3.525913,"holdTime":0.0,"speed":1.0,"floorPosition":182.7},{"type":1,"time":10016,"positionX":-2.540358,"holdTime":0.0,"speed":1.0,"floorPosition":183.3},{"type":1,"time":10048,"positionX":2.523364,"holdTime":0.0,"speed":1.0,"floorPosition":183.9},{"type":1,"time":10080,"positionX":-3.848768,"holdTime":0.0,"speed":1.0,"floorPosition":184.5},{"type":1,"time":10112,"positionX":2.897196,"holdTime":0.0,"speed":1.0,"floorPosition":185.09999},{"type":1,"time":10144,"positionX":-2.455395,"holdTime":0.0,"speed":1.0,"floorPosition":185.7},{"type":1,"time":10176,"positionX":2.77825,"holdTime":0.0,"speed":1.0,"floorPosition":186.3},{"type":1,"time":10200,"positionX":-3.712829,"holdTime":0.0,"speed":1.0,"floorPosition":186.75},{"type":1,"time":10224,"positionX":2.064571,"holdTime":0.0,"speed":1.0,"floorPosition":187.2},{"type":1,"time":10240,"positionX":-2.098557,"holdTime":0.0,"speed":1.0,"floorPosition":187.5},{"type":1,"time":10272,"positionX":1.962618,"holdTime":0.0,"speed":1.0,"floorPosition":188.07501},{"type":1,"time":10288,"positionX":-2.081563,"holdTime":0.0,"speed":1.0,"floorPosition":188.34167},{"type":1,"time":10320,"positionX":-2.506372,"holdTime":0.0,"speed":1.0,"floorPosition":188.88333},{"type":1,"time":10336,"positionX":1.792693,"holdTime":0.0,"speed":1.0,"floorPosition":189.14166},{"type":1,"time":10384,"positionX":-2.319456,"holdTime":0.0,"speed":1.0,"floorPosition":189.89166},{"type":1,"time":10400,"positionX":1.928631,"holdTime":0.0,"speed":1.0,"floorPosition":190.14166},{"type":1,"time":10448,"positionX":-3.42396,"holdTime":0.0,"speed":1.0,"floorPosition":190.89166},{"type":1,"time":10464,"positionX":3.967714,"holdTime":0.0,"speed":1.0,"floorPosition":191.14166},{"type":1,"time":10496,"positionX":-2.897196,"holdTime":0.0,"speed":1.0,"floorPosition":191.64166},{"type":1,"time":10528,"positionX":1.928631,"holdTime":0.0,"speed":1.0,"floorPosition":192.14166},{"type":1,"time":10544,"positionX":-2.863212,"holdTime":0.0,"speed":1.0,"floorPosition":192.39166},{"type":1,"time":10576,"positionX":-1.741716,"holdTime":0.0,"speed":1.0,"floorPosition":192.89166},{"type":1,"time":10592,"positionX":1.928631,"holdTime":0.0,"speed":1.0,"floorPosition":193.14166},{"type":1,"time":10640,"positionX":-5.480034,"holdTime":0.0,"speed":1.0,"floorPosition":193.89166},{"type":1,"time":10656,"positionX":4.562446,"holdTime":0.0,"speed":1.0,"floorPosition":194.14166},{"type":1,"time":10704,"positionX":-6.295666,"holdTime":0.0,"speed":1.0,"floorPosition":194.89166},{"type":1,"time":10720,"positionX":6.53356,"holdTime":0.0,"speed":1.0,"floorPosition":195.14166},{"type":1,"time":10752,"positionX":-5.242142,"holdTime":0.0,"speed":1.0,"floorPosition":195.64166}],"notesBelow":[{"type":1,"time":10784,"positionX":1.639763,"holdTime":0.0,"speed":1.0,"floorPosition":196.14166},{"type":1,"time":10800,"positionX":-3.542908,"holdTime":0.0,"speed":1.0,"floorPosition":196.39166},{"type":1,"time":10832,"positionX":-1.282923,"holdTime":0.0,"speed":1.0,"floorPosition":196.89166},{"type":1,"time":10848,"positionX":2.77825,"holdTime":0.0,"speed":1.0,"floorPosition":197.14166},{"type":1,"time":10896,"positionX":-2.506371,"holdTime":0.0,"speed":1.0,"floorPosition":197.89166},{"type":1,"time":10912,"positionX":2.013594,"holdTime":0.0,"speed":1.0,"floorPosition":198.14166},{"type":2,"time":10960,"positionX":-0.8751068,"holdTime":0.0,"speed":1.0,"floorPosition":198.89166},{"type":2,"time":10976,"positionX":-0.2293968,"holdTime":0.0,"speed":1.0,"floorPosition":199.14166},{"type":2,"time":10992,"positionX":0.2803726,"holdTime":0.0,"speed":1.0,"floorPosition":199.39166},{"type":2,"time":11008,"positionX":0.8071365,"holdTime":0.0,"speed":1.0,"floorPosition":199.64166},{"type":1,"time":11040,"positionX":-1.673746,"holdTime":0.0,"speed":1.0,"floorPosition":200.14166},{"type":1,"time":11056,"positionX":2.795242,"holdTime":0.0,"speed":1.0,"floorPosition":200.39166},{"type":1,"time":11088,"positionX":2.676294,"holdTime":0.0,"speed":1.0,"floorPosition":200.9},{"type":1,"time":11104,"positionX":-2.676296,"holdTime":0.0,"speed":1.0,"floorPosition":201.16666},{"type":1,"time":11152,"positionX":1.418861,"holdTime":0.0,"speed":1.0,"floorPosition":202.01666},{"type":1,"time":11168,"positionX":-2.319458,"holdTime":0.0,"speed":1.0,"floorPosition":202.31667},{"type":1,"time":11216,"positionX":2.268478,"holdTime":0.0,"speed":1.0,"floorPosition":203.21666},{"type":1,"time":11232,"positionX":-1.877655,"holdTime":0.0,"speed":1.0,"floorPosition":203.51666},{"type":1,"time":11264,"positionX":1.571793,"holdTime":0.0,"speed":1.0,"floorPosition":204.11667},{"type":2,"time":11320,"positionX":-1.180969,"holdTime":0.0,"speed":1.0,"floorPosition":205.16666},{"type":2,"time":11328,"positionX":-1.379212,"holdTime":0.0,"speed":1.0,"floorPosition":205.31667},{"type":1,"time":11424,"positionX":0.6032295,"holdTime":0.0,"speed":1.0,"floorPosition":207.11667},{"type":1,"time":11456,"positionX":-2.234493,"holdTime":0.0,"speed":1.0,"floorPosition":207.71666},{"type":1,"time":11520,"positionX":1.231945,"holdTime":0.0,"speed":1.0,"floorPosition":208.91666},{"type":2,"time":11576,"positionX":-0.2293968,"holdTime":0.0,"speed":1.0,"floorPosition":209.96666},{"type":2,"time":11584,"positionX":-1.163977,"holdTime":0.0,"speed":1.0,"floorPosition":210.11667},{"type":1,"time":11680,"positionX":0.8920975,"holdTime":0.0,"speed":1.0,"floorPosition":211.91666},{"type":1,"time":11712,"positionX":-1.469839,"holdTime":0.0,"speed":1.0,"floorPosition":212.51666},{"type":2,"time":11728,"positionX":-1.316908,"holdTime":0.0,"speed":1.0,"floorPosition":212.81667},{"type":2,"time":11744,"positionX":-1.401869,"holdTime":0.0,"speed":1.0,"floorPosition":213.11667},{"type":1,"time":11776,"positionX":1.775702,"holdTime":0.0,"speed":1.0,"floorPosition":213.71666},{"type":2,"time":11832,"positionX":1.520815,"holdTime":0.0,"speed":1.0,"floorPosition":214.76666},{"type":2,"time":11840,"positionX":2.381761,"holdTime":0.0,"speed":1.0,"floorPosition":214.91666},{"type":1,"time":11936,"positionX":-1.299915,"holdTime":0.0,"speed":1.0,"floorPosition":216.71666},{"type":1,"time":11968,"positionX":1.571793,"holdTime":0.0,"speed":1.0,"floorPosition":217.31667},{"type":1,"time":12032,"positionX":-1.894648,"holdTime":0.0,"speed":1.0,"floorPosition":218.51666},{"type":2,"time":12088,"positionX":1.97961,"holdTime":0.0,"speed":1.0,"floorPosition":219.56667},{"type":2,"time":12096,"positionX":2.387426,"holdTime":0.0,"speed":1.0,"floorPosition":219.71666},{"type":1,"time":12192,"positionX":-1.707731,"holdTime":0.0,"speed":1.0,"floorPosition":221.51666},{"type":1,"time":12224,"positionX":1.62277,"holdTime":0.0,"speed":1.0,"floorPosition":222.11667},{"type":2,"time":12240,"positionX":1.5548,"holdTime":0.0,"speed":1.0,"floorPosition":222.41666},{"type":2,"time":12256,"positionX":1.469839,"holdTime":0.0,"speed":1.0,"floorPosition":222.71666}],"speedEvents":[{"startTime":0.0,"endTime":1152.0,"value":1.5},{"startTime":1152.0,"endTime":1504.0,"value":1.6},{"startTime":1504.0,"endTime":1664.0,"value":1.7},{"startTime":1664.0,"endTime":10240.0,"value":1.8},{"startTime":10240.0,"endTime":10256.0,"value":1.75},{"startTime":10256.0,"endTime":10272.0,"value":1.7},{"startTime":10272.0,"endTime":10288.0,"value":1.6},{"startTime":10288.0,"endTime":10304.0,"value":1.65},{"startTime":10304.0,"endTime":10320.0,"value":1.6},{"startTime":10320.0,"endTime":10336.0,"value":1.55},{"startTime":10336.0,"endTime":11072.0,"value":1.5},{"startTime":11072.0,"endTime":11088.0,"value":1.55},{"startTime":11088.0,"endTime":11104.0,"value":1.6},{"startTime":11104.0,"endTime":11120.0,"value":1.65},{"startTime":11120.0,"endTime":11136.0,"value":1.7},{"startTime":11136.0,"endTime":11152.0,"value":1.75},{"startTime":11152.0,"endTime":1000000000.0,"value":1.8}],"judgeLineMoveEvents":[{"startTime":-999999.0,"endTime":128.0,"start":0.5,"end":0.5,"start2":0.5,"end2":0.5},{"startTime":128.0,"endTime":1152.0,"start":0.5,"end":0.5,"start2":0.5,"end2":0.3},{"startTime":1152.0,"endTime":1664.0,"start":0.5,"end":0.6,"start2":0.3,"end2":0.1},{"startTime":1664.0,"endTime":2176.0,"start":0.6,"end":0.5,"start2":0.1,"end2":0.2},{"startTime":2176.0,"endTime":2624.0,"start":0.5,"end":0.5,"start2":0.2,"end2":0.2},{"startTime":2624.0,"endTime":2688.0,"start":0.5,"end":0.5,"start2":0.2,"end2":0.3},{"startTime":2688.0,"endTime":2880.0,"start":0.5,"end":0.5,"start2":0.3,"end2":0.3},{"startTime":2880.0,"endTime":2944.0,"start":0.5,"end":0.55,"start2":0.3,"end2":0.3},{"startTime":2944.0,"endTime":3136.0,"start":0.55,"end":0.55,"start2":0.3,"end2":0.3},{"startTime":3136.0,"endTime":3200.0,"start":0.55,"end":0.6,"start2":0.3,"end2":0.25},{"startTime":3200.0,"endTime":3392.0,"start":0.6,"end":0.6,"start2":0.25,"end2":0.25},{"startTime":3392.0,"endTime":3456.0,"start":0.6,"end":0.5,"start2":0.25,"end2":0.2},{"startTime":3456.0,"endTime":3648.0,"start":0.5,"end":0.5,"start2":0.2,"end2":0.2},{"startTime":3648.0,"endTime":3712.0,"start":0.5,"end":0.4,"start2":0.2,"end2":0.3},{"startTime":3712.0,"endTime":3904.0,"start":0.4,"end":0.4,"start2":0.3,"end2":0.3},{"startTime":3904.0,"endTime":3968.0,"start":0.4,"end":0.5,"start2":0.3,"end2":0.3},{"startTime":3968.0,"endTime":4224.0,"start":0.5,"end":0.5,"start2":0.3,"end2":0.3},{"startTime":4224.0,"endTime":5248.0,"start":0.5,"end":0.5,"start2":0.3,"end2":0.8},{"startTime":5248.0,"endTime":6272.0,"start":0.5,"end":0.5,"start2":0.8,"end2":0.8},{"startTime":6272.0,"endTime":6280.0,"start":0.5,"end":0.5,"start2":0.8,"end2":0.74550855},{"startTime":6280.0,"endTime":6288.0,"start":0.5,"end":0.5,"start2":0.74550855,"end2":0.69441634},{"startTime":6288.0,"endTime":6296.0,"start":0.5,"end":0.5,"start2":0.69441634,"end2":0.64661413},{"startTime":6296.0,"endTime":6304.0,"start":0.5,"end":0.5,"start2":0.64661413,"end2":0.6019925},{"startTime":6304.0,"endTime":6312.0,"start":0.5,"end":0.5,"start2":0.6019925,"end2":0.5604421},{"startTime":6312.0,"endTime":6320.0,"start":0.5,"end":0.5,"start2":0.5604421,"end2":0.5218537},{"startTime":6320.0,"endTime":6328.0,"start":0.5,"end":0.5,"start2":0.5218537,"end2":0.48611766},{"startTime":6328.0,"endTime":6336.0,"start":0.5,"end":0.5,"start2":0.48611766,"end2":0.453125},{"startTime":6336.0,"endTime":6344.0,"start":0.5,"end":0.5,"start2":0.453125,"end2":0.42279854},{"startTime":6344.0,"endTime":6352.0,"start":0.5,"end":0.5,"start2":0.42279854,"end2":0.39499384},{"startTime":6352.0,"endTime":6360.0,"start":0.5,"end":0.5,"start2":0.39499384,"end2":0.3696016},{"startTime":6360.0,"endTime":6368.0,"start":0.5,"end":0.5,"start2":0.3696016,"end2":0.34651247},{"startTime":6368.0,"endTime":6376.0,"start":0.5,"end":0.5,"start2":0.34651247,"end2":0.32561713},{"startTime":6376.0,"endTime":6384.0,"start":0.5,"end":0.5,"start2":0.32561713,"end2":0.30680618},{"startTime":6384.0,"endTime":6392.0,"start":0.5,"end":0.5,"start2":0.30680618,"end2":0.2899702},{"startTime":6392.0,"endTime":6400.0,"start":0.5,"end":0.5,"start2":0.2899702,"end2":0.27499998},{"startTime":6400.0,"endTime":6408.0,"start":0.5,"end":0.5,"start2":0.27499998,"end2":0.26180726},{"startTime":6408.0,"endTime":6416.0,"start":0.5,"end":0.5,"start2":0.26180726,"end2":0.25025883},{"startTime":6416.0,"endTime":6424.0,"start":0.5,"end":0.5,"start2":0.25025883,"end2":0.24024536},{"startTime":6424.0,"endTime":6432.0,"start":0.5,"end":0.5,"start2":0.24024536,"end2":0.23165749},{"startTime":6432.0,"endTime":6440.0,"start":0.5,"end":0.5,"start2":0.23165749,"end2":0.22438589},{"startTime":6440.0,"endTime":6448.0,"start":0.5,"end":0.5,"start2":0.22438589,"end2":0.21832111},{"startTime":6448.0,"endTime":6456.0,"start":0.5,"end":0.5,"start2":0.21832111,"end2":0.21335396},{"startTime":6456.0,"endTime":6464.0,"start":0.5,"end":0.5,"start2":0.21335396,"end2":0.209375},{"startTime":6464.0,"endTime":6472.0,"start":0.5,"end":0.5,"start2":0.209375,"end2":0.20628476},{"startTime":6472.0,"endTime":6480.0,"start":0.5,"end":0.5,"start2":0.20628476,"end2":0.20396136},{"startTime":6480.0,"endTime":6488.0,"start":0.5,"end":0.5,"start2":0.20396136,"end2":0.20229535},{"startTime":6488.0,"endTime":6496.0,"start":0.5,"end":0.5,"start2":0.20229535,"end2":0.20117751},{"startTime":6496.0,"endTime":6504.0,"start":0.5,"end":0.5,"start2":0.20117751,"end2":0.20049837},{"startTime":6504.0,"endTime":6512.0,"start":0.5,"end":0.5,"start2":0.20049837,"end2":0.20014866},{"startTime":6512.0,"endTime":6520.0,"start":0.5,"end":0.5,"start2":0.20014866,"end2":0.20001897},{"startTime":6520.0,"endTime":6528.0,"start":0.5,"end":0.5,"start2":0.20001897,"end2":0.19999999},{"startTime":6528.0,"endTime":8096.0,"start":0.5,"end":0.5,"start2":0.19999999,"end2":0.19999999},{"startTime":8096.0,"endTime":8128.0,"start":0.5,"end":0.5,"start2":0.19999999,"end2":0.2},{"startTime":8128.0,"endTime":8192.0,"start":0.5,"end":0.5,"start2":0.2,"end2":0.2},{"startTime":8192.0,"endTime":8200.0,"start":0.5,"end":0.5,"start2":0.1,"end2":0.15},{"startTime":8200.0,"endTime":8208.0,"start":0.5,"end":0.5,"start2":0.15,"end2":0.1},{"startTime":8208.0,"endTime":8224.0,"start":0.5,"end":0.5,"start2":0.1,"end2":0.1},{"startTime":8224.0,"endTime":8232.0,"start":0.5,"end":0.5,"start2":0.1,"end2":0.15},{"startTime":8232.0,"endTime":8240.0,"start":0.5,"end":0.5,"start2":0.15,"end2":0.1},{"startTime":8240.0,"endTime":8256.0,"start":0.5,"end":0.5,"start2":0.1,"end2":0.1},{"startTime":8256.0,"endTime":8264.0,"start":0.5,"end":0.5,"start2":0.1,"end2":0.15},{"startTime":8264.0,"endTime":8272.0,"start":0.5,"end":0.5,"start2":0.15,"end2":0.1},{"startTime":8272.0,"endTime":8288.0,"start":0.5,"end":0.5,"start2":0.1,"end2":0.1},{"startTime":8288.0,"endTime":8296.0,"start":0.5,"end":0.5,"start2":0.1,"end2":0.15},{"startTime":8296.0,"endTime":8304.0,"start":0.5,"end":0.5,"start2":0.15,"end2":0.1},{"startTime":8304.0,"endTime":8320.0,"start":0.5,"end":0.5,"start2":0.1,"end2":0.1},{"startTime":8320.0,"endTime":8328.0,"start":0.5,"end":0.5,"start2":0.1,"end2":0.15},{"startTime":8328.0,"endTime":8336.0,"start":0.5,"end":0.5,"start2":0.15,"end2":0.1},{"startTime":8336.0,"endTime":8352.0,"start":0.5,"end":0.5,"start2":0.1,"end2":0.1},{"startTime":8352.0,"endTime":8360.0,"start":0.5,"end":0.5,"start2":0.1,"end2":0.15},{"startTime":8360.0,"endTime":8368.0,"start":0.5,"end":0.5,"start2":0.15,"end2":0.1},{"startTime":8368.0,"endTime":8384.0,"start":0.5,"end":0.5,"start2":0.1,"end2":0.1},{"startTime":8384.0,"endTime":8392.0,"start":0.5,"end":0.5,"start2":0.1,"end2":0.15},{"startTime":8392.0,"endTime":8400.0,"start":0.5,"end":0.5,"start2":0.15,"end2":0.1},{"startTime":8400.0,"endTime":8416.0,"start":0.5,"end":0.5,"start2":0.1,"end2":0.1},{"startTime":8416.0,"endTime":8424.0,"start":0.5,"end":0.5,"start2":0.1,"end2":0.15},{"startTime":8424.0,"endTime":8432.0,"start":0.5,"end":0.5,"start2":0.15,"end2":0.1},{"startTime":8432.0,"endTime":8448.0,"start":0.5,"end":0.5,"start2":0.1,"end2":0.1},{"startTime":8448.0,"endTime":8456.0,"start":0.5,"end":0.5,"start2":0.1,"end2":0.15},{"startTime":8456.0,"endTime":8464.0,"start":0.5,"end":0.5,"start2":0.15,"end2":0.1},{"startTime":8464.0,"endTime":8480.0,"start":0.5,"end":0.5,"start2":0.1,"end2":0.1},{"startTime":8480.0,"endTime":8488.0,"start":0.5,"end":0.5,"start2":0.1,"end2":0.15},{"startTime":8488.0,"endTime":8496.0,"start":0.5,"end":0.5,"start2":0.15,"end2":0.1},{"startTime":8496.0,"endTime":8512.0,"start":0.5,"end":0.5,"start2":0.1,"end2":0.1},{"startTime":8512.0,"endTime":8520.0,"start":0.5,"end":0.5,"start2":0.1,"end2":0.15},{"startTime":8520.0,"endTime":8528.0,"start":0.5,"end":0.5,"start2":0.15,"end2":0.1},{"startTime":8528.0,"endTime":8544.0,"start":0.5,"end":0.5,"start2":0.1,"end2":0.1},{"startTime":8544.0,"endTime":8552.0,"start":0.5,"end":0.5,"start2":0.1,"end2":0.15},{"startTime":8552.0,"endTime":8560.0,"start":0.5,"end":0.5,"start2":0.15,"end2":0.1},{"startTime":8560.0,"endTime":8576.0,"start":0.5,"end":0.5,"start2":0.1,"end2":0.1},{"startTime":8576.0,"endTime":8584.0,"start":0.5,"end":0.5,"start2":0.1,"end2":0.15},{"startTime":8584.0,"endTime":8592.0,"start":0.5,"end":0.5,"start2":0.15,"end2":0.1},{"startTime":8592.0,"endTime":8608.0,"start":0.5,"end":0.5,"start2":0.1,"end2":0.1},{"startTime":8608.0,"endTime":8616.0,"start":0.5,"end":0.5,"start2":0.1,"end2":0.15},{"startTime":8616.0,"endTime":8624.0,"start":0.5,"end":0.5,"start2":0.15,"end2":0.1},{"startTime":8624.0,"endTime":8640.0,"start":0.5,"end":0.5,"start2":0.1,"end2":0.1},{"startTime":8640.0,"endTime":8648.0,"start":0.5,"end":0.5,"start2":0.1,"end2":0.15},{"startTime":8648.0,"endTime":8656.0,"start":0.5,"end":0.5,"start2":0.15,"end2":0.1},{"startTime":8656.0,"endTime":8672.0,"start":0.5,"end":0.5,"start2":0.1,"end2":0.1},{"startTime":8672.0,"endTime":8680.0,"start":0.5,"end":0.5,"start2":0.1,"end2":0.15},{"startTime":8680.0,"endTime":8688.0,"start":0.5,"end":0.5,"start2":0.15,"end2":0.1},{"startTime":8688.0,"endTime":8704.0,"start":0.5,"end":0.5,"start2":0.1,"end2":0.1},{"startTime":8704.0,"endTime":8712.0,"start":0.5,"end":0.5,"start2":0.1,"end2":0.15},{"startTime":8712.0,"endTime":8720.0,"start":0.5,"end":0.5,"start2":0.15,"end2":0.1},{"startTime":8720.0,"endTime":8736.0,"start":0.5,"end":0.5,"start2":0.1,"end2":0.1},{"startTime":8736.0,"endTime":8744.0,"start":0.5,"end":0.5,"start2":0.1,"end2":0.15},{"startTime":8744.0,"endTime":8752.0,"start":0.5,"end":0.5,"start2":0.15,"end2":0.1},{"startTime":8752.0,"endTime":8768.0,"start":0.5,"end":0.5,"start2":0.1,"end2":0.1},{"startTime":8768.0,"endTime":8776.0,"start":0.5,"end":0.5,"start2":0.1,"end2":0.15},{"startTime":8776.0,"endTime":8784.0,"start":0.5,"end":0.5,"start2":0.15,"end2":0.1},{"startTime":8784.0,"endTime":8800.0,"start":0.5,"end":0.5,"start2":0.1,"end2":0.1},{"startTime":8800.0,"endTime":8808.0,"start":0.5,"end":0.5,"start2":0.1,"end2":0.15},{"startTime":8808.0,"endTime":8816.0,"start":0.5,"end":0.5,"start2":0.15,"end2":0.1},{"startTime":8816.0,"endTime":8832.0,"start":0.5,"end":0.5,"start2":0.1,"end2":0.1},{"startTime":8832.0,"endTime":8840.0,"start":0.5,"end":0.5,"start2":0.1,"end2":0.15},{"startTime":8840.0,"endTime":8848.0,"start":0.5,"end":0.5,"start2":0.15,"end2":0.1},{"startTime":8848.0,"endTime":8864.0,"start":0.5,"end":0.5,"start2":0.1,"end2":0.1},{"startTime":8864.0,"endTime":8872.0,"start":0.5,"end":0.5,"start2":0.1,"end2":0.15},{"startTime":8872.0,"endTime":8880.0,"start":0.5,"end":0.5,"start2":0.15,"end2":0.1},{"startTime":8880.0,"endTime":8896.0,"start":0.5,"end":0.5,"start2":0.1,"end2":0.1},{"startTime":8896.0,"endTime":8904.0,"start":0.5,"end":0.5,"start2":0.1,"end2":0.15},{"startTime":8904.0,"endTime":8912.0,"start":0.5,"end":0.5,"start2":0.15,"end2":0.1},{"startTime":8912.0,"endTime":8928.0,"start":0.5,"end":0.5,"start2":0.1,"end2":0.1},{"startTime":8928.0,"endTime":8936.0,"start":0.5,"end":0.5,"start2":0.1,"end2":0.15},{"startTime":8936.0,"endTime":8944.0,"start":0.5,"end":0.5,"start2":0.15,"end2":0.1},{"startTime":8944.0,"endTime":8960.0,"start":0.5,"end":0.5,"start2":0.1,"end2":0.1},{"startTime":8960.0,"endTime":8968.0,"start":0.5,"end":0.5,"start2":0.1,"end2":0.15},{"startTime":8968.0,"endTime":8976.0,"start":0.5,"end":0.5,"start2":0.15,"end2":0.1},{"startTime":8976.0,"endTime":8992.0,"start":0.5,"end":0.5,"start2":0.1,"end2":0.1},{"startTime":8992.0,"endTime":9000.0,"start":0.5,"end":0.5,"start2":0.1,"end2":0.15},{"startTime":9000.0,"endTime":9008.0,"start":0.5,"end":0.5,"start2":0.15,"end2":0.1},{"startTime":9008.0,"endTime":9024.0,"start":0.5,"end":0.5,"start2":0.1,"end2":0.1},{"startTime":9024.0,"endTime":9032.0,"start":0.5,"end":0.5,"start2":0.1,"end2":0.15},{"startTime":9032.0,"endTime":9040.0,"start":0.5,"end":0.5,"start2":0.15,"end2":0.1},{"startTime":9040.0,"endTime":9056.0,"start":0.5,"end":0.5,"start2":0.1,"end2":0.1},{"startTime":9056.0,"endTime":9064.0,"start":0.5,"end":0.5,"start2":0.1,"end2":0.15},{"startTime":9064.0,"endTime":9072.0,"start":0.5,"end":0.5,"start2":0.15,"end2":0.1},{"startTime":9072.0,"endTime":9088.0,"start":0.5,"end":0.5,"start2":0.1,"end2":0.1},{"startTime":9088.0,"endTime":9096.0,"start":0.5,"end":0.5,"start2":0.1,"end2":0.15},{"startTime":9096.0,"endTime":9104.0,"start":0.5,"end":0.5,"start2":0.15,"end2":0.1},{"startTime":9104.0,"endTime":9120.0,"start":0.5,"end":0.5,"start2":0.1,"end2":0.1},{"startTime":9120.0,"endTime":9128.0,"start":0.5,"end":0.5,"start2":0.1,"end2":0.15},{"startTime":9128.0,"endTime":9136.0,"start":0.5,"end":0.5,"start2":0.15,"end2":0.1},{"startTime":9136.0,"endTime":9152.0,"start":0.5,"end":0.5,"start2":0.1,"end2":0.1},{"startTime":9152.0,"endTime":9160.0,"start":0.5,"end":0.5,"start2":0.1,"end2":0.15},{"startTime":9160.0,"endTime":9168.0,"start":0.5,"end":0.5,"start2":0.15,"end2":0.1},{"startTime":9168.0,"endTime":9184.0,"start":0.5,"end":0.5,"start2":0.1,"end2":0.1},{"startTime":9184.0,"endTime":9192.0,"start":0.5,"end":0.5,"start2":0.1,"end2":0.15},{"startTime":9192.0,"endTime":9200.0,"start":0.5,"end":0.5,"start2":0.15,"end2":0.1},{"startTime":9200.0,"endTime":9216.0,"start":0.5,"end":0.5,"start2":0.1,"end2":0.1},{"startTime":9216.0,"endTime":9232.0,"start":0.5,"end":0.5,"start2":0.1,"end2":0.15},{"startTime":9232.0,"endTime":9248.0,"start":0.5,"end":0.5,"start2":0.15,"end2":0.15},{"startTime":9248.0,"endTime":9264.0,"start":0.5,"end":0.5,"start2":0.15,"end2":0.2},{"startTime":9264.0,"endTime":9280.0,"start":0.5,"end":0.5,"start2":0.2,"end2":0.2},{"startTime":9280.0,"endTime":9296.0,"start":0.5,"end":0.5,"start2":0.2,"end2":0.25},{"startTime":9296.0,"endTime":9312.0,"start":0.5,"end":0.5,"start2":0.25,"end2":0.25},{"startTime":9312.0,"endTime":9328.0,"start":0.5,"end":0.5,"start2":0.25,"end2":0.3},{"startTime":9328.0,"endTime":9344.0,"start":0.5,"end":0.5,"start2":0.3,"end2":0.3},{"startTime":9344.0,"endTime":9360.0,"start":0.5,"end":0.5,"start2":0.3,"end2":0.25},{"startTime":9360.0,"endTime":9376.0,"start":0.5,"end":0.5,"start2":0.25,"end2":0.25},{"startTime":9376.0,"endTime":9392.0,"start":0.5,"end":0.5,"start2":0.25,"end2":0.2},{"startTime":9392.0,"endTime":9408.0,"start":0.5,"end":0.5,"start2":0.2,"end2":0.2},{"startTime":9408.0,"endTime":9424.0,"start":0.5,"end":0.5,"start2":0.2,"end2":0.15},{"startTime":9424.0,"endTime":9440.0,"start":0.5,"end":0.5,"start2":0.15,"end2":0.15},{"startTime":9440.0,"endTime":9456.0,"start":0.5,"end":0.5,"start2":0.15,"end2":0.1},{"startTime":9456.0,"endTime":9472.0,"start":0.5,"end":0.5,"start2":0.1,"end2":0.1},{"startTime":9472.0,"endTime":9488.0,"start":0.5,"end":0.5,"start2":0.1,"end2":0.15},{"startTime":9488.0,"endTime":9504.0,"start":0.5,"end":0.5,"start2":0.15,"end2":0.15},{"startTime":9504.0,"endTime":9520.0,"start":0.5,"end":0.5,"start2":0.15,"end2":0.2},{"startTime":9520.0,"endTime":9536.0,"start":0.5,"end":0.5,"start2":0.2,"end2":0.2},{"startTime":9536.0,"endTime":9552.0,"start":0.5,"end":0.5,"start2":0.2,"end2":0.25},{"startTime":9552.0,"endTime":9568.0,"start":0.5,"end":0.5,"start2":0.25,"end2":0.25},{"startTime":9568.0,"endTime":9584.0,"start":0.5,"end":0.5,"start2":0.25,"end2":0.3},{"startTime":9584.0,"endTime":9600.0,"start":0.5,"end":0.5,"start2":0.3,"end2":0.3},{"startTime":9600.0,"endTime":9616.0,"start":0.5,"end":0.5,"start2":0.3,"end2":0.25},{"startTime":9616.0,"endTime":9632.0,"start":0.5,"end":0.5,"start2":0.25,"end2":0.25},{"startTime":9632.0,"endTime":9648.0,"start":0.5,"end":0.5,"start2":0.25,"end2":0.2},{"startTime":9648.0,"endTime":9664.0,"start":0.5,"end":0.5,"start2":0.2,"end2":0.2},{"startTime":9664.0,"endTime":9680.0,"start":0.5,"end":0.5,"start2":0.2,"end2":0.15},{"startTime":9680.0,"endTime":9696.0,"start":0.5,"end":0.5,"start2":0.15,"end2":0.15},{"startTime":9696.0,"endTime":9712.0,"start":0.5,"end":0.5,"start2":0.15,"end2":0.1},{"startTime":9712.0,"endTime":9728.0,"start":0.5,"end":0.5,"start2":0.1,"end2":0.1},{"startTime":9728.0,"endTime":9744.0,"start":0.5,"end":0.51931816,"start2":0.1,"end2":0.1},{"startTime":9744.0,"endTime":9760.0,"start":0.51931816,"end":0.51931816,"start2":0.1,"end2":0.1},{"startTime":9760.0,"endTime":9776.0,"start":0.51931816,"end":0.5,"start2":0.1,"end2":0.1},{"startTime":9776.0,"endTime":9792.0,"start":0.5,"end":0.5,"start2":0.1,"end2":0.1},{"startTime":9792.0,"endTime":9808.0,"start":0.5,"end":0.51931816,"start2":0.1,"end2":0.1},{"startTime":9808.0,"endTime":9824.0,"start":0.51931816,"end":0.51931816,"start2":0.1,"end2":0.1},{"startTime":9824.0,"endTime":9840.0,"start":0.51931816,"end":0.5,"start2":0.1,"end2":0.1},{"startTime":9840.0,"endTime":9856.0,"start":0.5,"end":0.5,"start2":0.1,"end2":0.1},{"startTime":9856.0,"endTime":9872.0,"start":0.5,"end":0.51931816,"start2":0.1,"end2":0.1},{"startTime":9872.0,"endTime":9888.0,"start":0.51931816,"end":0.51931816,"start2":0.1,"end2":0.1},{"startTime":9888.0,"endTime":9904.0,"start":0.51931816,"end":0.5,"start2":0.1,"end2":0.1},{"startTime":9904.0,"endTime":9920.0,"start":0.5,"end":0.5,"start2":0.1,"end2":0.1},{"startTime":9920.0,"endTime":9936.0,"start":0.5,"end":0.51931816,"start2":0.1,"end2":0.1},{"startTime":9936.0,"endTime":9952.0,"start":0.51931816,"end":0.51931816,"start2":0.1,"end2":0.1},{"startTime":9952.0,"endTime":9968.0,"start":0.51931816,"end":0.5,"start2":0.1,"end2":0.1},{"startTime":9968.0,"endTime":9984.0,"start":0.5,"end":0.5,"start2":0.1,"end2":0.1},{"startTime":9984.0,"endTime":10000.0,"start":0.5,"end":0.51931816,"start2":0.1,"end2":0.1},{"startTime":10000.0,"endTime":10016.0,"start":0.51931816,"end":0.51931816,"start2":0.1,"end2":0.1},{"startTime":10016.0,"endTime":10032.0,"start":0.51931816,"end":0.5,"start2":0.1,"end2":0.1},{"startTime":10032.0,"endTime":10048.0,"start":0.5,"end":0.5,"start2":0.1,"end2":0.1},{"startTime":10048.0,"endTime":10064.0,"start":0.5,"end":0.51931816,"start2":0.1,"end2":0.1},{"startTime":10064.0,"endTime":10080.0,"start":0.51931816,"end":0.51931816,"start2":0.1,"end2":0.1},{"startTime":10080.0,"endTime":10096.0,"start":0.51931816,"end":0.5,"start2":0.1,"end2":0.1},{"startTime":10096.0,"endTime":10112.0,"start":0.5,"end":0.5,"start2":0.1,"end2":0.1},{"startTime":10112.0,"endTime":10128.0,"start":0.5,"end":0.51931816,"start2":0.1,"end2":0.1},{"startTime":10128.0,"endTime":10144.0,"start":0.51931816,"end":0.51931816,"start2":0.1,"end2":0.1},{"startTime":10144.0,"endTime":10160.0,"start":0.51931816,"end":0.5,"start2":0.1,"end2":0.1},{"startTime":10160.0,"endTime":10176.0,"start":0.5,"end":0.5,"start2":0.1,"end2":0.1},{"startTime":10176.0,"endTime":10192.0,"start":0.5,"end":0.51931816,"start2":0.1,"end2":0.1},{"startTime":10192.0,"endTime":10208.0,"start":0.51931816,"end":0.51931816,"start2":0.1,"end2":0.1},{"startTime":10208.0,"endTime":10224.0,"start":0.51931816,"end":0.5,"start2":0.1,"end2":0.1},{"startTime":10224.0,"endTime":11264.0,"start":0.5,"end":0.5,"start2":0.1,"end2":0.89807695},{"startTime":11264.0,"endTime":12288.0,"start":0.5,"end":0.5,"start2":0.89807695,"end2":0.89807695},{"startTime":12288.0,"endTime":12296.0,"start":0.5,"end":0.5,"start2":0.89807695,"end2":0.87043446},{"startTime":12296.0,"endTime":12304.0,"start":0.5,"end":0.5,"start2":0.87043446,"end2":0.84423786},{"startTime":12304.0,"endTime":12312.0,"start":0.5,"end":0.5,"start2":0.84423786,"end2":0.81943685},{"startTime":12312.0,"endTime":12320.0,"start":0.5,"end":0.5,"start2":0.81943685,"end2":0.7959819},{"startTime":12320.0,"endTime":12328.0,"start":0.5,"end":0.5,"start2":0.7959819,"end2":0.77385247},{"startTime":12328.0,"endTime":12336.0,"start":0.5,"end":0.5,"start2":0.77385247,"end2":0.75302404},{"startTime":12336.0,"endTime":12344.0,"start":0.5,"end":0.5,"start2":0.75302404,"end2":0.7333911},{"startTime":12344.0,"endTime":12352.0,"start":0.5,"end":0.5,"start2":0.7333911,"end2":0.71490777},{"startTime":12352.0,"endTime":12360.0,"start":0.5,"end":0.5,"start2":0.71490777,"end2":0.6975289},{"startTime":12360.0,"endTime":12368.0,"start":0.5,"end":0.5,"start2":0.6975289,"end2":0.6812566},{"startTime":12368.0,"endTime":12376.0,"start":0.5,"end":0.5,"start2":0.6812566,"end2":0.666019},{"startTime":12376.0,"endTime":12384.0,"start":0.5,"end":0.5,"start2":0.666019,"end2":0.65175},{"startTime":12384.0,"endTime":12392.0,"start":0.5,"end":0.5,"start2":0.65175,"end2":0.6384085},{"startTime":12392.0,"endTime":12400.0,"start":0.5,"end":0.5,"start2":0.6384085,"end2":0.62595403},{"startTime":12400.0,"endTime":12408.0,"start":0.5,"end":0.5,"start2":0.62595403,"end2":0.61440176},{"startTime":12408.0,"endTime":12416.0,"start":0.5,"end":0.5,"start2":0.61440176,"end2":0.6036526},{"startTime":12416.0,"endTime":12424.0,"start":0.5,"end":0.5,"start2":0.6036526,"end2":0.5936691},{"startTime":12424.0,"endTime":12432.0,"start":0.5,"end":0.5,"start2":0.5936691,"end2":0.5844147},{"startTime":12432.0,"endTime":12440.0,"start":0.5,"end":0.5,"start2":0.5844147,"end2":0.57586855},{"startTime":12440.0,"endTime":12448.0,"start":0.5,"end":0.5,"start2":0.57586855,"end2":0.5680071},{"startTime":12448.0,"endTime":12456.0,"start":0.5,"end":0.5,"start2":0.5680071,"end2":0.560765},{"startTime":12456.0,"endTime":12464.0,"start":0.5,"end":0.5,"start2":0.560765,"end2":0.55410963},{"startTime":12464.0,"endTime":12472.0,"start":0.5,"end":0.5,"start2":0.55410963,"end2":0.5480087},{"startTime":12472.0,"endTime":12480.0,"start":0.5,"end":0.5,"start2":0.5480087,"end2":0.54245347},{"startTime":12480.0,"endTime":12488.0,"start":0.5,"end":0.5,"start2":0.54245347,"end2":0.5373988},{"startTime":12488.0,"endTime":12496.0,"start":0.5,"end":0.5,"start2":0.5373988,"end2":0.53280365},{"startTime":12496.0,"endTime":12504.0,"start":0.5,"end":0.5,"start2":0.53280365,"end2":0.52863973},{"startTime":12504.0,"endTime":12512.0,"start":0.5,"end":0.5,"start2":0.52863973,"end2":0.5248798},{"startTime":12512.0,"endTime":12520.0,"start":0.5,"end":0.5,"start2":0.5248798,"end2":0.5215209},{"startTime":12520.0,"endTime":12528.0,"start":0.5,"end":0.5,"start2":0.5215209,"end2":0.5185099},{"startTime":12528.0,"endTime":12536.0,"start":0.5,"end":0.5,"start2":0.5185099,"end2":0.51582247},{"startTime":12536.0,"endTime":12544.0,"start":0.5,"end":0.5,"start2":0.51582247,"end2":0.5134348},{"startTime":12544.0,"endTime":12552.0,"start":0.5,"end":0.5,"start2":0.5134348,"end2":0.51133},{"startTime":12552.0,"endTime":12560.0,"start":0.5,"end":0.5,"start2":0.51133,"end2":0.5094897},{"startTime":12560.0,"endTime":12568.0,"start":0.5,"end":0.5,"start2":0.5094897,"end2":0.5078805},{"startTime":12568.0,"endTime":12576.0,"start":0.5,"end":0.5,"start2":0.5078805,"end2":0.5064826},{"startTime":12576.0,"endTime":12584.0,"start":0.5,"end":0.5,"start2":0.5064826,"end2":0.5052769},{"startTime":12584.0,"endTime":12592.0,"start":0.5,"end":0.5,"start2":0.5052769,"end2":0.50425225},{"startTime":12592.0,"endTime":12600.0,"start":0.5,"end":0.5,"start2":0.50425225,"end2":0.5033858},{"startTime":12600.0,"endTime":12608.0,"start":0.5,"end":0.5,"start2":0.5033858,"end2":0.5026575},{"startTime":12608.0,"endTime":12616.0,"start":0.5,"end":0.5,"start2":0.5026575,"end2":0.502052},{"startTime":12616.0,"endTime":12624.0,"start":0.5,"end":0.5,"start2":0.502052,"end2":0.50155497},{"startTime":12624.0,"endTime":12632.0,"start":0.5,"end":0.5,"start2":0.50155497,"end2":0.5011583},{"startTime":12632.0,"endTime":12640.0,"start":0.5,"end":0.5,"start2":0.5011583,"end2":0.50084203},{"startTime":12640.0,"endTime":12648.0,"start":0.5,"end":0.5,"start2":0.50084203,"end2":0.50059474},{"startTime":12648.0,"endTime":12656.0,"start":0.5,"end":0.5,"start2":0.50059474,"end2":0.50040567},{"startTime":12656.0,"endTime":12664.0,"start":0.5,"end":0.5,"start2":0.50040567,"end2":0.50026596},{"startTime":12664.0,"endTime":12672.0,"start":0.5,"end":0.5,"start2":0.50026596,"end2":0.5001668},{"startTime":12672.0,"endTime":12680.0,"start":0.5,"end":0.5,"start2":0.5001668,"end2":0.5000981},{"startTime":12680.0,"endTime":12688.0,"start":0.5,"end":0.5,"start2":0.5000981,"end2":0.500053},{"startTime":12688.0,"endTime":12696.0,"start":0.5,"end":0.5,"start2":0.500053,"end2":0.5000254},{"startTime":12696.0,"endTime":12704.0,"start":0.5,"end":0.5,"start2":0.5000254,"end2":0.50001055},{"startTime":12704.0,"endTime":12712.0,"start":0.5,"end":0.5,"start2":0.50001055,"end2":0.50000346},{"startTime":12712.0,"endTime":12720.0,"start":0.5,"end":0.5,"start2":0.50000346,"end2":0.5000007},{"startTime":12720.0,"endTime":12728.0,"start":0.5,"end":0.5,"start2":0.5000007,"end2":0.50000006},{"startTime":12728.0,"endTime":12736.0,"start":0.5,"end":0.5,"start2":0.50000006,"end2":0.5},{"startTime":12736.0,"endTime":1000000000.0,"start":0.5,"end":0.5,"start2":0.5,"end2":0.5}],"judgeLineRotateEvents":[{"startTime":-999999.0,"endTime":1152.0,"start":0.0,"end":0.0},{"startTime":1152.0,"endTime":1664.0,"start":0.0,"end":10.0},{"startTime":1664.0,"endTime":2176.0,"start":10.0,"end":-5.0},{"startTime":2176.0,"endTime":2368.0,"start":-5.0,"end":-5.0},{"startTime":2368.0,"endTime":2432.0,"start":-5.0,"end":10.0},{"startTime":2432.0,"endTime":2624.0,"start":10.0,"end":10.0},{"startTime":2624.0,"endTime":2688.0,"start":10.0,"end":15.0},{"startTime":2688.0,"endTime":2880.0,"start":15.0,"end":15.0},{"startTime":2880.0,"endTime":2944.0,"start":15.0,"end":7.0},{"startTime":2944.0,"endTime":3136.0,"start":7.0,"end":7.0},{"startTime":3136.0,"endTime":3200.0,"start":7.0,"end":5.0},{"startTime":3200.0,"endTime":3392.0,"start":5.0,"end":5.0},{"startTime":3392.0,"endTime":3456.0,"start":5.0,"end":0.0},{"startTime":3456.0,"endTime":3648.0,"start":0.0,"end":0.0},{"startTime":3648.0,"endTime":3712.0,"start":0.0,"end":-5.0},{"startTime":3712.0,"endTime":3904.0,"start":-5.0,"end":-5.0},{"startTime":3904.0,"endTime":3968.0,"start":-5.0,"end":3.0},{"startTime":3968.0,"endTime":4224.0,"start":3.0,"end":3.0},{"startTime":4224.0,"endTime":5248.0,"start":3.0,"end":180.0},{"startTime":5248.0,"endTime":6532.0,"start":180.0,"end":180.0},{"startTime":6532.0,"endTime":7552.0,"start":0.0,"end":0.0},{"startTime":7552.0,"endTime":7556.0,"start":0.0,"end":0.00047437495},{"startTime":7556.0,"endTime":7560.0,"start":0.00047437495,"end":0.00371625},{"startTime":7560.0,"endTime":7564.0,"start":0.00371625,"end":0.012459376},{"startTime":7564.0,"endTime":7568.0,"start":0.012459376,"end":0.029437495},{"startTime":7568.0,"endTime":7572.0,"start":0.029437495,"end":0.057384375},{"startTime":7572.0,"endTime":7576.0,"start":0.057384375,"end":0.09903375},{"startTime":7576.0,"endTime":7580.0,"start":0.09903375,"end":0.15711938},{"startTime":7580.0,"endTime":7584.0,"start":0.15711938,"end":0.234375},{"startTime":7584.0,"endTime":7588.0,"start":0.234375,"end":0.33384937},{"startTime":7588.0,"endTime":7592.0,"start":0.33384937,"end":0.45802876},{"startTime":7592.0,"endTime":7596.0,"start":0.45802876,"end":0.6096469},{"startTime":7596.0,"endTime":7600.0,"start":0.6096469,"end":0.7914375},{"startTime":7600.0,"endTime":7604.0,"start":0.7914375,"end":1.0061344},{"startTime":7604.0,"endTime":7608.0,"start":1.0061344,"end":1.2564712},{"startTime":7608.0,"endTime":7612.0,"start":1.2564712,"end":1.5451819},{"startTime":7612.0,"endTime":7616.0,"start":1.5451819,"end":1.875},{"startTime":7616.0,"endTime":7620.0,"start":1.875,"end":2.2492554},{"startTime":7620.0,"endTime":7624.0,"start":2.2492554,"end":2.6701536},{"startTime":7624.0,"endTime":7628.0,"start":2.6701536,"end":3.140428},{"startTime":7628.0,"endTime":7632.0,"start":3.140428,"end":3.6628125},{"startTime":7632.0,"endTime":7636.0,"start":3.6628125,"end":4.240041},{"startTime":7636.0,"endTime":7640.0,"start":4.240041,"end":4.874846},{"startTime":7640.0,"endTime":7644.0,"start":4.874846,"end":5.569964},{"startTime":7644.0,"endTime":7648.0,"start":5.569964,"end":6.328125},{"startTime":7648.0,"endTime":7652.0,"start":6.328125,"end":7.1529427},{"startTime":7652.0,"endTime":7656.0,"start":7.1529427,"end":8.046342},{"startTime":7656.0,"endTime":7660.0,"start":8.046342,"end":9.011053},{"startTime":7660.0,"endTime":7664.0,"start":9.011053,"end":10.049812},{"startTime":7664.0,"endTime":7668.0,"start":10.049812,"end":11.165353},{"startTime":7668.0,"endTime":7672.0,"start":11.165353,"end":12.360409},{"startTime":7672.0,"endTime":7676.0,"start":12.360409,"end":13.637714},{"startTime":7676.0,"endTime":7684.0,"start":13.637714,"end":16.362286},{"startTime":7684.0,"endTime":7688.0,"start":16.362286,"end":17.639591},{"startTime":7688.0,"endTime":7692.0,"start":17.639591,"end":18.834646},{"startTime":7692.0,"endTime":7696.0,"start":18.834646,"end":19.950188},{"startTime":7696.0,"endTime":7700.0,"start":19.950188,"end":20.988947},{"startTime":7700.0,"endTime":7704.0,"start":20.988947,"end":21.95366},{"startTime":7704.0,"endTime":7708.0,"start":21.95366,"end":22.847057},{"startTime":7708.0,"endTime":7712.0,"start":22.847057,"end":23.671875},{"startTime":7712.0,"endTime":7716.0,"start":23.671875,"end":24.430037},{"startTime":7716.0,"endTime":7720.0,"start":24.430037,"end":25.125154},{"startTime":7720.0,"endTime":7724.0,"start":25.125154,"end":25.75996},{"startTime":7724.0,"endTime":7728.0,"start":25.75996,"end":26.337189},{"startTime":7728.0,"endTime":7732.0,"start":26.337189,"end":26.859571},{"startTime":7732.0,"endTime":7736.0,"start":26.859571,"end":27.329845},{"startTime":7736.0,"endTime":7740.0,"start":27.329845,"end":27.750746},{"startTime":7740.0,"endTime":7744.0,"start":27.750746,"end":28.125},{"startTime":7744.0,"endTime":7748.0,"start":28.125,"end":28.454819},{"startTime":7748.0,"endTime":7752.0,"start":28.454819,"end":28.743528},{"startTime":7752.0,"endTime":7756.0,"start":28.743528,"end":28.993866},{"startTime":7756.0,"endTime":7760.0,"start":28.993866,"end":29.208563},{"startTime":7760.0,"endTime":7764.0,"start":29.208563,"end":29.390352},{"startTime":7764.0,"endTime":7768.0,"start":29.390352,"end":29.541971},{"startTime":7768.0,"endTime":7772.0,"start":29.541971,"end":29.666151},{"startTime":7772.0,"endTime":7776.0,"start":29.666151,"end":29.765625},{"startTime":7776.0,"endTime":7780.0,"start":29.765625,"end":29.84288},{"startTime":7780.0,"endTime":7784.0,"start":29.84288,"end":29.900967},{"startTime":7784.0,"endTime":7788.0,"start":29.900967,"end":29.942616},{"startTime":7788.0,"endTime":7792.0,"start":29.942616,"end":29.970562},{"startTime":7792.0,"endTime":7796.0,"start":29.970562,"end":29.987541},{"startTime":7796.0,"endTime":7800.0,"start":29.987541,"end":29.996283},{"startTime":7800.0,"endTime":7804.0,"start":29.996283,"end":29.999525},{"startTime":7804.0,"endTime":7808.0,"start":29.999525,"end":30.0},{"startTime":7808.0,"endTime":7809.0,"start":30.0,"end":30.691105},{"startTime":7809.0,"endTime":7810.0,"start":30.691105,"end":31.362286},{"startTime":7810.0,"endTime":7811.0,"start":31.362286,"end":32.01112},{"startTime":7811.0,"endTime":7812.0,"start":32.01112,"end":32.63959},{"startTime":7812.0,"endTime":7813.0,"start":32.63959,"end":33.247486},{"startTime":7813.0,"endTime":7814.0,"start":33.247486,"end":33.83465},{"startTime":7814.0,"endTime":7815.0,"start":33.83465,"end":34.402935},{"startTime":7815.0,"endTime":7816.0,"start":34.402935,"end":34.950188},{"startTime":7816.0,"endTime":7817.0,"start":34.950188,"end":35.47972},{"startTime":7817.0,"endTime":7818.0,"start":35.47972,"end":35.98895},{"startTime":7818.0,"endTime":7819.0,"start":35.98895,"end":36.480625},{"startTime":7819.0,"endTime":7820.0,"start":36.480625,"end":36.95366},{"startTime":7820.0,"endTime":7821.0,"start":36.95366,"end":37.40888},{"startTime":7821.0,"endTime":7822.0,"start":37.40888,"end":37.847057},{"startTime":7822.0,"endTime":7823.0,"start":37.847057,"end":38.267223},{"startTime":7823.0,"endTime":7824.0,"start":38.267223,"end":38.671875},{"startTime":7824.0,"endTime":7825.0,"start":38.671875,"end":39.058388},{"startTime":7825.0,"endTime":7826.0,"start":39.058388,"end":39.430035},{"startTime":7826.0,"endTime":7827.0,"start":39.430035,"end":39.785103},{"startTime":7827.0,"endTime":7828.0,"start":39.785103,"end":40.125153},{"startTime":7828.0,"endTime":7829.0,"start":40.125153,"end":40.45011},{"startTime":7829.0,"endTime":7830.0,"start":40.45011,"end":40.75996},{"startTime":7830.0,"endTime":7831.0,"start":40.75996,"end":41.05614},{"startTime":7831.0,"endTime":7832.0,"start":41.05614,"end":41.33719},{"startTime":7832.0,"endTime":7833.0,"start":41.33719,"end":41.60558},{"startTime":7833.0,"endTime":7834.0,"start":41.60558,"end":41.85957},{"startTime":7834.0,"endTime":7835.0,"start":41.85957,"end":42.101215},{"startTime":7835.0,"endTime":7836.0,"start":42.101215,"end":42.329845},{"startTime":7836.0,"endTime":7837.0,"start":42.329845,"end":42.546143},{"startTime":7837.0,"endTime":7838.0,"start":42.546143,"end":42.750744},{"startTime":7838.0,"endTime":7839.0,"start":42.750744,"end":42.943096},{"startTime":7839.0,"endTime":7840.0,"start":42.943096,"end":43.125},{"startTime":7840.0,"endTime":7841.0,"start":43.125,"end":43.294807},{"startTime":7841.0,"endTime":7842.0,"start":43.294807,"end":43.45482},{"startTime":7842.0,"endTime":7843.0,"start":43.45482,"end":43.60401},{"startTime":7843.0,"endTime":7844.0,"start":43.60401,"end":43.74353},{"startTime":7844.0,"endTime":7845.0,"start":43.74353,"end":43.87344},{"startTime":7845.0,"endTime":7846.0,"start":43.87344,"end":43.993866},{"startTime":7846.0,"endTime":7847.0,"start":43.993866,"end":44.105827},{"startTime":7847.0,"endTime":7848.0,"start":44.105827,"end":44.20856},{"startTime":7848.0,"endTime":7849.0,"start":44.20856,"end":44.303703},{"startTime":7849.0,"endTime":7850.0,"start":44.303703,"end":44.390354},{"startTime":7850.0,"endTime":7851.0,"start":44.390354,"end":44.469856},{"startTime":7851.0,"endTime":7852.0,"start":44.469856,"end":44.541973},{"startTime":7852.0,"endTime":7853.0,"start":44.541973,"end":44.60724},{"startTime":7853.0,"endTime":7854.0,"start":44.60724,"end":44.66615},{"startTime":7854.0,"endTime":7855.0,"start":44.66615,"end":44.718582},{"startTime":7855.0,"endTime":7856.0,"start":44.718582,"end":44.765625},{"startTime":7856.0,"endTime":7857.0,"start":44.765625,"end":44.80662},{"startTime":7857.0,"endTime":7858.0,"start":44.80662,"end":44.84288},{"startTime":7858.0,"endTime":7859.0,"start":44.84288,"end":44.87409},{"startTime":7859.0,"endTime":7860.0,"start":44.87409,"end":44.900967},{"startTime":7860.0,"endTime":7861.0,"start":44.900967,"end":44.92372},{"startTime":7861.0,"endTime":7862.0,"start":44.92372,"end":44.942616},{"startTime":7862.0,"endTime":7863.0,"start":44.942616,"end":44.95825},{"startTime":7863.0,"endTime":7864.0,"start":44.95825,"end":44.970562},{"startTime":7864.0,"endTime":7865.0,"start":44.970562,"end":44.980347},{"startTime":7865.0,"endTime":7866.0,"start":44.980347,"end":44.98754},{"startTime":7866.0,"endTime":7867.0,"start":44.98754,"end":44.992794},{"startTime":7867.0,"endTime":7868.0,"start":44.992794,"end":44.996284},{"startTime":7868.0,"endTime":7869.0,"start":44.996284,"end":44.998413},{"startTime":7869.0,"endTime":7870.0,"start":44.998413,"end":44.999527},{"startTime":7870.0,"endTime":7871.0,"start":44.999527,"end":44.999928},{"startTime":7871.0,"endTime":7872.0,"start":44.999928,"end":45.0},{"startTime":7872.0,"endTime":7873.0,"start":45.0,"end":45.691105},{"startTime":7873.0,"endTime":7874.0,"start":45.691105,"end":46.362286},{"startTime":7874.0,"endTime":7875.0,"start":46.362286,"end":47.01112},{"startTime":7875.0,"endTime":7876.0,"start":47.01112,"end":47.63959},{"startTime":7876.0,"endTime":7877.0,"start":47.63959,"end":48.247486},{"startTime":7877.0,"endTime":7878.0,"start":48.247486,"end":48.83465},{"startTime":7878.0,"endTime":7879.0,"start":48.83465,"end":49.402935},{"startTime":7879.0,"endTime":7880.0,"start":49.402935,"end":49.950188},{"startTime":7880.0,"endTime":7881.0,"start":49.950188,"end":50.47972},{"startTime":7881.0,"endTime":7882.0,"start":50.47972,"end":50.98895},{"startTime":7882.0,"endTime":7883.0,"start":50.98895,"end":51.480625},{"startTime":7883.0,"endTime":7884.0,"start":51.480625,"end":51.95366},{"startTime":7884.0,"endTime":7885.0,"start":51.95366,"end":52.40888},{"startTime":7885.0,"endTime":7886.0,"start":52.40888,"end":52.847057},{"startTime":7886.0,"endTime":7887.0,"start":52.847057,"end":53.267223},{"startTime":7887.0,"endTime":7888.0,"start":53.267223,"end":53.671875},{"startTime":7888.0,"endTime":7889.0,"start":53.671875,"end":54.058388},{"startTime":7889.0,"endTime":7890.0,"start":54.058388,"end":54.430035},{"startTime":7890.0,"endTime":7891.0,"start":54.430035,"end":54.785103},{"startTime":7891.0,"endTime":7892.0,"start":54.785103,"end":55.125153},{"startTime":7892.0,"endTime":7893.0,"start":55.125153,"end":55.45011},{"startTime":7893.0,"endTime":7894.0,"start":55.45011,"end":55.75996},{"startTime":7894.0,"endTime":7895.0,"start":55.75996,"end":56.05614},{"startTime":7895.0,"endTime":7896.0,"start":56.05614,"end":56.33719},{"startTime":7896.0,"endTime":7897.0,"start":56.33719,"end":56.60558},{"startTime":7897.0,"endTime":7898.0,"start":56.60558,"end":56.85957},{"startTime":7898.0,"endTime":7899.0,"start":56.85957,"end":57.101215},{"startTime":7899.0,"endTime":7900.0,"start":57.101215,"end":57.329845},{"startTime":7900.0,"endTime":7901.0,"start":57.329845,"end":57.546143},{"startTime":7901.0,"endTime":7902.0,"start":57.546143,"end":57.750744},{"startTime":7902.0,"endTime":7903.0,"start":57.750744,"end":57.943096},{"startTime":7903.0,"endTime":7904.0,"start":57.943096,"end":58.125},{"startTime":7904.0,"endTime":7905.0,"start":58.125,"end":58.294807},{"startTime":7905.0,"endTime":7906.0,"start":58.294807,"end":58.45482},{"startTime":7906.0,"endTime":7907.0,"start":58.45482,"end":58.60401},{"startTime":7907.0,"endTime":7908.0,"start":58.60401,"end":58.74353},{"startTime":7908.0,"endTime":7909.0,"start":58.74353,"end":58.87344},{"startTime":7909.0,"endTime":7910.0,"start":58.87344,"end":58.993866},{"startTime":7910.0,"endTime":7911.0,"start":58.993866,"end":59.105827},{"startTime":7911.0,"endTime":7912.0,"start":59.105827,"end":59.20856},{"startTime":7912.0,"endTime":7913.0,"start":59.20856,"end":59.303703},{"startTime":7913.0,"endTime":7914.0,"start":59.303703,"end":59.390354},{"startTime":7914.0,"endTime":7915.0,"start":59.390354,"end":59.469856},{"startTime":7915.0,"endTime":7916.0,"start":59.469856,"end":59.541973},{"startTime":7916.0,"endTime":7917.0,"start":59.541973,"end":59.60724},{"startTime":7917.0,"endTime":7918.0,"start":59.60724,"end":59.66615},{"startTime":7918.0,"endTime":7919.0,"start":59.66615,"end":59.718582},{"startTime":7919.0,"endTime":7920.0,"start":59.718582,"end":59.765625},{"startTime":7920.0,"endTime":7921.0,"start":59.765625,"end":59.80662},{"startTime":7921.0,"endTime":7922.0,"start":59.80662,"end":59.84288},{"startTime":7922.0,"endTime":7923.0,"start":59.84288,"end":59.87409},{"startTime":7923.0,"endTime":7924.0,"start":59.87409,"end":59.900967},{"startTime":7924.0,"endTime":7925.0,"start":59.900967,"end":59.92372},{"startTime":7925.0,"endTime":7926.0,"start":59.92372,"end":59.942616},{"startTime":7926.0,"endTime":7927.0,"start":59.942616,"end":59.95825},{"startTime":7927.0,"endTime":7928.0,"start":59.95825,"end":59.970562},{"startTime":7928.0,"endTime":7929.0,"start":59.970562,"end":59.980347},{"startTime":7929.0,"endTime":7930.0,"start":59.980347,"end":59.98754},{"startTime":7930.0,"endTime":7931.0,"start":59.98754,"end":59.992794},{"startTime":7931.0,"endTime":7932.0,"start":59.992794,"end":59.996284},{"startTime":7932.0,"endTime":7933.0,"start":59.996284,"end":59.998413},{"startTime":7933.0,"endTime":7934.0,"start":59.998413,"end":59.999527},{"startTime":7934.0,"endTime":7935.0,"start":59.999527,"end":59.999928},{"startTime":7935.0,"endTime":7936.0,"start":59.999928,"end":60.0},{"startTime":7936.0,"endTime":7937.0,"start":60.0,"end":89.67724},{"startTime":7937.0,"endTime":7938.0,"start":89.67724,"end":118.737175},{"startTime":7938.0,"endTime":7939.0,"start":118.737175,"end":147.18633},{"startTime":7939.0,"endTime":7940.0,"start":147.18633,"end":175.03127},{"startTime":7940.0,"endTime":7941.0,"start":175.03127,"end":202.27821},{"startTime":7941.0,"endTime":7942.0,"start":202.27821,"end":228.93385},{"startTime":7942.0,"endTime":7943.0,"start":228.93385,"end":255.0046},{"startTime":7943.0,"endTime":7944.0,"start":255.0046,"end":280.49695},{"startTime":7944.0,"endTime":7945.0,"start":280.49695,"end":305.4174},{"startTime":7945.0,"endTime":7946.0,"start":305.4174,"end":329.77243},{"startTime":7946.0,"endTime":7947.0,"start":329.77243,"end":353.56845},{"startTime":7947.0,"endTime":7948.0,"start":353.56845,"end":376.812},{"startTime":7948.0,"endTime":7949.0,"start":376.812,"end":399.50955},{"startTime":7949.0,"endTime":7950.0,"start":399.50955,"end":421.66754},{"startTime":7950.0,"endTime":7951.0,"start":421.66754,"end":443.2926},{"startTime":7951.0,"endTime":7952.0,"start":443.2926,"end":464.3911},{"startTime":7952.0,"endTime":7953.0,"start":464.3911,"end":484.9694},{"startTime":7953.0,"endTime":7954.0,"start":484.9694,"end":505.03412},{"startTime":7954.0,"endTime":7955.0,"start":505.03412,"end":524.5918},{"startTime":7955.0,"endTime":7956.0,"start":524.5918,"end":543.6488},{"startTime":7956.0,"endTime":7957.0,"start":543.6488,"end":562.21173},{"startTime":7957.0,"endTime":7958.0,"start":562.21173,"end":580.28687},{"startTime":7958.0,"endTime":7959.0,"start":580.28687,"end":597.88074},{"startTime":7959.0,"endTime":7960.0,"start":597.88074,"end":615.0},{"startTime":7960.0,"endTime":7961.0,"start":615.0,"end":631.6332},{"startTime":7961.0,"endTime":7962.0,"start":631.6332,"end":647.80524},{"startTime":7962.0,"endTime":7963.0,"start":647.80524,"end":663.52234},{"startTime":7963.0,"endTime":7964.0,"start":663.52234,"end":678.7912},{"startTime":7964.0,"endTime":7965.0,"start":678.7912,"end":693.6182},{"startTime":7965.0,"endTime":7966.0,"start":693.6182,"end":708.0098},{"startTime":7966.0,"endTime":7967.0,"start":708.0098,"end":721.97253},{"startTime":7967.0,"endTime":7968.0,"start":721.97253,"end":735.513},{"startTime":7968.0,"endTime":7969.0,"start":735.513,"end":748.6374},{"startTime":7969.0,"endTime":7970.0,"start":748.6374,"end":761.3524},{"startTime":7970.0,"endTime":7971.0,"start":761.3524,"end":773.6645},{"startTime":7971.0,"endTime":7972.0,"start":773.6645,"end":785.58},{"startTime":7972.0,"endTime":7973.0,"start":785.58,"end":797.1055},{"startTime":7973.0,"endTime":7974.0,"start":797.1055,"end":808.2476},{"startTime":7974.0,"endTime":7975.0,"start":808.2476,"end":819.0126},{"startTime":7975.0,"endTime":7976.0,"start":819.0126,"end":829.407},{"startTime":7976.0,"endTime":7977.0,"start":829.407,"end":839.4374},{"startTime":7977.0,"endTime":7978.0,"start":839.4374,"end":849.1101},{"startTime":7978.0,"endTime":7979.0,"start":849.1101,"end":858.43176},{"startTime":7979.0,"endTime":7980.0,"start":858.43176,"end":867.40875},{"startTime":7980.0,"endTime":7981.0,"start":867.40875,"end":876.04767},{"startTime":7981.0,"endTime":7982.0,"start":876.04767,"end":884.35486},{"startTime":7982.0,"endTime":7983.0,"start":884.35486,"end":892.3368},{"startTime":7983.0,"endTime":7984.0,"start":892.3368,"end":900.0},{"startTime":7984.0,"endTime":7985.0,"start":900.0,"end":907.33923},{"startTime":7985.0,"endTime":7986.0,"start":907.33923,"end":914.3732},{"startTime":7986.0,"endTime":7987.0,"start":914.3732,"end":921.10834},{"startTime":7987.0,"endTime":7988.0,"start":921.10834,"end":927.5512},{"startTime":7988.0,"endTime":7989.0,"start":927.5512,"end":933.7082},{"startTime":7989.0,"endTime":7990.0,"start":933.7082,"end":939.5859},{"startTime":7990.0,"endTime":7991.0,"start":939.5859,"end":945.1906},{"startTime":7991.0,"endTime":7992.0,"start":945.1906,"end":950.529},{"startTime":7992.0,"endTime":7993.0,"start":950.529,"end":955.6074},{"startTime":7993.0,"endTime":7994.0,"start":955.6074,"end":960.43243},{"startTime":7994.0,"endTime":7995.0,"start":960.43243,"end":965.01044},{"startTime":7995.0,"endTime":7996.0,"start":965.01044,"end":969.348},{"startTime":7996.0,"endTime":7997.0,"start":969.348,"end":973.45154},{"startTime":7997.0,"endTime":7998.0,"start":973.45154,"end":977.3276},{"startTime":7998.0,"endTime":7999.0,"start":977.3276,"end":980.98254},{"startTime":7999.0,"endTime":8000.0,"start":980.98254,"end":984.4231},{"startTime":8000.0,"endTime":8001.0,"start":984.4231,"end":987.6554},{"startTime":8001.0,"endTime":8002.0,"start":987.6554,"end":990.68616},{"startTime":8002.0,"endTime":8003.0,"start":990.68616,"end":993.5218},{"startTime":8003.0,"endTime":8004.0,"start":993.5218,"end":996.16876},{"startTime":8004.0,"endTime":8005.0,"start":996.16876,"end":998.63367},{"startTime":8005.0,"endTime":8006.0,"start":998.63367,"end":1000.9228},{"startTime":8006.0,"endTime":8007.0,"start":1000.9228,"end":1003.0428},{"startTime":8007.0,"endTime":8008.0,"start":1003.0428,"end":1005.0},{"startTime":8008.0,"endTime":8009.0,"start":1005.0,"end":1006.7952},{"startTime":8009.0,"endTime":8010.0,"start":1006.7952,"end":1008.4412},{"startTime":8010.0,"endTime":8011.0,"start":1008.4412,"end":1009.94434},{"startTime":8011.0,"endTime":8012.0,"start":1009.94434,"end":1011.31116},{"startTime":8012.0,"endTime":8013.0,"start":1011.31116,"end":1012.54816},{"startTime":8013.0,"endTime":8014.0,"start":1012.54816,"end":1013.6618},{"startTime":8014.0,"endTime":8015.0,"start":1013.6618,"end":1014.65857},{"startTime":8015.0,"endTime":8016.0,"start":1014.65857,"end":1015.545},{"startTime":8016.0,"endTime":8017.0,"start":1015.545,"end":1016.3274},{"startTime":8017.0,"endTime":8018.0,"start":1016.3274,"end":1017.0124},{"startTime":8018.0,"endTime":8019.0,"start":1017.0124,"end":1017.6064},{"startTime":8019.0,"endTime":8020.0,"start":1017.6064,"end":1018.11597},{"startTime":8020.0,"endTime":8021.0,"start":1018.11597,"end":1018.54755},{"startTime":8021.0,"endTime":8022.0,"start":1018.54755,"end":1018.9076},{"startTime":8022.0,"endTime":8023.0,"start":1018.9076,"end":1019.2026},{"startTime":8023.0,"endTime":8024.0,"start":1019.2026,"end":1019.439},{"startTime":8024.0,"endTime":8025.0,"start":1019.439,"end":1019.62335},{"startTime":8025.0,"endTime":8026.0,"start":1019.62335,"end":1019.76215},{"startTime":8026.0,"endTime":8027.0,"start":1019.76215,"end":1019.8618},{"startTime":8027.0,"endTime":8028.0,"start":1019.8618,"end":1019.9288},{"startTime":8028.0,"endTime":8029.0,"start":1019.9288,"end":1019.9696},{"startTime":8029.0,"endTime":8030.0,"start":1019.9696,"end":1019.9908},{"startTime":8030.0,"endTime":8031.0,"start":1019.9908,"end":1019.9987},{"startTime":8031.0,"endTime":8032.0,"start":1019.9987,"end":1020.0},{"startTime":8032.0,"endTime":8096.0,"start":300.0,"end":300.0},{"startTime":8096.0,"endTime":8097.0,"start":300.0,"end":302.76443},{"startTime":8097.0,"endTime":8098.0,"start":302.76443,"end":305.44916},{"startTime":8098.0,"endTime":8099.0,"start":305.44916,"end":308.0445},{"startTime":8099.0,"endTime":8100.0,"start":308.0445,"end":310.55838},{"startTime":8100.0,"endTime":8101.0,"start":310.55838,"end":312.98993},{"startTime":8101.0,"endTime":8102.0,"start":312.98993,"end":315.3386},{"startTime":8102.0,"endTime":8103.0,"start":315.3386,"end":317.61176},{"startTime":8103.0,"endTime":8104.0,"start":317.61176,"end":319.80075},{"startTime":8104.0,"endTime":8105.0,"start":319.80075,"end":321.91888},{"startTime":8105.0,"endTime":8106.0,"start":321.91888,"end":323.95578},{"startTime":8106.0,"endTime":8107.0,"start":323.95578,"end":325.9225},{"startTime":8107.0,"endTime":8108.0,"start":325.9225,"end":327.81464},{"startTime":8108.0,"endTime":8109.0,"start":327.81464,"end":329.63553},{"startTime":8109.0,"endTime":8110.0,"start":329.63553,"end":331.38824},{"startTime":8110.0,"endTime":8111.0,"start":331.38824,"end":333.0689},{"startTime":8111.0,"endTime":8112.0,"start":333.0689,"end":334.6875},{"startTime":8112.0,"endTime":8113.0,"start":334.6875,"end":336.23355},{"startTime":8113.0,"endTime":8114.0,"start":336.23355,"end":337.72015},{"startTime":8114.0,"endTime":8115.0,"start":337.72015,"end":339.1404},{"startTime":8115.0,"endTime":8116.0,"start":339.1404,"end":340.5006},{"startTime":8116.0,"endTime":8117.0,"start":340.5006,"end":341.80045},{"startTime":8117.0,"endTime":8118.0,"start":341.80045,"end":343.03983},{"startTime":8118.0,"endTime":8119.0,"start":343.03983,"end":344.22455},{"startTime":8119.0,"endTime":8120.0,"start":344.22455,"end":345.34875},{"startTime":8120.0,"endTime":8121.0,"start":345.34875,"end":346.4223},{"startTime":8121.0,"endTime":8122.0,"start":346.4223,"end":347.4383},{"startTime":8122.0,"endTime":8123.0,"start":347.4383,"end":348.40488},{"startTime":8123.0,"endTime":8124.0,"start":348.40488,"end":349.3194},{"startTime":8124.0,"endTime":8125.0,"start":349.3194,"end":350.18457},{"startTime":8125.0,"endTime":8126.0,"start":350.18457,"end":351.003},{"startTime":8126.0,"endTime":8127.0,"start":351.003,"end":351.7724},{"startTime":8127.0,"endTime":8128.0,"start":351.7724,"end":352.5},{"startTime":8128.0,"endTime":8129.0,"start":352.5,"end":353.17923},{"startTime":8129.0,"endTime":8130.0,"start":353.17923,"end":353.81927},{"startTime":8130.0,"endTime":8131.0,"start":353.81927,"end":354.41605},{"startTime":8131.0,"endTime":8132.0,"start":354.41605,"end":354.97412},{"startTime":8132.0,"endTime":8133.0,"start":354.97412,"end":355.49374},{"startTime":8133.0,"endTime":8134.0,"start":355.49374,"end":355.97546},{"startTime":8134.0,"endTime":8135.0,"start":355.97546,"end":356.4233},{"startTime":8135.0,"endTime":8136.0,"start":356.4233,"end":356.83426},{"startTime":8136.0,"endTime":8137.0,"start":356.83426,"end":357.2148},{"startTime":8137.0,"endTime":8138.0,"start":357.2148,"end":357.5614},{"startTime":8138.0,"endTime":8139.0,"start":357.5614,"end":357.87943},{"startTime":8139.0,"endTime":8140.0,"start":357.87943,"end":358.16788},{"startTime":8140.0,"endTime":8141.0,"start":358.16788,"end":358.42896},{"startTime":8141.0,"endTime":8142.0,"start":358.42896,"end":358.6646},{"startTime":8142.0,"endTime":8143.0,"start":358.6646,"end":358.87433},{"startTime":8143.0,"endTime":8144.0,"start":358.87433,"end":359.0625},{"startTime":8144.0,"endTime":8145.0,"start":359.0625,"end":359.2265},{"startTime":8145.0,"endTime":8146.0,"start":359.2265,"end":359.37152},{"startTime":8146.0,"endTime":8147.0,"start":359.37152,"end":359.49637},{"startTime":8147.0,"endTime":8148.0,"start":359.49637,"end":359.60385},{"startTime":8148.0,"endTime":8149.0,"start":359.60385,"end":359.6949},{"startTime":8149.0,"endTime":8150.0,"start":359.6949,"end":359.77048},{"startTime":8150.0,"endTime":8151.0,"start":359.77048,"end":359.83298},{"startTime":8151.0,"endTime":8152.0,"start":359.83298,"end":359.88223},{"startTime":8152.0,"endTime":8153.0,"start":359.88223,"end":359.9214},{"startTime":8153.0,"endTime":8154.0,"start":359.9214,"end":359.95016},{"startTime":8154.0,"endTime":8155.0,"start":359.95016,"end":359.9712},{"startTime":8155.0,"endTime":8156.0,"start":359.9712,"end":359.98514},{"startTime":8156.0,"endTime":8157.0,"start":359.98514,"end":359.99365},{"startTime":8157.0,"endTime":8158.0,"start":359.99365,"end":359.9981},{"startTime":8158.0,"endTime":8159.0,"start":359.9981,"end":359.9997},{"startTime":8159.0,"endTime":8160.0,"start":359.9997,"end":360.0},{"startTime":8160.0,"endTime":1000000000.0,"start":0.0,"end":0.0}],"judgeLineDisappearEvents":[{"startTime":-999999.0,"endTime":1000000000.0,"start":1.0,"end":1.0}]},{"bpm":180.0,"notesAbove":[{"type":2,"time":6528,"positionX":0.0,"holdTime":0.0,"speed":1.0,"floorPosition":68.666664},{"type":2,"time":6544,"positionX":-1.0,"holdTime":0.0,"speed":1.0,"floorPosition":68.96667},{"type":2,"time":6576,"positionX":1.0,"holdTime":0.0,"speed":1.0,"floorPosition":69.566666}],"notesBelow":[],"speedEvents":[{"startTime":0.0,"endTime":6448.0,"value":1.0},{"startTime":6448.0,"endTime":6464.0,"value":1.8},{"startTime":6464.0,"endTime":1000000000.0,"value":1.8}],"judgeLineMoveEvents":[{"startTime":-999999.0,"endTime":6272.0,"start":0.5,"end":0.5,"start2":0.79999995,"end2":0.79999995},{"startTime":6272.0,"endTime":6280.0,"start":0.5,"end":0.5,"start2":0.79999995,"end2":0.7455085},{"startTime":6280.0,"endTime":6288.0,"start":0.5,"end":0.5,"start2":0.7455085,"end2":0.6944163},{"startTime":6288.0,"endTime":6296.0,"start":0.5,"end":0.5,"start2":0.6944163,"end2":0.6466141},{"startTime":6296.0,"endTime":6304.0,"start":0.5,"end":0.5,"start2":0.6466141,"end2":0.6019925},{"startTime":6304.0,"endTime":6312.0,"start":0.5,"end":0.5,"start2":0.6019925,"end2":0.5604421},{"startTime":6312.0,"endTime":6320.0,"start":0.5,"end":0.5,"start2":0.5604421,"end2":0.5218536},{"startTime":6320.0,"endTime":6328.0,"start":0.5,"end":0.5,"start2":0.5218536,"end2":0.48611763},{"startTime":6328.0,"endTime":6336.0,"start":0.5,"end":0.5,"start2":0.48611763,"end2":0.45312497},{"startTime":6336.0,"endTime":6344.0,"start":0.5,"end":0.5,"start2":0.45312497,"end2":0.4227985},{"startTime":6344.0,"endTime":6352.0,"start":0.5,"end":0.5,"start2":0.4227985,"end2":0.3949938},{"startTime":6352.0,"endTime":6360.0,"start":0.5,"end":0.5,"start2":0.3949938,"end2":0.3696016},{"startTime":6360.0,"endTime":6368.0,"start":0.5,"end":0.5,"start2":0.3696016,"end2":0.34651247},{"startTime":6368.0,"endTime":6376.0,"start":0.5,"end":0.5,"start2":0.34651247,"end2":0.32561713},{"startTime":6376.0,"endTime":6384.0,"start":0.5,"end":0.5,"start2":0.32561713,"end2":0.30680615},{"startTime":6384.0,"endTime":6392.0,"start":0.5,"end":0.5,"start2":0.30680615,"end2":0.2899702},{"startTime":6392.0,"endTime":6400.0,"start":0.5,"end":0.5,"start2":0.2899702,"end2":0.27499998},{"startTime":6400.0,"endTime":6408.0,"start":0.5,"end":0.5,"start2":0.27499998,"end2":0.26180726},{"startTime":6408.0,"endTime":6416.0,"start":0.5,"end":0.5,"start2":0.26180726,"end2":0.25025883},{"startTime":6416.0,"endTime":6424.0,"start":0.5,"end":0.5,"start2":0.25025883,"end2":0.24024536},{"startTime":6424.0,"endTime":6432.0,"start":0.5,"end":0.5,"start2":0.24024536,"end2":0.23165749},{"startTime":6432.0,"endTime":6440.0,"start":0.5,"end":0.5,"start2":0.23165749,"end2":0.22438589},{"startTime":6440.0,"endTime":6448.0,"start":0.5,"end":0.5,"start2":0.22438589,"end2":0.21832111},{"startTime":6448.0,"endTime":6456.0,"start":0.5,"end":0.5,"start2":0.21832111,"end2":0.21335396},{"startTime":6456.0,"endTime":6464.0,"start":0.5,"end":0.5,"start2":0.21335396,"end2":0.209375},{"startTime":6464.0,"endTime":6472.0,"start":0.5,"end":0.5,"start2":0.209375,"end2":0.20628476},{"startTime":6472.0,"endTime":6480.0,"start":0.5,"end":0.5,"start2":0.20628476,"end2":0.20396136},{"startTime":6480.0,"endTime":6488.0,"start":0.5,"end":0.5,"start2":0.20396136,"end2":0.20229535},{"startTime":6488.0,"endTime":6496.0,"start":0.5,"end":0.5,"start2":0.20229535,"end2":0.20117751},{"startTime":6496.0,"endTime":6504.0,"start":0.5,"end":0.5,"start2":0.20117751,"end2":0.20049837},{"startTime":6504.0,"endTime":6512.0,"start":0.5,"end":0.5,"start2":0.20049837,"end2":0.20014866},{"startTime":6512.0,"endTime":6520.0,"start":0.5,"end":0.5,"start2":0.20014866,"end2":0.20001897},{"startTime":6520.0,"endTime":6528.0,"start":0.5,"end":0.5,"start2":0.20001897,"end2":0.19999999},{"startTime":6528.0,"endTime":1000000000.0,"start":0.5,"end":0.5,"start2":0.19999999,"end2":0.19999999}],"judgeLineRotateEvents":[{"startTime":-999999.0,"endTime":1000000000.0,"start":0.0,"end":0.0}],"judgeLineDisappearEvents":[{"startTime":-999999.0,"endTime":1000000000.0,"start":0.0,"end":0.0}]}]}