{"formatVersion":1,"offset":0.0,"judgeLineList":[{"bpm":191.0,"notesAbove":[{"type":1,"time":128,"positionX":-4.56847,"holdTime":0.0,"speed":1.0,"floorPosition":1.8848168},{"type":1,"time":160,"positionX":-2.646721,"holdTime":0.0,"speed":1.0,"floorPosition":2.356021},{"type":1,"time":192,"positionX":-0.8055229,"holdTime":0.0,"speed":1.0,"floorPosition":2.8272252},{"type":1,"time":224,"positionX":0.9781361,"holdTime":0.0,"speed":1.0,"floorPosition":3.2984293},{"type":1,"time":256,"positionX":3.199079,"holdTime":0.0,"speed":1.0,"floorPosition":3.7696335},{"type":1,"time":288,"positionX":-2.945915,"holdTime":0.0,"speed":1.0,"floorPosition":4.2408376},{"type":1,"time":320,"positionX":-0.955121,"holdTime":0.0,"speed":1.0,"floorPosition":4.712042},{"type":1,"time":352,"positionX":0.7594929,"holdTime":0.0,"speed":1.0,"floorPosition":5.183246},{"type":1,"time":384,"positionX":1.979286,"holdTime":0.0,"speed":1.0,"floorPosition":5.6544504},{"type":1,"time":416,"positionX":-1.484465,"holdTime":0.0,"speed":1.0,"floorPosition":6.125654},{"type":1,"time":448,"positionX":-4.856157,"holdTime":0.0,"speed":1.0,"floorPosition":6.5968585},{"type":1,"time":480,"positionX":0.01150703,"holdTime":0.0,"speed":1.0,"floorPosition":7.068063},{"type":1,"time":512,"positionX":4.372842,"holdTime":0.0,"speed":1.0,"floorPosition":7.539267},{"type":1,"time":544,"positionX":-2.278481,"holdTime":0.0,"speed":1.0,"floorPosition":8.010471},{"type":1,"time":576,"positionX":-0.05753708,"holdTime":0.0,"speed":1.0,"floorPosition":8.481675},{"type":1,"time":608,"positionX":2.266974,"holdTime":0.0,"speed":1.0,"floorPosition":8.95288},{"type":1,"time":640,"positionX":-5.477561,"holdTime":0.0,"speed":1.0,"floorPosition":9.424084},{"type":1,"time":672,"positionX":-2.807825,"holdTime":0.0,"speed":1.0,"floorPosition":9.8952875},{"type":1,"time":704,"positionX":-0.4948215,"holdTime":0.0,"speed":1.0,"floorPosition":10.366492},{"type":1,"time":736,"positionX":1.703106,"holdTime":0.0,"speed":1.0,"floorPosition":10.837696},{"type":1,"time":768,"positionX":4.200231,"holdTime":0.0,"speed":1.0,"floorPosition":11.308901},{"type":1,"time":800,"positionX":-5.028769,"holdTime":0.0,"speed":1.0,"floorPosition":11.780105},{"type":1,"time":832,"positionX":-2.451094,"holdTime":0.0,"speed":1.0,"floorPosition":12.251308},{"type":1,"time":864,"positionX":-0.1265821,"holdTime":0.0,"speed":1.0,"floorPosition":12.722513},{"type":1,"time":896,"positionX":2.497122,"holdTime":0.0,"speed":1.0,"floorPosition":13.193717},{"type":1,"time":928,"positionX":-5.420023,"holdTime":0.0,"speed":1.0,"floorPosition":13.664922},{"type":1,"time":960,"positionX":-2.382049,"holdTime":0.0,"speed":1.0,"floorPosition":14.136126},{"type":1,"time":992,"positionX":3.92405,"holdTime":0.0,"speed":1.0,"floorPosition":14.607329},{"type":1,"time":1024,"positionX":-1.288837,"holdTime":0.0,"speed":1.0,"floorPosition":15.078534},{"type":1,"time":1056,"positionX":4.177215,"holdTime":0.0,"speed":1.0,"floorPosition":15.549738},{"type":1,"time":1088,"positionX":0.5638657,"holdTime":0.0,"speed":1.0,"floorPosition":16.020943},{"type":1,"time":1120,"positionX":-3.187572,"holdTime":0.0,"speed":1.0,"floorPosition":16.492147},{"type":1,"time":1152,"positionX":-3.164557,"holdTime":0.0,"speed":1.0,"floorPosition":16.96335},{"type":1,"time":1152,"positionX":3.072498,"holdTime":0.0,"speed":1.0,"floorPosition":16.96335},{"type":1,"time":1184,"positionX":1.703106,"holdTime":0.0,"speed":1.0,"floorPosition":17.434555},{"type":1,"time":1216,"positionX":3.107018,"holdTime":0.0,"speed":1.0,"floorPosition":17.90576},{"type":1,"time":1248,"positionX":4.626007,"holdTime":0.0,"speed":1.0,"floorPosition":18.376963},{"type":1,"time":1280,"positionX":4.56847,"holdTime":0.0,"speed":1.0,"floorPosition":18.848167},{"type":1,"time":1280,"positionX":-1.645569,"holdTime":0.0,"speed":1.0,"floorPosition":18.848167},{"type":1,"time":1312,"positionX":-3.463751,"holdTime":0.0,"speed":1.0,"floorPosition":19.319372},{"type":1,"time":1344,"positionX":-5.489068,"holdTime":0.0,"speed":1.0,"floorPosition":19.790575},{"type":1,"time":1376,"positionX":-3.498274,"holdTime":0.0,"speed":1.0,"floorPosition":20.26178},{"type":2,"time":1392,"positionX":-3.463751,"holdTime":0.0,"speed":1.0,"floorPosition":20.497383},{"type":2,"time":1400,"positionX":-3.486767,"holdTime":0.0,"speed":1.0,"floorPosition":20.615183},{"type":1,"time":1408,"positionX":4.6145,"holdTime":0.0,"speed":1.0,"floorPosition":20.732985},{"type":1,"time":1440,"positionX":2.186421,"holdTime":0.0,"speed":1.0,"floorPosition":21.20419},{"type":1,"time":1472,"positionX":3.325662,"holdTime":0.0,"speed":1.0,"floorPosition":21.675392},{"type":1,"time":1472,"positionX":-5.70771,"holdTime":0.0,"speed":1.0,"floorPosition":21.675392},{"type":1,"time":1504,"positionX":4.545454,"holdTime":0.0,"speed":1.0,"floorPosition":22.146597},{"type":1,"time":1536,"positionX":-2.163406,"holdTime":0.0,"speed":1.0,"floorPosition":22.617802},{"type":1,"time":1536,"positionX":4.556962,"holdTime":0.0,"speed":1.0,"floorPosition":22.617802},{"type":1,"time":1568,"positionX":-3.878021,"holdTime":0.0,"speed":1.0,"floorPosition":23.089005},{"type":1,"time":1600,"positionX":-2.163406,"holdTime":0.0,"speed":1.0,"floorPosition":23.56021},{"type":2,"time":1616,"positionX":-2.105868,"holdTime":0.0,"speed":1.0,"floorPosition":23.79581},{"type":1,"time":1632,"positionX":3.831991,"holdTime":0.0,"speed":1.0,"floorPosition":24.031414},{"type":2,"time":1648,"positionX":3.785961,"holdTime":0.0,"speed":1.0,"floorPosition":24.267015},{"type":1,"time":1664,"positionX":-4.188723,"holdTime":0.0,"speed":1.0,"floorPosition":24.502617},{"type":2,"time":1680,"positionX":-4.188723,"holdTime":0.0,"speed":1.0,"floorPosition":24.73822},{"type":1,"time":1696,"positionX":1.334868,"holdTime":0.0,"speed":1.0,"floorPosition":24.973822},{"type":2,"time":1712,"positionX":1.403913,"holdTime":0.0,"speed":1.0,"floorPosition":25.209425},{"type":1,"time":1728,"positionX":4.004603,"holdTime":0.0,"speed":1.0,"floorPosition":25.445026},{"type":2,"time":1744,"positionX":4.027618,"holdTime":0.0,"speed":1.0,"floorPosition":25.680628},{"type":1,"time":1760,"positionX":-2.232451,"holdTime":0.0,"speed":1.0,"floorPosition":25.916231},{"type":2,"time":1776,"positionX":-2.243958,"holdTime":0.0,"speed":1.0,"floorPosition":26.151833},{"type":1,"time":1792,"positionX":5.638665,"holdTime":0.0,"speed":1.0,"floorPosition":26.387434},{"type":2,"time":1808,"positionX":5.638665,"holdTime":0.0,"speed":1.0,"floorPosition":26.623037},{"type":1,"time":1824,"positionX":-5.373993,"holdTime":0.0,"speed":1.0,"floorPosition":26.858639},{"type":2,"time":1840,"positionX":-5.408516,"holdTime":0.0,"speed":1.0,"floorPosition":27.09424},{"type":1,"time":1856,"positionX":-1.634062,"holdTime":0.0,"speed":1.0,"floorPosition":27.329844},{"type":2,"time":1872,"positionX":-1.645569,"holdTime":0.0,"speed":1.0,"floorPosition":27.565445},{"type":1,"time":1888,"positionX":2.243958,"holdTime":0.0,"speed":1.0,"floorPosition":27.801046},{"type":2,"time":1904,"positionX":2.255466,"holdTime":0.0,"speed":1.0,"floorPosition":28.03665},{"type":1,"time":1920,"positionX":-3.210587,"holdTime":0.0,"speed":1.0,"floorPosition":28.272251},{"type":2,"time":1936,"positionX":-3.233602,"holdTime":0.0,"speed":1.0,"floorPosition":28.507853},{"type":1,"time":1952,"positionX":-5.730725,"holdTime":0.0,"speed":1.0,"floorPosition":28.743456},{"type":2,"time":1968,"positionX":-5.75374,"holdTime":0.0,"speed":1.0,"floorPosition":28.979057},{"type":1,"time":1984,"positionX":-2.704258,"holdTime":0.0,"speed":1.0,"floorPosition":29.214659},{"type":2,"time":2000,"positionX":-2.704258,"holdTime":0.0,"speed":1.0,"floorPosition":29.450262},{"type":1,"time":2016,"positionX":2.370541,"holdTime":0.0,"speed":1.0,"floorPosition":29.685863},{"type":2,"time":2032,"positionX":4.683543,"holdTime":0.0,"speed":1.0,"floorPosition":29.921467},{"type":2,"time":2048,"positionX":-3.659379,"holdTime":0.0,"speed":1.0,"floorPosition":30.157068},{"type":2,"time":2056,"positionX":-3.659379,"holdTime":0.0,"speed":1.0,"floorPosition":30.27487},{"type":2,"time":2064,"positionX":-3.659379,"holdTime":0.0,"speed":1.0,"floorPosition":30.39267},{"type":2,"time":2072,"positionX":-3.659379,"holdTime":0.0,"speed":1.0,"floorPosition":30.510471},{"type":2,"time":2080,"positionX":-3.659379,"holdTime":0.0,"speed":1.0,"floorPosition":30.628273},{"type":2,"time":2088,"positionX":-3.659379,"holdTime":0.0,"speed":1.0,"floorPosition":30.746073},{"type":2,"time":2096,"positionX":-3.659379,"holdTime":0.0,"speed":1.0,"floorPosition":30.863874},{"type":2,"time":2104,"positionX":-3.659379,"holdTime":0.0,"speed":1.0,"floorPosition":30.981676},{"type":2,"time":2112,"positionX":-3.659379,"holdTime":0.0,"speed":1.0,"floorPosition":31.099476},{"type":2,"time":2120,"positionX":-3.649022,"holdTime":0.0,"speed":1.0,"floorPosition":31.217278},{"type":2,"time":2128,"positionX":-3.647871,"holdTime":0.0,"speed":1.0,"floorPosition":31.33508},{"type":2,"time":2136,"positionX":-3.647871,"holdTime":0.0,"speed":1.0,"floorPosition":31.452879},{"type":1,"time":2144,"positionX":4.867663,"holdTime":0.0,"speed":1.0,"floorPosition":31.57068},{"type":1,"time":2176,"positionX":-5.132336,"holdTime":0.0,"speed":1.0,"floorPosition":32.041885},{"type":1,"time":2208,"positionX":-5.097814,"holdTime":0.0,"speed":1.0,"floorPosition":32.51309},{"type":1,"time":2224,"positionX":-0.04603004,"holdTime":0.0,"speed":1.0,"floorPosition":32.74869},{"type":1,"time":2240,"positionX":4.775604,"holdTime":0.0,"speed":1.0,"floorPosition":32.984295},{"type":1,"time":2272,"positionX":-5.063291,"holdTime":0.0,"speed":1.0,"floorPosition":33.455498},{"type":1,"time":2288,"positionX":4.706559,"holdTime":0.0,"speed":1.0,"floorPosition":33.6911},{"type":1,"time":2304,"positionX":1.553509,"holdTime":0.0,"speed":1.0,"floorPosition":33.9267},{"type":1,"time":2320,"positionX":-1.910242,"holdTime":0.0,"speed":1.0,"floorPosition":34.162304},{"type":1,"time":2336,"positionX":-5.051784,"holdTime":0.0,"speed":1.0,"floorPosition":34.397907},{"type":1,"time":2368,"positionX":-3.24511,"holdTime":0.0,"speed":1.0,"floorPosition":34.86911},{"type":2,"time":2368,"positionX":1.196777,"holdTime":0.0,"speed":1.0,"floorPosition":34.86911},{"type":2,"time":2384,"positionX":3.222095,"holdTime":0.0,"speed":1.0,"floorPosition":35.104713},{"type":1,"time":2400,"positionX":-3.210587,"holdTime":0.0,"speed":1.0,"floorPosition":35.340313},{"type":2,"time":2400,"positionX":5.155351,"holdTime":0.0,"speed":1.0,"floorPosition":35.340313},{"type":2,"time":2416,"positionX":3.256617,"holdTime":0.0,"speed":1.0,"floorPosition":35.575916},{"type":1,"time":2432,"positionX":-5.696202,"holdTime":0.0,"speed":1.0,"floorPosition":35.81152},{"type":2,"time":2432,"positionX":1.196777,"holdTime":0.0,"speed":1.0,"floorPosition":35.81152},{"type":1,"time":2464,"positionX":-5.719217,"holdTime":0.0,"speed":1.0,"floorPosition":36.282722},{"type":1,"time":2496,"positionX":-5.696202,"holdTime":0.0,"speed":1.0,"floorPosition":36.753925},{"type":2,"time":2512,"positionX":1.726122,"holdTime":0.0,"speed":1.0,"floorPosition":36.98953},{"type":1,"time":2528,"positionX":-5.742233,"holdTime":0.0,"speed":1.0,"floorPosition":37.225132},{"type":2,"time":2528,"positionX":-0.0805521,"holdTime":0.0,"speed":1.0,"floorPosition":37.225132},{"type":2,"time":2544,"positionX":1.737629,"holdTime":0.0,"speed":1.0,"floorPosition":37.46073},{"type":1,"time":2560,"positionX":-5.776754,"holdTime":0.0,"speed":1.0,"floorPosition":37.696335},{"type":2,"time":2560,"positionX":3.774453,"holdTime":0.0,"speed":1.0,"floorPosition":37.696335},{"type":2,"time":2576,"positionX":1.59954,"holdTime":0.0,"speed":1.0,"floorPosition":37.93194},{"type":1,"time":2592,"positionX":-5.788261,"holdTime":0.0,"speed":1.0,"floorPosition":38.167538},{"type":2,"time":2592,"positionX":2.876871,"holdTime":0.0,"speed":1.0,"floorPosition":38.167538},{"type":2,"time":2608,"positionX":0.2416563,"holdTime":0.0,"speed":1.0,"floorPosition":38.40314},{"type":2,"time":2624,"positionX":1.446308,"holdTime":0.0,"speed":1.0,"floorPosition":38.638744},{"type":1,"time":2624,"positionX":-5.79977,"holdTime":0.0,"speed":1.0,"floorPosition":38.638744},{"type":2,"time":2640,"positionX":-0.6674347,"holdTime":0.0,"speed":1.0,"floorPosition":38.874344},{"type":2,"time":2656,"positionX":1.231299,"holdTime":0.0,"speed":1.0,"floorPosition":39.109947},{"type":1,"time":2656,"positionX":-5.79977,"holdTime":0.0,"speed":1.0,"floorPosition":39.109947},{"type":1,"time":2688,"positionX":4.29229,"holdTime":0.0,"speed":1.0,"floorPosition":39.58115},{"type":2,"time":2704,"positionX":-3.912543,"holdTime":0.0,"speed":1.0,"floorPosition":39.816753},{"type":2,"time":2720,"positionX":-1.634062,"holdTime":0.0,"speed":1.0,"floorPosition":40.052357},{"type":1,"time":2720,"positionX":4.234753,"holdTime":0.0,"speed":1.0,"floorPosition":40.052357},{"type":1,"time":2752,"positionX":4.200231,"holdTime":0.0,"speed":1.0,"floorPosition":40.52356},{"type":2,"time":2752,"positionX":-1.622555,"holdTime":0.0,"speed":1.0,"floorPosition":40.52356},{"type":1,"time":2784,"positionX":4.165708,"holdTime":0.0,"speed":1.0,"floorPosition":40.994766},{"type":2,"time":2784,"positionX":-0.2186413,"holdTime":0.0,"speed":1.0,"floorPosition":40.994766},{"type":2,"time":2800,"positionX":-2.174913,"holdTime":0.0,"speed":1.0,"floorPosition":41.230366},{"type":2,"time":2816,"positionX":-3.866512,"holdTime":0.0,"speed":1.0,"floorPosition":41.46597},{"type":1,"time":2816,"positionX":4.154201,"holdTime":0.0,"speed":1.0,"floorPosition":41.46597},{"type":2,"time":2832,"positionX":-5.558113,"holdTime":0.0,"speed":1.0,"floorPosition":41.701572},{"type":1,"time":2848,"positionX":4.154201,"holdTime":0.0,"speed":1.0,"floorPosition":41.937172},{"type":1,"time":2880,"positionX":5.350978,"holdTime":0.0,"speed":1.0,"floorPosition":42.40838},{"type":2,"time":2880,"positionX":-2.405064,"holdTime":0.0,"speed":1.0,"floorPosition":42.40838},{"type":2,"time":2896,"positionX":-3.636364,"holdTime":0.0,"speed":1.0,"floorPosition":42.64398},{"type":1,"time":2912,"positionX":5.362486,"holdTime":0.0,"speed":1.0,"floorPosition":42.87958},{"type":2,"time":2912,"positionX":-5.063291,"holdTime":0.0,"speed":1.0,"floorPosition":42.87958},{"type":2,"time":2928,"positionX":-3.670886,"holdTime":0.0,"speed":1.0,"floorPosition":43.115185},{"type":1,"time":2944,"positionX":3.371692,"holdTime":0.0,"speed":1.0,"floorPosition":43.350784},{"type":2,"time":2944,"positionX":-2.359034,"holdTime":0.0,"speed":1.0,"floorPosition":43.350784},{"type":1,"time":2976,"positionX":3.348677,"holdTime":0.0,"speed":1.0,"floorPosition":43.82199},{"type":2,"time":3008,"positionX":-6.720367,"holdTime":0.0,"speed":1.0,"floorPosition":44.293194},{"type":1,"time":3008,"positionX":3.314154,"holdTime":0.0,"speed":1.0,"floorPosition":44.293194},{"type":2,"time":3040,"positionX":-6.731876,"holdTime":0.0,"speed":1.0,"floorPosition":44.764397},{"type":1,"time":3040,"positionX":2.635212,"holdTime":0.0,"speed":1.0,"floorPosition":44.764397},{"type":2,"time":3056,"positionX":-4.683544,"holdTime":0.0,"speed":1.0,"floorPosition":45.0},{"type":2,"time":3072,"positionX":-2.807825,"holdTime":0.0,"speed":1.0,"floorPosition":45.235603},{"type":1,"time":3072,"positionX":2.002301,"holdTime":0.0,"speed":1.0,"floorPosition":45.235603},{"type":2,"time":3088,"positionX":-4.672037,"holdTime":0.0,"speed":1.0,"floorPosition":45.471203},{"type":1,"time":3104,"positionX":1.495973,"holdTime":0.0,"speed":1.0,"floorPosition":45.706806},{"type":2,"time":3120,"positionX":-2.87687,"holdTime":0.0,"speed":1.0,"floorPosition":45.94241},{"type":1,"time":3136,"positionX":0.897583,"holdTime":0.0,"speed":1.0,"floorPosition":46.17801},{"type":2,"time":3152,"positionX":-6.121979,"holdTime":0.0,"speed":1.0,"floorPosition":46.413612},{"type":1,"time":3168,"positionX":1.438436,"holdTime":0.0,"speed":1.0,"floorPosition":46.649216},{"type":2,"time":3200,"positionX":-3.532796,"holdTime":0.0,"speed":1.0,"floorPosition":47.12042},{"type":2,"time":3216,"positionX":-1.495973,"holdTime":0.0,"speed":1.0,"floorPosition":47.35602},{"type":1,"time":3232,"positionX":1.979286,"holdTime":0.0,"speed":1.0,"floorPosition":47.59162},{"type":2,"time":3248,"positionX":3.935557,"holdTime":0.0,"speed":1.0,"floorPosition":47.827225},{"type":1,"time":3264,"positionX":-5.834292,"holdTime":0.0,"speed":1.0,"floorPosition":48.062828},{"type":2,"time":3280,"positionX":-3.670886,"holdTime":0.0,"speed":1.0,"floorPosition":48.298428},{"type":1,"time":3296,"positionX":5.903337,"holdTime":0.0,"speed":1.0,"floorPosition":48.53403},{"type":2,"time":3312,"positionX":5.903337,"holdTime":0.0,"speed":1.0,"floorPosition":48.769634},{"type":1,"time":3328,"positionX":-1.703108,"holdTime":0.0,"speed":1.0,"floorPosition":49.005234},{"type":2,"time":3344,"positionX":-3.279632,"holdTime":0.0,"speed":1.0,"floorPosition":49.240837},{"type":1,"time":3360,"positionX":5.857306,"holdTime":0.0,"speed":1.0,"floorPosition":49.47644},{"type":2,"time":3376,"positionX":5.811276,"holdTime":0.0,"speed":1.0,"floorPosition":49.712044},{"type":1,"time":3392,"positionX":-3.636364,"holdTime":0.0,"speed":1.0,"floorPosition":49.947643},{"type":2,"time":3408,"positionX":-5.420023,"holdTime":0.0,"speed":1.0,"floorPosition":50.183247},{"type":1,"time":3424,"positionX":5.788263,"holdTime":0.0,"speed":1.0,"floorPosition":50.41885},{"type":2,"time":3440,"positionX":5.742233,"holdTime":0.0,"speed":1.0,"floorPosition":50.65445},{"type":1,"time":3456,"positionX":-5.512083,"holdTime":0.0,"speed":1.0,"floorPosition":50.890053},{"type":2,"time":3472,"positionX":-3.613348,"holdTime":0.0,"speed":1.0,"floorPosition":51.125656},{"type":1,"time":3488,"positionX":2.704258,"holdTime":0.0,"speed":1.0,"floorPosition":51.361256},{"type":2,"time":3504,"positionX":4.741081,"holdTime":0.0,"speed":1.0,"floorPosition":51.59686},{"type":1,"time":3520,"positionX":-5.477561,"holdTime":0.0,"speed":1.0,"floorPosition":51.832462},{"type":2,"time":3536,"positionX":-6.927502,"holdTime":0.0,"speed":1.0,"floorPosition":52.06806},{"type":1,"time":3552,"positionX":2.692751,"holdTime":0.0,"speed":1.0,"floorPosition":52.303665},{"type":2,"time":3568,"positionX":4.533947,"holdTime":0.0,"speed":1.0,"floorPosition":52.53927},{"type":1,"time":3584,"positionX":-2.69275,"holdTime":0.0,"speed":1.0,"floorPosition":52.774868},{"type":2,"time":3600,"positionX":-4.027617,"holdTime":0.0,"speed":1.0,"floorPosition":53.01047},{"type":1,"time":3616,"positionX":3.624856,"holdTime":0.0,"speed":1.0,"floorPosition":53.246075},{"type":2,"time":3632,"positionX":5.224396,"holdTime":0.0,"speed":1.0,"floorPosition":53.481674},{"type":1,"time":3648,"positionX":-2.704258,"holdTime":0.0,"speed":1.0,"floorPosition":53.717278},{"type":2,"time":3664,"positionX":-4.821634,"holdTime":0.0,"speed":1.0,"floorPosition":53.95288},{"type":1,"time":3680,"positionX":3.590333,"holdTime":0.0,"speed":1.0,"floorPosition":54.18848},{"type":2,"time":3696,"positionX":2.508631,"holdTime":0.0,"speed":1.0,"floorPosition":54.424084},{"type":1,"time":3712,"positionX":-6.225548,"holdTime":0.0,"speed":1.0,"floorPosition":54.659687},{"type":2,"time":3728,"positionX":-2.439585,"holdTime":0.0,"speed":1.0,"floorPosition":54.895287},{"type":2,"time":3744,"positionX":-1.288837,"holdTime":0.0,"speed":1.0,"floorPosition":55.13089},{"type":1,"time":3744,"positionX":-6.260069,"holdTime":0.0,"speed":1.0,"floorPosition":55.13089},{"type":2,"time":3760,"positionX":-0.1380901,"holdTime":0.0,"speed":1.0,"floorPosition":55.366493},{"type":1,"time":3776,"positionX":-6.283085,"holdTime":0.0,"speed":1.0,"floorPosition":55.602093},{"type":2,"time":3792,"positionX":1.726122,"holdTime":0.0,"speed":1.0,"floorPosition":55.837696},{"type":2,"time":3808,"positionX":2.082854,"holdTime":0.0,"speed":1.0,"floorPosition":56.0733},{"type":1,"time":3808,"positionX":-6.340622,"holdTime":0.0,"speed":1.0,"floorPosition":56.0733},{"type":2,"time":3824,"positionX":2.497122,"holdTime":0.0,"speed":1.0,"floorPosition":56.3089},{"type":1,"time":3840,"positionX":-5.247411,"holdTime":0.0,"speed":1.0,"floorPosition":56.544502},{"type":2,"time":3856,"positionX":-0.6789408,"holdTime":0.0,"speed":1.0,"floorPosition":56.780106},{"type":2,"time":3872,"positionX":0.4257765,"holdTime":0.0,"speed":1.0,"floorPosition":57.015705},{"type":1,"time":3872,"positionX":-5.247411,"holdTime":0.0,"speed":1.0,"floorPosition":57.015705},{"type":2,"time":3888,"positionX":1.898735,"holdTime":0.0,"speed":1.0,"floorPosition":57.25131},{"type":1,"time":3904,"positionX":-5.224396,"holdTime":0.0,"speed":1.0,"floorPosition":57.48691},{"type":2,"time":3920,"positionX":0.8055229,"holdTime":0.0,"speed":1.0,"floorPosition":57.72251},{"type":1,"time":3936,"positionX":-5.304948,"holdTime":0.0,"speed":1.0,"floorPosition":57.958115},{"type":2,"time":3936,"positionX":1.012659,"holdTime":0.0,"speed":1.0,"floorPosition":57.958115},{"type":2,"time":3952,"positionX":2.807825,"holdTime":0.0,"speed":1.0,"floorPosition":58.193718},{"type":1,"time":3968,"positionX":-5.316456,"holdTime":0.0,"speed":1.0,"floorPosition":58.429317},{"type":2,"time":3984,"positionX":-0.5063295,"holdTime":0.0,"speed":1.0,"floorPosition":58.66492},{"type":1,"time":4000,"positionX":-5.362486,"holdTime":0.0,"speed":1.0,"floorPosition":58.900524},{"type":2,"time":4000,"positionX":-0.3337173,"holdTime":0.0,"speed":1.0,"floorPosition":58.900524},{"type":2,"time":4016,"positionX":0.7479858,"holdTime":0.0,"speed":1.0,"floorPosition":59.136127},{"type":1,"time":4032,"positionX":-5.408516,"holdTime":0.0,"speed":1.0,"floorPosition":59.371727},{"type":2,"time":4048,"positionX":0.04602909,"holdTime":0.0,"speed":1.0,"floorPosition":59.60733},{"type":2,"time":4064,"positionX":1.36939,"holdTime":0.0,"speed":1.0,"floorPosition":59.842934},{"type":1,"time":4064,"positionX":-5.43153,"holdTime":0.0,"speed":1.0,"floorPosition":59.842934},{"type":2,"time":4080,"positionX":2.669735,"holdTime":0.0,"speed":1.0,"floorPosition":60.078533},{"type":2,"time":4096,"positionX":2.002301,"holdTime":0.0,"speed":1.0,"floorPosition":60.314137},{"type":1,"time":4096,"positionX":-5.3855,"holdTime":0.0,"speed":1.0,"floorPosition":60.314137},{"type":2,"time":4112,"positionX":1.36939,"holdTime":0.0,"speed":1.0,"floorPosition":60.54974},{"type":4,"time":4160,"positionX":-0.4487915,"holdTime":0.0,"speed":1.0,"floorPosition":61.256546},{"type":1,"time":4192,"positionX":-3.866512,"holdTime":0.0,"speed":1.0,"floorPosition":61.72775},{"type":2,"time":4200,"positionX":-3.843498,"holdTime":0.0,"speed":1.0,"floorPosition":61.84555},{"type":2,"time":4208,"positionX":-3.843498,"holdTime":0.0,"speed":1.0,"floorPosition":61.963352},{"type":1,"time":4224,"positionX":2.140392,"holdTime":0.0,"speed":1.0,"floorPosition":62.19895},{"type":1,"time":4256,"positionX":3.92405,"holdTime":0.0,"speed":1.0,"floorPosition":62.67016},{"type":1,"time":4272,"positionX":-3.256617,"holdTime":0.0,"speed":1.0,"floorPosition":62.905758},{"type":1,"time":4304,"positionX":-1.024166,"holdTime":0.0,"speed":1.0,"floorPosition":63.376965},{"type":1,"time":4304,"positionX":5.316457,"holdTime":0.0,"speed":1.0,"floorPosition":63.376965},{"type":3,"time":4336,"positionX":-4.464903,"holdTime":64.0,"speed":1.4,"floorPosition":63.848167},{"type":1,"time":4336,"positionX":1.875719,"holdTime":0.0,"speed":1.0,"floorPosition":63.848167},{"type":1,"time":4400,"positionX":1.864212,"holdTime":0.0,"speed":1.0,"floorPosition":64.72775},{"type":1,"time":4448,"positionX":-4.441887,"holdTime":0.0,"speed":1.0,"floorPosition":65.387436},{"type":1,"time":4464,"positionX":2.508631,"holdTime":0.0,"speed":1.0,"floorPosition":65.60733},{"type":1,"time":4480,"positionX":-2.002302,"holdTime":0.0,"speed":1.0,"floorPosition":65.827225},{"type":1,"time":4512,"positionX":4.718066,"holdTime":0.0,"speed":1.0,"floorPosition":66.26701},{"type":1,"time":4528,"positionX":-1.944763,"holdTime":0.0,"speed":1.0,"floorPosition":66.48691},{"type":1,"time":4560,"positionX":-1.956271,"holdTime":0.0,"speed":1.0,"floorPosition":66.926704},{"type":1,"time":4560,"positionX":4.741081,"holdTime":0.0,"speed":1.0,"floorPosition":66.926704},{"type":1,"time":4592,"positionX":1.864212,"holdTime":0.0,"speed":1.0,"floorPosition":67.36649},{"type":3,"time":4592,"positionX":-4.959724,"holdTime":64.0,"speed":1.5,"floorPosition":67.36649},{"type":1,"time":4656,"positionX":3.01496,"holdTime":0.0,"speed":1.0,"floorPosition":68.3089},{"type":1,"time":4688,"positionX":2.957421,"holdTime":0.0,"speed":1.0,"floorPosition":68.780106},{"type":1,"time":4704,"positionX":0.6789417,"holdTime":0.0,"speed":1.0,"floorPosition":69.01571},{"type":1,"time":4720,"positionX":-5.650173,"holdTime":0.0,"speed":1.0,"floorPosition":69.251305},{"type":1,"time":4736,"positionX":-3.417721,"holdTime":0.0,"speed":1.0,"floorPosition":69.48691},{"type":1,"time":4768,"positionX":3.762946,"holdTime":0.0,"speed":1.0,"floorPosition":69.958115},{"type":1,"time":4784,"positionX":-3.026467,"holdTime":0.0,"speed":1.0,"floorPosition":70.19372},{"type":1,"time":4816,"positionX":-0.874568,"holdTime":0.0,"speed":1.0,"floorPosition":70.66492},{"type":1,"time":4816,"positionX":4.752589,"holdTime":0.0,"speed":1.0,"floorPosition":70.66492},{"type":3,"time":4848,"positionX":-5.3855,"holdTime":64.0,"speed":1.6,"floorPosition":71.13612},{"type":1,"time":4848,"positionX":0.8170309,"holdTime":0.0,"speed":1.0,"floorPosition":71.13612},{"type":1,"time":4912,"positionX":-0.03452206,"holdTime":0.0,"speed":1.0,"floorPosition":72.14136},{"type":1,"time":4944,"positionX":-5.420023,"holdTime":0.0,"speed":1.0,"floorPosition":72.64398},{"type":1,"time":4960,"positionX":1.967779,"holdTime":0.0,"speed":1.0,"floorPosition":72.89529},{"type":1,"time":4976,"positionX":-1.956271,"holdTime":0.0,"speed":1.0,"floorPosition":73.14659},{"type":1,"time":4992,"positionX":4.775604,"holdTime":0.0,"speed":1.0,"floorPosition":73.3979},{"type":1,"time":5024,"positionX":1.035672,"holdTime":0.0,"speed":1.0,"floorPosition":73.90052},{"type":1,"time":5024,"positionX":-5.408516,"holdTime":0.0,"speed":1.0,"floorPosition":73.90052},{"type":1,"time":5056,"positionX":-2.243958,"holdTime":0.0,"speed":1.0,"floorPosition":74.40314},{"type":1,"time":5056,"positionX":4.24626,"holdTime":0.0,"speed":1.0,"floorPosition":74.40314},{"type":1,"time":5080,"positionX":-5.845799,"holdTime":0.0,"speed":1.0,"floorPosition":74.780106},{"type":3,"time":5104,"positionX":4.764097,"holdTime":48.0,"speed":1.6,"floorPosition":75.15707},{"type":1,"time":5168,"positionX":-3.693901,"holdTime":0.0,"speed":1.0,"floorPosition":76.1623},{"type":1,"time":5200,"positionX":4.683543,"holdTime":0.0,"speed":1.0,"floorPosition":76.664925},{"type":1,"time":5216,"positionX":2.497122,"holdTime":0.0,"speed":1.0,"floorPosition":76.91623},{"type":1,"time":5232,"positionX":-6.087456,"holdTime":0.0,"speed":1.0,"floorPosition":77.167534},{"type":1,"time":5248,"positionX":-3.935557,"holdTime":0.0,"speed":1.0,"floorPosition":77.418846},{"type":1,"time":5280,"positionX":4.695051,"holdTime":0.0,"speed":1.0,"floorPosition":77.92147},{"type":1,"time":5296,"positionX":1.841196,"holdTime":0.0,"speed":1.0,"floorPosition":78.172775},{"type":1,"time":5328,"positionX":4.626007,"holdTime":0.0,"speed":1.0,"floorPosition":78.67539},{"type":1,"time":5328,"positionX":-1.657077,"holdTime":0.0,"speed":1.0,"floorPosition":78.67539},{"type":1,"time":5360,"positionX":1.104718,"holdTime":0.0,"speed":1.0,"floorPosition":79.17801},{"type":3,"time":5360,"positionX":-5.224396,"holdTime":64.0,"speed":1.6,"floorPosition":79.17801},{"type":1,"time":5424,"positionX":3.383199,"holdTime":0.0,"speed":1.0,"floorPosition":80.18324},{"type":1,"time":5472,"positionX":-3.187572,"holdTime":0.0,"speed":1.0,"floorPosition":80.93717},{"type":1,"time":5488,"positionX":4.418873,"holdTime":0.0,"speed":1.0,"floorPosition":81.188484},{"type":1,"time":5504,"positionX":0.6444187,"holdTime":0.0,"speed":1.0,"floorPosition":81.43979},{"type":1,"time":5536,"positionX":-2.554661,"holdTime":0.0,"speed":1.0,"floorPosition":81.94241},{"type":1,"time":5552,"positionX":-4.764097,"holdTime":0.0,"speed":1.0,"floorPosition":82.19372},{"type":1,"time":5584,"positionX":-2.543154,"holdTime":0.0,"speed":1.0,"floorPosition":82.696335},{"type":1,"time":5584,"positionX":5.178366,"holdTime":0.0,"speed":1.0,"floorPosition":82.696335},{"type":3,"time":5616,"positionX":3.590333,"holdTime":64.0,"speed":1.6,"floorPosition":83.19895},{"type":1,"time":5616,"positionX":-4.073648,"holdTime":0.0,"speed":1.0,"floorPosition":83.19895},{"type":1,"time":5680,"positionX":-2.209436,"holdTime":0.0,"speed":1.0,"floorPosition":84.204185},{"type":1,"time":5712,"positionX":3.762946,"holdTime":0.0,"speed":1.0,"floorPosition":84.7068},{"type":1,"time":5728,"positionX":1.449943,"holdTime":0.0,"speed":1.0,"floorPosition":84.95812},{"type":1,"time":5744,"positionX":-5.270426,"holdTime":0.0,"speed":1.0,"floorPosition":85.20943},{"type":1,"time":5760,"positionX":-3.049482,"holdTime":0.0,"speed":1.0,"floorPosition":85.46073},{"type":1,"time":5792,"positionX":1.553509,"holdTime":0.0,"speed":1.0,"floorPosition":85.96335},{"type":1,"time":5808,"positionX":-1.196777,"holdTime":0.0,"speed":1.0,"floorPosition":86.21466},{"type":1,"time":5840,"positionX":4.407364,"holdTime":0.0,"speed":1.0,"floorPosition":86.71727},{"type":1,"time":5840,"positionX":-4.810126,"holdTime":0.0,"speed":1.0,"floorPosition":86.71727},{"type":3,"time":5872,"positionX":1.760645,"holdTime":64.0,"speed":1.6,"floorPosition":87.219894},{"type":1,"time":5872,"positionX":-4.844648,"holdTime":0.0,"speed":1.0,"floorPosition":87.219894},{"type":1,"time":5936,"positionX":-4.844648,"holdTime":0.0,"speed":1.0,"floorPosition":88.225136},{"type":1,"time":5984,"positionX":-2.980437,"holdTime":0.0,"speed":1.0,"floorPosition":88.97906},{"type":1,"time":6000,"positionX":0.0,"holdTime":0.0,"speed":1.0,"floorPosition":89.23036},{"type":1,"time":6016,"positionX":2.980437,"holdTime":0.0,"speed":1.0,"floorPosition":89.481674},{"type":1,"time":6048,"positionX":4.821634,"holdTime":0.0,"speed":1.0,"floorPosition":89.9843},{"type":1,"time":6048,"positionX":-2.002302,"holdTime":0.0,"speed":1.0,"floorPosition":89.9843},{"type":1,"time":6080,"positionX":-5.040276,"holdTime":0.0,"speed":1.0,"floorPosition":90.48691},{"type":1,"time":6080,"positionX":1.127733,"holdTime":0.0,"speed":1.0,"floorPosition":90.48691},{"type":1,"time":6104,"positionX":-1.933257,"holdTime":0.0,"speed":1.0,"floorPosition":90.86388},{"type":3,"time":6128,"positionX":4.315305,"holdTime":64.0,"speed":1.6,"floorPosition":91.240845},{"type":1,"time":6192,"positionX":-5.086307,"holdTime":0.0,"speed":1.0,"floorPosition":92.24607},{"type":2,"time":6224,"positionX":4.303798,"holdTime":0.0,"speed":1.0,"floorPosition":92.74869},{"type":2,"time":6240,"positionX":2.796317,"holdTime":0.0,"speed":1.0,"floorPosition":92.99999},{"type":2,"time":6248,"positionX":2.094362,"holdTime":0.0,"speed":1.0,"floorPosition":93.125656},{"type":2,"time":6256,"positionX":1.380898,"holdTime":0.0,"speed":1.0,"floorPosition":93.25131},{"type":2,"time":6272,"positionX":-0.04603004,"holdTime":0.0,"speed":1.0,"floorPosition":93.50262},{"type":2,"time":6784,"positionX":0.01150703,"holdTime":0.0,"speed":1.0,"floorPosition":101.29319},{"type":2,"time":6848,"positionX":3.624856,"holdTime":0.0,"speed":1.0,"floorPosition":102.04711},{"type":2,"time":6912,"positionX":-2.531645,"holdTime":0.0,"speed":1.0,"floorPosition":102.80105},{"type":2,"time":6960,"positionX":0.7940159,"holdTime":0.0,"speed":1.0,"floorPosition":103.366486},{"type":2,"time":7008,"positionX":2.957421,"holdTime":0.0,"speed":1.0,"floorPosition":103.93193},{"type":2,"time":7040,"positionX":4.050632,"holdTime":0.0,"speed":1.0,"floorPosition":104.3089},{"type":2,"time":7088,"positionX":0.1035681,"holdTime":0.0,"speed":1.0,"floorPosition":104.87434},{"type":2,"time":7136,"positionX":2.186421,"holdTime":0.0,"speed":1.0,"floorPosition":105.43979},{"type":2,"time":7168,"positionX":3.797468,"holdTime":0.0,"speed":1.0,"floorPosition":105.81675},{"type":2,"time":7216,"positionX":1.657077,"holdTime":0.0,"speed":1.0,"floorPosition":106.382195},{"type":2,"time":7264,"positionX":-4.867664,"holdTime":0.0,"speed":1.0,"floorPosition":106.94764},{"type":2,"time":7280,"positionX":-1.841197,"holdTime":0.0,"speed":1.0,"floorPosition":107.13612},{"type":1,"time":7296,"positionX":1.530495,"holdTime":0.0,"speed":1.0,"floorPosition":107.32461},{"type":1,"time":7328,"positionX":-3.716916,"holdTime":0.0,"speed":1.0,"floorPosition":107.7644},{"type":1,"time":7360,"positionX":-0.9436131,"holdTime":0.0,"speed":1.0,"floorPosition":108.204185},{"type":1,"time":7392,"positionX":5.454546,"holdTime":0.0,"speed":1.0,"floorPosition":108.64398},{"type":1,"time":7408,"positionX":3.049482,"holdTime":0.0,"speed":1.0,"floorPosition":108.86387},{"type":1,"time":7424,"positionX":-4.142693,"holdTime":0.0,"speed":1.0,"floorPosition":109.08377},{"type":1,"time":7456,"positionX":-4.154201,"holdTime":0.0,"speed":1.0,"floorPosition":109.52356},{"type":1,"time":7488,"positionX":0.01150703,"holdTime":0.0,"speed":1.0,"floorPosition":109.96335},{"type":1,"time":7520,"positionX":-4.223246,"holdTime":0.0,"speed":1.0,"floorPosition":110.40314},{"type":1,"time":7536,"positionX":-1.254315,"holdTime":0.0,"speed":1.0,"floorPosition":110.62303},{"type":1,"time":7552,"positionX":4.787111,"holdTime":0.0,"speed":1.0,"floorPosition":110.84293},{"type":1,"time":7584,"positionX":-2.78481,"holdTime":0.0,"speed":1.0,"floorPosition":111.28272},{"type":1,"time":7616,"positionX":2.370541,"holdTime":0.0,"speed":1.0,"floorPosition":111.72251},{"type":1,"time":7640,"positionX":-4.833141,"holdTime":0.0,"speed":1.0,"floorPosition":112.05235},{"type":1,"time":7664,"positionX":2.324511,"holdTime":0.0,"speed":1.0,"floorPosition":112.3822},{"type":1,"time":7680,"positionX":3.785961,"holdTime":0.0,"speed":1.0,"floorPosition":112.60209},{"type":1,"time":7712,"positionX":3.73993,"holdTime":0.0,"speed":1.0,"floorPosition":113.041885},{"type":1,"time":7744,"positionX":5.304949,"holdTime":0.0,"speed":1.0,"floorPosition":113.481674},{"type":1,"time":7768,"positionX":2.094362,"holdTime":0.0,"speed":1.0,"floorPosition":113.811516},{"type":1,"time":7792,"positionX":-1.518988,"holdTime":0.0,"speed":1.0,"floorPosition":114.141365},{"type":1,"time":7808,"positionX":-4.925201,"holdTime":0.0,"speed":1.0,"floorPosition":114.36125},{"type":2,"time":7824,"positionX":-3.947065,"holdTime":0.0,"speed":1.0,"floorPosition":114.596855},{"type":1,"time":7840,"positionX":2.612199,"holdTime":0.0,"speed":1.0,"floorPosition":114.83246},{"type":2,"time":7840,"positionX":-2.69275,"holdTime":0.0,"speed":1.0,"floorPosition":114.83246},{"type":2,"time":7856,"positionX":-5.362486,"holdTime":0.0,"speed":1.0,"floorPosition":115.06806},{"type":2,"time":7872,"positionX":-3.947065,"holdTime":0.0,"speed":1.0,"floorPosition":115.30366},{"type":1,"time":7904,"positionX":2.520138,"holdTime":0.0,"speed":1.0,"floorPosition":115.774864},{"type":2,"time":7904,"positionX":-3.072496,"holdTime":0.0,"speed":1.0,"floorPosition":115.774864},{"type":2,"time":7920,"positionX":-1.588032,"holdTime":0.0,"speed":1.0,"floorPosition":116.01047},{"type":1,"time":7936,"positionX":3.878021,"holdTime":0.0,"speed":1.0,"floorPosition":116.24607},{"type":2,"time":7952,"positionX":-2.197928,"holdTime":0.0,"speed":1.0,"floorPosition":116.481674},{"type":2,"time":7968,"positionX":-0.5063295,"holdTime":0.0,"speed":1.0,"floorPosition":116.71727},{"type":1,"time":7968,"positionX":3.820484,"holdTime":0.0,"speed":1.0,"floorPosition":116.71727},{"type":2,"time":8000,"positionX":-2.451094,"holdTime":0.0,"speed":1.0,"floorPosition":117.18848},{"type":1,"time":8000,"positionX":3.808976,"holdTime":0.0,"speed":1.0,"floorPosition":117.18848},{"type":1,"time":8032,"positionX":3.774453,"holdTime":0.0,"speed":1.0,"floorPosition":117.65968},{"type":2,"time":8032,"positionX":-4.56847,"holdTime":0.0,"speed":1.0,"floorPosition":117.65968},{"type":2,"time":8048,"positionX":-5.684695,"holdTime":0.0,"speed":1.0,"floorPosition":117.89529},{"type":1,"time":8064,"positionX":5.005753,"holdTime":0.0,"speed":1.0,"floorPosition":118.13089},{"type":1,"time":8080,"positionX":-5.143843,"holdTime":0.0,"speed":1.0,"floorPosition":118.366486},{"type":1,"time":8096,"positionX":4.959724,"holdTime":0.0,"speed":1.0,"floorPosition":118.60209},{"type":1,"time":8112,"positionX":-5.212889,"holdTime":0.0,"speed":1.0,"floorPosition":118.83769},{"type":1,"time":8128,"positionX":4.87917,"holdTime":0.0,"speed":1.0,"floorPosition":119.073296},{"type":1,"time":8144,"positionX":-5.212889,"holdTime":0.0,"speed":1.0,"floorPosition":119.3089},{"type":1,"time":8160,"positionX":4.890679,"holdTime":0.0,"speed":1.0,"floorPosition":119.5445},{"type":1,"time":8176,"positionX":-5.201381,"holdTime":0.0,"speed":1.0,"floorPosition":119.7801},{"type":1,"time":8192,"positionX":-0.04603004,"holdTime":0.0,"speed":1.0,"floorPosition":120.0157},{"type":2,"time":8200,"positionX":0.2071342,"holdTime":0.0,"speed":1.0,"floorPosition":120.13351},{"type":2,"time":8208,"positionX":-0.1841202,"holdTime":0.0,"speed":1.0,"floorPosition":120.251305},{"type":2,"time":8216,"positionX":0.06904507,"holdTime":0.0,"speed":1.0,"floorPosition":120.3691},{"type":2,"time":8224,"positionX":-0.4372845,"holdTime":0.0,"speed":1.0,"floorPosition":120.48691},{"type":2,"time":8232,"positionX":-0.09206009,"holdTime":0.0,"speed":1.0,"floorPosition":120.604706},{"type":2,"time":8240,"positionX":-0.3222094,"holdTime":0.0,"speed":1.0,"floorPosition":120.72251},{"type":2,"time":8248,"positionX":0.0,"holdTime":0.0,"speed":1.0,"floorPosition":120.84031},{"type":1,"time":8448,"positionX":-2.462601,"holdTime":0.0,"speed":1.0,"floorPosition":123.78534},{"type":1,"time":8464,"positionX":2.186421,"holdTime":0.0,"speed":1.0,"floorPosition":124.020935},{"type":1,"time":8480,"positionX":-4.33832,"holdTime":0.0,"speed":1.0,"floorPosition":124.25654},{"type":1,"time":8496,"positionX":2.197928,"holdTime":0.0,"speed":1.0,"floorPosition":124.49214},{"type":1,"time":8512,"positionX":-2.428078,"holdTime":0.0,"speed":1.0,"floorPosition":124.727745},{"type":1,"time":8528,"positionX":2.128885,"holdTime":0.0,"speed":1.0,"floorPosition":124.96335},{"type":1,"time":8544,"positionX":-2.393556,"holdTime":0.0,"speed":1.0,"floorPosition":125.19895},{"type":2,"time":8552,"positionX":-3.130035,"holdTime":0.0,"speed":1.0,"floorPosition":125.31675},{"type":2,"time":8560,"positionX":-4.004602,"holdTime":0.0,"speed":1.0,"floorPosition":125.43455},{"type":2,"time":8568,"positionX":-3.084004,"holdTime":0.0,"speed":1.0,"floorPosition":125.55235},{"type":1,"time":8576,"positionX":4.43038,"holdTime":0.0,"speed":1.0,"floorPosition":125.67015},{"type":1,"time":8592,"positionX":-4.510932,"holdTime":0.0,"speed":1.0,"floorPosition":125.905754},{"type":1,"time":8608,"positionX":1.760645,"holdTime":0.0,"speed":1.0,"floorPosition":126.14136},{"type":1,"time":8624,"positionX":-4.464903,"holdTime":0.0,"speed":1.0,"floorPosition":126.37696},{"type":1,"time":8640,"positionX":5.350978,"holdTime":0.0,"speed":1.0,"floorPosition":126.612564},{"type":1,"time":8656,"positionX":-4.487917,"holdTime":0.0,"speed":1.0,"floorPosition":126.84817},{"type":1,"time":8664,"positionX":2.036824,"holdTime":0.0,"speed":1.0,"floorPosition":126.965965},{"type":1,"time":8688,"positionX":-1.288837,"holdTime":0.0,"speed":1.0,"floorPosition":127.31937},{"type":1,"time":8704,"positionX":2.474108,"holdTime":0.0,"speed":1.0,"floorPosition":127.55497},{"type":1,"time":8720,"positionX":-3.233602,"holdTime":0.0,"speed":1.0,"floorPosition":127.79057},{"type":1,"time":8736,"positionX":2.439586,"holdTime":0.0,"speed":1.0,"floorPosition":128.02617},{"type":1,"time":8752,"positionX":-3.256617,"holdTime":0.0,"speed":1.0,"floorPosition":128.26178},{"type":1,"time":8768,"positionX":5.051784,"holdTime":0.0,"speed":1.0,"floorPosition":128.49738},{"type":1,"time":8784,"positionX":-4.626007,"holdTime":0.0,"speed":1.0,"floorPosition":128.73299},{"type":1,"time":8792,"positionX":3.256617,"holdTime":0.0,"speed":1.0,"floorPosition":128.85078},{"type":1,"time":8816,"positionX":1.403913,"holdTime":0.0,"speed":1.0,"floorPosition":129.20418},{"type":1,"time":8832,"positionX":-6.064442,"holdTime":0.0,"speed":1.0,"floorPosition":129.43979},{"type":2,"time":8848,"positionX":4.06214,"holdTime":0.0,"speed":1.0,"floorPosition":129.67538},{"type":1,"time":8864,"positionX":-6.087456,"holdTime":0.0,"speed":1.0,"floorPosition":129.911},{"type":2,"time":8864,"positionX":1.806675,"holdTime":0.0,"speed":1.0,"floorPosition":129.911},{"type":1,"time":8896,"positionX":-6.133488,"holdTime":0.0,"speed":1.0,"floorPosition":130.3822},{"type":2,"time":8896,"positionX":4.453394,"holdTime":0.0,"speed":1.0,"floorPosition":130.3822},{"type":2,"time":8928,"positionX":1.058688,"holdTime":0.0,"speed":1.0,"floorPosition":130.8534},{"type":1,"time":8928,"positionX":-6.121979,"holdTime":0.0,"speed":1.0,"floorPosition":130.8534},{"type":2,"time":8944,"positionX":2.359033,"holdTime":0.0,"speed":1.0,"floorPosition":131.089},{"type":1,"time":8960,"positionX":-4.902186,"holdTime":0.0,"speed":1.0,"floorPosition":131.3246},{"type":1,"time":8992,"positionX":-4.879171,"holdTime":0.0,"speed":1.0,"floorPosition":131.7958},{"type":2,"time":8992,"positionX":4.303798,"holdTime":0.0,"speed":1.0,"floorPosition":131.7958},{"type":2,"time":9008,"positionX":2.013808,"holdTime":0.0,"speed":1.0,"floorPosition":132.0314},{"type":1,"time":9024,"positionX":-4.890679,"holdTime":0.0,"speed":1.0,"floorPosition":132.26701},{"type":2,"time":9024,"positionX":-0.3337173,"holdTime":0.0,"speed":1.0,"floorPosition":132.26701},{"type":2,"time":9040,"positionX":2.048331,"holdTime":0.0,"speed":1.0,"floorPosition":132.50261},{"type":1,"time":9056,"positionX":-4.902186,"holdTime":0.0,"speed":1.0,"floorPosition":132.73822},{"type":2,"time":9056,"positionX":4.361335,"holdTime":0.0,"speed":1.0,"floorPosition":132.73822},{"type":2,"time":9072,"positionX":2.025316,"holdTime":0.0,"speed":1.0,"floorPosition":132.97382},{"type":1,"time":9088,"positionX":-3.578826,"holdTime":0.0,"speed":1.0,"floorPosition":133.20943},{"type":1,"time":9104,"positionX":2.209435,"holdTime":0.0,"speed":1.0,"floorPosition":133.44502},{"type":1,"time":9120,"positionX":-4.959724,"holdTime":0.0,"speed":1.0,"floorPosition":133.68062},{"type":1,"time":9136,"positionX":2.163405,"holdTime":0.0,"speed":1.0,"floorPosition":133.91623},{"type":1,"time":9152,"positionX":-2.289989,"holdTime":0.0,"speed":1.0,"floorPosition":134.15182},{"type":1,"time":9168,"positionX":2.174914,"holdTime":0.0,"speed":1.0,"floorPosition":134.38744},{"type":1,"time":9184,"positionX":-3.567319,"holdTime":0.0,"speed":1.0,"floorPosition":134.62303},{"type":1,"time":9200,"positionX":4.004603,"holdTime":0.0,"speed":1.0,"floorPosition":134.85863},{"type":1,"time":9216,"positionX":-5.143843,"holdTime":0.0,"speed":1.0,"floorPosition":135.09424},{"type":1,"time":9232,"positionX":3.958573,"holdTime":0.0,"speed":1.0,"floorPosition":135.32983},{"type":1,"time":9248,"positionX":-2.393556,"holdTime":0.0,"speed":1.0,"floorPosition":135.56544},{"type":1,"time":9264,"positionX":3.92405,"holdTime":0.0,"speed":1.0,"floorPosition":135.80104},{"type":3,"time":9280,"positionX":-4.303798,"holdTime":8.0,"speed":1.5,"floorPosition":136.03665},{"type":3,"time":9304,"positionX":4.47641,"holdTime":8.0,"speed":1.5,"floorPosition":136.39005},{"type":3,"time":9328,"positionX":-0.01150703,"holdTime":8.0,"speed":1.5,"floorPosition":136.74345},{"type":2,"time":9344,"positionX":-0.01150703,"holdTime":0.0,"speed":1.0,"floorPosition":136.97905},{"type":1,"time":9376,"positionX":-5.79977,"holdTime":0.0,"speed":1.0,"floorPosition":137.45026},{"type":1,"time":9392,"positionX":3.878021,"holdTime":0.0,"speed":1.0,"floorPosition":137.68587},{"type":1,"time":9408,"positionX":-1.783659,"holdTime":0.0,"speed":1.0,"floorPosition":137.92146},{"type":1,"time":9424,"positionX":3.831991,"holdTime":0.0,"speed":1.0,"floorPosition":138.15706},{"type":1,"time":9440,"positionX":-2.773303,"holdTime":0.0,"speed":1.0,"floorPosition":138.39267},{"type":1,"time":9456,"positionX":-4.165708,"holdTime":0.0,"speed":1.0,"floorPosition":138.62827},{"type":1,"time":9472,"positionX":-4.154201,"holdTime":0.0,"speed":1.0,"floorPosition":138.86388},{"type":1,"time":9488,"positionX":4.706559,"holdTime":0.0,"speed":1.0,"floorPosition":139.09947},{"type":1,"time":9504,"positionX":-2.497124,"holdTime":0.0,"speed":1.0,"floorPosition":139.33507},{"type":1,"time":9520,"positionX":4.672037,"holdTime":0.0,"speed":1.0,"floorPosition":139.57068},{"type":1,"time":9536,"positionX":-0.863061,"holdTime":0.0,"speed":1.0,"floorPosition":139.80627},{"type":1,"time":9552,"positionX":2.738781,"holdTime":0.0,"speed":1.0,"floorPosition":140.04189},{"type":1,"time":9568,"positionX":-3.475259,"holdTime":0.0,"speed":1.0,"floorPosition":140.27748},{"type":2,"time":9576,"positionX":-4.660529,"holdTime":0.0,"speed":1.0,"floorPosition":140.39528},{"type":2,"time":9584,"positionX":-5.822784,"holdTime":0.0,"speed":1.0,"floorPosition":140.51309},{"type":2,"time":9592,"positionX":-4.810126,"holdTime":0.0,"speed":1.0,"floorPosition":140.63089},{"type":1,"time":9600,"positionX":5.097814,"holdTime":0.0,"speed":1.0,"floorPosition":140.74869},{"type":1,"time":9616,"positionX":-3.118526,"holdTime":0.0,"speed":1.0,"floorPosition":140.98428},{"type":1,"time":9632,"positionX":2.186421,"holdTime":0.0,"speed":1.0,"floorPosition":141.2199},{"type":1,"time":9648,"positionX":-3.095512,"holdTime":0.0,"speed":1.0,"floorPosition":141.45549},{"type":1,"time":9664,"positionX":3.693901,"holdTime":0.0,"speed":1.0,"floorPosition":141.6911},{"type":1,"time":9680,"positionX":-4.38435,"holdTime":0.0,"speed":1.0,"floorPosition":141.9267},{"type":1,"time":9688,"positionX":2.508631,"holdTime":0.0,"speed":1.0,"floorPosition":142.0445},{"type":1,"time":9712,"positionX":-4.395857,"holdTime":0.0,"speed":1.0,"floorPosition":142.3979},{"type":1,"time":9728,"positionX":4.315305,"holdTime":0.0,"speed":1.0,"floorPosition":142.6335},{"type":1,"time":9744,"positionX":-2.577676,"holdTime":0.0,"speed":1.0,"floorPosition":142.86911},{"type":1,"time":9760,"positionX":4.303798,"holdTime":0.0,"speed":1.0,"floorPosition":143.1047},{"type":1,"time":9776,"positionX":-2.589183,"holdTime":0.0,"speed":1.0,"floorPosition":143.34032},{"type":1,"time":9792,"positionX":5.546606,"holdTime":0.0,"speed":1.0,"floorPosition":143.57591},{"type":1,"time":9816,"positionX":0.5868816,"holdTime":0.0,"speed":1.0,"floorPosition":143.92932},{"type":1,"time":9840,"positionX":-4.706559,"holdTime":0.0,"speed":1.0,"floorPosition":144.28271},{"type":1,"time":9856,"positionX":2.911392,"holdTime":0.0,"speed":1.0,"floorPosition":144.51833},{"type":2,"time":9872,"positionX":-3.498274,"holdTime":0.0,"speed":1.0,"floorPosition":144.75392},{"type":1,"time":9888,"positionX":2.911392,"holdTime":0.0,"speed":1.0,"floorPosition":144.98953},{"type":2,"time":9888,"positionX":-1.852704,"holdTime":0.0,"speed":1.0,"floorPosition":144.98953},{"type":2,"time":9904,"positionX":-4.464903,"holdTime":0.0,"speed":1.0,"floorPosition":145.22513},{"type":1,"time":9920,"positionX":2.865362,"holdTime":0.0,"speed":1.0,"floorPosition":145.46072},{"type":2,"time":9920,"positionX":-2.646721,"holdTime":0.0,"speed":1.0,"floorPosition":145.46072},{"type":2,"time":9952,"positionX":-5.627157,"holdTime":0.0,"speed":1.0,"floorPosition":145.93193},{"type":1,"time":9952,"positionX":2.78481,"holdTime":0.0,"speed":1.0,"floorPosition":145.93193},{"type":2,"time":9968,"positionX":-2.174913,"holdTime":0.0,"speed":1.0,"floorPosition":146.16754},{"type":1,"time":9984,"positionX":4.361335,"holdTime":0.0,"speed":1.0,"floorPosition":146.40314},{"type":2,"time":10000,"positionX":-2.888378,"holdTime":0.0,"speed":1.0,"floorPosition":146.63873},{"type":1,"time":10016,"positionX":4.372842,"holdTime":0.0,"speed":1.0,"floorPosition":146.87434},{"type":2,"time":10016,"positionX":-0.6559267,"holdTime":0.0,"speed":1.0,"floorPosition":146.87434},{"type":2,"time":10048,"positionX":-1.565017,"holdTime":0.0,"speed":1.0,"floorPosition":147.34555},{"type":1,"time":10048,"positionX":4.372842,"holdTime":0.0,"speed":1.0,"floorPosition":147.34555},{"type":2,"time":10080,"positionX":-4.349827,"holdTime":0.0,"speed":1.0,"floorPosition":147.81676},{"type":1,"time":10080,"positionX":4.361335,"holdTime":0.0,"speed":1.0,"floorPosition":147.81676},{"type":2,"time":10096,"positionX":-5.730725,"holdTime":0.0,"speed":1.0,"floorPosition":148.05235},{"type":1,"time":10112,"positionX":5.47756,"holdTime":0.0,"speed":1.0,"floorPosition":148.28795},{"type":1,"time":10128,"positionX":5.489067,"holdTime":0.0,"speed":1.0,"floorPosition":148.52356},{"type":1,"time":10144,"positionX":-6.340622,"holdTime":0.0,"speed":1.0,"floorPosition":148.75916},{"type":1,"time":10160,"positionX":-6.375143,"holdTime":0.0,"speed":1.0,"floorPosition":148.99477},{"type":1,"time":10176,"positionX":3.153049,"holdTime":0.0,"speed":1.0,"floorPosition":149.23036},{"type":1,"time":10192,"positionX":3.130034,"holdTime":0.0,"speed":1.0,"floorPosition":149.46596},{"type":1,"time":10208,"positionX":-4.108171,"holdTime":0.0,"speed":1.0,"floorPosition":149.70157},{"type":1,"time":10224,"positionX":-4.096663,"holdTime":0.0,"speed":1.0,"floorPosition":149.93716},{"type":2,"time":10240,"positionX":-0.6098957,"holdTime":0.0,"speed":1.0,"floorPosition":150.17278},{"type":2,"time":10248,"positionX":0.5523596,"holdTime":0.0,"speed":1.0,"floorPosition":150.29057},{"type":2,"time":10256,"positionX":-0.6098957,"holdTime":0.0,"speed":1.0,"floorPosition":150.40837},{"type":2,"time":10264,"positionX":0.5753727,"holdTime":0.0,"speed":1.0,"floorPosition":150.52617},{"type":2,"time":10272,"positionX":-0.5868816,"holdTime":0.0,"speed":1.0,"floorPosition":150.64398},{"type":2,"time":10280,"positionX":0.5753727,"holdTime":0.0,"speed":1.0,"floorPosition":150.76178},{"type":2,"time":10288,"positionX":-0.5983887,"holdTime":0.0,"speed":1.0,"floorPosition":150.87958},{"type":2,"time":10296,"positionX":0.5408525,"holdTime":0.0,"speed":1.0,"floorPosition":150.99738},{"type":2,"time":10304,"positionX":-0.6329117,"holdTime":0.0,"speed":1.0,"floorPosition":151.11517},{"type":2,"time":10312,"positionX":0.5753727,"holdTime":0.0,"speed":1.0,"floorPosition":151.23299},{"type":2,"time":10320,"positionX":-0.6444187,"holdTime":0.0,"speed":1.0,"floorPosition":151.35078},{"type":2,"time":10328,"positionX":0.5523596,"holdTime":0.0,"speed":1.0,"floorPosition":151.46858},{"type":2,"time":10336,"positionX":-0.6904488,"holdTime":0.0,"speed":1.0,"floorPosition":151.58638},{"type":2,"time":10344,"positionX":0.5293446,"holdTime":0.0,"speed":1.0,"floorPosition":151.70418},{"type":2,"time":10352,"positionX":-0.6674347,"holdTime":0.0,"speed":1.0,"floorPosition":151.82199},{"type":2,"time":10360,"positionX":0.4833136,"holdTime":0.0,"speed":1.0,"floorPosition":151.93979},{"type":3,"time":10368,"positionX":-4.948215,"holdTime":16.0,"speed":1.5,"floorPosition":152.05759},{"type":3,"time":10400,"positionX":-0.03452206,"holdTime":16.0,"speed":1.5,"floorPosition":152.5288},{"type":3,"time":10432,"positionX":4.6145,"holdTime":16.0,"speed":1.5,"floorPosition":153.0},{"type":3,"time":10464,"positionX":2.531645,"holdTime":16.0,"speed":1.5,"floorPosition":153.4712},{"type":3,"time":10480,"positionX":-4.453395,"holdTime":16.0,"speed":1.5,"floorPosition":153.7068},{"type":3,"time":10496,"positionX":4.729574,"holdTime":16.0,"speed":1.5,"floorPosition":153.9424},{"type":3,"time":10528,"positionX":-2.359034,"holdTime":16.0,"speed":1.5,"floorPosition":154.4136},{"type":3,"time":10560,"positionX":2.761796,"holdTime":16.0,"speed":1.5,"floorPosition":154.88481},{"type":2,"time":10592,"positionX":-5.811277,"holdTime":0.0,"speed":1.0,"floorPosition":155.35602},{"type":2,"time":10600,"positionX":-4.626007,"holdTime":0.0,"speed":1.0,"floorPosition":155.47382},{"type":2,"time":10608,"positionX":-3.348677,"holdTime":0.0,"speed":1.0,"floorPosition":155.59161},{"type":2,"time":10616,"positionX":-2.174913,"holdTime":0.0,"speed":1.0,"floorPosition":155.70943},{"type":3,"time":10624,"positionX":3.993095,"holdTime":16.0,"speed":1.5,"floorPosition":155.82722},{"type":3,"time":10656,"positionX":-3.843498,"holdTime":16.0,"speed":1.5,"floorPosition":156.29843},{"type":3,"time":10688,"positionX":3.981588,"holdTime":16.0,"speed":1.5,"floorPosition":156.76962},{"type":3,"time":10712,"positionX":-5.316456,"holdTime":16.0,"speed":1.5,"floorPosition":157.12303},{"type":3,"time":10736,"positionX":1.841196,"holdTime":16.0,"speed":1.5,"floorPosition":157.47644},{"type":3,"time":10752,"positionX":-2.87687,"holdTime":16.0,"speed":1.5,"floorPosition":157.71204},{"type":3,"time":10784,"positionX":-2.865362,"holdTime":16.0,"speed":1.5,"floorPosition":158.18324},{"type":3,"time":10816,"positionX":4.545454,"holdTime":16.0,"speed":1.5,"floorPosition":158.65445},{"type":3,"time":10840,"positionX":-5.52359,"holdTime":16.0,"speed":1.5,"floorPosition":159.00784},{"type":3,"time":10864,"positionX":3.130034,"holdTime":16.0,"speed":1.5,"floorPosition":159.36125},{"type":3,"time":10896,"positionX":1.484466,"holdTime":16.0,"speed":1.5,"floorPosition":159.83246},{"type":3,"time":10912,"positionX":-6.098965,"holdTime":16.0,"speed":1.5,"floorPosition":160.06805},{"type":3,"time":10944,"positionX":2.681242,"holdTime":16.0,"speed":1.5,"floorPosition":160.53926},{"type":3,"time":10976,"positionX":-2.957422,"holdTime":16.0,"speed":1.5,"floorPosition":161.01047},{"type":3,"time":10992,"positionX":4.579977,"holdTime":32.0,"speed":1.5,"floorPosition":161.24606},{"type":1,"time":11040,"positionX":3.107018,"holdTime":0.0,"speed":1.0,"floorPosition":161.95288},{"type":1,"time":11056,"positionX":-0.01150703,"holdTime":0.0,"speed":1.0,"floorPosition":162.18848},{"type":1,"time":11072,"positionX":-3.325662,"holdTime":0.0,"speed":1.0,"floorPosition":162.42409},{"type":1,"time":11088,"positionX":3.049482,"holdTime":0.0,"speed":1.0,"floorPosition":162.65968},{"type":1,"time":11104,"positionX":-0.02301502,"holdTime":0.0,"speed":1.0,"floorPosition":162.89528},{"type":1,"time":11120,"positionX":-3.348677,"holdTime":0.0,"speed":1.0,"floorPosition":163.13089},{"type":3,"time":11136,"positionX":4.24626,"holdTime":16.0,"speed":1.5,"floorPosition":163.36649},{"type":3,"time":11168,"positionX":1.588032,"holdTime":16.0,"speed":1.5,"floorPosition":163.83769},{"type":3,"time":11184,"positionX":-3.947065,"holdTime":16.0,"speed":1.5,"floorPosition":164.07329},{"type":3,"time":11200,"positionX":1.565017,"holdTime":16.0,"speed":1.5,"floorPosition":164.3089},{"type":3,"time":11232,"positionX":-1.944763,"holdTime":16.0,"speed":1.5,"floorPosition":164.7801},{"type":3,"time":11248,"positionX":4.108171,"holdTime":16.0,"speed":1.5,"floorPosition":165.0157},{"type":3,"time":11264,"positionX":-4.349827,"holdTime":16.0,"speed":1.5,"floorPosition":165.25131},{"type":3,"time":11280,"positionX":4.810127,"holdTime":16.0,"speed":1.5,"floorPosition":165.48691},{"type":3,"time":11296,"positionX":-3.037975,"holdTime":16.0,"speed":1.5,"floorPosition":165.7225},{"type":3,"time":11312,"positionX":5.443038,"holdTime":16.0,"speed":1.5,"floorPosition":165.95811},{"type":2,"time":11328,"positionX":-1.588032,"holdTime":0.0,"speed":1.0,"floorPosition":166.19371},{"type":2,"time":11352,"positionX":-1.565017,"holdTime":0.0,"speed":1.0,"floorPosition":166.54712},{"type":2,"time":11376,"positionX":-1.553509,"holdTime":0.0,"speed":1.0,"floorPosition":166.90051},{"type":1,"time":11424,"positionX":-4.372843,"holdTime":0.0,"speed":1.0,"floorPosition":167.60733},{"type":1,"time":11440,"positionX":-3.037975,"holdTime":0.0,"speed":1.0,"floorPosition":167.84293},{"type":1,"time":11456,"positionX":4.085155,"holdTime":0.0,"speed":1.0,"floorPosition":168.07854},{"type":1,"time":11472,"positionX":2.78481,"holdTime":0.0,"speed":1.0,"floorPosition":168.31413},{"type":1,"time":11488,"positionX":-2.727273,"holdTime":0.0,"speed":1.0,"floorPosition":168.54973},{"type":1,"time":11504,"positionX":-4.407365,"holdTime":0.0,"speed":1.0,"floorPosition":168.78534},{"type":1,"time":11520,"positionX":-4.372843,"holdTime":0.0,"speed":1.0,"floorPosition":169.02094},{"type":1,"time":11536,"positionX":4.326813,"holdTime":0.0,"speed":1.0,"floorPosition":169.25655},{"type":1,"time":11552,"positionX":-2.842348,"holdTime":0.0,"speed":1.0,"floorPosition":169.49214},{"type":1,"time":11568,"positionX":4.326813,"holdTime":0.0,"speed":1.0,"floorPosition":169.72774},{"type":1,"time":11584,"positionX":-1.495973,"holdTime":0.0,"speed":1.0,"floorPosition":169.96335},{"type":1,"time":11600,"positionX":4.280783,"holdTime":0.0,"speed":1.0,"floorPosition":170.19894},{"type":1,"time":11616,"positionX":-6.271576,"holdTime":0.0,"speed":1.0,"floorPosition":170.43456},{"type":2,"time":11624,"positionX":-5.270426,"holdTime":0.0,"speed":1.0,"floorPosition":170.55235},{"type":2,"time":11632,"positionX":-4.269276,"holdTime":0.0,"speed":1.0,"floorPosition":170.67015},{"type":2,"time":11640,"positionX":-3.302647,"holdTime":0.0,"speed":1.0,"floorPosition":170.78795},{"type":1,"time":11648,"positionX":4.925201,"holdTime":0.0,"speed":1.0,"floorPosition":170.90576},{"type":1,"time":11664,"positionX":-3.233602,"holdTime":0.0,"speed":1.0,"floorPosition":171.14136},{"type":1,"time":11680,"positionX":3.141541,"holdTime":0.0,"speed":1.0,"floorPosition":171.37695},{"type":1,"time":11696,"positionX":-3.256617,"holdTime":0.0,"speed":1.0,"floorPosition":171.61256},{"type":1,"time":11712,"positionX":5.581127,"holdTime":0.0,"speed":1.0,"floorPosition":171.84816},{"type":1,"time":11728,"positionX":-4.810126,"holdTime":0.0,"speed":1.0,"floorPosition":172.08377},{"type":1,"time":11736,"positionX":2.577676,"holdTime":0.0,"speed":1.0,"floorPosition":172.20157},{"type":1,"time":11760,"positionX":-4.787111,"holdTime":0.0,"speed":1.0,"floorPosition":172.55498},{"type":1,"time":11776,"positionX":3.92405,"holdTime":0.0,"speed":1.0,"floorPosition":172.79057},{"type":1,"time":11792,"positionX":-3.29114,"holdTime":0.0,"speed":1.0,"floorPosition":173.02617},{"type":1,"time":11808,"positionX":3.889527,"holdTime":0.0,"speed":1.0,"floorPosition":173.26178},{"type":1,"time":11824,"positionX":-3.268125,"holdTime":0.0,"speed":1.0,"floorPosition":173.49738},{"type":1,"time":11840,"positionX":5.454546,"holdTime":0.0,"speed":1.0,"floorPosition":173.73299},{"type":1,"time":11856,"positionX":-5.373993,"holdTime":0.0,"speed":1.0,"floorPosition":173.96858},{"type":1,"time":11864,"positionX":1.898735,"holdTime":0.0,"speed":1.0,"floorPosition":174.08638},{"type":1,"time":11888,"positionX":-5.3855,"holdTime":0.0,"speed":1.0,"floorPosition":174.43979},{"type":1,"time":11904,"positionX":4.487917,"holdTime":0.0,"speed":1.0,"floorPosition":174.67538},{"type":1,"time":11920,"positionX":-3.532796,"holdTime":0.0,"speed":1.0,"floorPosition":174.911},{"type":1,"time":11936,"positionX":4.441887,"holdTime":0.0,"speed":1.0,"floorPosition":175.14659},{"type":2,"time":11936,"positionX":-1.898734,"holdTime":0.0,"speed":1.0,"floorPosition":175.14659},{"type":2,"time":11952,"positionX":-3.636364,"holdTime":0.0,"speed":1.0,"floorPosition":175.3822},{"type":1,"time":11968,"positionX":4.407364,"holdTime":0.0,"speed":1.0,"floorPosition":175.6178},{"type":2,"time":11968,"positionX":-5.270426,"holdTime":0.0,"speed":1.0,"floorPosition":175.6178},{"type":1,"time":12000,"positionX":4.418873,"holdTime":0.0,"speed":1.0,"floorPosition":176.089},{"type":1,"time":12000,"positionX":-5.66168,"holdTime":0.0,"speed":1.0,"floorPosition":176.089},{"type":2,"time":12016,"positionX":-4.096663,"holdTime":0.0,"speed":1.0,"floorPosition":176.3246},{"type":1,"time":12032,"positionX":4.326813,"holdTime":0.0,"speed":1.0,"floorPosition":176.56021},{"type":1,"time":12048,"positionX":-3.19908,"holdTime":0.0,"speed":1.0,"floorPosition":176.7958},{"type":2,"time":12064,"positionX":-1.864212,"holdTime":0.0,"speed":1.0,"floorPosition":177.0314},{"type":1,"time":12064,"positionX":4.326813,"holdTime":0.0,"speed":1.0,"floorPosition":177.0314},{"type":1,"time":12096,"positionX":4.280783,"holdTime":0.0,"speed":1.0,"floorPosition":177.50261},{"type":1,"time":12096,"positionX":-1.795167,"holdTime":0.0,"speed":1.0,"floorPosition":177.50261},{"type":1,"time":12128,"positionX":4.165708,"holdTime":0.0,"speed":1.0,"floorPosition":177.97382},{"type":1,"time":12128,"positionX":-5.247411,"holdTime":0.0,"speed":1.0,"floorPosition":177.97382},{"type":1,"time":12160,"positionX":1.910242,"holdTime":0.0,"speed":1.0,"floorPosition":178.44502},{"type":1,"time":12176,"positionX":-1.933257,"holdTime":0.0,"speed":1.0,"floorPosition":178.68062},{"type":1,"time":12192,"positionX":2.773303,"holdTime":0.0,"speed":1.0,"floorPosition":178.91623},{"type":1,"time":12208,"positionX":-2.957422,"holdTime":0.0,"speed":1.0,"floorPosition":179.15182},{"type":1,"time":12224,"positionX":3.878021,"holdTime":0.0,"speed":1.0,"floorPosition":179.38744},{"type":1,"time":12240,"positionX":-4.06214,"holdTime":0.0,"speed":1.0,"floorPosition":179.62303},{"type":1,"time":12256,"positionX":5.189873,"holdTime":0.0,"speed":1.0,"floorPosition":179.85863},{"type":1,"time":12272,"positionX":-5.189873,"holdTime":0.0,"speed":1.0,"floorPosition":180.09424},{"type":2,"time":12288,"positionX":6.375144,"holdTime":0.0,"speed":1.0,"floorPosition":180.32983},{"type":2,"time":12296,"positionX":4.027618,"holdTime":0.0,"speed":1.0,"floorPosition":180.44765},{"type":2,"time":12304,"positionX":2.520138,"holdTime":0.0,"speed":1.0,"floorPosition":180.56544},{"type":2,"time":12312,"positionX":1.403913,"holdTime":0.0,"speed":1.0,"floorPosition":180.68324},{"type":2,"time":12320,"positionX":0.6444187,"holdTime":0.0,"speed":1.0,"floorPosition":180.80104},{"type":2,"time":12328,"positionX":0.1611042,"holdTime":0.0,"speed":1.0,"floorPosition":180.91884},{"type":2,"time":12336,"positionX":0.04602909,"holdTime":0.0,"speed":1.0,"floorPosition":181.03665},{"type":2,"time":12344,"positionX":-0.01150703,"holdTime":0.0,"speed":1.0,"floorPosition":181.15445},{"type":2,"time":12352,"positionX":-0.03452206,"holdTime":0.0,"speed":1.0,"floorPosition":181.27225},{"type":2,"time":12360,"positionX":-0.1265821,"holdTime":0.0,"speed":1.0,"floorPosition":181.39005},{"type":2,"time":12368,"positionX":-0.3452244,"holdTime":0.0,"speed":1.0,"floorPosition":181.50784},{"type":2,"time":12376,"positionX":-0.6674347,"holdTime":0.0,"speed":1.0,"floorPosition":181.62566},{"type":2,"time":12384,"positionX":-1.392405,"holdTime":0.0,"speed":1.0,"floorPosition":181.74345},{"type":2,"time":12392,"positionX":-2.531645,"holdTime":0.0,"speed":1.0,"floorPosition":181.86125},{"type":2,"time":12400,"positionX":-4.004602,"holdTime":0.0,"speed":1.0,"floorPosition":181.97905},{"type":2,"time":12408,"positionX":-6.018412,"holdTime":0.0,"speed":1.0,"floorPosition":182.09685}],"notesBelow":[{"type":2,"time":6784,"positionX":-0.02301598,"holdTime":0.0,"speed":1.0,"floorPosition":101.29319},{"type":2,"time":6848,"positionX":3.670887,"holdTime":0.0,"speed":1.0,"floorPosition":102.04711},{"type":2,"time":6912,"positionX":-2.485615,"holdTime":0.0,"speed":1.0,"floorPosition":102.80105},{"type":2,"time":6960,"positionX":0.851553,"holdTime":0.0,"speed":1.0,"floorPosition":103.366486},{"type":2,"time":7008,"positionX":2.911392,"holdTime":0.0,"speed":1.0,"floorPosition":103.93193},{"type":2,"time":7040,"positionX":4.050632,"holdTime":0.0,"speed":1.0,"floorPosition":104.3089},{"type":2,"time":7088,"positionX":0.09206009,"holdTime":0.0,"speed":1.0,"floorPosition":104.87434},{"type":2,"time":7136,"positionX":2.128885,"holdTime":0.0,"speed":1.0,"floorPosition":105.43979},{"type":2,"time":7168,"positionX":3.774454,"holdTime":0.0,"speed":1.0,"floorPosition":105.81675},{"type":2,"time":7216,"positionX":1.565016,"holdTime":0.0,"speed":1.0,"floorPosition":106.382195}],"speedEvents":[{"startTime":0.0,"endTime":4336.0,"value":1.5},{"startTime":4336.0,"endTime":4592.0,"value":1.4},{"startTime":4592.0,"endTime":4848.0,"value":1.5},{"startTime":4848.0,"endTime":6720.0,"value":1.6},{"startTime":6720.0,"endTime":7296.0,"value":1.2},{"startTime":7296.0,"endTime":7808.0,"value":1.4},{"startTime":7808.0,"endTime":8801280.0,"value":1.5}],"judgeLineMoveEvents":[{"startTime":0.0,"endTime":16.0,"start":440260.0,"end":440260.0},{"startTime":16.0,"endTime":1024.0,"start":440104.0,"end":440104.0},{"startTime":1024.0,"endTime":1152.0,"start":440104.0,"end":440208.0},{"startTime":1152.0,"endTime":2144.0,"start":440208.0,"end":440208.0},{"startTime":2144.0,"endTime":2176.0,"start":440208.0,"end":440156.0},{"startTime":2176.0,"endTime":3200.0,"start":440156.0,"end":440156.0},{"startTime":3200.0,"endTime":4224.0,"start":440156.0,"end":440208.0},{"startTime":4224.0,"endTime":5248.0,"start":440208.0,"end":440052.0},{"startTime":5248.0,"endTime":6272.0,"start":440052.0,"end":440156.0},{"startTime":6272.0,"endTime":6280.0,"start":440156.0,"end":440260.0},{"startTime":6280.0,"endTime":7296.0,"start":440260.0,"end":440260.0},{"startTime":7296.0,"endTime":7808.0,"start":440260.0,"end":440130.0},{"startTime":7808.0,"endTime":8192.0,"start":440130.0,"end":440130.0},{"startTime":8192.0,"endTime":8256.0,"start":440130.0,"end":528130.0},{"startTime":8256.0,"endTime":8320.0,"start":528130.0,"end":440260.0},{"startTime":8320.0,"endTime":8448.0,"start":440260.0,"end":440260.0},{"startTime":8448.0,"endTime":8832.0,"start":440260.0,"end":440104.0},{"startTime":8832.0,"endTime":9280.0,"start":440104.0,"end":440104.0},{"startTime":9280.0,"endTime":9312.0,"start":440104.0,"end":440156.0},{"startTime":9312.0,"endTime":9344.0,"start":440156.0,"end":440104.0},{"startTime":9344.0,"endTime":10368.0,"start":440104.0,"end":440104.0},{"startTime":10368.0,"endTime":11392.0,"start":440104.0,"end":440208.0},{"startTime":11392.0,"endTime":12416.0,"start":440208.0,"end":440104.0},{"startTime":12416.0,"endTime":12432.0,"start":440104.0,"end":440260.0},{"startTime":12432.0,"endTime":12512.0,"start":440260.0,"end":440520.0},{"startTime":12512.0,"endTime":8801280.0,"start":440260.0,"end":440260.0}],"judgeLineRotateEvents":[{"startTime":0.0,"endTime":128.0,"start":0.0,"end":0.0},{"startTime":128.0,"endTime":144.0,"start":3.0,"end":0.0},{"startTime":144.0,"endTime":256.0,"start":0.0,"end":0.0},{"startTime":256.0,"endTime":272.0,"start":3.0,"end":0.0},{"startTime":272.0,"endTime":384.0,"start":0.0,"end":0.0},{"startTime":384.0,"endTime":400.0,"start":3.0,"end":0.0},{"startTime":400.0,"endTime":448.0,"start":0.0,"end":0.0},{"startTime":448.0,"endTime":464.0,"start":3.0,"end":0.0},{"startTime":464.0,"endTime":512.0,"start":0.0,"end":0.0},{"startTime":512.0,"endTime":528.0,"start":3.0,"end":0.0},{"startTime":528.0,"endTime":640.0,"start":0.0,"end":0.0},{"startTime":640.0,"endTime":656.0,"start":-2.0,"end":0.0},{"startTime":656.0,"endTime":768.0,"start":0.0,"end":0.0},{"startTime":768.0,"endTime":784.0,"start":-2.0,"end":0.0},{"startTime":784.0,"endTime":896.0,"start":0.0,"end":0.0},{"startTime":896.0,"endTime":912.0,"start":-2.0,"end":0.0},{"startTime":912.0,"endTime":960.0,"start":0.0,"end":0.0},{"startTime":960.0,"endTime":976.0,"start":-2.0,"end":0.0},{"startTime":976.0,"endTime":1024.0,"start":0.0,"end":0.0},{"startTime":1024.0,"endTime":1040.0,"start":-2.0,"end":0.0},{"startTime":1040.0,"endTime":2048.0,"start":0.0,"end":0.0},{"startTime":2048.0,"endTime":2096.0,"start":0.0,"end":-5.0},{"startTime":2096.0,"endTime":2144.0,"start":-4.0,"end":0.0},{"startTime":2144.0,"endTime":3200.0,"start":0.0,"end":0.0},{"startTime":3200.0,"endTime":4160.0,"start":0.0,"end":10.0},{"startTime":4160.0,"endTime":4224.0,"start":10.0,"end":0.0},{"startTime":4224.0,"endTime":5104.0,"start":0.0,"end":0.0},{"startTime":5104.0,"endTime":5128.0,"start":0.0,"end":5.0},{"startTime":5128.0,"endTime":5152.0,"start":5.0,"end":0.0},{"startTime":5152.0,"endTime":6272.0,"start":0.0,"end":0.0},{"startTime":6272.0,"endTime":6280.0,"start":0.0,"end":60.0},{"startTime":6280.0,"endTime":6400.0,"start":60.0,"end":90.0},{"startTime":6400.0,"endTime":6408.0,"start":90.0,"end":80.0},{"startTime":6408.0,"endTime":6528.0,"start":80.0,"end":105.0},{"startTime":6528.0,"endTime":6536.0,"start":105.0,"end":95.0},{"startTime":6536.0,"endTime":6656.0,"start":95.0,"end":120.0},{"startTime":6656.0,"endTime":6784.0,"start":120.0,"end":10.0},{"startTime":6784.0,"endTime":7296.0,"start":10.0,"end":0.0},{"startTime":7296.0,"endTime":7312.0,"start":3.0,"end":0.0},{"startTime":7312.0,"endTime":7360.0,"start":0.0,"end":0.0},{"startTime":7360.0,"endTime":7376.0,"start":-2.0,"end":0.0},{"startTime":7376.0,"endTime":7424.0,"start":0.0,"end":0.0},{"startTime":7424.0,"endTime":7440.0,"start":3.0,"end":0.0},{"startTime":7440.0,"endTime":7456.0,"start":0.0,"end":0.0},{"startTime":7456.0,"endTime":7472.0,"start":3.0,"end":0.0},{"startTime":7472.0,"endTime":7488.0,"start":0.0,"end":0.0},{"startTime":7488.0,"endTime":7504.0,"start":-2.0,"end":0.0},{"startTime":7504.0,"endTime":7552.0,"start":0.0,"end":0.0},{"startTime":7552.0,"endTime":7568.0,"start":3.0,"end":0.0},{"startTime":7568.0,"endTime":7616.0,"start":0.0,"end":0.0},{"startTime":7616.0,"endTime":7632.0,"start":-2.0,"end":0.0},{"startTime":7632.0,"endTime":7680.0,"start":0.0,"end":0.0},{"startTime":7680.0,"endTime":7696.0,"start":3.0,"end":0.0},{"startTime":7696.0,"endTime":7712.0,"start":0.0,"end":0.0},{"startTime":7712.0,"endTime":7728.0,"start":3.0,"end":0.0},{"startTime":7728.0,"endTime":7744.0,"start":0.0,"end":0.0},{"startTime":7744.0,"endTime":7760.0,"start":-2.0,"end":0.0},{"startTime":7760.0,"endTime":7808.0,"start":0.0,"end":0.0},{"startTime":7808.0,"endTime":8256.0,"start":0.0,"end":-10.0},{"startTime":8256.0,"endTime":8320.0,"start":-9.0,"end":0.0},{"startTime":8320.0,"endTime":10240.0,"start":0.0,"end":0.0},{"startTime":10240.0,"endTime":10256.0,"start":0.0,"end":5.0},{"startTime":10256.0,"endTime":10272.0,"start":5.0,"end":0.0},{"startTime":10272.0,"endTime":10288.0,"start":0.0,"end":-3.0},{"startTime":10288.0,"endTime":10304.0,"start":-2.0,"end":0.0},{"startTime":10304.0,"endTime":10320.0,"start":0.0,"end":5.0},{"startTime":10320.0,"endTime":10336.0,"start":5.0,"end":0.0},{"startTime":10336.0,"endTime":10352.0,"start":0.0,"end":-3.0},{"startTime":10352.0,"endTime":10368.0,"start":-2.0,"end":0.0},{"startTime":10368.0,"endTime":11328.0,"start":0.0,"end":0.0},{"startTime":11328.0,"endTime":11352.0,"start":3.0,"end":0.0},{"startTime":11352.0,"endTime":11376.0,"start":3.0,"end":0.0},{"startTime":11376.0,"endTime":11408.0,"start":3.0,"end":0.0},{"startTime":11408.0,"endTime":12288.0,"start":0.0,"end":0.0},{"startTime":12288.0,"endTime":12352.0,"start":0.0,"end":-5.0},{"startTime":12352.0,"endTime":12416.0,"start":-4.0,"end":0.0},{"startTime":12416.0,"endTime":12512.0,"start":0.0,"end":15.0},{"startTime":12512.0,"endTime":8801280.0,"start":0.0,"end":0.0}],"judgeLineDisappearEvents":[{"startTime":0.0,"endTime":16.0,"start":1.0,"end":0.0},{"startTime":16.0,"endTime":32.0,"start":0.0,"end":0.0},{"startTime":32.0,"endTime":48.0,"start":0.0,"end":1.0},{"startTime":48.0,"endTime":9328.0,"start":1.0,"end":1.0},{"startTime":9328.0,"endTime":9376.0,"start":1.0,"end":0.0},{"startTime":9376.0,"endTime":12480.0,"start":1.0,"end":1.0},{"startTime":12480.0,"endTime":12512.0,"start":1.0,"end":0.0},{"startTime":12512.0,"endTime":13512.0,"start":0.0,"end":0.0},{"startTime":13512.0,"endTime":8801280.0,"start":1.0,"end":1.0}]},{"bpm":191.0,"notesAbove":[{"type":1,"time":8320,"positionX":3.866512,"holdTime":0.0,"speed":1.0,"floorPosition":81.86388},{"type":1,"time":8336,"positionX":-4.97123,"holdTime":0.0,"speed":1.0,"floorPosition":82.06806},{"type":1,"time":8352,"positionX":1.518986,"holdTime":0.0,"speed":1.0,"floorPosition":82.27225},{"type":1,"time":8368,"positionX":-4.913692,"holdTime":0.0,"speed":1.0,"floorPosition":82.47643},{"type":1,"time":8384,"positionX":3.855007,"holdTime":0.0,"speed":1.0,"floorPosition":82.68063},{"type":1,"time":8400,"positionX":-4.902187,"holdTime":0.0,"speed":1.0,"floorPosition":82.88482},{"type":1,"time":8416,"positionX":5.15535,"holdTime":0.0,"speed":1.0,"floorPosition":83.089005},{"type":1,"time":8432,"positionX":3.003452,"holdTime":0.0,"speed":1.0,"floorPosition":83.29319}],"notesBelow":[],"speedEvents":[{"startTime":0.0,"endTime":8256.0,"value":1.0},{"startTime":8256.0,"endTime":8801280.0,"value":1.3}],"judgeLineMoveEvents":[{"startTime":0.0,"endTime":4160.0,"start":440260.0,"end":440260.0},{"startTime":4160.0,"endTime":4176.0,"start":260.0,"end":88260.0},{"startTime":4176.0,"endTime":4192.0,"start":88260.0,"end":260.0},{"startTime":4192.0,"endTime":8801280.0,"start":440260.0,"end":440260.0}],"judgeLineRotateEvents":[{"startTime":0.0,"endTime":4160.0,"start":0.0,"end":0.0},{"startTime":4160.0,"endTime":4192.0,"start":90.0,"end":90.0},{"startTime":4192.0,"endTime":8801280.0,"start":0.0,"end":0.0}],"judgeLineDisappearEvents":[{"startTime":0.0,"endTime":4160.0,"start":0.0,"end":0.0},{"startTime":4160.0,"endTime":4192.0,"start":1.0,"end":1.0},{"startTime":4192.0,"endTime":8192.0,"start":0.0,"end":0.0},{"startTime":8192.0,"endTime":8320.0,"start":0.0,"end":1.0},{"startTime":8320.0,"endTime":8448.0,"start":1.0,"end":1.0},{"startTime":8448.0,"endTime":18448.0,"start":0.0,"end":0.0},{"startTime":18448.0,"endTime":8801280.0,"start":1.0,"end":1.0}]},{"bpm":191.0,"notesAbove":[],"notesBelow":[],"speedEvents":[{"startTime":0.0,"endTime":8801280.0,"value":1.0}],"judgeLineMoveEvents":[{"startTime":0.0,"endTime":1152.0,"start":440260.0,"end":440260.0},{"startTime":1152.0,"endTime":1168.0,"start":176260.0,"end":176260.0},{"startTime":1168.0,"endTime":1280.0,"start":440260.0,"end":440260.0},{"startTime":1280.0,"endTime":1296.0,"start":791260.0,"end":791260.0},{"startTime":1296.0,"endTime":1472.0,"start":440260.0,"end":440260.0},{"startTime":1472.0,"endTime":1488.0,"start":88260.0,"end":88260.0},{"startTime":1488.0,"endTime":1536.0,"start":440260.0,"end":440260.0},{"startTime":1536.0,"endTime":1568.0,"start":704260.0,"end":704260.0},{"startTime":1568.0,"endTime":4160.0,"start":440260.0,"end":440260.0},{"startTime":4160.0,"endTime":4176.0,"start":880260.0,"end":791260.0},{"startTime":4176.0,"endTime":4192.0,"start":791260.0,"end":880260.0},{"startTime":4192.0,"endTime":6272.0,"start":440260.0,"end":440260.0},{"startTime":6272.0,"endTime":6280.0,"start":440156.0,"end":440260.0},{"startTime":6280.0,"endTime":8801280.0,"start":440260.0,"end":440260.0}],"judgeLineRotateEvents":[{"startTime":0.0,"endTime":1152.0,"start":0.0,"end":0.0},{"startTime":1152.0,"endTime":2176.0,"start":90.0,"end":90.0},{"startTime":2176.0,"endTime":4160.0,"start":0.0,"end":0.0},{"startTime":4160.0,"endTime":4192.0,"start":90.0,"end":90.0},{"startTime":4192.0,"endTime":6272.0,"start":0.0,"end":0.0},{"startTime":6272.0,"endTime":6280.0,"start":0.0,"end":-60.0},{"startTime":6280.0,"endTime":6400.0,"start":-59.0,"end":-90.0},{"startTime":6400.0,"endTime":8801280.0,"start":0.0,"end":0.0}],"judgeLineDisappearEvents":[{"startTime":0.0,"endTime":1152.0,"start":0.0,"end":0.0},{"startTime":1152.0,"endTime":1168.0,"start":1.0,"end":0.0},{"startTime":1168.0,"endTime":1280.0,"start":0.0,"end":0.0},{"startTime":1280.0,"endTime":1296.0,"start":1.0,"end":0.0},{"startTime":1296.0,"endTime":1408.0,"start":0.0,"end":0.0},{"startTime":1408.0,"endTime":1424.0,"start":1.0,"end":0.0},{"startTime":1424.0,"endTime":1472.0,"start":0.0,"end":0.0},{"startTime":1472.0,"endTime":1488.0,"start":1.0,"end":0.0},{"startTime":1488.0,"endTime":1536.0,"start":0.0,"end":0.0},{"startTime":1536.0,"endTime":1568.0,"start":1.0,"end":0.0},{"startTime":1568.0,"endTime":4160.0,"start":0.0,"end":0.0},{"startTime":4160.0,"endTime":4192.0,"start":1.0,"end":1.0},{"startTime":4192.0,"endTime":6272.0,"start":0.0,"end":0.0},{"startTime":6272.0,"endTime":6336.0,"start":1.0,"end":1.0},{"startTime":6336.0,"endTime":6400.0,"start":1.0,"end":0.0},{"startTime":6400.0,"endTime":26400.0,"start":0.0,"end":0.0},{"startTime":26400.0,"endTime":8801280.0,"start":1.0,"end":1.0}]}]}