{"formatVersion":1,"offset":0.0,"judgeLineList":[{"bpm":148.0,"notesAbove":[{"type":1,"time":256,"positionX":-4.913693,"holdTime":0.0,"speed":1.0,"floorPosition":5.1891894},{"type":1,"time":320,"positionX":4.47641,"holdTime":0.0,"speed":1.0,"floorPosition":6.3243246},{"type":1,"time":384,"positionX":-2.013809,"holdTime":0.0,"speed":1.0,"floorPosition":7.4594593},{"type":1,"time":448,"positionX":4.47641,"holdTime":0.0,"speed":1.0,"floorPosition":8.594595},{"type":1,"time":512,"positionX":-5.281934,"holdTime":0.0,"speed":1.0,"floorPosition":9.72973},{"type":1,"time":576,"positionX":0.01150703,"holdTime":0.0,"speed":1.0,"floorPosition":10.864864},{"type":1,"time":640,"positionX":-2.945915,"holdTime":0.0,"speed":1.0,"floorPosition":12.0},{"type":1,"time":704,"positionX":3.233602,"holdTime":0.0,"speed":1.0,"floorPosition":13.135136},{"type":1,"time":768,"positionX":4.142694,"holdTime":0.0,"speed":1.0,"floorPosition":14.27027},{"type":1,"time":832,"positionX":-2.853855,"holdTime":0.0,"speed":1.0,"floorPosition":15.405405},{"type":1,"time":896,"positionX":1.150749,"holdTime":0.0,"speed":1.0,"floorPosition":16.54054},{"type":1,"time":960,"positionX":-4.752588,"holdTime":0.0,"speed":1.0,"floorPosition":17.675674},{"type":1,"time":1024,"positionX":-1.772152,"holdTime":0.0,"speed":1.0,"floorPosition":18.810812},{"type":1,"time":1088,"positionX":3.417721,"holdTime":0.0,"speed":1.0,"floorPosition":19.945946},{"type":1,"time":1152,"positionX":-1.680092,"holdTime":0.0,"speed":1.0,"floorPosition":21.081081},{"type":1,"time":1216,"positionX":3.394708,"holdTime":0.0,"speed":1.0,"floorPosition":22.216215},{"type":1,"time":1280,"positionX":-4.660529,"holdTime":0.0,"speed":1.0,"floorPosition":23.35135},{"type":1,"time":1344,"positionX":0.0,"holdTime":0.0,"speed":1.0,"floorPosition":24.486486},{"type":1,"time":1408,"positionX":-4.741081,"holdTime":0.0,"speed":1.0,"floorPosition":25.621622},{"type":1,"time":1472,"positionX":0.02301407,"holdTime":0.0,"speed":1.0,"floorPosition":26.756756},{"type":1,"time":1536,"positionX":-2.73878,"holdTime":0.0,"speed":1.0,"floorPosition":27.891893},{"type":1,"time":1600,"positionX":3.026467,"holdTime":0.0,"speed":1.0,"floorPosition":29.027027},{"type":1,"time":1664,"positionX":-2.704258,"holdTime":0.0,"speed":1.0,"floorPosition":30.162163},{"type":1,"time":1728,"positionX":2.957421,"holdTime":0.0,"speed":1.0,"floorPosition":31.297297},{"type":1,"time":1792,"positionX":4.672037,"holdTime":0.0,"speed":1.0,"floorPosition":32.432434},{"type":1,"time":1856,"positionX":0.0,"holdTime":0.0,"speed":1.0,"floorPosition":33.567566},{"type":1,"time":1920,"positionX":-4.499425,"holdTime":0.0,"speed":1.0,"floorPosition":34.7027},{"type":1,"time":1984,"positionX":0.01150703,"holdTime":0.0,"speed":1.0,"floorPosition":35.837837},{"type":1,"time":2048,"positionX":-4.499425,"holdTime":0.0,"speed":1.0,"floorPosition":36.972973},{"type":1,"time":2112,"positionX":2.876871,"holdTime":0.0,"speed":1.0,"floorPosition":38.10811},{"type":1,"time":2176,"positionX":-0.03452206,"holdTime":0.0,"speed":1.0,"floorPosition":39.24324},{"type":1,"time":2432,"positionX":-3.060989,"holdTime":0.0,"speed":1.0,"floorPosition":43.783783},{"type":1,"time":2496,"positionX":2.945914,"holdTime":0.0,"speed":1.0,"floorPosition":44.91892},{"type":1,"time":2560,"positionX":-1.622555,"holdTime":0.0,"speed":1.0,"floorPosition":46.054054},{"type":1,"time":2624,"positionX":4.464903,"holdTime":0.0,"speed":1.0,"floorPosition":47.18919},{"type":1,"time":2688,"positionX":-4.718067,"holdTime":0.0,"speed":1.0,"floorPosition":48.32432},{"type":1,"time":2752,"positionX":2.117376,"holdTime":0.0,"speed":1.0,"floorPosition":49.45946},{"type":1,"time":2816,"positionX":-1.622555,"holdTime":0.0,"speed":1.0,"floorPosition":50.594593},{"type":1,"time":2880,"positionX":5.109321,"holdTime":0.0,"speed":1.0,"floorPosition":51.72973},{"type":1,"time":2944,"positionX":-0.01150703,"holdTime":0.0,"speed":1.0,"floorPosition":52.86486},{"type":1,"time":3008,"positionX":-5.005754,"holdTime":0.0,"speed":1.0,"floorPosition":54.0},{"type":3,"time":3072,"positionX":-0.03452206,"holdTime":192.0,"speed":1.4,"floorPosition":55.135136},{"type":2,"time":3136,"positionX":-0.03452206,"holdTime":0.0,"speed":1.0,"floorPosition":56.27027},{"type":2,"time":3200,"positionX":-0.01150703,"holdTime":0.0,"speed":1.0,"floorPosition":57.405403},{"type":2,"time":3264,"positionX":-0.02301502,"holdTime":0.0,"speed":1.0,"floorPosition":58.54054},{"type":1,"time":3328,"positionX":-4.131186,"holdTime":0.0,"speed":1.0,"floorPosition":59.675674},{"type":1,"time":3392,"positionX":3.947065,"holdTime":0.0,"speed":1.0,"floorPosition":60.81081},{"type":1,"time":3456,"positionX":-0.03452206,"holdTime":0.0,"speed":1.0,"floorPosition":61.945946},{"type":1,"time":3520,"positionX":3.958573,"holdTime":0.0,"speed":1.0,"floorPosition":63.081078},{"type":1,"time":3584,"positionX":1.898735,"holdTime":0.0,"speed":1.0,"floorPosition":64.21622},{"type":1,"time":3648,"positionX":-4.004602,"holdTime":0.0,"speed":1.0,"floorPosition":65.35135},{"type":1,"time":3712,"positionX":1.956272,"holdTime":0.0,"speed":1.0,"floorPosition":66.48649},{"type":1,"time":3776,"positionX":-3.981588,"holdTime":0.0,"speed":1.0,"floorPosition":67.62162},{"type":1,"time":3840,"positionX":-1.726122,"holdTime":0.0,"speed":1.0,"floorPosition":68.75675},{"type":1,"time":3904,"positionX":4.637514,"holdTime":0.0,"speed":1.0,"floorPosition":69.89189},{"type":2,"time":4064,"positionX":-1.898734,"holdTime":0.0,"speed":1.0,"floorPosition":72.72973},{"type":2,"time":4080,"positionX":-0.01150703,"holdTime":0.0,"speed":1.0,"floorPosition":73.01351},{"type":2,"time":4096,"positionX":1.852704,"holdTime":0.0,"speed":1.0,"floorPosition":73.2973},{"type":2,"time":4144,"positionX":0.0,"holdTime":0.0,"speed":1.0,"floorPosition":74.14864},{"type":3,"time":4192,"positionX":3.199079,"holdTime":96.0,"speed":1.4,"floorPosition":75.0},{"type":2,"time":5504,"positionX":4.073647,"holdTime":0.0,"speed":1.0,"floorPosition":98.27027},{"type":2,"time":5536,"positionX":4.039125,"holdTime":0.0,"speed":1.0,"floorPosition":98.83784},{"type":2,"time":5568,"positionX":4.039125,"holdTime":0.0,"speed":1.0,"floorPosition":99.4054},{"type":2,"time":5600,"positionX":4.06214,"holdTime":0.0,"speed":1.0,"floorPosition":99.97297},{"type":2,"time":5632,"positionX":1.242808,"holdTime":0.0,"speed":1.0,"floorPosition":100.54054},{"type":2,"time":5664,"positionX":1.27733,"holdTime":0.0,"speed":1.0,"floorPosition":101.10811},{"type":2,"time":5696,"positionX":1.242808,"holdTime":0.0,"speed":1.0,"floorPosition":101.675674},{"type":2,"time":5728,"positionX":1.311853,"holdTime":0.0,"speed":1.0,"floorPosition":102.24324},{"type":2,"time":5760,"positionX":-1.438436,"holdTime":0.0,"speed":1.0,"floorPosition":102.81081},{"type":2,"time":5792,"positionX":-1.438436,"holdTime":0.0,"speed":1.0,"floorPosition":103.37838},{"type":2,"time":5824,"positionX":-1.415421,"holdTime":0.0,"speed":1.0,"floorPosition":103.945946},{"type":2,"time":5856,"positionX":-1.403913,"holdTime":0.0,"speed":1.0,"floorPosition":104.51351},{"type":2,"time":5888,"positionX":-4.257767,"holdTime":0.0,"speed":1.0,"floorPosition":105.08107},{"type":2,"time":5920,"positionX":-4.246979,"holdTime":0.0,"speed":1.0,"floorPosition":105.64865},{"type":2,"time":5952,"positionX":-4.234753,"holdTime":0.0,"speed":1.0,"floorPosition":106.21622},{"type":2,"time":5984,"positionX":-4.269276,"holdTime":0.0,"speed":1.0,"floorPosition":106.78378},{"type":2,"time":6000,"positionX":-4.223246,"holdTime":0.0,"speed":1.0,"floorPosition":107.06757},{"type":2,"time":6016,"positionX":0.0,"holdTime":0.0,"speed":1.0,"floorPosition":107.35135},{"type":2,"time":6032,"positionX":0.02301407,"holdTime":0.0,"speed":1.0,"floorPosition":107.63513},{"type":2,"time":6048,"positionX":-0.01150703,"holdTime":0.0,"speed":1.0,"floorPosition":107.918915},{"type":2,"time":6064,"positionX":-0.03452206,"holdTime":0.0,"speed":1.0,"floorPosition":108.2027},{"type":2,"time":6080,"positionX":-0.03452206,"holdTime":0.0,"speed":1.0,"floorPosition":108.48649},{"type":2,"time":6096,"positionX":-0.03452206,"holdTime":0.0,"speed":1.0,"floorPosition":108.77026},{"type":2,"time":6112,"positionX":0.0,"holdTime":0.0,"speed":1.0,"floorPosition":109.054054},{"type":2,"time":6128,"positionX":0.03452301,"holdTime":0.0,"speed":1.0,"floorPosition":109.33783},{"type":2,"time":6144,"positionX":-0.02301502,"holdTime":0.0,"speed":1.0,"floorPosition":109.62162},{"type":2,"time":6160,"positionX":-0.02301502,"holdTime":0.0,"speed":1.0,"floorPosition":109.90541},{"type":2,"time":6176,"positionX":-0.02301502,"holdTime":0.0,"speed":1.0,"floorPosition":110.189186},{"type":2,"time":6192,"positionX":-0.02301502,"holdTime":0.0,"speed":1.0,"floorPosition":110.47298},{"type":2,"time":6208,"positionX":-0.02301502,"holdTime":0.0,"speed":1.0,"floorPosition":110.75675},{"type":2,"time":6224,"positionX":-0.02301502,"holdTime":0.0,"speed":1.0,"floorPosition":111.040535},{"type":2,"time":6240,"positionX":0.0,"holdTime":0.0,"speed":1.0,"floorPosition":111.324326},{"type":2,"time":6256,"positionX":0.0,"holdTime":0.0,"speed":1.0,"floorPosition":111.6081},{"type":2,"time":6272,"positionX":-0.02301502,"holdTime":0.0,"speed":1.0,"floorPosition":111.89189},{"type":2,"time":6280,"positionX":-0.04603004,"holdTime":0.0,"speed":1.0,"floorPosition":112.03378},{"type":2,"time":6288,"positionX":-0.04603004,"holdTime":0.0,"speed":1.0,"floorPosition":112.17567},{"type":2,"time":6296,"positionX":-0.04603004,"holdTime":0.0,"speed":1.0,"floorPosition":112.317566},{"type":2,"time":6304,"positionX":-0.03452206,"holdTime":0.0,"speed":1.0,"floorPosition":112.45946},{"type":2,"time":6312,"positionX":-0.02301502,"holdTime":0.0,"speed":1.0,"floorPosition":112.60135},{"type":2,"time":6320,"positionX":-0.03452206,"holdTime":0.0,"speed":1.0,"floorPosition":112.74325},{"type":2,"time":6328,"positionX":-0.03452206,"holdTime":0.0,"speed":1.0,"floorPosition":112.885124},{"type":2,"time":6336,"positionX":-0.01150703,"holdTime":0.0,"speed":1.0,"floorPosition":113.02702},{"type":2,"time":6344,"positionX":-0.02301502,"holdTime":0.0,"speed":1.0,"floorPosition":113.168915},{"type":2,"time":6352,"positionX":-0.01150703,"holdTime":0.0,"speed":1.0,"floorPosition":113.310814},{"type":2,"time":6360,"positionX":-0.02301502,"holdTime":0.0,"speed":1.0,"floorPosition":113.452705},{"type":2,"time":6368,"positionX":-0.01150703,"holdTime":0.0,"speed":1.0,"floorPosition":113.59459},{"type":2,"time":6376,"positionX":-0.01150703,"holdTime":0.0,"speed":1.0,"floorPosition":113.73648},{"type":2,"time":6384,"positionX":-0.01150703,"holdTime":0.0,"speed":1.0,"floorPosition":113.87837},{"type":2,"time":6392,"positionX":0.0,"holdTime":0.0,"speed":1.0,"floorPosition":114.02027},{"type":2,"time":6400,"positionX":-0.02301502,"holdTime":0.0,"speed":1.0,"floorPosition":114.16216},{"type":2,"time":6408,"positionX":-0.04603004,"holdTime":0.0,"speed":1.0,"floorPosition":114.30405},{"type":2,"time":6416,"positionX":-0.01150703,"holdTime":0.0,"speed":1.0,"floorPosition":114.44594},{"type":2,"time":6424,"positionX":-0.01150703,"holdTime":0.0,"speed":1.0,"floorPosition":114.58784},{"type":2,"time":6432,"positionX":-0.03452206,"holdTime":0.0,"speed":1.0,"floorPosition":114.72973},{"type":2,"time":6440,"positionX":0.0,"holdTime":0.0,"speed":1.0,"floorPosition":114.87163},{"type":2,"time":6448,"positionX":-0.02301502,"holdTime":0.0,"speed":1.0,"floorPosition":115.013504},{"type":2,"time":6456,"positionX":0.0,"holdTime":0.0,"speed":1.0,"floorPosition":115.1554},{"type":2,"time":6464,"positionX":0.0,"holdTime":0.0,"speed":1.0,"floorPosition":115.297295},{"type":2,"time":6472,"positionX":0.01150703,"holdTime":0.0,"speed":1.0,"floorPosition":115.439186},{"type":2,"time":6480,"positionX":-0.02301502,"holdTime":0.0,"speed":1.0,"floorPosition":115.581085},{"type":2,"time":6488,"positionX":-0.02301502,"holdTime":0.0,"speed":1.0,"floorPosition":115.72297},{"type":2,"time":6496,"positionX":-0.02301502,"holdTime":0.0,"speed":1.0,"floorPosition":115.86486},{"type":2,"time":6504,"positionX":-0.01150703,"holdTime":0.0,"speed":1.0,"floorPosition":116.00675},{"type":2,"time":6512,"positionX":-0.02301502,"holdTime":0.0,"speed":1.0,"floorPosition":116.14865},{"type":2,"time":6520,"positionX":-0.02301502,"holdTime":0.0,"speed":1.0,"floorPosition":116.29054},{"type":2,"time":6528,"positionX":0.0,"holdTime":0.0,"speed":1.0,"floorPosition":116.43243},{"type":2,"time":6560,"positionX":0.03452301,"holdTime":0.0,"speed":1.0,"floorPosition":117.0},{"type":2,"time":6592,"positionX":0.0,"holdTime":0.0,"speed":1.0,"floorPosition":117.567566},{"type":2,"time":6624,"positionX":0.0,"holdTime":0.0,"speed":1.0,"floorPosition":118.13513},{"type":1,"time":6656,"positionX":-0.01150703,"holdTime":0.0,"speed":1.0,"floorPosition":118.7027},{"type":1,"time":6688,"positionX":0.0,"holdTime":0.0,"speed":1.0,"floorPosition":119.27026},{"type":1,"time":6720,"positionX":0.01150703,"holdTime":0.0,"speed":1.0,"floorPosition":119.83784},{"type":1,"time":6752,"positionX":0.01150703,"holdTime":0.0,"speed":1.0,"floorPosition":120.4054},{"type":1,"time":6784,"positionX":-3.037975,"holdTime":0.0,"speed":1.0,"floorPosition":120.97297},{"type":1,"time":6816,"positionX":-3.049482,"holdTime":0.0,"speed":1.0,"floorPosition":121.540535},{"type":1,"time":6848,"positionX":-3.014959,"holdTime":0.0,"speed":1.0,"floorPosition":122.1081},{"type":1,"time":6880,"positionX":-3.003452,"holdTime":0.0,"speed":1.0,"floorPosition":122.675674},{"type":1,"time":6912,"positionX":-2.991944,"holdTime":0.0,"speed":1.0,"floorPosition":123.24324},{"type":1,"time":6944,"positionX":-2.991944,"holdTime":0.0,"speed":1.0,"floorPosition":123.81081},{"type":1,"time":6976,"positionX":-3.026467,"holdTime":0.0,"speed":1.0,"floorPosition":124.37837},{"type":1,"time":7008,"positionX":-3.072496,"holdTime":0.0,"speed":1.0,"floorPosition":124.94594},{"type":2,"time":7016,"positionX":-3.072496,"holdTime":0.0,"speed":1.0,"floorPosition":125.08783},{"type":2,"time":7024,"positionX":-3.060989,"holdTime":0.0,"speed":1.0,"floorPosition":125.22973},{"type":2,"time":7032,"positionX":-3.084004,"holdTime":0.0,"speed":1.0,"floorPosition":125.37162},{"type":1,"time":7040,"positionX":1.13924,"holdTime":0.0,"speed":1.0,"floorPosition":125.51352},{"type":1,"time":7072,"positionX":1.127733,"holdTime":0.0,"speed":1.0,"floorPosition":126.08108},{"type":1,"time":7104,"positionX":1.150749,"holdTime":0.0,"speed":1.0,"floorPosition":126.64864},{"type":1,"time":7136,"positionX":1.150749,"holdTime":0.0,"speed":1.0,"floorPosition":127.21621},{"type":1,"time":7168,"positionX":-3.659379,"holdTime":0.0,"speed":1.0,"floorPosition":127.783775},{"type":1,"time":7200,"positionX":-3.693901,"holdTime":0.0,"speed":1.0,"floorPosition":128.35135},{"type":1,"time":7232,"positionX":1.127733,"holdTime":0.0,"speed":1.0,"floorPosition":128.91891},{"type":1,"time":7264,"positionX":-3.682394,"holdTime":0.0,"speed":1.0,"floorPosition":129.48648},{"type":1,"time":7296,"positionX":-0.02301502,"holdTime":0.0,"speed":1.0,"floorPosition":130.05405},{"type":1,"time":7328,"positionX":0.0,"holdTime":0.0,"speed":1.0,"floorPosition":130.62161},{"type":1,"time":7360,"positionX":2.105869,"holdTime":0.0,"speed":1.0,"floorPosition":131.1892},{"type":1,"time":7392,"positionX":2.071346,"holdTime":0.0,"speed":1.0,"floorPosition":131.75676},{"type":1,"time":7424,"positionX":-2.071346,"holdTime":0.0,"speed":1.0,"floorPosition":132.32433},{"type":1,"time":7456,"positionX":-2.048331,"holdTime":0.0,"speed":1.0,"floorPosition":132.89189},{"type":1,"time":7488,"positionX":-0.01150703,"holdTime":0.0,"speed":1.0,"floorPosition":133.45946},{"type":1,"time":7520,"positionX":-0.01150703,"holdTime":0.0,"speed":1.0,"floorPosition":134.02702},{"type":1,"time":7552,"positionX":-3.532796,"holdTime":0.0,"speed":1.0,"floorPosition":134.59459},{"type":1,"time":7584,"positionX":-3.509781,"holdTime":0.0,"speed":1.0,"floorPosition":135.16216},{"type":1,"time":7616,"positionX":-3.567319,"holdTime":0.0,"speed":1.0,"floorPosition":135.72972},{"type":1,"time":7648,"positionX":-3.601841,"holdTime":0.0,"speed":1.0,"floorPosition":136.29729},{"type":1,"time":7680,"positionX":-3.601841,"holdTime":0.0,"speed":1.0,"floorPosition":136.86487},{"type":1,"time":7712,"positionX":-3.636364,"holdTime":0.0,"speed":1.0,"floorPosition":137.43243},{"type":1,"time":7744,"positionX":3.01496,"holdTime":0.0,"speed":1.0,"floorPosition":138.0},{"type":1,"time":7776,"positionX":2.980437,"holdTime":0.0,"speed":1.0,"floorPosition":138.56757},{"type":1,"time":7792,"positionX":2.991944,"holdTime":0.0,"speed":1.0,"floorPosition":138.85135},{"type":1,"time":7808,"positionX":-0.4718065,"holdTime":0.0,"speed":1.0,"floorPosition":139.13513},{"type":1,"time":7840,"positionX":-0.4833145,"holdTime":0.0,"speed":1.0,"floorPosition":139.7027},{"type":1,"time":7872,"positionX":-0.5063295,"holdTime":0.0,"speed":1.0,"floorPosition":140.27026},{"type":1,"time":7904,"positionX":-0.5178366,"holdTime":0.0,"speed":1.0,"floorPosition":140.83783},{"type":1,"time":7936,"positionX":3.866514,"holdTime":0.0,"speed":1.0,"floorPosition":141.4054},{"type":1,"time":7968,"positionX":3.843498,"holdTime":0.0,"speed":1.0,"floorPosition":141.97296},{"type":1,"time":7984,"positionX":3.831991,"holdTime":0.0,"speed":1.0,"floorPosition":142.25676},{"type":2,"time":8000,"positionX":3.831991,"holdTime":0.0,"speed":1.0,"floorPosition":142.54054},{"type":2,"time":8008,"positionX":3.878021,"holdTime":0.0,"speed":1.0,"floorPosition":142.68242},{"type":1,"time":8032,"positionX":1.472959,"holdTime":0.0,"speed":1.0,"floorPosition":143.10811},{"type":1,"time":8048,"positionX":1.438436,"holdTime":0.0,"speed":1.0,"floorPosition":143.39189},{"type":1,"time":8064,"positionX":1.438436,"holdTime":0.0,"speed":1.0,"floorPosition":143.67567},{"type":1,"time":8096,"positionX":1.426928,"holdTime":0.0,"speed":1.0,"floorPosition":144.24324},{"type":1,"time":8128,"positionX":1.41542,"holdTime":0.0,"speed":1.0,"floorPosition":144.8108},{"type":1,"time":8160,"positionX":1.41542,"holdTime":0.0,"speed":1.0,"floorPosition":145.37839},{"type":1,"time":8192,"positionX":-1.472958,"holdTime":0.0,"speed":1.0,"floorPosition":145.94595},{"type":1,"time":8224,"positionX":-1.472958,"holdTime":0.0,"speed":1.0,"floorPosition":146.5135},{"type":1,"time":8256,"positionX":-1.553509,"holdTime":0.0,"speed":1.0,"floorPosition":147.08107},{"type":1,"time":8288,"positionX":-1.576525,"holdTime":0.0,"speed":1.0,"floorPosition":147.64864},{"type":1,"time":8320,"positionX":2.738781,"holdTime":0.0,"speed":1.0,"floorPosition":148.21622},{"type":1,"time":8352,"positionX":2.681242,"holdTime":0.0,"speed":1.0,"floorPosition":148.78378},{"type":1,"time":8384,"positionX":-1.530496,"holdTime":0.0,"speed":1.0,"floorPosition":149.35135},{"type":1,"time":8416,"positionX":-1.542003,"holdTime":0.0,"speed":1.0,"floorPosition":149.91891},{"type":1,"time":8448,"positionX":2.589183,"holdTime":0.0,"speed":1.0,"floorPosition":150.48648},{"type":1,"time":8480,"positionX":2.612199,"holdTime":0.0,"speed":1.0,"floorPosition":151.05406},{"type":1,"time":8512,"positionX":-0.03452206,"holdTime":0.0,"speed":1.0,"floorPosition":151.62163},{"type":1,"time":8528,"positionX":-0.03452206,"holdTime":0.0,"speed":1.0,"floorPosition":151.9054},{"type":1,"time":8544,"positionX":-0.02301502,"holdTime":0.0,"speed":1.0,"floorPosition":152.1892},{"type":1,"time":8560,"positionX":1.18527,"holdTime":0.0,"speed":1.0,"floorPosition":152.47298},{"type":1,"time":8576,"positionX":2.474108,"holdTime":0.0,"speed":1.0,"floorPosition":152.75674},{"type":1,"time":8592,"positionX":3.613348,"holdTime":0.0,"speed":1.0,"floorPosition":153.04054},{"type":1,"time":8608,"positionX":4.925201,"holdTime":0.0,"speed":1.0,"floorPosition":153.32431},{"type":1,"time":8640,"positionX":0.0,"holdTime":0.0,"speed":1.0,"floorPosition":153.89189},{"type":1,"time":8672,"positionX":-0.02301502,"holdTime":0.0,"speed":1.0,"floorPosition":154.45946},{"type":1,"time":8688,"positionX":-0.02301502,"holdTime":0.0,"speed":1.0,"floorPosition":154.74324},{"type":1,"time":8704,"positionX":-0.01150703,"holdTime":0.0,"speed":1.0,"floorPosition":155.02702},{"type":1,"time":8736,"positionX":0.01150703,"holdTime":0.0,"speed":1.0,"floorPosition":155.59459},{"type":1,"time":8768,"positionX":2.313003,"holdTime":0.0,"speed":1.0,"floorPosition":156.16216},{"type":1,"time":8800,"positionX":2.347526,"holdTime":0.0,"speed":1.0,"floorPosition":156.72974},{"type":1,"time":8832,"positionX":-2.451094,"holdTime":0.0,"speed":1.0,"floorPosition":157.2973},{"type":1,"time":8848,"positionX":-2.462601,"holdTime":0.0,"speed":1.0,"floorPosition":157.58107},{"type":1,"time":8864,"positionX":-2.451094,"holdTime":0.0,"speed":1.0,"floorPosition":157.86487},{"type":1,"time":8896,"positionX":2.485615,"holdTime":0.0,"speed":1.0,"floorPosition":158.43243},{"type":1,"time":8928,"positionX":-0.03452206,"holdTime":0.0,"speed":1.0,"floorPosition":159.0},{"type":1,"time":8944,"positionX":-0.01150703,"holdTime":0.0,"speed":1.0,"floorPosition":159.28378},{"type":1,"time":8960,"positionX":0.0,"holdTime":0.0,"speed":1.0,"floorPosition":159.56757},{"type":1,"time":8992,"positionX":0.0,"holdTime":0.0,"speed":1.0,"floorPosition":160.13513},{"type":1,"time":9024,"positionX":-0.01150703,"holdTime":0.0,"speed":1.0,"floorPosition":160.7027},{"type":1,"time":9056,"positionX":-0.02301502,"holdTime":0.0,"speed":1.0,"floorPosition":161.27026},{"type":1,"time":9088,"positionX":2.761796,"holdTime":0.0,"speed":1.0,"floorPosition":161.83783},{"type":1,"time":9120,"positionX":2.704258,"holdTime":0.0,"speed":1.0,"floorPosition":162.40541},{"type":1,"time":9152,"positionX":2.692751,"holdTime":0.0,"speed":1.0,"floorPosition":162.97298},{"type":1,"time":9184,"positionX":2.681242,"holdTime":0.0,"speed":1.0,"floorPosition":163.54054},{"type":1,"time":9216,"positionX":-0.01150703,"holdTime":0.0,"speed":1.0,"floorPosition":164.10811},{"type":1,"time":9248,"positionX":-0.05753708,"holdTime":0.0,"speed":1.0,"floorPosition":164.67567},{"type":1,"time":9280,"positionX":-0.03452206,"holdTime":0.0,"speed":1.0,"floorPosition":165.24324},{"type":1,"time":9312,"positionX":-0.02301502,"holdTime":0.0,"speed":1.0,"floorPosition":165.8108},{"type":2,"time":9320,"positionX":-0.01150703,"holdTime":0.0,"speed":1.0,"floorPosition":165.9527},{"type":2,"time":9328,"positionX":-0.01150703,"holdTime":0.0,"speed":1.0,"floorPosition":166.09459},{"type":1,"time":9344,"positionX":-2.87687,"holdTime":0.0,"speed":1.0,"floorPosition":166.37837},{"type":1,"time":9376,"positionX":-2.853855,"holdTime":0.0,"speed":1.0,"floorPosition":166.94594},{"type":1,"time":9408,"positionX":-2.888378,"holdTime":0.0,"speed":1.0,"floorPosition":167.5135},{"type":1,"time":9440,"positionX":-2.888378,"holdTime":0.0,"speed":1.0,"floorPosition":168.08109},{"type":1,"time":9472,"positionX":-0.03452206,"holdTime":0.0,"speed":1.0,"floorPosition":168.64865},{"type":1,"time":9504,"positionX":-0.01150703,"holdTime":0.0,"speed":1.0,"floorPosition":169.21622},{"type":2,"time":9528,"positionX":-2.934408,"holdTime":0.0,"speed":1.0,"floorPosition":169.64189},{"type":2,"time":9536,"positionX":-2.922899,"holdTime":0.0,"speed":1.0,"floorPosition":169.78378},{"type":1,"time":9552,"positionX":-2.911392,"holdTime":0.0,"speed":1.0,"floorPosition":170.06757},{"type":1,"time":9568,"positionX":-2.911392,"holdTime":0.0,"speed":1.0,"floorPosition":170.35135},{"type":1,"time":9584,"positionX":-2.922899,"holdTime":0.0,"speed":1.0,"floorPosition":170.63513},{"type":1,"time":9600,"positionX":-2.922899,"holdTime":0.0,"speed":1.0,"floorPosition":170.91891},{"type":1,"time":9632,"positionX":-0.02301502,"holdTime":0.0,"speed":1.0,"floorPosition":171.48648},{"type":1,"time":9648,"positionX":-0.03452206,"holdTime":0.0,"speed":1.0,"floorPosition":171.77026},{"type":1,"time":9664,"positionX":-0.02301502,"holdTime":0.0,"speed":1.0,"floorPosition":172.05405},{"type":1,"time":9696,"positionX":0.0,"holdTime":0.0,"speed":1.0,"floorPosition":172.62161},{"type":1,"time":9728,"positionX":-3.774453,"holdTime":0.0,"speed":1.0,"floorPosition":173.18918},{"type":1,"time":9760,"positionX":-3.774453,"holdTime":0.0,"speed":1.0,"floorPosition":173.75676},{"type":1,"time":9792,"positionX":1.898735,"holdTime":0.0,"speed":1.0,"floorPosition":174.32433},{"type":1,"time":9824,"positionX":1.921749,"holdTime":0.0,"speed":1.0,"floorPosition":174.89189},{"type":1,"time":9840,"positionX":1.944765,"holdTime":0.0,"speed":1.0,"floorPosition":175.17567},{"type":1,"time":9856,"positionX":-0.01150703,"holdTime":0.0,"speed":1.0,"floorPosition":175.45946},{"type":1,"time":9888,"positionX":-0.01150703,"holdTime":0.0,"speed":1.0,"floorPosition":176.02702},{"type":1,"time":9920,"positionX":-0.01150703,"holdTime":0.0,"speed":1.0,"floorPosition":176.5946},{"type":1,"time":9952,"positionX":-0.02301502,"holdTime":0.0,"speed":1.0,"floorPosition":177.16216},{"type":1,"time":9984,"positionX":2.692751,"holdTime":0.0,"speed":1.0,"floorPosition":177.72972},{"type":1,"time":10016,"positionX":2.692751,"holdTime":0.0,"speed":1.0,"floorPosition":178.29729},{"type":1,"time":10032,"positionX":2.669735,"holdTime":0.0,"speed":1.0,"floorPosition":178.58109},{"type":2,"time":10048,"positionX":2.658228,"holdTime":0.0,"speed":1.0,"floorPosition":178.86485},{"type":2,"time":10056,"positionX":2.658228,"holdTime":0.0,"speed":1.0,"floorPosition":179.00674},{"type":1,"time":10080,"positionX":2.64672,"holdTime":0.0,"speed":1.0,"floorPosition":179.43243},{"type":1,"time":10096,"positionX":2.64672,"holdTime":0.0,"speed":1.0,"floorPosition":179.71622},{"type":1,"time":10112,"positionX":4.948216,"holdTime":0.0,"speed":1.0,"floorPosition":180.0},{"type":1,"time":10144,"positionX":4.936709,"holdTime":0.0,"speed":1.0,"floorPosition":180.56757},{"type":1,"time":10176,"positionX":4.959724,"holdTime":0.0,"speed":1.0,"floorPosition":181.13513},{"type":1,"time":10208,"positionX":4.959724,"holdTime":0.0,"speed":1.0,"floorPosition":181.7027},{"type":1,"time":10240,"positionX":0.0,"holdTime":0.0,"speed":1.0,"floorPosition":182.27028},{"type":1,"time":10272,"positionX":-0.01150703,"holdTime":0.0,"speed":1.0,"floorPosition":182.83784},{"type":1,"time":10304,"positionX":0.0,"holdTime":0.0,"speed":1.0,"floorPosition":183.4054},{"type":1,"time":10336,"positionX":0.0,"holdTime":0.0,"speed":1.0,"floorPosition":183.97296},{"type":1,"time":10368,"positionX":-4.52244,"holdTime":0.0,"speed":1.0,"floorPosition":184.54053},{"type":1,"time":10384,"positionX":-1.565017,"holdTime":0.0,"speed":1.0,"floorPosition":184.82433},{"type":1,"time":10400,"positionX":1.542002,"holdTime":0.0,"speed":1.0,"floorPosition":185.10811},{"type":1,"time":10416,"positionX":4.556962,"holdTime":0.0,"speed":1.0,"floorPosition":185.39189},{"type":1,"time":10448,"positionX":0.0,"holdTime":0.0,"speed":1.0,"floorPosition":185.95946},{"type":1,"time":10464,"positionX":3.026467,"holdTime":0.0,"speed":1.0,"floorPosition":186.24324},{"type":1,"time":10480,"positionX":3.01496,"holdTime":0.0,"speed":1.0,"floorPosition":186.52702},{"type":1,"time":10496,"positionX":-3.24511,"holdTime":0.0,"speed":1.0,"floorPosition":186.8108},{"type":1,"time":10512,"positionX":-3.19908,"holdTime":0.0,"speed":1.0,"floorPosition":187.09459},{"type":3,"time":10512,"positionX":2.991944,"holdTime":176.0,"speed":1.4,"floorPosition":187.09459}],"notesBelow":[],"speedEvents":[{"startTime":0.0,"endTime":256.0,"value":1.6},{"startTime":256.0,"endTime":6819840.0,"value":1.4}],"judgeLineMoveEvents":[{"startTime":0.0,"endTime":128.0,"start":440260.0,"end":880000.0},{"startTime":128.0,"endTime":256.0,"start":880052.0,"end":440104.0},{"startTime":256.0,"endTime":1280.0,"start":440104.0,"end":440104.0},{"startTime":1280.0,"endTime":2304.0,"start":440104.0,"end":440208.0},{"startTime":2304.0,"endTime":2336.0,"start":440000.0,"end":440052.0},{"startTime":2336.0,"endTime":3264.0,"start":440052.0,"end":440208.0},{"startTime":3264.0,"endTime":3328.0,"start":440208.0,"end":440104.0},{"startTime":3328.0,"endTime":4288.0,"start":440104.0,"end":440156.0},{"startTime":4288.0,"endTime":4416.0,"start":440156.0,"end":440390.0},{"startTime":4416.0,"endTime":4480.0,"start":440390.0,"end":440000.0},{"startTime":4480.0,"endTime":4544.0,"start":440000.0,"end":440260.0},{"startTime":4544.0,"endTime":4960.0,"start":440260.0,"end":440260.0},{"startTime":4960.0,"endTime":4968.0,"start":660260.0,"end":660260.0},{"startTime":4968.0,"endTime":4976.0,"start":440260.0,"end":440260.0},{"startTime":4976.0,"endTime":4984.0,"start":220260.0,"end":220260.0},{"startTime":4984.0,"endTime":4992.0,"start":440260.0,"end":440260.0},{"startTime":4992.0,"endTime":5040.0,"start":440390.0,"end":440260.0},{"startTime":5040.0,"endTime":5088.0,"start":440130.0,"end":440260.0},{"startTime":5088.0,"endTime":5136.0,"start":440390.0,"end":440260.0},{"startTime":5136.0,"endTime":5184.0,"start":440130.0,"end":440260.0},{"startTime":5184.0,"endTime":5248.0,"start":440260.0,"end":440260.0},{"startTime":5248.0,"endTime":5296.0,"start":440390.0,"end":440260.0},{"startTime":5296.0,"endTime":5344.0,"start":440130.0,"end":440260.0},{"startTime":5344.0,"endTime":5392.0,"start":440000.0,"end":440130.0},{"startTime":5392.0,"endTime":5440.0,"start":440260.0,"end":440130.0},{"startTime":5440.0,"endTime":5472.0,"start":440130.0,"end":440260.0},{"startTime":5472.0,"endTime":5504.0,"start":440260.0,"end":440130.0},{"startTime":5504.0,"endTime":6272.0,"start":440130.0,"end":440130.0},{"startTime":6272.0,"endTime":6528.0,"start":440130.0,"end":440260.0},{"startTime":6528.0,"endTime":6544.0,"start":440260.0,"end":440208.0},{"startTime":6544.0,"endTime":6560.0,"start":440208.0,"end":440208.0},{"startTime":6560.0,"endTime":6576.0,"start":440208.0,"end":440156.0},{"startTime":6576.0,"endTime":6592.0,"start":440156.0,"end":440156.0},{"startTime":6592.0,"endTime":6608.0,"start":440156.0,"end":440104.0},{"startTime":6608.0,"endTime":6624.0,"start":440104.0,"end":440104.0},{"startTime":6624.0,"endTime":6640.0,"start":440104.0,"end":440052.0},{"startTime":6640.0,"endTime":6784.0,"start":440052.0,"end":440052.0},{"startTime":6784.0,"endTime":7040.0,"start":440052.0,"end":615052.0},{"startTime":7040.0,"endTime":7296.0,"start":615052.0,"end":440052.0},{"startTime":7296.0,"endTime":7552.0,"start":440052.0,"end":660052.0},{"startTime":7552.0,"endTime":8064.0,"start":660052.0,"end":220052.0},{"startTime":8064.0,"endTime":8320.0,"start":220052.0,"end":440104.0},{"startTime":8320.0,"endTime":8576.0,"start":440104.0,"end":264104.0},{"startTime":8576.0,"endTime":8832.0,"start":264104.0,"end":440052.0},{"startTime":8832.0,"endTime":9088.0,"start":440052.0,"end":220104.0},{"startTime":9088.0,"endTime":9600.0,"start":220104.0,"end":660052.0},{"startTime":9600.0,"endTime":10112.0,"start":660052.0,"end":220130.0},{"startTime":10112.0,"endTime":10368.0,"start":220130.0,"end":440052.0},{"startTime":10368.0,"endTime":10512.0,"start":440052.0,"end":440104.0},{"startTime":10512.0,"endTime":10688.0,"start":440104.0,"end":440260.0},{"startTime":10688.0,"endTime":6819840.0,"start":440260.0,"end":440260.0}],"judgeLineRotateEvents":[{"startTime":0.0,"endTime":128.0,"start":0.0,"end":90.0},{"startTime":128.0,"endTime":1216.0,"start":0.0,"end":0.0},{"startTime":1216.0,"endTime":1280.0,"start":0.0,"end":5.0},{"startTime":1280.0,"endTime":1344.0,"start":5.0,"end":0.0},{"startTime":1344.0,"endTime":2240.0,"start":0.0,"end":0.0},{"startTime":2240.0,"endTime":2241.0,"start":0.0,"end":72.0},{"startTime":2241.0,"endTime":2242.0,"start":72.0,"end":134.0},{"startTime":2242.0,"endTime":2243.0,"start":134.0,"end":189.0},{"startTime":2243.0,"endTime":2244.0,"start":189.0,"end":237.0},{"startTime":2244.0,"endTime":2245.0,"start":237.0,"end":282.0},{"startTime":2245.0,"endTime":2246.0,"start":282.0,"end":322.0},{"startTime":2246.0,"endTime":2247.0,"start":322.0,"end":360.0},{"startTime":2247.0,"endTime":2248.0,"start":360.0,"end":394.0},{"startTime":2248.0,"endTime":2249.0,"start":394.0,"end":427.0},{"startTime":2249.0,"endTime":2250.0,"start":427.0,"end":457.0},{"startTime":2250.0,"endTime":2251.0,"start":457.0,"end":486.0},{"startTime":2251.0,"endTime":2252.0,"start":486.0,"end":513.0},{"startTime":2252.0,"endTime":2253.0,"start":513.0,"end":539.0},{"startTime":2253.0,"endTime":2254.0,"start":539.0,"end":563.0},{"startTime":2254.0,"endTime":2255.0,"start":563.0,"end":586.0},{"startTime":2255.0,"endTime":2256.0,"start":586.0,"end":608.0},{"startTime":2256.0,"endTime":2257.0,"start":608.0,"end":629.0},{"startTime":2257.0,"endTime":2259.0,"start":629.0,"end":669.0},{"startTime":2259.0,"endTime":2261.0,"start":669.0,"end":705.0},{"startTime":2261.0,"endTime":2262.0,"start":705.0,"end":722.0},{"startTime":2262.0,"endTime":2264.0,"start":722.0,"end":754.0},{"startTime":2264.0,"endTime":2265.0,"start":754.0,"end":769.0},{"startTime":2265.0,"endTime":2268.0,"start":769.0,"end":811.0},{"startTime":2268.0,"endTime":2269.0,"start":811.0,"end":823.0},{"startTime":2269.0,"endTime":2270.0,"start":823.0,"end":836.0},{"startTime":2270.0,"endTime":2272.0,"start":836.0,"end":860.0},{"startTime":2272.0,"endTime":2274.0,"start":860.0,"end":882.0},{"startTime":2274.0,"endTime":2277.0,"start":882.0,"end":912.0},{"startTime":2277.0,"endTime":2278.0,"start":912.0,"end":921.0},{"startTime":2278.0,"endTime":2279.0,"start":921.0,"end":931.0},{"startTime":2279.0,"endTime":2280.0,"start":931.0,"end":939.0},{"startTime":2280.0,"endTime":2281.0,"start":939.0,"end":948.0},{"startTime":2281.0,"endTime":2284.0,"start":948.0,"end":972.0},{"startTime":2284.0,"endTime":2288.0,"start":972.0,"end":1000.0},{"startTime":2288.0,"endTime":2289.0,"start":1000.0,"end":1006.0},{"startTime":2289.0,"endTime":2290.0,"start":1006.0,"end":1013.0},{"startTime":2290.0,"endTime":2291.0,"start":1013.0,"end":1019.0},{"startTime":2291.0,"endTime":2292.0,"start":1019.0,"end":1024.0},{"startTime":2292.0,"endTime":2293.0,"start":1024.0,"end":1030.0},{"startTime":2293.0,"endTime":2294.0,"start":1030.0,"end":1035.0},{"startTime":2294.0,"endTime":2295.0,"start":1035.0,"end":1041.0},{"startTime":2295.0,"endTime":2296.0,"start":1041.0,"end":1046.0},{"startTime":2296.0,"endTime":2297.0,"start":1046.0,"end":1050.0},{"startTime":2297.0,"endTime":2299.0,"start":1050.0,"end":1060.0},{"startTime":2299.0,"endTime":2304.0,"start":1060.0,"end":1080.0},{"startTime":2304.0,"endTime":3328.0,"start":0.0,"end":0.0},{"startTime":3328.0,"endTime":4064.0,"start":0.0,"end":-5.0},{"startTime":4064.0,"endTime":4080.0,"start":-5.0,"end":0.0},{"startTime":4080.0,"endTime":4096.0,"start":0.0,"end":-5.0},{"startTime":4096.0,"endTime":4144.0,"start":-5.0,"end":0.0},{"startTime":4144.0,"endTime":4192.0,"start":0.0,"end":-5.0},{"startTime":4192.0,"endTime":4288.0,"start":-5.0,"end":0.0},{"startTime":4288.0,"endTime":4296.0,"start":0.0,"end":16.0},{"startTime":4296.0,"endTime":4297.0,"start":16.0,"end":19.0},{"startTime":4297.0,"endTime":4300.0,"start":19.0,"end":25.0},{"startTime":4300.0,"endTime":4301.0,"start":25.0,"end":28.0},{"startTime":4301.0,"endTime":4302.0,"start":28.0,"end":30.0},{"startTime":4302.0,"endTime":4303.0,"start":30.0,"end":33.0},{"startTime":4303.0,"endTime":4304.0,"start":33.0,"end":35.0},{"startTime":4304.0,"endTime":4305.0,"start":35.0,"end":38.0},{"startTime":4305.0,"endTime":4306.0,"start":38.0,"end":40.0},{"startTime":4306.0,"endTime":4307.0,"start":40.0,"end":43.0},{"startTime":4307.0,"endTime":4308.0,"start":43.0,"end":45.0},{"startTime":4308.0,"endTime":4309.0,"start":45.0,"end":48.0},{"startTime":4309.0,"endTime":4310.0,"start":48.0,"end":50.0},{"startTime":4310.0,"endTime":4313.0,"start":50.0,"end":59.0},{"startTime":4313.0,"endTime":4314.0,"start":59.0,"end":61.0},{"startTime":4314.0,"endTime":4325.0,"start":61.0,"end":94.0},{"startTime":4325.0,"endTime":4326.0,"start":94.0,"end":98.0},{"startTime":4326.0,"endTime":4328.0,"start":98.0,"end":104.0},{"startTime":4328.0,"endTime":4329.0,"start":104.0,"end":108.0},{"startTime":4329.0,"endTime":4331.0,"start":108.0,"end":114.0},{"startTime":4331.0,"endTime":4332.0,"start":114.0,"end":118.0},{"startTime":4332.0,"endTime":4333.0,"start":118.0,"end":121.0},{"startTime":4333.0,"endTime":4334.0,"start":121.0,"end":125.0},{"startTime":4334.0,"endTime":4335.0,"start":125.0,"end":128.0},{"startTime":4335.0,"endTime":4337.0,"start":128.0,"end":136.0},{"startTime":4337.0,"endTime":4338.0,"start":136.0,"end":139.0},{"startTime":4338.0,"endTime":4349.0,"start":139.0,"end":183.0},{"startTime":4349.0,"endTime":4350.0,"start":183.0,"end":188.0},{"startTime":4350.0,"endTime":4352.0,"start":188.0,"end":196.0},{"startTime":4352.0,"endTime":4353.0,"start":196.0,"end":201.0},{"startTime":4353.0,"endTime":4354.0,"start":201.0,"end":205.0},{"startTime":4354.0,"endTime":4355.0,"start":205.0,"end":210.0},{"startTime":4355.0,"endTime":4356.0,"start":210.0,"end":214.0},{"startTime":4356.0,"endTime":4357.0,"start":214.0,"end":219.0},{"startTime":4357.0,"endTime":4358.0,"start":219.0,"end":223.0},{"startTime":4358.0,"endTime":4368.0,"start":223.0,"end":273.0},{"startTime":4368.0,"endTime":4369.0,"start":273.0,"end":279.0},{"startTime":4369.0,"endTime":4371.0,"start":279.0,"end":289.0},{"startTime":4371.0,"endTime":4372.0,"start":289.0,"end":295.0},{"startTime":4372.0,"endTime":4373.0,"start":295.0,"end":300.0},{"startTime":4373.0,"endTime":4375.0,"start":300.0,"end":312.0},{"startTime":4375.0,"endTime":4376.0,"start":312.0,"end":317.0},{"startTime":4376.0,"endTime":4382.0,"start":317.0,"end":353.0},{"startTime":4382.0,"endTime":4383.0,"start":353.0,"end":360.0},{"startTime":4383.0,"endTime":4385.0,"start":360.0,"end":372.0},{"startTime":4385.0,"endTime":4386.0,"start":372.0,"end":379.0},{"startTime":4386.0,"endTime":4387.0,"start":379.0,"end":385.0},{"startTime":4387.0,"endTime":4389.0,"start":385.0,"end":399.0},{"startTime":4389.0,"endTime":4390.0,"start":399.0,"end":405.0},{"startTime":4390.0,"endTime":4395.0,"start":405.0,"end":440.0},{"startTime":4395.0,"endTime":4396.0,"start":440.0,"end":448.0},{"startTime":4396.0,"endTime":4397.0,"start":448.0,"end":455.0},{"startTime":4397.0,"endTime":4398.0,"start":455.0,"end":463.0},{"startTime":4398.0,"endTime":4399.0,"start":463.0,"end":470.0},{"startTime":4399.0,"endTime":4401.0,"start":470.0,"end":486.0},{"startTime":4401.0,"endTime":4402.0,"start":486.0,"end":493.0},{"startTime":4402.0,"endTime":4404.0,"start":493.0,"end":509.0},{"startTime":4404.0,"endTime":4405.0,"start":509.0,"end":518.0},{"startTime":4405.0,"endTime":4407.0,"start":518.0,"end":534.0},{"startTime":4407.0,"endTime":4408.0,"start":534.0,"end":543.0},{"startTime":4408.0,"endTime":4409.0,"start":543.0,"end":551.0},{"startTime":4409.0,"endTime":4415.0,"start":551.0,"end":605.0},{"startTime":4415.0,"endTime":4416.0,"start":605.0,"end":615.0},{"startTime":4416.0,"endTime":4417.0,"start":615.0,"end":624.0},{"startTime":4417.0,"endTime":4423.0,"start":624.0,"end":684.0},{"startTime":4423.0,"endTime":4424.0,"start":684.0,"end":695.0},{"startTime":4424.0,"endTime":4425.0,"start":695.0,"end":705.0},{"startTime":4425.0,"endTime":4428.0,"start":705.0,"end":738.0},{"startTime":4428.0,"endTime":4429.0,"start":738.0,"end":750.0},{"startTime":4429.0,"endTime":4430.0,"start":750.0,"end":761.0},{"startTime":4430.0,"endTime":4434.0,"start":761.0,"end":809.0},{"startTime":4434.0,"endTime":4435.0,"start":809.0,"end":822.0},{"startTime":4435.0,"endTime":4436.0,"start":822.0,"end":834.0},{"startTime":4436.0,"endTime":4439.0,"start":834.0,"end":873.0},{"startTime":4439.0,"endTime":4444.0,"start":873.0,"end":943.0},{"startTime":4444.0,"endTime":4446.0,"start":943.0,"end":973.0},{"startTime":4446.0,"endTime":4447.0,"start":973.0,"end":989.0},{"startTime":4447.0,"endTime":4448.0,"start":989.0,"end":1004.0},{"startTime":4448.0,"endTime":4450.0,"start":1004.0,"end":1036.0},{"startTime":4450.0,"endTime":4453.0,"start":1036.0,"end":1087.0},{"startTime":4453.0,"endTime":4456.0,"start":1087.0,"end":1141.0},{"startTime":4456.0,"endTime":4458.0,"start":1141.0,"end":1179.0},{"startTime":4458.0,"endTime":4460.0,"start":1179.0,"end":1219.0},{"startTime":4460.0,"endTime":4461.0,"start":1219.0,"end":1240.0},{"startTime":4461.0,"endTime":4462.0,"start":1240.0,"end":1262.0},{"startTime":4462.0,"endTime":4463.0,"start":1262.0,"end":1283.0},{"startTime":4463.0,"endTime":4465.0,"start":1283.0,"end":1329.0},{"startTime":4465.0,"endTime":4466.0,"start":1329.0,"end":1353.0},{"startTime":4466.0,"endTime":4468.0,"start":1353.0,"end":1403.0},{"startTime":4468.0,"endTime":4469.0,"start":1403.0,"end":1429.0},{"startTime":4469.0,"endTime":4470.0,"start":1429.0,"end":1456.0},{"startTime":4470.0,"endTime":4471.0,"start":1456.0,"end":1484.0},{"startTime":4471.0,"endTime":4472.0,"start":1484.0,"end":1513.0},{"startTime":4472.0,"endTime":4473.0,"start":1513.0,"end":1543.0},{"startTime":4473.0,"endTime":4474.0,"start":1543.0,"end":1575.0},{"startTime":4474.0,"endTime":4475.0,"start":1575.0,"end":1608.0},{"startTime":4475.0,"endTime":4476.0,"start":1608.0,"end":1642.0},{"startTime":4476.0,"endTime":4477.0,"start":1642.0,"end":1678.0},{"startTime":4477.0,"endTime":4478.0,"start":1678.0,"end":1716.0},{"startTime":4478.0,"endTime":4479.0,"start":1716.0,"end":1757.0},{"startTime":4479.0,"endTime":4480.0,"start":1757.0,"end":1800.0},{"startTime":4480.0,"endTime":4736.0,"start":0.0,"end":360.0},{"startTime":4736.0,"endTime":4992.0,"start":0.0,"end":-180.0},{"startTime":4992.0,"endTime":5184.0,"start":0.0,"end":0.0},{"startTime":5184.0,"endTime":5216.0,"start":30.0,"end":0.0},{"startTime":5216.0,"endTime":5248.0,"start":-30.0,"end":0.0},{"startTime":5248.0,"endTime":6016.0,"start":0.0,"end":0.0},{"startTime":6016.0,"endTime":6272.0,"start":0.0,"end":30.0},{"startTime":6272.0,"endTime":6528.0,"start":30.0,"end":360.0},{"startTime":6528.0,"endTime":10512.0,"start":0.0,"end":0.0},{"startTime":10512.0,"endTime":10688.0,"start":0.0,"end":5.0},{"startTime":10688.0,"endTime":6819840.0,"start":0.0,"end":0.0}],"judgeLineDisappearEvents":[{"startTime":0.0,"endTime":128.0,"start":1.0,"end":0.0},{"startTime":128.0,"endTime":256.0,"start":0.0,"end":1.0},{"startTime":256.0,"endTime":512.0,"start":1.0,"end":1.0},{"startTime":512.0,"endTime":576.0,"start":0.0,"end":1.0},{"startTime":576.0,"endTime":768.0,"start":1.0,"end":1.0},{"startTime":768.0,"endTime":832.0,"start":0.0,"end":1.0},{"startTime":832.0,"endTime":2272.0,"start":1.0,"end":1.0},{"startTime":2272.0,"endTime":2304.0,"start":1.0,"end":0.0},{"startTime":2304.0,"endTime":2336.0,"start":0.0,"end":1.0},{"startTime":2336.0,"endTime":4448.0,"start":1.0,"end":1.0},{"startTime":4448.0,"endTime":4480.0,"start":1.0,"end":0.0},{"startTime":4480.0,"endTime":5440.0,"start":1.0,"end":1.0},{"startTime":5440.0,"endTime":5456.0,"start":0.0,"end":1.0},{"startTime":5456.0,"endTime":5472.0,"start":0.0,"end":1.0},{"startTime":5472.0,"endTime":5480.0,"start":0.0,"end":1.0},{"startTime":5480.0,"endTime":5488.0,"start":0.0,"end":1.0},{"startTime":5488.0,"endTime":5496.0,"start":0.0,"end":1.0},{"startTime":5496.0,"endTime":5504.0,"start":0.0,"end":1.0},{"startTime":5504.0,"endTime":10656.0,"start":1.0,"end":1.0},{"startTime":10656.0,"endTime":10688.0,"start":1.0,"end":0.0},{"startTime":10688.0,"endTime":20688.0,"start":0.0,"end":0.0},{"startTime":20688.0,"endTime":6819840.0,"start":1.0,"end":1.0}]},{"bpm":148.0,"notesAbove":[],"notesBelow":[],"speedEvents":[{"startTime":0.0,"endTime":6819840.0,"value":1.0}],"judgeLineMoveEvents":[{"startTime":0.0,"endTime":2368.0,"start":440260.0,"end":440260.0},{"startTime":2368.0,"endTime":2432.0,"start":440520.0,"end":440416.0},{"startTime":2432.0,"endTime":6819840.0,"start":440260.0,"end":440260.0}],"judgeLineRotateEvents":[{"startTime":0.0,"endTime":6819840.0,"start":0.0,"end":0.0}],"judgeLineDisappearEvents":[{"startTime":0.0,"endTime":2368.0,"start":0.0,"end":0.0},{"startTime":2368.0,"endTime":2432.0,"start":1.0,"end":0.0},{"startTime":2432.0,"endTime":22432.0,"start":0.0,"end":0.0},{"startTime":22432.0,"endTime":6819840.0,"start":1.0,"end":1.0}]}]}