{"formatVersion":3,"offset":0.0,"judgeLineList":[{"bpm":120.0,"notesAbove":[{"type":3,"time":1024,"positionX":4.0,"holdTime":64.0,"speed":1.8,"floorPosition":24.6},{"type":1,"time":1120,"positionX":2.0,"holdTime":0.0,"speed":1.0,"floorPosition":27.3},{"type":3,"time":1136,"positionX":-4.0,"holdTime":112.0,"speed":1.8,"floorPosition":27.75},{"type":3,"time":1280,"positionX":-2.0,"holdTime":64.0,"speed":1.8,"floorPosition":31.8},{"type":1,"time":1376,"positionX":-4.0,"holdTime":0.0,"speed":1.0,"floorPosition":34.5},{"type":3,"time":1392,"positionX":4.0,"holdTime":112.0,"speed":1.8,"floorPosition":34.95},{"type":3,"time":1536,"positionX":2.0,"holdTime":64.0,"speed":1.8,"floorPosition":39.0},{"type":1,"time":1632,"positionX":4.0,"holdTime":0.0,"speed":1.0,"floorPosition":41.7},{"type":3,"time":1648,"positionX":-4.0,"holdTime":112.0,"speed":1.8,"floorPosition":42.149998},{"type":3,"time":1792,"positionX":-2.0,"holdTime":64.0,"speed":1.8,"floorPosition":46.2},{"type":1,"time":1888,"positionX":-4.0,"holdTime":0.0,"speed":1.0,"floorPosition":48.899998},{"type":3,"time":1904,"positionX":4.0,"holdTime":112.0,"speed":1.8,"floorPosition":49.35},{"type":1,"time":2048,"positionX":-4.0,"holdTime":0.0,"speed":1.0,"floorPosition":53.399998},{"type":1,"time":2064,"positionX":-4.0,"holdTime":0.0,"speed":1.0,"floorPosition":53.85},{"type":1,"time":2080,"positionX":-4.0,"holdTime":0.0,"speed":1.0,"floorPosition":54.3},{"type":3,"time":2112,"positionX":2.0,"holdTime":32.0,"speed":1.8,"floorPosition":55.2},{"type":3,"time":2144,"positionX":-2.0,"holdTime":32.0,"speed":1.8,"floorPosition":56.1},{"type":1,"time":2176,"positionX":4.0,"holdTime":0.0,"speed":1.0,"floorPosition":57.0},{"type":1,"time":2192,"positionX":4.0,"holdTime":0.0,"speed":1.0,"floorPosition":57.45},{"type":1,"time":2208,"positionX":4.0,"holdTime":0.0,"speed":1.0,"floorPosition":57.899998},{"type":3,"time":2240,"positionX":-2.0,"holdTime":32.0,"speed":1.8,"floorPosition":58.8},{"type":3,"time":2272,"positionX":2.0,"holdTime":32.0,"speed":1.8,"floorPosition":59.7},{"type":1,"time":2304,"positionX":-4.0,"holdTime":0.0,"speed":1.0,"floorPosition":60.6},{"type":1,"time":2320,"positionX":-4.0,"holdTime":0.0,"speed":1.0,"floorPosition":61.05},{"type":1,"time":2336,"positionX":-4.0,"holdTime":0.0,"speed":1.0,"floorPosition":61.5},{"type":3,"time":2368,"positionX":2.0,"holdTime":32.0,"speed":1.8,"floorPosition":62.399998},{"type":3,"time":2400,"positionX":-2.0,"holdTime":32.0,"speed":1.8,"floorPosition":63.3},{"type":1,"time":2432,"positionX":4.0,"holdTime":0.0,"speed":1.0,"floorPosition":64.2},{"type":1,"time":2448,"positionX":4.0,"holdTime":0.0,"speed":1.0,"floorPosition":64.65},{"type":1,"time":2464,"positionX":4.0,"holdTime":0.0,"speed":1.0,"floorPosition":65.1},{"type":3,"time":2496,"positionX":-2.0,"holdTime":32.0,"speed":1.8,"floorPosition":66.0},{"type":3,"time":2528,"positionX":2.0,"holdTime":32.0,"speed":1.8,"floorPosition":66.9},{"type":1,"time":2560,"positionX":-4.0,"holdTime":0.0,"speed":1.0,"floorPosition":67.799995},{"type":1,"time":2576,"positionX":-4.0,"holdTime":0.0,"speed":1.0,"floorPosition":68.25},{"type":1,"time":2592,"positionX":-4.0,"holdTime":0.0,"speed":1.0,"floorPosition":68.7},{"type":3,"time":2624,"positionX":-2.0,"holdTime":32.0,"speed":1.8,"floorPosition":69.6},{"type":3,"time":2656,"positionX":2.0,"holdTime":32.0,"speed":1.8,"floorPosition":70.5},{"type":1,"time":2688,"positionX":-4.0,"holdTime":0.0,"speed":1.0,"floorPosition":71.4},{"type":1,"time":2704,"positionX":-4.0,"holdTime":0.0,"speed":1.0,"floorPosition":71.85},{"type":1,"time":2720,"positionX":-4.0,"holdTime":0.0,"speed":1.0,"floorPosition":72.299995},{"type":3,"time":2752,"positionX":-1.0,"holdTime":64.0,"speed":1.8,"floorPosition":73.2},{"type":1,"time":2816,"positionX":4.0,"holdTime":0.0,"speed":1.0,"floorPosition":75.0},{"type":1,"time":2832,"positionX":4.0,"holdTime":0.0,"speed":1.0,"floorPosition":75.45},{"type":1,"time":2848,"positionX":4.0,"holdTime":0.0,"speed":1.0,"floorPosition":75.9},{"type":3,"time":2880,"positionX":2.0,"holdTime":32.0,"speed":1.8,"floorPosition":76.799995},{"type":3,"time":2912,"positionX":-2.0,"holdTime":32.0,"speed":1.8,"floorPosition":77.7},{"type":1,"time":2944,"positionX":4.0,"holdTime":0.0,"speed":1.0,"floorPosition":78.6},{"type":1,"time":2960,"positionX":4.0,"holdTime":0.0,"speed":1.0,"floorPosition":79.049995},{"type":3,"time":2976,"positionX":4.0,"holdTime":96.0,"speed":1.8,"floorPosition":79.5},{"type":3,"time":3072,"positionX":0.0,"holdTime":224.0,"speed":1.8,"floorPosition":82.2},{"type":3,"time":3328,"positionX":0.0,"holdTime":224.0,"speed":1.8,"floorPosition":89.4},{"type":3,"time":3584,"positionX":0.0,"holdTime":224.0,"speed":1.8,"floorPosition":96.6},{"type":3,"time":3840,"positionX":0.0,"holdTime":224.0,"speed":1.8,"floorPosition":103.799995},{"type":3,"time":4096,"positionX":0.0,"holdTime":224.0,"speed":1.8,"floorPosition":111.0},{"type":3,"time":4352,"positionX":0.0,"holdTime":224.0,"speed":1.8,"floorPosition":118.2},{"type":3,"time":4608,"positionX":0.0,"holdTime":224.0,"speed":1.8,"floorPosition":125.399994},{"type":3,"time":4864,"positionX":0.0,"holdTime":224.0,"speed":1.8,"floorPosition":132.59999},{"type":3,"time":5184,"positionX":-4.0,"holdTime":64.0,"speed":1.8,"floorPosition":141.59999},{"type":3,"time":5248,"positionX":4.0,"holdTime":64.0,"speed":1.8,"floorPosition":143.4},{"type":1,"time":5312,"positionX":0.0,"holdTime":0.0,"speed":1.0,"floorPosition":145.2},{"type":3,"time":5376,"positionX":-4.0,"holdTime":64.0,"speed":1.8,"floorPosition":147.0},{"type":3,"time":5440,"positionX":4.0,"holdTime":64.0,"speed":1.8,"floorPosition":148.8},{"type":1,"time":5504,"positionX":-2.0,"holdTime":0.0,"speed":1.0,"floorPosition":150.59999},{"type":1,"time":5536,"positionX":0.0,"holdTime":0.0,"speed":1.0,"floorPosition":151.5},{"type":3,"time":5568,"positionX":2.0,"holdTime":64.0,"speed":1.8,"floorPosition":152.4},{"type":1,"time":5632,"positionX":-3.0,"holdTime":0.0,"speed":1.0,"floorPosition":154.2},{"type":3,"time":5664,"positionX":4.0,"holdTime":32.0,"speed":1.8,"floorPosition":155.09999},{"type":3,"time":5696,"positionX":-3.0,"holdTime":32.0,"speed":1.8,"floorPosition":156.0},{"type":3,"time":5760,"positionX":2.0,"holdTime":64.0,"speed":1.8,"floorPosition":157.8},{"type":3,"time":5824,"positionX":-3.0,"holdTime":32.0,"speed":1.8,"floorPosition":159.59999},{"type":1,"time":5888,"positionX":0.0,"holdTime":0.0,"speed":1.0,"floorPosition":161.4},{"type":2,"time":5920,"positionX":1.175438,"holdTime":0.0,"speed":1.0,"floorPosition":162.3},{"type":2,"time":5928,"positionX":0.7368422,"holdTime":0.0,"speed":1.0,"floorPosition":162.525},{"type":2,"time":5936,"positionX":0.3508774,"holdTime":0.0,"speed":1.0,"floorPosition":162.75},{"type":2,"time":5944,"positionX":-0.1754389,"holdTime":0.0,"speed":1.0,"floorPosition":162.97499},{"type":2,"time":5952,"positionX":-0.912281,"holdTime":0.0,"speed":1.0,"floorPosition":163.2},{"type":2,"time":5968,"positionX":1.596491,"holdTime":0.0,"speed":1.0,"floorPosition":163.65},{"type":2,"time":5976,"positionX":0.6315784,"holdTime":0.0,"speed":1.0,"floorPosition":163.875},{"type":2,"time":5984,"positionX":0.280701,"holdTime":0.0,"speed":1.0,"floorPosition":164.09999},{"type":2,"time":5992,"positionX":-0.3684216,"holdTime":0.0,"speed":1.0,"floorPosition":164.325},{"type":2,"time":6000,"positionX":-1.105263,"holdTime":0.0,"speed":1.0,"floorPosition":164.55},{"type":1,"time":6016,"positionX":-3.807018,"holdTime":0.0,"speed":1.0,"floorPosition":165.0},{"type":2,"time":6048,"positionX":-2.964912,"holdTime":0.0,"speed":1.0,"floorPosition":165.9},{"type":2,"time":6056,"positionX":-2.315789,"holdTime":0.0,"speed":1.0,"floorPosition":166.125},{"type":2,"time":6064,"positionX":-1.912281,"holdTime":0.0,"speed":1.0,"floorPosition":166.34999},{"type":2,"time":6072,"positionX":-1.368422,"holdTime":0.0,"speed":1.0,"floorPosition":166.575},{"type":2,"time":6080,"positionX":-0.912281,"holdTime":0.0,"speed":1.0,"floorPosition":166.8},{"type":2,"time":6096,"positionX":-2.578947,"holdTime":0.0,"speed":1.0,"floorPosition":167.25},{"type":2,"time":6104,"positionX":-2.122807,"holdTime":0.0,"speed":1.0,"floorPosition":167.47499},{"type":2,"time":6112,"positionX":-1.543859,"holdTime":0.0,"speed":1.0,"floorPosition":167.7},{"type":2,"time":6120,"positionX":-1.157895,"holdTime":0.0,"speed":1.0,"floorPosition":167.925},{"type":2,"time":6128,"positionX":-0.5789471,"holdTime":0.0,"speed":1.0,"floorPosition":168.15},{"type":1,"time":6144,"positionX":2.649122,"holdTime":0.0,"speed":1.0,"floorPosition":168.59999},{"type":2,"time":6176,"positionX":4.0,"holdTime":0.0,"speed":1.0,"floorPosition":169.5},{"type":2,"time":6184,"positionX":3.263158,"holdTime":0.0,"speed":1.0,"floorPosition":169.72499},{"type":2,"time":6192,"positionX":2.526316,"holdTime":0.0,"speed":1.0,"floorPosition":169.95},{"type":2,"time":6200,"positionX":1.666666,"holdTime":0.0,"speed":1.0,"floorPosition":170.175},{"type":2,"time":6216,"positionX":1.157894,"holdTime":0.0,"speed":1.0,"floorPosition":170.625},{"type":2,"time":6224,"positionX":0.8245621,"holdTime":0.0,"speed":1.0,"floorPosition":170.84999},{"type":2,"time":6232,"positionX":0.1578951,"holdTime":0.0,"speed":1.0,"floorPosition":171.075},{"type":2,"time":6240,"positionX":-0.9473686,"holdTime":0.0,"speed":1.0,"floorPosition":171.3},{"type":2,"time":6256,"positionX":-1.491228,"holdTime":0.0,"speed":1.0,"floorPosition":171.75},{"type":2,"time":6264,"positionX":-2.754386,"holdTime":0.0,"speed":1.0,"floorPosition":171.97499},{"type":2,"time":6280,"positionX":-2.385965,"holdTime":0.0,"speed":1.0,"floorPosition":172.425},{"type":2,"time":6288,"positionX":-2.100877,"holdTime":0.0,"speed":1.0,"floorPosition":172.65},{"type":2,"time":6304,"positionX":2.0,"holdTime":0.0,"speed":1.0,"floorPosition":173.09999},{"type":2,"time":6320,"positionX":-1.0,"holdTime":0.0,"speed":1.0,"floorPosition":173.55},{"type":2,"time":6336,"positionX":2.456141,"holdTime":0.0,"speed":1.0,"floorPosition":174.0},{"type":2,"time":6344,"positionX":1.649122,"holdTime":0.0,"speed":1.0,"floorPosition":174.22499},{"type":2,"time":6352,"positionX":0.9859643,"holdTime":0.0,"speed":1.0,"floorPosition":174.45},{"type":2,"time":6360,"positionX":0.2982464,"holdTime":0.0,"speed":1.0,"floorPosition":174.675},{"type":2,"time":6368,"positionX":-0.4561405,"holdTime":0.0,"speed":1.0,"floorPosition":174.9},{"type":2,"time":6384,"positionX":-0.8245611,"holdTime":0.0,"speed":1.0,"floorPosition":175.34999},{"type":2,"time":6392,"positionX":-1.16228,"holdTime":0.0,"speed":1.0,"floorPosition":175.575},{"type":3,"time":6400,"positionX":2.754385,"holdTime":32.0,"speed":1.8,"floorPosition":175.8},{"type":3,"time":6432,"positionX":-2.333333,"holdTime":16.0,"speed":1.8,"floorPosition":176.7},{"type":3,"time":6448,"positionX":2.701755,"holdTime":16.0,"speed":1.8,"floorPosition":177.15},{"type":3,"time":6464,"positionX":-3.543859,"holdTime":32.0,"speed":1.8,"floorPosition":177.59999},{"type":3,"time":6496,"positionX":1.473684,"holdTime":32.0,"speed":1.8,"floorPosition":178.5},{"type":1,"time":6528,"positionX":-2.3333333,"holdTime":0.0,"speed":1.0,"floorPosition":179.4},{"type":1,"time":6544,"positionX":3.111111,"holdTime":0.0,"speed":1.0,"floorPosition":179.84999},{"type":1,"time":6560,"positionX":-3.111111,"holdTime":0.0,"speed":1.0,"floorPosition":180.3},{"type":1,"time":6576,"positionX":2.3333333,"holdTime":0.0,"speed":1.0,"floorPosition":180.75},{"type":1,"time":6592,"positionX":-3.8888886,"holdTime":0.0,"speed":1.0,"floorPosition":181.2},{"type":1,"time":6608,"positionX":1.5555555,"holdTime":0.0,"speed":1.0,"floorPosition":181.65},{"type":3,"time":6624,"positionX":0.0,"holdTime":32.0,"speed":1.8,"floorPosition":182.09999},{"type":2,"time":6656,"positionX":0.0,"holdTime":0.0,"speed":1.0,"floorPosition":183.0},{"type":2,"time":6667,"positionX":-0.77777773,"holdTime":0.0,"speed":1.0,"floorPosition":183.30937},{"type":2,"time":6677,"positionX":-1.10965,"holdTime":0.0,"speed":1.0,"floorPosition":183.59062},{"type":2,"time":6688,"positionX":-1.1978731,"holdTime":0.0,"speed":1.0,"floorPosition":183.9},{"type":2,"time":6699,"positionX":-1.2090683,"holdTime":0.0,"speed":1.0,"floorPosition":184.20937},{"type":2,"time":6709,"positionX":-1.2874336,"holdTime":0.0,"speed":1.0,"floorPosition":184.49062},{"type":2,"time":6720,"positionX":-1.253849,"holdTime":0.0,"speed":1.0,"floorPosition":184.8},{"type":2,"time":6731,"positionX":-1.2090683,"holdTime":0.0,"speed":1.0,"floorPosition":185.10938},{"type":2,"time":6741,"positionX":-1.070175,"holdTime":0.0,"speed":1.0,"floorPosition":185.39062},{"type":2,"time":6752,"positionX":-0.9093562,"holdTime":0.0,"speed":1.0,"floorPosition":185.7},{"type":2,"time":6763,"positionX":-0.7017546,"holdTime":0.0,"speed":1.0,"floorPosition":186.00937},{"type":2,"time":6773,"positionX":-0.5614033,"holdTime":0.0,"speed":1.0,"floorPosition":186.29062},{"type":2,"time":6784,"positionX":-0.4210529,"holdTime":0.0,"speed":1.0,"floorPosition":186.59999},{"type":2,"time":6795,"positionX":-0.2914988,"holdTime":0.0,"speed":1.0,"floorPosition":186.90938},{"type":2,"time":6805,"positionX":-0.1578951,"holdTime":0.0,"speed":1.0,"floorPosition":187.19063},{"type":2,"time":6816,"positionX":-0.08771896,"holdTime":0.0,"speed":1.0,"floorPosition":187.5},{"type":2,"time":6827,"positionX":-0.07017517,"holdTime":0.0,"speed":1.0,"floorPosition":187.80937},{"type":2,"time":6837,"positionX":-0.07017517,"holdTime":0.0,"speed":1.0,"floorPosition":188.09062},{"type":2,"time":6848,"positionX":-0.07017517,"holdTime":0.0,"speed":1.0,"floorPosition":188.4},{"type":2,"time":6859,"positionX":-0.03801155,"holdTime":0.0,"speed":1.0,"floorPosition":188.70937},{"type":2,"time":6869,"positionX":0.03508759,"holdTime":0.0,"speed":1.0,"floorPosition":188.99062},{"type":2,"time":6880,"positionX":0.03508759,"holdTime":0.0,"speed":1.0,"floorPosition":189.3},{"type":2,"time":6896,"positionX":0.07017517,"holdTime":0.0,"speed":1.0,"floorPosition":189.75},{"type":2,"time":6912,"positionX":0.0,"holdTime":0.0,"speed":1.0,"floorPosition":190.2},{"type":2,"time":6944,"positionX":2.894736,"holdTime":0.0,"speed":1.0,"floorPosition":191.09999},{"type":2,"time":6952,"positionX":1.14035,"holdTime":0.0,"speed":1.0,"floorPosition":191.325},{"type":2,"time":6960,"positionX":-0.2456141,"holdTime":0.0,"speed":1.0,"floorPosition":191.55},{"type":2,"time":6968,"positionX":-0.8771935,"holdTime":0.0,"speed":1.0,"floorPosition":191.775},{"type":2,"time":6976,"positionX":-1.701755,"holdTime":0.0,"speed":1.0,"floorPosition":192.0},{"type":2,"time":6992,"positionX":2.807017,"holdTime":0.0,"speed":1.0,"floorPosition":192.45},{"type":2,"time":7000,"positionX":1.771931,"holdTime":0.0,"speed":1.0,"floorPosition":192.675},{"type":2,"time":7008,"positionX":0.6631569,"holdTime":0.0,"speed":1.0,"floorPosition":192.9},{"type":2,"time":7016,"positionX":-0.9298248,"holdTime":0.0,"speed":1.0,"floorPosition":193.125},{"type":2,"time":7024,"positionX":-1.894737,"holdTime":0.0,"speed":1.0,"floorPosition":193.34999},{"type":2,"time":7072,"positionX":-1.807018,"holdTime":0.0,"speed":1.0,"floorPosition":194.7},{"type":2,"time":7080,"positionX":-2.622807,"holdTime":0.0,"speed":1.0,"floorPosition":194.92499},{"type":2,"time":7088,"positionX":-2.900585,"holdTime":0.0,"speed":1.0,"floorPosition":195.15},{"type":2,"time":7096,"positionX":-2.775439,"holdTime":0.0,"speed":1.0,"floorPosition":195.375},{"type":2,"time":7104,"positionX":-2.263158,"holdTime":0.0,"speed":1.0,"floorPosition":195.59999},{"type":2,"time":7120,"positionX":0.0,"holdTime":0.0,"speed":1.0,"floorPosition":196.04999},{"type":2,"time":7128,"positionX":0.7894738,"holdTime":0.0,"speed":1.0,"floorPosition":196.275},{"type":2,"time":7136,"positionX":1.000001,"holdTime":0.0,"speed":1.0,"floorPosition":196.5},{"type":2,"time":7144,"positionX":1.070176,"holdTime":0.0,"speed":1.0,"floorPosition":196.72499},{"type":2,"time":7152,"positionX":0.8175446,"holdTime":0.0,"speed":1.0,"floorPosition":196.95},{"type":1,"time":7168,"positionX":-4.0,"holdTime":0.0,"speed":1.0,"floorPosition":197.4},{"type":1,"time":7200,"positionX":-1.0,"holdTime":0.0,"speed":1.0,"floorPosition":198.15},{"type":1,"time":7232,"positionX":2.0,"holdTime":0.0,"speed":1.0,"floorPosition":198.9},{"type":1,"time":7296,"positionX":3.0,"holdTime":0.0,"speed":1.0,"floorPosition":200.4},{"type":1,"time":7328,"positionX":0.0,"holdTime":0.0,"speed":1.0,"floorPosition":201.15},{"type":1,"time":7360,"positionX":-3.0,"holdTime":0.0,"speed":1.0,"floorPosition":201.9},{"type":1,"time":7424,"positionX":-2.982759,"holdTime":0.0,"speed":1.0,"floorPosition":203.4},{"type":1,"time":7456,"positionX":0.0,"holdTime":0.0,"speed":1.0,"floorPosition":204.29999},{"type":1,"time":7488,"positionX":3.0,"holdTime":0.0,"speed":1.0,"floorPosition":205.2},{"type":1,"time":7520,"positionX":0.0,"holdTime":0.0,"speed":1.0,"floorPosition":206.09999},{"type":1,"time":7552,"positionX":-3.0,"holdTime":0.0,"speed":1.0,"floorPosition":207.0},{"type":1,"time":7584,"positionX":0.0,"holdTime":0.0,"speed":1.0,"floorPosition":207.9},{"type":1,"time":7616,"positionX":3.0,"holdTime":0.0,"speed":1.0,"floorPosition":208.79999},{"type":3,"time":7632,"positionX":-3.0,"holdTime":48.0,"speed":1.8,"floorPosition":209.25},{"type":2,"time":7648,"positionX":-3.0,"holdTime":0.0,"speed":1.0,"floorPosition":209.7},{"type":2,"time":7656,"positionX":-3.0,"holdTime":0.0,"speed":1.0,"floorPosition":209.92499},{"type":2,"time":7664,"positionX":-3.0,"holdTime":0.0,"speed":1.0,"floorPosition":210.15},{"type":2,"time":7672,"positionX":-3.0,"holdTime":0.0,"speed":1.0,"floorPosition":210.375},{"type":1,"time":7680,"positionX":3.0,"holdTime":0.0,"speed":1.0,"floorPosition":210.59999},{"type":1,"time":7712,"positionX":0.0,"holdTime":0.0,"speed":1.0,"floorPosition":211.5},{"type":1,"time":7744,"positionX":-3.0,"holdTime":0.0,"speed":1.0,"floorPosition":212.4},{"type":1,"time":7776,"positionX":0.0,"holdTime":0.0,"speed":1.0,"floorPosition":213.29999},{"type":1,"time":7808,"positionX":3.0,"holdTime":0.0,"speed":1.0,"floorPosition":214.2},{"type":1,"time":7840,"positionX":0.0,"holdTime":0.0,"speed":1.0,"floorPosition":215.09999},{"type":1,"time":7872,"positionX":-3.0,"holdTime":0.0,"speed":1.0,"floorPosition":216.0},{"type":1,"time":7888,"positionX":3.8888886,"holdTime":0.0,"speed":1.0,"floorPosition":216.45},{"type":2,"time":7896,"positionX":2.3333333,"holdTime":0.0,"speed":1.0,"floorPosition":216.67499},{"type":2,"time":7904,"positionX":0.77777773,"holdTime":0.0,"speed":1.0,"floorPosition":216.9},{"type":2,"time":7912,"positionX":-0.77777773,"holdTime":0.0,"speed":1.0,"floorPosition":217.125},{"type":2,"time":7920,"positionX":-2.3333333,"holdTime":0.0,"speed":1.0,"floorPosition":217.34999}],"notesBelow":[],"speedEvents":[{"startTime":0.0,"endTime":896.0,"value":1.5},{"startTime":896.0,"endTime":7168.0,"value":1.8},{"startTime":7168.0,"endTime":7424.0,"value":1.5},{"startTime":7424.0,"endTime":1000000000.0,"value":1.8}],"judgeLineMoveEvents":[{"startTime":-999999.0,"endTime":256.0,"start":0.5,"end":0.5,"start2":0.5,"end2":0.5},{"startTime":256.0,"endTime":260.0,"start":0.5,"end":0.5,"start2":0.5,"end2":0.4909181},{"startTime":260.0,"endTime":264.0,"start":0.5,"end":0.5,"start2":0.4909181,"end2":0.4824027},{"startTime":264.0,"endTime":268.0,"start":0.5,"end":0.5,"start2":0.4824027,"end2":0.4744357},{"startTime":268.0,"endTime":272.0,"start":0.5,"end":0.5,"start2":0.4744357,"end2":0.46699876},{"startTime":272.0,"endTime":276.0,"start":0.5,"end":0.5,"start2":0.46699876,"end2":0.46007368},{"startTime":276.0,"endTime":280.0,"start":0.5,"end":0.5,"start2":0.46007368,"end2":0.45364228},{"startTime":280.0,"endTime":284.0,"start":0.5,"end":0.5,"start2":0.45364228,"end2":0.44768625},{"startTime":284.0,"endTime":288.0,"start":0.5,"end":0.5,"start2":0.44768625,"end2":0.4421875},{"startTime":288.0,"endTime":292.0,"start":0.5,"end":0.5,"start2":0.4421875,"end2":0.43713307},{"startTime":292.0,"endTime":296.0,"start":0.5,"end":0.5,"start2":0.43713307,"end2":0.43249896},{"startTime":296.0,"endTime":300.0,"start":0.5,"end":0.5,"start2":0.43249896,"end2":0.4282669},{"startTime":300.0,"endTime":304.0,"start":0.5,"end":0.5,"start2":0.4282669,"end2":0.42441872},{"startTime":304.0,"endTime":308.0,"start":0.5,"end":0.5,"start2":0.42441872,"end2":0.42093617},{"startTime":308.0,"endTime":312.0,"start":0.5,"end":0.5,"start2":0.42093617,"end2":0.41780102},{"startTime":312.0,"endTime":316.0,"start":0.5,"end":0.5,"start2":0.41780102,"end2":0.414995},{"startTime":316.0,"endTime":320.0,"start":0.5,"end":0.5,"start2":0.414995,"end2":0.41249996},{"startTime":320.0,"endTime":324.0,"start":0.5,"end":0.5,"start2":0.41249996,"end2":0.41030118},{"startTime":324.0,"endTime":328.0,"start":0.5,"end":0.5,"start2":0.41030118,"end2":0.40837646},{"startTime":328.0,"endTime":332.0,"start":0.5,"end":0.5,"start2":0.40837646,"end2":0.40670753},{"startTime":332.0,"endTime":336.0,"start":0.5,"end":0.5,"start2":0.40670753,"end2":0.40527624},{"startTime":336.0,"endTime":340.0,"start":0.5,"end":0.5,"start2":0.40527624,"end2":0.4040643},{"startTime":340.0,"endTime":344.0,"start":0.5,"end":0.5,"start2":0.4040643,"end2":0.4030535},{"startTime":344.0,"endTime":348.0,"start":0.5,"end":0.5,"start2":0.4030535,"end2":0.40222564},{"startTime":348.0,"endTime":352.0,"start":0.5,"end":0.5,"start2":0.40222564,"end2":0.40156248},{"startTime":352.0,"endTime":356.0,"start":0.5,"end":0.5,"start2":0.40156248,"end2":0.40104744},{"startTime":356.0,"endTime":360.0,"start":0.5,"end":0.5,"start2":0.40104744,"end2":0.40066022},{"startTime":360.0,"endTime":364.0,"start":0.5,"end":0.5,"start2":0.40066022,"end2":0.40038255},{"startTime":364.0,"endTime":368.0,"start":0.5,"end":0.5,"start2":0.40038255,"end2":0.40019622},{"startTime":368.0,"endTime":372.0,"start":0.5,"end":0.5,"start2":0.40019622,"end2":0.40008304},{"startTime":372.0,"endTime":376.0,"start":0.5,"end":0.5,"start2":0.40008304,"end2":0.40002474},{"startTime":376.0,"endTime":380.0,"start":0.5,"end":0.5,"start2":0.40002474,"end2":0.40000314},{"startTime":380.0,"endTime":384.0,"start":0.5,"end":0.5,"start2":0.40000314,"end2":0.39999998},{"startTime":384.0,"endTime":388.0,"start":0.5,"end":0.5,"start2":0.39999998,"end2":0.39091808},{"startTime":388.0,"endTime":392.0,"start":0.5,"end":0.5,"start2":0.39091808,"end2":0.3824027},{"startTime":392.0,"endTime":396.0,"start":0.5,"end":0.5,"start2":0.3824027,"end2":0.37443566},{"startTime":396.0,"endTime":400.0,"start":0.5,"end":0.5,"start2":0.37443566,"end2":0.36699873},{"startTime":400.0,"endTime":404.0,"start":0.5,"end":0.5,"start2":0.36699873,"end2":0.36007366},{"startTime":404.0,"endTime":408.0,"start":0.5,"end":0.5,"start2":0.36007366,"end2":0.35364226},{"startTime":408.0,"endTime":412.0,"start":0.5,"end":0.5,"start2":0.35364226,"end2":0.34768626},{"startTime":412.0,"endTime":416.0,"start":0.5,"end":0.5,"start2":0.34768626,"end2":0.3421875},{"startTime":416.0,"endTime":420.0,"start":0.5,"end":0.5,"start2":0.3421875,"end2":0.33713308},{"startTime":420.0,"endTime":424.0,"start":0.5,"end":0.5,"start2":0.33713308,"end2":0.33249897},{"startTime":424.0,"endTime":428.0,"start":0.5,"end":0.5,"start2":0.33249897,"end2":0.32826692},{"startTime":428.0,"endTime":432.0,"start":0.5,"end":0.5,"start2":0.32826692,"end2":0.32441872},{"startTime":432.0,"endTime":436.0,"start":0.5,"end":0.5,"start2":0.32441872,"end2":0.32093617},{"startTime":436.0,"endTime":440.0,"start":0.5,"end":0.5,"start2":0.32093617,"end2":0.317801},{"startTime":440.0,"endTime":444.0,"start":0.5,"end":0.5,"start2":0.317801,"end2":0.31499502},{"startTime":444.0,"endTime":448.0,"start":0.5,"end":0.5,"start2":0.31499502,"end2":0.31249997},{"startTime":448.0,"endTime":452.0,"start":0.5,"end":0.5,"start2":0.31249997,"end2":0.31030118},{"startTime":452.0,"endTime":456.0,"start":0.5,"end":0.5,"start2":0.31030118,"end2":0.30837646},{"startTime":456.0,"endTime":460.0,"start":0.5,"end":0.5,"start2":0.30837646,"end2":0.30670753},{"startTime":460.0,"endTime":464.0,"start":0.5,"end":0.5,"start2":0.30670753,"end2":0.30527624},{"startTime":464.0,"endTime":468.0,"start":0.5,"end":0.5,"start2":0.30527624,"end2":0.3040643},{"startTime":468.0,"endTime":472.0,"start":0.5,"end":0.5,"start2":0.3040643,"end2":0.3030535},{"startTime":472.0,"endTime":476.0,"start":0.5,"end":0.5,"start2":0.3030535,"end2":0.30222565},{"startTime":476.0,"endTime":480.0,"start":0.5,"end":0.5,"start2":0.30222565,"end2":0.3015625},{"startTime":480.0,"endTime":484.0,"start":0.5,"end":0.5,"start2":0.3015625,"end2":0.30104744},{"startTime":484.0,"endTime":488.0,"start":0.5,"end":0.5,"start2":0.30104744,"end2":0.30066022},{"startTime":488.0,"endTime":492.0,"start":0.5,"end":0.5,"start2":0.30066022,"end2":0.30038255},{"startTime":492.0,"endTime":496.0,"start":0.5,"end":0.5,"start2":0.30038255,"end2":0.30019623},{"startTime":496.0,"endTime":500.0,"start":0.5,"end":0.5,"start2":0.30019623,"end2":0.30008304},{"startTime":500.0,"endTime":504.0,"start":0.5,"end":0.5,"start2":0.30008304,"end2":0.30002475},{"startTime":504.0,"endTime":508.0,"start":0.5,"end":0.5,"start2":0.30002475,"end2":0.30000314},{"startTime":508.0,"endTime":512.0,"start":0.5,"end":0.5,"start2":0.30000314,"end2":0.29999998},{"startTime":512.0,"endTime":516.0,"start":0.5,"end":0.5,"start2":0.29999998,"end2":0.29091808},{"startTime":516.0,"endTime":520.0,"start":0.5,"end":0.5,"start2":0.29091808,"end2":0.2824027},{"startTime":520.0,"endTime":524.0,"start":0.5,"end":0.5,"start2":0.2824027,"end2":0.27443567},{"startTime":524.0,"endTime":528.0,"start":0.5,"end":0.5,"start2":0.27443567,"end2":0.26699874},{"startTime":528.0,"endTime":532.0,"start":0.5,"end":0.5,"start2":0.26699874,"end2":0.26007366},{"startTime":532.0,"endTime":536.0,"start":0.5,"end":0.5,"start2":0.26007366,"end2":0.25364226},{"startTime":536.0,"endTime":540.0,"start":0.5,"end":0.5,"start2":0.25364226,"end2":0.24768627},{"startTime":540.0,"endTime":544.0,"start":0.5,"end":0.5,"start2":0.24768627,"end2":0.24218749},{"startTime":544.0,"endTime":548.0,"start":0.5,"end":0.5,"start2":0.24218749,"end2":0.23713307},{"startTime":548.0,"endTime":552.0,"start":0.5,"end":0.5,"start2":0.23713307,"end2":0.23249896},{"startTime":552.0,"endTime":556.0,"start":0.5,"end":0.5,"start2":0.23249896,"end2":0.22826692},{"startTime":556.0,"endTime":560.0,"start":0.5,"end":0.5,"start2":0.22826692,"end2":0.22441873},{"startTime":560.0,"endTime":564.0,"start":0.5,"end":0.5,"start2":0.22441873,"end2":0.22093618},{"startTime":564.0,"endTime":568.0,"start":0.5,"end":0.5,"start2":0.22093618,"end2":0.21780102},{"startTime":568.0,"endTime":572.0,"start":0.5,"end":0.5,"start2":0.21780102,"end2":0.21499503},{"startTime":572.0,"endTime":576.0,"start":0.5,"end":0.5,"start2":0.21499503,"end2":0.21249999},{"startTime":576.0,"endTime":580.0,"start":0.5,"end":0.5,"start2":0.21249999,"end2":0.2103012},{"startTime":580.0,"endTime":584.0,"start":0.5,"end":0.5,"start2":0.2103012,"end2":0.20837647},{"startTime":584.0,"endTime":588.0,"start":0.5,"end":0.5,"start2":0.20837647,"end2":0.20670755},{"startTime":588.0,"endTime":592.0,"start":0.5,"end":0.5,"start2":0.20670755,"end2":0.20527624},{"startTime":592.0,"endTime":596.0,"start":0.5,"end":0.5,"start2":0.20527624,"end2":0.20406431},{"startTime":596.0,"endTime":600.0,"start":0.5,"end":0.5,"start2":0.20406431,"end2":0.2030535},{"startTime":600.0,"endTime":604.0,"start":0.5,"end":0.5,"start2":0.2030535,"end2":0.20222566},{"startTime":604.0,"endTime":608.0,"start":0.5,"end":0.5,"start2":0.20222566,"end2":0.2015625},{"startTime":608.0,"endTime":612.0,"start":0.5,"end":0.5,"start2":0.2015625,"end2":0.20104745},{"startTime":612.0,"endTime":616.0,"start":0.5,"end":0.5,"start2":0.20104745,"end2":0.20066021},{"startTime":616.0,"endTime":620.0,"start":0.5,"end":0.5,"start2":0.20066021,"end2":0.20038255},{"startTime":620.0,"endTime":624.0,"start":0.5,"end":0.5,"start2":0.20038255,"end2":0.20019624},{"startTime":624.0,"endTime":628.0,"start":0.5,"end":0.5,"start2":0.20019624,"end2":0.20008305},{"startTime":628.0,"endTime":632.0,"start":0.5,"end":0.5,"start2":0.20008305,"end2":0.20002477},{"startTime":632.0,"endTime":636.0,"start":0.5,"end":0.5,"start2":0.20002477,"end2":0.20000315},{"startTime":636.0,"endTime":640.0,"start":0.5,"end":0.5,"start2":0.20000315,"end2":0.19999999},{"startTime":640.0,"endTime":644.0,"start":0.5,"end":0.5,"start2":0.19999999,"end2":0.19091807},{"startTime":644.0,"endTime":648.0,"start":0.5,"end":0.5,"start2":0.19091807,"end2":0.18240272},{"startTime":648.0,"endTime":652.0,"start":0.5,"end":0.5,"start2":0.18240272,"end2":0.17443568},{"startTime":652.0,"endTime":656.0,"start":0.5,"end":0.5,"start2":0.17443568,"end2":0.16699874},{"startTime":656.0,"endTime":660.0,"start":0.5,"end":0.5,"start2":0.16699874,"end2":0.16007368},{"startTime":660.0,"endTime":664.0,"start":0.5,"end":0.5,"start2":0.16007368,"end2":0.15364227},{"startTime":664.0,"endTime":668.0,"start":0.5,"end":0.5,"start2":0.15364227,"end2":0.14768627},{"startTime":668.0,"endTime":672.0,"start":0.5,"end":0.5,"start2":0.14768627,"end2":0.14218749},{"startTime":672.0,"endTime":676.0,"start":0.5,"end":0.5,"start2":0.14218749,"end2":0.13713308},{"startTime":676.0,"endTime":680.0,"start":0.5,"end":0.5,"start2":0.13713308,"end2":0.13249896},{"startTime":680.0,"endTime":684.0,"start":0.5,"end":0.5,"start2":0.13249896,"end2":0.12826693},{"startTime":684.0,"endTime":688.0,"start":0.5,"end":0.5,"start2":0.12826693,"end2":0.12441874},{"startTime":688.0,"endTime":692.0,"start":0.5,"end":0.5,"start2":0.12441874,"end2":0.120936185},{"startTime":692.0,"endTime":696.0,"start":0.5,"end":0.5,"start2":0.120936185,"end2":0.11780102},{"startTime":696.0,"endTime":700.0,"start":0.5,"end":0.5,"start2":0.11780102,"end2":0.114995025},{"startTime":700.0,"endTime":704.0,"start":0.5,"end":0.5,"start2":0.114995025,"end2":0.1125},{"startTime":704.0,"endTime":708.0,"start":0.5,"end":0.5,"start2":0.1125,"end2":0.11030121},{"startTime":708.0,"endTime":712.0,"start":0.5,"end":0.5,"start2":0.11030121,"end2":0.108376466},{"startTime":712.0,"endTime":716.0,"start":0.5,"end":0.5,"start2":0.108376466,"end2":0.10670756},{"startTime":716.0,"endTime":720.0,"start":0.5,"end":0.5,"start2":0.10670756,"end2":0.10527624},{"startTime":720.0,"endTime":724.0,"start":0.5,"end":0.5,"start2":0.10527624,"end2":0.10406431},{"startTime":724.0,"endTime":728.0,"start":0.5,"end":0.5,"start2":0.10406431,"end2":0.10305352},{"startTime":728.0,"endTime":732.0,"start":0.5,"end":0.5,"start2":0.10305352,"end2":0.102225654},{"startTime":732.0,"endTime":736.0,"start":0.5,"end":0.5,"start2":0.102225654,"end2":0.10156249},{"startTime":736.0,"endTime":740.0,"start":0.5,"end":0.5,"start2":0.10156249,"end2":0.101047456},{"startTime":740.0,"endTime":744.0,"start":0.5,"end":0.5,"start2":0.101047456,"end2":0.10066022},{"startTime":744.0,"endTime":748.0,"start":0.5,"end":0.5,"start2":0.10066022,"end2":0.10038255},{"startTime":748.0,"endTime":752.0,"start":0.5,"end":0.5,"start2":0.10038255,"end2":0.10019625},{"startTime":752.0,"endTime":756.0,"start":0.5,"end":0.5,"start2":0.10019625,"end2":0.10008306},{"startTime":756.0,"endTime":760.0,"start":0.5,"end":0.5,"start2":0.10008306,"end2":0.100024775},{"startTime":760.0,"endTime":764.0,"start":0.5,"end":0.5,"start2":0.100024775,"end2":0.10000316},{"startTime":764.0,"endTime":768.0,"start":0.5,"end":0.5,"start2":0.10000316,"end2":0.099999994},{"startTime":768.0,"endTime":772.0,"start":0.5,"end":0.5,"start2":0.099999994,"end2":0.1090819},{"startTime":772.0,"endTime":776.0,"start":0.5,"end":0.5,"start2":0.1090819,"end2":0.11759727},{"startTime":776.0,"endTime":780.0,"start":0.5,"end":0.5,"start2":0.11759727,"end2":0.1255643},{"startTime":780.0,"endTime":784.0,"start":0.5,"end":0.5,"start2":0.1255643,"end2":0.13300124},{"startTime":784.0,"endTime":788.0,"start":0.5,"end":0.5,"start2":0.13300124,"end2":0.1399263},{"startTime":788.0,"endTime":792.0,"start":0.5,"end":0.5,"start2":0.1399263,"end2":0.14635772},{"startTime":792.0,"endTime":796.0,"start":0.5,"end":0.5,"start2":0.14635772,"end2":0.15231371},{"startTime":796.0,"endTime":800.0,"start":0.5,"end":0.5,"start2":0.15231371,"end2":0.15781249},{"startTime":800.0,"endTime":804.0,"start":0.5,"end":0.5,"start2":0.15781249,"end2":0.1628669},{"startTime":804.0,"endTime":808.0,"start":0.5,"end":0.5,"start2":0.1628669,"end2":0.16750102},{"startTime":808.0,"endTime":812.0,"start":0.5,"end":0.5,"start2":0.16750102,"end2":0.17173305},{"startTime":812.0,"endTime":816.0,"start":0.5,"end":0.5,"start2":0.17173305,"end2":0.17558125},{"startTime":816.0,"endTime":820.0,"start":0.5,"end":0.5,"start2":0.17558125,"end2":0.1790638},{"startTime":820.0,"endTime":824.0,"start":0.5,"end":0.5,"start2":0.1790638,"end2":0.18219896},{"startTime":824.0,"endTime":828.0,"start":0.5,"end":0.5,"start2":0.18219896,"end2":0.18500495},{"startTime":828.0,"endTime":832.0,"start":0.5,"end":0.5,"start2":0.18500495,"end2":0.18749999},{"startTime":832.0,"endTime":836.0,"start":0.5,"end":0.5,"start2":0.18749999,"end2":0.18969877},{"startTime":836.0,"endTime":840.0,"start":0.5,"end":0.5,"start2":0.18969877,"end2":0.19162351},{"startTime":840.0,"endTime":844.0,"start":0.5,"end":0.5,"start2":0.19162351,"end2":0.19329242},{"startTime":844.0,"endTime":848.0,"start":0.5,"end":0.5,"start2":0.19329242,"end2":0.19472374},{"startTime":848.0,"endTime":852.0,"start":0.5,"end":0.5,"start2":0.19472374,"end2":0.19593567},{"startTime":852.0,"endTime":856.0,"start":0.5,"end":0.5,"start2":0.19593567,"end2":0.19694647},{"startTime":856.0,"endTime":860.0,"start":0.5,"end":0.5,"start2":0.19694647,"end2":0.19777432},{"startTime":860.0,"endTime":864.0,"start":0.5,"end":0.5,"start2":0.19777432,"end2":0.19843748},{"startTime":864.0,"endTime":868.0,"start":0.5,"end":0.5,"start2":0.19843748,"end2":0.19895253},{"startTime":868.0,"endTime":872.0,"start":0.5,"end":0.5,"start2":0.19895253,"end2":0.19933976},{"startTime":872.0,"endTime":876.0,"start":0.5,"end":0.5,"start2":0.19933976,"end2":0.19961743},{"startTime":876.0,"endTime":880.0,"start":0.5,"end":0.5,"start2":0.19961743,"end2":0.19980374},{"startTime":880.0,"endTime":884.0,"start":0.5,"end":0.5,"start2":0.19980374,"end2":0.19991693},{"startTime":884.0,"endTime":888.0,"start":0.5,"end":0.5,"start2":0.19991693,"end2":0.1999752},{"startTime":888.0,"endTime":892.0,"start":0.5,"end":0.5,"start2":0.1999752,"end2":0.19999683},{"startTime":892.0,"endTime":896.0,"start":0.5,"end":0.5,"start2":0.19999683,"end2":0.19999999},{"startTime":896.0,"endTime":920.0,"start":0.5,"end":0.5,"start2":0.19999999,"end2":0.19999999},{"startTime":920.0,"endTime":924.0,"start":0.5,"end":0.5,"start2":0.19999999,"end2":0.2},{"startTime":924.0,"endTime":1232.0,"start":0.5,"end":0.5,"start2":0.2,"end2":0.2},{"startTime":1232.0,"endTime":1248.0,"start":0.5,"end":0.5,"start2":0.2,"end2":0.19999999},{"startTime":1248.0,"endTime":2256.0,"start":0.5,"end":0.5,"start2":0.19999999,"end2":0.19999999},{"startTime":2256.0,"endTime":2272.0,"start":0.5,"end":0.5,"start2":0.19999999,"end2":0.2},{"startTime":2272.0,"endTime":3072.0,"start":0.5,"end":0.5,"start2":0.2,"end2":0.2},{"startTime":3072.0,"endTime":3080.0,"start":0.5,"end":0.5,"start2":0.2,"end2":0.20007591},{"startTime":3080.0,"endTime":3088.0,"start":0.5,"end":0.5,"start2":0.20007591,"end2":0.2005946},{"startTime":3088.0,"endTime":3096.0,"start":0.5,"end":0.5,"start2":0.2005946,"end2":0.20199351},{"startTime":3096.0,"endTime":3104.0,"start":0.5,"end":0.5,"start2":0.20199351,"end2":0.20471},{"startTime":3104.0,"endTime":3112.0,"start":0.5,"end":0.5,"start2":0.20471,"end2":0.2091815},{"startTime":3112.0,"endTime":3120.0,"start":0.5,"end":0.5,"start2":0.2091815,"end2":0.2158454},{"startTime":3120.0,"endTime":3128.0,"start":0.5,"end":0.5,"start2":0.2158454,"end2":0.2251391},{"startTime":3128.0,"endTime":3136.0,"start":0.5,"end":0.5,"start2":0.2251391,"end2":0.2375},{"startTime":3136.0,"endTime":3144.0,"start":0.5,"end":0.5,"start2":0.2375,"end2":0.25341588},{"startTime":3144.0,"endTime":3152.0,"start":0.5,"end":0.5,"start2":0.25341588,"end2":0.27328458},{"startTime":3152.0,"endTime":3160.0,"start":0.5,"end":0.5,"start2":0.27328458,"end2":0.2975435},{"startTime":3160.0,"endTime":3168.0,"start":0.5,"end":0.5,"start2":0.2975435,"end2":0.32663},{"startTime":3168.0,"endTime":3176.0,"start":0.5,"end":0.5,"start2":0.32663,"end2":0.3609815},{"startTime":3176.0,"endTime":3184.0,"start":0.5,"end":0.5,"start2":0.3609815,"end2":0.40103537},{"startTime":3184.0,"endTime":3192.0,"start":0.5,"end":0.5,"start2":0.40103537,"end2":0.4472291},{"startTime":3192.0,"endTime":3208.0,"start":0.5,"end":0.5,"start2":0.4472291,"end2":0.55277085},{"startTime":3208.0,"endTime":3216.0,"start":0.5,"end":0.5,"start2":0.55277085,"end2":0.5989645},{"startTime":3216.0,"endTime":3224.0,"start":0.5,"end":0.5,"start2":0.5989645,"end2":0.6390185},{"startTime":3224.0,"endTime":3232.0,"start":0.5,"end":0.5,"start2":0.6390185,"end2":0.67336994},{"startTime":3232.0,"endTime":3240.0,"start":0.5,"end":0.5,"start2":0.67336994,"end2":0.7024565},{"startTime":3240.0,"endTime":3248.0,"start":0.5,"end":0.5,"start2":0.7024565,"end2":0.7267154},{"startTime":3248.0,"endTime":3256.0,"start":0.5,"end":0.5,"start2":0.7267154,"end2":0.74658406},{"startTime":3256.0,"endTime":3264.0,"start":0.5,"end":0.5,"start2":0.74658406,"end2":0.7624999},{"startTime":3264.0,"endTime":3272.0,"start":0.5,"end":0.5,"start2":0.7624999,"end2":0.77486086},{"startTime":3272.0,"endTime":3280.0,"start":0.5,"end":0.5,"start2":0.77486086,"end2":0.78415453},{"startTime":3280.0,"endTime":3288.0,"start":0.5,"end":0.5,"start2":0.78415453,"end2":0.79081845},{"startTime":3288.0,"endTime":3296.0,"start":0.5,"end":0.5,"start2":0.79081845,"end2":0.79528993},{"startTime":3296.0,"endTime":3304.0,"start":0.5,"end":0.5,"start2":0.79528993,"end2":0.7980065},{"startTime":3304.0,"endTime":3312.0,"start":0.5,"end":0.5,"start2":0.7980065,"end2":0.79940534},{"startTime":3312.0,"endTime":3320.0,"start":0.5,"end":0.5,"start2":0.79940534,"end2":0.7999241},{"startTime":3320.0,"endTime":3328.0,"start":0.5,"end":0.5,"start2":0.7999241,"end2":0.79999995},{"startTime":3328.0,"endTime":3336.0,"start":0.5,"end":0.5,"start2":0.79999995,"end2":0.7999241},{"startTime":3336.0,"endTime":3344.0,"start":0.5,"end":0.5,"start2":0.7999241,"end2":0.79940534},{"startTime":3344.0,"endTime":3352.0,"start":0.5,"end":0.5,"start2":0.79940534,"end2":0.7980065},{"startTime":3352.0,"endTime":3360.0,"start":0.5,"end":0.5,"start2":0.7980065,"end2":0.79528993},{"startTime":3360.0,"endTime":3368.0,"start":0.5,"end":0.5,"start2":0.79528993,"end2":0.79081845},{"startTime":3368.0,"endTime":3376.0,"start":0.5,"end":0.5,"start2":0.79081845,"end2":0.78415453},{"startTime":3376.0,"endTime":3384.0,"start":0.5,"end":0.5,"start2":0.78415453,"end2":0.77486086},{"startTime":3384.0,"endTime":3392.0,"start":0.5,"end":0.5,"start2":0.77486086,"end2":0.7624999},{"startTime":3392.0,"endTime":3400.0,"start":0.5,"end":0.5,"start2":0.7624999,"end2":0.74658406},{"startTime":3400.0,"endTime":3408.0,"start":0.5,"end":0.5,"start2":0.74658406,"end2":0.7267153},{"startTime":3408.0,"endTime":3416.0,"start":0.5,"end":0.5,"start2":0.7267153,"end2":0.7024565},{"startTime":3416.0,"endTime":3424.0,"start":0.5,"end":0.5,"start2":0.7024565,"end2":0.67336994},{"startTime":3424.0,"endTime":3432.0,"start":0.5,"end":0.5,"start2":0.67336994,"end2":0.6390185},{"startTime":3432.0,"endTime":3440.0,"start":0.5,"end":0.5,"start2":0.6390185,"end2":0.5989646},{"startTime":3440.0,"endTime":3448.0,"start":0.5,"end":0.5,"start2":0.5989646,"end2":0.55277085},{"startTime":3448.0,"endTime":3464.0,"start":0.5,"end":0.5,"start2":0.55277085,"end2":0.4472291},{"startTime":3464.0,"endTime":3472.0,"start":0.5,"end":0.5,"start2":0.4472291,"end2":0.4010354},{"startTime":3472.0,"endTime":3480.0,"start":0.5,"end":0.5,"start2":0.4010354,"end2":0.36098146},{"startTime":3480.0,"endTime":3488.0,"start":0.5,"end":0.5,"start2":0.36098146,"end2":0.32663},{"startTime":3488.0,"endTime":3496.0,"start":0.5,"end":0.5,"start2":0.32663,"end2":0.2975435},{"startTime":3496.0,"endTime":3504.0,"start":0.5,"end":0.5,"start2":0.2975435,"end2":0.27328458},{"startTime":3504.0,"endTime":3512.0,"start":0.5,"end":0.5,"start2":0.27328458,"end2":0.25341588},{"startTime":3512.0,"endTime":3520.0,"start":0.5,"end":0.5,"start2":0.25341588,"end2":0.23749998},{"startTime":3520.0,"endTime":3528.0,"start":0.5,"end":0.5,"start2":0.23749998,"end2":0.22513908},{"startTime":3528.0,"endTime":3536.0,"start":0.5,"end":0.5,"start2":0.22513908,"end2":0.2158454},{"startTime":3536.0,"endTime":3544.0,"start":0.5,"end":0.5,"start2":0.2158454,"end2":0.20918147},{"startTime":3544.0,"endTime":3552.0,"start":0.5,"end":0.5,"start2":0.20918147,"end2":0.20470998},{"startTime":3552.0,"endTime":3560.0,"start":0.5,"end":0.5,"start2":0.20470998,"end2":0.20199348},{"startTime":3560.0,"endTime":3568.0,"start":0.5,"end":0.5,"start2":0.20199348,"end2":0.20059457},{"startTime":3568.0,"endTime":3576.0,"start":0.5,"end":0.5,"start2":0.20059457,"end2":0.20007588},{"startTime":3576.0,"endTime":3584.0,"start":0.5,"end":0.5,"start2":0.20007588,"end2":0.19999999},{"startTime":3584.0,"endTime":3592.0,"start":0.5,"end":0.5,"start2":0.19999999,"end2":0.2000759},{"startTime":3592.0,"endTime":3600.0,"start":0.5,"end":0.5,"start2":0.2000759,"end2":0.20059459},{"startTime":3600.0,"endTime":3608.0,"start":0.5,"end":0.5,"start2":0.20059459,"end2":0.2019935},{"startTime":3608.0,"endTime":3616.0,"start":0.5,"end":0.5,"start2":0.2019935,"end2":0.20470999},{"startTime":3616.0,"endTime":3624.0,"start":0.5,"end":0.5,"start2":0.20470999,"end2":0.20918149},{"startTime":3624.0,"endTime":3632.0,"start":0.5,"end":0.5,"start2":0.20918149,"end2":0.21584539},{"startTime":3632.0,"endTime":3640.0,"start":0.5,"end":0.5,"start2":0.21584539,"end2":0.2251391},{"startTime":3640.0,"endTime":3648.0,"start":0.5,"end":0.5,"start2":0.2251391,"end2":0.23749998},{"startTime":3648.0,"endTime":3656.0,"start":0.5,"end":0.5,"start2":0.23749998,"end2":0.25341588},{"startTime":3656.0,"endTime":3664.0,"start":0.5,"end":0.5,"start2":0.25341588,"end2":0.27328458},{"startTime":3664.0,"endTime":3672.0,"start":0.5,"end":0.5,"start2":0.27328458,"end2":0.2975435},{"startTime":3672.0,"endTime":3680.0,"start":0.5,"end":0.5,"start2":0.2975435,"end2":0.32663},{"startTime":3680.0,"endTime":3688.0,"start":0.5,"end":0.5,"start2":0.32663,"end2":0.3609815},{"startTime":3688.0,"endTime":3696.0,"start":0.5,"end":0.5,"start2":0.3609815,"end2":0.4010354},{"startTime":3696.0,"endTime":3704.0,"start":0.5,"end":0.5,"start2":0.4010354,"end2":0.4472291},{"startTime":3704.0,"endTime":3720.0,"start":0.5,"end":0.5,"start2":0.4472291,"end2":0.5527709},{"startTime":3720.0,"endTime":3728.0,"start":0.5,"end":0.5,"start2":0.5527709,"end2":0.5989646},{"startTime":3728.0,"endTime":3736.0,"start":0.5,"end":0.5,"start2":0.5989646,"end2":0.6390185},{"startTime":3736.0,"endTime":3744.0,"start":0.5,"end":0.5,"start2":0.6390185,"end2":0.67337},{"startTime":3744.0,"endTime":3752.0,"start":0.5,"end":0.5,"start2":0.67337,"end2":0.70245653},{"startTime":3752.0,"endTime":3760.0,"start":0.5,"end":0.5,"start2":0.70245653,"end2":0.7267154},{"startTime":3760.0,"endTime":3768.0,"start":0.5,"end":0.5,"start2":0.7267154,"end2":0.7465841},{"startTime":3768.0,"endTime":3776.0,"start":0.5,"end":0.5,"start2":0.7465841,"end2":0.7625},{"startTime":3776.0,"endTime":3784.0,"start":0.5,"end":0.5,"start2":0.7625,"end2":0.7748609},{"startTime":3784.0,"endTime":3792.0,"start":0.5,"end":0.5,"start2":0.7748609,"end2":0.7841546},{"startTime":3792.0,"endTime":3800.0,"start":0.5,"end":0.5,"start2":0.7841546,"end2":0.7908185},{"startTime":3800.0,"endTime":3808.0,"start":0.5,"end":0.5,"start2":0.7908185,"end2":0.79529},{"startTime":3808.0,"endTime":3816.0,"start":0.5,"end":0.5,"start2":0.79529,"end2":0.79800653},{"startTime":3816.0,"endTime":3824.0,"start":0.5,"end":0.5,"start2":0.79800653,"end2":0.7994054},{"startTime":3824.0,"endTime":3832.0,"start":0.5,"end":0.5,"start2":0.7994054,"end2":0.79992414},{"startTime":3832.0,"endTime":3840.0,"start":0.5,"end":0.5,"start2":0.79992414,"end2":0.8},{"startTime":3840.0,"endTime":3848.0,"start":0.5,"end":0.5,"start2":0.8,"end2":0.79992414},{"startTime":3848.0,"endTime":3856.0,"start":0.5,"end":0.5,"start2":0.79992414,"end2":0.7994054},{"startTime":3856.0,"endTime":3864.0,"start":0.5,"end":0.5,"start2":0.7994054,"end2":0.79800653},{"startTime":3864.0,"endTime":3872.0,"start":0.5,"end":0.5,"start2":0.79800653,"end2":0.79529},{"startTime":3872.0,"endTime":3880.0,"start":0.5,"end":0.5,"start2":0.79529,"end2":0.7908185},{"startTime":3880.0,"endTime":3888.0,"start":0.5,"end":0.5,"start2":0.7908185,"end2":0.7841546},{"startTime":3888.0,"endTime":3896.0,"start":0.5,"end":0.5,"start2":0.7841546,"end2":0.7748609},{"startTime":3896.0,"endTime":3904.0,"start":0.5,"end":0.5,"start2":0.7748609,"end2":0.7625},{"startTime":3904.0,"endTime":3912.0,"start":0.5,"end":0.5,"start2":0.7625,"end2":0.7465841},{"startTime":3912.0,"endTime":3920.0,"start":0.5,"end":0.5,"start2":0.7465841,"end2":0.7267154},{"startTime":3920.0,"endTime":3928.0,"start":0.5,"end":0.5,"start2":0.7267154,"end2":0.70245653},{"startTime":3928.0,"endTime":3936.0,"start":0.5,"end":0.5,"start2":0.70245653,"end2":0.67337},{"startTime":3936.0,"endTime":3944.0,"start":0.5,"end":0.5,"start2":0.67337,"end2":0.63901854},{"startTime":3944.0,"endTime":3952.0,"start":0.5,"end":0.5,"start2":0.63901854,"end2":0.59896463},{"startTime":3952.0,"endTime":3960.0,"start":0.5,"end":0.5,"start2":0.59896463,"end2":0.5527709},{"startTime":3960.0,"endTime":3968.0,"start":0.5,"end":0.5,"start2":0.5527709,"end2":0.5},{"startTime":3968.0,"endTime":3976.0,"start":0.5,"end":0.5,"start2":0.5,"end2":0.44722912},{"startTime":3976.0,"endTime":3984.0,"start":0.5,"end":0.5,"start2":0.44722912,"end2":0.40103543},{"startTime":3984.0,"endTime":3992.0,"start":0.5,"end":0.5,"start2":0.40103543,"end2":0.3609815},{"startTime":3992.0,"endTime":4000.0,"start":0.5,"end":0.5,"start2":0.3609815,"end2":0.32663003},{"startTime":4000.0,"endTime":4008.0,"start":0.5,"end":0.5,"start2":0.32663003,"end2":0.2975435},{"startTime":4008.0,"endTime":4016.0,"start":0.5,"end":0.5,"start2":0.2975435,"end2":0.2732846},{"startTime":4016.0,"endTime":4024.0,"start":0.5,"end":0.5,"start2":0.2732846,"end2":0.2534159},{"startTime":4024.0,"endTime":4032.0,"start":0.5,"end":0.5,"start2":0.2534159,"end2":0.2375},{"startTime":4032.0,"endTime":4040.0,"start":0.5,"end":0.5,"start2":0.2375,"end2":0.2251391},{"startTime":4040.0,"endTime":4048.0,"start":0.5,"end":0.5,"start2":0.2251391,"end2":0.21584542},{"startTime":4048.0,"endTime":4056.0,"start":0.5,"end":0.5,"start2":0.21584542,"end2":0.20918149},{"startTime":4056.0,"endTime":4064.0,"start":0.5,"end":0.5,"start2":0.20918149,"end2":0.20470999},{"startTime":4064.0,"endTime":4072.0,"start":0.5,"end":0.5,"start2":0.20470999,"end2":0.2019935},{"startTime":4072.0,"endTime":4080.0,"start":0.5,"end":0.5,"start2":0.2019935,"end2":0.20059459},{"startTime":4080.0,"endTime":4088.0,"start":0.5,"end":0.5,"start2":0.20059459,"end2":0.2000759},{"startTime":4088.0,"endTime":4096.0,"start":0.5,"end":0.5,"start2":0.2000759,"end2":0.2},{"startTime":4096.0,"endTime":4104.0,"start":0.5,"end":0.5,"start2":0.2,"end2":0.20007591},{"startTime":4104.0,"endTime":4112.0,"start":0.5,"end":0.5,"start2":0.20007591,"end2":0.2005946},{"startTime":4112.0,"endTime":4120.0,"start":0.5,"end":0.5,"start2":0.2005946,"end2":0.20199351},{"startTime":4120.0,"endTime":4128.0,"start":0.5,"end":0.5,"start2":0.20199351,"end2":0.20471},{"startTime":4128.0,"endTime":4136.0,"start":0.5,"end":0.5,"start2":0.20471,"end2":0.2091815},{"startTime":4136.0,"endTime":4144.0,"start":0.5,"end":0.5,"start2":0.2091815,"end2":0.2158454},{"startTime":4144.0,"endTime":4152.0,"start":0.5,"end":0.5,"start2":0.2158454,"end2":0.2251391},{"startTime":4152.0,"endTime":4160.0,"start":0.5,"end":0.5,"start2":0.2251391,"end2":0.2375},{"startTime":4160.0,"endTime":4168.0,"start":0.5,"end":0.5,"start2":0.2375,"end2":0.2534159},{"startTime":4168.0,"endTime":4176.0,"start":0.5,"end":0.5,"start2":0.2534159,"end2":0.2732846},{"startTime":4176.0,"endTime":4184.0,"start":0.5,"end":0.5,"start2":0.2732846,"end2":0.2975435},{"startTime":4184.0,"endTime":4192.0,"start":0.5,"end":0.5,"start2":0.2975435,"end2":0.32663},{"startTime":4192.0,"endTime":4200.0,"start":0.5,"end":0.5,"start2":0.32663,"end2":0.3609815},{"startTime":4200.0,"endTime":4208.0,"start":0.5,"end":0.5,"start2":0.3609815,"end2":0.4010354},{"startTime":4208.0,"endTime":4216.0,"start":0.5,"end":0.5,"start2":0.4010354,"end2":0.4472291},{"startTime":4216.0,"endTime":4232.0,"start":0.5,"end":0.5,"start2":0.4472291,"end2":0.5527709},{"startTime":4232.0,"endTime":4240.0,"start":0.5,"end":0.5,"start2":0.5527709,"end2":0.5989646},{"startTime":4240.0,"endTime":4248.0,"start":0.5,"end":0.5,"start2":0.5989646,"end2":0.63901854},{"startTime":4248.0,"endTime":4256.0,"start":0.5,"end":0.5,"start2":0.63901854,"end2":0.67337},{"startTime":4256.0,"endTime":4264.0,"start":0.5,"end":0.5,"start2":0.67337,"end2":0.70245653},{"startTime":4264.0,"endTime":4272.0,"start":0.5,"end":0.5,"start2":0.70245653,"end2":0.7267154},{"startTime":4272.0,"endTime":4280.0,"start":0.5,"end":0.5,"start2":0.7267154,"end2":0.7465841},{"startTime":4280.0,"endTime":4288.0,"start":0.5,"end":0.5,"start2":0.7465841,"end2":0.7625},{"startTime":4288.0,"endTime":4296.0,"start":0.5,"end":0.5,"start2":0.7625,"end2":0.7748609},{"startTime":4296.0,"endTime":4304.0,"start":0.5,"end":0.5,"start2":0.7748609,"end2":0.7841546},{"startTime":4304.0,"endTime":4312.0,"start":0.5,"end":0.5,"start2":0.7841546,"end2":0.7908185},{"startTime":4312.0,"endTime":4320.0,"start":0.5,"end":0.5,"start2":0.7908185,"end2":0.79529},{"startTime":4320.0,"endTime":4328.0,"start":0.5,"end":0.5,"start2":0.79529,"end2":0.79800653},{"startTime":4328.0,"endTime":4336.0,"start":0.5,"end":0.5,"start2":0.79800653,"end2":0.7994054},{"startTime":4336.0,"endTime":4344.0,"start":0.5,"end":0.5,"start2":0.7994054,"end2":0.79992414},{"startTime":4344.0,"endTime":4352.0,"start":0.5,"end":0.5,"start2":0.79992414,"end2":0.8},{"startTime":4352.0,"endTime":4360.0,"start":0.5,"end":0.5,"start2":0.8,"end2":0.79992414},{"startTime":4360.0,"endTime":4368.0,"start":0.5,"end":0.5,"start2":0.79992414,"end2":0.7994054},{"startTime":4368.0,"endTime":4376.0,"start":0.5,"end":0.5,"start2":0.7994054,"end2":0.79800653},{"startTime":4376.0,"endTime":4384.0,"start":0.5,"end":0.5,"start2":0.79800653,"end2":0.79529},{"startTime":4384.0,"endTime":4392.0,"start":0.5,"end":0.5,"start2":0.79529,"end2":0.7908185},{"startTime":4392.0,"endTime":4400.0,"start":0.5,"end":0.5,"start2":0.7908185,"end2":0.7841546},{"startTime":4400.0,"endTime":4408.0,"start":0.5,"end":0.5,"start2":0.7841546,"end2":0.7748609},{"startTime":4408.0,"endTime":4416.0,"start":0.5,"end":0.5,"start2":0.7748609,"end2":0.7625},{"startTime":4416.0,"endTime":4424.0,"start":0.5,"end":0.5,"start2":0.7625,"end2":0.7465841},{"startTime":4424.0,"endTime":4432.0,"start":0.5,"end":0.5,"start2":0.7465841,"end2":0.7267154},{"startTime":4432.0,"endTime":4440.0,"start":0.5,"end":0.5,"start2":0.7267154,"end2":0.70245653},{"startTime":4440.0,"endTime":4448.0,"start":0.5,"end":0.5,"start2":0.70245653,"end2":0.67337},{"startTime":4448.0,"endTime":4456.0,"start":0.5,"end":0.5,"start2":0.67337,"end2":0.63901854},{"startTime":4456.0,"endTime":4464.0,"start":0.5,"end":0.5,"start2":0.63901854,"end2":0.59896463},{"startTime":4464.0,"endTime":4472.0,"start":0.5,"end":0.5,"start2":0.59896463,"end2":0.5527709},{"startTime":4472.0,"endTime":4480.0,"start":0.5,"end":0.5,"start2":0.5527709,"end2":0.5},{"startTime":4480.0,"endTime":4488.0,"start":0.5,"end":0.5,"start2":0.5,"end2":0.44722912},{"startTime":4488.0,"endTime":4496.0,"start":0.5,"end":0.5,"start2":0.44722912,"end2":0.40103543},{"startTime":4496.0,"endTime":4504.0,"start":0.5,"end":0.5,"start2":0.40103543,"end2":0.3609815},{"startTime":4504.0,"endTime":4512.0,"start":0.5,"end":0.5,"start2":0.3609815,"end2":0.32663003},{"startTime":4512.0,"endTime":4520.0,"start":0.5,"end":0.5,"start2":0.32663003,"end2":0.2975435},{"startTime":4520.0,"endTime":4528.0,"start":0.5,"end":0.5,"start2":0.2975435,"end2":0.2732846},{"startTime":4528.0,"endTime":4536.0,"start":0.5,"end":0.5,"start2":0.2732846,"end2":0.2534159},{"startTime":4536.0,"endTime":4544.0,"start":0.5,"end":0.5,"start2":0.2534159,"end2":0.2375},{"startTime":4544.0,"endTime":4552.0,"start":0.5,"end":0.5,"start2":0.2375,"end2":0.2251391},{"startTime":4552.0,"endTime":4560.0,"start":0.5,"end":0.5,"start2":0.2251391,"end2":0.21584542},{"startTime":4560.0,"endTime":4568.0,"start":0.5,"end":0.5,"start2":0.21584542,"end2":0.20918149},{"startTime":4568.0,"endTime":4576.0,"start":0.5,"end":0.5,"start2":0.20918149,"end2":0.20470999},{"startTime":4576.0,"endTime":4584.0,"start":0.5,"end":0.5,"start2":0.20470999,"end2":0.2019935},{"startTime":4584.0,"endTime":4592.0,"start":0.5,"end":0.5,"start2":0.2019935,"end2":0.20059459},{"startTime":4592.0,"endTime":4600.0,"start":0.5,"end":0.5,"start2":0.20059459,"end2":0.2000759},{"startTime":4600.0,"endTime":4608.0,"start":0.5,"end":0.5,"start2":0.2000759,"end2":0.2},{"startTime":4608.0,"endTime":4616.0,"start":0.5,"end":0.5,"start2":0.2,"end2":0.20007591},{"startTime":4616.0,"endTime":4624.0,"start":0.5,"end":0.5,"start2":0.20007591,"end2":0.2005946},{"startTime":4624.0,"endTime":4632.0,"start":0.5,"end":0.5,"start2":0.2005946,"end2":0.20199351},{"startTime":4632.0,"endTime":4640.0,"start":0.5,"end":0.5,"start2":0.20199351,"end2":0.20471},{"startTime":4640.0,"endTime":4648.0,"start":0.5,"end":0.5,"start2":0.20471,"end2":0.2091815},{"startTime":4648.0,"endTime":4656.0,"start":0.5,"end":0.5,"start2":0.2091815,"end2":0.2158454},{"startTime":4656.0,"endTime":4664.0,"start":0.5,"end":0.5,"start2":0.2158454,"end2":0.2251391},{"startTime":4664.0,"endTime":4672.0,"start":0.5,"end":0.5,"start2":0.2251391,"end2":0.2375},{"startTime":4672.0,"endTime":4680.0,"start":0.5,"end":0.5,"start2":0.2375,"end2":0.2534159},{"startTime":4680.0,"endTime":4688.0,"start":0.5,"end":0.5,"start2":0.2534159,"end2":0.2732846},{"startTime":4688.0,"endTime":4696.0,"start":0.5,"end":0.5,"start2":0.2732846,"end2":0.2975435},{"startTime":4696.0,"endTime":4704.0,"start":0.5,"end":0.5,"start2":0.2975435,"end2":0.32663},{"startTime":4704.0,"endTime":4712.0,"start":0.5,"end":0.5,"start2":0.32663,"end2":0.3609815},{"startTime":4712.0,"endTime":4720.0,"start":0.5,"end":0.5,"start2":0.3609815,"end2":0.4010354},{"startTime":4720.0,"endTime":4728.0,"start":0.5,"end":0.5,"start2":0.4010354,"end2":0.4472291},{"startTime":4728.0,"endTime":4744.0,"start":0.5,"end":0.5,"start2":0.4472291,"end2":0.5527709},{"startTime":4744.0,"endTime":4752.0,"start":0.5,"end":0.5,"start2":0.5527709,"end2":0.5989646},{"startTime":4752.0,"endTime":4760.0,"start":0.5,"end":0.5,"start2":0.5989646,"end2":0.63901854},{"startTime":4760.0,"endTime":4768.0,"start":0.5,"end":0.5,"start2":0.63901854,"end2":0.67337},{"startTime":4768.0,"endTime":4776.0,"start":0.5,"end":0.5,"start2":0.67337,"end2":0.70245653},{"startTime":4776.0,"endTime":4784.0,"start":0.5,"end":0.5,"start2":0.70245653,"end2":0.7267154},{"startTime":4784.0,"endTime":4792.0,"start":0.5,"end":0.5,"start2":0.7267154,"end2":0.7465841},{"startTime":4792.0,"endTime":4800.0,"start":0.5,"end":0.5,"start2":0.7465841,"end2":0.7625},{"startTime":4800.0,"endTime":4808.0,"start":0.5,"end":0.5,"start2":0.7625,"end2":0.7748609},{"startTime":4808.0,"endTime":4816.0,"start":0.5,"end":0.5,"start2":0.7748609,"end2":0.7841546},{"startTime":4816.0,"endTime":4824.0,"start":0.5,"end":0.5,"start2":0.7841546,"end2":0.7908185},{"startTime":4824.0,"endTime":4832.0,"start":0.5,"end":0.5,"start2":0.7908185,"end2":0.79529},{"startTime":4832.0,"endTime":4840.0,"start":0.5,"end":0.5,"start2":0.79529,"end2":0.79800653},{"startTime":4840.0,"endTime":4848.0,"start":0.5,"end":0.5,"start2":0.79800653,"end2":0.7994054},{"startTime":4848.0,"endTime":4856.0,"start":0.5,"end":0.5,"start2":0.7994054,"end2":0.79992414},{"startTime":4856.0,"endTime":4864.0,"start":0.5,"end":0.5,"start2":0.79992414,"end2":0.8},{"startTime":4864.0,"endTime":4872.0,"start":0.5,"end":0.5,"start2":0.8,"end2":0.79992414},{"startTime":4872.0,"endTime":4880.0,"start":0.5,"end":0.5,"start2":0.79992414,"end2":0.7994054},{"startTime":4880.0,"endTime":4888.0,"start":0.5,"end":0.5,"start2":0.7994054,"end2":0.79800653},{"startTime":4888.0,"endTime":4896.0,"start":0.5,"end":0.5,"start2":0.79800653,"end2":0.79529},{"startTime":4896.0,"endTime":4904.0,"start":0.5,"end":0.5,"start2":0.79529,"end2":0.7908185},{"startTime":4904.0,"endTime":4912.0,"start":0.5,"end":0.5,"start2":0.7908185,"end2":0.7841546},{"startTime":4912.0,"endTime":4920.0,"start":0.5,"end":0.5,"start2":0.7841546,"end2":0.7748609},{"startTime":4920.0,"endTime":4928.0,"start":0.5,"end":0.5,"start2":0.7748609,"end2":0.7625},{"startTime":4928.0,"endTime":4936.0,"start":0.5,"end":0.5,"start2":0.7625,"end2":0.7465841},{"startTime":4936.0,"endTime":4944.0,"start":0.5,"end":0.5,"start2":0.7465841,"end2":0.7267154},{"startTime":4944.0,"endTime":4952.0,"start":0.5,"end":0.5,"start2":0.7267154,"end2":0.70245653},{"startTime":4952.0,"endTime":4960.0,"start":0.5,"end":0.5,"start2":0.70245653,"end2":0.67337},{"startTime":4960.0,"endTime":4968.0,"start":0.5,"end":0.5,"start2":0.67337,"end2":0.63901854},{"startTime":4968.0,"endTime":4976.0,"start":0.5,"end":0.5,"start2":0.63901854,"end2":0.59896463},{"startTime":4976.0,"endTime":4984.0,"start":0.5,"end":0.5,"start2":0.59896463,"end2":0.5527709},{"startTime":4984.0,"endTime":4992.0,"start":0.5,"end":0.5,"start2":0.5527709,"end2":0.5},{"startTime":4992.0,"endTime":5000.0,"start":0.5,"end":0.5,"start2":0.5,"end2":0.44722912},{"startTime":5000.0,"endTime":5008.0,"start":0.5,"end":0.5,"start2":0.44722912,"end2":0.40103543},{"startTime":5008.0,"endTime":5016.0,"start":0.5,"end":0.5,"start2":0.40103543,"end2":0.3609815},{"startTime":5016.0,"endTime":5024.0,"start":0.5,"end":0.5,"start2":0.3609815,"end2":0.32663003},{"startTime":5024.0,"endTime":5032.0,"start":0.5,"end":0.5,"start2":0.32663003,"end2":0.2975435},{"startTime":5032.0,"endTime":5040.0,"start":0.5,"end":0.5,"start2":0.2975435,"end2":0.2732846},{"startTime":5040.0,"endTime":5048.0,"start":0.5,"end":0.5,"start2":0.2732846,"end2":0.2534159},{"startTime":5048.0,"endTime":5056.0,"start":0.5,"end":0.5,"start2":0.2534159,"end2":0.2375},{"startTime":5056.0,"endTime":5064.0,"start":0.5,"end":0.5,"start2":0.2375,"end2":0.2251391},{"startTime":5064.0,"endTime":5072.0,"start":0.5,"end":0.5,"start2":0.2251391,"end2":0.21584542},{"startTime":5072.0,"endTime":5080.0,"start":0.5,"end":0.5,"start2":0.21584542,"end2":0.20918149},{"startTime":5080.0,"endTime":5088.0,"start":0.5,"end":0.5,"start2":0.20918149,"end2":0.20470999},{"startTime":5088.0,"endTime":5096.0,"start":0.5,"end":0.5,"start2":0.20470999,"end2":0.2019935},{"startTime":5096.0,"endTime":5104.0,"start":0.5,"end":0.5,"start2":0.2019935,"end2":0.20059459},{"startTime":5104.0,"endTime":5112.0,"start":0.5,"end":0.5,"start2":0.20059459,"end2":0.2000759},{"startTime":5112.0,"endTime":5120.0,"start":0.5,"end":0.5,"start2":0.2000759,"end2":0.2},{"startTime":5120.0,"endTime":1000000000.0,"start":0.5,"end":0.5,"start2":0.2,"end2":0.2}],"judgeLineRotateEvents":[{"startTime":-999999.0,"endTime":3072.0,"start":0.0,"end":0.0},{"startTime":3072.0,"endTime":3080.0,"start":0.0,"end":49.042305},{"startTime":3080.0,"endTime":3088.0,"start":49.042305,"end":95.02529},{"startTime":3088.0,"endTime":3096.0,"start":95.02529,"end":138.04727},{"startTime":3096.0,"endTime":3104.0,"start":138.04727,"end":178.20676},{"startTime":3104.0,"endTime":3112.0,"start":178.20676,"end":215.6021},{"startTime":3112.0,"endTime":3120.0,"start":215.6021,"end":250.3317},{"startTime":3120.0,"endTime":3128.0,"start":250.3317,"end":282.49408},{"startTime":3128.0,"endTime":3136.0,"start":282.49408,"end":312.1875},{"startTime":3136.0,"endTime":3144.0,"start":312.1875,"end":339.4813},{"startTime":3144.0,"endTime":3152.0,"start":339.4813,"end":364.50555},{"startTime":3152.0,"endTime":3160.0,"start":364.50555,"end":387.35855},{"startTime":3160.0,"endTime":3168.0,"start":387.35855,"end":408.13876},{"startTime":3168.0,"endTime":3176.0,"start":408.13876,"end":426.94458},{"startTime":3176.0,"endTime":3184.0,"start":426.94458,"end":443.87445},{"startTime":3184.0,"endTime":3192.0,"start":443.87445,"end":459.02682},{"startTime":3192.0,"endTime":3200.0,"start":459.02682,"end":472.5},{"startTime":3200.0,"endTime":3208.0,"start":472.5,"end":484.37344},{"startTime":3208.0,"endTime":3216.0,"start":484.37344,"end":494.76706},{"startTime":3216.0,"endTime":3224.0,"start":494.76706,"end":503.77917},{"startTime":3224.0,"endTime":3232.0,"start":503.77917,"end":511.50824},{"startTime":3232.0,"endTime":3240.0,"start":511.50824,"end":518.0527},{"startTime":3240.0,"endTime":3248.0,"start":518.0527,"end":523.511},{"startTime":3248.0,"endTime":3256.0,"start":523.511,"end":527.98145},{"startTime":3256.0,"endTime":3264.0,"start":527.98145,"end":531.5625},{"startTime":3264.0,"endTime":3272.0,"start":531.5625,"end":534.3437},{"startTime":3272.0,"endTime":3280.0,"start":534.3437,"end":536.43475},{"startTime":3280.0,"endTime":3288.0,"start":536.43475,"end":537.93414},{"startTime":3288.0,"endTime":3296.0,"start":537.93414,"end":538.94025},{"startTime":3296.0,"endTime":3304.0,"start":538.94025,"end":539.55145},{"startTime":3304.0,"endTime":3312.0,"start":539.55145,"end":539.8662},{"startTime":3312.0,"endTime":3320.0,"start":539.8662,"end":539.9829},{"startTime":3320.0,"endTime":3328.0,"start":539.9829,"end":540.0},{"startTime":3328.0,"endTime":3336.0,"start":540.0,"end":490.9577},{"startTime":3336.0,"endTime":3344.0,"start":490.9577,"end":444.9747},{"startTime":3344.0,"endTime":3352.0,"start":444.9747,"end":401.95273},{"startTime":3352.0,"endTime":3360.0,"start":401.95273,"end":361.79324},{"startTime":3360.0,"endTime":3368.0,"start":361.79324,"end":324.3979},{"startTime":3368.0,"endTime":3376.0,"start":324.3979,"end":289.6683},{"startTime":3376.0,"endTime":3384.0,"start":289.6683,"end":257.50592},{"startTime":3384.0,"endTime":3392.0,"start":257.50592,"end":227.8125},{"startTime":3392.0,"endTime":3400.0,"start":227.8125,"end":200.51869},{"startTime":3400.0,"endTime":3408.0,"start":200.51869,"end":175.49446},{"startTime":3408.0,"endTime":3416.0,"start":175.49446,"end":152.64146},{"startTime":3416.0,"endTime":3424.0,"start":152.64146,"end":131.86124},{"startTime":3424.0,"endTime":3432.0,"start":131.86124,"end":113.055435},{"startTime":3432.0,"endTime":3440.0,"start":113.055435,"end":96.12556},{"startTime":3440.0,"endTime":3448.0,"start":96.12556,"end":80.973175},{"startTime":3448.0,"endTime":3456.0,"start":80.973175,"end":67.5},{"startTime":3456.0,"endTime":3464.0,"start":67.5,"end":55.626556},{"startTime":3464.0,"endTime":3472.0,"start":55.626556,"end":45.232956},{"startTime":3472.0,"endTime":3480.0,"start":45.232956,"end":36.22083},{"startTime":3480.0,"endTime":3488.0,"start":36.22083,"end":28.491755},{"startTime":3488.0,"endTime":3496.0,"start":28.491755,"end":21.947304},{"startTime":3496.0,"endTime":3504.0,"start":21.947304,"end":16.48902},{"startTime":3504.0,"endTime":3512.0,"start":16.48902,"end":12.018571},{"startTime":3512.0,"endTime":3520.0,"start":12.018571,"end":8.4375},{"startTime":3520.0,"endTime":3528.0,"start":8.4375,"end":5.656296},{"startTime":3528.0,"endTime":3536.0,"start":5.656296,"end":3.5652351},{"startTime":3536.0,"endTime":3544.0,"start":3.5652351,"end":2.0658267},{"startTime":3544.0,"endTime":3552.0,"start":2.0658267,"end":1.059773},{"startTime":3552.0,"endTime":3560.0,"start":1.059773,"end":0.44855118},{"startTime":3560.0,"endTime":3568.0,"start":0.44855118,"end":0.13379931},{"startTime":3568.0,"endTime":3576.0,"start":0.13379931,"end":0.017091036},{"startTime":3576.0,"endTime":3584.0,"start":0.017091036,"end":0.0},{"startTime":3584.0,"endTime":3592.0,"start":0.0,"end":-49.042305},{"startTime":3592.0,"endTime":3600.0,"start":-49.042305,"end":-95.02529},{"startTime":3600.0,"endTime":3608.0,"start":-95.02529,"end":-138.04727},{"startTime":3608.0,"endTime":3616.0,"start":-138.04727,"end":-178.20676},{"startTime":3616.0,"endTime":3624.0,"start":-178.20676,"end":-215.6021},{"startTime":3624.0,"endTime":3632.0,"start":-215.6021,"end":-250.3317},{"startTime":3632.0,"endTime":3640.0,"start":-250.3317,"end":-282.49408},{"startTime":3640.0,"endTime":3648.0,"start":-282.49408,"end":-312.1875},{"startTime":3648.0,"endTime":3656.0,"start":-312.1875,"end":-339.4813},{"startTime":3656.0,"endTime":3664.0,"start":-339.4813,"end":-364.50555},{"startTime":3664.0,"endTime":3672.0,"start":-364.50555,"end":-387.35855},{"startTime":3672.0,"endTime":3680.0,"start":-387.35855,"end":-408.13876},{"startTime":3680.0,"endTime":3688.0,"start":-408.13876,"end":-426.94458},{"startTime":3688.0,"endTime":3696.0,"start":-426.94458,"end":-443.87445},{"startTime":3696.0,"endTime":3704.0,"start":-443.87445,"end":-459.02682},{"startTime":3704.0,"endTime":3712.0,"start":-459.02682,"end":-472.5},{"startTime":3712.0,"endTime":3720.0,"start":-472.5,"end":-484.37344},{"startTime":3720.0,"endTime":3728.0,"start":-484.37344,"end":-494.76706},{"startTime":3728.0,"endTime":3736.0,"start":-494.76706,"end":-503.77917},{"startTime":3736.0,"endTime":3744.0,"start":-503.77917,"end":-511.50824},{"startTime":3744.0,"endTime":3752.0,"start":-511.50824,"end":-518.0527},{"startTime":3752.0,"endTime":3760.0,"start":-518.0527,"end":-523.511},{"startTime":3760.0,"endTime":3768.0,"start":-523.511,"end":-527.98145},{"startTime":3768.0,"endTime":3776.0,"start":-527.98145,"end":-531.5625},{"startTime":3776.0,"endTime":3784.0,"start":-531.5625,"end":-534.3437},{"startTime":3784.0,"endTime":3792.0,"start":-534.3437,"end":-536.43475},{"startTime":3792.0,"endTime":3800.0,"start":-536.43475,"end":-537.93414},{"startTime":3800.0,"endTime":3808.0,"start":-537.93414,"end":-538.94025},{"startTime":3808.0,"endTime":3816.0,"start":-538.94025,"end":-539.55145},{"startTime":3816.0,"endTime":3824.0,"start":-539.55145,"end":-539.8662},{"startTime":3824.0,"endTime":3832.0,"start":-539.8662,"end":-539.9829},{"startTime":3832.0,"endTime":3840.0,"start":-539.9829,"end":-540.0},{"startTime":3840.0,"endTime":3848.0,"start":-540.0,"end":-490.9577},{"startTime":3848.0,"endTime":3856.0,"start":-490.9577,"end":-444.9747},{"startTime":3856.0,"endTime":3864.0,"start":-444.9747,"end":-401.95273},{"startTime":3864.0,"endTime":3872.0,"start":-401.95273,"end":-361.79324},{"startTime":3872.0,"endTime":3880.0,"start":-361.79324,"end":-324.3979},{"startTime":3880.0,"endTime":3888.0,"start":-324.3979,"end":-289.6683},{"startTime":3888.0,"endTime":3896.0,"start":-289.6683,"end":-257.50592},{"startTime":3896.0,"endTime":3904.0,"start":-257.50592,"end":-227.8125},{"startTime":3904.0,"endTime":3912.0,"start":-227.8125,"end":-200.51869},{"startTime":3912.0,"endTime":3920.0,"start":-200.51869,"end":-175.49446},{"startTime":3920.0,"endTime":3928.0,"start":-175.49446,"end":-152.64146},{"startTime":3928.0,"endTime":3936.0,"start":-152.64146,"end":-131.86124},{"startTime":3936.0,"endTime":3944.0,"start":-131.86124,"end":-113.055435},{"startTime":3944.0,"endTime":3952.0,"start":-113.055435,"end":-96.12556},{"startTime":3952.0,"endTime":3960.0,"start":-96.12556,"end":-80.973175},{"startTime":3960.0,"endTime":3968.0,"start":-80.973175,"end":-67.5},{"startTime":3968.0,"endTime":3976.0,"start":-67.5,"end":-55.626556},{"startTime":3976.0,"endTime":3984.0,"start":-55.626556,"end":-45.232956},{"startTime":3984.0,"endTime":3992.0,"start":-45.232956,"end":-36.22083},{"startTime":3992.0,"endTime":4000.0,"start":-36.22083,"end":-28.491755},{"startTime":4000.0,"endTime":4008.0,"start":-28.491755,"end":-21.947304},{"startTime":4008.0,"endTime":4016.0,"start":-21.947304,"end":-16.48902},{"startTime":4016.0,"endTime":4024.0,"start":-16.48902,"end":-12.018571},{"startTime":4024.0,"endTime":4032.0,"start":-12.018571,"end":-8.4375},{"startTime":4032.0,"endTime":4040.0,"start":-8.4375,"end":-5.656296},{"startTime":4040.0,"endTime":4048.0,"start":-5.656296,"end":-3.5652351},{"startTime":4048.0,"endTime":4056.0,"start":-3.5652351,"end":-2.0658267},{"startTime":4056.0,"endTime":4064.0,"start":-2.0658267,"end":-1.059773},{"startTime":4064.0,"endTime":4072.0,"start":-1.059773,"end":-0.44855118},{"startTime":4072.0,"endTime":4080.0,"start":-0.44855118,"end":-0.13379931},{"startTime":4080.0,"endTime":4088.0,"start":-0.13379931,"end":-0.017091036},{"startTime":4088.0,"endTime":4096.0,"start":-0.017091036,"end":0.0},{"startTime":4096.0,"endTime":4104.0,"start":0.0,"end":49.042305},{"startTime":4104.0,"endTime":4112.0,"start":49.042305,"end":95.02529},{"startTime":4112.0,"endTime":4120.0,"start":95.02529,"end":138.04727},{"startTime":4120.0,"endTime":4128.0,"start":138.04727,"end":178.20676},{"startTime":4128.0,"endTime":4136.0,"start":178.20676,"end":215.6021},{"startTime":4136.0,"endTime":4144.0,"start":215.6021,"end":250.3317},{"startTime":4144.0,"endTime":4152.0,"start":250.3317,"end":282.49408},{"startTime":4152.0,"endTime":4160.0,"start":282.49408,"end":312.1875},{"startTime":4160.0,"endTime":4168.0,"start":312.1875,"end":339.4813},{"startTime":4168.0,"endTime":4176.0,"start":339.4813,"end":364.50555},{"startTime":4176.0,"endTime":4184.0,"start":364.50555,"end":387.35855},{"startTime":4184.0,"endTime":4192.0,"start":387.35855,"end":408.13876},{"startTime":4192.0,"endTime":4200.0,"start":408.13876,"end":426.94458},{"startTime":4200.0,"endTime":4208.0,"start":426.94458,"end":443.87445},{"startTime":4208.0,"endTime":4216.0,"start":443.87445,"end":459.02682},{"startTime":4216.0,"endTime":4224.0,"start":459.02682,"end":472.5},{"startTime":4224.0,"endTime":4232.0,"start":472.5,"end":484.37344},{"startTime":4232.0,"endTime":4240.0,"start":484.37344,"end":494.76706},{"startTime":4240.0,"endTime":4248.0,"start":494.76706,"end":503.77917},{"startTime":4248.0,"endTime":4256.0,"start":503.77917,"end":511.50824},{"startTime":4256.0,"endTime":4264.0,"start":511.50824,"end":518.0527},{"startTime":4264.0,"endTime":4272.0,"start":518.0527,"end":523.511},{"startTime":4272.0,"endTime":4280.0,"start":523.511,"end":527.98145},{"startTime":4280.0,"endTime":4288.0,"start":527.98145,"end":531.5625},{"startTime":4288.0,"endTime":4296.0,"start":531.5625,"end":534.3437},{"startTime":4296.0,"endTime":4304.0,"start":534.3437,"end":536.43475},{"startTime":4304.0,"endTime":4312.0,"start":536.43475,"end":537.93414},{"startTime":4312.0,"endTime":4320.0,"start":537.93414,"end":538.94025},{"startTime":4320.0,"endTime":4328.0,"start":538.94025,"end":539.55145},{"startTime":4328.0,"endTime":4336.0,"start":539.55145,"end":539.8662},{"startTime":4336.0,"endTime":4344.0,"start":539.8662,"end":539.9829},{"startTime":4344.0,"endTime":4352.0,"start":539.9829,"end":540.0},{"startTime":4352.0,"endTime":4360.0,"start":540.0,"end":490.9577},{"startTime":4360.0,"endTime":4368.0,"start":490.9577,"end":444.9747},{"startTime":4368.0,"endTime":4376.0,"start":444.9747,"end":401.95273},{"startTime":4376.0,"endTime":4384.0,"start":401.95273,"end":361.79324},{"startTime":4384.0,"endTime":4392.0,"start":361.79324,"end":324.3979},{"startTime":4392.0,"endTime":4400.0,"start":324.3979,"end":289.6683},{"startTime":4400.0,"endTime":4408.0,"start":289.6683,"end":257.50592},{"startTime":4408.0,"endTime":4416.0,"start":257.50592,"end":227.8125},{"startTime":4416.0,"endTime":4424.0,"start":227.8125,"end":200.51869},{"startTime":4424.0,"endTime":4432.0,"start":200.51869,"end":175.49446},{"startTime":4432.0,"endTime":4440.0,"start":175.49446,"end":152.64146},{"startTime":4440.0,"endTime":4448.0,"start":152.64146,"end":131.86124},{"startTime":4448.0,"endTime":4456.0,"start":131.86124,"end":113.055435},{"startTime":4456.0,"endTime":4464.0,"start":113.055435,"end":96.12556},{"startTime":4464.0,"endTime":4472.0,"start":96.12556,"end":80.973175},{"startTime":4472.0,"endTime":4480.0,"start":80.973175,"end":67.5},{"startTime":4480.0,"endTime":4488.0,"start":67.5,"end":55.626556},{"startTime":4488.0,"endTime":4496.0,"start":55.626556,"end":45.232956},{"startTime":4496.0,"endTime":4504.0,"start":45.232956,"end":36.22083},{"startTime":4504.0,"endTime":4512.0,"start":36.22083,"end":28.491755},{"startTime":4512.0,"endTime":4520.0,"start":28.491755,"end":21.947304},{"startTime":4520.0,"endTime":4528.0,"start":21.947304,"end":16.48902},{"startTime":4528.0,"endTime":4536.0,"start":16.48902,"end":12.018571},{"startTime":4536.0,"endTime":4544.0,"start":12.018571,"end":8.4375},{"startTime":4544.0,"endTime":4552.0,"start":8.4375,"end":5.656296},{"startTime":4552.0,"endTime":4560.0,"start":5.656296,"end":3.5652351},{"startTime":4560.0,"endTime":4568.0,"start":3.5652351,"end":2.0658267},{"startTime":4568.0,"endTime":4576.0,"start":2.0658267,"end":1.059773},{"startTime":4576.0,"endTime":4584.0,"start":1.059773,"end":0.44855118},{"startTime":4584.0,"endTime":4592.0,"start":0.44855118,"end":0.13379931},{"startTime":4592.0,"endTime":4600.0,"start":0.13379931,"end":0.017091036},{"startTime":4600.0,"endTime":4608.0,"start":0.017091036,"end":0.0},{"startTime":4608.0,"endTime":4616.0,"start":0.0,"end":-49.042305},{"startTime":4616.0,"endTime":4624.0,"start":-49.042305,"end":-95.02529},{"startTime":4624.0,"endTime":4632.0,"start":-95.02529,"end":-138.04727},{"startTime":4632.0,"endTime":4640.0,"start":-138.04727,"end":-178.20676},{"startTime":4640.0,"endTime":4648.0,"start":-178.20676,"end":-215.6021},{"startTime":4648.0,"endTime":4656.0,"start":-215.6021,"end":-250.3317},{"startTime":4656.0,"endTime":4664.0,"start":-250.3317,"end":-282.49408},{"startTime":4664.0,"endTime":4672.0,"start":-282.49408,"end":-312.1875},{"startTime":4672.0,"endTime":4680.0,"start":-312.1875,"end":-339.4813},{"startTime":4680.0,"endTime":4688.0,"start":-339.4813,"end":-364.50555},{"startTime":4688.0,"endTime":4696.0,"start":-364.50555,"end":-387.35855},{"startTime":4696.0,"endTime":4704.0,"start":-387.35855,"end":-408.13876},{"startTime":4704.0,"endTime":4712.0,"start":-408.13876,"end":-426.94458},{"startTime":4712.0,"endTime":4720.0,"start":-426.94458,"end":-443.87445},{"startTime":4720.0,"endTime":4728.0,"start":-443.87445,"end":-459.02682},{"startTime":4728.0,"endTime":4736.0,"start":-459.02682,"end":-472.5},{"startTime":4736.0,"endTime":4744.0,"start":-472.5,"end":-484.37344},{"startTime":4744.0,"endTime":4752.0,"start":-484.37344,"end":-494.76706},{"startTime":4752.0,"endTime":4760.0,"start":-494.76706,"end":-503.77917},{"startTime":4760.0,"endTime":4768.0,"start":-503.77917,"end":-511.50824},{"startTime":4768.0,"endTime":4776.0,"start":-511.50824,"end":-518.0527},{"startTime":4776.0,"endTime":4784.0,"start":-518.0527,"end":-523.511},{"startTime":4784.0,"endTime":4792.0,"start":-523.511,"end":-527.98145},{"startTime":4792.0,"endTime":4800.0,"start":-527.98145,"end":-531.5625},{"startTime":4800.0,"endTime":4808.0,"start":-531.5625,"end":-534.3437},{"startTime":4808.0,"endTime":4816.0,"start":-534.3437,"end":-536.43475},{"startTime":4816.0,"endTime":4824.0,"start":-536.43475,"end":-537.93414},{"startTime":4824.0,"endTime":4832.0,"start":-537.93414,"end":-538.94025},{"startTime":4832.0,"endTime":4840.0,"start":-538.94025,"end":-539.55145},{"startTime":4840.0,"endTime":4848.0,"start":-539.55145,"end":-539.8662},{"startTime":4848.0,"endTime":4856.0,"start":-539.8662,"end":-539.9829},{"startTime":4856.0,"endTime":4864.0,"start":-539.9829,"end":-540.0},{"startTime":4864.0,"endTime":4872.0,"start":-540.0,"end":-490.9577},{"startTime":4872.0,"endTime":4880.0,"start":-490.9577,"end":-444.9747},{"startTime":4880.0,"endTime":4888.0,"start":-444.9747,"end":-401.95273},{"startTime":4888.0,"endTime":4896.0,"start":-401.95273,"end":-361.79324},{"startTime":4896.0,"endTime":4904.0,"start":-361.79324,"end":-324.3979},{"startTime":4904.0,"endTime":4912.0,"start":-324.3979,"end":-289.6683},{"startTime":4912.0,"endTime":4920.0,"start":-289.6683,"end":-257.50592},{"startTime":4920.0,"endTime":4928.0,"start":-257.50592,"end":-227.8125},{"startTime":4928.0,"endTime":4936.0,"start":-227.8125,"end":-200.51869},{"startTime":4936.0,"endTime":4944.0,"start":-200.51869,"end":-175.49446},{"startTime":4944.0,"endTime":4952.0,"start":-175.49446,"end":-152.64146},{"startTime":4952.0,"endTime":4960.0,"start":-152.64146,"end":-131.86124},{"startTime":4960.0,"endTime":4968.0,"start":-131.86124,"end":-113.055435},{"startTime":4968.0,"endTime":4976.0,"start":-113.055435,"end":-96.12556},{"startTime":4976.0,"endTime":4984.0,"start":-96.12556,"end":-80.973175},{"startTime":4984.0,"endTime":4992.0,"start":-80.973175,"end":-67.5},{"startTime":4992.0,"endTime":5000.0,"start":-67.5,"end":-55.626556},{"startTime":5000.0,"endTime":5008.0,"start":-55.626556,"end":-45.232956},{"startTime":5008.0,"endTime":5016.0,"start":-45.232956,"end":-36.22083},{"startTime":5016.0,"endTime":5024.0,"start":-36.22083,"end":-28.491755},{"startTime":5024.0,"endTime":5032.0,"start":-28.491755,"end":-21.947304},{"startTime":5032.0,"endTime":5040.0,"start":-21.947304,"end":-16.48902},{"startTime":5040.0,"endTime":5048.0,"start":-16.48902,"end":-12.018571},{"startTime":5048.0,"endTime":5056.0,"start":-12.018571,"end":-8.4375},{"startTime":5056.0,"endTime":5064.0,"start":-8.4375,"end":-5.656296},{"startTime":5064.0,"endTime":5072.0,"start":-5.656296,"end":-3.5652351},{"startTime":5072.0,"endTime":5080.0,"start":-3.5652351,"end":-2.0658267},{"startTime":5080.0,"endTime":5088.0,"start":-2.0658267,"end":-1.059773},{"startTime":5088.0,"endTime":5096.0,"start":-1.059773,"end":-0.44855118},{"startTime":5096.0,"endTime":5104.0,"start":-0.44855118,"end":-0.13379931},{"startTime":5104.0,"endTime":5112.0,"start":-0.13379931,"end":-0.017091036},{"startTime":5112.0,"endTime":5120.0,"start":-0.017091036,"end":0.0},{"startTime":5120.0,"endTime":1000000000.0,"start":0.0,"end":0.0}],"judgeLineDisappearEvents":[{"startTime":-999999.0,"endTime":7936.0,"start":1.0,"end":1.0},{"startTime":7936.0,"endTime":8000.0,"start":1.0,"end":0.0},{"startTime":8000.0,"endTime":1000000000.0,"start":0.0,"end":0.0}]},{"bpm":120.0,"notesAbove":[],"notesBelow":[],"speedEvents":[{"startTime":0.0,"endTime":1000000000.0,"value":1.0}],"judgeLineMoveEvents":[{"startTime":-999999.0,"endTime":1000000000.0,"start":0.1,"end":0.1,"start2":0.5,"end2":0.5}],"judgeLineRotateEvents":[{"startTime":-999999.0,"endTime":1000000000.0,"start":90.0,"end":90.0}],"judgeLineDisappearEvents":[{"startTime":-999999.0,"endTime":2016.0,"start":0.0,"end":0.0},{"startTime":2016.0,"endTime":2040.0,"start":1.0,"end":0.0},{"startTime":2040.0,"endTime":1000000000.0,"start":0.0,"end":0.0}]},{"bpm":120.0,"notesAbove":[],"notesBelow":[],"speedEvents":[{"startTime":0.0,"endTime":1000000000.0,"value":1.0}],"judgeLineMoveEvents":[{"startTime":-999999.0,"endTime":1000000000.0,"start":0.3,"end":0.3,"start2":0.5,"end2":0.5}],"judgeLineRotateEvents":[{"startTime":-999999.0,"endTime":1000000000.0,"start":90.0,"end":90.0}],"judgeLineDisappearEvents":[{"startTime":-999999.0,"endTime":2020.0,"start":0.0,"end":0.0},{"startTime":2020.0,"endTime":2044.0,"start":1.0,"end":0.0},{"startTime":2044.0,"endTime":1000000000.0,"start":0.0,"end":0.0}]},{"bpm":120.0,"notesAbove":[],"notesBelow":[],"speedEvents":[{"startTime":0.0,"endTime":1000000000.0,"value":1.0}],"judgeLineMoveEvents":[{"startTime":-999999.0,"endTime":1000000000.0,"start":0.5,"end":0.5,"start2":0.5,"end2":0.5}],"judgeLineRotateEvents":[{"startTime":-999999.0,"endTime":1000000000.0,"start":90.0,"end":90.0}],"judgeLineDisappearEvents":[{"startTime":-999999.0,"endTime":2024.0,"start":0.0,"end":0.0},{"startTime":2024.0,"endTime":2048.0,"start":1.0,"end":0.0},{"startTime":2048.0,"endTime":1000000000.0,"start":0.0,"end":0.0}]},{"bpm":120.0,"notesAbove":[],"notesBelow":[],"speedEvents":[{"startTime":0.0,"endTime":1000000000.0,"value":1.0}],"judgeLineMoveEvents":[{"startTime":-999999.0,"endTime":1000000000.0,"start":0.70000005,"end":0.70000005,"start2":0.5,"end2":0.5}],"judgeLineRotateEvents":[{"startTime":-999999.0,"endTime":1000000000.0,"start":90.0,"end":90.0}],"judgeLineDisappearEvents":[{"startTime":-999999.0,"endTime":2028.0,"start":0.0,"end":0.0},{"startTime":2028.0,"endTime":2052.0,"start":1.0,"end":0.0},{"startTime":2052.0,"endTime":1000000000.0,"start":0.0,"end":0.0}]},{"bpm":120.0,"notesAbove":[],"notesBelow":[],"speedEvents":[{"startTime":0.0,"endTime":1000000000.0,"value":1.0}],"judgeLineMoveEvents":[{"startTime":-999999.0,"endTime":1000000000.0,"start":0.90000004,"end":0.90000004,"start2":0.5,"end2":0.5}],"judgeLineRotateEvents":[{"startTime":-999999.0,"endTime":1000000000.0,"start":90.0,"end":90.0}],"judgeLineDisappearEvents":[{"startTime":-999999.0,"endTime":2032.0,"start":0.0,"end":0.0},{"startTime":2032.0,"endTime":2056.0,"start":1.0,"end":0.0},{"startTime":2056.0,"endTime":1000000000.0,"start":0.0,"end":0.0}]}]}